2026-09-09T17:08:08.4458429Z Current runner version: '2.337.0'
2026-09-09T17:08:08.4484723Z ##[group]Runner Image Provisioner
2026-09-09T17:08:08.4485713Z Hosted Compute Agent
2026-09-09T17:08:08.4486324Z Version: 20260828.587
2026-09-09T17:08:08.4487084Z Commit: abac92662cab4cc7352de4f9f9d2e2419aad9c29
2026-09-09T17:08:08.4488436Z Build Date: 2026-08-28T16:44:25Z
2026-09-09T17:08:08.4489485Z Worker ID: {e77db870-9ef1-4b54-9b1e-8c3f1596f9b9}
2026-09-09T17:08:08.4490499Z Azure Region: eastus2
2026-09-09T17:08:08.4491283Z ##[endgroup]
2026-09-09T17:08:08.4493728Z ##[group]Operating System
2026-09-09T17:08:08.4494731Z Ubuntu
2026-09-09T17:08:08.4495670Z 24.04.5
2026-09-09T17:08:08.4496450Z LTS
2026-09-09T17:08:08.4497204Z ##[endgroup]
2026-09-09T17:08:08.4498307Z ##[group]Runner Image
2026-09-09T17:08:08.4499293Z Image: ubuntu-24.04
2026-09-09T17:08:08.4500139Z Version: 20260907.300.1
2026-09-09T17:08:08.4502106Z Included Software: https://github.com/actions/runner-images/blob/ubuntu24/20260907.300/images/ubuntu/Ubuntu2404-Readme.md
2026-09-09T17:08:08.4504643Z Image Release: https://github.com/actions/runner-images/releases/tag/ubuntu24%2F20260907.300
2026-09-09T17:08:08.4506157Z ##[endgroup]
2026-09-09T17:08:08.4508310Z ##[group]GITHUB_TOKEN Permissions
2026-09-09T17:08:08.4511162Z Contents: read
2026-09-09T17:08:08.4512052Z Metadata: read
2026-09-09T17:08:08.4513072Z Packages: read
2026-09-09T17:08:08.4513936Z ##[endgroup]
2026-09-09T17:08:08.4517595Z Secret source: Actions
2026-09-09T17:08:08.4519544Z Prepare workflow directory
2026-09-09T17:08:08.5060099Z Prepare all required actions
2026-09-09T17:08:08.5130187Z Getting action download info
2026-09-09T17:08:08.7446841Z Download action repository 'actions/checkout@v4' (SHA:11d5960a326750d5838078e36cf38b85af677262)
2026-09-09T17:08:08.8368439Z Download action repository 'pnpm/action-setup@v4' (SHA:b906affcce14559ad1aafd4ab0e942779e9f58b1)
2026-09-09T17:08:09.0876211Z Download action repository 'actions/setup-node@v4' (SHA:49933ea5288caeca8642d1e84afbd3f7d6820020)
2026-09-09T17:08:09.1781233Z Download action repository 'actions/setup-go@v5' (SHA:40f1582b2485089dde7abd97c1529aa768e1baff)
2026-09-09T17:08:09.4081935Z Download action repository 'actions/upload-artifact@v4' (SHA:ea165f8d65b6e75b540449e92b4886f43607fa02)
2026-09-09T17:08:09.7147207Z Complete job name: unit
2026-09-09T17:08:09.8332759Z Node 20 is being deprecated. This workflow is running with Node 24 by default. If you need to temporarily use Node 20, you can set the ACTIONS_ALLOW_USE_UNSECURE_NODE_VERSION=true environment variable. For more information see: https://github.blog/changelog/2025-09-19-deprecation-of-node-20-on-github-actions-runners/
2026-09-09T17:08:09.8343444Z ##[group]Run actions/checkout@v4
2026-09-09T17:08:09.8344601Z with:
2026-09-09T17:08:09.8345373Z   fetch-depth: 0
2026-09-09T17:08:09.8346191Z   repository: adms/GGD
2026-09-09T17:08:09.8355421Z   token: ***
2026-09-09T17:08:09.8356217Z   ssh-strict: true
2026-09-09T17:08:09.8357030Z   ssh-user: git
2026-09-09T17:08:09.8357964Z   persist-credentials: true
2026-09-09T17:08:09.8358922Z   clean: true
2026-09-09T17:08:09.8359745Z   sparse-checkout-cone-mode: true
2026-09-09T17:08:09.8360724Z   fetch-tags: false
2026-09-09T17:08:09.8361567Z   show-progress: true
2026-09-09T17:08:09.8362401Z   lfs: false
2026-09-09T17:08:09.8363238Z   submodules: false
2026-09-09T17:08:09.8364073Z   set-safe-directory: true
2026-09-09T17:08:09.8365022Z   allow-unsafe-pr-checkout: false
2026-09-09T17:08:09.8366314Z env:
2026-09-09T17:08:09.8367056Z   GO_VERSION: 1.25.14
2026-09-09T17:08:09.8368040Z ##[endgroup]
2026-09-09T17:08:09.9433685Z Syncing repository: adms/GGD
2026-09-09T17:08:09.9437822Z ##[group]Getting Git version info
2026-09-09T17:08:09.9439748Z Working directory is '/home/runner/work/GGD/GGD'
2026-09-09T17:08:09.9442585Z [command]/usr/bin/git version
2026-09-09T17:08:09.9494667Z git version 2.55.0
2026-09-09T17:08:09.9516057Z ##[endgroup]
2026-09-09T17:08:09.9540519Z Temporarily overriding HOME='/home/runner/work/_temp/db0e7b84-ce41-4f43-8766-aaa84f0cea86' before making global git config changes
2026-09-09T17:08:09.9546423Z Adding repository directory to the temporary git global config as a safe directory
2026-09-09T17:08:09.9550024Z [command]/usr/bin/git config --global --add safe.directory /home/runner/work/GGD/GGD
2026-09-09T17:08:09.9590125Z Deleting the contents of '/home/runner/work/GGD/GGD'
2026-09-09T17:08:09.9594900Z ##[group]Initializing the repository
2026-09-09T17:08:09.9598804Z [command]/usr/bin/git init /home/runner/work/GGD/GGD
2026-09-09T17:08:09.9681986Z hint: Using 'master' as the name for the initial branch. This default branch name
2026-09-09T17:08:09.9684858Z hint: will change to "main" in Git 3.0. To configure the initial branch name
2026-09-09T17:08:09.9687727Z hint: to use in all of your new repositories, which will suppress this warning,
2026-09-09T17:08:09.9689846Z hint: call:
2026-09-09T17:08:09.9690936Z hint:
2026-09-09T17:08:09.9692344Z hint: 	git config --global init.defaultBranch <name>
2026-09-09T17:08:09.9694115Z hint:
2026-09-09T17:08:09.9695735Z hint: Names commonly chosen instead of 'master' are 'main', 'trunk' and
2026-09-09T17:08:09.9698727Z hint: 'development'. The just-created branch can be renamed via this command:
2026-09-09T17:08:09.9700927Z hint:
2026-09-09T17:08:09.9703143Z hint: 	git branch -m <name>
2026-09-09T17:08:09.9704490Z hint:
2026-09-09T17:08:09.9706134Z hint: Disable this message with "git config set advice.defaultBranchName false"
2026-09-09T17:08:09.9708515Z Initialized empty Git repository in /home/runner/work/GGD/GGD/.git/
2026-09-09T17:08:09.9712800Z [command]/usr/bin/git remote add origin https://github.com/adms/GGD
2026-09-09T17:08:09.9752765Z ##[endgroup]
2026-09-09T17:08:09.9754871Z ##[group]Disabling automatic garbage collection
2026-09-09T17:08:09.9756841Z [command]/usr/bin/git config --local gc.auto 0
2026-09-09T17:08:09.9791838Z ##[endgroup]
2026-09-09T17:08:09.9793962Z ##[group]Setting up auth
2026-09-09T17:08:09.9799074Z [command]/usr/bin/git config --local --name-only --get-regexp core\.sshCommand
2026-09-09T17:08:09.9839640Z [command]/usr/bin/git submodule foreach --recursive sh -c "git config --local --name-only --get-regexp 'core\.sshCommand' && git config --local --unset-all 'core.sshCommand' || :"
2026-09-09T17:08:10.0187924Z [command]/usr/bin/git config --local --name-only --get-regexp http\.https\:\/\/github\.com\/\.extraheader
2026-09-09T17:08:10.0244975Z [command]/usr/bin/git submodule foreach --recursive sh -c "git config --local --name-only --get-regexp 'http\.https\:\/\/github\.com\/\.extraheader' && git config --local --unset-all 'http.https://github.com/.extraheader' || :"
2026-09-09T17:08:10.0518461Z [command]/usr/bin/git config --local --name-only --get-regexp ^includeIf\.gitdir:
2026-09-09T17:08:10.0558994Z [command]/usr/bin/git submodule foreach --recursive git config --local --show-origin --name-only --get-regexp remote.origin.url
2026-09-09T17:08:10.0819132Z [command]/usr/bin/git config --local http.https://github.com/.extraheader AUTHORIZATION: basic ***
2026-09-09T17:08:10.0861907Z ##[endgroup]
2026-09-09T17:08:10.0863562Z ##[group]Fetching the repository
2026-09-09T17:08:10.0873378Z [command]/usr/bin/git -c protocol.version=2 fetch --prune --no-recurse-submodules origin +refs/heads/*:refs/remotes/origin/* +refs/tags/*:refs/tags/* +e0b786f130b222eeb38fa6c1f9e63fa644704a62:refs/remotes/pull/1135/merge
2026-09-09T17:08:46.6472854Z From https://github.com/adms/GGD
2026-09-09T17:08:46.6474325Z  * [new branch]          codex/asset-library-management -> origin/codex/asset-library-management
2026-09-09T17:08:46.6475659Z  * [new branch]          codex/community-batch2-integration -> origin/codex/community-batch2-integration
2026-09-09T17:08:46.6478601Z  * [new branch]          codex/community-hero-forge-integration -> origin/codex/community-hero-forge-integration
2026-09-09T17:08:46.6479837Z  * [new branch]          codex/community-hero-forge-plan -> origin/codex/community-hero-forge-plan
2026-09-09T17:08:46.6480612Z  * [new branch]          codex/community-hero-forge-release -> origin/codex/community-hero-forge-release
2026-09-09T17:08:46.6481912Z  * [new branch]          codex/community-hero-forge-release-materials -> origin/codex/community-hero-forge-release-materials
2026-09-09T17:08:46.6482717Z  * [new branch]          codex/community-hero-forge-s3 -> origin/codex/community-hero-forge-s3
2026-09-09T17:08:46.6483441Z  * [new branch]          codex/hero-finetune-research-delivery -> origin/codex/hero-finetune-research-delivery
2026-09-09T17:08:46.6484194Z  * [new branch]          codex/hero-model-library-options -> origin/codex/hero-model-library-options
2026-09-09T17:08:46.6484859Z  * [new branch]          codex/hero-status-inventory -> origin/codex/hero-status-inventory
2026-09-09T17:08:46.6485523Z  * [new branch]          codex/hero-validation-batch2-37 -> origin/codex/hero-validation-batch2-37
2026-09-09T17:08:46.6486234Z  * [new branch]          codex/teacher-mechanism-corrections -> origin/codex/teacher-mechanism-corrections
2026-09-09T17:08:46.6486795Z  * [new branch]          main       -> origin/main
2026-09-09T17:08:46.6487236Z  * [new tag]             v0.1.0     -> v0.1.0
2026-09-09T17:08:46.6488038Z  * [new tag]             v0.10.0    -> v0.10.0
2026-09-09T17:08:46.6488526Z  * [new tag]             v0.10.1    -> v0.10.1
2026-09-09T17:08:46.6489079Z  * [new tag]             v0.11.0    -> v0.11.0
2026-09-09T17:08:46.6489571Z  * [new tag]             v0.11.1    -> v0.11.1
2026-09-09T17:08:46.6490096Z  * [new tag]             v0.12.0    -> v0.12.0
2026-09-09T17:08:46.6490628Z  * [new tag]             v0.12.1    -> v0.12.1
2026-09-09T17:08:46.6491411Z  * [new tag]             v0.12.2    -> v0.12.2
2026-09-09T17:08:46.6491925Z  * [new tag]             v0.13.0    -> v0.13.0
2026-09-09T17:08:46.6492473Z  * [new tag]             v0.13.1    -> v0.13.1
2026-09-09T17:08:46.6493001Z  * [new tag]             v0.13.2    -> v0.13.2
2026-09-09T17:08:46.6493524Z  * [new tag]             v0.13.3    -> v0.13.3
2026-09-09T17:08:46.6494046Z  * [new tag]             v0.14.0    -> v0.14.0
2026-09-09T17:08:46.6494537Z  * [new tag]             v0.14.1    -> v0.14.1
2026-09-09T17:08:46.6495110Z  * [new tag]             v0.14.2    -> v0.14.2
2026-09-09T17:08:46.6495729Z  * [new tag]             v0.14.3    -> v0.14.3
2026-09-09T17:08:46.6496255Z  * [new tag]             v0.14.4    -> v0.14.4
2026-09-09T17:08:46.6497124Z  * [new tag]             v0.14.5    -> v0.14.5
2026-09-09T17:08:46.6497857Z  * [new tag]             v0.14.6    -> v0.14.6
2026-09-09T17:08:46.6498369Z  * [new tag]             v0.15.0    -> v0.15.0
2026-09-09T17:08:46.6498863Z  * [new tag]             v0.15.1    -> v0.15.1
2026-09-09T17:08:46.6499373Z  * [new tag]             v0.15.2    -> v0.15.2
2026-09-09T17:08:46.6499952Z  * [new tag]             v0.15.3    -> v0.15.3
2026-09-09T17:08:46.6500504Z  * [new tag]             v0.15.4    -> v0.15.4
2026-09-09T17:08:46.6501025Z  * [new tag]             v0.15.5    -> v0.15.5
2026-09-09T17:08:46.6501552Z  * [new tag]             v0.15.6    -> v0.15.6
2026-09-09T17:08:46.6502129Z  * [new tag]             v0.15.7    -> v0.15.7
2026-09-09T17:08:46.6502738Z  * [new tag]             v0.15.8    -> v0.15.8
2026-09-09T17:08:46.6503217Z  * [new tag]             v0.16.0    -> v0.16.0
2026-09-09T17:08:46.6503745Z  * [new tag]             v0.16.1    -> v0.16.1
2026-09-09T17:08:46.6504347Z  * [new tag]             v0.16.10   -> v0.16.10
2026-09-09T17:08:46.6504910Z  * [new tag]             v0.16.2    -> v0.16.2
2026-09-09T17:08:46.6505429Z  * [new tag]             v0.16.3    -> v0.16.3
2026-09-09T17:08:46.6505957Z  * [new tag]             v0.16.4    -> v0.16.4
2026-09-09T17:08:46.6506495Z  * [new tag]             v0.16.5    -> v0.16.5
2026-09-09T17:08:46.6507023Z  * [new tag]             v0.16.6    -> v0.16.6
2026-09-09T17:08:46.6507729Z  * [new tag]             v0.16.7    -> v0.16.7
2026-09-09T17:08:46.6508236Z  * [new tag]             v0.16.8    -> v0.16.8
2026-09-09T17:08:46.6508772Z  * [new tag]             v0.16.9    -> v0.16.9
2026-09-09T17:08:46.6509263Z  * [new tag]             v0.17.0    -> v0.17.0
2026-09-09T17:08:46.6509777Z  * [new tag]             v0.18.0    -> v0.18.0
2026-09-09T17:08:46.6510560Z  * [new tag]             v0.18.1    -> v0.18.1
2026-09-09T17:08:46.6511099Z  * [new tag]             v0.18.2    -> v0.18.2
2026-09-09T17:08:46.6511616Z  * [new tag]             v0.18.3    -> v0.18.3
2026-09-09T17:08:46.6512176Z  * [new tag]             v0.18.4    -> v0.18.4
2026-09-09T17:08:46.6512811Z  * [new tag]             v0.19.0    -> v0.19.0
2026-09-09T17:08:46.6513372Z  * [new tag]             v0.19.1    -> v0.19.1
2026-09-09T17:08:46.6513851Z  * [new tag]             v0.19.2    -> v0.19.2
2026-09-09T17:08:46.6514328Z  * [new tag]             v0.19.3    -> v0.19.3
2026-09-09T17:08:46.6514789Z  * [new tag]             v0.19.4    -> v0.19.4
2026-09-09T17:08:46.6515264Z  * [new tag]             v0.2.0     -> v0.2.0
2026-09-09T17:08:46.6515761Z  * [new tag]             v0.20.0    -> v0.20.0
2026-09-09T17:08:46.6516307Z  * [new tag]             v0.20.1    -> v0.20.1
2026-09-09T17:08:46.6516829Z  * [new tag]             v0.20.2    -> v0.20.2
2026-09-09T17:08:46.6517958Z  * [new tag]             v0.20.3    -> v0.20.3
2026-09-09T17:08:46.6518628Z  * [new tag]             v0.20.4    -> v0.20.4
2026-09-09T17:08:46.6519225Z  * [new tag]             v0.20.5    -> v0.20.5
2026-09-09T17:08:46.6519854Z  * [new tag]             v0.20.6    -> v0.20.6
2026-09-09T17:08:46.6520377Z  * [new tag]             v0.21.0    -> v0.21.0
2026-09-09T17:08:46.6520880Z  * [new tag]             v0.21.1    -> v0.21.1
2026-09-09T17:08:46.6521354Z  * [new tag]             v0.21.2    -> v0.21.2
2026-09-09T17:08:46.6521830Z  * [new tag]             v0.21.3    -> v0.21.3
2026-09-09T17:08:46.6522673Z  * [new tag]             v0.21.4    -> v0.21.4
2026-09-09T17:08:46.6523381Z  * [new tag]             v0.22.0    -> v0.22.0
2026-09-09T17:08:46.6523913Z  * [new tag]             v0.22.1    -> v0.22.1
2026-09-09T17:08:46.6524482Z  * [new tag]             v0.22.2    -> v0.22.2
2026-09-09T17:08:46.6525030Z  * [new tag]             v0.22.3    -> v0.22.3
2026-09-09T17:08:46.6525576Z  * [new tag]             v0.22.4    -> v0.22.4
2026-09-09T17:08:46.6526083Z  * [new tag]             v0.23.0    -> v0.23.0
2026-09-09T17:08:46.6526593Z  * [new tag]             v0.23.1    -> v0.23.1
2026-09-09T17:08:46.6527118Z  * [new tag]             v0.24.0    -> v0.24.0
2026-09-09T17:08:46.6528217Z  * [new tag]             v0.24.1    -> v0.24.1
2026-09-09T17:08:46.6528760Z  * [new tag]             v0.24.2    -> v0.24.2
2026-09-09T17:08:46.6529302Z  * [new tag]             v0.24.3    -> v0.24.3
2026-09-09T17:08:46.6529846Z  * [new tag]             v0.24.4    -> v0.24.4
2026-09-09T17:08:46.6530385Z  * [new tag]             v0.24.5    -> v0.24.5
2026-09-09T17:08:46.6530923Z  * [new tag]             v0.24.6    -> v0.24.6
2026-09-09T17:08:46.6531455Z  * [new tag]             v0.24.7    -> v0.24.7
2026-09-09T17:08:46.6531984Z  * [new tag]             v0.24.8    -> v0.24.8
2026-09-09T17:08:46.6532502Z  * [new tag]             v0.25.0    -> v0.25.0
2026-09-09T17:08:46.6533003Z  * [new tag]             v0.25.1    -> v0.25.1
2026-09-09T17:08:46.6533599Z  * [new tag]             v0.25.2    -> v0.25.2
2026-09-09T17:08:46.6534327Z  * [new tag]             v0.25.3    -> v0.25.3
2026-09-09T17:08:46.6534735Z  * [new tag]             v0.25.4    -> v0.25.4
2026-09-09T17:08:46.6535101Z  * [new tag]             v0.25.5    -> v0.25.5
2026-09-09T17:08:46.6535440Z  * [new tag]             v0.25.6    -> v0.25.6
2026-09-09T17:08:46.6535777Z  * [new tag]             v0.25.7    -> v0.25.7
2026-09-09T17:08:46.6536124Z  * [new tag]             v0.25.8    -> v0.25.8
2026-09-09T17:08:46.6536468Z  * [new tag]             v0.26.0    -> v0.26.0
2026-09-09T17:08:46.6536803Z  * [new tag]             v0.26.1    -> v0.26.1
2026-09-09T17:08:46.6537172Z  * [new tag]             v0.26.2    -> v0.26.2
2026-09-09T17:08:46.6537727Z  * [new tag]             v0.26.3    -> v0.26.3
2026-09-09T17:08:46.6538069Z  * [new tag]             v0.26.4    -> v0.26.4
2026-09-09T17:08:46.6538413Z  * [new tag]             v0.27.0    -> v0.27.0
2026-09-09T17:08:46.6538949Z  * [new tag]             v0.27.1    -> v0.27.1
2026-09-09T17:08:46.6539288Z  * [new tag]             v0.27.2    -> v0.27.2
2026-09-09T17:08:46.6539635Z  * [new tag]             v0.27.3    -> v0.27.3
2026-09-09T17:08:46.6539995Z  * [new tag]             v0.27.4    -> v0.27.4
2026-09-09T17:08:46.6540346Z  * [new tag]             v0.27.5    -> v0.27.5
2026-09-09T17:08:46.6540689Z  * [new tag]             v0.27.6    -> v0.27.6
2026-09-09T17:08:46.6541035Z  * [new tag]             v0.27.7    -> v0.27.7
2026-09-09T17:08:46.6541380Z  * [new tag]             v0.28.0    -> v0.28.0
2026-09-09T17:08:46.6541723Z  * [new tag]             v0.28.1    -> v0.28.1
2026-09-09T17:08:46.6542061Z  * [new tag]             v0.28.2    -> v0.28.2
2026-09-09T17:08:46.6542403Z  * [new tag]             v0.28.3    -> v0.28.3
2026-09-09T17:08:46.6542747Z  * [new tag]             v0.28.4    -> v0.28.4
2026-09-09T17:08:46.6543083Z  * [new tag]             v0.28.5    -> v0.28.5
2026-09-09T17:08:46.6543420Z  * [new tag]             v0.28.6    -> v0.28.6
2026-09-09T17:08:46.6543874Z  * [new tag]             v0.29.0    -> v0.29.0
2026-09-09T17:08:46.6544390Z  * [new tag]             v0.29.1    -> v0.29.1
2026-09-09T17:08:46.6544921Z  * [new tag]             v0.29.2    -> v0.29.2
2026-09-09T17:08:46.6545451Z  * [new tag]             v0.29.3    -> v0.29.3
2026-09-09T17:08:46.6545997Z  * [new tag]             v0.29.4    -> v0.29.4
2026-09-09T17:08:46.6546508Z  * [new tag]             v0.29.5    -> v0.29.5
2026-09-09T17:08:46.6546862Z  * [new tag]             v0.29.6    -> v0.29.6
2026-09-09T17:08:46.6547202Z  * [new tag]             v0.29.7    -> v0.29.7
2026-09-09T17:08:46.6547731Z  * [new tag]             v0.29.8    -> v0.29.8
2026-09-09T17:08:46.6548080Z  * [new tag]             v0.3.0     -> v0.3.0
2026-09-09T17:08:46.6548429Z  * [new tag]             v0.30.0    -> v0.30.0
2026-09-09T17:08:46.6548772Z  * [new tag]             v0.30.1    -> v0.30.1
2026-09-09T17:08:46.6549118Z  * [new tag]             v0.30.2    -> v0.30.2
2026-09-09T17:08:46.6549471Z  * [new tag]             v0.30.3    -> v0.30.3
2026-09-09T17:08:46.6549815Z  * [new tag]             v0.30.4    -> v0.30.4
2026-09-09T17:08:46.6550158Z  * [new tag]             v0.31.0    -> v0.31.0
2026-09-09T17:08:46.6550684Z  * [new tag]             v0.31.1    -> v0.31.1
2026-09-09T17:08:46.6551029Z  * [new tag]             v0.31.2    -> v0.31.2
2026-09-09T17:08:46.6551370Z  * [new tag]             v0.31.3    -> v0.31.3
2026-09-09T17:08:46.6551706Z  * [new tag]             v0.31.4    -> v0.31.4
2026-09-09T17:08:46.6552045Z  * [new tag]             v0.31.5    -> v0.31.5
2026-09-09T17:08:46.6552387Z  * [new tag]             v0.31.6    -> v0.31.6
2026-09-09T17:08:46.6552725Z  * [new tag]             v0.31.7    -> v0.31.7
2026-09-09T17:08:46.6553067Z  * [new tag]             v0.31.8    -> v0.31.8
2026-09-09T17:08:46.6553460Z  * [new tag]             v0.31.9    -> v0.31.9
2026-09-09T17:08:46.6553805Z  * [new tag]             v0.32.0    -> v0.32.0
2026-09-09T17:08:46.6554153Z  * [new tag]             v0.32.1    -> v0.32.1
2026-09-09T17:08:46.6554520Z  * [new tag]             v0.32.10   -> v0.32.10
2026-09-09T17:08:46.6554880Z  * [new tag]             v0.32.11   -> v0.32.11
2026-09-09T17:08:46.6555231Z  * [new tag]             v0.32.12   -> v0.32.12
2026-09-09T17:08:46.6555587Z  * [new tag]             v0.32.2    -> v0.32.2
2026-09-09T17:08:46.6555931Z  * [new tag]             v0.32.3    -> v0.32.3
2026-09-09T17:08:46.6556275Z  * [new tag]             v0.32.4    -> v0.32.4
2026-09-09T17:08:46.6556630Z  * [new tag]             v0.32.5    -> v0.32.5
2026-09-09T17:08:46.6556973Z  * [new tag]             v0.32.6    -> v0.32.6
2026-09-09T17:08:46.6557317Z  * [new tag]             v0.32.7    -> v0.32.7
2026-09-09T17:08:46.6558173Z  * [new tag]             v0.32.8    -> v0.32.8
2026-09-09T17:08:46.6558518Z  * [new tag]             v0.32.9    -> v0.32.9
2026-09-09T17:08:46.6558859Z  * [new tag]             v0.33.0    -> v0.33.0
2026-09-09T17:08:46.6559203Z  * [new tag]             v0.33.1    -> v0.33.1
2026-09-09T17:08:46.6559707Z  * [new tag]             v0.33.2    -> v0.33.2
2026-09-09T17:08:46.6560051Z  * [new tag]             v0.33.3    -> v0.33.3
2026-09-09T17:08:46.6560395Z  * [new tag]             v0.33.4    -> v0.33.4
2026-09-09T17:08:46.6560740Z  * [new tag]             v0.34.0    -> v0.34.0
2026-09-09T17:08:46.6561077Z  * [new tag]             v0.34.1    -> v0.34.1
2026-09-09T17:08:46.6561619Z  * [new tag]             v0.34.10   -> v0.34.10
2026-09-09T17:08:46.6561969Z  * [new tag]             v0.34.11   -> v0.34.11
2026-09-09T17:08:46.6562317Z  * [new tag]             v0.34.12   -> v0.34.12
2026-09-09T17:08:46.6562845Z  * [new tag]             v0.34.13   -> v0.34.13
2026-09-09T17:08:46.6563199Z  * [new tag]             v0.34.14   -> v0.34.14
2026-09-09T17:08:46.6563560Z  * [new tag]             v0.34.15   -> v0.34.15
2026-09-09T17:08:46.6563922Z  * [new tag]             v0.34.16   -> v0.34.16
2026-09-09T17:08:46.6564462Z  * [new tag]             v0.34.17   -> v0.34.17
2026-09-09T17:08:46.6565003Z  * [new tag]             v0.34.18   -> v0.34.18
2026-09-09T17:08:46.6565566Z  * [new tag]             v0.34.19   -> v0.34.19
2026-09-09T17:08:46.6566120Z  * [new tag]             v0.34.2    -> v0.34.2
2026-09-09T17:08:46.6566673Z  * [new tag]             v0.34.20   -> v0.34.20
2026-09-09T17:08:46.6567238Z  * [new tag]             v0.34.21   -> v0.34.21
2026-09-09T17:08:46.6567974Z  * [new tag]             v0.34.22   -> v0.34.22
2026-09-09T17:08:46.6568485Z  * [new tag]             v0.34.23   -> v0.34.23
2026-09-09T17:08:46.6569009Z  * [new tag]             v0.34.24   -> v0.34.24
2026-09-09T17:08:46.6569567Z  * [new tag]             v0.34.25   -> v0.34.25
2026-09-09T17:08:46.6570113Z  * [new tag]             v0.34.26   -> v0.34.26
2026-09-09T17:08:46.6570674Z  * [new tag]             v0.34.27   -> v0.34.27
2026-09-09T17:08:46.6571201Z  * [new tag]             v0.34.28   -> v0.34.28
2026-09-09T17:08:46.6571737Z  * [new tag]             v0.34.3    -> v0.34.3
2026-09-09T17:08:46.6572276Z  * [new tag]             v0.34.4    -> v0.34.4
2026-09-09T17:08:46.6572850Z  * [new tag]             v0.34.5    -> v0.34.5
2026-09-09T17:08:46.6573432Z  * [new tag]             v0.34.6    -> v0.34.6
2026-09-09T17:08:46.6573980Z  * [new tag]             v0.34.7    -> v0.34.7
2026-09-09T17:08:46.6574837Z  * [new tag]             v0.34.8    -> v0.34.8
2026-09-09T17:08:46.6575461Z  * [new tag]             v0.34.9    -> v0.34.9
2026-09-09T17:08:46.6576014Z  * [new tag]             v0.35.0    -> v0.35.0
2026-09-09T17:08:46.6576578Z  * [new tag]             v0.35.1    -> v0.35.1
2026-09-09T17:08:46.6577121Z  * [new tag]             v0.35.10   -> v0.35.10
2026-09-09T17:08:46.6577851Z  * [new tag]             v0.35.11   -> v0.35.11
2026-09-09T17:08:46.6578392Z  * [new tag]             v0.35.12   -> v0.35.12
2026-09-09T17:08:46.6578935Z  * [new tag]             v0.35.13   -> v0.35.13
2026-09-09T17:08:46.6579477Z  * [new tag]             v0.35.14   -> v0.35.14
2026-09-09T17:08:46.6580018Z  * [new tag]             v0.35.15   -> v0.35.15
2026-09-09T17:08:46.6580583Z  * [new tag]             v0.35.16   -> v0.35.16
2026-09-09T17:08:46.6581139Z  * [new tag]             v0.35.17   -> v0.35.17
2026-09-09T17:08:46.6581692Z  * [new tag]             v0.35.18   -> v0.35.18
2026-09-09T17:08:46.6582246Z  * [new tag]             v0.35.19   -> v0.35.19
2026-09-09T17:08:46.6582790Z  * [new tag]             v0.35.2    -> v0.35.2
2026-09-09T17:08:46.6583334Z  * [new tag]             v0.35.20   -> v0.35.20
2026-09-09T17:08:46.6583875Z  * [new tag]             v0.35.21   -> v0.35.21
2026-09-09T17:08:46.6584515Z  * [new tag]             v0.35.22   -> v0.35.22
2026-09-09T17:08:46.6585241Z  * [new tag]             v0.35.23   -> v0.35.23
2026-09-09T17:08:46.6585650Z  * [new tag]             v0.35.24   -> v0.35.24
2026-09-09T17:08:46.6585996Z  * [new tag]             v0.35.25   -> v0.35.25
2026-09-09T17:08:46.6586352Z  * [new tag]             v0.35.26   -> v0.35.26
2026-09-09T17:08:46.6586709Z  * [new tag]             v0.35.3    -> v0.35.3
2026-09-09T17:08:46.6587069Z  * [new tag]             v0.35.4    -> v0.35.4
2026-09-09T17:08:46.6587830Z  * [new tag]             v0.35.5    -> v0.35.5
2026-09-09T17:08:46.6588173Z  * [new tag]             v0.35.6    -> v0.35.6
2026-09-09T17:08:46.6588511Z  * [new tag]             v0.35.7    -> v0.35.7
2026-09-09T17:08:46.6588863Z  * [new tag]             v0.35.8    -> v0.35.8
2026-09-09T17:08:46.6589200Z  * [new tag]             v0.35.9    -> v0.35.9
2026-09-09T17:08:46.6589543Z  * [new tag]             v0.36.0    -> v0.36.0
2026-09-09T17:08:46.6589879Z  * [new tag]             v0.36.1    -> v0.36.1
2026-09-09T17:08:46.6590218Z  * [new tag]             v0.36.2    -> v0.36.2
2026-09-09T17:08:46.6590564Z  * [new tag]             v0.36.3    -> v0.36.3
2026-09-09T17:08:46.6590895Z  * [new tag]             v0.36.4    -> v0.36.4
2026-09-09T17:08:46.6591233Z  * [new tag]             v0.36.5    -> v0.36.5
2026-09-09T17:08:46.6591570Z  * [new tag]             v0.36.6    -> v0.36.6
2026-09-09T17:08:46.6591912Z  * [new tag]             v0.37.0    -> v0.37.0
2026-09-09T17:08:46.6592252Z  * [new tag]             v0.37.1    -> v0.37.1
2026-09-09T17:08:46.6592587Z  * [new tag]             v0.37.2    -> v0.37.2
2026-09-09T17:08:46.6592922Z  * [new tag]             v0.38.0    -> v0.38.0
2026-09-09T17:08:46.6593264Z  * [new tag]             v0.38.1    -> v0.38.1
2026-09-09T17:08:46.6593620Z  * [new tag]             v0.38.2    -> v0.38.2
2026-09-09T17:08:46.6594017Z  * [new tag]             v0.39.0    -> v0.39.0
2026-09-09T17:08:46.6594536Z  * [new tag]             v0.39.1    -> v0.39.1
2026-09-09T17:08:46.6595065Z  * [new tag]             v0.39.2    -> v0.39.2
2026-09-09T17:08:46.6595589Z  * [new tag]             v0.39.3    -> v0.39.3
2026-09-09T17:08:46.6596126Z  * [new tag]             v0.39.4    -> v0.39.4
2026-09-09T17:08:46.6596617Z  * [new tag]             v0.4.0     -> v0.4.0
2026-09-09T17:08:46.6596962Z  * [new tag]             v0.4.1     -> v0.4.1
2026-09-09T17:08:46.6597299Z  * [new tag]             v0.4.2     -> v0.4.2
2026-09-09T17:08:46.6597823Z  * [new tag]             v0.4.3     -> v0.4.3
2026-09-09T17:08:46.6598179Z  * [new tag]             v0.4.4     -> v0.4.4
2026-09-09T17:08:46.6598514Z  * [new tag]             v0.4.5     -> v0.4.5
2026-09-09T17:08:46.6598843Z  * [new tag]             v0.4.6     -> v0.4.6
2026-09-09T17:08:46.6599433Z  * [new tag]             v0.4.7     -> v0.4.7
2026-09-09T17:08:46.6599767Z  * [new tag]             v0.4.8     -> v0.4.8
2026-09-09T17:08:46.6600097Z  * [new tag]             v0.4.9     -> v0.4.9
2026-09-09T17:08:46.6600455Z  * [new tag]             v0.40.0    -> v0.40.0
2026-09-09T17:08:46.6600805Z  * [new tag]             v0.40.1    -> v0.40.1
2026-09-09T17:08:46.6601144Z  * [new tag]             v0.40.2    -> v0.40.2
2026-09-09T17:08:46.6601496Z  * [new tag]             v0.40.3    -> v0.40.3
2026-09-09T17:08:46.6601835Z  * [new tag]             v0.40.4    -> v0.40.4
2026-09-09T17:08:46.6602175Z  * [new tag]             v0.40.5    -> v0.40.5
2026-09-09T17:08:46.6602512Z  * [new tag]             v0.40.6    -> v0.40.6
2026-09-09T17:08:46.6602859Z  * [new tag]             v0.40.7    -> v0.40.7
2026-09-09T17:08:46.6603196Z  * [new tag]             v0.40.8    -> v0.40.8
2026-09-09T17:08:46.6603527Z  * [new tag]             v0.41.0    -> v0.41.0
2026-09-09T17:08:46.6603865Z  * [new tag]             v0.41.1    -> v0.41.1
2026-09-09T17:08:46.6604203Z  * [new tag]             v0.41.2    -> v0.41.2
2026-09-09T17:08:46.6604539Z  * [new tag]             v0.41.3    -> v0.41.3
2026-09-09T17:08:46.6604876Z  * [new tag]             v0.41.4    -> v0.41.4
2026-09-09T17:08:46.6605213Z  * [new tag]             v0.41.5    -> v0.41.5
2026-09-09T17:08:46.6605542Z  * [new tag]             v0.42.0    -> v0.42.0
2026-09-09T17:08:46.6606137Z  * [new tag]             v0.42.1    -> v0.42.1
2026-09-09T17:08:46.6606490Z  * [new tag]             v0.42.10   -> v0.42.10
2026-09-09T17:08:46.6606846Z  * [new tag]             v0.42.11   -> v0.42.11
2026-09-09T17:08:46.6607344Z  * [new tag]             v0.42.12   -> v0.42.12
2026-09-09T17:08:46.6608034Z  * [new tag]             v0.42.13   -> v0.42.13
2026-09-09T17:08:46.6608837Z  * [new tag]             v0.42.14   -> v0.42.14
2026-09-09T17:08:46.6609408Z  * [new tag]             v0.42.15   -> v0.42.15
2026-09-09T17:08:46.6609977Z  * [new tag]             v0.42.16   -> v0.42.16
2026-09-09T17:08:46.6610528Z  * [new tag]             v0.42.17   -> v0.42.17
2026-09-09T17:08:46.6611068Z  * [new tag]             v0.42.18   -> v0.42.18
2026-09-09T17:08:46.6611615Z  * [new tag]             v0.42.19   -> v0.42.19
2026-09-09T17:08:46.6612169Z  * [new tag]             v0.42.2    -> v0.42.2
2026-09-09T17:08:46.6612718Z  * [new tag]             v0.42.20   -> v0.42.20
2026-09-09T17:08:46.6613256Z  * [new tag]             v0.42.21   -> v0.42.21
2026-09-09T17:08:46.6613805Z  * [new tag]             v0.42.22   -> v0.42.22
2026-09-09T17:08:46.6614364Z  * [new tag]             v0.42.23   -> v0.42.23
2026-09-09T17:08:46.6614960Z  * [new tag]             v0.42.24   -> v0.42.24
2026-09-09T17:08:46.6615510Z  * [new tag]             v0.42.25   -> v0.42.25
2026-09-09T17:08:46.6616087Z  * [new tag]             v0.42.26   -> v0.42.26
2026-09-09T17:08:46.6616634Z  * [new tag]             v0.42.27   -> v0.42.27
2026-09-09T17:08:46.6617218Z  * [new tag]             v0.42.3    -> v0.42.3
2026-09-09T17:08:46.6618013Z  * [new tag]             v0.42.4    -> v0.42.4
2026-09-09T17:08:46.6618557Z  * [new tag]             v0.42.5    -> v0.42.5
2026-09-09T17:08:46.6619073Z  * [new tag]             v0.42.6    -> v0.42.6
2026-09-09T17:08:46.6619612Z  * [new tag]             v0.42.7    -> v0.42.7
2026-09-09T17:08:46.6620189Z  * [new tag]             v0.42.8    -> v0.42.8
2026-09-09T17:08:46.6620720Z  * [new tag]             v0.42.9    -> v0.42.9
2026-09-09T17:08:46.6621249Z  * [new tag]             v0.43.0    -> v0.43.0
2026-09-09T17:08:46.6621790Z  * [new tag]             v0.43.1    -> v0.43.1
2026-09-09T17:08:46.6622332Z  * [new tag]             v0.43.2    -> v0.43.2
2026-09-09T17:08:46.6622869Z  * [new tag]             v0.5.0     -> v0.5.0
2026-09-09T17:08:46.6623419Z  * [new tag]             v0.5.1     -> v0.5.1
2026-09-09T17:08:46.6623953Z  * [new tag]             v0.5.10    -> v0.5.10
2026-09-09T17:08:46.6624489Z  * [new tag]             v0.5.11    -> v0.5.11
2026-09-09T17:08:46.6625030Z  * [new tag]             v0.5.12    -> v0.5.12
2026-09-09T17:08:46.6625858Z  * [new tag]             v0.5.13    -> v0.5.13
2026-09-09T17:08:46.6626640Z  * [new tag]             v0.5.14    -> v0.5.14
2026-09-09T17:08:46.6626997Z  * [new tag]             v0.5.15    -> v0.5.15
2026-09-09T17:08:46.6627334Z  * [new tag]             v0.5.16    -> v0.5.16
2026-09-09T17:08:46.6627927Z  * [new tag]             v0.5.17    -> v0.5.17
2026-09-09T17:08:46.6628266Z  * [new tag]             v0.5.18    -> v0.5.18
2026-09-09T17:08:46.6628601Z  * [new tag]             v0.5.19    -> v0.5.19
2026-09-09T17:08:46.6628941Z  * [new tag]             v0.5.2     -> v0.5.2
2026-09-09T17:08:46.6629288Z  * [new tag]             v0.5.20    -> v0.5.20
2026-09-09T17:08:46.6629626Z  * [new tag]             v0.5.21    -> v0.5.21
2026-09-09T17:08:46.6629971Z  * [new tag]             v0.5.22    -> v0.5.22
2026-09-09T17:08:46.6630313Z  * [new tag]             v0.5.3     -> v0.5.3
2026-09-09T17:08:46.6630656Z  * [new tag]             v0.5.4     -> v0.5.4
2026-09-09T17:08:46.6630995Z  * [new tag]             v0.5.5     -> v0.5.5
2026-09-09T17:08:46.6631332Z  * [new tag]             v0.5.6     -> v0.5.6
2026-09-09T17:08:46.6631668Z  * [new tag]             v0.5.7     -> v0.5.7
2026-09-09T17:08:46.6631997Z  * [new tag]             v0.5.8     -> v0.5.8
2026-09-09T17:08:46.6632337Z  * [new tag]             v0.5.9     -> v0.5.9
2026-09-09T17:08:46.6632682Z  * [new tag]             v0.6.0     -> v0.6.0
2026-09-09T17:08:46.6633016Z  * [new tag]             v0.6.1     -> v0.6.1
2026-09-09T17:08:46.6633351Z  * [new tag]             v0.6.2     -> v0.6.2
2026-09-09T17:08:46.6633684Z  * [new tag]             v0.6.3     -> v0.6.3
2026-09-09T17:08:46.6634013Z  * [new tag]             v0.7.0     -> v0.7.0
2026-09-09T17:08:46.6634346Z  * [new tag]             v0.7.1     -> v0.7.1
2026-09-09T17:08:46.6634991Z  * [new tag]             v0.8.0     -> v0.8.0
2026-09-09T17:08:46.6635497Z  * [new tag]             v0.9.0     -> v0.9.0
2026-09-09T17:08:46.6636021Z  * [new tag]             v0.9.1     -> v0.9.1
2026-09-09T17:08:46.6636568Z  * [new tag]             v0.9.10    -> v0.9.10
2026-09-09T17:08:46.6637110Z  * [new tag]             v0.9.11    -> v0.9.11
2026-09-09T17:08:46.6637653Z  * [new tag]             v0.9.12    -> v0.9.12
2026-09-09T17:08:46.6638011Z  * [new tag]             v0.9.13    -> v0.9.13
2026-09-09T17:08:46.6638352Z  * [new tag]             v0.9.15    -> v0.9.15
2026-09-09T17:08:46.6638686Z  * [new tag]             v0.9.16    -> v0.9.16
2026-09-09T17:08:46.6639027Z  * [new tag]             v0.9.17    -> v0.9.17
2026-09-09T17:08:46.6639363Z  * [new tag]             v0.9.18    -> v0.9.18
2026-09-09T17:08:46.6639696Z  * [new tag]             v0.9.19    -> v0.9.19
2026-09-09T17:08:46.6640034Z  * [new tag]             v0.9.2     -> v0.9.2
2026-09-09T17:08:46.6640373Z  * [new tag]             v0.9.20    -> v0.9.20
2026-09-09T17:08:46.6640705Z  * [new tag]             v0.9.21    -> v0.9.21
2026-09-09T17:08:46.6641056Z  * [new tag]             v0.9.22    -> v0.9.22
2026-09-09T17:08:46.6641401Z  * [new tag]             v0.9.23    -> v0.9.23
2026-09-09T17:08:46.6641738Z  * [new tag]             v0.9.24    -> v0.9.24
2026-09-09T17:08:46.6642075Z  * [new tag]             v0.9.25    -> v0.9.25
2026-09-09T17:08:46.6642414Z  * [new tag]             v0.9.26    -> v0.9.26
2026-09-09T17:08:46.6642751Z  * [new tag]             v0.9.27    -> v0.9.27
2026-09-09T17:08:46.6643087Z  * [new tag]             v0.9.28    -> v0.9.28
2026-09-09T17:08:46.6643420Z  * [new tag]             v0.9.29    -> v0.9.29
2026-09-09T17:08:46.6643751Z  * [new tag]             v0.9.3     -> v0.9.3
2026-09-09T17:08:46.6644102Z  * [new tag]             v0.9.30    -> v0.9.30
2026-09-09T17:08:46.6644429Z  * [new tag]             v0.9.31    -> v0.9.31
2026-09-09T17:08:46.6644768Z  * [new tag]             v0.9.32    -> v0.9.32
2026-09-09T17:08:46.6645107Z  * [new tag]             v0.9.33    -> v0.9.33
2026-09-09T17:08:46.6645441Z  * [new tag]             v0.9.34    -> v0.9.34
2026-09-09T17:08:46.6645800Z  * [new tag]             v0.9.35    -> v0.9.35
2026-09-09T17:08:46.6646435Z  * [new tag]             v0.9.36    -> v0.9.36
2026-09-09T17:08:46.6646946Z  * [new tag]             v0.9.37    -> v0.9.37
2026-09-09T17:08:46.6647785Z  * [new tag]             v0.9.38    -> v0.9.38
2026-09-09T17:08:46.6648193Z  * [new tag]             v0.9.39    -> v0.9.39
2026-09-09T17:08:46.6648530Z  * [new tag]             v0.9.4     -> v0.9.4
2026-09-09T17:08:46.6648863Z  * [new tag]             v0.9.40    -> v0.9.40
2026-09-09T17:08:46.6649259Z  * [new tag]             v0.9.41    -> v0.9.41
2026-09-09T17:08:46.6649810Z  * [new tag]             v0.9.42    -> v0.9.42
2026-09-09T17:08:46.6650240Z  * [new tag]             v0.9.43    -> v0.9.43
2026-09-09T17:08:46.6650572Z  * [new tag]             v0.9.44    -> v0.9.44
2026-09-09T17:08:46.6650928Z  * [new tag]             v0.9.45    -> v0.9.45
2026-09-09T17:08:46.6651259Z  * [new tag]             v0.9.5     -> v0.9.5
2026-09-09T17:08:46.6651590Z  * [new tag]             v0.9.6     -> v0.9.6
2026-09-09T17:08:46.6651930Z  * [new tag]             v0.9.7     -> v0.9.7
2026-09-09T17:08:46.6652465Z  * [new tag]             v0.9.8     -> v0.9.8
2026-09-09T17:08:46.6652983Z  * [new tag]             v0.9.9     -> v0.9.9
2026-09-09T17:08:46.6653659Z  * [new ref]             e0b786f130b222eeb38fa6c1f9e63fa644704a62 -> pull/1135/merge
2026-09-09T17:08:46.6656046Z ##[endgroup]
2026-09-09T17:08:46.6656815Z ##[group]Determining the checkout info
2026-09-09T17:08:46.6657779Z ##[endgroup]
2026-09-09T17:08:46.6658251Z [command]/usr/bin/git sparse-checkout disable
2026-09-09T17:08:46.6659542Z [command]/usr/bin/git config --local --unset-all extensions.worktreeConfig
2026-09-09T17:08:46.6661015Z ##[group]Checking out the ref
2026-09-09T17:08:46.6661704Z [command]/usr/bin/git checkout --progress --force refs/remotes/pull/1135/merge
2026-09-09T17:08:47.7592776Z Updating files:  30% (8108/26753)
2026-09-09T17:08:47.7686662Z Updating files:  31% (8294/26753)
2026-09-09T17:08:47.7791269Z Updating files:  32% (8561/26753)
2026-09-09T17:08:47.7894477Z Updating files:  33% (8829/26753)
2026-09-09T17:08:47.8000799Z Updating files:  34% (9097/26753)
2026-09-09T17:08:47.8104763Z Updating files:  35% (9364/26753)
2026-09-09T17:08:47.8201579Z Updating files:  36% (9632/26753)
2026-09-09T17:08:47.8302908Z Updating files:  37% (9899/26753)
2026-09-09T17:08:47.8406962Z Updating files:  38% (10167/26753)
2026-09-09T17:08:47.9247736Z Updating files:  39% (10434/26753)
2026-09-09T17:08:48.1045801Z Updating files:  40% (10702/26753)
2026-09-09T17:08:48.1495353Z Updating files:  41% (10969/26753)
2026-09-09T17:08:48.1779271Z Updating files:  42% (11237/26753)
2026-09-09T17:08:48.1903902Z Updating files:  43% (11504/26753)
2026-09-09T17:08:48.2007722Z Updating files:  44% (11772/26753)
2026-09-09T17:08:48.2103309Z Updating files:  45% (12039/26753)
2026-09-09T17:08:48.2196981Z Updating files:  46% (12307/26753)
2026-09-09T17:08:48.2645524Z Updating files:  47% (12574/26753)
2026-09-09T17:08:48.2891155Z Updating files:  48% (12842/26753)
2026-09-09T17:08:48.3651399Z Updating files:  49% (13109/26753)
2026-09-09T17:08:48.4052310Z Updating files:  50% (13377/26753)
2026-09-09T17:08:48.4668701Z Updating files:  51% (13645/26753)
2026-09-09T17:08:48.5261631Z Updating files:  52% (13912/26753)
2026-09-09T17:08:48.5706116Z Updating files:  53% (14180/26753)
2026-09-09T17:08:48.6056180Z Updating files:  54% (14447/26753)
2026-09-09T17:08:48.6155896Z Updating files:  55% (14715/26753)
2026-09-09T17:08:48.6893616Z Updating files:  56% (14982/26753)
2026-09-09T17:08:48.6993066Z Updating files:  57% (15250/26753)
2026-09-09T17:08:48.7116435Z Updating files:  57% (15366/26753)
2026-09-09T17:08:48.7328084Z Updating files:  58% (15517/26753)
2026-09-09T17:08:48.7477843Z Updating files:  59% (15785/26753)
2026-09-09T17:08:48.7607669Z Updating files:  60% (16052/26753)
2026-09-09T17:08:48.7872840Z Updating files:  61% (16320/26753)
2026-09-09T17:08:48.8170342Z Updating files:  62% (16587/26753)
2026-09-09T17:08:48.8953388Z Updating files:  63% (16855/26753)
2026-09-09T17:08:48.9696337Z Updating files:  64% (17122/26753)
2026-09-09T17:08:49.0333185Z Updating files:  65% (17390/26753)
2026-09-09T17:08:49.3941613Z Updating files:  66% (17657/26753)
2026-09-09T17:08:49.4063373Z Updating files:  67% (17925/26753)
2026-09-09T17:08:49.4844316Z Updating files:  68% (18193/26753)
2026-09-09T17:08:49.5644435Z Updating files:  69% (18460/26753)
2026-09-09T17:08:49.6284550Z Updating files:  70% (18728/26753)
2026-09-09T17:08:49.6938194Z Updating files:  71% (18995/26753)
2026-09-09T17:08:49.6993223Z Updating files:  72% (19263/26753)
2026-09-09T17:08:49.7623609Z Updating files:  72% (19286/26753)
2026-09-09T17:08:49.8254146Z Updating files:  73% (19530/26753)
2026-09-09T17:08:49.8924248Z Updating files:  74% (19798/26753)
2026-09-09T17:08:50.0142380Z Updating files:  75% (20065/26753)
2026-09-09T17:08:50.0770895Z Updating files:  76% (20333/26753)
2026-09-09T17:08:50.1460601Z Updating files:  77% (20600/26753)
2026-09-09T17:08:50.1963077Z Updating files:  78% (20868/26753)
2026-09-09T17:08:50.2838306Z Updating files:  79% (21135/26753)
2026-09-09T17:08:50.3161576Z Updating files:  80% (21403/26753)
2026-09-09T17:08:50.3797579Z Updating files:  81% (21670/26753)
2026-09-09T17:08:50.3999941Z Updating files:  82% (21938/26753)
2026-09-09T17:08:50.4235149Z Updating files:  83% (22205/26753)
2026-09-09T17:08:50.4472960Z Updating files:  84% (22473/26753)
2026-09-09T17:08:50.4674564Z Updating files:  85% (22741/26753)
2026-09-09T17:08:50.4983423Z Updating files:  86% (23008/26753)
2026-09-09T17:08:50.5219098Z Updating files:  87% (23276/26753)
2026-09-09T17:08:50.5499907Z Updating files:  88% (23543/26753)
2026-09-09T17:08:50.7010668Z Updating files:  89% (23811/26753)
2026-09-09T17:08:51.0159997Z Updating files:  89% (23877/26753)
2026-09-09T17:08:51.0490218Z Updating files:  90% (24078/26753)
2026-09-09T17:08:51.1019604Z Updating files:  91% (24346/26753)
2026-09-09T17:08:51.1315443Z Updating files:  92% (24613/26753)
2026-09-09T17:08:51.2194818Z Updating files:  93% (24881/26753)
2026-09-09T17:08:51.2700210Z Updating files:  94% (25148/26753)
2026-09-09T17:08:51.2936518Z Updating files:  95% (25416/26753)
2026-09-09T17:08:51.3284583Z Updating files:  96% (25683/26753)
2026-09-09T17:08:51.3699723Z Updating files:  97% (25951/26753)
2026-09-09T17:08:51.3927182Z Updating files:  98% (26218/26753)
2026-09-09T17:08:51.4209321Z Updating files:  99% (26486/26753)
2026-09-09T17:08:51.4209806Z Updating files: 100% (26753/26753)
2026-09-09T17:08:51.4210239Z Updating files: 100% (26753/26753), done.
2026-09-09T17:08:51.4621400Z Note: switching to 'refs/remotes/pull/1135/merge'.
2026-09-09T17:08:51.4621813Z 
2026-09-09T17:08:51.4622119Z You are in 'detached HEAD' state. You can look around, make experimental
2026-09-09T17:08:51.4622690Z changes and commit them, and you can discard any commits you make in this
2026-09-09T17:08:51.4623214Z state without impacting any branches by switching back to a branch.
2026-09-09T17:08:51.4623492Z 
2026-09-09T17:08:51.4623687Z If you want to create a new branch to retain commits you create, you may
2026-09-09T17:08:51.4624152Z do so (now or later) by using -c with the switch command. Example:
2026-09-09T17:08:51.4624397Z 
2026-09-09T17:08:51.4624517Z   git switch -c <new-branch-name>
2026-09-09T17:08:51.4624692Z 
2026-09-09T17:08:51.4624794Z Or undo this operation with:
2026-09-09T17:08:51.4624955Z 
2026-09-09T17:08:51.4625042Z   git switch -
2026-09-09T17:08:51.4625175Z 
2026-09-09T17:08:51.4625385Z Turn off this advice by setting config variable advice.detachedHead to false
2026-09-09T17:08:51.4625703Z 
2026-09-09T17:08:51.4626057Z HEAD is now at e0b786f13 Merge d352a51a550eaa3aff3097fe751f6a3aee77dc66 into bbc62a06df8eb7910e7a30304770f3fb03f01f2f
2026-09-09T17:08:51.4776375Z ##[endgroup]
2026-09-09T17:08:51.4830154Z [command]/usr/bin/git log -1 --format=%H
2026-09-09T17:08:51.4860076Z e0b786f130b222eeb38fa6c1f9e63fa644704a62
2026-09-09T17:08:51.5100363Z Node 20 is being deprecated. This workflow is running with Node 24 by default. If you need to temporarily use Node 20, you can set the ACTIONS_ALLOW_USE_UNSECURE_NODE_VERSION=true environment variable. For more information see: https://github.blog/changelog/2025-09-19-deprecation-of-node-20-on-github-actions-runners/
2026-09-09T17:08:51.5102055Z ##[group]Run pnpm/action-setup@v4
2026-09-09T17:08:51.5102321Z with:
2026-09-09T17:08:51.5102529Z   dest: ~/setup-pnpm
2026-09-09T17:08:51.5102753Z   run_install: null
2026-09-09T17:08:51.5102964Z   cache: false
2026-09-09T17:08:51.5103192Z   cache_dependency_path: pnpm-lock.yaml
2026-09-09T17:08:51.5103497Z   package_json_file: package.json
2026-09-09T17:08:51.5103749Z   standalone: false
2026-09-09T17:08:51.5103955Z env:
2026-09-09T17:08:51.5104146Z   GO_VERSION: 1.25.14
2026-09-09T17:08:51.5104370Z ##[endgroup]
2026-09-09T17:08:51.6583022Z ##[group]Running self-installer...
2026-09-09T17:08:52.0613576Z (node:2280) [DEP0169] DeprecationWarning: `url.parse()` behavior is not standardized and prone to errors that have security implications. Use the WHATWG URL API instead. CVEs are not issued for `url.parse()` vulnerabilities.
2026-09-09T17:08:52.0615131Z (Use `node --trace-deprecation ...` to show where the warning was created)
2026-09-09T17:08:52.2171591Z Progress: resolved 1, reused 0, downloaded 0, added 0
2026-09-09T17:08:52.2253216Z Packages: +1
2026-09-09T17:08:52.2253706Z +
2026-09-09T17:08:52.5982089Z Progress: resolved 1, reused 0, downloaded 1, added 1, done
2026-09-09T17:08:52.7294906Z 
2026-09-09T17:08:52.7295445Z dependencies:
2026-09-09T17:08:52.7295844Z + pnpm 9.15.9 (12.3.4 is available)
2026-09-09T17:08:52.7296086Z 
2026-09-09T17:08:52.7320479Z Done in 891ms
2026-09-09T17:08:52.7512919Z ##[endgroup]
2026-09-09T17:08:52.7513325Z Installation Completed!
2026-09-09T17:08:52.7697672Z Node 20 is being deprecated. This workflow is running with Node 24 by default. If you need to temporarily use Node 20, you can set the ACTIONS_ALLOW_USE_UNSECURE_NODE_VERSION=true environment variable. For more information see: https://github.blog/changelog/2025-09-19-deprecation-of-node-20-on-github-actions-runners/
2026-09-09T17:08:52.7699119Z ##[group]Run actions/setup-node@v4
2026-09-09T17:08:52.7699382Z with:
2026-09-09T17:08:52.7699583Z   node-version: 22
2026-09-09T17:08:52.7699800Z   cache: pnpm
2026-09-09T17:08:52.7700007Z   always-auth: false
2026-09-09T17:08:52.7700226Z   check-latest: false
2026-09-09T17:08:52.7702899Z   token: ***
2026-09-09T17:08:52.7703111Z env:
2026-09-09T17:08:52.7703303Z   GO_VERSION: 1.25.14
2026-09-09T17:08:52.7703614Z   PNPM_HOME: /home/runner/setup-pnpm/node_modules/.bin
2026-09-09T17:08:52.7703932Z ##[endgroup]
2026-09-09T17:08:52.9143138Z Found in cache @ /opt/hostedtoolcache/node/22.23.2/x64
2026-09-09T17:08:52.9146990Z (node:2295) [DEP0040] DeprecationWarning: The `punycode` module is deprecated. Please use a userland alternative instead.
2026-09-09T17:08:52.9147902Z (Use `node --trace-deprecation ...` to show where the warning was created)
2026-09-09T17:08:52.9150459Z ##[group]Environment details
2026-09-09T17:08:53.2600743Z node: v22.23.2
2026-09-09T17:08:53.2601099Z npm: 10.9.8
2026-09-09T17:08:53.2601394Z yarn: 1.22.22
2026-09-09T17:08:53.2602615Z ##[endgroup]
2026-09-09T17:08:53.2623644Z [command]/home/runner/setup-pnpm/node_modules/.bin/pnpm store path --silent
2026-09-09T17:08:53.6448754Z /home/runner/setup-pnpm/node_modules/.bin/store/v3
2026-09-09T17:08:53.7947090Z Cache hit for: node-cache-Linux-x64-pnpm-a3e105357dd64569ba5cfbe6d3760562f3068a285a1d08c35527077fb2d47652
2026-09-09T17:08:53.8051496Z (node:2295) [DEP0169] DeprecationWarning: `url.parse()` behavior is not standardized and prone to errors that have security implications. Use the WHATWG URL API instead. CVEs are not issued for `url.parse()` vulnerabilities.
2026-09-09T17:08:54.8404001Z Received 232640200 of 232640200 (100.0%), 218.8 MBs/sec
2026-09-09T17:08:54.8404945Z Cache Size: ~222 MB (232640200 B)
2026-09-09T17:08:54.8437175Z [command]/usr/bin/tar -xf /home/runner/work/_temp/8bd99caf-9eec-4bc9-b820-9cdb84cb4b0a/cache.tzst -P -C /home/runner/work/GGD/GGD --use-compress-program unzstd
2026-09-09T17:08:56.7150510Z Cache restored successfully
2026-09-09T17:08:56.7266406Z Cache restored from key: node-cache-Linux-x64-pnpm-a3e105357dd64569ba5cfbe6d3760562f3068a285a1d08c35527077fb2d47652
2026-09-09T17:08:56.7510161Z Node 20 is being deprecated. This workflow is running with Node 24 by default. If you need to temporarily use Node 20, you can set the ACTIONS_ALLOW_USE_UNSECURE_NODE_VERSION=true environment variable. For more information see: https://github.blog/changelog/2025-09-19-deprecation-of-node-20-on-github-actions-runners/
2026-09-09T17:08:56.7511400Z ##[group]Run actions/setup-go@v5
2026-09-09T17:08:56.7511679Z with:
2026-09-09T17:08:56.7511890Z   go-version: 1.25.14
2026-09-09T17:08:56.7512169Z   cache-dependency-path: tools/testrunner/go.sum
2026-09-09T17:08:56.7512503Z   check-latest: false
2026-09-09T17:08:56.7515109Z   token: ***
2026-09-09T17:08:56.7515317Z   cache: true
2026-09-09T17:08:56.7515525Z env:
2026-09-09T17:08:56.7515725Z   GO_VERSION: 1.25.14
2026-09-09T17:08:56.7516005Z   PNPM_HOME: /home/runner/setup-pnpm/node_modules/.bin
2026-09-09T17:08:56.7516320Z ##[endgroup]
2026-09-09T17:08:56.8862782Z Setup go version spec 1.25.14
2026-09-09T17:08:56.8931262Z Found in cache @ /opt/hostedtoolcache/go/1.25.14/x64
2026-09-09T17:08:56.8933282Z (node:2348) [DEP0040] DeprecationWarning: The `punycode` module is deprecated. Please use a userland alternative instead.
2026-09-09T17:08:56.8934550Z (Use `node --trace-deprecation ...` to show where the warning was created)
2026-09-09T17:08:56.8937169Z Added go to the path
2026-09-09T17:08:56.8941741Z Successfully set up Go version 1.25.14
2026-09-09T17:08:57.6615413Z [command]/opt/hostedtoolcache/go/1.25.14/x64/bin/go env GOMODCACHE
2026-09-09T17:08:57.6652969Z [command]/opt/hostedtoolcache/go/1.25.14/x64/bin/go env GOCACHE
2026-09-09T17:08:57.6719429Z /home/runner/go/pkg/mod
2026-09-09T17:08:57.6732026Z /home/runner/.cache/go-build
2026-09-09T17:08:57.7922235Z Cache hit for: setup-go-Linux-x64-ubuntu24-go-1.25.14-fa4d7fe1e344d15c8ed0d8dd5714657c5ed9a5f42e1663c599d8674bf38af263
2026-09-09T17:08:57.8021783Z (node:2348) [DEP0169] DeprecationWarning: `url.parse()` behavior is not standardized and prone to errors that have security implications. Use the WHATWG URL API instead. CVEs are not issued for `url.parse()` vulnerabilities.
2026-09-09T17:08:58.8312133Z Received 226492416 of 419322663 (54.0%), 215.8 MBs/sec
2026-09-09T17:08:59.6710373Z Received 419322663 of 419322663 (100.0%), 217.2 MBs/sec
2026-09-09T17:08:59.6711625Z Cache Size: ~400 MB (419322663 B)
2026-09-09T17:08:59.6832684Z [command]/usr/bin/tar -xf /home/runner/work/_temp/2b7a5ee5-feeb-4452-8940-e9ed5eb3bd15/cache.tzst -P -C /home/runner/work/GGD/GGD --use-compress-program unzstd
2026-09-09T17:09:02.8582822Z Cache restored successfully
2026-09-09T17:09:03.5739720Z Cache restored from key: setup-go-Linux-x64-ubuntu24-go-1.25.14-fa4d7fe1e344d15c8ed0d8dd5714657c5ed9a5f42e1663c599d8674bf38af263
2026-09-09T17:09:03.5745808Z go version go1.25.14 linux/amd64
2026-09-09T17:09:03.5746118Z 
2026-09-09T17:09:03.5746533Z ##[group]go env
2026-09-09T17:09:03.7520228Z AR='ar'
2026-09-09T17:09:03.7520647Z CC='gcc'
2026-09-09T17:09:03.7521061Z CGO_CFLAGS='-O2 -g'
2026-09-09T17:09:03.7521492Z CGO_CPPFLAGS=''
2026-09-09T17:09:03.7522067Z CGO_CXXFLAGS='-O2 -g'
2026-09-09T17:09:03.7522432Z CGO_ENABLED='1'
2026-09-09T17:09:03.7522774Z CGO_FFLAGS='-O2 -g'
2026-09-09T17:09:03.7523139Z CGO_LDFLAGS='-O2 -g'
2026-09-09T17:09:03.7523463Z CXX='g++'
2026-09-09T17:09:03.7524326Z GCCGO='gccgo'
2026-09-09T17:09:03.7524636Z GO111MODULE=''
2026-09-09T17:09:03.7524951Z GOAMD64='v1'
2026-09-09T17:09:03.7525253Z GOARCH='amd64'
2026-09-09T17:09:03.7525572Z GOAUTH='netrc'
2026-09-09T17:09:03.7525880Z GOBIN=''
2026-09-09T17:09:03.7526289Z GOCACHE='/home/runner/.cache/go-build'
2026-09-09T17:09:03.7526815Z GOCACHEPROG=''
2026-09-09T17:09:03.7527148Z GODEBUG=''
2026-09-09T17:09:03.7528076Z GOENV='/home/runner/.config/go/env'
2026-09-09T17:09:03.7528934Z GOEXE=''
2026-09-09T17:09:03.7529569Z GOEXPERIMENT=''
2026-09-09T17:09:03.7530043Z GOFIPS140='off'
2026-09-09T17:09:03.7530583Z GOFLAGS=''
2026-09-09T17:09:03.7532330Z GOGCCFLAGS='-fPIC -m64 -pthread -Wl,--no-gc-sections -fmessage-length=0 -ffile-prefix-map=/tmp/go-build13829519=/tmp/go-build -gno-record-gcc-switches'
2026-09-09T17:09:03.7533724Z GOHOSTARCH='amd64'
2026-09-09T17:09:03.7534233Z GOHOSTOS='linux'
2026-09-09T17:09:03.7534746Z GOINSECURE=''
2026-09-09T17:09:03.7535342Z GOMOD='/dev/null'
2026-09-09T17:09:03.7536112Z GOMODCACHE='/home/runner/go/pkg/mod'
2026-09-09T17:09:03.7556699Z GONOPROXY=''
2026-09-09T17:09:03.7557094Z GONOSUMDB=''
2026-09-09T17:09:03.7557615Z GOOS='linux'
2026-09-09T17:09:03.7558033Z GOPATH='/home/runner/go'
2026-09-09T17:09:03.7558511Z GOPRIVATE=''
2026-09-09T17:09:03.7559154Z GOPROXY='https://proxy.golang.org,direct'
2026-09-09T17:09:03.7560009Z GOROOT='/opt/hostedtoolcache/go/1.25.14/x64'
2026-09-09T17:09:03.7560689Z GOSUMDB='sum.golang.org'
2026-09-09T17:09:03.7561226Z GOTELEMETRY='local'
2026-09-09T17:09:03.7561852Z GOTELEMETRYDIR='/home/runner/.config/go/telemetry'
2026-09-09T17:09:03.7562422Z GOTMPDIR=''
2026-09-09T17:09:03.7562772Z GOTOOLCHAIN='auto'
2026-09-09T17:09:03.7563593Z GOTOOLDIR='/opt/hostedtoolcache/go/1.25.14/x64/pkg/tool/linux_amd64'
2026-09-09T17:09:03.7564253Z GOVCS=''
2026-09-09T17:09:03.7564647Z GOVERSION='go1.25.14'
2026-09-09T17:09:03.7565030Z GOWORK=''
2026-09-09T17:09:03.7565428Z PKG_CONFIG='pkg-config'
2026-09-09T17:09:03.7565720Z 
2026-09-09T17:09:03.7566239Z ##[endgroup]
2026-09-09T17:09:03.7736610Z ##[group]Run pnpm install --frozen-lockfile
2026-09-09T17:09:03.7737054Z [36;1mpnpm install --frozen-lockfile[0m
2026-09-09T17:09:03.7788235Z shell: /usr/bin/bash -e {0}
2026-09-09T17:09:03.7788530Z env:
2026-09-09T17:09:03.7788756Z   GO_VERSION: 1.25.14
2026-09-09T17:09:03.7789066Z   PNPM_HOME: /home/runner/setup-pnpm/node_modules/.bin
2026-09-09T17:09:03.7789639Z ##[endgroup]
2026-09-09T17:09:04.1955528Z Scope: all 21 workspace projects
2026-09-09T17:09:04.2681210Z Lockfile is up to date, resolution step is skipped
2026-09-09T17:09:04.3260609Z Progress: resolved 1, reused 0, downloaded 0, added 0
2026-09-09T17:09:04.4276976Z Packages: +685
2026-09-09T17:09:04.4278289Z ++++++++++++++++++++++++++++++++++++++++++++++++++++++++++++++++++++++++++++++++
2026-09-09T17:09:05.2956598Z Progress: resolved 685, reused 685, downloaded 0, added 685, done
2026-09-09T17:09:06.0271798Z 
2026-09-09T17:09:06.0272438Z devDependencies:
2026-09-09T17:09:06.0272780Z + @eslint/js 10.0.1
2026-09-09T17:09:06.0273144Z + eslint 10.8.0
2026-09-09T17:09:06.0273462Z + eslint-plugin-react-hooks 7.1.1
2026-09-09T17:09:06.0273788Z + globals 17.8.0
2026-09-09T17:09:06.0274014Z + tsx 4.23.1
2026-09-09T17:09:06.0274248Z + typescript 5.9.3
2026-09-09T17:09:06.0274658Z + typescript-eslint 8.65.0
2026-09-09T17:09:06.0274921Z + vitest 2.1.9
2026-09-09T17:09:06.0275066Z 
2026-09-09T17:09:06.1694905Z Done in 2.3s using pnpm v9.15.9
2026-09-09T17:09:06.1896878Z ##[group]Run sudo apt-get update && sudo apt-get install -y webp && cwebp -version
2026-09-09T17:09:06.1897778Z [36;1msudo apt-get update && sudo apt-get install -y webp && cwebp -version[0m
2026-09-09T17:09:06.1938964Z shell: /usr/bin/bash -e {0}
2026-09-09T17:09:06.1939257Z env:
2026-09-09T17:09:06.1939476Z   GO_VERSION: 1.25.14
2026-09-09T17:09:06.1939778Z   PNPM_HOME: /home/runner/setup-pnpm/node_modules/.bin
2026-09-09T17:09:06.1940122Z ##[endgroup]
2026-09-09T17:09:06.2817815Z Get:1 file:/etc/apt/apt-mirrors.txt Mirrorlist [144 B]
2026-09-09T17:09:06.3175476Z Hit:2 http://azure.archive.ubuntu.com/ubuntu noble InRelease
2026-09-09T17:09:06.3187687Z Get:3 http://azure.archive.ubuntu.com/ubuntu noble-updates InRelease [126 kB]
2026-09-09T17:09:06.3258835Z Get:4 http://azure.archive.ubuntu.com/ubuntu noble-backports InRelease [126 kB]
2026-09-09T17:09:06.3278641Z Get:5 http://azure.archive.ubuntu.com/ubuntu noble-security InRelease [126 kB]
2026-09-09T17:09:06.3318681Z Get:6 https://packages.microsoft.com/ubuntu/24.04/prod noble InRelease [3600 B]
2026-09-09T17:09:06.3585333Z Get:7 https://dl.google.com/linux/chrome-stable/deb stable InRelease [2548 B]
2026-09-09T17:09:06.4536364Z Get:8 http://azure.archive.ubuntu.com/ubuntu noble-updates/main amd64 Packages [1260 kB]
2026-09-09T17:09:06.4774959Z Get:9 http://azure.archive.ubuntu.com/ubuntu noble-updates/main amd64 Components [181 kB]
2026-09-09T17:09:06.4778694Z Get:10 http://azure.archive.ubuntu.com/ubuntu noble-updates/universe amd64 Packages [1690 kB]
2026-09-09T17:09:06.4945016Z Get:11 http://azure.archive.ubuntu.com/ubuntu noble-updates/universe amd64 Components [388 kB]
2026-09-09T17:09:06.4976249Z Get:12 http://azure.archive.ubuntu.com/ubuntu noble-updates/restricted amd64 Packages [1536 kB]
2026-09-09T17:09:06.5087012Z Get:13 http://azure.archive.ubuntu.com/ubuntu noble-updates/multiverse amd64 Components [940 B]
2026-09-09T17:09:06.5159549Z Get:14 http://azure.archive.ubuntu.com/ubuntu noble-backports/main amd64 Components [5760 B]
2026-09-09T17:09:06.5174066Z Get:15 http://azure.archive.ubuntu.com/ubuntu noble-backports/universe amd64 Components [12.6 kB]
2026-09-09T17:09:06.5729853Z Get:16 http://azure.archive.ubuntu.com/ubuntu noble-security/main amd64 Packages [1005 kB]
2026-09-09T17:09:06.5785656Z Get:17 http://azure.archive.ubuntu.com/ubuntu noble-security/main Translation-en [213 kB]
2026-09-09T17:09:06.6231547Z Get:18 http://azure.archive.ubuntu.com/ubuntu noble-security/main amd64 Components [46.5 kB]
2026-09-09T17:09:06.6245155Z Get:19 http://azure.archive.ubuntu.com/ubuntu noble-security/universe amd64 Components [76.3 kB]
2026-09-09T17:09:06.6246882Z Get:22 https://packages.microsoft.com/ubuntu/24.04/prod noble/main arm64 Packages [406 kB]
2026-09-09T17:09:06.6266678Z Get:20 http://azure.archive.ubuntu.com/ubuntu noble-security/restricted amd64 Packages [1441 kB]
2026-09-09T17:09:06.6345071Z Get:23 https://packages.microsoft.com/ubuntu/24.04/prod noble/main amd64 Packages [454 kB]
2026-09-09T17:09:06.6368693Z Get:21 http://azure.archive.ubuntu.com/ubuntu noble-security/restricted Translation-en [334 kB]
2026-09-09T17:09:06.6998517Z Get:24 https://dl.google.com/linux/chrome-stable/deb stable/main amd64 Packages [1405 B]
2026-09-09T17:09:13.1178572Z Fetched 9436 kB in 1s (8289 kB/s)
2026-09-09T17:09:13.9049292Z Reading package lists...
2026-09-09T17:09:13.9385105Z Reading package lists...
2026-09-09T17:09:14.1289666Z Building dependency tree...
2026-09-09T17:09:14.1296825Z Reading state information...
2026-09-09T17:09:14.3028364Z The following additional packages will be installed:
2026-09-09T17:09:14.3032232Z   libgif7 libglut3.12 libopengl0
2026-09-09T17:09:14.3205079Z The following NEW packages will be installed:
2026-09-09T17:09:14.3209573Z   libgif7 libglut3.12 libopengl0 webp
2026-09-09T17:09:14.3398163Z 0 upgraded, 4 newly installed, 0 to remove and 3 not upgraded.
2026-09-09T17:09:14.3398921Z Need to get 269 kB of archives.
2026-09-09T17:09:14.3400120Z After this operation, 1033 kB of additional disk space will be used.
2026-09-09T17:09:14.3400982Z Get:1 file:/etc/apt/apt-mirrors.txt Mirrorlist [144 B]
2026-09-09T17:09:14.3607529Z Get:2 http://azure.archive.ubuntu.com/ubuntu noble-updates/main amd64 libgif7 amd64 5.2.2-1ubuntu1.2 [35.6 kB]
2026-09-09T17:09:14.3648977Z Get:3 http://azure.archive.ubuntu.com/ubuntu noble/universe amd64 libglut3.12 amd64 3.4.0-1build1 [98.0 kB]
2026-09-09T17:09:14.3684092Z Get:4 http://azure.archive.ubuntu.com/ubuntu noble/main amd64 libopengl0 amd64 1.7.0-1build1 [32.8 kB]
2026-09-09T17:09:14.3715640Z Get:5 http://azure.archive.ubuntu.com/ubuntu noble/universe amd64 webp amd64 1.3.2-0.4build3 [103 kB]
2026-09-09T17:09:14.6348181Z Fetched 269 kB in 0s (6098 kB/s)
2026-09-09T17:09:14.6603974Z Selecting previously unselected package libgif7:amd64.
2026-09-09T17:09:14.6826225Z (Reading database ... 
2026-09-09T17:09:14.6827012Z (Reading database ... 5%
2026-09-09T17:09:14.6827509Z (Reading database ... 10%
2026-09-09T17:09:14.6827949Z (Reading database ... 15%
2026-09-09T17:09:14.6828312Z (Reading database ... 20%
2026-09-09T17:09:14.6828662Z (Reading database ... 25%
2026-09-09T17:09:14.6829016Z (Reading database ... 30%
2026-09-09T17:09:14.6829415Z (Reading database ... 35%
2026-09-09T17:09:14.6829778Z (Reading database ... 40%
2026-09-09T17:09:14.6830133Z (Reading database ... 45%
2026-09-09T17:09:14.6830471Z (Reading database ... 50%
2026-09-09T17:09:14.6870642Z (Reading database ... 55%
2026-09-09T17:09:14.8261527Z (Reading database ... 60%
2026-09-09T17:09:15.0231841Z (Reading database ... 65%
2026-09-09T17:09:15.1846617Z (Reading database ... 70%
2026-09-09T17:09:15.3831083Z (Reading database ... 75%
2026-09-09T17:09:15.5450355Z (Reading database ... 80%
2026-09-09T17:09:15.7756274Z (Reading database ... 85%
2026-09-09T17:09:15.9811327Z (Reading database ... 90%
2026-09-09T17:09:16.1804618Z (Reading database ... 95%
2026-09-09T17:09:16.1805011Z (Reading database ... 100%
2026-09-09T17:09:16.1805512Z (Reading database ... 201818 files and directories currently installed.)
2026-09-09T17:09:16.1853382Z Preparing to unpack .../libgif7_5.2.2-1ubuntu1.2_amd64.deb ...
2026-09-09T17:09:16.1948475Z Unpacking libgif7:amd64 (5.2.2-1ubuntu1.2) ...
2026-09-09T17:09:16.2176695Z Selecting previously unselected package libglut3.12:amd64.
2026-09-09T17:09:16.2308944Z Preparing to unpack .../libglut3.12_3.4.0-1build1_amd64.deb ...
2026-09-09T17:09:16.2317841Z Unpacking libglut3.12:amd64 (3.4.0-1build1) ...
2026-09-09T17:09:16.2539123Z Selecting previously unselected package libopengl0:amd64.
2026-09-09T17:09:16.2670667Z Preparing to unpack .../libopengl0_1.7.0-1build1_amd64.deb ...
2026-09-09T17:09:16.2678129Z Unpacking libopengl0:amd64 (1.7.0-1build1) ...
2026-09-09T17:09:16.2886583Z Selecting previously unselected package webp.
2026-09-09T17:09:16.3016106Z Preparing to unpack .../webp_1.3.2-0.4build3_amd64.deb ...
2026-09-09T17:09:16.3022794Z Unpacking webp (1.3.2-0.4build3) ...
2026-09-09T17:09:16.3488112Z Setting up libopengl0:amd64 (1.7.0-1build1) ...
2026-09-09T17:09:16.3505677Z Setting up libglut3.12:amd64 (3.4.0-1build1) ...
2026-09-09T17:09:16.3523526Z Setting up libgif7:amd64 (5.2.2-1ubuntu1.2) ...
2026-09-09T17:09:16.3542173Z Setting up webp (1.3.2-0.4build3) ...
2026-09-09T17:09:16.3560175Z Processing triggers for man-db (2.12.0-4build2) ...
2026-09-09T17:09:16.3580199Z Not building database; man-db/auto-update is not 'true'.
2026-09-09T17:09:16.3591198Z Processing triggers for libc-bin (2.39-0ubuntu8.8) ...
2026-09-09T17:09:17.0566841Z 
2026-09-09T17:09:17.0567740Z Running kernel seems to be up-to-date.
2026-09-09T17:09:17.0568150Z 
2026-09-09T17:09:17.0568389Z No services need to be restarted.
2026-09-09T17:09:17.0568592Z 
2026-09-09T17:09:17.0568772Z No containers need to be restarted.
2026-09-09T17:09:17.0568965Z 
2026-09-09T17:09:17.0569169Z No user sessions are running outdated binaries.
2026-09-09T17:09:17.0569409Z 
2026-09-09T17:09:17.0569727Z No VM guests are running outdated hypervisor (qemu) binaries on this host.
2026-09-09T17:09:18.0320626Z 1.3.2
2026-09-09T17:09:18.0321497Z libsharpyuv: 0.2.1
2026-09-09T17:09:18.0356897Z ##[group]Run python3 -m pip install --quiet --break-system-packages Pillow mpyq
2026-09-09T17:09:18.0357667Z [36;1mpython3 -m pip install --quiet --break-system-packages Pillow mpyq[0m
2026-09-09T17:09:18.0358168Z [36;1mpython3 -c "import PIL, mpyq; print(PIL.__version__)"[0m
2026-09-09T17:09:18.0399365Z shell: /usr/bin/bash -e {0}
2026-09-09T17:09:18.0399645Z env:
2026-09-09T17:09:18.0399860Z   GO_VERSION: 1.25.14
2026-09-09T17:09:18.0400168Z   PNPM_HOME: /home/runner/setup-pnpm/node_modules/.bin
2026-09-09T17:09:18.0400499Z ##[endgroup]
2026-09-09T17:09:20.6812577Z 12.3.0
2026-09-09T17:09:20.6877268Z ##[group]Run pnpm todo:check
2026-09-09T17:09:20.6877724Z [36;1mpnpm todo:check[0m
2026-09-09T17:09:20.6917697Z shell: /usr/bin/bash -e {0}
2026-09-09T17:09:20.6917966Z env:
2026-09-09T17:09:20.6918184Z   GO_VERSION: 1.25.14
2026-09-09T17:09:20.6918485Z   PNPM_HOME: /home/runner/setup-pnpm/node_modules/.bin
2026-09-09T17:09:20.6918850Z ##[endgroup]
2026-09-09T17:09:21.0916220Z 
2026-09-09T17:09:21.0917004Z > ggd@0.0.0 todo:check /home/runner/work/GGD/GGD
2026-09-09T17:09:21.0917728Z > tsx tools/todo-check/src/cli.ts --static
2026-09-09T17:09:21.0917960Z 
2026-09-09T17:09:21.3250117Z todo-check: 1514 items  [done:1413  deferred:32  pending:56  withdrawn:4  in-progress:9]
2026-09-09T17:09:21.3251609Z ✓ static: every item has a unique id + test_id
2026-09-09T17:09:21.3635958Z ##[group]Run pnpm lint
2026-09-09T17:09:21.3636428Z [36;1mpnpm lint[0m
2026-09-09T17:09:21.3694548Z shell: /usr/bin/bash -e {0}
2026-09-09T17:09:21.3694878Z env:
2026-09-09T17:09:21.3695106Z   GO_VERSION: 1.25.14
2026-09-09T17:09:21.3695417Z   PNPM_HOME: /home/runner/setup-pnpm/node_modules/.bin
2026-09-09T17:09:21.3695777Z ##[endgroup]
2026-09-09T17:09:21.7565313Z 
2026-09-09T17:09:21.7565973Z > ggd@0.0.0 lint /home/runner/work/GGD/GGD
2026-09-09T17:09:21.7566619Z > NODE_OPTIONS=--max-old-space-size=8192 eslint apps packages tools
2026-09-09T17:09:21.7566969Z 
2026-09-09T17:13:57.0704824Z 
2026-09-09T17:13:57.0705847Z /home/runner/work/GGD/GGD/apps/admin/src/config.ts
2026-09-09T17:13:57.0736556Z ##[warning]  256:7  warning  The value assigned to 'clientHost' is not used in subsequent statements  no-useless-assignment
2026-09-09T17:13:57.0745249Z ##[warning]  257:7  warning  The value assigned to 'adminHost' is not used in subsequent statements   no-useless-assignment
2026-09-09T17:13:57.0746229Z 
2026-09-09T17:13:57.0746490Z /home/runner/work/GGD/GGD/apps/admin/src/contentApi.ts
2026-09-09T17:13:57.0747902Z ##[warning]  202:7  warning  The value assigned to 'parsed' is not used in subsequent statements  no-useless-assignment
2026-09-09T17:13:57.0749496Z ##[warning]  261:5  warning  There is no `cause` attached to the symptom error being thrown       preserve-caught-error
2026-09-09T17:13:57.0750321Z 
2026-09-09T17:13:57.0750628Z /home/runner/work/GGD/GGD/apps/admin/src/ui/AbilityLayersEditor.tsx
2026-09-09T17:13:57.0752950Z ##[warning]  152:9  warning  The 'rows' logical expression could make the dependencies of useMemo Hook (at line 153) change on every render. To fix this, wrap the initialization of 'rows' in its own useMemo() Hook  react-hooks/exhaustive-deps
2026-09-09T17:13:57.0754186Z 
2026-09-09T17:13:57.0754471Z /home/runner/work/GGD/GGD/apps/admin/src/ui/AbilityNodesPage.tsx
2026-09-09T17:13:57.0755364Z   198:5  warning  Unused eslint-disable directive (no problems were reported from 'react-hooks/exhaustive-deps')
2026-09-09T17:13:57.0755798Z 
2026-09-09T17:13:57.0756046Z /home/runner/work/GGD/GGD/apps/admin/src/ui/AuditPage.tsx
2026-09-09T17:13:57.0756846Z   44:5  warning  Unused eslint-disable directive (no problems were reported from 'react-hooks/exhaustive-deps')
2026-09-09T17:13:57.0757252Z 
2026-09-09T17:13:57.0757729Z /home/runner/work/GGD/GGD/apps/admin/src/ui/ChampionDataVersions.tsx
2026-09-09T17:13:57.0760101Z ##[warning]  14:89  warning  The ref value 'request.current' will likely have changed by the time this effect cleanup function runs. If this ref points to a node rendered by React, copy 'request.current' to a variable inside the effect, and use that variable in the cleanup function  react-hooks/exhaustive-deps
2026-09-09T17:13:57.0763087Z ##[warning]  22:94  warning  React Hook useEffect has a missing dependency: 'reload'. Either include it or remove the dependency array                                                                                                                                                      react-hooks/exhaustive-deps
2026-09-09T17:13:57.0765794Z ##[warning]  31:6   warning  React Hook useEffect has a missing dependency: 'service'. Either include it or remove the dependency array                                                                                                                                                     react-hooks/exhaustive-deps
2026-09-09T17:13:57.0767005Z 
2026-09-09T17:13:57.0767295Z /home/runner/work/GGD/GGD/apps/admin/src/ui/ContentOverlayPage.tsx
2026-09-09T17:13:57.0769960Z ##[warning]  183:35  warning  The ref value 'versionRequest.current' will likely have changed by the time this effect cleanup function runs. If this ref points to a node rendered by React, copy 'versionRequest.current' to a variable inside the effect, and use that variable in the cleanup function  react-hooks/exhaustive-deps
2026-09-09T17:13:57.0771397Z 
2026-09-09T17:13:57.0771888Z /home/runner/work/GGD/GGD/apps/admin/src/ui/PlayersPage.tsx
2026-09-09T17:13:57.0772734Z   149:5  warning  Unused eslint-disable directive (no problems were reported from 'react-hooks/exhaustive-deps')
2026-09-09T17:13:57.0773160Z 
2026-09-09T17:13:57.0773444Z /home/runner/work/GGD/GGD/apps/admin/src/ui/QuickApprovalPage.tsx
2026-09-09T17:13:57.0775311Z ##[warning]  359:9  warning  The 'rows' logical expression could make the dependencies of useMemo Hook (at line 360) change on every render. To fix this, wrap the initialization of 'rows' in its own useMemo() Hook  react-hooks/exhaustive-deps
2026-09-09T17:13:57.0776535Z 
2026-09-09T17:13:57.0776854Z /home/runner/work/GGD/GGD/apps/admin/src/ui/live/SkillAuthoringPage.tsx
2026-09-09T17:13:57.0778278Z ##[warning]  153:7  warning  The value assigned to 'body' is not used in subsequent statements  no-useless-assignment
2026-09-09T17:13:57.0779151Z 
2026-09-09T17:13:57.0779396Z /home/runner/work/GGD/GGD/apps/admin/src/ui/navGroups.ts
2026-09-09T17:13:57.0780328Z ##[warning]  92:7  warning  The value assigned to 'raw' is not used in subsequent statements  no-useless-assignment
2026-09-09T17:13:57.0781135Z 
2026-09-09T17:13:57.0781392Z /home/runner/work/GGD/GGD/apps/admin/src/voice/useVoiceGen.ts
2026-09-09T17:13:57.0782444Z ##[warning]  437:13  warning  The value assigned to 'quotes' is not used in subsequent statements  no-useless-assignment
2026-09-09T17:13:57.0783264Z 
2026-09-09T17:13:57.0783522Z /home/runner/work/GGD/GGD/apps/client/scripts/_measure_tmp.mjs
2026-09-09T17:13:57.0784434Z ##[warning]  12:7   warning  'bmin' is never reassigned. Use 'const' instead  prefer-const
2026-09-09T17:13:57.0785886Z ##[warning]  12:27  warning  'bmax' is never reassigned. Use 'const' instead  prefer-const
2026-09-09T17:13:57.0787060Z ##[warning]  13:7   warning  'smin' is never reassigned. Use 'const' instead  prefer-const
2026-09-09T17:13:57.0788454Z ##[warning]  13:27  warning  'smax' is never reassigned. Use 'const' instead  prefer-const
2026-09-09T17:13:57.0789659Z ##[warning]  24:66  warning  Empty block statement                            no-empty
2026-09-09T17:13:57.0790363Z 
2026-09-09T17:13:57.0790692Z /home/runner/work/GGD/GGD/apps/client/scripts/guardian-occluder-sweep.mjs
2026-09-09T17:13:57.0791522Z ##[warning]  283:7   warning  'min' is never reassigned. Use 'const' instead  prefer-const
2026-09-09T17:13:57.0792730Z ##[warning]  283:45  warning  'max' is never reassigned. Use 'const' instead  prefer-const
2026-09-09T17:13:57.0794131Z ##[warning]  435:15  warning  'x' is never reassigned. Use 'const' instead    prefer-const
2026-09-09T17:13:57.0795313Z ##[warning]  436:15  warning  'y' is never reassigned. Use 'const' instead    prefer-const
2026-09-09T17:13:57.0796486Z ##[warning]  437:15  warning  'z' is never reassigned. Use 'const' instead    prefer-const
2026-09-09T17:13:57.0797192Z 
2026-09-09T17:13:57.0797676Z /home/runner/work/GGD/GGD/apps/client/scripts/guardian-render-probe.mjs
2026-09-09T17:13:57.0798657Z ##[warning]   27:5   warning  'nmin' is never reassigned. Use 'const' instead                        prefer-const
2026-09-09T17:13:57.0800105Z ##[warning]   27:44  warning  'nmax' is never reassigned. Use 'const' instead                        prefer-const
2026-09-09T17:13:57.0801788Z ##[warning]  116:59  warning  Expected an assignment or function call and instead saw an expression  @typescript-eslint/no-unused-expressions
2026-09-09T17:13:57.0803075Z 
2026-09-09T17:13:57.0803403Z /home/runner/work/GGD/GGD/apps/client/scripts/probeModelSizing.ts
2026-09-09T17:13:57.0804674Z ##[warning]  251:7  warning  The value assigned to 'out' is not used in subsequent statements  no-useless-assignment
2026-09-09T17:13:57.0805653Z 
2026-09-09T17:13:57.0806021Z /home/runner/work/GGD/GGD/apps/client/src/GameApp.ts
2026-09-09T17:13:57.0807205Z ##[warning]  3888:11  warning  Unexpected aliasing of 'this' to local variable  @typescript-eslint/no-this-alias
2026-09-09T17:13:57.0808483Z 
2026-09-09T17:13:57.0808786Z /home/runner/work/GGD/GGD/apps/client/src/audio/AudioSystem.ts
2026-09-09T17:13:57.0810503Z ##[warning]   774:11  warning  Expected non-Promise value in a boolean conditional               @typescript-eslint/no-misused-promises
2026-09-09T17:13:57.0812473Z ##[warning]  1735:9   warning  The value assigned to 'ctx' is not used in subsequent statements  no-useless-assignment
2026-09-09T17:13:57.0813466Z 
2026-09-09T17:13:57.0813841Z /home/runner/work/GGD/GGD/apps/client/src/audio/audioSettings.ts
2026-09-09T17:13:57.0814981Z ##[warning]  71:9  warning  The value assigned to 'raw' is not used in subsequent statements  no-useless-assignment
2026-09-09T17:13:57.0816026Z 
2026-09-09T17:13:57.0816420Z /home/runner/work/GGD/GGD/apps/client/src/audio/beatSynth.test.ts
2026-09-09T17:13:57.0817802Z ##[warning]  226:14  warning  The value assigned to 't' is not used in subsequent statements  no-useless-assignment
2026-09-09T17:13:57.0818805Z 
2026-09-09T17:13:57.0819074Z /home/runner/work/GGD/GGD/apps/client/src/audio/beatSynth.ts
2026-09-09T17:13:57.0820355Z ##[warning]  607:9   warning  The value assigned to 'ctx' is not used in subsequent statements  no-useless-assignment
2026-09-09T17:13:57.0822303Z ##[warning]  664:13  warning  Expected non-Promise value in a boolean conditional               @typescript-eslint/no-misused-promises
2026-09-09T17:13:57.0823365Z 
2026-09-09T17:13:57.0823763Z /home/runner/work/GGD/GGD/apps/client/src/cursor/cursorSettings.ts
2026-09-09T17:13:57.0825009Z ##[warning]  62:9  warning  The value assigned to 'raw' is not used in subsequent statements  no-useless-assignment
2026-09-09T17:13:57.0826019Z 
2026-09-09T17:13:57.0826403Z /home/runner/work/GGD/GGD/apps/client/src/net/roomLifecycleTeardown.test.ts
2026-09-09T17:13:57.0828985Z ##[warning]  56:5  warning  Promises must be awaited, end with a call to .catch, end with a call to .then with a rejection handler or be explicitly marked as ignored with the `void` operator  @typescript-eslint/no-floating-promises
2026-09-09T17:13:57.0830458Z 
2026-09-09T17:13:57.0830862Z /home/runner/work/GGD/GGD/apps/client/src/render/intermission/IntermissionScene.ts
2026-09-09T17:13:57.0831854Z   391:5  warning  Unused eslint-disable directive (no problems were reported from 'no-console')
2026-09-09T17:13:57.0832886Z   396:5  warning  Unused eslint-disable directive (no problems were reported from 'no-console')
2026-09-09T17:13:57.0833316Z 
2026-09-09T17:13:57.0833735Z /home/runner/work/GGD/GGD/apps/client/src/render/intermission/assetReuse.test.ts
2026-09-09T17:13:57.0834741Z   162:5  warning  Unused eslint-disable directive (no problems were reported from 'no-console')
2026-09-09T17:13:57.0835129Z 
2026-09-09T17:13:57.0835572Z /home/runner/work/GGD/GGD/apps/client/src/render/intermission/purchaseLines.test.ts
2026-09-09T17:13:57.0837157Z ##[warning]  63:9  warning  The value assigned to 'current' is not used in subsequent statements  no-useless-assignment
2026-09-09T17:13:57.0839470Z 
2026-09-09T17:13:57.0839957Z /home/runner/work/GGD/GGD/apps/client/src/render/presentationTriggersWired.test.ts
2026-09-09T17:13:57.0841383Z ##[warning]  35:3  warning  Expected an assignment or function call and instead saw an expression  @typescript-eslint/no-unused-expressions
2026-09-09T17:13:57.0842573Z 
2026-09-09T17:13:57.0842917Z /home/runner/work/GGD/GGD/apps/client/src/render/roundFxRegistry.test.ts
2026-09-09T17:13:57.0844185Z ##[warning]  139:5  warning  The value assigned to 'now' is not used in subsequent statements  no-useless-assignment
2026-09-09T17:13:57.0845155Z 
2026-09-09T17:13:57.0845534Z /home/runner/work/GGD/GGD/apps/client/src/render/roundPurge.test.ts
2026-09-09T17:13:57.0847753Z ##[warning]  113:5  warning  Promises must be awaited, end with a call to .catch, end with a call to .then with a rejection handler or be explicitly marked as ignored with the `void` operator  @typescript-eslint/no-floating-promises
2026-09-09T17:13:57.0850831Z ##[warning]  114:5  warning  Promises must be awaited, end with a call to .catch, end with a call to .then with a rejection handler or be explicitly marked as ignored with the `void` operator  @typescript-eslint/no-floating-promises
2026-09-09T17:13:57.0853983Z ##[warning]  115:5  warning  Promises must be awaited, end with a call to .catch, end with a call to .then with a rejection handler or be explicitly marked as ignored with the `void` operator  @typescript-eslint/no-floating-promises
2026-09-09T17:13:57.0855417Z 
2026-09-09T17:13:57.0855802Z /home/runner/work/GGD/GGD/apps/client/src/render/safeRenderLoop.ts
2026-09-09T17:13:57.0856753Z   52:9  warning  Unused eslint-disable directive (no problems were reported from 'no-console')
2026-09-09T17:13:57.0857209Z 
2026-09-09T17:13:57.0857841Z /home/runner/work/GGD/GGD/apps/client/src/render/vfx/W3xEmitterRig.ts
2026-09-09T17:13:57.0859211Z ##[warning]  389:11  warning  Unexpected aliasing of 'this' to local variable  @typescript-eslint/no-this-alias
2026-09-09T17:13:57.0860286Z 
2026-09-09T17:13:57.0860686Z /home/runner/work/GGD/GGD/apps/client/src/render/vfx/abilityArtContent.ts
2026-09-09T17:13:57.0861852Z ##[warning]  31:5  warning  'derivedCaches' is never reassigned. Use 'const' instead  prefer-const
2026-09-09T17:13:57.0862854Z 
2026-09-09T17:13:57.0863171Z /home/runner/work/GGD/GGD/apps/client/src/ui/TouchControls.tsx
2026-09-09T17:13:57.0865066Z ##[warning]  154:7  warning  React Hook useEffect has a complex expression in the dependency array. Extract it to a separate variable so it can be statically checked  react-hooks/exhaustive-deps
2026-09-09T17:13:57.0866353Z 
2026-09-09T17:13:57.0866722Z /home/runner/work/GGD/GGD/apps/client/src/ui/codex/CodexEditPanel.tsx
2026-09-09T17:13:57.0868695Z ##[warning]  300:6  warning  React Hook useCallback has a missing dependency: 'available'. Either include it or remove the dependency array  react-hooks/exhaustive-deps
2026-09-09T17:13:57.0871289Z ##[warning]  335:6  warning  React Hook useCallback has a missing dependency: 'available'. Either include it or remove the dependency array  react-hooks/exhaustive-deps
2026-09-09T17:13:57.0873715Z ##[warning]  361:6  warning  React Hook useCallback has a missing dependency: 'available'. Either include it or remove the dependency array  react-hooks/exhaustive-deps
2026-09-09T17:13:57.0876093Z ##[warning]  366:6  warning  React Hook useCallback has a missing dependency: 'available'. Either include it or remove the dependency array  react-hooks/exhaustive-deps
2026-09-09T17:13:57.0877211Z 
2026-09-09T17:13:57.0877878Z /home/runner/work/GGD/GGD/apps/client/src/ui/codex/codexEdit.ts
2026-09-09T17:13:57.0879100Z ##[warning]  145:7  warning  The value assigned to 'parsed' is not used in subsequent statements  no-useless-assignment
2026-09-09T17:13:57.0880202Z 
2026-09-09T17:13:57.0880554Z /home/runner/work/GGD/GGD/apps/client/src/ui/codex/useCodex.ts
2026-09-09T17:13:57.0882569Z ##[warning]  114:5  warning  Promises must be awaited, end with a call to .catch, end with a call to .then with a rejection handler or be explicitly marked as ignored with the `void` operator  @typescript-eslint/no-floating-promises
2026-09-09T17:13:57.0883910Z 
2026-09-09T17:13:57.0884325Z /home/runner/work/GGD/GGD/apps/client/src/ui/padSixStageCoverage.test.ts
2026-09-09T17:13:57.0885401Z ##[warning]  68:71  warning  Unnecessary escape character: \`  no-useless-escape
2026-09-09T17:13:57.0886381Z 
2026-09-09T17:13:57.0886786Z /home/runner/work/GGD/GGD/apps/client/src/ui/panels/ChampSelectPanel.tsx
2026-09-09T17:13:57.0888709Z ##[warning]  152:55  warning  React Hook useMemo has an unnecessary dependency: 'roster'. Either exclude it or remove the dependency array  react-hooks/exhaustive-deps
2026-09-09T17:13:57.0891199Z ##[warning]  157:53  warning  React Hook useMemo has an unnecessary dependency: 'roster'. Either exclude it or remove the dependency array  react-hooks/exhaustive-deps
2026-09-09T17:13:57.0892319Z 
2026-09-09T17:13:57.0892723Z /home/runner/work/GGD/GGD/apps/client/src/ui/panels/MatchEndPanel.tsx
2026-09-09T17:13:57.0894958Z ##[warning]  510:9  warning  The 'players' conditional could make the dependencies of useMemo Hook (at line 732) change on every render. To fix this, wrap the initialization of 'players' in its own useMemo() Hook  react-hooks/exhaustive-deps
2026-09-09T17:13:57.0896421Z 
2026-09-09T17:13:57.0896822Z /home/runner/work/GGD/GGD/apps/client/src/ui/panels/champselect/briefingGate.test.ts
2026-09-09T17:13:57.0898280Z ##[warning]  82:9  warning  's' is never reassigned. Use 'const' instead  prefer-const
2026-09-09T17:13:57.0899936Z ##[warning]  92:9  warning  's' is never reassigned. Use 'const' instead  prefer-const
2026-09-09T17:13:57.0900813Z 
2026-09-09T17:13:57.0901168Z /home/runner/work/GGD/GGD/apps/client/src/ui/platform/AuthScreen.tsx
2026-09-09T17:13:57.0903004Z ##[warning]  317:6  warning  React Hook useEffect has a missing dependency: 'returnFromApp'. Either include it or remove the dependency array  react-hooks/exhaustive-deps
2026-09-09T17:13:57.0905200Z ##[warning]  379:9  warning  'fb' is never reassigned. Use 'const' instead                                                                     prefer-const
2026-09-09T17:13:57.0906251Z 
2026-09-09T17:13:57.0906654Z /home/runner/work/GGD/GGD/apps/client/src/ui/platform/ChampionMarquee.tsx
2026-09-09T17:13:57.0908537Z ##[warning]  238:5  warning  React Hook useMemo has an unnecessary dependency: 'contentReady'. Either exclude it or remove the dependency array  react-hooks/exhaustive-deps
2026-09-09T17:13:57.0909753Z 
2026-09-09T17:13:57.0910100Z /home/runner/work/GGD/GGD/apps/client/src/ui/platform/LeaderboardPanel.tsx
2026-09-09T17:13:57.0911846Z ##[warning]  706:5  warning  React Hook useMemo has an unnecessary dependency: 'contentReady'. Either exclude it or remove the dependency array  react-hooks/exhaustive-deps
2026-09-09T17:13:57.0913207Z 
2026-09-09T17:13:57.0913604Z /home/runner/work/GGD/GGD/apps/client/src/ui/platform/StoreScreen.tsx
2026-09-09T17:13:57.0915225Z ##[warning]  407:5  warning  React Hook useMemo has an unnecessary dependency: 'contentReady'. Either exclude it or remove the dependency array  react-hooks/exhaustive-deps
2026-09-09T17:13:57.0917883Z ##[warning]  420:6  warning  React Hook useMemo has an unnecessary dependency: 'contentReady'. Either exclude it or remove the dependency array  react-hooks/exhaustive-deps
2026-09-09T17:13:57.0919071Z 
2026-09-09T17:13:57.0919420Z /home/runner/work/GGD/GGD/apps/client/src/ui/platform/maps.ts
2026-09-09T17:13:57.0920996Z ##[warning]  98:40  warning  React Hook useMemo has an unnecessary dependency: 'ready'. Either exclude it or remove the dependency array  react-hooks/exhaustive-deps
2026-09-09T17:13:57.0922095Z 
2026-09-09T17:13:57.0922389Z /home/runner/work/GGD/GGD/apps/client/src/ui/rangeGuideWiring.test.ts
2026-09-09T17:13:57.0923490Z ##[warning]  58:5  warning  Expected an assignment or function call and instead saw an expression  @typescript-eslint/no-unused-expressions
2026-09-09T17:13:57.0924386Z 
2026-09-09T17:13:57.0924696Z /home/runner/work/GGD/GGD/apps/client/src/ui/scroll/useAutoScrollToRow.ts
2026-09-09T17:13:57.0927097Z ##[warning]  175:27  warning  The ref value 'guard.current' will likely have changed by the time this effect cleanup function runs. If this ref points to a node rendered by React, copy 'guard.current' to a variable inside the effect, and use that variable in the cleanup function  react-hooks/exhaustive-deps
2026-09-09T17:13:57.0928648Z 
2026-09-09T17:13:57.0928918Z /home/runner/work/GGD/GGD/apps/client/src/vfx/AmbientVfx.test.ts
2026-09-09T17:13:57.0929981Z ##[warning]  285:5  warning  The value assigned to 't' is not used in subsequent statements  no-useless-assignment
2026-09-09T17:13:57.0930765Z 
2026-09-09T17:13:57.0931083Z /home/runner/work/GGD/GGD/apps/client/src/vfx/VfxSystem.roundReset.test.ts
2026-09-09T17:13:57.0932057Z ##[warning]  161:5  warning  The value assigned to 'now' is not used in subsequent statements  no-useless-assignment
2026-09-09T17:13:57.0933467Z ##[warning]  263:5  warning  The value assigned to 'now' is not used in subsequent statements  no-useless-assignment
2026-09-09T17:13:57.0934229Z 
2026-09-09T17:13:57.0934535Z /home/runner/work/GGD/GGD/apps/client/src/vfx/gh270EmitterBudget.test.ts
2026-09-09T17:13:57.0935623Z ##[warning]  270:5  warning  The value assigned to 'now' is not used in subsequent statements  no-useless-assignment
2026-09-09T17:13:57.0936421Z 
2026-09-09T17:13:57.0936704Z /home/runner/work/GGD/GGD/apps/client/src/vfx/probe.scratch.test.ts
2026-09-09T17:13:57.0937657Z   55:5  warning  Unused eslint-disable directive (no problems were reported from 'no-console')
2026-09-09T17:13:57.0938025Z 
2026-09-09T17:13:57.0938330Z /home/runner/work/GGD/GGD/apps/client/src/vfx/telegraphCoverage.test.ts
2026-09-09T17:13:57.0939170Z ##[warning]  99:5  warning  'cells' is never reassigned. Use 'const' instead  prefer-const
2026-09-09T17:13:57.0939904Z 
2026-09-09T17:13:57.0940199Z /home/runner/work/GGD/GGD/apps/client/src/vfx/telegraphPoolLeak.test.ts
2026-09-09T17:13:57.0941141Z ##[warning]  138:5  warning  The value assigned to 'now' is not used in subsequent statements  no-useless-assignment
2026-09-09T17:13:57.0941935Z 
2026-09-09T17:13:57.0942299Z /home/runner/work/GGD/GGD/apps/client/src/vfx/telegraphSharedTextureSurvives.test.ts
2026-09-09T17:13:57.0943279Z ##[warning]  102:5  warning  The value assigned to 'now' is not used in subsequent statements  no-useless-assignment
2026-09-09T17:13:57.0944049Z 
2026-09-09T17:13:57.0944308Z /home/runner/work/GGD/GGD/apps/client/src/vfx/vfxScriptStudio.ts
2026-09-09T17:13:57.0945265Z ##[warning]  459:9  warning  The value assigned to 'control' is not used in subsequent statements  no-useless-assignment
2026-09-09T17:13:57.0946056Z 
2026-09-09T17:13:57.0946309Z /home/runner/work/GGD/GGD/apps/editor-desktop/src/preload.ts
2026-09-09T17:13:57.0947721Z ##[warning]  24:40  warning  Promise returned in function argument where a void return was expected  @typescript-eslint/no-misused-promises
2026-09-09T17:13:57.0949577Z ##[warning]  29:54  warning  Promise returned in function argument where a void return was expected  @typescript-eslint/no-misused-promises
2026-09-09T17:13:57.0950423Z 
2026-09-09T17:13:57.0950706Z /home/runner/work/GGD/GGD/apps/editor-desktop/src/saveBeforeClose.ts
2026-09-09T17:13:57.0951784Z ##[warning]  13:7  warning  Expected an assignment or function call and instead saw an expression  @typescript-eslint/no-unused-expressions
2026-09-09T17:13:57.0952649Z 
2026-09-09T17:13:57.0952932Z /home/runner/work/GGD/GGD/apps/editor/src/drafts/CloudHeroLibrary.tsx
2026-09-09T17:13:57.0955506Z ##[warning]  43:31  warning  The ref value 'generation.current' will likely have changed by the time this effect cleanup function runs. If this ref points to a node rendered by React, copy 'generation.current' to a variable inside the effect, and use that variable in the cleanup function  react-hooks/exhaustive-deps
2026-09-09T17:13:57.0958684Z ##[warning]  44:6   warning  React Hook useEffect has a missing dependency: 'refresh'. Either include it or remove the dependency array                                                                                                                                                           react-hooks/exhaustive-deps
2026-09-09T17:13:57.0959845Z 
2026-09-09T17:13:57.0960116Z /home/runner/work/GGD/GGD/apps/editor/src/forge/ForgeStudio.tsx
2026-09-09T17:13:57.0961589Z ##[warning]  246:6  warning  React Hook useEffect has a missing dependency: 'editHistory'. Either include it or remove the dependency array             react-hooks/exhaustive-deps
2026-09-09T17:13:57.0963641Z ##[warning]  322:6  warning  React Hook useEffect has a missing dependency: 'editHistory'. Either include it or remove the dependency array             react-hooks/exhaustive-deps
2026-09-09T17:13:57.0965656Z ##[warning]  429:6  warning  React Hook useEffect has a missing dependency: 'editHistory'. Either include it or remove the dependency array             react-hooks/exhaustive-deps
2026-09-09T17:13:57.0967897Z ##[warning]  435:6  warning  React Hook useEffect has a missing dependency: 'editHistory'. Either include it or remove the dependency array             react-hooks/exhaustive-deps
2026-09-09T17:13:57.0970183Z ##[warning]  608:6  warning  React Hook useMemo has an unnecessary dependency: 'previewContent.data'. Either exclude it or remove the dependency array  react-hooks/exhaustive-deps
2026-09-09T17:13:57.0971197Z 
2026-09-09T17:13:57.0971493Z /home/runner/work/GGD/GGD/apps/editor/src/hero/HeroCommunityPanel.tsx
2026-09-09T17:13:57.0973858Z ##[warning]  34:189  warning  React Hook useEffect has missing dependencies: 'account' and 'readPolicy'. Either include them or remove the dependency array                                                                                                                                                                                                                               react-hooks/exhaustive-deps
2026-09-09T17:13:57.0978316Z ##[warning]  35:89   warning  React Hook useEffect has a missing dependency: 'value.submission?.allowAttributionRemix'. Either include it or remove the dependency array. If 'setAllowRemix' needs the current value of 'value.submission.allowAttributionRemix', you can also switch to useReducer instead of useState and read 'value.submission.allowAttributionRemix' in the reducer  react-hooks/exhaustive-deps
2026-09-09T17:13:57.0982149Z ##[warning]  40:188  warning  React Hook useEffect has missing dependencies: 'account' and 'readReview'. Either include them or remove the dependency array                                                                                                                                                                                                                               react-hooks/exhaustive-deps
2026-09-09T17:13:57.0983444Z 
2026-09-09T17:13:57.0983762Z /home/runner/work/GGD/GGD/apps/editor/src/hero/HeroDraftConflictView.tsx
2026-09-09T17:13:57.0985219Z ##[warning]  52:64  warning  React Hook useMemo has a missing dependency: 'local'. Either include it or remove the dependency array    react-hooks/exhaustive-deps
2026-09-09T17:13:57.0987106Z ##[warning]  60:6   warning  React Hook useEffect has a missing dependency: 'local'. Either include it or remove the dependency array  react-hooks/exhaustive-deps
2026-09-09T17:13:57.0988346Z 
2026-09-09T17:13:57.0988668Z /home/runner/work/GGD/GGD/apps/editor/src/hero/HeroDraftVersionsPanel.tsx
2026-09-09T17:13:57.0991042Z ##[warning]  34:28  warning  The ref value 'request.current' will likely have changed by the time this effect cleanup function runs. If this ref points to a node rendered by React, copy 'request.current' to a variable inside the effect, and use that variable in the cleanup function  react-hooks/exhaustive-deps
2026-09-09T17:13:57.0994014Z ##[warning]  35:6   warning  React Hook useEffect has a missing dependency: 'load'. Either include it or remove the dependency array                                                                                                                                                        react-hooks/exhaustive-deps
2026-09-09T17:13:57.0995158Z 
2026-09-09T17:13:57.0995470Z /home/runner/work/GGD/GGD/apps/editor/src/hero/HeroModelUploadPanel.tsx
2026-09-09T17:13:57.0996955Z ##[warning]  26:6  warning  React Hook useEffect has missing dependencies: 'draft' and 'summary?.sha256'. Either include them or remove the dependency array  react-hooks/exhaustive-deps
2026-09-09T17:13:57.0998132Z 
2026-09-09T17:13:57.0998423Z /home/runner/work/GGD/GGD/apps/editor/src/hero/HeroWithdrawAction.tsx
2026-09-09T17:13:57.1000786Z ##[warning]  11:87  warning  The ref value 'generation.current' will likely have changed by the time this effect cleanup function runs. If this ref points to a node rendered by React, copy 'generation.current' to a variable inside the effect, and use that variable in the cleanup function  react-hooks/exhaustive-deps
2026-09-09T17:13:57.1002176Z 
2026-09-09T17:13:57.1002470Z /home/runner/work/GGD/GGD/apps/editor/src/hero/useUploadedHeroModel.ts
2026-09-09T17:13:57.1003858Z ##[warning]  31:6    warning  React Hook useEffect has a missing dependency: 'model'. Either include it or remove the dependency array                react-hooks/exhaustive-deps
2026-09-09T17:13:57.1006085Z ##[warning]  33:241  warning  React Hook useMemo has missing dependencies: 'model' and 'project'. Either include them or remove the dependency array  react-hooks/exhaustive-deps
2026-09-09T17:13:57.1007078Z 
2026-09-09T17:13:57.1007527Z /home/runner/work/GGD/GGD/apps/editor/src/preview/PreviewPanel.tsx
2026-09-09T17:13:57.1008973Z ##[warning]   55:6  warning  React Hook useMemo has a missing dependency: 'parsed.data'. Either include it or remove the dependency array  react-hooks/exhaustive-deps
2026-09-09T17:13:57.1010918Z ##[warning]  100:6  warning  React Hook useMemo has a missing dependency: 'parsed.data'. Either include it or remove the dependency array  react-hooks/exhaustive-deps
2026-09-09T17:13:57.1012868Z ##[warning]  153:6  warning  React Hook useMemo has a missing dependency: 'parsed.data'. Either include it or remove the dependency array  react-hooks/exhaustive-deps
2026-09-09T17:13:57.1013809Z 
2026-09-09T17:13:57.1014094Z /home/runner/work/GGD/GGD/apps/editor/src/preview3d/ModelPanel.tsx
2026-09-09T17:13:57.1015643Z ##[warning]  150:6  warning  React Hook useEffect has a missing dependency: 'appearance'. Either include it or remove the dependency array                             react-hooks/exhaustive-deps
2026-09-09T17:13:57.1018128Z ##[warning]  156:5  warning  React Hook useEffect has a complex expression in the dependency array. Extract it to a separate variable so it can be statically checked  react-hooks/exhaustive-deps
2026-09-09T17:13:57.1020448Z ##[warning]  157:5  warning  React Hook useEffect has a complex expression in the dependency array. Extract it to a separate variable so it can be statically checked  react-hooks/exhaustive-deps
2026-09-09T17:13:57.1022860Z ##[warning]  158:5  warning  React Hook useEffect has a complex expression in the dependency array. Extract it to a separate variable so it can be statically checked  react-hooks/exhaustive-deps
2026-09-09T17:13:57.1023910Z 
2026-09-09T17:13:57.1024143Z /home/runner/work/GGD/GGD/apps/game-server/src/index.ts
2026-09-09T17:13:57.1025551Z ##[warning]  503:9  warning  Do not assign to the exception parameter                                                                                                                            no-ex-assign
2026-09-09T17:13:57.1028115Z ##[warning]  523:1  warning  Promises must be awaited, end with a call to .catch, end with a call to .then with a rejection handler or be explicitly marked as ignored with the `void` operator  @typescript-eslint/no-floating-promises
2026-09-09T17:13:57.1029280Z 
2026-09-09T17:13:57.1029599Z /home/runner/work/GGD/GGD/apps/game-server/src/net/wsCompression.test.ts
2026-09-09T17:13:57.1030529Z    50:1  warning  Unused eslint-disable directive (no problems were reported from '@typescript-eslint/no-explicit-any')
2026-09-09T17:13:57.1031533Z   108:1  warning  Unused eslint-disable directive (no problems were reported from '@typescript-eslint/no-explicit-any')
2026-09-09T17:13:57.1031954Z 
2026-09-09T17:13:57.1032234Z /home/runner/work/GGD/GGD/packages/shared/scripts/deriveCastTimes.ts
2026-09-09T17:13:57.1033225Z ##[warning]  241:42  warning  Unnecessary escape character: \s  no-useless-escape
2026-09-09T17:13:57.1034386Z ##[warning]  241:72  warning  Unnecessary escape character: \}  no-useless-escape
2026-09-09T17:13:57.1035492Z ##[warning]  245:56  warning  Unnecessary escape character: \}  no-useless-escape
2026-09-09T17:13:57.1036159Z 
2026-09-09T17:13:57.1036451Z /home/runner/work/GGD/GGD/packages/shared/scripts/probeSlotResolve.ts
2026-09-09T17:13:57.1037781Z ##[warning]  119:3  warning  Expected an assignment or function call and instead saw an expression  @typescript-eslint/no-unused-expressions
2026-09-09T17:13:57.1038716Z 
2026-09-09T17:13:57.1039079Z /home/runner/work/GGD/GGD/packages/shared/src/content/championCardSkillLine.test.ts
2026-09-09T17:13:57.1040301Z ##[warning]  44:9  warning  The value assigned to 'out' is not used in subsequent statements  no-useless-assignment
2026-09-09T17:13:57.1041097Z 
2026-09-09T17:13:57.1041433Z /home/runner/work/GGD/GGD/packages/shared/src/content/descriptionClaims.test.ts
2026-09-09T17:13:57.1042445Z ##[warning]  65:7  warning  'open' is never reassigned. Use 'const' instead  prefer-const
2026-09-09T17:13:57.1043168Z 
2026-09-09T17:13:57.1043498Z /home/runner/work/GGD/GGD/packages/shared/src/content/import/packageSchema.ts
2026-09-09T17:13:57.1044376Z ##[warning]  114:35  warning  Unnecessary escape character: \-  no-useless-escape
2026-09-09T17:13:57.1045102Z 
2026-09-09T17:13:57.1045426Z /home/runner/work/GGD/GGD/packages/shared/src/content/import/validatePackage.ts
2026-09-09T17:13:57.1046458Z ##[warning]  265:9  warning  The value assigned to 'edges' is not used in subsequent statements  no-useless-assignment
2026-09-09T17:13:57.1047265Z 
2026-09-09T17:13:57.1047748Z /home/runner/work/GGD/GGD/packages/shared/src/content/sha256.ts
2026-09-09T17:13:57.1048490Z   7:1  warning  Unused eslint-disable directive (no problems were reported from 'no-bitwise')
2026-09-09T17:13:57.1048848Z 
2026-09-09T17:13:57.1049180Z /home/runner/work/GGD/GGD/packages/shared/src/content/speedGrowthTiers.test.ts
2026-09-09T17:13:57.1049955Z   163:7  warning  Unused eslint-disable directive (no problems were reported from 'no-console')
2026-09-09T17:13:57.1050306Z 
2026-09-09T17:13:57.1050637Z /home/runner/work/GGD/GGD/packages/shared/src/content/vfxBricksConverge.test.ts
2026-09-09T17:13:57.1051438Z ##[warning]  72:56  warning  Unnecessary escape character: \-  no-useless-escape
2026-09-09T17:13:57.1052147Z 
2026-09-09T17:13:57.1052442Z /home/runner/work/GGD/GGD/packages/shared/src/ops/acceptanceN3.test.ts
2026-09-09T17:13:57.1053538Z ##[warning]  261:7  warning  The value assigned to 'sourceId' is not used in subsequent statements  no-useless-assignment
2026-09-09T17:13:57.1054498Z 
2026-09-09T17:13:57.1054832Z /home/runner/work/GGD/GGD/packages/shared/src/ops/aiPromoteGuardIsArmed.test.ts
2026-09-09T17:13:57.1055815Z ##[warning]  74:5  warning  There is no `cause` attached to the symptom error being thrown  preserve-caught-error
2026-09-09T17:13:57.1056597Z 
2026-09-09T17:13:57.1056932Z /home/runner/work/GGD/GGD/packages/shared/src/ops/codexContractNumbers.test.ts
2026-09-09T17:13:57.1058172Z ##[warning]  65:7  warning  There is no `cause` attached to the symptom error being thrown  preserve-caught-error
2026-09-09T17:13:57.1058978Z 
2026-09-09T17:13:57.1059316Z /home/runner/work/GGD/GGD/packages/shared/src/ops/editorCoverageFresh.test.ts
2026-09-09T17:13:57.1060305Z ##[warning]  54:9  warning  The value assigned to 'out' is not used in subsequent statements  no-useless-assignment
2026-09-09T17:13:57.1061089Z 
2026-09-09T17:13:57.1061396Z /home/runner/work/GGD/GGD/packages/shared/src/ops/jassComboTable.test.ts
2026-09-09T17:13:57.1062339Z ##[warning]  46:9  warning  The value assigned to 'out' is not used in subsequent statements  no-useless-assignment
2026-09-09T17:13:57.1063115Z 
2026-09-09T17:13:57.1063450Z /home/runner/work/GGD/GGD/packages/shared/src/ops/jassExtractionCoverage.test.ts
2026-09-09T17:13:57.1064433Z ##[warning]  83:11  warning  The value assigned to 'out' is not used in subsequent statements  no-useless-assignment
2026-09-09T17:13:57.1065207Z 
2026-09-09T17:13:57.1065560Z /home/runner/work/GGD/GGD/packages/shared/src/ops/laneVDryRunWritesNothing.test.ts
2026-09-09T17:13:57.1066520Z ##[warning]  71:9  warning  The value assigned to 'out' is not used in subsequent statements  no-useless-assignment
2026-09-09T17:13:57.1067340Z 
2026-09-09T17:13:57.1067952Z /home/runner/work/GGD/GGD/packages/shared/src/ops/nginxTokenScrub.test.ts
2026-09-09T17:13:57.1068733Z ##[warning]  59:15  warning  Spaces are hard to count. Use {4}  no-regex-spaces
2026-09-09T17:13:57.1069499Z 
2026-09-09T17:13:57.1069907Z /home/runner/work/GGD/GGD/packages/shared/src/ops/quarantineOrphansAndEntrypoints.test.ts
2026-09-09T17:13:57.1070968Z ##[warning]  128:9  warning  The value assigned to 'out' is not used in subsequent statements  no-useless-assignment
2026-09-09T17:13:57.1071758Z 
2026-09-09T17:13:57.1072051Z /home/runner/work/GGD/GGD/packages/shared/src/ops/ruleSlipLedger.test.ts
2026-09-09T17:13:57.1073140Z ##[warning]  39:9  warning  The value assigned to 'out' is not used in subsequent statements  no-useless-assignment
2026-09-09T17:13:57.1073920Z 
2026-09-09T17:13:57.1074254Z /home/runner/work/GGD/GGD/packages/shared/src/ops/sceneryCc0Provenance.test.ts
2026-09-09T17:13:57.1075202Z ##[warning]  63:9  warning  The value assigned to 'out' is not used in subsequent statements  no-useless-assignment
2026-09-09T17:13:57.1075968Z 
2026-09-09T17:13:57.1076295Z /home/runner/work/GGD/GGD/packages/shared/src/ops/skillRemakeDocsFresh.test.ts
2026-09-09T17:13:57.1077238Z ##[warning]  37:9  warning  The value assigned to 'out' is not used in subsequent statements  no-useless-assignment
2026-09-09T17:13:57.1078186Z 
2026-09-09T17:13:57.1078490Z /home/runner/work/GGD/GGD/packages/shared/src/ops/ugcGateIsArmed.test.ts
2026-09-09T17:13:57.1079452Z ##[warning]  103:5  warning  There is no `cause` attached to the symptom error being thrown  preserve-caught-error
2026-09-09T17:13:57.1080239Z 
2026-09-09T17:13:57.1080637Z /home/runner/work/GGD/GGD/packages/shared/src/ops/zipSafetyWiredWhenImporterLands.test.ts
2026-09-09T17:13:57.1081669Z ##[warning]  36:7  warning  The value assigned to 'out' is not used in subsequent statements  no-useless-assignment
2026-09-09T17:13:57.1082451Z 
2026-09-09T17:13:57.1082782Z /home/runner/work/GGD/GGD/packages/shared/src/sim/championFormContent.test.ts
2026-09-09T17:13:57.1083948Z ##[warning]  298:11  warning  The value assigned to 'modelKey' is not used in subsequent statements  no-useless-assignment
2026-09-09T17:13:57.1084754Z 
2026-09-09T17:13:57.1085095Z /home/runner/work/GGD/GGD/packages/shared/src/sim/content/registryContext.test.ts
2026-09-09T17:13:57.1086457Z ##[warning]  44:53  warning  Promise returned in function argument where a void return was expected  @typescript-eslint/no-misused-promises
2026-09-09T17:13:57.1087455Z 
2026-09-09T17:13:57.1087748Z /home/runner/work/GGD/GGD/packages/shared/src/sim/effects/applyStatus.ts
2026-09-09T17:13:57.1088889Z ##[warning]  237:11  warning  The value assigned to 'addedTicks' is not used in subsequent statements  no-useless-assignment
2026-09-09T17:13:57.1089714Z 
2026-09-09T17:13:57.1090054Z /home/runner/work/GGD/GGD/packages/shared/src/sim/effects/chainLightning.test.ts
2026-09-09T17:13:57.1090861Z   236:7  warning  Unused eslint-disable directive (no problems were reported from 'no-console')
2026-09-09T17:13:57.1091219Z 
2026-09-09T17:13:57.1091492Z /home/runner/work/GGD/GGD/packages/shared/src/sim/efurKit.test.ts
2026-09-09T17:13:57.1092498Z ##[warning]  219:9  warning  The value assigned to 'armorWithAll' is not used in subsequent statements  no-useless-assignment
2026-09-09T17:13:57.1093337Z 
2026-09-09T17:13:57.1093626Z /home/runner/work/GGD/GGD/packages/shared/src/sim/stuckEscape.test.ts
2026-09-09T17:13:57.1094448Z ##[warning]  168:9  warning  'escaped' is never reassigned. Use 'const' instead  prefer-const
2026-09-09T17:13:57.1095174Z 
2026-09-09T17:13:57.1095500Z /home/runner/work/GGD/GGD/packages/shared/src/sim/systems/BasicAttackSystem.ts
2026-09-09T17:13:57.1096420Z ##[warning]  510:7  warning  'amount' is never reassigned. Use 'const' instead  prefer-const
2026-09-09T17:13:57.1097136Z 
2026-09-09T17:13:57.1097634Z /home/runner/work/GGD/GGD/packages/shared/src/sim/systems/GuardianSystem.test.ts
2026-09-09T17:13:57.1098498Z ##[warning]  167:16  warning  Unexpected empty array pattern  no-empty-pattern
2026-09-09T17:13:57.1099178Z 
2026-09-09T17:13:57.1099501Z /home/runner/work/GGD/GGD/packages/shared/src/sim/weaponClassCoverage.test.ts
2026-09-09T17:13:57.1100277Z   180:5  warning  Unused eslint-disable directive (no problems were reported from 'no-console')
2026-09-09T17:13:57.1100643Z 
2026-09-09T17:13:57.1100945Z /home/runner/work/GGD/GGD/packages/shared/testkit/balancePopulation.ts
2026-09-09T17:13:57.1101968Z ##[warning]  144:7  warning  There is no `cause` attached to the symptom error being thrown  preserve-caught-error
2026-09-09T17:13:57.1102758Z 
2026-09-09T17:13:57.1103019Z /home/runner/work/GGD/GGD/packages/shared/testkit/headlessUi.ts
2026-09-09T17:13:57.1104843Z ##[warning]  166:28  warning  React Hook useMemo was passed a dependency list that is not an array literal. This means we can't statically verify whether you've passed the correct dependencies  react-hooks/exhaustive-deps
2026-09-09T17:13:57.1107198Z ##[warning]  166:28  warning  React Hook useMemo has a missing dependency: 'fn'. Either include it or remove the dependency array                                                                 react-hooks/exhaustive-deps
2026-09-09T17:13:57.1108443Z 
2026-09-09T17:13:57.1108725Z /home/runner/work/GGD/GGD/packages/shared/testkit/starterRoster.ts
2026-09-09T17:13:57.1109671Z ##[warning]  68:5  warning  There is no `cause` attached to the symptom error being thrown  preserve-caught-error
2026-09-09T17:13:57.1110457Z 
2026-09-09T17:13:57.1110740Z /home/runner/work/GGD/GGD/tools/admin-live/datasets/mdl-families.mjs
2026-09-09T17:13:57.1112051Z ##[warning]  186:15  warning  The value assigned to 'vk' is not used in subsequent statements  no-useless-assignment
2026-09-09T17:13:57.1112870Z 
2026-09-09T17:13:57.1113165Z /home/runner/work/GGD/GGD/tools/admin-live/datasets/parallel-board.mjs
2026-09-09T17:13:57.1114173Z ##[warning]  101:9  warning  The value assigned to 'time' is not used in subsequent statements        no-useless-assignment
2026-09-09T17:13:57.1115662Z ##[warning]  102:9  warning  The value assigned to 'quote' is not used in subsequent statements       no-useless-assignment
2026-09-09T17:13:57.1117124Z ##[warning]  103:9  warning  The value assigned to 'ticketCell' is not used in subsequent statements  no-useless-assignment
2026-09-09T17:13:57.1118263Z 
2026-09-09T17:13:57.1118546Z /home/runner/work/GGD/GGD/tools/admin-live/datasets/skill-authoring.mjs
2026-09-09T17:13:57.1119525Z ##[warning]  204:9   warning  The value assigned to 'files' is not used in subsequent statements  no-useless-assignment
2026-09-09T17:13:57.1120961Z ##[warning]  219:70  warning  Unnecessary escape character: \[                                    no-useless-escape
2026-09-09T17:13:57.1122355Z ##[warning]  371:40  warning  Unnecessary escape character: \[                                    no-useless-escape
2026-09-09T17:13:57.1123113Z 
2026-09-09T17:13:57.1123362Z /home/runner/work/GGD/GGD/tools/balance-alert/echoLoop.ts
2026-09-09T17:13:57.1124507Z ##[warning]  199:12  warning  Expected an assignment or function call and instead saw an expression  @typescript-eslint/no-unused-expressions
2026-09-09T17:13:57.1125409Z 
2026-09-09T17:13:57.1125636Z /home/runner/work/GGD/GGD/tools/balance-anchors/gen.ts
2026-09-09T17:13:57.1126611Z ##[warning]  434:7  warning  The value assigned to 'have' is not used in subsequent statements  no-useless-assignment
2026-09-09T17:13:57.1127583Z 
2026-09-09T17:13:57.1127863Z /home/runner/work/GGD/GGD/tools/brick-census/gen.ts
2026-09-09T17:13:57.1128821Z ##[warning]  296:9  warning  The value assigned to 'cur' is not used in subsequent statements  no-useless-assignment
2026-09-09T17:13:57.1129638Z 
2026-09-09T17:13:57.1129901Z /home/runner/work/GGD/GGD/tools/card-prose/gen_card_prose.ts
2026-09-09T17:13:57.1130628Z   358:3  warning  Unused eslint-disable directive (no problems were reported from 'no-console')
2026-09-09T17:13:57.1131000Z 
2026-09-09T17:13:57.1131323Z /home/runner/work/GGD/GGD/tools/community-hero-forge/parody/sim-harness.mjs
2026-09-09T17:13:57.1132280Z ##[warning]  121:108  warning  Empty block statement                             no-empty
2026-09-09T17:13:57.1133543Z ##[warning]  153:11   warning  'frame' is never reassigned. Use 'const' instead  prefer-const
2026-09-09T17:13:57.1134273Z 
2026-09-09T17:13:57.1134540Z /home/runner/work/GGD/GGD/tools/deploy/test/ggd-backup.test.ts
2026-09-09T17:13:57.1135438Z ##[warning]  53:5  warning  'boxes' is never reassigned. Use 'const' instead  prefer-const
2026-09-09T17:13:57.1136166Z 
2026-09-09T17:13:57.1136399Z /home/runner/work/GGD/GGD/tools/hero-archetypes/build.ts
2026-09-09T17:13:57.1137158Z ##[warning]  309:169  warning  Unnecessary escape character: \`  no-useless-escape
2026-09-09T17:13:57.1138726Z ##[warning]  309:180  warning  Unnecessary escape character: \`  no-useless-escape
2026-09-09T17:13:57.1139430Z 
2026-09-09T17:13:57.1139680Z /home/runner/work/GGD/GGD/tools/model-budget/emit_report.ts
2026-09-09T17:13:57.1140845Z ##[warning]  349:40  warning  Expected an assignment or function call and instead saw an expression  @typescript-eslint/no-unused-expressions
2026-09-09T17:13:57.1141738Z 
2026-09-09T17:13:57.1142008Z /home/runner/work/GGD/GGD/tools/parallel-gates/force-writes.mjs
2026-09-09T17:13:57.1142996Z ##[warning]  54:7  warning  The value assigned to 'out' is not used in subsequent statements  no-useless-assignment
2026-09-09T17:13:57.1143802Z 
2026-09-09T17:13:57.1144024Z /home/runner/work/GGD/GGD/tools/parallel-gates/trace.mjs
2026-09-09T17:13:57.1144923Z ##[warning]  343:7  warning  The value assigned to 'out' is not used in subsequent statements  no-useless-assignment
2026-09-09T17:13:57.1146335Z ##[warning]  353:7  warning  The value assigned to 'top' is not used in subsequent statements  no-useless-assignment
2026-09-09T17:13:57.1147128Z 
2026-09-09T17:13:57.1147344Z /home/runner/work/GGD/GGD/tools/roster-guard/check.ts
2026-09-09T17:13:57.1148692Z ##[warning]  720:11  warning  The value assigned to 'isDir' is not used in subsequent statements  no-useless-assignment
2026-09-09T17:13:57.1149517Z 
2026-09-09T17:13:57.1149829Z /home/runner/work/GGD/GGD/tools/skill-forge/build-visual-review-packet.mjs
2026-09-09T17:13:57.1150788Z ##[warning]  60:5  warning  'advisoryById' is never reassigned. Use 'const' instead  prefer-const
2026-09-09T17:13:57.1151711Z 
2026-09-09T17:13:57.1151964Z /home/runner/work/GGD/GGD/tools/stat-caps/gen_stat_caps.ts
2026-09-09T17:13:57.1152952Z ##[warning]  348:7  warning  The value assigned to 'have' is not used in subsequent statements  no-useless-assignment
2026-09-09T17:13:57.1153772Z 
2026-09-09T17:13:57.1154005Z /home/runner/work/GGD/GGD/tools/ttk-sim/src/goldCurve.ts
2026-09-09T17:13:57.1155111Z ##[warning]  109:7  warning  The value assigned to 'combatSecOut' is not used in subsequent statements  no-useless-assignment
2026-09-09T17:13:57.1155943Z 
2026-09-09T17:13:57.1156159Z /home/runner/work/GGD/GGD/tools/ttk-sim/src/retune.ts
2026-09-09T17:13:57.1184365Z ##[warning]  59:33  warning  Expected an assignment or function call and instead saw an expression  @typescript-eslint/no-unused-expressions
2026-09-09T17:13:57.1186761Z ##[warning]  60:34  warning  Expected an assignment or function call and instead saw an expression  @typescript-eslint/no-unused-expressions
2026-09-09T17:13:57.1188680Z ##[warning]  61:33  warning  Expected an assignment or function call and instead saw an expression  @typescript-eslint/no-unused-expressions
2026-09-09T17:13:57.1190309Z ##[warning]  62:34  warning  Expected an assignment or function call and instead saw an expression  @typescript-eslint/no-unused-expressions
2026-09-09T17:13:57.1191902Z ##[warning]  63:34  warning  Expected an assignment or function call and instead saw an expression  @typescript-eslint/no-unused-expressions
2026-09-09T17:13:57.1193479Z ##[warning]  64:31  warning  Expected an assignment or function call and instead saw an expression  @typescript-eslint/no-unused-expressions
2026-09-09T17:13:57.1194323Z 
2026-09-09T17:13:57.1194554Z /home/runner/work/GGD/GGD/tools/ttk-sim/src/sweep.ts
2026-09-09T17:13:57.1195598Z ##[warning]  43:33  warning  Expected an assignment or function call and instead saw an expression  @typescript-eslint/no-unused-expressions
2026-09-09T17:13:57.1197238Z ##[warning]  44:33  warning  Expected an assignment or function call and instead saw an expression  @typescript-eslint/no-unused-expressions
2026-09-09T17:13:57.1199012Z ##[warning]  45:34  warning  Expected an assignment or function call and instead saw an expression  @typescript-eslint/no-unused-expressions
2026-09-09T17:13:57.1200608Z ##[warning]  46:34  warning  Expected an assignment or function call and instead saw an expression  @typescript-eslint/no-unused-expressions
2026-09-09T17:13:57.1202395Z ##[warning]  47:31  warning  Expected an assignment or function call and instead saw an expression  @typescript-eslint/no-unused-expressions
2026-09-09T17:13:57.1203275Z 
2026-09-09T17:13:57.1203493Z /home/runner/work/GGD/GGD/tools/type-catalog/gen.ts
2026-09-09T17:13:57.1204296Z ##[warning]  148:42  warning  Unnecessary escape character: \-  no-useless-escape
2026-09-09T17:13:57.1205010Z 
2026-09-09T17:13:57.1205255Z /home/runner/work/GGD/GGD/tools/uptime-probe/src/config.ts
2026-09-09T17:13:57.1206302Z ##[warning]  313:5  warning  There is no `cause` attached to the symptom error being thrown  preserve-caught-error
2026-09-09T17:13:57.1207106Z 
2026-09-09T17:13:57.1207522Z /home/runner/work/GGD/GGD/tools/uptime-probe/src/notify.test.ts
2026-09-09T17:13:57.1208364Z ##[warning]  236:87  warning  Spaces are hard to count. Use {2}  no-regex-spaces
2026-09-09T17:13:57.1209076Z 
2026-09-09T17:13:57.1209298Z /home/runner/work/GGD/GGD/tools/voice-gen/src/serve.mjs
2026-09-09T17:13:57.1210495Z ##[warning]  595:9  warning  Expected an assignment or function call and instead saw an expression  @typescript-eslint/no-unused-expressions
2026-09-09T17:13:57.1211387Z 
2026-09-09T17:13:57.1211632Z /home/runner/work/GGD/GGD/tools/voxel-gen/barcodeExtract.ts
2026-09-09T17:13:57.1212745Z ##[warning]  94:11  warning  An interface declaring no members is equivalent to its supertype  @typescript-eslint/no-empty-object-type
2026-09-09T17:13:57.1213649Z 
2026-09-09T17:13:57.1213891Z /home/runner/work/GGD/GGD/tools/w3x-import/mesh_audit.mts
2026-09-09T17:13:57.1214601Z ##[warning]  297:11  warning  Empty block statement  no-empty
2026-09-09T17:13:57.1215410Z 
2026-09-09T17:13:57.1215662Z /home/runner/work/GGD/GGD/tools/w3x-import/model_audit_61.mjs
2026-09-09T17:13:57.1216298Z ##[warning]  121:115  warning  Empty block statement  no-empty
2026-09-09T17:13:57.1216946Z 
2026-09-09T17:13:57.1217232Z /home/runner/work/GGD/GGD/tools/w3x-import/model_size_audit_150.mjs
2026-09-09T17:13:57.1218240Z ##[warning]  80:7  warning  'out' is never reassigned. Use 'const' instead  prefer-const
2026-09-09T17:13:57.1218969Z 
2026-09-09T17:13:57.1219274Z /home/runner/work/GGD/GGD/tools/w3x-import/test/particles_regen.test.ts
2026-09-09T17:13:57.1220347Z ##[warning]  57:9  warning  The value assigned to 'out' is not used in subsequent statements  no-useless-assignment
2026-09-09T17:13:57.1221176Z 
2026-09-09T17:13:57.1221506Z /home/runner/work/GGD/GGD/tools/w3x-import/test/shippedVfxIsCurrent.test.ts
2026-09-09T17:13:57.1222514Z ##[warning]  398:11  warning  The value assigned to 'out' is not used in subsequent statements  no-useless-assignment
2026-09-09T17:13:57.1223325Z 
2026-09-09T17:13:57.1223771Z ✖ 197 problems (0 errors, 197 warnings)
2026-09-09T17:13:57.1224257Z   0 errors and 34 warnings potentially fixable with the `--fix` option.
2026-09-09T17:13:57.1224537Z 
2026-09-09T17:13:58.1004645Z ##[group]Run pnpm -r --if-present typecheck
2026-09-09T17:13:58.1005038Z [36;1mpnpm -r --if-present typecheck[0m
2026-09-09T17:13:58.1070689Z shell: /usr/bin/bash -e {0}
2026-09-09T17:13:58.1070987Z env:
2026-09-09T17:13:58.1071208Z   GO_VERSION: 1.25.14
2026-09-09T17:13:58.1071509Z   PNPM_HOME: /home/runner/setup-pnpm/node_modules/.bin
2026-09-09T17:13:58.1071851Z ##[endgroup]
2026-09-09T17:13:58.5355107Z Scope: 20 of 21 workspace projects
2026-09-09T17:13:58.5429654Z apps/test-dashboard typecheck$ tsc --noEmit -p tsconfig.json
2026-09-09T17:13:58.5435408Z packages/shared typecheck$ tsc --noEmit -p tsconfig.json
2026-09-09T17:13:58.5439813Z tools/capability-export typecheck$ tsc --noEmit -p tsconfig.json
2026-09-09T17:13:58.5446295Z tools/model-budget typecheck$ tsc --noEmit -p tsconfig.json
2026-09-09T17:14:03.0758297Z apps/test-dashboard typecheck: Done
2026-09-09T17:14:03.0999157Z tools/todo-check typecheck$ tsc --noEmit -p tsconfig.json
2026-09-09T17:14:05.9893515Z tools/todo-check typecheck: Done
2026-09-09T17:14:05.9909597Z tools/tts-gen typecheck$ node --check src/generate.mjs && node --check src/build-champ-names.mjs && node --check src/build-champ-quotes.mjs
2026-09-09T17:14:06.1539716Z tools/tts-gen typecheck: Done
2026-09-09T17:14:06.1619438Z tools/uptime-probe typecheck$ tsc --noEmit -p tsconfig.json
2026-09-09T17:14:09.6878998Z tools/uptime-probe typecheck: Done
2026-09-09T17:14:09.6898546Z tools/vfx-visual-review typecheck$ tsc --noEmit -p tsconfig.json
2026-09-09T17:14:13.9078876Z tools/vfx-visual-review typecheck: Done
2026-09-09T17:14:22.1495721Z tools/capability-export typecheck: Done
2026-09-09T17:14:24.7068973Z tools/model-budget typecheck: Done
2026-09-09T17:14:34.5493927Z packages/shared typecheck: Done
2026-09-09T17:14:34.5502139Z apps/admin typecheck$ tsc --noEmit -p tsconfig.json
2026-09-09T17:14:34.5504592Z apps/client typecheck$ tsc --noEmit -p tsconfig.json
2026-09-09T17:14:34.5506982Z apps/content-api typecheck$ tsc --noEmit -p tsconfig.json
2026-09-09T17:14:34.5509298Z apps/editor typecheck$ tsc --noEmit -p tsconfig.json
2026-09-09T17:15:09.9327618Z apps/content-api typecheck: Done
2026-09-09T17:15:09.9333321Z apps/editor-desktop typecheck$ tsc --noEmit -p tsconfig.json
2026-09-09T17:15:32.6838099Z apps/editor typecheck: Done
2026-09-09T17:15:32.6843951Z apps/game-server typecheck$ tsc --noEmit -p tsconfig.json
2026-09-09T17:15:38.3541230Z apps/editor-desktop typecheck: Done
2026-09-09T17:15:38.3562818Z tools/anime-arena-map typecheck$ tsc --noEmit -p tsconfig.json
2026-09-09T17:15:47.8751432Z apps/admin typecheck: Done
2026-09-09T17:15:47.8859936Z tools/role-classify typecheck$ tsc --noEmit -p tsconfig.json
2026-09-09T17:15:49.4690086Z apps/client typecheck: Done
2026-09-09T17:15:49.4724223Z tools/voxel-gen typecheck$ tsc --noEmit -p tsconfig.json
2026-09-09T17:16:01.9713634Z tools/anime-arena-map typecheck: Done
2026-09-09T17:16:06.6907115Z apps/game-server typecheck: Done
2026-09-09T17:16:08.3938271Z tools/role-classify typecheck: Done
2026-09-09T17:16:09.4152336Z tools/voxel-gen typecheck: Done
2026-09-09T17:16:09.4156627Z tools/ttk-sim typecheck$ tsc --noEmit -p tsconfig.json
2026-09-09T17:16:20.7522047Z tools/ttk-sim typecheck: Done
2026-09-09T17:16:20.7711795Z ##[group]Run set -o pipefail
2026-09-09T17:16:20.7712157Z [36;1mset -o pipefail[0m
2026-09-09T17:16:20.7712479Z [36;1mforks="${GGD_VITEST_FORKS_PER_PACKAGE:-$(nproc)}"[0m
2026-09-09T17:16:20.7713094Z [36;1mecho "nproc=$(nproc)  workspace-concurrency=${GGD_WORKSPACE_TEST_CONCURRENCY}  forks-per-package=${forks}"[0m
2026-09-09T17:16:20.7713837Z [36;1mpnpm -r --workspace-concurrency="${GGD_WORKSPACE_TEST_CONCURRENCY}" --if-present test \[0m
2026-09-09T17:16:20.7714479Z [36;1m  -- --poolOptions.forks.maxForks "${forks}" --poolOptions.forks.minForks 1 \[0m
2026-09-09T17:16:20.7714993Z [36;1m  2>&1 | tee "${RUNNER_TEMP}/vitest-unit.log"[0m
2026-09-09T17:16:20.7759140Z shell: /usr/bin/bash --noprofile --norc -e -o pipefail {0}
2026-09-09T17:16:20.7759522Z env:
2026-09-09T17:16:20.7759740Z   GO_VERSION: 1.25.14
2026-09-09T17:16:20.7760035Z   PNPM_HOME: /home/runner/setup-pnpm/node_modules/.bin
2026-09-09T17:16:20.7760512Z   GGD_COVERAGE_FILE: /home/runner/work/_temp/coverage-unit.ndjson
2026-09-09T17:16:20.7760898Z   GGD_WORKSPACE_TEST_CONCURRENCY: 1
2026-09-09T17:16:20.7761186Z   GGD_VITEST_FORKS_PER_PACKAGE: 
2026-09-09T17:16:20.7761451Z ##[endgroup]
2026-09-09T17:16:20.7941705Z nproc=4  workspace-concurrency=1  forks-per-package=4
2026-09-09T17:16:21.2132638Z Scope: 20 of 21 workspace projects
2026-09-09T17:16:21.2175796Z ##[group]@ggd/test-dashboard@0.0.0 : test apps/test-dashboard
2026-09-09T17:16:21.2215626Z 
2026-09-09T17:16:21.2216425Z > @ggd/test-dashboard@0.0.0 test /home/runner/work/GGD/GGD/apps/test-dashboard
2026-09-09T17:16:21.2217264Z > vitest run --poolOptions.forks.maxForks 4 --poolOptions.forks.minForks 1
2026-09-09T17:16:21.2217805Z 
2026-09-09T17:16:21.5205833Z 
2026-09-09T17:16:21.5208229Z [1m[7m[36m RUN [39m[27m[22m [36mv2.1.9 [39m[90m/home/runner/work/GGD/GGD/apps/test-dashboard[39m
2026-09-09T17:16:21.5208904Z 
2026-09-09T17:16:21.8449445Z  [32m✓[39m src/store.test.ts [2m([22m[2m7 tests[22m[2m)[22m[90m 31[2mms[22m[39m
2026-09-09T17:16:21.8575454Z 
2026-09-09T17:16:21.8588542Z [2m Test Files [22m [1m[32m1 passed[39m[22m[90m (1)[39m
2026-09-09T17:16:21.8589544Z [2m      Tests [22m [1m[32m7 passed[39m[22m[90m (7)[39m
2026-09-09T17:16:21.8590630Z [2m   Start at [22m 17:16:21
2026-09-09T17:16:21.8592944Z [2m   Duration [22m 337ms[2m (transform 82ms, setup 0ms, collect 95ms, tests 31ms, environment 0ms, prepare 60ms)[22m
2026-09-09T17:16:21.8593729Z 
2026-09-09T17:16:21.8743231Z ##[endgroup]
2026-09-09T17:16:21.8748632Z ##[group]@ggd/shared@0.0.0 : test packages/shared
2026-09-09T17:16:21.8756090Z 
2026-09-09T17:16:21.8756772Z > @ggd/shared@0.0.0 test /home/runner/work/GGD/GGD/packages/shared
2026-09-09T17:16:21.8757628Z > vitest run --poolOptions.forks.maxForks 4 --poolOptions.forks.minForks 1
2026-09-09T17:16:21.8757972Z 
2026-09-09T17:16:22.1749423Z 
2026-09-09T17:16:22.1751697Z [1m[7m[36m RUN [39m[27m[22m [36mv2.1.9 [39m[90m/home/runner/work/GGD/GGD/packages/shared[39m
2026-09-09T17:16:22.1752371Z 
2026-09-09T17:16:26.7578033Z  [32m✓[39m src/sim/autoEngageStalledWalk.test.ts [2m([22m[2m26 tests[22m[2m)[22m[33m 1038[2mms[22m[39m
2026-09-09T17:16:27.1019470Z  [32m✓[39m src/sim/mobs.boss.test.ts [2m([22m[2m43 tests[22m[2m)[22m[90m 148[2mms[22m[39m
2026-09-09T17:16:27.7909793Z  [32m✓[39m src/ops/skillsSyncCoversGenerators.test.ts [2m([22m[2m6 tests[22m[2m)[22m[33m 741[2mms[22m[39m
2026-09-09T17:16:27.7911899Z    [33m[2m✓[22m[39m skills:sync / skills:check 涵蓋所有產生器[2m > [22m每一支寫 docs/ 或 content/ 產物的產生器,目錄都在聚合指令的視野裡 [33m571[2mms[22m[39m
2026-09-09T17:16:28.3933759Z  [32m✓[39m src/content/noOpModifierClaims.test.ts [2m([22m[2m10 tests[22m[2m)[22m[33m 532[2mms[22m[39m
2026-09-09T17:16:28.6357920Z  [32m✓[39m src/sim/economy/legendaryClaims.test.ts [2m([22m[2m5 tests[22m[2m)[22m[33m 1574[2mms[22m[39m
2026-09-09T17:16:29.2779824Z  [32m✓[39m src/sim/effects/invulnerable.test.ts [2m([22m[2m39 tests[22m[2m)[22m[90m 260[2mms[22m[39m
2026-09-09T17:16:29.8340501Z  [32m✓[39m src/sim/combat/damageTypeOverride.test.ts [2m([22m[2m29 tests[22m[2m)[22m[90m 95[2mms[22m[39m
2026-09-09T17:16:30.1470470Z  [32m✓[39m src/sim/leapJassFidelity.test.ts [2m([22m[2m16 tests[22m[2m)[22m[90m 104[2mms[22m[39m
2026-09-09T17:16:32.3169788Z  [32m✓[39m src/sim/combat/block.test.ts [2m([22m[2m35 tests[22m[2m)[22m[90m 155[2mms[22m[39m
2026-09-09T17:16:32.4757754Z  [32m✓[39m src/sim/castabilitySweep.test.ts [2m([22m[2m2 tests[22m[2m)[22m[33m 5243[2mms[22m[39m
2026-09-09T17:16:32.4779106Z    [33m[2m✓[22m[39m task #128 — in-game castability coverage sweep[2m > [22mspawns every whitelisted champion and fires every slot, writing docs/_castability-128.md [33m2753[2mms[22m[39m
2026-09-09T17:16:34.7009874Z  [32m✓[39m src/sim/effects/evasion.test.ts [2m([22m[2m31 tests[22m[2m)[22m[33m 960[2mms[22m[39m
2026-09-09T17:16:34.7088695Z    [33m[2m✓[22m[39m the `evasion` EffectDef grants a dodge the sim actually consumes[2m > [22mEND-TO-END: the granted dodge measurably reduces hp lost in a stepped fight [33m340[2mms[22m[39m
2026-09-09T17:16:34.8150113Z  [32m✓[39m src/sim/effects/incomingReflect.test.ts [2m([22m[2m31 tests[22m[2m)[22m[33m 2923[2mms[22m[39m
2026-09-09T17:16:35.2280303Z  [32m✓[39m src/sim/abilities/nativeFidelity.test.ts [2m([22m[2m18 tests[22m[2m)[22m[33m 3824[2mms[22m[39m
2026-09-09T17:16:35.2320199Z    [33m[2m✓[22m[39m WC3 permanent passives are permanent (task #78)[2m > [22m染血的柴刀's crit multiplier is what basic attacks actually crit for [33m529[2mms[22m[39m
2026-09-09T17:16:35.2328832Z    [33m[2m✓[22m[39m WC3 permanent passives are permanent (task #78)[2m > [22m鋼鐵尾巴 AHbh procs ON ATTACK at the map's 10 % chance for the map's bonus damage [33m739[2mms[22m[39m
2026-09-09T17:16:36.7009856Z  [32m✓[39m src/sim/mobs.level.test.ts [2m([22m[2m26 tests[22m[2m)[22m[90m 137[2mms[22m[39m
2026-09-09T17:16:38.2591960Z  [32m✓[39m src/sim/effects/onHitTerms.shipped.test.ts [2m([22m[2m40 tests[22m[2m)[22m[33m 1706[2mms[22m[39m
2026-09-09T17:16:38.2636200Z    [33m[2m✓[22m[39m §2C 朗基努斯之槍 —— 機率讀總敏捷,傷害讀總力量[2m > [22m觸發率 ≈ 總敏捷 %,而且會隨敏捷一起上升 [33m695[2mms[22m[39m
2026-09-09T17:16:38.6020046Z  [32m✓[39m src/sim/pipeline.test.ts [2m([22m[2m24 tests[22m[2m)[22m[33m 408[2mms[22m[39m
2026-09-09T17:16:40.0032045Z  [32m✓[39m src/sim/efurKit.test.ts [2m([22m[2m10 tests[22m[2m)[22m[33m 3193[2mms[22m[39m
2026-09-09T17:16:40.2629994Z  [32m✓[39m src/sim/effects/shieldAbsorb.test.ts [2m([22m[2m35 tests[22m[2m)[22m[90m 67[2mms[22m[39m
2026-09-09T17:16:40.6416963Z  [32m✓[39m src/sim/economy/goldPayoutMultipliers.test.ts [2m([22m[2m31 tests[22m[2m)[22m[90m 159[2mms[22m[39m
2026-09-09T17:16:42.3520033Z  [32m✓[39m src/sim/content/condition.test.ts [2m([22m[2m46 tests[22m[2m)[22m[33m 754[2mms[22m[39m
2026-09-09T17:16:42.3521793Z    [33m[2m✓[22m[39m ④ 機率是一種條件[2m > [22m★ p=0.25 跑 400 次 → 觸發次數落在 3σ 區間內（不是「有觸發過」） [33m428[2mms[22m[39m
2026-09-09T17:16:44.2279750Z  [32m✓[39m src/sim/aura/aura.test.ts [2m([22m[2m33 tests[22m[2m)[22m[33m 615[2mms[22m[39m
2026-09-09T17:16:44.7981445Z  [32m✓[39m src/ops/acceptanceN4.test.ts [2m([22m[2m5 tests[22m[2m)[22m[33m 2334[2mms[22m[39m
2026-09-09T17:16:44.8660973Z [90mstdout[2m | src/content/fieldAdoption.test.ts[2m > [22m[2mfield adoption census (recipe S8: mechanism shipped, content 0)[2m > [22m[2mprints the census — this is the owner-facing report
2026-09-09T17:16:44.8691326Z [22m[39m
2026-09-09T17:16:44.8691749Z STATIC SHIPPED CONTENT
2026-09-09T17:16:44.8693067Z FIELD ADOPTION CENSUS — 1858 docs, 4307 registered keys, 2746 ms
2026-09-09T17:16:44.8693541Z 
2026-09-09T17:16:44.8693946Z   ── field (1789 reachable, 448 at ZERO) ──
2026-09-09T17:16:44.8694684Z     ZERO     0/421     0.0%  field:abilities.allowApproach
2026-09-09T17:16:44.8695538Z     ZERO     0/10      0.0%  field:abilities.augment.targets[].condition
2026-09-09T17:16:44.8696746Z     ZERO     0/10      0.0%  field:abilities.augment.targets[].ops[].hookOn
2026-09-09T17:16:44.8711293Z     ZERO     0/10      0.0%  field:abilities.augment.targets[].ops[].scope
2026-09-09T17:16:44.8712398Z     ZERO     0/10      0.0%  field:abilities.augment.targets[].ops[].stat
2026-09-09T17:16:44.8713362Z     ZERO     0/184     0.0%  field:abilities.effects[]#applyBuff.attackType
2026-09-09T17:16:44.8714318Z     ZERO     0/184     0.0%  field:abilities.effects[]#applyBuff.attributes
2026-09-09T17:16:44.8715218Z     ZERO     0/184     0.0%  field:abilities.effects[]#applyBuff.block
2026-09-09T17:16:44.8716258Z     ZERO     0/10      0.0%  field:abilities.effects[]#applyBuff.block.facingArcDegrees
2026-09-09T17:16:44.8717603Z     ZERO     0/107     0.0%  field:abilities.effects[]#applyBuff.condition|0|4|0.appliedBy
2026-09-09T17:16:44.8723880Z     ZERO     0/184     0.0%  field:abilities.effects[]#applyBuff.critStrike
2026-09-09T17:16:44.8724871Z     ZERO     0/184     0.0%  field:abilities.effects[]#applyBuff.deathWard
2026-09-09T17:16:44.8725791Z     ZERO     0/184     0.0%  field:abilities.effects[]#applyBuff.drive
2026-09-09T17:16:44.8726697Z     ZERO     0/184     0.0%  field:abilities.effects[]#applyBuff.evasionScope
2026-09-09T17:16:44.8727890Z     ZERO     0/171     0.0%  field:abilities.effects[]#applyBuff.hooks[].blockSource
2026-09-09T17:16:44.8728921Z     ZERO     0/171     0.0%  field:abilities.effects[]#applyBuff.hooks[].chanceFrom
2026-09-09T17:16:44.8729982Z     ZERO     0/1       0.0%  field:abilities.effects[]#applyBuff.hooks[].chanceFrom.flat
2026-09-09T17:16:44.8731032Z     ZERO     0/171     0.0%  field:abilities.effects[]#applyBuff.hooks[].damageConnected
2026-09-09T17:16:44.8732063Z     ZERO     0/171     0.0%  field:abilities.effects[]#applyBuff.hooks[].evadeChannel
2026-09-09T17:16:44.8733052Z     ZERO     0/171     0.0%  field:abilities.effects[]#applyBuff.hooks[].evadeDuring
2026-09-09T17:16:44.8734058Z     ZERO     0/171     0.0%  field:abilities.effects[]#applyBuff.hooks[].evadeSource
2026-09-09T17:16:44.8735065Z     ZERO     0/171     0.0%  field:abilities.effects[]#applyBuff.hooks[].observedEvent
2026-09-09T17:16:44.8736087Z     ZERO     0/171     0.0%  field:abilities.effects[]#applyBuff.hooks[].oncePerCast
2026-09-09T17:16:44.8737075Z     ZERO     0/171     0.0%  field:abilities.effects[]#applyBuff.hooks[].perTarget
2026-09-09T17:16:44.8742607Z     ZERO     0/171     0.0%  field:abilities.effects[]#applyBuff.hooks[].stationaryForSec
2026-09-09T17:16:44.8743630Z     ZERO     0/184     0.0%  field:abilities.effects[]#applyBuff.immobile
2026-09-09T17:16:44.8744679Z     ZERO     0/233     0.0%  field:abilities.effects[]#applyBuff.modifiers[].fromResource
2026-09-09T17:16:44.8745785Z     ZERO     0/233     0.0%  field:abilities.effects[]#applyBuff.modifiers[].scopeAbilityId
2026-09-09T17:16:44.8746857Z     ZERO     0/233     0.0%  field:abilities.effects[]#applyBuff.modifiers[].scopeSlot
2026-09-09T17:16:44.8748172Z     ZERO     0/184     0.0%  field:abilities.effects[]#applyBuff.penetration
2026-09-09T17:16:44.8749192Z     ZERO     0/1       0.0%  field:abilities.effects[]#applyBuff.penetration.armorFlat
2026-09-09T17:16:44.8751128Z     ZERO     0/1       0.0%  field:abilities.effects[]#applyBuff.penetration.mrFlat
2026-09-09T17:16:44.8752116Z     ZERO     0/1       0.0%  field:abilities.effects[]#applyBuff.penetration.mrPct
2026-09-09T17:16:44.8753101Z     ZERO     0/184     0.0%  field:abilities.effects[]#applyBuff.primaryAttribute
2026-09-09T17:16:44.8754021Z     ZERO     0/184     0.0%  field:abilities.effects[]#applyBuff.sourceScope
2026-09-09T17:16:44.8755328Z     ZERO     0/184     0.0%  field:abilities.effects[]#applyBuff.typeStreakImmunity
2026-09-09T17:16:44.8756392Z     ZERO     0/1       0.0%  field:abilities.effects[]#applyBuff.typeStreakImmunity.resetMode
2026-09-09T17:16:44.8757800Z     ZERO     0/1       0.0%  field:abilities.effects[]#applyBuff.typeStreakImmunity.streakTimeoutSec
2026-09-09T17:16:44.8759149Z     ZERO     0/6       0.0%  field:abilities.effects[]#applyBuff.vision.revealed
2026-09-09T17:16:44.8760138Z     ZERO     0/163     0.0%  field:abilities.effects[]#applyStatus.breakOnDamage
2026-09-09T17:16:44.8761140Z     ZERO     0/163     0.0%  field:abilities.effects[]#applyStatus.breakOnDamageMin
2026-09-09T17:16:44.8762146Z     ZERO     0/163     0.0%  field:abilities.effects[]#applyStatus.clipTimeScale
2026-09-09T17:16:44.8763190Z     ZERO     0/163     0.0%  field:abilities.effects[]#applyStatus.forceClip
2026-09-09T17:16:44.8764113Z     ZERO     0/163     0.0%  field:abilities.effects[]#applyStatus.grantMark
2026-09-09T17:16:44.8765313Z     ZERO     0/3       0.0%  field:abilities.effects[]#applyStatus.grantMark.lethal.maxSavesPerRound
2026-09-09T17:16:44.8766434Z     ZERO     0/163     0.0%  field:abilities.effects[]#applyStatus.sourceScope
2026-09-09T17:16:44.8767342Z     ZERO     0/24      0.0%  field:abilities.effects[]#blink.maxTargets
2026-09-09T17:16:44.8798828Z     ZERO     0/24      0.0%  field:abilities.effects[]#blink.radius
2026-09-09T17:16:44.8799763Z     ZERO     0/24      0.0%  field:abilities.effects[]#blink.radiusTier
2026-09-09T17:16:44.8800613Z     ZERO     0/24      0.0%  field:abilities.effects[]#blink.side
2026-09-09T17:16:44.8801437Z     ZERO     0/1       0.0%  field:abilities.effects[]#carry.condition
2026-09-09T17:16:44.8802483Z     ZERO     0/370     0.0%  field:abilities.effects[]#chainLightning.amount.conditionTier
2026-09-09T17:16:44.8803530Z     ZERO     0/4       0.0%  field:abilities.effects[]#chainLightning.canCrit
2026-09-09T17:16:44.8804510Z     ZERO     0/4       0.0%  field:abilities.effects[]#chainLightning.condition
2026-09-09T17:16:44.8805524Z     ZERO     0/4       0.0%  field:abilities.effects[]#chainLightning.maxTotalJumps
2026-09-09T17:16:44.8806570Z     ZERO     0/4       0.0%  field:abilities.effects[]#chainLightning.onHitTargetsMode
2026-09-09T17:16:44.8807919Z     ZERO     0/4       0.0%  field:abilities.effects[]#chainLightning.retargetOnLost
2026-09-09T17:16:44.8808762Z     ZERO     0/4       0.0%  field:abilities.effects[]#chainLightning.revisit
2026-09-09T17:16:44.8809575Z     ZERO     0/4       0.0%  field:abilities.effects[]#chainLightning.runOnEmptyHit
2026-09-09T17:16:44.8810379Z     ZERO     0/33      0.0%  field:abilities.effects[]#championForm.condition
2026-09-09T17:16:44.8811135Z     ZERO     0/2       0.0%  field:abilities.effects[]#comboStrikes.condition
2026-09-09T17:16:44.8812138Z     ZERO     0/2       0.0%  field:abilities.effects[]#comboStrikes.dropDeadTargets
2026-09-09T17:16:44.8813051Z     ZERO     0/2       0.0%  field:abilities.effects[]#comboStrikes.finisherDelaySec
2026-09-09T17:16:44.8813962Z     ZERO     0/2       0.0%  field:abilities.effects[]#comboStrikes.intervalJitter
2026-09-09T17:16:44.8814830Z     ZERO     0/2       0.0%  field:abilities.effects[]#comboStrikes.intervalSec
2026-09-09T17:16:44.8815678Z     ZERO     0/2       0.0%  field:abilities.effects[]#comboStrikes.maxTargets
2026-09-09T17:16:44.8816594Z     ZERO     0/2       0.0%  field:abilities.effects[]#comboStrikes.perStrikeSoundKey
2026-09-09T17:16:44.8817682Z     ZERO     0/2       0.0%  field:abilities.effects[]#comboStrikes.radius
2026-09-09T17:16:44.8818495Z     ZERO     0/2       0.0%  field:abilities.effects[]#comboStrikes.side
2026-09-09T17:16:44.8819287Z     ZERO     0/2       0.0%  field:abilities.effects[]#comboStrikes.steps
2026-09-09T17:16:44.8820144Z     ZERO     0/2       0.0%  field:abilities.effects[]#comboStrikes.stopOnCasterDeath
2026-09-09T17:16:44.8821020Z     ZERO     0/2       0.0%  field:abilities.effects[]#comboStrikes.strikes
2026-09-09T17:16:44.8821891Z     ZERO     0/2       0.0%  field:abilities.effects[]#comboStrikes.targetMode
2026-09-09T17:16:44.8823063Z     ZERO     0/1       0.0%  field:abilities.effects[]#convertTeam.condition
2026-09-09T17:16:44.8824004Z     ZERO     0/1       0.0%  field:abilities.effects[]#convertTeam.countsForOriginalTeam
2026-09-09T17:16:44.8824892Z     ZERO     0/1       0.0%  field:abilities.effects[]#convertTeam.durationSec
2026-09-09T17:16:44.8826016Z     ZERO     0/1       0.0%  field:abilities.effects[]#convertTeam.radius
2026-09-09T17:16:44.8826930Z     ZERO     0/1       0.0%  field:abilities.effects[]#convertTeam.radiusTier
2026-09-09T17:16:44.8832823Z     ZERO     0/1       0.0%  field:abilities.effects[]#cycleBuff.condition
2026-09-09T17:16:44.8833651Z     ZERO     0/258     0.0%  field:abilities.effects[]#damage.canCrit
2026-09-09T17:16:44.8834615Z     ZERO     0/13      0.0%  field:abilities.effects[]#damage.incomingPct.applyGlobalDamageMult
2026-09-09T17:16:44.8835618Z     ZERO     0/13      0.0%  field:abilities.effects[]#damage.incomingPct.basis
2026-09-09T17:16:44.8836519Z     ZERO     0/13      0.0%  field:abilities.effects[]#damage.incomingPct.whenTooLate
2026-09-09T17:16:44.8837580Z     ZERO     0/90      0.0%  field:abilities.effects[]#damageArea.arcHalfAngleCos
2026-09-09T17:16:44.8838449Z     ZERO     0/90      0.0%  field:abilities.effects[]#damageArea.fromCaster
2026-09-09T17:16:44.8839392Z     ZERO     0/90      0.0%  field:abilities.effects[]#damageArea.maxTargetsCounts
2026-09-09T17:16:44.8840345Z     ZERO     0/90      0.0%  field:abilities.effects[]#damageArea.runOnEmptyHit
2026-09-09T17:16:44.8841255Z     ZERO     0/40      0.0%  field:abilities.effects[]#damageLine.condition
2026-09-09T17:16:44.8842191Z     ZERO     0/40      0.0%  field:abilities.effects[]#damageLine.fromSummonSlot
2026-09-09T17:16:44.8843149Z     ZERO     0/40      0.0%  field:abilities.effects[]#damageLine.maxTargetsCounts
2026-09-09T17:16:44.8844079Z     ZERO     0/40      0.0%  field:abilities.effects[]#damageLine.runOnEmptyHit
2026-09-09T17:16:44.8845008Z     ZERO     0/40      0.0%  field:abilities.effects[]#damageLine.victimCondition
2026-09-09T17:16:44.8845830Z     ZERO     0/18      0.0%  field:abilities.effects[]#dash.condition
2026-09-09T17:16:44.8846627Z     ZERO     0/18      0.0%  field:abilities.effects[]#dash.onEndOn
2026-09-09T17:16:44.8847656Z     ZERO     0/18      0.0%  field:abilities.effects[]#dash.onEndWhenDead
2026-09-09T17:16:44.8848504Z     ZERO     0/18      0.0%  field:abilities.effects[]#dash.onHit
2026-09-09T17:16:44.8849238Z     ZERO     0/18      0.0%  field:abilities.effects[]#dash.onTouch
2026-09-09T17:16:44.8850020Z     ZERO     0/18      0.0%  field:abilities.effects[]#dash.stopOnHit
2026-09-09T17:16:44.8850791Z     ZERO     0/18      0.0%  field:abilities.effects[]#dash.touchScope
2026-09-09T17:16:44.8851650Z     ZERO     0/2       0.0%  field:abilities.effects[]#delayed.advance.startDist
2026-09-09T17:16:44.8852508Z     ZERO     0/48      0.0%  field:abilities.effects[]#delayed.maxTargets
2026-09-09T17:16:44.8853339Z     ZERO     0/7       0.0%  field:abilities.effects[]#devour.condition
2026-09-09T17:16:44.8854191Z     ZERO     0/7       0.0%  field:abilities.effects[]#devour.onDevourPer
2026-09-09T17:16:44.8855018Z     ZERO     0/22      0.0%  field:abilities.effects[]#dispel.maxTargets
2026-09-09T17:16:44.8855834Z     ZERO     0/22      0.0%  field:abilities.effects[]#dispel.statusTag
2026-09-09T17:16:44.8856627Z     ZERO     0/26      0.0%  field:abilities.effects[]#dot.dispellable
2026-09-09T17:16:44.8858040Z     ZERO     0/26      0.0%  field:abilities.effects[]#dot.maxStacks
2026-09-09T17:16:44.8858893Z     ZERO     0/26      0.0%  field:abilities.effects[]#dot.onCasterDeath
2026-09-09T17:16:44.8859779Z     ZERO     0/26      0.0%  field:abilities.effects[]#dot.tickOnApply
2026-09-09T17:16:44.8860755Z     ZERO     0/5       0.0%  field:abilities.effects[]#eventValueConversion.condition
2026-09-09T17:16:44.8861854Z     ZERO     0/5       0.0%  field:abilities.effects[]#eventValueConversion.maxTargets
2026-09-09T17:16:44.8863303Z     ZERO     0/5       0.0%  field:abilities.effects[]#eventValueConversion.radius
2026-09-09T17:16:44.8864349Z     ZERO     0/5       0.0%  field:abilities.effects[]#eventValueConversion.radiusTier
2026-09-09T17:16:44.8865212Z     ZERO     0/5       0.0%  field:abilities.effects[]#eventValueConversion.side
2026-09-09T17:16:44.8866099Z     ZERO     0/2       0.0%  field:abilities.effects[]#extendBuff.basis
2026-09-09T17:16:44.8867174Z     ZERO     0/2       0.0%  field:abilities.effects[]#extendBuff.condition
2026-09-09T17:16:44.8868840Z     ZERO     0/2       0.0%  field:abilities.effects[]#extendBuff.maxTargets
2026-09-09T17:16:44.8869798Z     ZERO     0/2       0.0%  field:abilities.effects[]#extendBuff.perDamageFlat
2026-09-09T17:16:44.8870719Z     ZERO     0/2       0.0%  field:abilities.effects[]#extendBuff.radius
2026-09-09T17:16:44.8871633Z     ZERO     0/2       0.0%  field:abilities.effects[]#extendBuff.radiusTier
2026-09-09T17:16:44.8872538Z     ZERO     0/2       0.0%  field:abilities.effects[]#extendBuff.side
2026-09-09T17:16:44.8873443Z     ZERO     0/16      0.0%  field:abilities.effects[]#floatingText.condition
2026-09-09T17:16:44.8874304Z     ZERO     0/16      0.0%  field:abilities.effects[]#floatingText.maxTargets
2026-09-09T17:16:44.8875135Z     ZERO     0/16      0.0%  field:abilities.effects[]#floatingText.radius
2026-09-09T17:16:44.8875955Z     ZERO     0/16      0.0%  field:abilities.effects[]#floatingText.side
2026-09-09T17:16:44.8876827Z     ZERO     0/16      0.0%  field:abilities.effects[]#floatingText.velocityAngle
2026-09-09T17:16:44.8877886Z     ZERO     0/7       0.0%  field:abilities.effects[]#grantAttribute.condition
2026-09-09T17:16:44.8878836Z     ZERO     0/7       0.0%  field:abilities.effects[]#grantAttribute.maxAttributeBasis
2026-09-09T17:16:44.8879714Z     ZERO     0/4       0.0%  field:abilities.effects[]#grantGold.condition
2026-09-09T17:16:44.8880510Z     ZERO     0/4       0.0%  field:abilities.effects[]#grantGold.fallbackLevel
2026-09-09T17:16:44.8881322Z     ZERO     0/4       0.0%  field:abilities.effects[]#grantGold.mobLevelSource
2026-09-09T17:16:44.8882121Z     ZERO     0/1       0.0%  field:abilities.effects[]#grantXp.condition
2026-09-09T17:16:44.8882940Z     ZERO     0/13      0.0%  field:abilities.effects[]#heal.condition
2026-09-09T17:16:44.8883795Z     ZERO     0/21      0.0%  field:abilities.effects[]#invulnerable.condition
2026-09-09T17:16:44.8884687Z     ZERO     0/25      0.0%  field:abilities.effects[]#knockback.getupTicks
2026-09-09T17:16:44.8885544Z     ZERO     0/25      0.0%  field:abilities.effects[]#knockback.hpBasis
2026-09-09T17:16:44.8886408Z     ZERO     0/25      0.0%  field:abilities.effects[]#knockback.impactPower
2026-09-09T17:16:44.8887320Z     ZERO     0/25      0.0%  field:abilities.effects[]#knockback.launchDistance
2026-09-09T17:16:44.8888562Z     ZERO     0/25      0.0%  field:abilities.effects[]#knockback.launchHeight
2026-09-09T17:16:44.8889400Z     ZERO     0/12      0.0%  field:abilities.effects[]#leap.condition
2026-09-09T17:16:44.8890255Z     ZERO     0/1       0.0%  field:abilities.effects[]#manaBarrier.condition
2026-09-09T17:16:44.8891117Z     ZERO     0/1       0.0%  field:abilities.effects[]#manaBarrier.maxTargets
2026-09-09T17:16:44.8891984Z     ZERO     0/1       0.0%  field:abilities.effects[]#manaBarrier.radius
2026-09-09T17:16:44.8892856Z     ZERO     0/1       0.0%  field:abilities.effects[]#manaBarrier.radiusTier
2026-09-09T17:16:44.8893715Z     ZERO     0/1       0.0%  field:abilities.effects[]#manaBarrier.side
2026-09-09T17:16:44.8894627Z     ZERO     0/17      0.0%  field:abilities.effects[]#modifyCooldown.abilityId
2026-09-09T17:16:44.8895581Z     ZERO     0/17      0.0%  field:abilities.effects[]#modifyCooldown.maxTargets
2026-09-09T17:16:44.8896499Z     ZERO     0/17      0.0%  field:abilities.effects[]#modifyCooldown.radius
2026-09-09T17:16:44.8897631Z     ZERO     0/17      0.0%  field:abilities.effects[]#modifyCooldown.radiusTier
2026-09-09T17:16:44.8898509Z     ZERO     0/17      0.0%  field:abilities.effects[]#modifyCooldown.side
2026-09-09T17:16:44.8899588Z     ZERO     0/8       0.0%  field:abilities.effects[]#proxyCast.abilityId
2026-09-09T17:16:44.8900459Z     ZERO     0/8       0.0%  field:abilities.effects[]#proxyCast.condition
2026-09-09T17:16:44.8901249Z     ZERO     0/8       0.0%  field:abilities.effects[]#proxyCast.fixedRank
2026-09-09T17:16:44.8902329Z     ZERO     0/8       0.0%  field:abilities.effects[]#proxyCast.maxTargets
2026-09-09T17:16:44.8903186Z     ZERO     0/8       0.0%  field:abilities.effects[]#proxyCast.radius
2026-09-09T17:16:44.8904069Z     ZERO     0/8       0.0%  field:abilities.effects[]#proxyCast.radiusTier
2026-09-09T17:16:44.8904948Z     ZERO     0/8       0.0%  field:abilities.effects[]#proxyCast.side
2026-09-09T17:16:44.8905836Z     ZERO     0/10      0.0%  field:abilities.effects[]#randomArea.condition
2026-09-09T17:16:44.8919635Z     ZERO     0/5       0.0%  field:abilities.effects[]#revive.condition
2026-09-09T17:16:44.8920584Z     ZERO     0/9       0.0%  field:abilities.effects[]#screenFlash.condition
2026-09-09T17:16:44.8921519Z     ZERO     0/9       0.0%  field:abilities.effects[]#screenFlash.maxTargets
2026-09-09T17:16:44.8922363Z     ZERO     0/9       0.0%  field:abilities.effects[]#screenFlash.radius
2026-09-09T17:16:44.8923186Z     ZERO     0/9       0.0%  field:abilities.effects[]#screenFlash.side
2026-09-09T17:16:44.8924079Z     ZERO     0/28      0.0%  field:abilities.effects[]#screenShake.condition
2026-09-09T17:16:44.8924962Z     ZERO     0/28      0.0%  field:abilities.effects[]#screenShake.maxTargets
2026-09-09T17:16:44.8925782Z     ZERO     0/28      0.0%  field:abilities.effects[]#screenShake.side
2026-09-09T17:16:44.8926633Z     ZERO     0/17      0.0%  field:abilities.effects[]#shield.breakOnMove
2026-09-09T17:16:44.8927717Z     ZERO     0/17      0.0%  field:abilities.effects[]#shield.condition
2026-09-09T17:16:44.8928567Z     ZERO     0/17      0.0%  field:abilities.effects[]#shield.onExisting
2026-09-09T17:16:44.8929408Z     ZERO     0/17      0.0%  field:abilities.effects[]#shield.stackKey
2026-09-09T17:16:44.8930281Z     ZERO     0/2       0.0%  field:abilities.effects[]#shieldBreak.condition
2026-09-09T17:16:44.8931171Z     ZERO     0/2       0.0%  field:abilities.effects[]#shieldBreak.maxTargets
2026-09-09T17:16:44.8932030Z     ZERO     0/2       0.0%  field:abilities.effects[]#shieldBreak.radius
2026-09-09T17:16:44.8932891Z     ZERO     0/2       0.0%  field:abilities.effects[]#shieldBreak.radiusTier
2026-09-09T17:16:44.8933731Z     ZERO     0/2       0.0%  field:abilities.effects[]#shieldBreak.side
2026-09-09T17:16:44.8934559Z     ZERO     0/90      0.0%  field:abilities.effects[]#spawnModelFx.attach
2026-09-09T17:16:44.8935364Z     ZERO     0/90      0.0%  field:abilities.effects[]#spawnModelFx.boneOn
2026-09-09T17:16:44.8936196Z     ZERO     0/90      0.0%  field:abilities.effects[]#spawnModelFx.condition
2026-09-09T17:16:44.8937023Z     ZERO     0/90      0.0%  field:abilities.effects[]#spawnModelFx.maxTargets
2026-09-09T17:16:44.8938228Z     ZERO     0/90      0.0%  field:abilities.effects[]#spawnModelFx.radius
2026-09-09T17:16:44.8939043Z     ZERO     0/90      0.0%  field:abilities.effects[]#spawnModelFx.side
2026-09-09T17:16:44.8939872Z     ZERO     0/23      0.0%  field:abilities.effects[]#spawnProjectile.condition
2026-09-09T17:16:44.8940685Z     ZERO     0/86      0.0%  field:abilities.effects[]#spawnVfx.condition
2026-09-09T17:16:44.8941495Z     ZERO     0/9       0.0%  field:abilities.effects[]#spendMana.condition
2026-09-09T17:16:44.8942300Z     ZERO     0/7       0.0%  field:abilities.effects[]#summon.autoTargetable
2026-09-09T17:16:44.8943074Z     ZERO     0/7       0.0%  field:abilities.effects[]#summon.bountyGold
2026-09-09T17:16:44.8943855Z     ZERO     0/7       0.0%  field:abilities.effects[]#summon.burnsInFireRing
2026-09-09T17:16:44.8944638Z     ZERO     0/7       0.0%  field:abilities.effects[]#summon.capScope
2026-09-09T17:16:44.8945420Z     ZERO     0/7       0.0%  field:abilities.effects[]#summon.condition
2026-09-09T17:16:44.8946451Z     ZERO     0/7       0.0%  field:abilities.effects[]#summon.killCredit
2026-09-09T17:16:44.8947214Z     ZERO     0/7       0.0%  field:abilities.effects[]#summon.level
2026-09-09T17:16:44.8948162Z     ZERO     0/7       0.0%  field:abilities.effects[]#summon.manualTargetable
2026-09-09T17:16:44.8948961Z     ZERO     0/7       0.0%  field:abilities.effects[]#summon.maxAlive
2026-09-09T17:16:44.8949891Z     ZERO     0/7       0.0%  field:abilities.effects[]#summon.mobTargetable
2026-09-09T17:16:44.8950689Z     ZERO     0/7       0.0%  field:abilities.effects[]#summon.onCap
2026-09-09T17:16:44.8951422Z     ZERO     0/7       0.0%  field:abilities.effects[]#summon.targetOnSpawn
2026-09-09T17:16:44.8952223Z     ZERO     0/7       0.0%  field:abilities.effects[]#summon.targetPriority
2026-09-09T17:16:44.8953042Z     ZERO     0/1       0.0%  field:abilities.effects[]#swapResource.condition
2026-09-09T17:16:44.8953872Z     ZERO     0/1       0.0%  field:abilities.effects[]#swapResource.maxTargets
2026-09-09T17:16:44.8954839Z     ZERO     0/1       0.0%  field:abilities.effects[]#swapResource.onInvalidTarget
2026-09-09T17:16:44.8955776Z     ZERO     0/1       0.0%  field:abilities.effects[]#swapResource.radius
2026-09-09T17:16:44.8956663Z     ZERO     0/1       0.0%  field:abilities.effects[]#swapResource.radiusTier
2026-09-09T17:16:44.8957699Z     ZERO     0/1       0.0%  field:abilities.effects[]#swapResource.side
2026-09-09T17:16:44.8958512Z     ZERO     0/4       0.0%  field:abilities.effects[]#taunt.condition
2026-09-09T17:16:44.8959507Z     ZERO     0/4       0.0%  field:abilities.effects[]#weightedBranch.branches[].weightFrom.basis
2026-09-09T17:16:44.8960431Z     ZERO     0/94      0.0%  field:abilities.hitFeel.exFreeze
2026-09-09T17:16:44.8961130Z     ZERO     0/421     0.0%  field:abilities.interruptible
2026-09-09T17:16:44.8961852Z     ZERO     0/3       0.0%  field:abilities.marks[].roundDelta
2026-09-09T17:16:44.8962674Z     ZERO     0/131     0.0%  field:abilities.passive.ranks[].attackType
2026-09-09T17:16:44.8963559Z     ZERO     0/5       0.0%  field:abilities.passive.ranks[].auras[].lingerSec
2026-09-09T17:16:44.8964506Z     ZERO     0/5       0.0%  field:abilities.passive.ranks[].auras[].scaleByNearby
2026-09-09T17:16:44.8965572Z     ZERO     0/1       0.0%  field:abilities.passive.ranks[].auras[].scaleByNearby.includeSelf
2026-09-09T17:16:44.8966673Z     ZERO     0/1       0.0%  field:abilities.passive.ranks[].auras[].scaleByNearby.min
2026-09-09T17:16:44.8967893Z     ZERO     0/1       0.0%  field:abilities.passive.ranks[].auras[].scaleByNearby.radius
2026-09-09T17:16:44.8968870Z     ZERO     0/131     0.0%  field:abilities.passive.ranks[].damageTypeOverride
2026-09-09T17:16:44.8969735Z     ZERO     0/131     0.0%  field:abilities.passive.ranks[].drive
2026-09-09T17:16:44.8970578Z     ZERO     0/131     0.0%  field:abilities.passive.ranks[].evasionScope
2026-09-09T17:16:44.8971444Z     ZERO     0/131     0.0%  field:abilities.passive.ranks[].immobile
2026-09-09T17:16:44.8972309Z     ZERO     0/131     0.0%  field:abilities.passive.ranks[].penetration
2026-09-09T17:16:44.8973263Z     ZERO     0/131     0.0%  field:abilities.passive.ranks[].primaryAttribute
2026-09-09T17:16:44.8974219Z     ZERO     0/131     0.0%  field:abilities.passive.ranks[].typeStreakImmunity
2026-09-09T17:16:44.8975147Z     ZERO     0/131     0.0%  field:abilities.passive.ranks[].whileStatus
2026-09-09T17:16:44.8976030Z     ZERO     0/6       0.0%  field:abilities.persistentVfx[].alpha
2026-09-09T17:16:44.8976854Z     ZERO     0/6       0.0%  field:abilities.persistentVfx[].scale
2026-09-09T17:16:44.8977916Z     ZERO     0/6       0.0%  field:abilities.persistentVfx[].when
2026-09-09T17:16:44.8978664Z     ZERO     0/421     0.0%  field:abilities.recast
2026-09-09T17:16:44.8979341Z     ZERO     0/421     0.0%  field:abilities.recoveryRoots
2026-09-09T17:16:44.8980085Z     ZERO     0/421     0.0%  field:abilities.requiredSummonSlot
2026-09-09T17:16:44.8980810Z     ZERO     0/421     0.0%  field:abilities.requiredTargetStatus
2026-09-09T17:16:44.8981809Z     ZERO     0/421     0.0%  field:abilities.rootWhileCasting
2026-09-09T17:16:44.8982529Z     ZERO     0/421     0.0%  field:abilities.statusCost
2026-09-09T17:16:44.8983369Z     ZERO     0/280     0.0%  field:abilities.template|0.cards[].contentSha256
2026-09-09T17:16:44.8984313Z     ZERO     0/280     0.0%  field:abilities.template|0.cards[].inheritDefaults
2026-09-09T17:16:44.8985450Z     ZERO     0/280     0.0%  field:abilities.template|0.cards[].version
2026-09-09T17:16:44.8986299Z     ZERO     0/280     0.0%  field:abilities.template|0.onConflict
2026-09-09T17:16:44.8987123Z     ZERO     0/2       0.0%  field:abilities.toggle.cooldownOnExit
2026-09-09T17:16:44.8988220Z     ZERO     0/2       0.0%  field:abilities.toggle.costOnExit
2026-09-09T17:16:44.8989059Z     ZERO     0/2       0.0%  field:abilities.toggle.exitOnResourceEmpty
2026-09-09T17:16:44.8989910Z     ZERO     0/2       0.0%  field:abilities.toggle.upkeepIntervalSec
2026-09-09T17:16:44.8990722Z     ZERO     0/2       0.0%  field:abilities.toggle.upkeepResource
2026-09-09T17:16:44.8991525Z     ZERO     0/2       0.0%  field:abilities.toggle.upkeepStatus
2026-09-09T17:16:44.8992257Z     ZERO     0/2       0.0%  field:abilities.toggle.whileOn
2026-09-09T17:16:44.8993040Z     ZERO     0/2       0.0%  field:abilities.toggle.whileOnDuringExit
2026-09-09T17:16:44.8993807Z     ZERO     0/31      0.0%  field:abilities.vfxLayers[].enabled
2026-09-09T17:16:44.8994584Z     ZERO     0/31      0.0%  field:abilities.vfxLayers[].facingDeg
2026-09-09T17:16:44.8995356Z     ZERO     0/31      0.0%  field:abilities.vfxLayers[].flyHeight
2026-09-09T17:16:44.8996111Z     ZERO     0/31      0.0%  field:abilities.vfxLayers[].tint
2026-09-09T17:16:44.8996791Z     ZERO     0/13      0.0%  field:arenas.decor[].y
2026-09-09T17:16:44.8997764Z     ZERO     0/6       0.0%  field:arenas.zones[].obstacles[]#circle.gateGroup
2026-09-09T17:16:44.8998657Z     ZERO     0/1       0.0%  field:arenas.zones[].obstacles[]#segment.gateGroup
2026-09-09T17:16:44.8999426Z     ZERO     0/91      0.0%  field:augments.attackType
2026-09-09T17:16:44.9000066Z     ZERO     0/91      0.0%  field:augments.attributes
2026-09-09T17:16:44.9000718Z     ZERO     0/91      0.0%  field:augments.critStrike
2026-09-09T17:16:44.9001369Z     ZERO     0/91      0.0%  field:augments.deathWard
2026-09-09T17:16:44.9002015Z     ZERO     0/91      0.0%  field:augments.drive
2026-09-09T17:16:44.9002696Z     ZERO     0/91      0.0%  field:augments.evasionScope
2026-09-09T17:16:44.9003373Z     ZERO     0/91      0.0%  field:augments.immobile
2026-09-09T17:16:44.9004035Z     ZERO     0/91      0.0%  field:augments.penetration
2026-09-09T17:16:44.9004743Z     ZERO     0/91      0.0%  field:augments.primaryAttribute
2026-09-09T17:16:44.9005432Z     ZERO     0/91      0.0%  field:augments.statusImmunity
2026-09-09T17:16:44.9006160Z     ZERO     0/91      0.0%  field:augments.typeStreakImmunity
2026-09-09T17:16:44.9006812Z     ZERO     0/91      0.0%  field:augments.vision
2026-09-09T17:16:44.9007735Z     ZERO     0/71      0.0%  field:champions.abilities.*.allowApproach
2026-09-09T17:16:44.9008566Z     ZERO     0/71      0.0%  field:champions.abilities.*.augment
2026-09-09T17:16:44.9009374Z     ZERO     0/71      0.0%  field:champions.abilities.*.castTimeTier
2026-09-09T17:16:44.9010248Z     ZERO     0/71      0.0%  field:champions.abilities.*.innateActivePassive
2026-09-09T17:16:44.9011102Z     ZERO     0/71      0.0%  field:champions.abilities.*.innateKind
2026-09-09T17:16:44.9011982Z     ZERO     0/71      0.0%  field:champions.abilities.*.interruptible
2026-09-09T17:16:44.9012757Z     ZERO     0/71      0.0%  field:champions.abilities.*.marks
2026-09-09T17:16:44.9013556Z     ZERO     0/71      0.0%  field:champions.abilities.*.rangeUnlimited
2026-09-09T17:16:44.9014341Z     ZERO     0/71      0.0%  field:champions.abilities.*.recast
2026-09-09T17:16:44.9015088Z     ZERO     0/71      0.0%  field:champions.abilities.*.recoveryRoots
2026-09-09T17:16:44.9015871Z     ZERO     0/71      0.0%  field:champions.abilities.*.requiredSummonSlot
2026-09-09T17:16:44.9017005Z     ZERO     0/71      0.0%  field:champions.abilities.*.requiredTargetStatus
2026-09-09T17:16:44.9018932Z     ZERO     0/71      0.0%  field:champions.abilities.*.rootWhileCasting
2026-09-09T17:16:44.9019810Z     ZERO     0/71      0.0%  field:champions.abilities.*.statusCost
2026-09-09T17:16:44.9020525Z     ZERO     0/71      0.0%  field:champions.alpha
2026-09-09T17:16:44.9021473Z     ZERO     0/71      0.0%  field:champions.archetype
2026-09-09T17:16:44.9022216Z     ZERO     0/71      0.0%  field:champions.asGrowthTier
2026-09-09T17:16:44.9022967Z     ZERO     0/71      0.0%  field:champions.baseAttackTime
2026-09-09T17:16:44.9023742Z     ZERO     0/71      0.0%  field:champions.healthRegenPctOfMax
2026-09-09T17:16:44.9024496Z     ZERO     0/71      0.0%  field:champions.modelVersions
2026-09-09T17:16:44.9025204Z     ZERO     0/71      0.0%  field:champions.statOverrides
2026-09-09T17:16:44.9025938Z     ZERO     0/40      0.0%  field:champions.transform.reenter
2026-09-09T17:16:44.9026855Z     ZERO     0/1       0.0%  field:config#config.ambient-vfx@1.bindings{}[].enabled
2026-09-09T17:16:44.9028161Z     ZERO     0/1       0.0%  field:config#config.arena-rules@1.augmentTiers[].guaranteeAtD
2026-09-09T17:16:44.9029186Z     ZERO     0/1       0.0%  field:config#config.arena-rules@1.augmentTiers[].maxRound
2026-09-09T17:16:44.9030121Z     ZERO     0/1       0.0%  field:config#config.arena-rules@1.gacha
2026-09-09T17:16:44.9031108Z     ZERO     0/1       0.0%  field:config#config.arena-rules@1.mobWaves.boss.championId
2026-09-09T17:16:44.9032159Z     ZERO     0/1       0.0%  field:config#config.arena-rules@1.mobWaves.boss.modelKey
2026-09-09T17:16:44.9033158Z     ZERO     0/1       0.0%  field:config#config.arena-rules@1.mobWaves.mob.modelKey
2026-09-09T17:16:44.9034205Z     ZERO     0/1       0.0%  field:config#config.arena-rules@1.mobWaves.schedule[].championId
2026-09-09T17:16:44.9035278Z     ZERO     0/1       0.0%  field:config#config.arena-rules@1.mobWaves.special.championId
2026-09-09T17:16:44.9036409Z     ZERO     0/1       0.0%  field:config#config.arena-rules@1.mobWaves.special.heroLevel
2026-09-09T17:16:44.9037625Z     ZERO     0/1       0.0%  field:config#config.arena-rules@1.mobWaves.special.modelKey
2026-09-09T17:16:44.9038592Z     ZERO     0/1       0.0%  field:config#config.arena-rules@1.overflow
2026-09-09T17:16:44.9039462Z     ZERO     0/1       0.0%  field:config#config.base-bonus@1.bonus.ap
2026-09-09T17:16:44.9040345Z     ZERO     0/1       0.0%  field:config#config.base-bonus@1.bonus.armor
2026-09-09T17:16:44.9041195Z     ZERO     0/1       0.0%  field:config#config.base-bonus@1.bonus.as
2026-09-09T17:16:44.9042064Z     ZERO     0/1       0.0%  field:config#config.base-bonus@1.bonus.cdr
2026-09-09T17:16:44.9043025Z     ZERO     0/1       0.0%  field:config#config.base-bonus@1.bonus.cooldownDrainRate
2026-09-09T17:16:44.9044004Z     ZERO     0/1       0.0%  field:config#config.base-bonus@1.bonus.critChance
2026-09-09T17:16:44.9044929Z     ZERO     0/1       0.0%  field:config#config.base-bonus@1.bonus.critDamage
2026-09-09T17:16:44.9045813Z     ZERO     0/1       0.0%  field:config#config.base-bonus@1.bonus.evasion
2026-09-09T17:16:44.9046713Z     ZERO     0/1       0.0%  field:config#config.base-bonus@1.bonus.healthRegen
2026-09-09T17:16:44.9047978Z     ZERO     0/1       0.0%  field:config#config.base-bonus@1.bonus.lifesteal
2026-09-09T17:16:44.9048860Z     ZERO     0/1       0.0%  field:config#config.base-bonus@1.bonus.maxHitPctMaxHp
2026-09-09T17:16:44.9049681Z     ZERO     0/1       0.0%  field:config#config.base-bonus@1.bonus.ms
2026-09-09T17:16:44.9050487Z     ZERO     0/1       0.0%  field:config#config.base-bonus@1.bonus.outputDamagePct
2026-09-09T17:16:44.9051361Z     ZERO     0/1       0.0%  field:config#config.base-bonus@1.bonus.outputHealingPct
2026-09-09T17:16:44.9052267Z     ZERO     0/1       0.0%  field:config#config.base-bonus@1.bonus.outputShieldPct
2026-09-09T17:16:44.9053092Z     ZERO     0/1       0.0%  field:config#config.base-bonus@1.bonus.range
2026-09-09T17:16:44.9054162Z     ZERO     0/1       0.0%  field:config#config.base-bonus@1.bonus.spellVamp
2026-09-09T17:16:44.9055016Z     ZERO     0/1       0.0%  field:config#config.base-bonus@1.bonus.unavoidablePct
2026-09-09T17:16:44.9055907Z     ZERO     0/1       0.0%  field:config#config.combat-feel@1.knockback.authoredWins
2026-09-09T17:16:44.9057082Z     ZERO     0/1       0.0%  field:config#config.combat-feel@1.knockback.launchEdgeUsesFireRing
2026-09-09T17:16:44.9058417Z     ZERO     0/1       0.0%  field:config#config.combat-feel@1.knockback.launchLongUnits
2026-09-09T17:16:44.9059394Z     ZERO     0/1       0.0%  field:config#config.combat-feel@1.knockback.launchShortUnits
2026-09-09T17:16:44.9060332Z     ZERO     0/1       0.0%  field:config#config.combat-feel@1.knockback.longerDamageWins
2026-09-09T17:16:44.9061388Z     ZERO     0/1       0.0%  field:config#config.controller-scheme@1.schemes{}.autoFarm.overrideReason
2026-09-09T17:16:44.9062315Z     ZERO     0/1       0.0%  field:config#config.feel-fx@1.orderFeedback
2026-09-09T17:16:44.9063159Z     ZERO     0/1       0.0%  field:config#config.form-visuals@1.forms{}.modelKey
2026-09-09T17:16:44.9063991Z     ZERO     0/1       0.0%  field:config#config.icon-plan@1.missingSurfaceFiles
2026-09-09T17:16:44.9064758Z     ZERO     0/1       0.0%  field:config#config.ranking@1.note
2026-09-09T17:16:44.9065587Z     ZERO     0/1       0.0%  field:config#config.stat-caps@1.caps.cooldownDrainRate
2026-09-09T17:16:44.9066547Z     ZERO     0/1       0.0%  field:config#config.stat-caps@1.caps.critChance
2026-09-09T17:16:44.9067582Z     ZERO     0/1       0.0%  field:config#config.stat-caps@1.caps.critDamage
2026-09-09T17:16:44.9068455Z     ZERO     0/1       0.0%  field:config#config.stat-caps@1.caps.evasion
2026-09-09T17:16:44.9069355Z     ZERO     0/1       0.0%  field:config#config.stat-caps@1.caps.maxHitPctMaxHp
2026-09-09T17:16:44.9070298Z     ZERO     0/1       0.0%  field:config#config.stat-caps@1.caps.outputDamagePct
2026-09-09T17:16:44.9071234Z     ZERO     0/1       0.0%  field:config#config.stat-caps@1.caps.outputHealingPct
2026-09-09T17:16:44.9072158Z     ZERO     0/1       0.0%  field:config#config.stat-caps@1.caps.outputShieldPct
2026-09-09T17:16:44.9073048Z     ZERO     0/1       0.0%  field:config#config.stat-caps@1.caps.spellVamp
2026-09-09T17:16:44.9073955Z     ZERO     0/1       0.0%  field:config#config.stat-caps@1.caps.unavoidablePct
2026-09-09T17:16:44.9074845Z     ZERO     0/1       0.0%  field:config#config.ugc@1.heroModelMaxBytes
2026-09-09T17:16:44.9075752Z     ZERO     0/1       0.0%  field:config#config.ugc@1.heroModelUploadsEnabled
2026-09-09T17:16:44.9076613Z     ZERO     0/1       0.0%  field:config#config.ugc@1.powerUserQuotaPerDay
2026-09-09T17:16:44.9077713Z     ZERO     0/1       0.0%  field:config#config.ui-cues@1.lobbyStore.enabled
2026-09-09T17:16:44.9078580Z     ZERO     0/1       0.0%  field:config#config.unit-tints@1.units{}.alpha
2026-09-09T17:16:44.9079967Z     ZERO     0/1       0.0%  field:config#config.vfx-ability-art@1.bindings{}.owner.anchor
2026-09-09T17:16:44.9081498Z     ZERO     0/1       0.0%  field:config#config.vfx-ability-art@1.bindings{}.owner.flyHeight
2026-09-09T17:16:44.9082537Z     ZERO     0/1       0.0%  field:config#config.vfx-ability-art@1.bindings{}.owner.scale
2026-09-09T17:16:44.9083539Z     ZERO     0/1       0.0%  field:config#config.vfx-ability-art@1.bindings{}.owner.tint
2026-09-09T17:16:44.9084544Z     ZERO     0/1       0.0%  field:config#config.vfx-cleanup@1.modelFxEmittersEnabled
2026-09-09T17:16:44.9085516Z     ZERO     0/1       0.0%  field:config#config.vfx-families@1.abilities{}.alpha
2026-09-09T17:16:44.9086481Z     ZERO     0/1       0.0%  field:config#config.vfx-families@1.abilities{}.enabled
2026-09-09T17:16:44.9088299Z     ZERO     0/1       0.0%  field:config#config.vfx-families@1.abilities{}.facingDeg
2026-09-09T17:16:44.9089413Z     ZERO     0/1       0.0%  field:config#config.vfx-families@1.abilities{}.soundDissipate
2026-09-09T17:16:44.9090456Z     ZERO     0/1       0.0%  field:config#config.vfx-families@1.abilities{}.soundLoop
2026-09-09T17:16:44.9091727Z     ZERO     0/1       0.0%  field:config#config.vfx-families@1.abilities{}.timeScale
2026-09-09T17:16:44.9092696Z     ZERO     0/1       0.0%  field:config#config.vfx-families@1.families{}.models
2026-09-09T17:16:44.9093668Z     ZERO     0/1       0.0%  field:config#config.vfx-families@1.families{}.soundGain
2026-09-09T17:16:44.9094904Z     ZERO     0/1       0.0%  field:config#config.vfx-families@1.families{}.soundLoopMaxMs
2026-09-09T17:16:44.9095991Z     ZERO     0/1       0.0%  field:config#config.vfx-families@1.families{}.soundLoopMs
2026-09-09T17:16:44.9096872Z     ZERO     0/1       0.0%  field:config#config.weather@1.note
2026-09-09T17:16:44.9097831Z     ZERO     0/4       0.0%  field:items.auras[].hooks
2026-09-09T17:16:44.9098552Z     ZERO     0/4       0.0%  field:items.auras[].includeSelf
2026-09-09T17:16:44.9099286Z     ZERO     0/4       0.0%  field:items.auras[].lingerSec
2026-09-09T17:16:44.9099998Z     ZERO     0/142     0.0%  field:items.draftEligible
2026-09-09T17:16:44.9100645Z     ZERO     0/142     0.0%  field:items.iconKey
2026-09-09T17:16:44.9101319Z     ZERO     0/86      0.0%  field:items.modifiers[].from
2026-09-09T17:16:44.9102185Z     ZERO     0/86      0.0%  field:items.modifiers[].scopeAbilityId
2026-09-09T17:16:44.9102968Z     ZERO     0/86      0.0%  field:items.modifiers[].scopeSlot
2026-09-09T17:16:44.9103740Z     ZERO     0/77      0.0%  field:items.passive[].blockSource
2026-09-09T17:16:44.9104502Z     ZERO     0/77      0.0%  field:items.passive[].consumeOn
2026-09-09T17:16:44.9105319Z     ZERO     0/77      0.0%  field:items.passive[].critSource
2026-09-09T17:16:44.9106216Z     ZERO     0/77      0.0%  field:items.passive[].damageConnected
2026-09-09T17:16:44.9107007Z     ZERO     0/77      0.0%  field:items.passive[].damageCrit
2026-09-09T17:16:44.9108068Z     ZERO     0/77      0.0%  field:items.passive[].damageType
2026-09-09T17:16:44.9108816Z     ZERO     0/77      0.0%  field:items.passive[].evadeChannel
2026-09-09T17:16:44.9109578Z     ZERO     0/77      0.0%  field:items.passive[].evadeDuring
2026-09-09T17:16:44.9110304Z     ZERO     0/77      0.0%  field:items.passive[].evadeSource
2026-09-09T17:16:44.9111107Z     ZERO     0/77      0.0%  field:items.passive[].internalCooldownScope
2026-09-09T17:16:44.9112003Z     ZERO     0/77      0.0%  field:items.passive[].observedEvent
2026-09-09T17:16:44.9112734Z     ZERO     0/77      0.0%  field:items.passive[].onConsumed
2026-09-09T17:16:44.9113427Z     ZERO     0/77      0.0%  field:items.passive[].oncePerCast
2026-09-09T17:16:44.9114111Z     ZERO     0/77      0.0%  field:items.passive[].perTarget
2026-09-09T17:16:44.9114875Z     ZERO     0/77      0.0%  field:items.passive[].reflectedDamageSource
2026-09-09T17:16:44.9115709Z     ZERO     0/77      0.0%  field:items.passive[].reflectedDamageType
2026-09-09T17:16:44.9116521Z     ZERO     0/77      0.0%  field:items.passive[].stationaryForSec
2026-09-09T17:16:44.9117293Z     ZERO     0/3       0.0%  field:items.sets[].countDuplicates
2026-09-09T17:16:44.9118229Z     ZERO     0/3       0.0%  field:items.sets[].enabled
2026-09-09T17:16:44.9118945Z     ZERO     0/3       0.0%  field:items.sets[].requiredPieces
2026-09-09T17:16:44.9119595Z     ZERO     0/142     0.0%  field:items.unique
2026-09-09T17:16:44.9120255Z     ZERO     0/7       0.0%  field:maps.backgroundProps[].y
2026-09-09T17:16:44.9120956Z     ZERO     0/7       0.0%  field:maps.landmarkProps[].y
2026-09-09T17:16:44.9121615Z     ZERO     0/156     0.0%  field:models.bodyVersion
2026-09-09T17:16:44.9122251Z     ZERO     0/156     0.0%  field:models.fxAlpha
2026-09-09T17:16:44.9122890Z     ZERO     0/156     0.0%  field:models.heroBody
2026-09-09T17:16:44.9123501Z     ZERO     0/156     0.0%  field:models.voxel
2026-09-09T17:16:44.9124107Z     ZERO     0/5       0.0%  field:skins.alpha
2026-09-09T17:16:44.9124693Z     ZERO     0/5       0.0%  field:skins.tint
2026-09-09T17:16:44.9125350Z     ZERO     0/51      0.0%  field:status-effects.alpha
2026-09-09T17:16:44.9126272Z     ZERO     0/51      0.0%  field:status-effects.iconKey
2026-09-09T17:16:44.9126937Z     ZERO     0/51      0.0%  field:status-effects.tint
2026-09-09T17:16:44.9127913Z     ZERO     0/9       0.0%  field:vfx#vfx@1.orient.yawDeg
2026-09-09T17:16:44.9128575Z     ZERO     0/629     0.0%  field:vfx#vfx@1.presentation
2026-09-09T17:16:44.9129346Z     ZERO     0/629     0.0%  field:vfx#vfx@1.spriteSheet
2026-09-09T17:16:44.9130019Z     ZERO     0/1       0.0%  field:vfx#vfx@1.tracks.*.globalSeq
2026-09-09T17:16:44.9130700Z     ZERO     0/1       0.0%  field:vfx#vfx@1.tracks.gravity
2026-09-09T17:16:44.9131355Z     ZERO     0/1       0.0%  field:vfx#vfx@1.tracks.latitude
2026-09-09T17:16:44.9131998Z     ZERO     0/1       0.0%  field:vfx#vfx@1.tracks.length
2026-09-09T17:16:44.9132664Z     ZERO     0/1       0.0%  field:vfx#vfx@1.tracks.lifespan
2026-09-09T17:16:44.9133296Z     ZERO     0/1       0.0%  field:vfx#vfx@1.tracks.speed
2026-09-09T17:16:44.9133964Z     ZERO     0/1       0.0%  field:vfx#vfx@1.tracks.visibility
2026-09-09T17:16:44.9134616Z     ZERO     0/1       0.0%  field:vfx#vfx@1.tracks.width
2026-09-09T17:16:44.9135310Z     ZERO     0/3       0.0%  field:vfx-scripts.segments[]|1#anim.atMs
2026-09-09T17:16:44.9136083Z     ZERO     0/3       0.0%  field:vfx-scripts.segments[]|1#anim.replaces
2026-09-09T17:16:44.9136901Z     ZERO     0/3       0.0%  field:vfx-scripts.segments[]|1#anim.replacesForMs
2026-09-09T17:16:44.9137919Z     ZERO     0/3       0.0%  field:vfx-scripts.segments[]|1#anim.strikeIndex
2026-09-09T17:16:44.9138903Z     ZERO     0/3       0.0%  field:vfx-scripts.segments[]|1#floatingText.driftAngleDeg
2026-09-09T17:16:44.9139976Z     ZERO     0/3       0.0%  field:vfx-scripts.segments[]|1#floatingText.driftAngleStepDeg
2026-09-09T17:16:44.9141025Z     ZERO     0/3       0.0%  field:vfx-scripts.segments[]|1#floatingText.driftFrom
2026-09-09T17:16:44.9142016Z     ZERO     0/3       0.0%  field:vfx-scripts.segments[]|1#floatingText.driftSpeed
2026-09-09T17:16:44.9143011Z     ZERO     0/3       0.0%  field:vfx-scripts.segments[]|1#floatingText.replaces
2026-09-09T17:16:44.9144011Z     ZERO     0/3       0.0%  field:vfx-scripts.segments[]|1#floatingText.replacesForMs
2026-09-09T17:16:44.9144958Z     ZERO     0/2       0.0%  field:vfx-scripts.segments[]|1#hideBody.atMs
2026-09-09T17:16:44.9145856Z     ZERO     0/2       0.0%  field:vfx-scripts.segments[]|1#hideBody.replaces
2026-09-09T17:16:44.9146800Z     ZERO     0/2       0.0%  field:vfx-scripts.segments[]|1#hideBody.replacesForMs
2026-09-09T17:16:44.9147968Z     ZERO     0/2       0.0%  field:vfx-scripts.segments[]|1#hideBody.strikeIndex
2026-09-09T17:16:44.9148864Z     ZERO     0/9       0.0%  field:vfx-scripts.segments[]|1#modelFx.count
2026-09-09T17:16:44.9149752Z     ZERO     0/9       0.0%  field:vfx-scripts.segments[]|1#modelFx.distance
2026-09-09T17:16:44.9150598Z     ZERO     0/9       0.0%  field:vfx-scripts.segments[]|1#modelFx.offsetSideU
2026-09-09T17:16:44.9156794Z     ZERO     0/9       0.0%  field:vfx-scripts.segments[]|1#modelFx.replaces
2026-09-09T17:16:44.9158591Z     ZERO     0/9       0.0%  field:vfx-scripts.segments[]|1#modelFx.replacesForMs
2026-09-09T17:16:44.9159573Z     ZERO     0/9       0.0%  field:vfx-scripts.segments[]|1#modelFx.scaleAxis
2026-09-09T17:16:44.9160502Z     ZERO     0/9       0.0%  field:vfx-scripts.segments[]|1#modelFx.soundKey
2026-09-09T17:16:44.9161425Z     ZERO     0/9       0.0%  field:vfx-scripts.segments[]|1#modelFx.spacing
2026-09-09T17:16:44.9162313Z     ZERO     0/9       0.0%  field:vfx-scripts.segments[]|1#modelFx.speed
2026-09-09T17:16:44.9163243Z     ZERO     0/9       0.0%  field:vfx-scripts.segments[]|1#modelFx.spinDegPerSec
2026-09-09T17:16:44.9164236Z     ZERO     0/9       0.0%  field:vfx-scripts.segments[]|1#modelFx.trailIntervalSec
2026-09-09T17:16:44.9165186Z     ZERO     0/9       0.0%  field:vfx-scripts.segments[]|1#modelFx.trailVfxId
2026-09-09T17:16:44.9166145Z     ZERO     0/9       0.0%  field:vfx-scripts.segments[]|1#modelFx.yawOffsetDeg
2026-09-09T17:16:44.9167342Z     ZERO     0/4       0.0%  field:vfx-scripts.segments[]|1#screenShake.replaces
2026-09-09T17:16:44.9168506Z     ZERO     0/4       0.0%  field:vfx-scripts.segments[]|1#screenShake.replacesForMs
2026-09-09T17:16:44.9169367Z     ZERO     0/2       0.0%  field:vfx-scripts.segments[]|1#sound.replaces
2026-09-09T17:16:44.9170400Z     ZERO     0/2       0.0%  field:vfx-scripts.segments[]|1#sound.replacesForMs
2026-09-09T17:16:44.9171195Z     ZERO     0/7       0.0%  field:vfx-scripts.segments[]|1#vfx.alpha
2026-09-09T17:16:44.9171973Z     ZERO     0/7       0.0%  field:vfx-scripts.segments[]|1#vfx.facingDeg
2026-09-09T17:16:44.9172728Z     ZERO     0/7       0.0%  field:vfx-scripts.segments[]|1#vfx.flyHeight
2026-09-09T17:16:44.9173538Z     ZERO     0/7       0.0%  field:vfx-scripts.segments[]|1#vfx.offsetForwardU
2026-09-09T17:16:44.9174352Z     ZERO     0/7       0.0%  field:vfx-scripts.segments[]|1#vfx.offsetSideU
2026-09-09T17:16:44.9175140Z     ZERO     0/7       0.0%  field:vfx-scripts.segments[]|1#vfx.pitchDeg
2026-09-09T17:16:44.9175900Z     ZERO     0/7       0.0%  field:vfx-scripts.segments[]|1#vfx.replaces
2026-09-09T17:16:44.9176681Z     ZERO     0/7       0.0%  field:vfx-scripts.segments[]|1#vfx.replacesForMs
2026-09-09T17:16:44.9177684Z     ZERO     0/7       0.0%  field:vfx-scripts.segments[]|1#vfx.timeScale
2026-09-09T17:16:44.9178459Z     ZERO     0/7       0.0%  field:vfx-scripts.segments[]|1#vfx.tint
2026-09-09T17:16:44.9179195Z     ZERO     0/7       0.0%  field:vfx-scripts.segments[]|1#vfx.w3xScale
2026-09-09T17:16:44.9180513Z              1/2      50.0%  field:abilities.effects[]#applyBuff.condition|0|2|0.other.scale
2026-09-09T17:16:44.9181848Z              1/2      50.0%  field:abilities.effects[]#applyBuff.condition|0|2|0.other.stat
2026-09-09T17:16:44.9183172Z              1/2      50.0%  field:abilities.effects[]#applyBuff.condition|0|2|1.other.scale
2026-09-09T17:16:44.9184426Z              1/2      50.0%  field:abilities.effects[]#applyBuff.condition|0|2|1.other.stat
2026-09-09T17:16:44.9185632Z              1/7      14.3%  field:abilities.effects[]#applyBuff.critStrike.empowers
2026-09-09T17:16:44.9186911Z              1/7      14.3%  field:abilities.effects[]#applyBuff.critStrike.lifestealMode
2026-09-09T17:16:44.9188328Z              1/1     100.0%  field:abilities.effects[]#applyBuff.deathWard.modelKey
2026-09-09T17:16:44.9189623Z              1/1     100.0%  field:abilities.effects[]#applyBuff.hooks[].chanceFrom.basis
2026-09-09T17:16:44.9190862Z              1/1     100.0%  field:abilities.effects[]#applyBuff.penetration.armorPct
2026-09-09T17:16:44.9192019Z              1/163     0.6%  field:abilities.effects[]#applyStatus.healingTakenMult
2026-09-09T17:16:44.9193186Z              1/163     0.6%  field:abilities.effects[]#applyStatus.lifestealMult
2026-09-09T17:16:44.9194303Z              1/163     0.6%  field:abilities.effects[]#applyStatus.regenMult
2026-09-09T17:16:44.9195352Z              1/1     100.0%  field:abilities.effects[]#carry.maxTargets
2026-09-09T17:16:44.9196429Z              1/1     100.0%  field:abilities.effects[]#carry.onCarrierDeath
2026-09-09T17:16:44.9197635Z              1/1     100.0%  field:abilities.effects[]#carry.onHitTargets
2026-09-09T17:16:44.9198602Z              1/1     100.0%  field:abilities.effects[]#carry.radius
2026-09-09T17:16:44.9199582Z              1/1     100.0%  field:abilities.effects[]#carry.radiusTier
2026-09-09T17:16:44.9200550Z              1/1     100.0%  field:abilities.effects[]#carry.side
2026-09-09T17:16:44.9201584Z              1/1     100.0%  field:abilities.effects[]#carry.untargetable
2026-09-09T17:16:44.9202675Z              1/1     100.0%  field:abilities.effects[]#carry.untargetable.abilityAoe
2026-09-09T17:16:44.9203890Z              1/1     100.0%  field:abilities.effects[]#carry.untargetable.autoAcquire
2026-09-09T17:16:44.9205114Z              1/1     100.0%  field:abilities.effects[]#carry.untargetable.manualTarget
2026-09-09T17:16:44.9206306Z              1/1     100.0%  field:abilities.effects[]#carry.untargetable.mobAggro
2026-09-09T17:16:44.9208085Z              1/1     100.0%  field:abilities.effects[]#carry.victimCondition
2026-09-09T17:16:44.9209316Z              1/370     0.3%  field:abilities.effects[]#chainLightning.amount.attrRatios
2026-09-09T17:16:44.9210707Z              1/1     100.0%  field:abilities.effects[]#chainLightning.amount.attrRatios[].basis
2026-09-09T17:16:44.9212253Z              1/1     100.0%  field:abilities.effects[]#convertTeam.maxHeld
2026-09-09T17:16:44.9213565Z              1/1     100.0%  field:abilities.effects[]#convertTeam.oncePerRoundPerVictim
2026-09-09T17:16:44.9214710Z              1/1     100.0%  field:abilities.effects[]#convertTeam.until
2026-09-09T17:16:44.9215727Z              1/1     100.0%  field:abilities.effects[]#cycleBuff.applyTo
2026-09-09T17:16:44.9216773Z              1/258     0.4%  field:abilities.effects[]#damage.bankedBonus
2026-09-09T17:16:44.9218058Z              1/2      50.0%  field:abilities.effects[]#damage.refund.basis
2026-09-09T17:16:44.9219140Z              1/90      1.1%  field:abilities.effects[]#damageArea.canCrit
2026-09-09T17:16:44.9220188Z              1/90      1.1%  field:abilities.effects[]#damageArea.falloff
2026-09-09T17:16:44.9221203Z              1/22      4.5%  field:abilities.effects[]#dispel.condition
2026-09-09T17:16:44.9222330Z              1/5      20.0%  field:abilities.effects[]#eventValueConversion.buff
2026-09-09T17:16:44.9223592Z              1/1     100.0%  field:abilities.effects[]#eventValueConversion.buff.ratio
2026-09-09T17:16:44.9224860Z              1/7      14.3%  field:abilities.effects[]#grantAttribute.maxAttribute
2026-09-09T17:16:44.9226030Z              1/4      25.0%  field:abilities.effects[]#grantGold.perTargetLevel
2026-09-09T17:16:44.9227075Z              1/1     100.0%  field:abilities.effects[]#grantXp.to
2026-09-09T17:16:44.9228468Z              1/1     100.0%  field:abilities.effects[]#manaBarrier.durationSec
2026-09-09T17:16:44.9229637Z              1/1     100.0%  field:abilities.effects[]#manaBarrier.minManaReserve
2026-09-09T17:16:44.9230733Z              1/1     100.0%  field:abilities.effects[]#manaBarrier.who
2026-09-09T17:16:44.9231831Z              1/17      5.9%  field:abilities.effects[]#modifyCooldown.condition
2026-09-09T17:16:44.9232908Z              1/17      5.9%  field:abilities.effects[]#modifyCooldown.hookKey
2026-09-09T17:16:44.9233988Z              1/17      5.9%  field:abilities.effects[]#modifyCooldown.hookScope
2026-09-09T17:16:44.9235079Z              1/17      5.9%  field:abilities.effects[]#modifyCooldown.target
2026-09-09T17:16:44.9236140Z              1/39      2.6%  field:abilities.effects[]#restore.condition
2026-09-09T17:16:44.9237152Z              1/9      11.1%  field:abilities.effects[]#spendMana.bankAs
2026-09-09T17:16:44.9238528Z              1/1     100.0%  field:abilities.effects[]#swapResource.clampMin
2026-09-09T17:16:44.9239513Z              1/1     100.0%  field:abilities.effects[]#swapResource.resource
2026-09-09T17:16:44.9240476Z              1/4      25.0%  field:abilities.effects[]#taunt.forcedTarget
2026-09-09T17:16:44.9241448Z              1/4      25.0%  field:abilities.effects[]#taunt.includeNeutrals
2026-09-09T17:16:44.9242359Z              1/4      25.0%  field:abilities.effects[]#taunt.side
2026-09-09T17:16:44.9243306Z              1/12      8.3%  field:abilities.effects[]#weightedBranch.condition
2026-09-09T17:16:44.9244166Z              1/421     0.2%  field:abilities.interruptOn
2026-09-09T17:16:44.9244864Z              1/421     0.2%  field:abilities.marks
2026-09-09T17:16:44.9245689Z              1/3      33.3%  field:abilities.marks[].perStackLost
2026-09-09T17:16:44.9246623Z              1/5      20.0%  field:abilities.passive.ranks[].auras[].hooks
2026-09-09T17:16:44.9247915Z              1/5      20.0%  field:abilities.passive.ranks[].auras[].includeSelf
2026-09-09T17:16:44.9248881Z              1/131     0.8%  field:abilities.passive.ranks[].deathWard
2026-09-09T17:16:44.9249871Z              1/131     0.8%  field:abilities.passive.ranks[].statusImmunity
2026-09-09T17:16:44.9251068Z              1/131     0.8%  field:abilities.passive.ranks[].vision
2026-09-09T17:16:44.9251904Z              1/421     0.2%  field:abilities.rangeUnlimited
2026-09-09T17:16:44.9252633Z              1/421     0.2%  field:abilities.toggle
2026-09-09T17:16:44.9253413Z              1/13      7.7%  field:arenas.zones[].gateHolds
2026-09-09T17:16:44.9254502Z              1/41      2.4%  field:augments.eligibility.excludeSelfMechanic
2026-09-09T17:16:44.9255497Z              1/41      2.4%  field:augments.eligibility.onlyAttackType
2026-09-09T17:16:44.9256498Z              1/41      2.4%  field:augments.eligibility.requiresEnemyMechanic
2026-09-09T17:16:44.9257289Z              1/91      1.1%  field:augments.flight
2026-09-09T17:16:44.9258427Z              1/71      1.4%  field:champions.abilities.*.interruptOn
2026-09-09T17:16:44.9259423Z              1/71      1.4%  field:champions.abilities.*.recoverySec
2026-09-09T17:16:44.9260344Z              1/71      1.4%  field:champions.abilities.*.toggle
2026-09-09T17:16:44.9261289Z              1/71      1.4%  field:champions.healthDrainPctOfMax
2026-09-09T17:16:44.9262191Z              1/71      1.4%  field:champions.immobile
2026-09-09T17:16:44.9263104Z              1/1     100.0%  field:config#config.admin-friend@1.note
2026-09-09T17:16:44.9264118Z              1/1     100.0%  field:config#config.ambient-vfx@1.arenaFire
2026-09-09T17:16:44.9265209Z              1/1     100.0%  field:config#config.ambient-vfx@1.attackTrail
2026-09-09T17:16:44.9266450Z              1/1     100.0%  field:config#config.ambient-vfx@1.attackTrail.byWeaponTag[].y
2026-09-09T17:16:44.9267994Z              1/1     100.0%  field:config#config.ambient-vfx@1.backdrop
2026-09-09T17:16:44.9269115Z              1/1     100.0%  field:config#config.ambient-vfx@1.bindings{}[].note
2026-09-09T17:16:44.9301099Z              1/1     100.0%  field:config#config.ambient-vfx@1.bindings{}[].whileToggle
2026-09-09T17:16:44.9302295Z              1/1     100.0%  field:config#config.ambient-vfx@1.hitCues
2026-09-09T17:16:44.9303444Z              1/1     100.0%  field:config#config.ambient-vfx@1.hitCues.shieldGained
2026-09-09T17:16:44.9304510Z              1/1     100.0%  field:config#config.ambient-vfx@1.scenery
2026-09-09T17:16:44.9305643Z              1/1     100.0%  field:config#config.ambient-vfx@1.scenery.outlineShells
2026-09-09T17:16:44.9306678Z              1/1     100.0%  field:config#config.aoe-tiers@1.note
2026-09-09T17:16:44.9308020Z              1/1     100.0%  field:config#config.ap-coefficient@1.keepAuthoredPerRankAp
2026-09-09T17:16:44.9309072Z              1/1     100.0%  field:config#config.ap-coefficient@1.note
2026-09-09T17:16:44.9310065Z              1/1     100.0%  field:config#config.ap-damage-scaling@1.note
2026-09-09T17:16:44.9311045Z              1/1     100.0%  field:config#config.arena-pool@1.note
2026-09-09T17:16:44.9312173Z              1/1     100.0%  field:config#config.arena-rules@1.augmentTiers
2026-09-09T17:16:44.9313380Z              1/1     100.0%  field:config#config.arena-rules@1.autoSpendSkillPoints
2026-09-09T17:16:44.9314628Z              1/1     100.0%  field:config#config.arena-rules@1.botOnlyRingAccelEnabled
2026-09-09T17:16:44.9315864Z              1/1     100.0%  field:config#config.arena-rules@1.botOnlyRingAccelSec
2026-09-09T17:16:44.9316977Z              1/1     100.0%  field:config#config.arena-rules@1.botShop
2026-09-09T17:16:44.9318388Z              1/1     100.0%  field:config#config.arena-rules@1.bothDraftsExtraSec
2026-09-09T17:16:44.9319623Z              1/1     100.0%  field:config#config.arena-rules@1.disadvantageWeights
2026-09-09T17:16:44.9320764Z              1/1     100.0%  field:config#config.arena-rules@1.draftConflict
2026-09-09T17:16:44.9321859Z              1/1     100.0%  field:config#config.arena-rules@1.exUnlockRound
2026-09-09T17:16:44.9322865Z              1/1     100.0%  field:config#config.arena-rules@1.finalRound
2026-09-09T17:16:44.9323861Z              1/1     100.0%  field:config#config.arena-rules@1.flowers
2026-09-09T17:16:44.9325305Z              1/1     100.0%  field:config#config.arena-rules@1.goldDrop
2026-09-09T17:16:44.9326347Z              1/1     100.0%  field:config#config.arena-rules@1.grailDraft
2026-09-09T17:16:44.9327662Z              1/1     100.0%  field:config#config.arena-rules@1.guardianTower
2026-09-09T17:16:44.9329106Z              1/1     100.0%  field:config#config.arena-rules@1.humanSeatsFromRound
2026-09-09T17:16:44.9330213Z              1/1     100.0%  field:config#config.arena-rules@1.itemDraft
2026-09-09T17:16:44.9331499Z              1/1     100.0%  field:config#config.arena-rules@1.itemDraft.excludedCraftRoles
2026-09-09T17:16:44.9332767Z              1/1     100.0%  field:config#config.arena-rules@1.legendaryShelf
2026-09-09T17:16:44.9334191Z              1/1     100.0%  field:config#config.arena-rules@1.legendaryShelf.randomOnlyTables
2026-09-09T17:16:44.9335639Z              1/1     100.0%  field:config#config.arena-rules@1.legendaryShelf.sellRefundPct
2026-09-09T17:16:44.9337021Z              1/1     100.0%  field:config#config.arena-rules@1.legendaryShelf.swapWhenFull
2026-09-09T17:16:44.9338543Z              1/1     100.0%  field:config#config.arena-rules@1.mobWaves
2026-09-09T17:16:44.9339619Z              1/1     100.0%  field:config#config.arena-rules@1.mobWaves.boss
2026-09-09T17:16:44.9340821Z              1/1     100.0%  field:config#config.arena-rules@1.mobWaves.boss.aggroRank
2026-09-09T17:16:44.9342084Z              1/1     100.0%  field:config#config.arena-rules@1.mobWaves.boss.championSource
2026-09-09T17:16:44.9343352Z              1/1     100.0%  field:config#config.arena-rules@1.mobWaves.boss.countOverkill
2026-09-09T17:16:44.9344707Z              1/1     100.0%  field:config#config.arena-rules@1.mobWaves.boss.countsAsChampion
2026-09-09T17:16:44.9345989Z              1/1     100.0%  field:config#config.arena-rules@1.mobWaves.boss.healthBar
2026-09-09T17:16:44.9347300Z              1/1     100.0%  field:config#config.arena-rules@1.mobWaves.boss.healthBarAnchor
2026-09-09T17:16:44.9348811Z              1/1     100.0%  field:config#config.arena-rules@1.mobWaves.boss.healthBarReveal
2026-09-09T17:16:44.9350088Z              1/1     100.0%  field:config#config.arena-rules@1.mobWaves.boss.heroDamageMult
2026-09-09T17:16:44.9351300Z              1/1     100.0%  field:config#config.arena-rules@1.mobWaves.boss.heroHpMult
2026-09-09T17:16:44.9352446Z              1/1     100.0%  field:config#config.arena-rules@1.mobWaves.boss.heroLevel
2026-09-09T17:16:44.9353640Z              1/1     100.0%  field:config#config.arena-rules@1.mobWaves.boss.heroLevelSource
2026-09-09T17:16:44.9354816Z              1/1     100.0%  field:config#config.arena-rules@1.mobWaves.boss.hpFlatBonus
2026-09-09T17:16:44.9355913Z              1/1     100.0%  field:config#config.arena-rules@1.mobWaves.boss.hpMult
2026-09-09T17:16:44.9356996Z              1/1     100.0%  field:config#config.arena-rules@1.mobWaves.boss.king
2026-09-09T17:16:44.9358374Z              1/1     100.0%  field:config#config.arena-rules@1.mobWaves.boss.king.areaMinTargets
2026-09-09T17:16:44.9359703Z              1/1     100.0%  field:config#config.arena-rules@1.mobWaves.boss.king.learnRankMode
2026-09-09T17:16:44.9361037Z              1/1     100.0%  field:config#config.arena-rules@1.mobWaves.boss.king.situationalAiming
2026-09-09T17:16:44.9362282Z              1/1     100.0%  field:config#config.arena-rules@1.mobWaves.boss.lastHitMode
2026-09-09T17:16:44.9363445Z              1/1     100.0%  field:config#config.arena-rules@1.mobWaves.boss.levelCurve
2026-09-09T17:16:44.9364596Z              1/1     100.0%  field:config#config.arena-rules@1.mobWaves.boss.maxPerRound
2026-09-09T17:16:44.9365819Z              1/1     100.0%  field:config#config.arena-rules@1.mobWaves.boss.maxPerRoundScope
2026-09-09T17:16:44.9367054Z              1/1     100.0%  field:config#config.arena-rules@1.mobWaves.boss.moveSpeedMult
2026-09-09T17:16:44.9368471Z              1/1     100.0%  field:config#config.arena-rules@1.mobWaves.boss.noClip
2026-09-09T17:16:44.9370147Z              1/1     100.0%  field:config#config.arena-rules@1.mobWaves.boss.noClipObstacles
2026-09-09T17:16:44.9371570Z              1/1     100.0%  field:config#config.arena-rules@1.mobWaves.boss.noClipStayInside
2026-09-09T17:16:44.9372906Z              1/1     100.0%  field:config#config.arena-rules@1.mobWaves.boss.noClipUnits
2026-09-09T17:16:44.9374492Z              1/1     100.0%  field:config#config.arena-rules@1.mobWaves.boss.settlementTitle
2026-09-09T17:16:44.9375796Z              1/1     100.0%  field:config#config.arena-rules@1.mobWaves.boss.sizeMult
2026-09-09T17:16:44.9376968Z              1/1     100.0%  field:config#config.arena-rules@1.mobWaves.healthBar
2026-09-09T17:16:44.9378632Z              1/1     100.0%  field:config#config.arena-rules@1.mobWaves.mob.baseHp
2026-09-09T17:16:44.9379898Z              1/1     100.0%  field:config#config.arena-rules@1.mobWaves.mob.baseLevel
2026-09-09T17:16:44.9381157Z              1/1     100.0%  field:config#config.arena-rules@1.mobWaves.mob.baseRegen
2026-09-09T17:16:44.9382375Z              1/1     100.0%  field:config#config.arena-rules@1.mobWaves.mob.championId
2026-09-09T17:16:44.9383711Z              1/1     100.0%  field:config#config.arena-rules@1.mobWaves.mob.championSource
2026-09-09T17:16:44.9385151Z              1/1     100.0%  field:config#config.arena-rules@1.mobWaves.mob.groundRingDiameter
2026-09-09T17:16:44.9386671Z              1/1     100.0%  field:config#config.arena-rules@1.mobWaves.mob.groundRingSizeFollow
2026-09-09T17:16:44.9388181Z              1/1     100.0%  field:config#config.arena-rules@1.mobWaves.mob.hpPerLevel
2026-09-09T17:16:44.9389453Z              1/1     100.0%  field:config#config.arena-rules@1.mobWaves.mob.levelCurve
2026-09-09T17:16:44.9390780Z              1/1     100.0%  field:config#config.arena-rules@1.mobWaves.mob.levelPerRound
2026-09-09T17:16:44.9392094Z              1/1     100.0%  field:config#config.arena-rules@1.mobWaves.mob.moveSpeed
2026-09-09T17:16:44.9393423Z              1/1     100.0%  field:config#config.arena-rules@1.mobWaves.mob.regenPerLevel
2026-09-09T17:16:44.9394725Z              1/1     100.0%  field:config#config.arena-rules@1.mobWaves.mob.sizeMult
2026-09-09T17:16:44.9395945Z              1/1     100.0%  field:config#config.arena-rules@1.mobWaves.mob.tintStrength
2026-09-09T17:16:44.9397228Z              1/1     100.0%  field:config#config.arena-rules@1.mobWaves.normalMobShadow
2026-09-09T17:16:44.9398748Z              1/1     100.0%  field:config#config.arena-rules@1.mobWaves.roundHoldMobKinds
2026-09-09T17:16:44.9399919Z              1/1     100.0%  field:config#config.arena-rules@1.mobWaves.schedule
2026-09-09T17:16:44.9401048Z              1/1     100.0%  field:config#config.arena-rules@1.mobWaves.special
2026-09-09T17:16:44.9402310Z              1/1     100.0%  field:config#config.arena-rules@1.mobWaves.special.bountyGold
2026-09-09T17:16:44.9403604Z              1/1     100.0%  field:config#config.arena-rules@1.mobWaves.special.bountyLevels
2026-09-09T17:16:44.9404921Z              1/1     100.0%  field:config#config.arena-rules@1.mobWaves.special.bountyXp
2026-09-09T17:16:44.9406326Z              1/1     100.0%  field:config#config.arena-rules@1.mobWaves.special.championSource
2026-09-09T17:16:44.9408083Z              1/1     100.0%  field:config#config.arena-rules@1.mobWaves.special.countOverkill
2026-09-09T17:16:44.9409547Z              1/1     100.0%  field:config#config.arena-rules@1.mobWaves.special.countsAsChampion
2026-09-09T17:16:44.9410997Z              1/1     100.0%  field:config#config.arena-rules@1.mobWaves.special.heroDamageMult
2026-09-09T17:16:44.9412457Z              1/1     100.0%  field:config#config.arena-rules@1.mobWaves.special.heroHpMult
2026-09-09T17:16:44.9413852Z              1/1     100.0%  field:config#config.arena-rules@1.mobWaves.special.heroLevelSource
2026-09-09T17:16:44.9415236Z              1/1     100.0%  field:config#config.arena-rules@1.mobWaves.special.hpFlatBonus
2026-09-09T17:16:44.9416596Z              1/1     100.0%  field:config#config.arena-rules@1.mobWaves.special.lastHitMode
2026-09-09T17:16:44.9418514Z              1/1     100.0%  field:config#config.arena-rules@1.mobWaves.special.lastHitMultiplier
2026-09-09T17:16:44.9419901Z              1/1     100.0%  field:config#config.arena-rules@1.mobWaves.special.levelCurve
2026-09-09T17:16:44.9421298Z              1/1     100.0%  field:config#config.arena-rules@1.mobWaves.special.settlementMode
2026-09-09T17:16:44.9422934Z              1/1     100.0%  field:config#config.arena-rules@1.mobWaves.special.settlementTitle
2026-09-09T17:16:44.9424328Z              1/1     100.0%  field:config#config.arena-rules@1.mobWaves.special.sizeMult
2026-09-09T17:16:44.9425716Z              1/1     100.0%  field:config#config.arena-rules@1.mobWaves.special.splitByDamage
2026-09-09T17:16:44.9427111Z              1/1     100.0%  field:config#config.arena-rules@1.mobWaves.stopSpawnOnTeamWipe
2026-09-09T17:16:44.9428677Z              1/1     100.0%  field:config#config.arena-rules@1.postMatchLingerSec
2026-09-09T17:16:44.9429748Z              1/1     100.0%  field:config#config.arena-rules@1.retiredLootTables
2026-09-09T17:16:44.9430876Z              1/1     100.0%  field:config#config.arena-rules@1.reviveCircles
2026-09-09T17:16:44.9431916Z              1/1     100.0%  field:config#config.arena-rules@1.round11
2026-09-09T17:16:44.9433050Z              1/1     100.0%  field:config#config.arena-rules@1.rounds{}.augmentTier
2026-09-09T17:16:44.9434204Z              1/1     100.0%  field:config#config.arena-rules@1.rounds{}.autoLearn
2026-09-09T17:16:44.9435313Z              1/1     100.0%  field:config#config.arena-rules@1.rounds{}.draftBoth
2026-09-09T17:16:44.9436372Z              1/1     100.0%  field:config#config.arena-rules@1.rounds{}.grantGold
2026-09-09T17:16:44.9437800Z              1/1     100.0%  field:config#config.arena-rules@1.rounds{}.grantLevels
2026-09-09T17:16:44.9439028Z              1/1     100.0%  field:config#config.arena-rules@1.rounds{}.weaponDraftPct
2026-09-09T17:16:44.9440272Z              1/1     100.0%  field:config#config.arena-rules@1.rounds{}.weaponLootTable
2026-09-09T17:16:44.9441417Z              1/1     100.0%  field:config#config.arena-rules@1.ultUnlockRound
2026-09-09T17:16:44.9442407Z              1/1     100.0%  field:config#config.arena-rules@1.vision
2026-09-09T17:16:44.9443453Z              1/1     100.0%  field:config#config.arena-rules@1.vision.fullVision
2026-09-09T17:16:44.9444681Z              1/1     100.0%  field:config#config.arena-rules@1.vision.wallBlocksBasicAttack
2026-09-09T17:16:44.9445891Z              1/1     100.0%  field:config#config.arena-rules@1.weaponShelfOpen
2026-09-09T17:16:44.9446961Z              1/1     100.0%  field:config#config.arena-rules@1.weaponTiers
2026-09-09T17:16:44.9448338Z              1/1     100.0%  field:config#config.arena-rules@1.weaponTiers[].guaranteeAtD
2026-09-09T17:16:44.9449576Z              1/1     100.0%  field:config#config.arena-rules@1.weaponTiers[].maxRound
2026-09-09T17:16:44.9450579Z              1/1     100.0%  field:config#config.asset-cdn@1.note
2026-09-09T17:16:44.9451594Z              1/1     100.0%  field:config#config.asset-downloads@1.note
2026-09-09T17:16:44.9452610Z              1/1     100.0%  field:config#config.audio-map@1.bgm{}.gain
2026-09-09T17:16:44.9453626Z              1/1     100.0%  field:config#config.audio-map@1.castLayerCap
2026-09-09T17:16:44.9454613Z              1/1     100.0%  field:config#config.audio-map@1.mapBgm
2026-09-09T17:16:44.9455618Z              1/1     100.0%  field:config#config.audio-map@1.modelFxSound
2026-09-09T17:16:44.9456624Z              1/1     100.0%  field:config#config.audio-map@1.rankUpAudience
2026-09-09T17:16:44.9488312Z              1/1     100.0%  field:config#config.audio-map@1.sfx{}.cooldownMs
2026-09-09T17:16:44.9489462Z              1/1     100.0%  field:config#config.audio-map@1.sfx{}.gain
2026-09-09T17:16:44.9490536Z              1/1     100.0%  field:config#config.audio-map@1.sfx{}.maxConcurrent
2026-09-09T17:16:44.9491491Z              1/1     100.0%  field:config#config.audio-mix@1.note
2026-09-09T17:16:44.9492870Z              1/1     100.0%  field:config#config.audio-mix@1.voice.roundEndMachineVoice
2026-09-09T17:16:44.9494011Z              1/1     100.0%  field:config#config.audio-mix@1.voice.roundEndMinGapSec
2026-09-09T17:16:44.9495009Z              1/1     100.0%  field:config#config.augment-filter@1.note
2026-09-09T17:16:44.9496105Z              1/1     100.0%  field:config#config.authoring-rules@1.editor
2026-09-09T17:16:44.9497068Z              1/1     100.0%  field:config#config.authoring-rules@1.note
2026-09-09T17:16:44.9498132Z              1/1     100.0%  field:config#config.base-bonus@1.bonus.ad
2026-09-09T17:16:44.9499116Z              1/1     100.0%  field:config#config.base-bonus@1.bonus.manaRegen
2026-09-09T17:16:44.9500122Z              1/1     100.0%  field:config#config.base-bonus@1.bonus.maxHealth
2026-09-09T17:16:44.9501074Z              1/1     100.0%  field:config#config.base-bonus@1.bonus.maxMana
2026-09-09T17:16:44.9502037Z              1/1     100.0%  field:config#config.base-bonus@1.bonus.mr
2026-09-09T17:16:44.9502892Z              1/1     100.0%  field:config#config.berserk@1.note
2026-09-09T17:16:44.9503768Z              1/1     100.0%  field:config#config.block@1.chanceMult
2026-09-09T17:16:44.9504600Z              1/1     100.0%  field:config#config.block@1.note
2026-09-09T17:16:44.9505470Z              1/1     100.0%  field:config#config.body-scale@1.note
2026-09-09T17:16:44.9506539Z              1/1     100.0%  field:config#config.boss-intro@1.champions{}.authoringNote
2026-09-09T17:16:44.9507861Z              1/1     100.0%  field:config#config.boss-intro@1.champions{}.quote
2026-09-09T17:16:44.9508915Z              1/1     100.0%  field:config#config.boss-intro@1.champions{}.tips
2026-09-09T17:16:44.9509979Z              1/1     100.0%  field:config#config.boss-intro@1.champions{}.weaknesses
2026-09-09T17:16:44.9511030Z              1/1     100.0%  field:config#config.boss-intro@1.dropOrder
2026-09-09T17:16:44.9512145Z              1/1     100.0%  field:config#config.boss-intro@1.layout
2026-09-09T17:16:44.9513066Z              1/1     100.0%  field:config#config.boss-intro@1.note
2026-09-09T17:16:44.9513944Z              1/1     100.0%  field:config#config.camera@1.note
2026-09-09T17:16:44.9514975Z              1/1     100.0%  field:config#config.camera@1.zoom.defaultDolly
2026-09-09T17:16:44.9516030Z              1/1     100.0%  field:config#config.cast-approach@1.note
2026-09-09T17:16:44.9517069Z              1/1     100.0%  field:config#config.cast-time-tiers@1.note
2026-09-09T17:16:44.9524842Z              1/1     100.0%  field:config#config.cast-time@1.castTimeMaxSec
2026-09-09T17:16:44.9525968Z              1/1     100.0%  field:config#config.cast-time@1.comboWindowFrom
2026-09-09T17:16:44.9526932Z              1/1     100.0%  field:config#config.cast-time@1.note
2026-09-09T17:16:44.9528264Z              1/1     100.0%  field:config#config.champion-voices@1.champions{}.soundset
2026-09-09T17:16:44.9529489Z              1/1     100.0%  field:config#config.combat-env@1.multipliers.abilityDamage
2026-09-09T17:16:44.9530745Z              1/1     100.0%  field:config#config.combat-env@1.multipliers.abilityPower
2026-09-09T17:16:44.9531980Z              1/1     100.0%  field:config#config.combat-env@1.multipliers.abilityRange
2026-09-09T17:16:44.9533191Z              1/1     100.0%  field:config#config.combat-env@1.multipliers.agiToArmor
2026-09-09T17:16:44.9534455Z              1/1     100.0%  field:config#config.combat-env@1.multipliers.agiToAttackSpeed
2026-09-09T17:16:44.9558731Z              1/1     100.0%  field:config#config.combat-env@1.multipliers.agiToEvasion
2026-09-09T17:16:44.9560050Z              1/1     100.0%  field:config#config.combat-env@1.multipliers.attackDamage
2026-09-09T17:16:44.9561252Z              1/1     100.0%  field:config#config.combat-env@1.multipliers.attackRange
2026-09-09T17:16:44.9562447Z              1/1     100.0%  field:config#config.combat-env@1.multipliers.attackSpeed
2026-09-09T17:16:44.9563973Z              1/1     100.0%  field:config#config.combat-env@1.multipliers.cooldown
2026-09-09T17:16:44.9565120Z              1/1     100.0%  field:config#config.combat-env@1.multipliers.critChance
2026-09-09T17:16:44.9566268Z              1/1     100.0%  field:config#config.combat-env@1.multipliers.critDamage
2026-09-09T17:16:44.9567785Z              1/1     100.0%  field:config#config.combat-env@1.multipliers.damageDealt
2026-09-09T17:16:44.9568988Z              1/1     100.0%  field:config#config.combat-env@1.multipliers.defense
2026-09-09T17:16:44.9570222Z              1/1     100.0%  field:config#config.combat-env@1.multipliers.goldEliteKill
2026-09-09T17:16:44.9571459Z              1/1     100.0%  field:config#config.combat-env@1.multipliers.goldHeroKill
2026-09-09T17:16:44.9572629Z              1/1     100.0%  field:config#config.combat-env@1.multipliers.goldMobKill
2026-09-09T17:16:44.9573801Z              1/1     100.0%  field:config#config.combat-env@1.multipliers.goldQuest
2026-09-09T17:16:44.9575082Z              1/1     100.0%  field:config#config.combat-env@1.multipliers.goldRoundPayout
2026-09-09T17:16:44.9576306Z              1/1     100.0%  field:config#config.combat-env@1.multipliers.healing
2026-09-09T17:16:44.9607929Z              1/1     100.0%  field:config#config.combat-env@1.multipliers.healthRegen
2026-09-09T17:16:44.9609490Z              1/1     100.0%  field:config#config.combat-env@1.multipliers.intToAbilityPower
2026-09-09T17:16:44.9610911Z              1/1     100.0%  field:config#config.combat-env@1.multipliers.intToMagicResist
2026-09-09T17:16:44.9612368Z              1/1     100.0%  field:config#config.combat-env@1.multipliers.intToManaRegen
2026-09-09T17:16:44.9613727Z              1/1     100.0%  field:config#config.combat-env@1.multipliers.intToMaxMana
2026-09-09T17:16:44.9615024Z              1/1     100.0%  field:config#config.combat-env@1.multipliers.itemCooldown
2026-09-09T17:16:44.9616301Z              1/1     100.0%  field:config#config.combat-env@1.multipliers.lifesteal
2026-09-09T17:16:44.9617837Z              1/1     100.0%  field:config#config.combat-env@1.multipliers.magicResistMult
2026-09-09T17:16:44.9619015Z              1/1     100.0%  field:config#config.combat-env@1.multipliers.manaRegen
2026-09-09T17:16:44.9620120Z              1/1     100.0%  field:config#config.combat-env@1.multipliers.maxHealth
2026-09-09T17:16:44.9621191Z              1/1     100.0%  field:config#config.combat-env@1.multipliers.maxMana
2026-09-09T17:16:44.9622264Z              1/1     100.0%  field:config#config.combat-env@1.multipliers.moveSpeed
2026-09-09T17:16:44.9623406Z              1/1     100.0%  field:config#config.combat-env@1.multipliers.moveSpeedMelee
2026-09-09T17:16:44.9624593Z              1/1     100.0%  field:config#config.combat-env@1.multipliers.moveSpeedRanged
2026-09-09T17:16:44.9625678Z              1/1     100.0%  field:config#config.combat-env@1.multipliers.shield
2026-09-09T17:16:44.9626859Z              1/1     100.0%  field:config#config.combat-env@1.multipliers.strToAttackDamage
2026-09-09T17:16:44.9628221Z              1/1     100.0%  field:config#config.combat-env@1.multipliers.strToCritChance
2026-09-09T17:16:44.9629447Z              1/1     100.0%  field:config#config.combat-env@1.multipliers.strToHealthRegen
2026-09-09T17:16:44.9630642Z              1/1     100.0%  field:config#config.combat-env@1.multipliers.strToMaxHealth
2026-09-09T17:16:44.9631738Z              1/1     100.0%  field:config#config.combat-feel@1.aimAssist
2026-09-09T17:16:44.9632819Z              1/1     100.0%  field:config#config.combat-feel@1.autoEngage
2026-09-09T17:16:44.9634019Z              1/1     100.0%  field:config#config.combat-feel@1.autoEngage.acquireLeash
2026-09-09T17:16:44.9635320Z              1/1     100.0%  field:config#config.combat-feel@1.autoEngage.meleeAcquireFloor
2026-09-09T17:16:44.9636596Z              1/1     100.0%  field:config#config.combat-feel@1.autoEngage.threatWindowTicks
2026-09-09T17:16:44.9668106Z              1/1     100.0%  field:config#config.combat-feel@1.facing
2026-09-09T17:16:44.9669622Z              1/1     100.0%  field:config#config.combat-feel@1.hitstop
2026-09-09T17:16:44.9670863Z              1/1     100.0%  field:config#config.combat-feel@1.hitstop.holdsAttackerWalk
2026-09-09T17:16:44.9672134Z              1/1     100.0%  field:config#config.combat-feel@1.hitstop.holdsVictimWalk
2026-09-09T17:16:44.9673516Z              1/1     100.0%  field:config#config.combat-feel@1.hitstop.scale
2026-09-09T17:16:44.9674637Z              1/1     100.0%  field:config#config.combat-feel@1.hitstop.stuckGuard
2026-09-09T17:16:44.9675919Z              1/1     100.0%  field:config#config.combat-feel@1.hitstop.stuckGuard.enabled
2026-09-09T17:16:44.9677277Z              1/1     100.0%  field:config#config.combat-feel@1.hitstop.stuckGuard.releaseSec
2026-09-09T17:16:44.9678911Z              1/1     100.0%  field:config#config.combat-feel@1.hitstop.stuckGuard.thresholdSec
2026-09-09T17:16:44.9680276Z              1/1     100.0%  field:config#config.combat-feel@1.hitstop.stuckGuard.windowSec
2026-09-09T17:16:44.9681369Z              1/1     100.0%  field:config#config.combat-feel@1.impactFeel
2026-09-09T17:16:44.9682556Z              1/1     100.0%  field:config#config.combat-feel@1.impactFeel.blockCamKickMult
2026-09-09T17:16:44.9683839Z              1/1     100.0%  field:config#config.combat-feel@1.impactFeel.blockShakeMult
2026-09-09T17:16:44.9685123Z              1/1     100.0%  field:config#config.combat-feel@1.impactFeel.exCamKickFloor
2026-09-09T17:16:44.9686405Z              1/1     100.0%  field:config#config.combat-feel@1.impactFeel.exFreezeTicks
2026-09-09T17:16:44.9687755Z              1/1     100.0%  field:config#config.combat-feel@1.impactFeel.exShakeCap
2026-09-09T17:16:44.9688947Z              1/1     100.0%  field:config#config.combat-feel@1.impactFeel.exShakeMult
2026-09-09T17:16:44.9690192Z              1/1     100.0%  field:config#config.combat-feel@1.impactFeel.hitstopCounterCap
2026-09-09T17:16:44.9691432Z              1/1     100.0%  field:config#config.combat-feel@1.impactFeel.hitstopPerImpact
2026-09-09T17:16:44.9692658Z              1/1     100.0%  field:config#config.combat-feel@1.impactFeel.hitstunAdvantage
2026-09-09T17:16:44.9693835Z              1/1     100.0%  field:config#config.combat-feel@1.impactFeel.hitstunPerImpact
2026-09-09T17:16:44.9695008Z              1/1     100.0%  field:config#config.combat-feel@1.impactFeel.knockdownTicks
2026-09-09T17:16:44.9696202Z              1/1     100.0%  field:config#config.combat-feel@1.impactFeel.tierHeavyImpact
2026-09-09T17:16:44.9727777Z              1/1     100.0%  field:config#config.combat-feel@1.impactFeel.tierMediumImpact
2026-09-09T17:16:44.9729051Z              1/1     100.0%  field:config#config.combat-feel@1.knockback
2026-09-09T17:16:44.9730070Z              1/1     100.0%  field:config#config.combat-feel@1.manualOrder
2026-09-09T17:16:44.9731325Z              1/1     100.0%  field:config#config.combat-feel@1.manualOrder.attackMoveNearestToCursor
2026-09-09T17:16:44.9732660Z              1/1     100.0%  field:config#config.combat-feel@1.manualOrder.idleAutoEngageSec
2026-09-09T17:16:44.9733987Z              1/1     100.0%  field:config#config.combat-feel@1.manualOrder.recoveryCancelOnOrder
2026-09-09T17:16:44.9735056Z              1/1     100.0%  field:config#config.combat-feel@1.moveFeel
2026-09-09T17:16:44.9736074Z              1/1     100.0%  field:config#config.combat-feel@1.moveFeel.accelTicks
2026-09-09T17:16:44.9737196Z              1/1     100.0%  field:config#config.combat-feel@1.moveFeel.autoRangeBuffer
2026-09-09T17:16:44.9738550Z              1/1     100.0%  field:config#config.combat-feel@1.moveFeel.avoidMargin
2026-09-09T17:16:44.9739708Z              1/1     100.0%  field:config#config.combat-feel@1.moveFeel.chaosRerollTicks
2026-09-09T17:16:44.9740929Z              1/1     100.0%  field:config#config.combat-feel@1.moveFeel.flowerClearance
2026-09-09T17:16:44.9742184Z              1/1     100.0%  field:config#config.combat-feel@1.moveFeel.holdFraction
2026-09-09T17:16:44.9743747Z              1/1     100.0%  field:config#config.combat-feel@1.moveFeel.whiffLungeDist
2026-09-09T17:16:44.9744907Z              1/1     100.0%  field:config#config.combat-feel@1.predictionHold
2026-09-09T17:16:44.9746040Z              1/1     100.0%  field:config#config.combat-feel@1.predictionHold.flags
2026-09-09T17:16:44.9747098Z              1/1     100.0%  field:config#config.combat-feel@1.standstill
2026-09-09T17:16:44.9748671Z              1/1     100.0%  field:config#config.combat-feel@1.standstill.closingRatio
2026-09-09T17:16:44.9750049Z              1/1     100.0%  field:config#config.combat-feel@1.standstill.legacyAbsoluteClosing
2026-09-09T17:16:44.9751307Z              1/1     100.0%  field:config#config.combat-feel@1.standstill.stillEps
2026-09-09T17:16:44.9752399Z              1/1     100.0%  field:config#config.combat-feel@1.stuckEscape
2026-09-09T17:16:44.9753533Z              1/1     100.0%  field:config#config.combat-feel@1.stuckEscape.anchorRadius
2026-09-09T17:16:44.9754724Z              1/1     100.0%  field:config#config.combat-feel@1.stuckEscape.enabled
2026-09-09T17:16:44.9755934Z              1/1     100.0%  field:config#config.combat-feel@1.stuckEscape.releaseSec
2026-09-09T17:16:44.9757178Z              1/1     100.0%  field:config#config.combat-feel@1.stuckEscape.thresholdSec
2026-09-09T17:16:44.9769945Z              1/1     100.0%  field:config#config.combo-strikes@1.families[].rhythmUnknownWhy
2026-09-09T17:16:44.9771176Z              1/1     100.0%  field:config#config.combo-strikes@1.families[].steps
2026-09-09T17:16:44.9772419Z              1/1     100.0%  field:config#config.combo-strikes@1.families[].strikes
2026-09-09T17:16:44.9773875Z              1/1     100.0%  field:config#config.combo-strikes@1.families[].unresolvedReason
2026-09-09T17:16:44.9774954Z              1/1     100.0%  field:config#config.combo-strikes@1.note
2026-09-09T17:16:44.9775923Z              1/1     100.0%  field:config#config.combo-strikes@1.stepSplit
2026-09-09T17:16:44.9776788Z              1/1     100.0%  field:config#config.content-load@1.note
2026-09-09T17:16:44.9778035Z              1/1     100.0%  field:config#config.controller-scheme@1.note
2026-09-09T17:16:44.9779386Z              1/1     100.0%  field:config#config.controller-scheme@1.schemes{}.aim.switchThreshold
2026-09-09T17:16:44.9780746Z              1/1     100.0%  field:config#config.controller-scheme@1.schemes{}.aim.weights
2026-09-09T17:16:44.9782294Z              1/1     100.0%  field:config#config.controller-scheme@1.schemes{}.autoFarm.idleDelaySecOverride
2026-09-09T17:16:44.9783994Z              1/1     100.0%  field:config#config.controller-scheme@1.schemes{}.autoFarm.pveOnlyWaiverReason
2026-09-09T17:16:44.9785265Z              1/1     100.0%  field:config#config.cooldown-rules@1.hookMinSeconds
2026-09-09T17:16:44.9786265Z              1/1     100.0%  field:config#config.cooldown-rules@1.note
2026-09-09T17:16:44.9787236Z              1/1     100.0%  field:config#config.cooldown-tiers@1.note
2026-09-09T17:16:44.9788417Z              1/1     100.0%  field:config#config.crit@1.note
2026-09-09T17:16:44.9789469Z              1/1     100.0%  field:config#config.damage-colors@1.blockFlashMode
2026-09-09T17:16:44.9790520Z              1/1     100.0%  field:config#config.damage-colors@1.note
2026-09-09T17:16:44.9791467Z              1/1     100.0%  field:config#config.damage-rules@1.note
2026-09-09T17:16:44.9792543Z              1/1     100.0%  field:config#config.damage-rules@1.oneShotPctOfMaxHp
2026-09-09T17:16:44.9793739Z              1/1     100.0%  field:config#config.damage-rules@1.spreadMaxTargetsCap
2026-09-09T17:16:44.9794897Z              1/1     100.0%  field:config#config.damage-tier-exemptions@1.note
2026-09-09T17:16:44.9796056Z              1/1     100.0%  field:config#config.damage-tier-exemptions@1.rules[].docs
2026-09-09T17:16:44.9797269Z              1/1     100.0%  field:config#config.damage-tier-exemptions@1.rules[].kinds
2026-09-09T17:16:44.9835609Z              1/1     100.0%  field:config#config.damage-tier-exemptions@1.rules[].maxFlat
2026-09-09T17:16:44.9837540Z              1/1     100.0%  field:config#config.damage-tier-exemptions@1.rules[].perTrigger
2026-09-09T17:16:44.9838911Z              1/1     100.0%  field:config#config.damage-tier-exemptions@1.rules[].zeroOnly
2026-09-09T17:16:44.9870823Z              1/1     100.0%  field:config#config.damage-tiers@1.note
2026-09-09T17:16:44.9872049Z              1/1     100.0%  field:config#config.dispel@1.note
2026-09-09T17:16:44.9873183Z              1/1     100.0%  field:config#config.displacement-tiers@1.markedBlink
2026-09-09T17:16:44.9874438Z              1/1     100.0%  field:config#config.displacement-tiers@1.markedBlink.enabled
2026-09-09T17:16:44.9875852Z              1/1     100.0%  field:config#config.displacement-tiers@1.markedBlink.requireOwnMark
2026-09-09T17:16:44.9877045Z              1/1     100.0%  field:config#config.displacement-tiers@1.note
2026-09-09T17:16:44.9878342Z              1/1     100.0%  field:config#config.displacement-tiers@1.wallBlock
2026-09-09T17:16:44.9879582Z              1/1     100.0%  field:config#config.displacement-tiers@1.wallBlock.flightExempt
2026-09-09T17:16:44.9880655Z              1/1     100.0%  field:config#config.feel-fx@1.castCharge
2026-09-09T17:16:44.9881683Z              1/1     100.0%  field:config#config.feel-fx@1.cooldownPredict
2026-09-09T17:16:44.9882661Z              1/1     100.0%  field:config#config.feel-fx@1.exDim
2026-09-09T17:16:44.9883649Z              1/1     100.0%  field:config#config.feel-fx@1.impactDebris
2026-09-09T17:16:44.9884688Z              1/1     100.0%  field:config#config.feel-fx@1.impactSmokeLifeScale
2026-09-09T17:16:44.9885595Z              1/1     100.0%  field:config#config.feel-fx@1.note
2026-09-09T17:16:44.9886604Z              1/1     100.0%  field:config#config.form-visuals@1.forms{}.attachBone
2026-09-09T17:16:44.9889927Z              1/1     100.0%  field:config#config.form-visuals@1.forms{}.attachModelKey
2026-09-09T17:16:44.9891074Z              1/1     100.0%  field:config#config.form-visuals@1.forms{}.attachOffsetY
2026-09-09T17:16:44.9892275Z              1/1     100.0%  field:config#config.form-visuals@1.forms{}.attachScale
2026-09-09T17:16:44.9893328Z              1/1     100.0%  field:config#config.form-visuals@1.forms{}.note
2026-09-09T17:16:44.9894467Z              1/1     100.0%  field:config#config.form-visuals@1.forms{}.scaleMult
2026-09-09T17:16:44.9895484Z              1/1     100.0%  field:config#config.form-visuals@1.forms{}.tint
2026-09-09T17:16:44.9896459Z              1/1     100.0%  field:config#config.form-visuals@1.note
2026-09-09T17:16:44.9897686Z              1/1     100.0%  field:config#config.form-visuals@1.statusStrength
2026-09-09T17:16:44.9898777Z              1/1     100.0%  field:config#config.form-visuals@1.statuses
2026-09-09T17:16:44.9899689Z              1/1     100.0%  field:config#config.gamepad@1.note
2026-09-09T17:16:44.9900615Z              1/1     100.0%  field:config#config.hud-layout@1.note
2026-09-09T17:16:44.9901504Z              1/1     100.0%  field:config#config.icon-style@1.loras
2026-09-09T17:16:44.9902470Z              1/1     100.0%  field:config#config.icon-style@1.note
2026-09-09T17:16:44.9903411Z              1/1     100.0%  field:config#config.icon-upload@1.note
2026-09-09T17:16:44.9904427Z              1/1     100.0%  field:config#config.item-card@1.iconFillPct
2026-09-09T17:16:44.9905411Z              1/1     100.0%  field:config#config.item-card@1.note
2026-09-09T17:16:44.9906391Z              1/1     100.0%  field:config#config.lobby-layout@1.note
2026-09-09T17:16:44.9907535Z              1/1     100.0%  field:config#config.lobby-rally@1.note
2026-09-09T17:16:44.9908526Z              1/1     100.0%  field:config#config.mana-economy@1.note
2026-09-09T17:16:44.9909433Z              1/1     100.0%  field:config#config.mana-tiers@1.note
2026-09-09T17:16:44.9910390Z              1/1     100.0%  field:config#config.map-report@1.note
2026-09-09T17:16:44.9911342Z              1/1     100.0%  field:config#config.map-spec@1.cornerLabel
2026-09-09T17:16:44.9912617Z              1/1     100.0%  field:config#config.map-spec@1.intro
2026-09-09T17:16:44.9913480Z              1/1     100.0%  field:config#config.map-spec@1.nav
2026-09-09T17:16:44.9914583Z              1/1     100.0%  field:config#config.map-spec@1.nav.minSpawnRoomBodyRadii
2026-09-09T17:16:44.9919356Z              1/1     100.0%  field:config#config.map-spec@1.note
2026-09-09T17:16:44.9920488Z              1/1     100.0%  field:config#config.map-spec@1.spawn
2026-09-09T17:16:44.9921473Z              1/1     100.0%  field:config#config.mitigation@1.note
2026-09-09T17:16:44.9922617Z              1/1     100.0%  field:config#config.model-lod@1.adaptiveCostMode
2026-09-09T17:16:44.9923596Z              1/1     100.0%  field:config#config.model-lod@1.note
2026-09-09T17:16:44.9924773Z              1/1     100.0%  field:config#config.model-lod@1.platformPolicy
2026-09-09T17:16:44.9925949Z              1/1     100.0%  field:config#config.model-lod@1.platformPolicy.minDevice
2026-09-09T17:16:44.9927109Z              1/1     100.0%  field:config#config.model-lod@1.platformPolicy.phone
2026-09-09T17:16:44.9928571Z              1/1     100.0%  field:config#config.model-lod@1.platformPolicy.phoneHardBlock
2026-09-09T17:16:44.9929925Z              1/1     100.0%  field:config#config.model-lod@1.platformPolicy.phoneShortEdgePx
2026-09-09T17:16:44.9931252Z              1/1     100.0%  field:config#config.model-lod@1.platformPolicy.tabletFpsCap
2026-09-09T17:16:44.9932486Z              1/1     100.0%  field:config#config.move-speed-tiers@1.exemptions[].id
2026-09-09T17:16:44.9933665Z              1/1     100.0%  field:config#config.move-speed-tiers@1.exemptions[].op
2026-09-09T17:16:44.9934739Z              1/1     100.0%  field:config#config.move-speed-tiers@1.note
2026-09-09T17:16:44.9935776Z              1/1     100.0%  field:config#config.new-hero-checks@1.note
2026-09-09T17:16:44.9936789Z              1/1     100.0%  field:config#config.one-shot-clamp@1.note
2026-09-09T17:16:44.9937904Z              1/1     100.0%  field:config#config.origin-routes@1.note
2026-09-09T17:16:44.9938855Z              1/1     100.0%  field:config#config.owner-knobs@1.note
2026-09-09T17:16:44.9939786Z              1/1     100.0%  field:config#config.per-level-bonus@1.note
2026-09-09T17:16:44.9940674Z              1/1     100.0%  field:config#config.practice@1.note
2026-09-09T17:16:44.9941563Z              1/1     100.0%  field:config#config.range-guide@1.note
2026-09-09T17:16:44.9942429Z              1/1     100.0%  field:config#config.range-tiers@1.note
2026-09-09T17:16:44.9943274Z              1/1     100.0%  field:config#config.rank-growth@1.note
2026-09-09T17:16:44.9944084Z              1/1     100.0%  field:config#config.regen@1.note
2026-09-09T17:16:44.9944901Z              1/1     100.0%  field:config#config.replay@1.note
2026-09-09T17:16:44.9945759Z              1/1     100.0%  field:config#config.review-tuning@1.note
2026-09-09T17:16:44.9946714Z              1/1     100.0%  field:config#config.roster@1.hiddenChampions
2026-09-09T17:16:44.9948224Z              1/1     100.0%  field:config#config.roster@1.hiddenChampionsInMobPool
2026-09-09T17:16:44.9949149Z              1/1     100.0%  field:config#config.roster@1.note
2026-09-09T17:16:44.9950099Z              1/1     100.0%  field:config#config.screen-fx@1.note
2026-09-09T17:16:44.9950973Z              1/1     100.0%  field:config#config.shield@1.note
2026-09-09T17:16:44.9952037Z              1/1     100.0%  field:config#config.shield@1.spellWardBlocksWholeCast
2026-09-09T17:16:44.9953086Z              1/1     100.0%  field:config#config.skill-normalize@1.note
2026-09-09T17:16:44.9954129Z              1/1     100.0%  field:config#config.speed-growth-tiers@1.note
2026-09-09T17:16:44.9955109Z              1/1     100.0%  field:config#config.stat-caps@1.caps.ad
2026-09-09T17:16:44.9956031Z              1/1     100.0%  field:config#config.stat-caps@1.caps.ap
2026-09-09T17:16:44.9956983Z              1/1     100.0%  field:config#config.stat-caps@1.caps.armor
2026-09-09T17:16:44.9958369Z              1/1     100.0%  field:config#config.stat-caps@1.caps.as
2026-09-09T17:16:44.9959341Z              1/1     100.0%  field:config#config.stat-caps@1.caps.cdr
2026-09-09T17:16:44.9960393Z              1/1     100.0%  field:config#config.stat-caps@1.caps.healthRegen
2026-09-09T17:16:44.9961434Z              1/1     100.0%  field:config#config.stat-caps@1.caps.lifesteal
2026-09-09T17:16:44.9962606Z              1/1     100.0%  field:config#config.stat-caps@1.caps.manaRegen
2026-09-09T17:16:44.9963651Z              1/1     100.0%  field:config#config.stat-caps@1.caps.maxHealth
2026-09-09T17:16:44.9964680Z              1/1     100.0%  field:config#config.stat-caps@1.caps.maxMana
2026-09-09T17:16:44.9965677Z              1/1     100.0%  field:config#config.stat-caps@1.caps.mr
2026-09-09T17:16:44.9966631Z              1/1     100.0%  field:config#config.stat-caps@1.caps.ms
2026-09-09T17:16:44.9967750Z              1/1     100.0%  field:config#config.stat-caps@1.caps.range
2026-09-09T17:16:44.9968910Z              1/1     100.0%  field:config#config.stat-normalization@1.bandsByScale.range
2026-09-09T17:16:44.9970573Z              1/1     100.0%  field:config#config.stat-normalization@1.byOrigin.ad.坦克
2026-09-09T17:16:44.9971932Z              1/1     100.0%  field:config#config.stat-normalization@1.byOrigin.ad.射手
2026-09-09T17:16:44.9973288Z              1/1     100.0%  field:config#config.stat-normalization@1.byOrigin.ad.法刺
2026-09-09T17:16:44.9974564Z              1/1     100.0%  field:config#config.stat-normalization@1.byOrigin.ad.法師
2026-09-09T17:16:44.9975832Z              1/1     100.0%  field:config#config.stat-normalization@1.byOrigin.ad.法鬥
2026-09-09T17:16:44.9977116Z              1/1     100.0%  field:config#config.stat-normalization@1.byOrigin.ad.狂戰
2026-09-09T17:16:44.9978770Z              1/1     100.0%  field:config#config.stat-normalization@1.byOrigin.ad.砲手
2026-09-09T17:16:44.9980110Z              1/1     100.0%  field:config#config.stat-normalization@1.byOrigin.ad.硬輔
2026-09-09T17:16:44.9981453Z              1/1     100.0%  field:config#config.stat-normalization@1.byOrigin.ad.軟輔
2026-09-09T17:16:44.9982727Z              1/1     100.0%  field:config#config.stat-normalization@1.byOrigin.ad.鬥士
2026-09-09T17:16:44.9984011Z              1/1     100.0%  field:config#config.stat-normalization@1.byOrigin.ap.坦克
2026-09-09T17:16:44.9985248Z              1/1     100.0%  field:config#config.stat-normalization@1.byOrigin.ap.射手
2026-09-09T17:16:44.9986474Z              1/1     100.0%  field:config#config.stat-normalization@1.byOrigin.ap.法刺
2026-09-09T17:16:44.9987843Z              1/1     100.0%  field:config#config.stat-normalization@1.byOrigin.ap.法師
2026-09-09T17:16:44.9989103Z              1/1     100.0%  field:config#config.stat-normalization@1.byOrigin.ap.法鬥
2026-09-09T17:16:44.9990341Z              1/1     100.0%  field:config#config.stat-normalization@1.byOrigin.ap.狂戰
2026-09-09T17:16:44.9991551Z              1/1     100.0%  field:config#config.stat-normalization@1.byOrigin.ap.砲手
2026-09-09T17:16:44.9992777Z              1/1     100.0%  field:config#config.stat-normalization@1.byOrigin.ap.硬輔
2026-09-09T17:16:44.9994015Z              1/1     100.0%  field:config#config.stat-normalization@1.byOrigin.ap.軟輔
2026-09-09T17:16:44.9995230Z              1/1     100.0%  field:config#config.stat-normalization@1.byOrigin.ap.鬥士
2026-09-09T17:16:44.9996507Z              1/1     100.0%  field:config#config.stat-normalization@1.byOrigin.armor.坦克
2026-09-09T17:16:44.9997923Z              1/1     100.0%  field:config#config.stat-normalization@1.byOrigin.armor.射手
2026-09-09T17:16:44.9999225Z              1/1     100.0%  field:config#config.stat-normalization@1.byOrigin.armor.法刺
2026-09-09T17:16:45.0000492Z              1/1     100.0%  field:config#config.stat-normalization@1.byOrigin.armor.法師
2026-09-09T17:16:45.0001764Z              1/1     100.0%  field:config#config.stat-normalization@1.byOrigin.armor.法鬥
2026-09-09T17:16:45.0003042Z              1/1     100.0%  field:config#config.stat-normalization@1.byOrigin.armor.狂戰
2026-09-09T17:16:45.0004544Z              1/1     100.0%  field:config#config.stat-normalization@1.byOrigin.armor.砲手
2026-09-09T17:16:45.0005920Z              1/1     100.0%  field:config#config.stat-normalization@1.byOrigin.armor.硬輔
2026-09-09T17:16:45.0007327Z              1/1     100.0%  field:config#config.stat-normalization@1.byOrigin.armor.軟輔
2026-09-09T17:16:45.0009215Z              1/1     100.0%  field:config#config.stat-normalization@1.byOrigin.armor.鬥士
2026-09-09T17:16:45.0010512Z              1/1     100.0%  field:config#config.stat-normalization@1.byOrigin.as.坦克
2026-09-09T17:16:45.0011839Z              1/1     100.0%  field:config#config.stat-normalization@1.byOrigin.as.射手
2026-09-09T17:16:45.0013173Z              1/1     100.0%  field:config#config.stat-normalization@1.byOrigin.as.法刺
2026-09-09T17:16:45.0014490Z              1/1     100.0%  field:config#config.stat-normalization@1.byOrigin.as.法師
2026-09-09T17:16:45.0015805Z              1/1     100.0%  field:config#config.stat-normalization@1.byOrigin.as.法鬥
2026-09-09T17:16:45.0017075Z              1/1     100.0%  field:config#config.stat-normalization@1.byOrigin.as.狂戰
2026-09-09T17:16:45.0018491Z              1/1     100.0%  field:config#config.stat-normalization@1.byOrigin.as.砲手
2026-09-09T17:16:45.0019802Z              1/1     100.0%  field:config#config.stat-normalization@1.byOrigin.as.硬輔
2026-09-09T17:16:45.0021133Z              1/1     100.0%  field:config#config.stat-normalization@1.byOrigin.as.軟輔
2026-09-09T17:16:45.0022457Z              1/1     100.0%  field:config#config.stat-normalization@1.byOrigin.as.鬥士
2026-09-09T17:16:45.0023885Z              1/1     100.0%  field:config#config.stat-normalization@1.byOrigin.healthRegen.坦克
2026-09-09T17:16:45.0025363Z              1/1     100.0%  field:config#config.stat-normalization@1.byOrigin.healthRegen.射手
2026-09-09T17:16:45.0026854Z              1/1     100.0%  field:config#config.stat-normalization@1.byOrigin.healthRegen.法刺
2026-09-09T17:16:45.0028446Z              1/1     100.0%  field:config#config.stat-normalization@1.byOrigin.healthRegen.法師
2026-09-09T17:16:45.0029886Z              1/1     100.0%  field:config#config.stat-normalization@1.byOrigin.healthRegen.法鬥
2026-09-09T17:16:45.0031334Z              1/1     100.0%  field:config#config.stat-normalization@1.byOrigin.healthRegen.狂戰
2026-09-09T17:16:45.0032765Z              1/1     100.0%  field:config#config.stat-normalization@1.byOrigin.healthRegen.砲手
2026-09-09T17:16:45.0034181Z              1/1     100.0%  field:config#config.stat-normalization@1.byOrigin.healthRegen.硬輔
2026-09-09T17:16:45.0035618Z              1/1     100.0%  field:config#config.stat-normalization@1.byOrigin.healthRegen.軟輔
2026-09-09T17:16:45.0037028Z              1/1     100.0%  field:config#config.stat-normalization@1.byOrigin.healthRegen.鬥士
2026-09-09T17:16:45.0038789Z              1/1     100.0%  field:config#config.stat-normalization@1.byOrigin.manaRegen.坦克
2026-09-09T17:16:45.0040223Z              1/1     100.0%  field:config#config.stat-normalization@1.byOrigin.manaRegen.射手
2026-09-09T17:16:45.0041697Z              1/1     100.0%  field:config#config.stat-normalization@1.byOrigin.manaRegen.法刺
2026-09-09T17:16:45.0043153Z              1/1     100.0%  field:config#config.stat-normalization@1.byOrigin.manaRegen.法師
2026-09-09T17:16:45.0044614Z              1/1     100.0%  field:config#config.stat-normalization@1.byOrigin.manaRegen.法鬥
2026-09-09T17:16:45.0046049Z              1/1     100.0%  field:config#config.stat-normalization@1.byOrigin.manaRegen.狂戰
2026-09-09T17:16:45.0047719Z              1/1     100.0%  field:config#config.stat-normalization@1.byOrigin.manaRegen.砲手
2026-09-09T17:16:45.0049242Z              1/1     100.0%  field:config#config.stat-normalization@1.byOrigin.manaRegen.硬輔
2026-09-09T17:16:45.0050763Z              1/1     100.0%  field:config#config.stat-normalization@1.byOrigin.manaRegen.軟輔
2026-09-09T17:16:45.0052287Z              1/1     100.0%  field:config#config.stat-normalization@1.byOrigin.manaRegen.鬥士
2026-09-09T17:16:45.0053778Z              1/1     100.0%  field:config#config.stat-normalization@1.byOrigin.maxHealth.坦克
2026-09-09T17:16:45.0055628Z              1/1     100.0%  field:config#config.stat-normalization@1.byOrigin.maxHealth.射手
2026-09-09T17:16:45.0057129Z              1/1     100.0%  field:config#config.stat-normalization@1.byOrigin.maxHealth.法刺
2026-09-09T17:16:45.0059085Z              1/1     100.0%  field:config#config.stat-normalization@1.byOrigin.maxHealth.法師
2026-09-09T17:16:45.0060560Z              1/1     100.0%  field:config#config.stat-normalization@1.byOrigin.maxHealth.法鬥
2026-09-09T17:16:45.0061962Z              1/1     100.0%  field:config#config.stat-normalization@1.byOrigin.maxHealth.狂戰
2026-09-09T17:16:45.0063366Z              1/1     100.0%  field:config#config.stat-normalization@1.byOrigin.maxHealth.砲手
2026-09-09T17:16:45.0064811Z              1/1     100.0%  field:config#config.stat-normalization@1.byOrigin.maxHealth.硬輔
2026-09-09T17:16:45.0066244Z              1/1     100.0%  field:config#config.stat-normalization@1.byOrigin.maxHealth.軟輔
2026-09-09T17:16:45.0067929Z              1/1     100.0%  field:config#config.stat-normalization@1.byOrigin.maxHealth.鬥士
2026-09-09T17:16:45.0069378Z              1/1     100.0%  field:config#config.stat-normalization@1.byOrigin.maxMana.坦克
2026-09-09T17:16:45.0070789Z              1/1     100.0%  field:config#config.stat-normalization@1.byOrigin.maxMana.射手
2026-09-09T17:16:45.0072117Z              1/1     100.0%  field:config#config.stat-normalization@1.byOrigin.maxMana.法刺
2026-09-09T17:16:45.0073466Z              1/1     100.0%  field:config#config.stat-normalization@1.byOrigin.maxMana.法師
2026-09-09T17:16:45.0074813Z              1/1     100.0%  field:config#config.stat-normalization@1.byOrigin.maxMana.法鬥
2026-09-09T17:16:45.0076121Z              1/1     100.0%  field:config#config.stat-normalization@1.byOrigin.maxMana.狂戰
2026-09-09T17:16:45.0077566Z              1/1     100.0%  field:config#config.stat-normalization@1.byOrigin.maxMana.砲手
2026-09-09T17:16:45.0078881Z              1/1     100.0%  field:config#config.stat-normalization@1.byOrigin.maxMana.硬輔
2026-09-09T17:16:45.0080180Z              1/1     100.0%  field:config#config.stat-normalization@1.byOrigin.maxMana.軟輔
2026-09-09T17:16:45.0081457Z              1/1     100.0%  field:config#config.stat-normalization@1.byOrigin.maxMana.鬥士
2026-09-09T17:16:45.0082676Z              1/1     100.0%  field:config#config.stat-normalization@1.byOrigin.mr.坦克
2026-09-09T17:16:45.0083911Z              1/1     100.0%  field:config#config.stat-normalization@1.byOrigin.mr.射手
2026-09-09T17:16:45.0085122Z              1/1     100.0%  field:config#config.stat-normalization@1.byOrigin.mr.法刺
2026-09-09T17:16:45.0086338Z              1/1     100.0%  field:config#config.stat-normalization@1.byOrigin.mr.法師
2026-09-09T17:16:45.0087687Z              1/1     100.0%  field:config#config.stat-normalization@1.byOrigin.mr.法鬥
2026-09-09T17:16:45.0089051Z              1/1     100.0%  field:config#config.stat-normalization@1.byOrigin.mr.狂戰
2026-09-09T17:16:45.0090429Z              1/1     100.0%  field:config#config.stat-normalization@1.byOrigin.mr.砲手
2026-09-09T17:16:45.0091707Z              1/1     100.0%  field:config#config.stat-normalization@1.byOrigin.mr.硬輔
2026-09-09T17:16:45.0093049Z              1/1     100.0%  field:config#config.stat-normalization@1.byOrigin.mr.軟輔
2026-09-09T17:16:45.0094460Z              1/1     100.0%  field:config#config.stat-normalization@1.byOrigin.mr.鬥士
2026-09-09T17:16:45.0095797Z              1/1     100.0%  field:config#config.stat-normalization@1.byOrigin.ms.坦克
2026-09-09T17:16:45.0097183Z              1/1     100.0%  field:config#config.stat-normalization@1.byOrigin.ms.射手
2026-09-09T17:16:45.0098751Z              1/1     100.0%  field:config#config.stat-normalization@1.byOrigin.ms.法刺
2026-09-09T17:16:45.0099940Z              1/1     100.0%  field:config#config.stat-normalization@1.byOrigin.ms.法師
2026-09-09T17:16:45.0101158Z              1/1     100.0%  field:config#config.stat-normalization@1.byOrigin.ms.法鬥
2026-09-09T17:16:45.0102881Z              1/1     100.0%  field:config#config.stat-normalization@1.byOrigin.ms.狂戰
2026-09-09T17:16:45.0104196Z              1/1     100.0%  field:config#config.stat-normalization@1.byOrigin.ms.砲手
2026-09-09T17:16:45.0105467Z              1/1     100.0%  field:config#config.stat-normalization@1.byOrigin.ms.硬輔
2026-09-09T17:16:45.0106936Z              1/1     100.0%  field:config#config.stat-normalization@1.byOrigin.ms.軟輔
2026-09-09T17:16:45.0108372Z              1/1     100.0%  field:config#config.stat-normalization@1.byOrigin.ms.鬥士
2026-09-09T17:16:45.0109724Z              1/1     100.0%  field:config#config.stat-normalization@1.byOrigin.range.坦克
2026-09-09T17:16:45.0111144Z              1/1     100.0%  field:config#config.stat-normalization@1.byOrigin.range.射手
2026-09-09T17:16:45.0112646Z              1/1     100.0%  field:config#config.stat-normalization@1.byOrigin.range.法刺
2026-09-09T17:16:45.0114085Z              1/1     100.0%  field:config#config.stat-normalization@1.byOrigin.range.法師
2026-09-09T17:16:45.0115573Z              1/1     100.0%  field:config#config.stat-normalization@1.byOrigin.range.法鬥
2026-09-09T17:16:45.0117000Z              1/1     100.0%  field:config#config.stat-normalization@1.byOrigin.range.狂戰
2026-09-09T17:16:45.0118655Z              1/1     100.0%  field:config#config.stat-normalization@1.byOrigin.range.砲手
2026-09-09T17:16:45.0120121Z              1/1     100.0%  field:config#config.stat-normalization@1.byOrigin.range.硬輔
2026-09-09T17:16:45.0121538Z              1/1     100.0%  field:config#config.stat-normalization@1.byOrigin.range.軟輔
2026-09-09T17:16:45.0122930Z              1/1     100.0%  field:config#config.stat-normalization@1.byOrigin.range.鬥士
2026-09-09T17:16:45.0124020Z              1/1     100.0%  field:config#config.stat-normalization@1.note
2026-09-09T17:16:45.0125160Z              1/1     100.0%  field:config#config.stat-normalization@1.roleFromOrigin
2026-09-09T17:16:45.0126437Z              1/1     100.0%  field:config#config.stat-normalization@1.scaleByOrigin.range
2026-09-09T17:16:45.0128306Z              1/1     100.0%  field:config#config.stat-normalization@1.scaleByOrigin.range.坦克
2026-09-09T17:16:45.0129798Z              1/1     100.0%  field:config#config.stat-normalization@1.scaleByOrigin.range.射手
2026-09-09T17:16:45.0131222Z              1/1     100.0%  field:config#config.stat-normalization@1.scaleByOrigin.range.法刺
2026-09-09T17:16:45.0132710Z              1/1     100.0%  field:config#config.stat-normalization@1.scaleByOrigin.range.法師
2026-09-09T17:16:45.0134154Z              1/1     100.0%  field:config#config.stat-normalization@1.scaleByOrigin.range.法鬥
2026-09-09T17:16:45.0135562Z              1/1     100.0%  field:config#config.stat-normalization@1.scaleByOrigin.range.狂戰
2026-09-09T17:16:45.0137018Z              1/1     100.0%  field:config#config.stat-normalization@1.scaleByOrigin.range.砲手
2026-09-09T17:16:45.0138626Z              1/1     100.0%  field:config#config.stat-normalization@1.scaleByOrigin.range.硬輔
2026-09-09T17:16:45.0140082Z              1/1     100.0%  field:config#config.stat-normalization@1.scaleByOrigin.range.軟輔
2026-09-09T17:16:45.0141503Z              1/1     100.0%  field:config#config.stat-normalization@1.scaleByOrigin.range.鬥士
2026-09-09T17:16:45.0142813Z              1/1     100.0%  field:config#config.stat-normalization@1.transformInheritsOrigin
2026-09-09T17:16:45.0143894Z              1/1     100.0%  field:config#config.stealth@1.note
2026-09-09T17:16:45.0144902Z              1/1     100.0%  field:config#config.store@1.crystalRewards
2026-09-09T17:16:45.0145591Z              1/1     100.0%  field:config#config.store@1.crystalRewards.base
2026-09-09T17:16:45.0146376Z              1/1     100.0%  field:config#config.store@1.crystalRewards.maxMultiplier
2026-09-09T17:16:45.0147097Z              1/1     100.0%  field:config#config.store@1.crystalRewards.minHumans
2026-09-09T17:16:45.0147925Z              1/1     100.0%  field:config#config.store@1.crystalRewards.offset
2026-09-09T17:16:45.0148582Z              1/1     100.0%  field:config#config.store@1.randomPickOwnership
2026-09-09T17:16:45.0149429Z              1/1     100.0%  field:config#config.taunt@1.note
2026-09-09T17:16:45.0150080Z              1/1     100.0%  field:config#config.toggle-ability@1.note
2026-09-09T17:16:45.0150605Z              1/1     100.0%  field:config#config.ugc@1.note
2026-09-09T17:16:45.0151201Z              1/1     100.0%  field:config#config.ui-cues@1.commsWheel
2026-09-09T17:16:45.0152067Z              1/1     100.0%  field:config#config.ui-cues@1.draftShowStatPath
2026-09-09T17:16:45.0152681Z              1/1     100.0%  field:config#config.ui-cues@1.lobbyStore
2026-09-09T17:16:45.0153426Z              1/1     100.0%  field:config#config.ui-cues@1.lobbyStore.champions
2026-09-09T17:16:45.0154134Z              1/1     100.0%  field:config#config.ui-cues@1.lobbyStore.skins
2026-09-09T17:16:45.0154813Z              1/1     100.0%  field:config#config.ui-cues@1.mouseTwoStageCast
2026-09-09T17:16:45.0155416Z              1/1     100.0%  field:config#config.ui-cues@1.note
2026-09-09T17:16:45.0156112Z              1/1     100.0%  field:config#config.ui-cues@1.playerContent
2026-09-09T17:16:45.0156736Z              1/1     100.0%  field:config#config.ui-lexicon@1.note
2026-09-09T17:16:45.0157780Z              1/1     100.0%  field:config#config.unit-tints@1.transient[].alpha
2026-09-09T17:16:45.0158658Z              1/1     100.0%  field:config#config.unit-tints@1.transient[].erasesStaticTint
2026-09-09T17:16:45.0159376Z              1/1     100.0%  field:config#config.unit-tints@1.transient[].tint
2026-09-09T17:16:45.0160116Z              1/1     100.0%  field:config#config.unit-tints@1.units{}.championId
2026-09-09T17:16:45.0160782Z              1/1     100.0%  field:config#config.unit-tints@1.units{}.tint
2026-09-09T17:16:45.0161436Z              1/1     100.0%  field:config#config.unsafe-textures@1.note
2026-09-09T17:16:45.0162100Z              1/1     100.0%  field:config#config.valhalla-sandbox@1.note
2026-09-09T17:16:45.0162871Z              1/1     100.0%  field:config#config.vfx-ability-art@1.bindings{}.family
2026-09-09T17:16:45.0163708Z              1/1     100.0%  field:config#config.vfx-ability-art@1.bindings{}.family.anchor
2026-09-09T17:16:45.0164581Z              1/1     100.0%  field:config#config.vfx-ability-art@1.bindings{}.family.flyHeight
2026-09-09T17:16:45.0165530Z              1/1     100.0%  field:config#config.vfx-ability-art@1.bindings{}.family.paramSource
2026-09-09T17:16:45.0166403Z              1/1     100.0%  field:config#config.vfx-ability-art@1.bindings{}.family.scale
2026-09-09T17:16:45.0167276Z              1/1     100.0%  field:config#config.vfx-ability-art@1.bindings{}.family.tint
2026-09-09T17:16:45.0168284Z              1/1     100.0%  field:config#config.vfx-ability-art@1.bindings{}.owner
2026-09-09T17:16:45.0169124Z              1/1     100.0%  field:config#config.vfx-ability-art@1.bindings{}.owner.family
2026-09-09T17:16:45.0169887Z              1/1     100.0%  field:config#config.vfx-ability-art@1.bindings{}.prim
2026-09-09T17:16:45.0170701Z              1/1     100.0%  field:config#config.vfx-ability-art@1.bindings{}.prim.size
2026-09-09T17:16:45.0171494Z              1/1     100.0%  field:config#config.vfx-ability-art@1.bindings{}.promoted
2026-09-09T17:16:45.0172347Z              1/1     100.0%  field:config#config.vfx-budget@1.additiveOverflowBrightness
2026-09-09T17:16:45.0173142Z              1/1     100.0%  field:config#config.vfx-budget@1.maxConcurrentAdditive
2026-09-09T17:16:45.0173748Z              1/1     100.0%  field:config#config.vfx-budget@1.note
2026-09-09T17:16:45.0174513Z              1/1     100.0%  field:config#config.vfx-cleanup@1.castMoteEmitShare
2026-09-09T17:16:45.0175210Z              1/1     100.0%  field:config#config.vfx-cleanup@1.deathFxBurnSec
2026-09-09T17:16:45.0175946Z              1/1     100.0%  field:config#config.vfx-cleanup@1.deathFxCalmScale
2026-09-09T17:16:45.0176778Z              1/1     100.0%  field:config#config.vfx-cleanup@1.deathFxRelightOnChannel
2026-09-09T17:16:45.0177690Z              1/1     100.0%  field:config#config.vfx-cleanup@1.emitterSweepSec
2026-09-09T17:16:45.0178715Z              1/1     100.0%  field:config#config.vfx-cleanup@1.fxTintEmissiveFloor
2026-09-09T17:16:45.0179480Z              1/1     100.0%  field:config#config.vfx-cleanup@1.groundTextureCacheMax
2026-09-09T17:16:45.0180320Z              1/1     100.0%  field:config#config.vfx-cleanup@1.groundTextureCacheMaxMobile
2026-09-09T17:16:45.0181328Z              1/1     100.0%  field:config#config.vfx-cleanup@1.lifecycleGrowthMinDelta
2026-09-09T17:16:45.0182070Z              1/1     100.0%  field:config#config.vfx-cleanup@1.lifecycleLedgerEnabled
2026-09-09T17:16:45.0182776Z              1/1     100.0%  field:config#config.vfx-cleanup@1.lifecycleMaxAgeSec
2026-09-09T17:16:45.0183465Z              1/1     100.0%  field:config#config.vfx-cleanup@1.lifecycleRoundHistory
2026-09-09T17:16:45.0184147Z              1/1     100.0%  field:config#config.vfx-cleanup@1.lifecycleSampleSec
2026-09-09T17:16:45.0184815Z              1/1     100.0%  field:config#config.vfx-cleanup@1.maxActiveRibbons
2026-09-09T17:16:45.0185497Z              1/1     100.0%  field:config#config.vfx-cleanup@1.maxOneShotEmitters
2026-09-09T17:16:45.0186072Z              1/1     100.0%  field:config#config.vfx-cleanup@1.note
2026-09-09T17:16:45.0186831Z              1/1     100.0%  field:config#config.vfx-cleanup@1.purgeImpactPoolOnRoundEnd
2026-09-09T17:16:45.0187865Z              1/1     100.0%  field:config#config.vfx-cleanup@1.purgeVictoryFxOnCombatStart
2026-09-09T17:16:45.0188570Z              1/1     100.0%  field:config#config.vfx-cleanup@1.ribbonFadeBudgetSec
2026-09-09T17:16:45.0189239Z              1/1     100.0%  field:config#config.vfx-cleanup@1.roundPurgeMode
2026-09-09T17:16:45.0189937Z              1/1     100.0%  field:config#config.vfx-cleanup@1.stockGlowAdditive
2026-09-09T17:16:45.0190611Z              1/1     100.0%  field:config#config.vfx-cleanup@1.vfxDissipateMaxSec
2026-09-09T17:16:45.0191267Z              1/1     100.0%  field:config#config.vfx-cleanup@1.vfxFadeOutMaxSec
2026-09-09T17:16:45.0192019Z              1/1     100.0%  field:config#config.vfx-cleanup@1.vfxHardCapExemptPrefixes
2026-09-09T17:16:45.0192646Z              1/1     100.0%  field:config#config.vfx-cleanup@1.vfxHardCapScope
2026-09-09T17:16:45.0193305Z              1/1     100.0%  field:config#config.vfx-cleanup@1.vfxHardMaxLifeSec
2026-09-09T17:16:45.0194005Z              1/1     100.0%  field:config#config.vfx-families@1.abilities{}.anchor
2026-09-09T17:16:45.0194683Z              1/1     100.0%  field:config#config.vfx-families@1.abilities{}.family
2026-09-09T17:16:45.0195393Z              1/1     100.0%  field:config#config.vfx-families@1.abilities{}.flyHeight
2026-09-09T17:16:45.0196083Z              1/1     100.0%  field:config#config.vfx-families@1.abilities{}.pitchDeg
2026-09-09T17:16:45.0196776Z              1/1     100.0%  field:config#config.vfx-families@1.abilities{}.soundGain
2026-09-09T17:16:45.0197658Z              1/1     100.0%  field:config#config.vfx-families@1.abilities{}.soundImpact
2026-09-09T17:16:45.0198383Z              1/1     100.0%  field:config#config.vfx-families@1.abilities{}.soundLaunch
2026-09-09T17:16:45.0199044Z              1/1     100.0%  field:config#config.vfx-families@1.abilities{}.tint
2026-09-09T17:16:45.0199728Z              1/1     100.0%  field:config#config.vfx-families@1.abilities{}.w3xScale
2026-09-09T17:16:45.0200366Z              1/1     100.0%  field:config#config.vfx-families@1.beamAngleDeg
2026-09-09T17:16:45.0201003Z              1/1     100.0%  field:config#config.vfx-families@1.beamPitchDeg
2026-09-09T17:16:45.0201650Z              1/1     100.0%  field:config#config.vfx-families@1.boltAngleDeg
2026-09-09T17:16:45.0202358Z              1/1     100.0%  field:config#config.vfx-families@1.boltPitchDeg
2026-09-09T17:16:45.0203006Z              1/1     100.0%  field:config#config.vfx-families@1.castArcs
2026-09-09T17:16:45.0203688Z              1/1     100.0%  field:config#config.vfx-families@1.castHeightSource
2026-09-09T17:16:45.0204549Z              1/1     100.0%  field:config#config.vfx-families@1.dashAngleDeg
2026-09-09T17:16:45.0205229Z              1/1     100.0%  field:config#config.vfx-families@1.dashPitchDeg
2026-09-09T17:16:45.0206026Z              1/1     100.0%  field:config#config.vfx-families@1.families{}.groundDecal
2026-09-09T17:16:45.0207012Z              1/1     100.0%  field:config#config.vfx-families@1.families{}.soundDissipate
2026-09-09T17:16:45.0207971Z              1/1     100.0%  field:config#config.vfx-families@1.families{}.soundImpact
2026-09-09T17:16:45.0208727Z              1/1     100.0%  field:config#config.vfx-families@1.families{}.soundLaunch
2026-09-09T17:16:45.0209487Z              1/1     100.0%  field:config#config.vfx-families@1.families{}.soundLoop
2026-09-09T17:16:45.0210226Z              1/1     100.0%  field:config#config.vfx-families@1.familyPitchDefaults
2026-09-09T17:16:45.0210914Z              1/1     100.0%  field:config#config.vfx-families@1.impactRingAlpha
2026-09-09T17:16:45.0211701Z              1/1     100.0%  field:config#config.vfx-families@1.impactRingFadePow
2026-09-09T17:16:45.0212402Z              1/1     100.0%  field:config#config.vfx-families@1.impactRingLife
2026-09-09T17:16:45.0213186Z              1/1     100.0%  field:config#config.vfx-families@1.impactRingMaxLifeSec
2026-09-09T17:16:45.0213945Z              1/1     100.0%  field:config#config.vfx-families@1.impactRingRadius
2026-09-09T17:16:45.0214729Z              1/1     100.0%  field:config#config.vfx-families@1.impactRingTierSpeed
2026-09-09T17:16:45.0215528Z              1/1     100.0%  field:config#config.vfx-families@1.maxAbilityVfxLayers
2026-09-09T17:16:45.0216288Z              1/1     100.0%  field:config#config.vfx-families@1.maxConcurrentArcs
2026-09-09T17:16:45.0217022Z              1/1     100.0%  field:config#config.vfx-families@1.oneShotMaxLifeSec
2026-09-09T17:16:45.0218117Z              1/1     100.0%  field:config#config.vfx-families@1.projectileArtFromDoc
2026-09-09T17:16:45.0218865Z              1/1     100.0%  field:config#config.vfx-families@1.projectileFlyHeightY
2026-09-09T17:16:45.0219612Z              1/1     100.0%  field:config#config.vfx-families@1.projectileRadiusGain
2026-09-09T17:16:45.0220289Z              1/1     100.0%  field:config#config.vfx-families@1.slashAngleDeg
2026-09-09T17:16:45.0220978Z              1/1     100.0%  field:config#config.vfx-families@1.slashPitchDeg
2026-09-09T17:16:45.0221708Z              1/1     100.0%  field:config#config.vfx-families@1.soundEnabled
2026-09-09T17:16:45.0222434Z              1/1     100.0%  field:config#config.vfx-families@1.tornadoAngleDeg
2026-09-09T17:16:45.0223155Z              1/1     100.0%  field:config#config.vfx-families@1.tornadoPitchDeg
2026-09-09T17:16:45.0223754Z              1/1     100.0%  field:config#config.vfx-scripts@1.note
2026-09-09T17:16:45.0224485Z              1/1     100.0%  field:config#config.vfx-scripts@1.yieldDefaultCastFx
2026-09-09T17:16:45.0225085Z              1/1     100.0%  field:config#config.victory-fx@1.note
2026-09-09T17:16:45.0225727Z              1/1     100.0%  field:config#config.victory-podium@1.note
2026-09-09T17:16:45.0226440Z              1/1     100.0%  field:config#config.victory-podium@1.podiumSpacing
2026-09-09T17:16:45.0227189Z              1/1     100.0%  field:config#config.victory-podium@1.podiumZoneSource
2026-09-09T17:16:45.0228200Z              1/1     100.0%  field:config#config.victory-podium@1.roundCardCollapsed
2026-09-09T17:16:45.0228954Z              1/1     100.0%  field:config#config.victory-podium@1.roundPresentSec
2026-09-09T17:16:45.0229702Z              1/1     100.0%  field:config#config.victory-taunts@1.roundWin{}.source
2026-09-09T17:16:45.0230339Z              1/1     100.0%  field:config#config.voxel-barcodes@1.note
2026-09-09T17:16:45.0231026Z              1/1     100.0%  field:config#config.voxel-barcodes@1.slotOrder
2026-09-09T17:16:45.0231623Z              1/1     100.0%  field:config#config.voxel-bodies@1.note
2026-09-09T17:16:45.0232222Z              1/1     100.0%  field:config#config.voxel-look@1.note
2026-09-09T17:16:45.0233050Z              1/1     100.0%  field:config#config.weakness@1.note
2026-09-09T17:16:45.0233668Z              1/1     100.0%  field:config#config.weather@1.rainAlpha
2026-09-09T17:16:45.0234287Z              1/1     100.0%  field:config#config.weather@1.rainChance
2026-09-09T17:16:45.0235149Z              1/1     100.0%  field:config#config.weather@1.rainDropsAtFull
2026-09-09T17:16:45.0235803Z              1/1     100.0%  field:config#config.weather@1.rainEnabled
2026-09-09T17:16:45.0236486Z              1/1     100.0%  field:config#config.weather@1.rainFallSpeed
2026-09-09T17:16:45.0237087Z              1/1     100.0%  field:config#config.weather@1.rainStreak
2026-09-09T17:16:45.0237918Z              1/1     100.0%  field:config#config.weather@1.rainTiltDeg
2026-09-09T17:16:45.0238503Z              1/1     100.0%  field:config#config.world-cues@1.hud
2026-09-09T17:16:45.0239090Z              1/1     100.0%  field:config#config.world-cues@1.note
2026-09-09T17:16:45.0239786Z              1/1     100.0%  field:config#config.world-cues@1.zoneIsolation
2026-09-09T17:16:45.0240343Z              1/1     100.0%  field:config#config.wounds@1.note
2026-09-09T17:16:45.0241036Z              1/1     100.0%  field:config#config@1.economy.assistWindowTicks
2026-09-09T17:16:45.0241720Z              1/1     100.0%  field:config#config@1.economy.capstoneRoundGate
2026-09-09T17:16:45.0242312Z              1/1     100.0%  field:config#config@1.economy.killBounty
2026-09-09T17:16:45.0242960Z              1/1     100.0%  field:config#config@1.economy.legendaryOrbPrice
2026-09-09T17:16:45.0243575Z              1/1     100.0%  field:config#config@1.economy.statTickPrice
2026-09-09T17:16:45.0244197Z              1/1     100.0%  field:config#config@1.economy.statTickTarget
2026-09-09T17:16:45.0244963Z              1/1     100.0%  field:config#config@1.match.champSelectEarlyStartVsBot
2026-09-09T17:16:45.0245654Z              1/1     100.0%  field:config#config@1.match.champSelectSecVsBot
2026-09-09T17:16:45.0246352Z              1/1     100.0%  field:config#config@1.match.championLockEnforced
2026-09-09T17:16:45.0247086Z              1/1     100.0%  field:config#config@1.match.disposeEmptyChampSelect
2026-09-09T17:16:45.0247907Z              1/1     100.0%  field:config#config@1.match.fireRing
2026-09-09T17:16:45.0248546Z              1/1     100.0%  field:config#config@1.match.fireRing.boss
2026-09-09T17:16:45.0249341Z              1/1     100.0%  field:config#config@1.match.fireRing.boss.delayFireRingSec
2026-09-09T17:16:45.0250096Z              1/1     100.0%  field:config#config@1.match.fireRing.boss.extendCombatSec
2026-09-09T17:16:45.0250745Z              1/1     100.0%  field:config#config@1.match.fireRing.burnCurve
2026-09-09T17:16:45.0251495Z              1/1     100.0%  field:config#config@1.match.fireRing.lethalSaveApplies
2026-09-09T17:16:45.0252203Z              1/1     100.0%  field:config#config@1.match.fireRing.maxPctPerSec
2026-09-09T17:16:45.0252868Z              1/1     100.0%  field:config#config@1.match.fireRing.minRadius
2026-09-09T17:16:45.0253616Z              1/1     100.0%  field:config#config@1.match.fireRing.roundHardCapSec
2026-09-09T17:16:45.0254278Z              1/1     100.0%  field:config#config@1.match.fireRing.shrinkSec
2026-09-09T17:16:45.0254974Z              1/1     100.0%  field:config#config@1.match.fireRing.stage1Radius
2026-09-09T17:16:45.0255702Z              1/1     100.0%  field:config#config@1.match.fireRing.stage2ShrinkSec
2026-09-09T17:16:45.0256394Z              1/1     100.0%  field:config#config@1.match.fireRing.stage2StartSec
2026-09-09T17:16:45.0257023Z              1/1     100.0%  field:config#config@1.match.forceSettleVsBot
2026-09-09T17:16:45.0257901Z              1/1     100.0%  field:config#config@1.match.intermissionEarlyStartVsBot
2026-09-09T17:16:45.0258512Z              1/1     100.0%  field:config#config@1.match.maxRounds
2026-09-09T17:16:45.0259218Z              1/1     100.0%  field:config#config@1.match.roomCombatCapEnabled
2026-09-09T17:16:45.0260097Z              1/1     100.0%  field:config#config@1.match.roomCombatMaxSec
2026-09-09T17:16:45.0260798Z              1/1     100.0%  field:config#config@1.match.scoreCheatedMatches
2026-09-09T17:16:45.0261557Z              1/1     100.0%  field:config#config@1.match.settlementCardOnHealthSpent
2026-09-09T17:16:45.0262341Z              1/1     100.0%  field:config#config@1.progression.heroStartLevel
2026-09-09T17:16:45.0263123Z              1/1     100.0%  field:config#config@1.progression.roundGrantKeepsRemainder
2026-09-09T17:16:45.0263616Z              1/1     100.0%  field:config#config@1.rating
2026-09-09T17:16:45.0264157Z              1/1     100.0%  field:config#config@1.rating.ccTicks
2026-09-09T17:16:45.0264686Z              1/1     100.0%  field:config#config@1.rating.damage
2026-09-09T17:16:45.0265216Z              1/1     100.0%  field:config#config@1.rating.healed
2026-09-09T17:16:45.0265717Z              1/1     100.0%  field:config#config@1.rating.kda
2026-09-09T17:16:45.0266356Z              1/1     100.0%  field:config#config@1.rating.killParticipation
2026-09-09T17:16:45.0266907Z              1/1     100.0%  field:config#config@1.rating.objectives
2026-09-09T17:16:45.0267579Z              1/1     100.0%  field:config#config@1.rating.rescues
2026-09-09T17:16:45.0268189Z              1/1     100.0%  field:config#config@1.rating.tanked
2026-09-09T17:16:45.0268757Z              1/4      25.0%  field:items.auras[].scaleByNearby
2026-09-09T17:16:45.0269236Z              1/142     0.7%  field:items.critStrike
2026-09-09T17:16:45.0269788Z              1/86      1.2%  field:items.modifiers[].fromResource
2026-09-09T17:16:45.0270338Z              1/86      1.2%  field:items.modifiers[].requires
2026-09-09T17:16:45.0271007Z              1/5      20.0%  field:items.modifiers[].requires.mismatchScale
2026-09-09T17:16:45.0271547Z              1/77      1.3%  field:items.passive[].chanceFrom
2026-09-09T17:16:45.0272032Z              1/142     0.7%  field:items.penetration
2026-09-09T17:16:45.0272599Z              1/142     0.7%  field:items.typeStreakImmunity
2026-09-09T17:16:45.0273025Z              1/7      14.3%  field:maps.note
2026-09-09T17:16:45.0273659Z              1/7      14.3%  field:projectiles.flight.pitchDeg
2026-09-09T17:16:45.0287664Z              1/6      16.7%  field:vfx#attachment@1.anim
2026-09-09T17:16:45.0288321Z              1/6      16.7%  field:vfx#attachment@1.animLoop
2026-09-09T17:16:45.0288865Z              1/6      16.7%  field:vfx#attachment@1.follow
2026-09-09T17:16:45.0289403Z              1/6      16.7%  field:vfx#attachment@1.offsetY
2026-09-09T17:16:45.0289994Z              1/67      1.5%  field:vfx#ribbon@1.uvScrollPerSec
2026-09-09T17:16:45.0290473Z              1/629     0.2%  field:vfx#vfx@1.gore
2026-09-09T17:16:45.0290953Z              1/629     0.2%  field:vfx#vfx@1.tracks
2026-09-09T17:16:45.0291534Z              1/1     100.0%  field:vfx#vfx@1.tracks.*.interp
2026-09-09T17:16:45.0292031Z              1/1     100.0%  field:vfx#vfx@1.tracks.emission
2026-09-09T17:16:45.0292819Z              1/3      33.3%  field:vfx-scripts.segments[]|1#floatingText.riseSpeed
2026-09-09T17:16:45.0293549Z              1/9      11.1%  field:vfx-scripts.segments[]|1#modelFx.heightKeys
2026-09-09T17:16:45.0294156Z              1/4      25.0%  field:vfx-subtypes.params{}.values
2026-09-09T17:16:45.0294902Z              2/10     20.0%  field:abilities.augment.targets[].ops[].nodeKind
2026-09-09T17:16:45.0295446Z              2/421     0.5%  field:abilities.castTimeTier
2026-09-09T17:16:45.0296221Z              2/10     20.0%  field:abilities.effects[]#applyBuff.block.lethalBasis
2026-09-09T17:16:45.0296924Z              2/10     20.0%  field:abilities.effects[]#applyBuff.block.vfxId
2026-09-09T17:16:45.0297862Z              2/10     20.0%  field:abilities.effects[]#applyBuff.block.vfxScale
2026-09-09T17:16:45.0298498Z              2/10     20.0%  field:abilities.effects[]#applyBuff.block.vfxTint
2026-09-09T17:16:45.0299237Z              2/107     1.9%  field:abilities.effects[]#applyBuff.condition|0|2|0.other
2026-09-09T17:16:45.0300214Z              2/107     1.9%  field:abilities.effects[]#applyBuff.condition|0|2|1.other
2026-09-09T17:16:45.0300935Z              2/184     1.1%  field:abilities.effects[]#applyBuff.damageTypeOverride
2026-09-09T17:16:45.0301642Z              2/184     1.1%  field:abilities.effects[]#applyBuff.exclusiveOnExisting
2026-09-09T17:16:45.0302391Z              2/184     1.1%  field:abilities.effects[]#applyBuff.flight
2026-09-09T17:16:45.0303087Z              2/171     1.2%  field:abilities.effects[]#applyBuff.hooks[].consumeOn
2026-09-09T17:16:45.0303796Z              2/171     1.2%  field:abilities.effects[]#applyBuff.hooks[].critSource
2026-09-09T17:16:45.0304630Z              2/171     1.2%  field:abilities.effects[]#applyBuff.hooks[].internalCooldownScope
2026-09-09T17:16:45.0305433Z              2/171     1.2%  field:abilities.effects[]#applyBuff.hooks[].reflectedDamageSource
2026-09-09T17:16:45.0306240Z              2/171     1.2%  field:abilities.effects[]#applyBuff.hooks[].reflectedDamageType
2026-09-09T17:16:45.0307005Z              2/5      40.0%  field:abilities.effects[]#applyBuff.statusImmunity.charges
2026-09-09T17:16:45.0308006Z              2/6      33.3%  field:abilities.effects[]#applyBuff.vision.stealthFadeDelaySec
2026-09-09T17:16:45.0309213Z              2/3      66.7%  field:abilities.effects[]#applyStatus.grantMark.lethal.restoreMode
2026-09-09T17:16:45.0309864Z              2/163     1.2%  field:abilities.effects[]#applyStatus.refresh
2026-09-09T17:16:45.0310509Z              2/163     1.2%  field:abilities.effects[]#applyStatus.silenced
2026-09-09T17:16:45.0311104Z              2/24      8.3%  field:abilities.effects[]#blink.condition
2026-09-09T17:16:45.0311802Z              2/24      8.3%  field:abilities.effects[]#blink.markStatusId
2026-09-09T17:16:45.0312592Z              2/4      50.0%  field:abilities.effects[]#chainLightning.onHitTargets
2026-09-09T17:16:45.0313250Z              2/2     100.0%  field:abilities.effects[]#comboStrikes.family
2026-09-09T17:16:45.0313943Z              2/2     100.0%  field:abilities.effects[]#comboStrikes.finisher
2026-09-09T17:16:45.0314703Z              2/2     100.0%  field:abilities.effects[]#comboStrikes.strikeReposition
2026-09-09T17:16:45.0315331Z              2/258     0.8%  field:abilities.effects[]#damage.comboBonus
2026-09-09T17:16:45.0316021Z              2/258     0.8%  field:abilities.effects[]#damage.distanceScale
2026-09-09T17:16:45.0316839Z              2/13     15.4%  field:abilities.effects[]#damage.incomingPct.maxChainDepth
2026-09-09T17:16:45.0317591Z              2/258     0.8%  field:abilities.effects[]#damage.refund
2026-09-09T17:16:45.0318231Z              2/40      5.0%  field:abilities.effects[]#damageLine.canCrit
2026-09-09T17:16:45.0318948Z              2/40      5.0%  field:abilities.effects[]#damageLine.onHitTargetsMode
2026-09-09T17:16:45.0319525Z              2/18     11.1%  field:abilities.effects[]#dash.onEnd
2026-09-09T17:16:45.0320154Z              2/48      4.2%  field:abilities.effects[]#delayed.advance
2026-09-09T17:16:45.0320788Z              2/2     100.0%  field:abilities.effects[]#delayed.advance.dir
2026-09-09T17:16:45.0321492Z              2/48      4.2%  field:abilities.effects[]#delayed.hitOncePerTarget
2026-09-09T17:16:45.0322211Z              2/48      4.2%  field:abilities.effects[]#delayed.strikeReposition
2026-09-09T17:16:45.0322875Z              2/7      28.6%  field:abilities.effects[]#devour.maxTargets
2026-09-09T17:16:45.0323496Z              2/7      28.6%  field:abilities.effects[]#devour.radius
2026-09-09T17:16:45.0324142Z              2/7      28.6%  field:abilities.effects[]#devour.radiusTier
2026-09-09T17:16:45.0324733Z              2/7      28.6%  field:abilities.effects[]#devour.side
2026-09-09T17:16:45.0325336Z              2/26      7.7%  field:abilities.effects[]#dot.applyTo
2026-09-09T17:16:45.0326020Z              2/26      7.7%  field:abilities.effects[]#dot.resourcePctPhase
2026-09-09T17:16:45.0326935Z              2/2     100.0%  field:abilities.effects[]#extendBuff.perDamagePctOfMaxHealth
2026-09-09T17:16:45.0328045Z              2/2     100.0%  field:abilities.effects[]#extendBuff.who
2026-09-09T17:16:45.0328785Z              2/16     12.5%  field:abilities.effects[]#floatingText.driftAngleDeg
2026-09-09T17:16:45.0329528Z              2/16     12.5%  field:abilities.effects[]#floatingText.driftAngleStepDeg
2026-09-09T17:16:45.0330414Z              2/16     12.5%  field:abilities.effects[]#floatingText.driftFrom
2026-09-09T17:16:45.0331129Z              2/16     12.5%  field:abilities.effects[]#floatingText.driftSpeed
2026-09-09T17:16:45.0331864Z              2/7      28.6%  field:abilities.effects[]#grantAttribute.durationSec
2026-09-09T17:16:45.0332647Z              2/7      28.6%  field:abilities.effects[]#grantAttribute.maxSourceTotal
2026-09-09T17:16:45.0333305Z              2/7      28.6%  field:abilities.effects[]#grantAttribute.store
2026-09-09T17:16:45.0333927Z              2/25      8.0%  field:abilities.effects[]#knockback.applyTo
2026-09-09T17:16:45.0334579Z              2/25      8.0%  field:abilities.effects[]#knockback.condition
2026-09-09T17:16:45.0335248Z              2/25      8.0%  field:abilities.effects[]#knockback.subtractGap
2026-09-09T17:16:45.0335965Z              2/25      8.0%  field:abilities.effects[]#knockback.uncontrollable
2026-09-09T17:16:45.0336607Z              2/12     16.7%  field:abilities.effects[]#leap.dragToCaster
2026-09-09T17:16:45.0337287Z              2/17     11.8%  field:abilities.effects[]#modifyCooldown.basis
2026-09-09T17:16:45.0338739Z              2/2     100.0%  field:abilities.effects[]#shieldBreak.count
2026-09-09T17:16:45.0339371Z              2/2     100.0%  field:abilities.effects[]#shieldBreak.order
2026-09-09T17:16:45.0340054Z              2/90      2.2%  field:abilities.effects[]#spawnModelFx.spreadDeg
2026-09-09T17:16:45.0340712Z              2/9      22.2%  field:abilities.effects[]#spendMana.pctMaxMana
2026-09-09T17:16:45.0341360Z              2/4      50.0%  field:abilities.effects[]#taunt.maxTargets
2026-09-09T17:16:45.0342004Z              2/4      50.0%  field:abilities.effects[]#taunt.radiusTier
2026-09-09T17:16:45.0342601Z              2/421     0.5%  field:abilities.innateActivePassive
2026-09-09T17:16:45.0343217Z              2/131     1.5%  field:abilities.passive.ranks[].flight
2026-09-09T17:16:45.0343736Z              2/421     0.5%  field:abilities.recoverySec
2026-09-09T17:16:45.0344336Z              2/31      6.5%  field:abilities.vfxLayers[].timeScale
2026-09-09T17:16:45.0344779Z              2/91      2.2%  field:augments.block
2026-09-09T17:16:45.0345449Z              2/41      4.9%  field:augments.eligibility.prefersSelfMechanic
2026-09-09T17:16:45.0346141Z              2/41      4.9%  field:augments.eligibility.requiresAnyAbilitySlot
2026-09-09T17:16:45.0346742Z              2/71      2.8%  field:champions.abilities.*.persistentVfx
2026-09-09T17:16:45.0347287Z              2/7      28.6%  field:champions.passive.modifiers
2026-09-09T17:16:45.0347991Z              2/142     1.4%  field:items.damageTypeOverride
2026-09-09T17:16:45.0348433Z              2/142     1.4%  field:items.flight
2026-09-09T17:16:45.0348858Z              2/142     1.4%  field:items.marks
2026-09-09T17:16:45.0349523Z              2/5      40.0%  field:items.modifiers[].requires.primaryStat
2026-09-09T17:16:45.0350072Z              2/77      2.6%  field:items.passive[].maxTriggers
2026-09-09T17:16:45.0350502Z              2/142     1.4%  field:items.vision
2026-09-09T17:16:45.0350941Z              2/156     1.3%  field:models.fxTint
2026-09-09T17:16:45.0351629Z              2/3      66.7%  field:vfx-scripts.segments[]|1#floatingText.atMs
2026-09-09T17:16:45.0352355Z              2/3      66.7%  field:vfx-scripts.segments[]|1#floatingText.strikeIndex
2026-09-09T17:16:45.0352949Z              2/2     100.0%  field:vfx-scripts.segments[]|1#hideBody.at
2026-09-09T17:16:45.0353642Z              2/9      22.2%  field:vfx-scripts.segments[]|1#modelFx.clipTimeScale
2026-09-09T17:16:45.0354477Z              2/9      22.2%  field:vfx-scripts.segments[]|1#modelFx.tint
2026-09-09T17:16:45.0355169Z              2/4      50.0%  field:vfx-scripts.segments[]|1#screenShake.atMs
2026-09-09T17:16:45.0355785Z              2/2     100.0%  field:vfx-scripts.segments[]|1#sound.atMs
2026-09-09T17:16:45.0356424Z              2/2     100.0%  field:vfx-scripts.segments[]|1#sound.strikeIndex
2026-09-09T17:16:45.0357207Z              2/7      28.6%  field:vfx-scripts.segments[]|1#vfx.strikeIndex
2026-09-09T17:16:45.0357879Z              3/421     0.7%  field:abilities.cooldownShape
2026-09-09T17:16:45.0358765Z              3/7      42.9%  field:abilities.effects[]#applyBuff.damageTypeOverride.applyAt
2026-09-09T17:16:45.0359527Z              3/171     1.8%  field:abilities.effects[]#applyBuff.hooks[].damageCrit
2026-09-09T17:16:45.0360236Z              3/171     1.8%  field:abilities.effects[]#applyBuff.hooks[].onConsumed
2026-09-09T17:16:45.0360852Z              3/184     1.6%  field:abilities.effects[]#applyBuff.vision
2026-09-09T17:16:45.0361491Z              3/163     1.8%  field:abilities.effects[]#applyStatus.disarmed
2026-09-09T17:16:45.0362190Z              3/163     1.8%  field:abilities.effects[]#applyStatus.dispellable
2026-09-09T17:16:45.0362844Z              3/163     1.8%  field:abilities.effects[]#applyStatus.stacks
2026-09-09T17:16:45.0363568Z              3/26     11.5%  field:abilities.effects[]#damage.resourcePct.scale
2026-09-09T17:16:45.0364349Z              3/90      3.3%  field:abilities.effects[]#damageArea.onHitTargetsMode
2026-09-09T17:16:45.0365025Z              3/90      3.3%  field:abilities.effects[]#damageArea.resourcePct
2026-09-09T17:16:45.0365650Z              3/18     16.7%  field:abilities.effects[]#dash.distanceTier
2026-09-09T17:16:45.0366339Z              3/48      6.3%  field:abilities.effects[]#delayed.dropDeadTargets
2026-09-09T17:16:45.0367005Z              3/48      6.3%  field:abilities.effects[]#delayed.finalEffects
2026-09-09T17:16:45.0374296Z              3/7      42.9%  field:abilities.effects[]#devour.healPct
2026-09-09T17:16:45.0374923Z              3/26     11.5%  field:abilities.effects[]#dot.resourcePct
2026-09-09T17:16:45.0375486Z              3/4      75.0%  field:abilities.effects[]#grantGold.flat
2026-09-09T17:16:45.0376102Z              3/5      60.0%  field:abilities.effects[]#revive.manaPct
2026-09-09T17:16:45.0376839Z              3/9      33.3%  field:abilities.effects[]#spendMana.pctCurrentMana
2026-09-09T17:16:45.0377672Z              3/7      42.9%  field:abilities.effects[]#summon.championId
2026-09-09T17:16:45.0378296Z              3/7      42.9%  field:abilities.effects[]#summon.formation
2026-09-09T17:16:45.0378891Z              3/7      42.9%  field:abilities.effects[]#summon.spread
2026-09-09T17:16:45.0379592Z              3/12     25.0%  field:abilities.effects[]#weightedBranch.maxTargets
2026-09-09T17:16:45.0380097Z              3/3     100.0%  field:abilities.marks[].lethal
2026-09-09T17:16:45.0380678Z              3/91      3.3%  field:augments.damageTypeOverride
2026-09-09T17:16:45.0381335Z              3/71      4.2%  field:champions.abilities.*.cooldownShape
2026-09-09T17:16:45.0381812Z              3/142     2.1%  field:items.attributes
2026-09-09T17:16:45.0382402Z              3/86      3.5%  field:items.modifiers[].msBonusTier
2026-09-09T17:16:45.0382964Z              3/77      3.9%  field:items.passive[].abilitySlot
2026-09-09T17:16:45.0383383Z              3/142     2.1%  field:items.sets
2026-09-09T17:16:45.0383854Z              3/3     100.0%  field:items.sets[].name
2026-09-09T17:16:45.0384327Z              3/3     100.0%  field:loot-tables.name
2026-09-09T17:16:45.0384793Z              3/3     100.0%  field:loot-tables.note
2026-09-09T17:16:45.0385449Z              3/7      42.9%  field:projectiles.flight.rollDegPerUnit
2026-09-09T17:16:45.0386058Z              3/7      42.9%  field:projectiles.flight.yawOffsetDeg
2026-09-09T17:16:45.0386595Z              3/9      33.3%  field:vfx#vfx@1.orient.pitchDeg
2026-09-09T17:16:45.0387117Z              3/9      33.3%  field:vfx#vfx@1.orient.yawFrom
2026-09-09T17:16:45.0388146Z              3/3     100.0%  field:vfx-scripts.segments[]|1#anim.at
2026-09-09T17:16:45.0388847Z              3/3     100.0%  field:vfx-scripts.segments[]|1#anim.clipWindowMs
2026-09-09T17:16:45.0389517Z              3/3     100.0%  field:vfx-scripts.segments[]|1#floatingText.at
2026-09-09T17:16:45.0390389Z              3/3     100.0%  field:vfx-scripts.segments[]|1#floatingText.colorRgb
2026-09-09T17:16:45.0391178Z              3/3     100.0%  field:vfx-scripts.segments[]|1#floatingText.durationSec
2026-09-09T17:16:45.0391941Z              3/3     100.0%  field:vfx-scripts.segments[]|1#floatingText.sizeScale
2026-09-09T17:16:45.0392607Z              3/9      33.3%  field:vfx-scripts.segments[]|1#modelFx.alpha
2026-09-09T17:16:45.0393261Z              3/9      33.3%  field:vfx-scripts.segments[]|1#modelFx.atMs
2026-09-09T17:16:45.0393941Z              3/9      33.3%  field:vfx-scripts.segments[]|1#modelFx.strikeIndex
2026-09-09T17:16:45.0394682Z              3/4      75.0%  field:vfx-scripts.segments[]|1#screenShake.strikeIndex
2026-09-09T17:16:45.0395301Z              3/7      42.9%  field:vfx-scripts.segments[]|1#vfx.attach
2026-09-09T17:16:45.0396113Z              4/10     40.0%  field:abilities.effects[]#applyBuff.block.internalCooldown
2026-09-09T17:16:45.0396860Z              4/10     40.0%  field:abilities.effects[]#applyBuff.block.lethalOnly
2026-09-09T17:16:45.0398041Z              4/7      57.1%  field:abilities.effects[]#applyBuff.damageTypeOverride.impactType
2026-09-09T17:16:45.0398832Z              4/171     2.3%  field:abilities.effects[]#applyBuff.hooks[].damageSource
2026-09-09T17:16:45.0399520Z              4/171     2.3%  field:abilities.effects[]#applyBuff.hooks[].key
2026-09-09T17:16:45.0400295Z              4/171     2.3%  field:abilities.effects[]#applyBuff.hooks[].maxTriggers
2026-09-09T17:16:45.0401047Z              4/184     2.2%  field:abilities.effects[]#applyBuff.statusImmunity
2026-09-09T17:16:45.0401862Z              4/6      66.7%  field:abilities.effects[]#applyBuff.vision.trueSightRadius
2026-09-09T17:16:45.0402538Z              4/24     16.7%  field:abilities.effects[]#blink.distanceUnits
2026-09-09T17:16:45.0403421Z              4/370     1.1%  field:abilities.effects[]#chainLightning.amount.slotRankRatios
2026-09-09T17:16:45.0404111Z              4/4     100.0%  field:abilities.effects[]#chainLightning.centre
2026-09-09T17:16:45.0404841Z              4/4     100.0%  field:abilities.effects[]#chainLightning.damageType
2026-09-09T17:16:45.0405633Z              4/4     100.0%  field:abilities.effects[]#chainLightning.jumpIntervalSec
2026-09-09T17:16:45.0406976Z              4/4     100.0%  field:abilities.effects[]#chainLightning.maxSources
2026-09-09T17:16:45.0407871Z              4/4     100.0%  field:abilities.effects[]#chainLightning.radius
2026-09-09T17:16:45.0408612Z              4/4     100.0%  field:abilities.effects[]#chainLightning.radiusTier
2026-09-09T17:16:45.0409304Z              4/40     10.0%  field:abilities.effects[]#damageLine.maxTargets
2026-09-09T17:16:45.0410011Z              4/40     10.0%  field:abilities.effects[]#damageLine.resourcePct
2026-09-09T17:16:45.0410666Z              4/48      8.3%  field:abilities.effects[]#delayed.condition
2026-09-09T17:16:45.0411309Z              4/22     18.2%  field:abilities.effects[]#dispel.radiusTier
2026-09-09T17:16:45.0412022Z              4/26     15.4%  field:abilities.effects[]#dot.condition
2026-09-09T17:16:45.0412805Z              4/5      80.0%  field:abilities.effects[]#eventValueConversion.basis
2026-09-09T17:16:45.0413509Z              4/7      57.1%  field:abilities.effects[]#grantAttribute.everyNth
2026-09-09T17:16:45.0414458Z              4/4     100.0%  field:abilities.effects[]#grantGold.to
2026-09-09T17:16:45.0415052Z              4/13     30.8%  field:abilities.effects[]#heal.applyTo
2026-09-09T17:16:45.0415710Z              4/12     33.3%  field:abilities.effects[]#leap.throwDistance
2026-09-09T17:16:45.0416409Z              4/17     23.5%  field:abilities.effects[]#modifyCooldown.amount
2026-09-09T17:16:45.0417834Z              4/5      80.0%  field:abilities.effects[]#revive.hpPct
2026-09-09T17:16:45.0418390Z              4/5      80.0%  field:abilities.effects[]#revive.side
2026-09-09T17:16:45.0418968Z              4/5      80.0%  field:abilities.effects[]#revive.teamCharge
2026-09-09T17:16:45.0419769Z              4/28     14.3%  field:abilities.effects[]#screenShake.radius
2026-09-09T17:16:45.0420402Z              4/90      4.4%  field:abilities.effects[]#spawnModelFx.spacing
2026-09-09T17:16:45.0421150Z              4/90      4.4%  field:abilities.effects[]#spawnModelFx.touchOncePerTarget
2026-09-09T17:16:45.0421852Z              4/90      4.4%  field:abilities.effects[]#spawnModelFx.touchRadius
2026-09-09T17:16:45.0422485Z              4/90      4.4%  field:abilities.effects[]#spawnModelFx.touchSide
2026-09-09T17:16:45.0423010Z              4/7      57.1%  field:abilities.effects[]#summon.at
2026-09-09T17:16:45.0423559Z              4/7      57.1%  field:abilities.effects[]#summon.team
2026-09-09T17:16:45.0424104Z              4/4     100.0%  field:abilities.effects[]#taunt.radius
2026-09-09T17:16:45.0424879Z              4/12     33.3%  field:abilities.effects[]#weightedBranch.branches[].weightFrom
2026-09-09T17:16:45.0425518Z              4/5      80.0%  field:abilities.passive.ranks[].auras[].modifiers
2026-09-09T17:16:45.0426056Z              4/131     3.1%  field:abilities.passive.ranks[].block
2026-09-09T17:16:45.0426583Z              4/421     1.0%  field:abilities.persistentVfx
2026-09-09T17:16:45.0427149Z              4/31     12.9%  field:abilities.vfxLayers[].pitchDeg
2026-09-09T17:16:45.0428288Z              4/142     2.8%  field:items.auras
2026-09-09T17:16:45.0428713Z              4/4     100.0%  field:items.auras[].key
2026-09-09T17:16:45.0429164Z              4/4     100.0%  field:items.auras[].modifiers
2026-09-09T17:16:45.0429537Z              4/142     2.8%  field:items.block
2026-09-09T17:16:45.0430181Z              4/5      80.0%  field:items.modifiers[].requires.attackType
2026-09-09T17:16:45.0430771Z              4/5      80.0%  field:items.modifiers[].requires.onMismatch
2026-09-09T17:16:45.0431283Z              4/77      5.2%  field:items.passive[].requires
2026-09-09T17:16:45.0431747Z              4/156     2.6%  field:models.hiddenPrimitives
2026-09-09T17:16:45.0432324Z              4/9      44.4%  field:vfx-scripts.segments[]|1#modelFx.clip
2026-09-09T17:16:45.0433023Z              4/9      44.4%  field:vfx-scripts.segments[]|1#modelFx.offsetForwardU
2026-09-09T17:16:45.0433605Z              4/7      57.1%  field:vfx-scripts.segments[]|1#vfx.atMs
2026-09-09T17:16:45.0434042Z              4/4     100.0%  field:vfx-subtypes.notes
2026-09-09T17:16:45.0434554Z              4/4     100.0%  field:vfx-subtypes.params{}.max
2026-09-09T17:16:45.0435054Z              4/4     100.0%  field:vfx-subtypes.params{}.min
2026-09-09T17:16:45.0435725Z              5/12     41.7%  field:abilities.effects[]#applyBuff.attributes.agi
2026-09-09T17:16:45.0436348Z              5/184     2.7%  field:abilities.effects[]#applyBuff.condition
2026-09-09T17:16:45.0437056Z              5/184     2.7%  field:abilities.effects[]#applyBuff.maxStat
2026-09-09T17:16:45.0437937Z              5/5     100.0%  field:abilities.effects[]#applyBuff.maxStat.basis
2026-09-09T17:16:45.0438597Z              5/163     3.1%  field:abilities.effects[]#applyStatus.feared
2026-09-09T17:16:45.0439289Z              5/90      5.6%  field:abilities.effects[]#damageArea.condition
2026-09-09T17:16:45.0440027Z              5/48     10.4%  field:abilities.effects[]#delayed.stopOnCasterDeath
2026-09-09T17:16:45.0440597Z              5/22     22.7%  field:abilities.effects[]#dispel.order
2026-09-09T17:16:45.0441313Z              5/5     100.0%  field:abilities.effects[]#eventValueConversion.source
2026-09-09T17:16:45.0442003Z              5/5     100.0%  field:abilities.effects[]#eventValueConversion.to
2026-09-09T17:16:45.0442723Z              5/5     100.0%  field:abilities.effects[]#eventValueConversion.who
2026-09-09T17:16:45.0443611Z              5/7      71.4%  field:abilities.effects[]#grantAttribute.mode
2026-09-09T17:16:45.0444330Z              5/8      62.5%  field:abilities.effects[]#proxyCast.emitCastEvents
2026-09-09T17:16:45.0444991Z              5/8      62.5%  field:abilities.effects[]#proxyCast.maxDepth
2026-09-09T17:16:45.0445762Z              5/8      62.5%  field:abilities.effects[]#proxyCast.rankMode
2026-09-09T17:16:45.0446443Z              5/8      62.5%  field:abilities.effects[]#proxyCast.requireLearned
2026-09-09T17:16:45.0447094Z              5/9      55.6%  field:abilities.effects[]#screenFlash.scripted
2026-09-09T17:16:45.0447865Z              5/7      71.4%  field:abilities.effects[]#summon.onOwnerDeath
2026-09-09T17:16:45.0448544Z              5/12     41.7%  field:abilities.effects[]#weightedBranch.radius
2026-09-09T17:16:45.0449260Z              5/12     41.7%  field:abilities.effects[]#weightedBranch.radiusTier
2026-09-09T17:16:45.0449882Z              5/12     41.7%  field:abilities.effects[]#weightedBranch.side
2026-09-09T17:16:45.0450473Z              5/131     3.8%  field:abilities.passive.ranks[].auras
2026-09-09T17:16:45.0451126Z              5/5     100.0%  field:abilities.passive.ranks[].auras[].key
2026-09-09T17:16:45.0451662Z              5/7      71.4%  field:champions.passive.hooks
2026-09-09T17:16:45.0452233Z              5/77      6.5%  field:items.passive[].damageSource
2026-09-09T17:16:45.0452755Z              5/156     3.2%  field:models.fxSpawnHeight
2026-09-09T17:16:45.0453239Z              5/5     100.0%  field:skins.description
2026-09-09T17:16:45.0453930Z              5/9      55.6%  field:vfx-scripts.segments[]|1#modelFx.heightU
2026-09-09T17:16:45.0454676Z              6/12     50.0%  field:abilities.effects[]#applyBuff.attributes.int
2026-09-09T17:16:45.0455460Z              6/7      85.7%  field:abilities.effects[]#applyBuff.flight.hoverHeight
2026-09-09T17:16:45.0456225Z              6/171     3.5%  field:abilities.effects[]#applyBuff.hooks[].damageType
2026-09-09T17:16:45.0456847Z              6/258     2.3%  field:abilities.effects[]#damage.hpPct
2026-09-09T17:16:45.0457739Z              6/7      85.7%  field:abilities.effects[]#devour.onDevour
2026-09-09T17:16:45.0458445Z              6/16     37.5%  field:abilities.effects[]#dispel.pools.shields
2026-09-09T17:16:45.0459081Z              6/22     27.3%  field:abilities.effects[]#dispel.radius
2026-09-09T17:16:45.0459680Z              6/22     27.3%  field:abilities.effects[]#dispel.side
2026-09-09T17:16:45.0460368Z              6/8      75.0%  field:abilities.effects[]#proxyCast.targetMode
2026-09-09T17:16:45.0460999Z              6/17     35.3%  field:abilities.effects[]#shield.absorbs
2026-09-09T17:16:45.0461669Z              6/90      6.7%  field:abilities.effects[]#spawnModelFx.alpha
2026-09-09T17:16:45.0462436Z              6/90      6.7%  field:abilities.effects[]#spawnModelFx.spinDegPerSec
2026-09-09T17:16:45.0463108Z              6/86      7.0%  field:abilities.effects[]#spawnVfx.durationSec
2026-09-09T17:16:45.0463738Z              6/7      85.7%  field:abilities.effects[]#summon.hpMult
2026-09-09T17:16:45.0464405Z              6/131     4.6%  field:abilities.passive.ranks[].critStrike
2026-09-09T17:16:45.0465015Z              6/6     100.0%  field:abilities.persistentVfx[].attach
2026-09-09T17:16:45.0465591Z              6/31     19.4%  field:abilities.vfxLayers[].alpha
2026-09-09T17:16:45.0466218Z              6/41     14.6%  field:augments.eligibility.requiresMana
2026-09-09T17:16:45.0466716Z              6/156     3.8%  field:models.yawOffsetDeg
2026-09-09T17:16:45.0467232Z              6/6     100.0%  field:vfx#attachment@1.note
2026-09-09T17:16:45.0467899Z              6/6     100.0%  field:vfx#attachment@1.scale
2026-09-09T17:16:45.0468511Z              6/9      66.7%  field:vfx#vfx@1.orient.swirlDegPerSec
2026-09-09T17:16:45.0469354Z              7/7     100.0%  field:abilities.effects[]#applyBuff.flight.ignoreObstacles
2026-09-09T17:16:45.0470166Z              7/7     100.0%  field:abilities.effects[]#applyBuff.flight.ignoreUnits
2026-09-09T17:16:45.0471270Z              7/7     100.0%  field:abilities.effects[]#applyBuff.flight.stayInsideBoundary
2026-09-09T17:16:45.0472034Z              7/233     3.0%  field:abilities.effects[]#applyBuff.modifiers[].from
2026-09-09T17:16:45.0472743Z              7/184     3.8%  field:abilities.effects[]#applyBuff.stackVisual
2026-09-09T17:16:45.0473616Z              7/7     100.0%  field:abilities.effects[]#devour.throughShields
2026-09-09T17:16:45.0474251Z              7/7     100.0%  field:abilities.effects[]#devour.victim
2026-09-09T17:16:45.0475004Z              7/8      87.5%  field:abilities.effects[]#proxyCast.respectCooldown
2026-09-09T17:16:45.0475669Z              7/9      77.8%  field:abilities.effects[]#spendMana.applyTo
2026-09-09T17:16:45.0476273Z              7/7     100.0%  field:abilities.effects[]#summon.body
2026-09-09T17:16:45.0476927Z              7/7     100.0%  field:abilities.effects[]#summon.damageMult
2026-09-09T17:16:45.0477762Z              7/7     100.0%  field:abilities.effects[]#summon.durationSec
2026-09-09T17:16:45.0478252Z              7/13     53.8%  field:arenas.zones[].bounds
2026-09-09T17:16:45.0478741Z              7/13     53.8%  field:arenas.zones[].gates
2026-09-09T17:16:45.0479295Z              7/13     53.8%  field:arenas.zones[].interactions
2026-09-09T17:16:45.0479774Z              7/13     53.8%  field:arenas.zones[].nav
2026-09-09T17:16:45.0480430Z              7/7     100.0%  field:arenas.zones[].obstacles[]#box.gateGroup
2026-09-09T17:16:45.0480924Z              7/13     53.8%  field:arenas.zones[].regions
2026-09-09T17:16:45.0481621Z              7/41     17.1%  field:augments.eligibility.requiresAbilitySlots
2026-09-09T17:16:45.0482073Z              7/71      9.9%  field:champions.passive
2026-09-09T17:16:45.0482599Z              7/142     4.9%  field:items.requiresAttackType
2026-09-09T17:16:45.0483012Z              7/7     100.0%  field:maps.backdrop
2026-09-09T17:16:45.0483518Z              7/7     100.0%  field:maps.backgroundProps
2026-09-09T17:16:45.0484132Z              7/7     100.0%  field:maps.backgroundProps[].rotQuarter
2026-09-09T17:16:45.0484693Z              7/7     100.0%  field:maps.backgroundProps[].scale
2026-09-09T17:16:45.0485216Z              7/7     100.0%  field:maps.gimmick.gateGroups
2026-09-09T17:16:45.0485704Z              7/7     100.0%  field:maps.gimmick.schedule
2026-09-09T17:16:45.0486155Z              7/7     100.0%  field:maps.groundStyle
2026-09-09T17:16:45.0486620Z              7/7     100.0%  field:maps.interactions
2026-09-09T17:16:45.0487155Z              7/7     100.0%  field:maps.interactions[].params
2026-09-09T17:16:45.0487921Z              7/7     100.0%  field:maps.landmarkProps
2026-09-09T17:16:45.0488457Z              7/7     100.0%  field:maps.landmarkProps[].blocks
2026-09-09T17:16:45.0489036Z              7/7     100.0%  field:maps.landmarkProps[].rotQuarter
2026-09-09T17:16:45.0489558Z              7/7     100.0%  field:maps.landmarkProps[].scale
2026-09-09T17:16:45.0489970Z              7/7     100.0%  field:maps.scenery
2026-09-09T17:16:45.0490419Z              7/156     4.5%  field:models.fxLongAxis
2026-09-09T17:16:45.0490884Z              7/21     33.3%  field:projectiles.flight
2026-09-09T17:16:45.0491555Z              7/9      77.8%  field:vfx-scripts.segments[]|1#modelFx.scale
2026-09-09T17:16:45.0492158Z              7/7     100.0%  field:vfx-scripts.segments[]|1#vfx.at
2026-09-09T17:16:45.0492855Z              7/7     100.0%  field:vfx-scripts.segments[]|1#vfx.durationSec
2026-09-09T17:16:45.0493568Z              8/184     4.3%  field:abilities.effects[]#applyBuff.exclusiveGroup
2026-09-09T17:16:45.0494307Z              8/163     4.9%  field:abilities.effects[]#applyStatus.targetsAllies
2026-09-09T17:16:45.0494935Z              8/48     16.7%  field:abilities.effects[]#delayed.anchor
2026-09-09T17:16:45.0495539Z              8/22     36.4%  field:abilities.effects[]#dispel.count
2026-09-09T17:16:45.0496199Z              8/25     32.0%  field:abilities.effects[]#knockback.distanceTier
2026-09-09T17:16:45.0497117Z              8/8     100.0%  field:abilities.effects[]#proxyCast.payCosts
2026-09-09T17:16:45.0497949Z              8/8     100.0%  field:abilities.effects[]#proxyCast.slot
2026-09-09T17:16:45.0498708Z              8/90      8.9%  field:abilities.effects[]#spawnModelFx.clipTimeScale
2026-09-09T17:16:45.0499510Z              8/31     25.8%  field:abilities.vfxLayers[].w3xScale
2026-09-09T17:16:45.0500223Z              9/9     100.0%  field:abilities.effects[]#screenFlash.applyTo
2026-09-09T17:16:45.0500894Z              9/131     6.9%  field:abilities.passive.ranks[].attributes
2026-09-09T17:16:45.0501545Z              9/48     18.8%  field:ability-templates.params{}.inert
2026-09-09T17:16:45.0502003Z              9/13     69.2%  field:arenas.backdrop
2026-09-09T17:16:45.0502712Z              9/41     22.0%  field:augments.eligibility.requiresModeFeature
2026-09-09T17:16:45.0503245Z              9/71     12.7%  field:champions.missileSpeed
2026-09-09T17:16:45.0503743Z              9/156     5.8%  field:models.fxEmitters
2026-09-09T17:16:45.0504300Z              9/156     5.8%  field:models.teamTintMaterials
2026-09-09T17:16:45.0504719Z              9/629     1.4%  field:vfx#vfx@1.orient
2026-09-09T17:16:45.0505415Z              9/9     100.0%  field:vfx-scripts.segments[]|1#modelFx.anchor
2026-09-09T17:16:45.0506118Z              9/9     100.0%  field:vfx-scripts.segments[]|1#modelFx.lifeSec
2026-09-09T17:16:45.0506571Z             10/421     2.4%  field:abilities.augment
2026-09-09T17:16:45.0507296Z             10/12     83.3%  field:abilities.effects[]#applyBuff.attributes.str
2026-09-09T17:16:45.0508159Z             10/163     6.1%  field:abilities.effects[]#applyStatus.berserk
2026-09-09T17:16:45.0508837Z             10/163     6.1%  field:abilities.effects[]#applyStatus.condition
2026-09-09T17:16:45.0509457Z             10/258     3.9%  field:abilities.effects[]#damage.condition
2026-09-09T17:16:45.0510062Z             10/12     83.3%  field:abilities.effects[]#leap.landRadius
2026-09-09T17:16:45.0510653Z             10/12     83.3%  field:abilities.effects[]#leap.onLand
2026-09-09T17:16:45.0511324Z             10/10    100.0%  field:abilities.effects[]#randomArea.firstAtCast
2026-09-09T17:16:45.0512121Z             10/10    100.0%  field:abilities.effects[]#randomArea.stopOnCasterDeath
2026-09-09T17:16:45.0512708Z             10/10    100.0%  field:abilities.effects[]#randomArea.who
2026-09-09T17:16:45.0513297Z             10/131     7.6%  field:abilities.passive.ranks[].whileForm
2026-09-09T17:16:45.0513841Z             10/71     14.1%  field:champions.abilities.*.vfxLayers
2026-09-09T17:16:45.0514314Z             10/21     47.6%  field:projectiles.pierce
2026-09-09T17:16:45.0514764Z             10/10    100.0%  field:vfx-scripts.notes
2026-09-09T17:16:45.0515573Z             10/10    100.0%  field:vfx-scripts.yields
2026-09-09T17:16:45.0516184Z             11/258     4.3%  field:abilities.effects[]#damage.applyTo
2026-09-09T17:16:45.0516829Z             11/48     22.9%  field:abilities.effects[]#delayed.radiusTier
2026-09-09T17:16:45.0517253Z             11/71     15.5%  field:champions.tint
2026-09-09T17:16:45.0518057Z             12/163     7.4%  field:abilities.effects[]#applyStatus.missChance
2026-09-09T17:16:45.0518624Z             12/24     50.0%  field:abilities.effects[]#blink.onArrive
2026-09-09T17:16:45.0519260Z             12/24     50.0%  field:abilities.effects[]#blink.stopShortUnits
2026-09-09T17:16:45.0520018Z             12/13     92.3%  field:abilities.effects[]#damage.incomingPct.negateOriginal
2026-09-09T17:16:45.0520647Z             12/90     13.3%  field:abilities.effects[]#damageArea.maxTargets
2026-09-09T17:16:45.0521233Z             12/12    100.0%  field:abilities.effects[]#leap.applyTo
2026-09-09T17:16:45.0521881Z             12/90     13.3%  field:abilities.effects[]#spawnModelFx.onTouch
2026-09-09T17:16:45.0522515Z             12/90     13.3%  field:abilities.effects[]#spawnModelFx.speed
2026-09-09T17:16:45.0523344Z             12/86     14.0%  field:abilities.effects[]#spawnVfx.attach
2026-09-09T17:16:45.0523947Z             12/86     14.0%  field:abilities.effects[]#spawnVfx.boneOn
2026-09-09T17:16:45.0524588Z             13/163     8.0%  field:abilities.effects[]#applyStatus.applyTo
2026-09-09T17:16:45.0525300Z             13/370     3.5%  field:abilities.effects[]#chainLightning.amount.mult
2026-09-09T17:16:45.0526072Z             13/258     5.0%  field:abilities.effects[]#damage.incomingPct
2026-09-09T17:16:45.0526658Z             13/48     27.1%  field:abilities.effects[]#delayed.radius
2026-09-09T17:16:45.0527205Z             13/48     27.1%  field:abilities.effects[]#delayed.side
2026-09-09T17:16:45.0527940Z             13/16     81.3%  field:abilities.effects[]#dispel.pools.dot
2026-09-09T17:16:45.0528359Z             13/13    100.0%  field:arenas.decor
2026-09-09T17:16:45.0528895Z             13/13    100.0%  field:arenas.decor[].rotQuarter
2026-09-09T17:16:45.0529383Z             13/13    100.0%  field:arenas.decor[].scale
2026-09-09T17:16:45.0529863Z             13/13    100.0%  field:arenas.groundStyle
2026-09-09T17:16:45.0530301Z             13/13    100.0%  field:arenas.scenery
2026-09-09T17:16:45.0530930Z             13/20     65.0%  field:arenas.scenery.lighting.peakColor
2026-09-09T17:16:45.0531418Z             13/71     18.3%  field:champions.bodyScale
2026-09-09T17:16:45.0531935Z             13/77     16.9%  field:items.passive[].victim
2026-09-09T17:16:45.0532791Z             14/107    13.1%  field:abilities.effects[]#applyBuff.condition|0|4|0.minStacks
2026-09-09T17:16:45.0533508Z             14/184     7.6%  field:abilities.effects[]#applyBuff.permanentScope
2026-09-09T17:16:45.0534212Z             14/40     35.0%  field:abilities.effects[]#damageLine.onHitTargets
2026-09-09T17:16:45.0534867Z             14/48     29.2%  field:abilities.effects[]#delayed.targetMode
2026-09-09T17:16:45.0535514Z             14/16     87.5%  field:abilities.effects[]#dispel.pools.buffs
2026-09-09T17:16:45.0536180Z             14/90     15.6%  field:abilities.effects[]#spawnModelFx.anchor
2026-09-09T17:16:45.0536932Z             14/90     15.6%  field:abilities.effects[]#spawnModelFx.offsetForwardU
2026-09-09T17:16:45.0537819Z             14/90     15.6%  field:abilities.effects[]#spawnModelFx.path
2026-09-09T17:16:45.0538528Z             14/90     15.6%  field:abilities.effects[]#spawnModelFx.scaleAxis
2026-09-09T17:16:45.0539120Z             14/31     45.2%  field:abilities.vfxLayers[].delayMs
2026-09-09T17:16:45.0539766Z             15/163     9.2%  field:abilities.effects[]#applyStatus.root
2026-09-09T17:16:45.0540508Z             15/90     16.7%  field:abilities.effects[]#damageArea.victimCondition
2026-09-09T17:16:45.0541129Z             15/39     38.5%  field:abilities.effects[]#restore.manaPct
2026-09-09T17:16:45.0541834Z             15/41     36.6%  field:augments.eligibility.requiresSelfMechanic
2026-09-09T17:16:45.0542494Z             16/258     6.2%  field:abilities.effects[]#damage.resourcePct
2026-09-09T17:16:45.0543101Z             16/22     72.7%  field:abilities.effects[]#dispel.pools
2026-09-09T17:16:45.0543778Z             16/16    100.0%  field:abilities.effects[]#dispel.pools.status
2026-09-09T17:16:45.0544452Z             16/16    100.0%  field:abilities.effects[]#floatingText.applyTo
2026-09-09T17:16:45.0545143Z             16/16    100.0%  field:abilities.effects[]#floatingText.colorRgb
2026-09-09T17:16:45.0545863Z             16/16    100.0%  field:abilities.effects[]#floatingText.durationSec
2026-09-09T17:16:45.0546567Z             16/16    100.0%  field:abilities.effects[]#floatingText.riseSpeed
2026-09-09T17:16:45.0547245Z             16/16    100.0%  field:abilities.effects[]#floatingText.sizeScale
2026-09-09T17:16:45.0548064Z             16/17     94.1%  field:abilities.effects[]#modifyCooldown.slot
2026-09-09T17:16:45.0548582Z             16/16    100.0%  field:arenas.backdrop.layers
2026-09-09T17:16:45.0549172Z             16/16    100.0%  field:arenas.backdrop.layers[].alpha
2026-09-09T17:16:45.0549977Z             16/16    100.0%  field:arenas.backdrop.layers[].jitter
2026-09-09T17:16:45.0550538Z             16/16    100.0%  field:arenas.backdrop.layers[].rim
2026-09-09T17:16:45.0551146Z             16/16    100.0%  field:arenas.backdrop.layers[].segments
2026-09-09T17:16:45.0551653Z             16/77     20.8%  field:items.passive[].chance
2026-09-09T17:16:45.0552530Z             17/17    100.0%  field:abilities.effects[]#modifyCooldown.who
2026-09-09T17:16:45.0553362Z             18/233     7.7%  field:abilities.effects[]#applyBuff.modifiers[].msBonusTier
2026-09-09T17:16:45.0554001Z             18/184     9.8%  field:abilities.effects[]#applyBuff.perRank
2026-09-09T17:16:45.0554763Z             18/18    100.0%  field:abilities.effects[]#applyBuff.perRank[].duration
2026-09-09T17:16:45.0555384Z             18/22     81.8%  field:abilities.effects[]#dispel.polarity
2026-09-09T17:16:45.0556043Z             18/90     20.0%  field:abilities.effects[]#spawnModelFx.count
2026-09-09T17:16:45.0556830Z             19/171    11.1%  field:abilities.effects[]#applyBuff.hooks[].abilitySlot
2026-09-09T17:16:45.0557743Z             19/21     90.5%  field:abilities.effects[]#invulnerable.blocksTrueDamage
2026-09-09T17:16:45.0558326Z             19/71     26.8%  field:champions.abilities.*.hitFeel
2026-09-09T17:16:45.0558838Z             20/20    100.0%  field:arenas.scenery.lighting
2026-09-09T17:16:45.0559515Z             20/20    100.0%  field:arenas.scenery.lighting.fillIntensity
2026-09-09T17:16:45.0560162Z             20/20    100.0%  field:arenas.scenery.lighting.intensityAmp
2026-09-09T17:16:45.0560766Z             20/20    100.0%  field:arenas.scenery.lighting.keyColor
2026-09-09T17:16:45.0561411Z             20/20    100.0%  field:arenas.scenery.lighting.keyIntensity
2026-09-09T17:16:45.0562019Z             20/20    100.0%  field:arenas.scenery.lighting.keyPitchDeg
2026-09-09T17:16:45.0562635Z             20/20    100.0%  field:arenas.scenery.lighting.keyYawDeg
2026-09-09T17:16:45.0563252Z             20/20    100.0%  field:arenas.scenery.lighting.periodSec
2026-09-09T17:16:45.0563799Z             20/20    100.0%  field:arenas.scenery.lighting.wave
2026-09-09T17:16:45.0564400Z             20/20    100.0%  field:arenas.scenery.lighting.yawSweepDeg
2026-09-09T17:16:45.0564896Z             20/20    100.0%  field:arenas.scenery.palette
2026-09-09T17:16:45.0565464Z             20/20    100.0%  field:arenas.scenery.palette.floor
2026-09-09T17:16:45.0566011Z             20/20    100.0%  field:arenas.scenery.palette.ground
2026-09-09T17:16:45.0566554Z             20/20    100.0%  field:arenas.scenery.palette.sky
2026-09-09T17:16:45.0567086Z             20/20    100.0%  field:arenas.scenery.palette.void
2026-09-09T17:16:45.0567972Z             20/20    100.0%  field:arenas.scenery.palette.wall
2026-09-09T17:16:45.0568468Z             20/20    100.0%  field:arenas.scenery.props
2026-09-09T17:16:45.0569081Z             20/20    100.0%  field:arenas.scenery.props[].arcFromDeg
2026-09-09T17:16:45.0569698Z             20/20    100.0%  field:arenas.scenery.props[].arcSpanDeg
2026-09-09T17:16:45.0570296Z             20/20    100.0%  field:arenas.scenery.props[].bandFrom
2026-09-09T17:16:45.0570875Z             20/20    100.0%  field:arenas.scenery.props[].bandTo
2026-09-09T17:16:45.0571441Z             20/20    100.0%  field:arenas.scenery.props[].facing
2026-09-09T17:16:45.0572057Z             20/20    100.0%  field:arenas.scenery.props[].rotQuarter
2026-09-09T17:16:45.0572626Z             20/20    100.0%  field:arenas.scenery.props[].scaleMax
2026-09-09T17:16:45.0573187Z             20/20    100.0%  field:arenas.scenery.props[].scaleMin
2026-09-09T17:16:45.0573737Z             20/20    100.0%  field:arenas.scenery.props[].seed
2026-09-09T17:16:45.0574420Z             21/21    100.0%  field:abilities.effects[]#invulnerable.applyTo
2026-09-09T17:16:45.0575148Z             21/21    100.0%  field:abilities.effects[]#invulnerable.blocksControl
2026-09-09T17:16:45.0575853Z             21/21    100.0%  field:abilities.effects[]#invulnerable.blocksDamage
2026-09-09T17:16:45.0576572Z             21/421     5.0%  field:abilities.vfxLayers
2026-09-09T17:16:45.0577078Z             21/21    100.0%  field:projectiles.meshShape
2026-09-09T17:16:45.0577710Z             21/21    100.0%  field:projectiles.vfxKey
2026-09-09T17:16:45.0578500Z             22/107    20.6%  field:abilities.effects[]#applyBuff.condition|0|2|1.mode
2026-09-09T17:16:45.0579326Z             22/184    12.0%  field:abilities.effects[]#applyBuff.hooks
2026-09-09T17:16:45.0580100Z             22/370     5.9%  field:abilities.effects[]#chainLightning.amount.perRank
2026-09-09T17:16:45.0580647Z             22/77     28.6%  field:items.passive[].condition
2026-09-09T17:16:45.0581500Z             23/284     8.1%  field:abilities.effects[]#chainLightning.amount.ratios[].when
2026-09-09T17:16:45.0582207Z             23/40     57.5%  field:abilities.effects[]#damageLine.includeOrigin
2026-09-09T17:16:45.0582806Z             23/26     88.5%  field:abilities.effects[]#dot.stacking
2026-09-09T17:16:45.0583280Z             23/421     5.5%  field:abilities.hitFeel
2026-09-09T17:16:45.0583874Z             24/24    100.0%  field:abilities.effects[]#blink.applyTo
2026-09-09T17:16:45.0584396Z             24/31     77.4%  field:abilities.vfxLayers[].attachTo
2026-09-09T17:16:45.0584970Z             25/25    100.0%  field:abilities.effects[]#knockback.from
2026-09-09T17:16:45.0585547Z             26/26    100.0%  field:abilities.effects[]#dot.damageType
2026-09-09T17:16:45.0586011Z             26/91     28.6%  field:augments.modifiers
2026-09-09T17:16:45.0586542Z             26/26    100.0%  field:vfx#vfx@1.emitter#ring.fill
2026-09-09T17:16:45.0587092Z             26/26    100.0%  field:vfx#vfx@1.emitter#ring.spread
2026-09-09T17:16:45.0587896Z             26/26    100.0%  field:vfx#vfx@1.emitter#ring.thickness
2026-09-09T17:16:45.0588594Z             27/33     81.8%  field:abilities.effects[]#championForm.durationSec
2026-09-09T17:16:45.0589218Z             27/90     30.0%  field:abilities.effects[]#spawnModelFx.distance
2026-09-09T17:16:45.0589769Z             27/48     56.3%  field:ability-templates.params{}.origin
2026-09-09T17:16:45.0590374Z             28/184    15.2%  field:abilities.effects[]#applyBuff.permanent
2026-09-09T17:16:45.0590955Z             28/39     71.8%  field:abilities.effects[]#restore.applyTo
2026-09-09T17:16:45.0591542Z             28/28    100.0%  field:abilities.effects[]#screenShake.applyTo
2026-09-09T17:16:45.0592203Z             28/90     31.1%  field:abilities.effects[]#spawnModelFx.arriveSoundKey
2026-09-09T17:16:45.0592728Z             28/77     36.4%  field:items.passive[].internalCooldown
2026-09-09T17:16:45.0593318Z             29/39     74.4%  field:abilities.effects[]#restore.healthPct
2026-09-09T17:16:45.0593828Z             29/71     40.8%  field:champions.abilities.*.passive
2026-09-09T17:16:45.0594458Z             30/184    16.3%  field:abilities.effects[]#applyBuff.dispellable
2026-09-09T17:16:45.0594998Z             30/48     62.5%  field:abilities.effects[]#delayed.count
2026-09-09T17:16:45.0595598Z             30/48     62.5%  field:abilities.effects[]#delayed.intervalSec
2026-09-09T17:16:45.0596224Z             31/171    18.1%  field:abilities.effects[]#applyBuff.hooks[].victim
2026-09-09T17:16:45.0596712Z             31/71     43.7%  field:champions.abilities.*.radius
2026-09-09T17:16:45.0597209Z             31/71     43.7%  field:champions.attackDamagePoint
2026-09-09T17:16:45.0597896Z             31/77     40.3%  field:items.passive[].key
2026-09-09T17:16:45.0598504Z             32/184    17.4%  field:abilities.effects[]#applyBuff.statusId
2026-09-09T17:16:45.0599079Z             33/90     36.7%  field:abilities.effects[]#spawnModelFx.tint
2026-09-09T17:16:45.0599674Z             34/90     37.8%  field:abilities.effects[]#spawnModelFx.onArrive
2026-09-09T17:16:45.0600059Z             34/142    23.9%  field:items.recipe
2026-09-09T17:16:45.0600468Z             34/34    100.0%  field:items.recipe.book
2026-09-09T17:16:45.0601061Z             35/184    19.0%  field:abilities.effects[]#applyBuff.polarity
2026-09-09T17:16:45.0601964Z             36/171    21.1%  field:abilities.effects[]#applyBuff.hooks[].condition
2026-09-09T17:16:45.0602591Z             36/90     40.0%  field:abilities.effects[]#damageArea.onHitTargets
2026-09-09T17:16:45.0603144Z             36/40     90.0%  field:abilities.effects[]#damageLine.aim
2026-09-09T17:16:45.0603891Z             36/40     90.0%  field:abilities.effects[]#damageLine.fromCaster
2026-09-09T17:16:45.0604581Z             36/40     90.0%  field:champions.transform.triggerAbility.durationSec
2026-09-09T17:16:45.0605158Z             38/90     42.2%  field:abilities.effects[]#spawnModelFx.clip
2026-09-09T17:16:45.0605670Z             38/71     53.5%  field:champions.abilities.*.sfxKey
2026-09-09T17:16:45.0606348Z             38/40     95.0%  field:champions.transform.triggerAbility.cooldownSec
2026-09-09T17:16:45.0606951Z             39/90     43.3%  field:abilities.effects[]#spawnModelFx.lifeSec
2026-09-09T17:16:45.0607724Z             40/40    100.0%  field:abilities.effects[]#damageLine.damageType
2026-09-09T17:16:45.0608150Z             40/71     56.3%  field:champions.transform
2026-09-09T17:16:45.0608761Z             40/40    100.0%  field:champions.transform.alternateUnitRawcode
2026-09-09T17:16:45.0609306Z             40/40    100.0%  field:champions.transform.counterpartId
2026-09-09T17:16:45.0609896Z             40/40    100.0%  field:champions.transform.normalUnitRawcode
2026-09-09T17:16:45.0610602Z             40/40    100.0%  field:champions.transform.triggerAbility
2026-09-09T17:16:45.0611282Z             40/40    100.0%  field:champions.transform.triggerAbility.name
2026-09-09T17:16:45.0611834Z             41/91     45.1%  field:augments.eligibility
2026-09-09T17:16:45.0612337Z             41/77     53.2%  field:items.passive[].target
2026-09-09T17:16:45.0613037Z             42/171    24.6%  field:abilities.effects[]#applyBuff.hooks[].chance
2026-09-09T17:16:45.0613644Z             42/131    32.1%  field:abilities.passive.ranks[].modifiers
2026-09-09T17:16:45.0614151Z             43/94     45.7%  field:abilities.hitFeel.camKick
2026-09-09T17:16:45.0614670Z             43/94     45.7%  field:abilities.hitFeel.flashColor
2026-09-09T17:16:45.0615164Z             43/94     45.7%  field:abilities.hitFeel.flashMs
2026-09-09T17:16:45.0615704Z             43/94     45.7%  field:abilities.hitFeel.hitstunTicks
2026-09-09T17:16:45.0616231Z             43/94     45.7%  field:abilities.hitFeel.shakeStyle
2026-09-09T17:16:45.0616762Z             43/94     45.7%  field:abilities.hitFeel.sparkKind
2026-09-09T17:16:45.0617501Z             43/71     60.6%  field:champions.abilities.*.radiusTier
2026-09-09T17:16:45.0618150Z             44/184    23.9%  field:abilities.effects[]#applyBuff.applyTo
2026-09-09T17:16:45.0618791Z             44/184    23.9%  field:abilities.effects[]#applyBuff.maxStacks
2026-09-09T17:16:45.0619371Z             44/48     91.7%  field:ability-templates.params{}.values
2026-09-09T17:16:45.0620027Z             46/184    25.0%  field:abilities.effects[]#applyBuff.stackKey
2026-09-09T17:16:45.0620647Z             46/48     95.8%  field:ability-templates.params{}.optional
2026-09-09T17:16:45.0621228Z             47/48     97.9%  field:ability-templates.params{}.max
2026-09-09T17:16:45.0621807Z             47/48     97.9%  field:ability-templates.params{}.min
2026-09-09T17:16:45.0622408Z             47/48     97.9%  field:ability-templates.params{}.unit
2026-09-09T17:16:45.0623317Z             48/370    13.0%  field:abilities.effects[]#chainLightning.amount.damageTierPerRank
2026-09-09T17:16:45.0623931Z             48/48    100.0%  field:ability-templates.params{}.default
2026-09-09T17:16:45.0624446Z             49/71     69.0%  field:champions.msGrowthTier
2026-09-09T17:16:45.0624908Z             49/71     69.0%  field:champions.origin
2026-09-09T17:16:45.0625367Z             49/71     69.0%  field:champions.pitch
2026-09-09T17:16:45.0625856Z             49/71     69.0%  field:champions.playstyle
2026-09-09T17:16:45.0626614Z             51/51    100.0%  field:status-effects.description
2026-09-09T17:16:45.0627134Z             51/51    100.0%  field:status-effects.polarity
2026-09-09T17:16:45.0627884Z             51/51    100.0%  field:status-effects.tags
2026-09-09T17:16:45.0628629Z             54/163    33.1%  field:abilities.effects[]#applyStatus.moveSpeedMult
2026-09-09T17:16:45.0629393Z             55/71     77.5%  field:champions.abilities.*.template
2026-09-09T17:16:45.0630110Z             56/90     62.2%  field:abilities.effects[]#damageArea.includeOrigin
2026-09-09T17:16:45.0630794Z             56/90     62.2%  field:abilities.effects[]#spawnModelFx.soundKey
2026-09-09T17:16:45.0631436Z             57/163    35.0%  field:abilities.effects[]#applyStatus.stun
2026-09-09T17:16:45.0631893Z             57/421    13.5%  field:abilities.radius
2026-09-09T17:16:45.0632354Z             57/629     9.1%  field:vfx#vfx@1.ambient
2026-09-09T17:16:45.0632857Z             60/91     65.9%  field:augments.selectionSlot
2026-09-09T17:16:45.0633372Z             60/67     89.6%  field:vfx#ribbon@1.anchorBone
2026-09-09T17:16:45.0633889Z             63/71     88.7%  field:champions.description
2026-09-09T17:16:45.0634330Z             64/91     70.3%  field:augments.hooks
2026-09-09T17:16:45.0634948Z             65/71     91.5%  field:champions.abilities.*.manaCostTier
2026-09-09T17:16:45.0635429Z             65/67     97.0%  field:vfx#ribbon@1.texture
2026-09-09T17:16:45.0636010Z             66/71     93.0%  field:champions.abilities.*.rangeTier
2026-09-09T17:16:45.0636663Z             67/90     74.4%  field:abilities.effects[]#spawnModelFx.scale
2026-09-09T17:16:45.0637270Z             68/71     95.8%  field:champions.abilities.*.cooldownTier
2026-09-09T17:16:45.0637937Z             68/71     95.8%  field:champions.exAbility
2026-09-09T17:16:45.0650032Z             68/71     95.8%  field:champions.passiveAbility
2026-09-09T17:16:45.0650983Z             69/421    16.4%  field:abilities.innateKind
2026-09-09T17:16:45.0651993Z             69/71     97.2%  field:champions.abilities.*.description
2026-09-09T17:16:45.0653020Z             70/71     98.6%  field:champions.abilities.*.castTimeSec
2026-09-09T17:16:45.0653995Z             71/94     75.5%  field:abilities.hitFeel.knockbackMag
2026-09-09T17:16:45.0654932Z             71/71    100.0%  field:champions.abilities.*.icon
2026-09-09T17:16:45.0655910Z             71/71    100.0%  field:champions.abilities.*.provenance
2026-09-09T17:16:45.0656952Z             71/71    100.0%  field:champions.abilities.*.targetsEnemies
2026-09-09T17:16:45.0658176Z             71/71    100.0%  field:champions.abilities.*.vfxKey
2026-09-09T17:16:45.0659070Z             71/71    100.0%  field:champions.attributes
2026-09-09T17:16:45.0659851Z             71/71    100.0%  field:champions.hitFeel
2026-09-09T17:16:45.0660598Z             71/71    100.0%  field:champions.icon
2026-09-09T17:16:45.0661376Z             72/421    17.1%  field:abilities.sfxKey
2026-09-09T17:16:45.0662550Z             77/171    45.0%  field:abilities.effects[]#applyBuff.hooks[].internalCooldown
2026-09-09T17:16:45.0663506Z             77/142    54.2%  field:items.passive
2026-09-09T17:16:45.0664334Z             78/156    50.0%  field:models.attachPoints
2026-09-09T17:16:45.0665340Z             80/90     88.9%  field:abilities.effects[]#damageArea.radiusTier
2026-09-09T17:16:45.0666246Z             80/421    19.0%  field:abilities.radiusTier
2026-09-09T17:16:45.0667041Z             85/142    59.9%  field:items.modifiers
2026-09-09T17:16:45.0668416Z             86/90     95.6%  field:abilities.effects[]#spawnModelFx.modelKey
2026-09-09T17:16:45.0669353Z             86/86    100.0%  field:abilities.effects[]#spawnVfx.at
2026-09-09T17:16:45.0670750Z             86/86    100.0%  field:items.modifiers[].value
2026-09-09T17:16:45.0671675Z             87/90     96.7%  field:abilities.effects[]#spawnModelFx.preset
2026-09-09T17:16:45.0672669Z             89/90     98.9%  field:abilities.effects[]#damageArea.damageType
2026-09-09T17:16:45.0673768Z             90/142    63.4%  field:items.authoringNote
2026-09-09T17:16:45.0674473Z             91/91    100.0%  field:augments.icon
2026-09-09T17:16:45.0675333Z             92/131    70.2%  field:abilities.passive.ranks[].hooks
2026-09-09T17:16:45.0676279Z             94/94    100.0%  field:abilities.hitFeel.hitstopTicks
2026-09-09T17:16:45.0677137Z             94/94    100.0%  field:abilities.hitFeel.shakeMag
2026-09-09T17:16:45.0678618Z            100/370    27.0%  field:abilities.effects[]#chainLightning.amount.flat
2026-09-09T17:16:45.0679534Z            102/421    24.2%  field:abilities.passive
2026-09-09T17:16:45.0680326Z            131/131   100.0%  field:abilities.passive.name
2026-09-09T17:16:45.0681071Z            137/142    96.5%  field:items.description
2026-09-09T17:16:45.0681777Z            142/142   100.0%  field:items.craftRole
2026-09-09T17:16:45.0682460Z            142/142   100.0%  field:items.icon
2026-09-09T17:16:45.0683430Z            147/171    86.0%  field:abilities.effects[]#applyBuff.hooks[].target
2026-09-09T17:16:45.0684496Z            167/184    90.8%  field:abilities.effects[]#applyBuff.duration
2026-09-09T17:16:45.0685338Z            170/629    27.0%  field:vfx#vfx@1.anchorBone
2026-09-09T17:16:45.0686109Z            182/421    43.2%  field:abilities.rangeTier
2026-09-09T17:16:45.0686878Z            192/421    45.6%  field:abilities.manaCostTier
2026-09-09T17:16:45.0688161Z            205/370    55.4%  field:abilities.effects[]#chainLightning.amount.damageTier
2026-09-09T17:16:45.0689103Z            215/629    34.2%  field:vfx#vfx@1.stretched
2026-09-09T17:16:45.0689881Z            215/629    34.2%  field:vfx#vfx@1.tailLength
2026-09-09T17:16:45.0690638Z            225/421    53.4%  field:abilities.template
2026-09-09T17:16:45.0692818Z            229/233    98.3%  field:abilities.effects[]#applyBuff.modifiers[].value
2026-09-09T17:16:45.0694044Z            258/258   100.0%  field:abilities.effects[]#damage.damageType
2026-09-09T17:16:45.0695156Z            265/421    62.9%  field:abilities.targetsEnemies
2026-09-09T17:16:45.0695966Z            280/629    44.5%  field:vfx#vfx@1.burstCount
2026-09-09T17:16:45.0696724Z            288/629    45.8%  field:vfx#vfx@1.gravityY
2026-09-09T17:16:45.0703726Z            289/370    78.1%  field:abilities.effects[]#chainLightning.amount.ratios
2026-09-09T17:16:45.0704706Z            334/421    79.3%  field:abilities.cooldownTier
2026-09-09T17:16:45.0705507Z            336/421    79.8%  field:abilities.castTimeSec
2026-09-09T17:16:45.0706196Z            349/629    55.5%  field:vfx#vfx@1.rate
2026-09-09T17:16:45.0706856Z            385/421    91.4%  field:abilities.vfxKey
2026-09-09T17:16:45.0709831Z            413/421    98.1%  field:abilities.description
2026-09-09T17:16:45.0710679Z            421/421   100.0%  field:abilities.icon
2026-09-09T17:16:45.0711473Z            421/421   100.0%  field:abilities.provenance
2026-09-09T17:16:45.0712272Z            593/629    94.3%  field:vfx#vfx@1.speed
2026-09-09T17:16:45.0713260Z            627/629    99.7%  field:vfx#vfx@1.sizeStops
2026-09-09T17:16:45.0714059Z            629/629   100.0%  field:vfx#vfx@1.colorStops
2026-09-09T17:16:45.0714811Z            629/629   100.0%  field:vfx#vfx@1.texture
2026-09-09T17:16:45.0715140Z 
2026-09-09T17:16:45.0715761Z   ── enum (1999 reachable, 1063 at ZERO) ──
2026-09-09T17:16:45.0716636Z     ZERO     0/10      0.0%  enum:abilities.augment.targets[].ops[].op=modifierValue
2026-09-09T17:16:45.0717896Z     ZERO     0/10      0.0%  enum:abilities.augment.targets[].ops[].op=thresholdPct
2026-09-09T17:16:45.0718837Z     ZERO     0/2       0.0%  enum:abilities.castTimeTier=中
2026-09-09T17:16:45.0719644Z     ZERO     0/2       0.0%  enum:abilities.castTimeTier=大
2026-09-09T17:16:45.0720500Z     ZERO     0/2       0.0%  enum:abilities.castTimeTier=極大
2026-09-09T17:16:45.0721312Z     ZERO     0/2       0.0%  enum:abilities.castTimeTier=極小
2026-09-09T17:16:45.0722156Z     ZERO     0/6       0.0%  enum:abilities.cooldownShape=範圍
2026-09-09T17:16:45.0723011Z     ZERO     0/6       0.0%  enum:abilities.cooldownShape=變身
2026-09-09T17:16:45.0724237Z     ZERO     0/2       0.0%  enum:abilities.effects[]#applyBuff.block.lethalBasis=hp
2026-09-09T17:16:45.0725315Z     ZERO     0/13      0.0%  enum:abilities.effects[]#applyBuff.condition|0|10.form=base
2026-09-09T17:16:45.0726355Z     ZERO     0/28      0.0%  enum:abilities.effects[]#applyBuff.condition|0|2|0.op=!=
2026-09-09T17:16:45.0727923Z     ZERO     0/28      0.0%  enum:abilities.effects[]#applyBuff.condition|0|2|0.op===
2026-09-09T17:16:45.0729036Z     ZERO     0/26      0.0%  enum:abilities.effects[]#applyBuff.condition|0|2|1.stat=agi
2026-09-09T17:16:45.0730133Z     ZERO     0/26      0.0%  enum:abilities.effects[]#applyBuff.condition|0|2|1.stat=armor
2026-09-09T17:16:45.0731290Z     ZERO     0/26      0.0%  enum:abilities.effects[]#applyBuff.condition|0|2|1.stat=attackSpeed
2026-09-09T17:16:45.0732407Z     ZERO     0/26      0.0%  enum:abilities.effects[]#applyBuff.condition|0|2|1.stat=int
2026-09-09T17:16:45.0733512Z     ZERO     0/26      0.0%  enum:abilities.effects[]#applyBuff.condition|0|2|1.stat=magicResist
2026-09-09T17:16:45.0734701Z     ZERO     0/26      0.0%  enum:abilities.effects[]#applyBuff.condition|0|2|1.stat=moveSpeed
2026-09-09T17:16:45.0735817Z     ZERO     0/26      0.0%  enum:abilities.effects[]#applyBuff.condition|0|2|1.stat=str
2026-09-09T17:16:45.0736920Z     ZERO     0/3       0.0%  enum:abilities.effects[]#applyBuff.condition|0|3.is=guardian
2026-09-09T17:16:45.0738166Z     ZERO     0/3       0.0%  enum:abilities.effects[]#applyBuff.condition|0|3.is=mob
2026-09-09T17:16:45.0739107Z     ZERO     0/3       0.0%  enum:abilities.effects[]#applyBuff.condition|0|3.is=summon
2026-09-09T17:16:45.0740055Z     ZERO     0/7       0.0%  enum:abilities.effects[]#applyBuff.condition|0|6|1.slot=E
2026-09-09T17:16:45.0741085Z     ZERO     0/7       0.0%  enum:abilities.effects[]#applyBuff.condition|0|6|1.slot=PASSIVE
2026-09-09T17:16:45.0742056Z     ZERO     0/7       0.0%  enum:abilities.effects[]#applyBuff.condition|0|6|1.slot=R
2026-09-09T17:16:45.0743649Z     ZERO     0/7       0.0%  enum:abilities.effects[]#applyBuff.condition|0|6|1.slot=W
2026-09-09T17:16:45.0744590Z     ZERO     0/8       0.0%  enum:abilities.effects[]#applyBuff.condition|0|9.slot=E
2026-09-09T17:16:45.0745636Z     ZERO     0/8       0.0%  enum:abilities.effects[]#applyBuff.condition|0|9.slot=PASSIVE
2026-09-09T17:16:45.0746659Z     ZERO     0/8       0.0%  enum:abilities.effects[]#applyBuff.condition|0|9.slot=R
2026-09-09T17:16:45.0748058Z     ZERO     0/8       0.0%  enum:abilities.effects[]#applyBuff.condition|0|9.slot=W
2026-09-09T17:16:45.0749157Z     ZERO     0/1       0.0%  enum:abilities.effects[]#applyBuff.critStrike.empowers=everyCrit
2026-09-09T17:16:45.0750296Z     ZERO     0/1       0.0%  enum:abilities.effects[]#applyBuff.critStrike.lifestealMode=add
2026-09-09T17:16:45.0751494Z     ZERO     0/4       0.0%  enum:abilities.effects[]#applyBuff.damageTypeOverride.impactType=converted
2026-09-09T17:16:45.0752642Z     ZERO     0/7       0.0%  enum:abilities.effects[]#applyBuff.damageTypeOverride.scope=all
2026-09-09T17:16:45.0753760Z     ZERO     0/1       0.0%  enum:abilities.effects[]#applyBuff.deathWard.beneficiary=team
2026-09-09T17:16:45.0754807Z     ZERO     0/1       0.0%  enum:abilities.effects[]#applyBuff.deathWard.stacking=add
2026-09-09T17:16:45.0755845Z     ZERO     0/2       0.0%  enum:abilities.effects[]#applyBuff.exclusiveOnExisting=reject
2026-09-09T17:16:45.0756887Z     ZERO     0/1       0.0%  enum:abilities.effects[]#applyBuff.hooks[].chanceFrom.attr=int
2026-09-09T17:16:45.0758354Z     ZERO     0/1       0.0%  enum:abilities.effects[]#applyBuff.hooks[].chanceFrom.attr=str
2026-09-09T17:16:45.0759458Z     ZERO     0/1       0.0%  enum:abilities.effects[]#applyBuff.hooks[].chanceFrom.basis=base
2026-09-09T17:16:45.0760515Z     ZERO     0/2       0.0%  enum:abilities.effects[]#applyBuff.hooks[].critSource=any
2026-09-09T17:16:45.0761497Z     ZERO     0/3       0.0%  enum:abilities.effects[]#applyBuff.hooks[].damageCrit=any
2026-09-09T17:16:45.0762764Z     ZERO     0/3       0.0%  enum:abilities.effects[]#applyBuff.hooks[].damageCrit=nonCrit
2026-09-09T17:16:45.0763783Z     ZERO     0/9       0.0%  enum:abilities.effects[]#applyBuff.hooks[].damageSource=any
2026-09-09T17:16:45.0764853Z     ZERO     0/9       0.0%  enum:abilities.effects[]#applyBuff.hooks[].damageSource=nonBasic
2026-09-09T17:16:45.0766137Z     ZERO     0/9       0.0%  enum:abilities.effects[]#applyBuff.hooks[].damageSource=other
2026-09-09T17:16:45.0767050Z     ZERO     0/6       0.0%  enum:abilities.effects[]#applyBuff.hooks[].damageType=any
2026-09-09T17:16:45.0768200Z     ZERO     0/6       0.0%  enum:abilities.effects[]#applyBuff.hooks[].damageType=physical
2026-09-09T17:16:45.0769257Z     ZERO     0/6       0.0%  enum:abilities.effects[]#applyBuff.hooks[].damageType=true
2026-09-09T17:16:45.0770432Z     ZERO     0/2       0.0%  enum:abilities.effects[]#applyBuff.hooks[].internalCooldownScope=source
2026-09-09T17:16:45.0771632Z     ZERO     0/246     0.0%  enum:abilities.effects[]#applyBuff.hooks[].on=onAllyProtected
2026-09-09T17:16:45.0772702Z     ZERO     0/246     0.0%  enum:abilities.effects[]#applyBuff.hooks[].on=onAttackAttempt
2026-09-09T17:16:45.0773708Z     ZERO     0/246     0.0%  enum:abilities.effects[]#applyBuff.hooks[].on=onBlock
2026-09-09T17:16:45.0774713Z     ZERO     0/246     0.0%  enum:abilities.effects[]#applyBuff.hooks[].on=onBoundaryTouch
2026-09-09T17:16:45.0775886Z     ZERO     0/246     0.0%  enum:abilities.effects[]#applyBuff.hooks[].on=onCrowdControlApplied
2026-09-09T17:16:45.0776999Z     ZERO     0/246     0.0%  enum:abilities.effects[]#applyBuff.hooks[].on=onGuardianDown
2026-09-09T17:16:45.0778248Z     ZERO     0/246     0.0%  enum:abilities.effects[]#applyBuff.hooks[].on=onHeal
2026-09-09T17:16:45.0779244Z     ZERO     0/246     0.0%  enum:abilities.effects[]#applyBuff.hooks[].on=onLethalDamage
2026-09-09T17:16:45.0780341Z     ZERO     0/246     0.0%  enum:abilities.effects[]#applyBuff.hooks[].on=onObservedCombat
2026-09-09T17:16:45.0781475Z     ZERO     0/246     0.0%  enum:abilities.effects[]#applyBuff.hooks[].on=onProjectileExpire
2026-09-09T17:16:45.0782561Z     ZERO     0/246     0.0%  enum:abilities.effects[]#applyBuff.hooks[].on=onRoundEnd
2026-09-09T17:16:45.0783546Z     ZERO     0/246     0.0%  enum:abilities.effects[]#applyBuff.hooks[].on=onRoundStart
2026-09-09T17:16:45.0784591Z     ZERO     0/246     0.0%  enum:abilities.effects[]#applyBuff.hooks[].on=onShieldBroken
2026-09-09T17:16:45.0785680Z     ZERO     0/246     0.0%  enum:abilities.effects[]#applyBuff.hooks[].on=onShieldGained
2026-09-09T17:16:45.0786728Z     ZERO     0/246     0.0%  enum:abilities.effects[]#applyBuff.hooks[].on=onSummonHit
2026-09-09T17:16:45.0788211Z     ZERO     0/246     0.0%  enum:abilities.effects[]#applyBuff.hooks[].on=onUltimateHit
2026-09-09T17:16:45.0789239Z     ZERO     0/3       0.0%  enum:abilities.effects[]#applyBuff.hooks[].onConsumed=stop
2026-09-09T17:16:45.0790333Z     ZERO     0/2       0.0%  enum:abilities.effects[]#applyBuff.hooks[].reflectedDamageSource=any
2026-09-09T17:16:45.0791607Z     ZERO     0/2       0.0%  enum:abilities.effects[]#applyBuff.hooks[].reflectedDamageSource=basic
2026-09-09T17:16:45.0793292Z     ZERO     0/2       0.0%  enum:abilities.effects[]#applyBuff.hooks[].reflectedDamageSource=nonBasic
2026-09-09T17:16:45.0794553Z     ZERO     0/2       0.0%  enum:abilities.effects[]#applyBuff.hooks[].reflectedDamageSource=other
2026-09-09T17:16:45.0795700Z     ZERO     0/2       0.0%  enum:abilities.effects[]#applyBuff.hooks[].reflectedDamageType=any
2026-09-09T17:16:45.0796865Z     ZERO     0/2       0.0%  enum:abilities.effects[]#applyBuff.hooks[].reflectedDamageType=physical
2026-09-09T17:16:45.0798206Z     ZERO     0/2       0.0%  enum:abilities.effects[]#applyBuff.hooks[].reflectedDamageType=true
2026-09-09T17:16:45.0799200Z     ZERO     0/44      0.0%  enum:abilities.effects[]#applyBuff.hooks[].victim=allyChampion
2026-09-09T17:16:45.0800246Z     ZERO     0/1       0.0%  enum:abilities.effects[]#applyBuff.modifiers[].fromResource=hp
2026-09-09T17:16:45.0801750Z     ZERO     0/21      0.0%  enum:abilities.effects[]#applyBuff.modifiers[].msBonusTier=極大
2026-09-09T17:16:45.0802709Z     ZERO     0/1       0.0%  enum:abilities.effects[]#applyBuff.penetration.scope=ability
2026-09-09T17:16:45.0803676Z     ZERO     0/1       0.0%  enum:abilities.effects[]#applyBuff.penetration.scope=all
2026-09-09T17:16:45.0804874Z     ZERO     0/2       0.0%  enum:abilities.effects[]#applyStatus.grantMark.lethal.restoreMode=clamp
2026-09-09T17:16:45.0805812Z     ZERO     0/24      0.0%  enum:abilities.effects[]#blink.applyTo=target
2026-09-09T17:16:45.0806623Z     ZERO     0/24      0.0%  enum:abilities.effects[]#blink.shape=circle
2026-09-09T17:16:45.0807514Z     ZERO     0/24      0.0%  enum:abilities.effects[]#blink.to=caster
2026-09-09T17:16:45.0808316Z     ZERO     0/1       0.0%  enum:abilities.effects[]#carry.onCarrierDeath=drop
2026-09-09T17:16:45.0809092Z     ZERO     0/1       0.0%  enum:abilities.effects[]#carry.shape=single
2026-09-09T17:16:45.0809841Z     ZERO     0/1       0.0%  enum:abilities.effects[]#carry.side=enemies
2026-09-09T17:16:45.0810821Z     ZERO     0/1       0.0%  enum:abilities.effects[]#chainLightning.amount.attrRatios[].attr=agi
2026-09-09T17:16:45.0811935Z     ZERO     0/1       0.0%  enum:abilities.effects[]#chainLightning.amount.attrRatios[].attr=int
2026-09-09T17:16:45.0812990Z     ZERO     0/1       0.0%  enum:abilities.effects[]#chainLightning.amount.attrRatios[].basis=base
2026-09-09T17:16:45.0814314Z     ZERO     0/48      0.0%  enum:abilities.effects[]#chainLightning.amount.damageTierPerRank[]=極大
2026-09-09T17:16:45.0815421Z     ZERO     0/2       0.0%  enum:abilities.effects[]#chainLightning.amount.slotRankRatios[].slot=EX
2026-09-09T17:16:45.0816606Z     ZERO     0/2       0.0%  enum:abilities.effects[]#chainLightning.amount.slotRankRatios[].slot=PASSIVE
2026-09-09T17:16:45.0817942Z     ZERO     0/2       0.0%  enum:abilities.effects[]#chainLightning.amount.slotRankRatios[].slot=R
2026-09-09T17:16:45.0818920Z     ZERO     0/4       0.0%  enum:abilities.effects[]#chainLightning.centre=target
2026-09-09T17:16:45.0819825Z     ZERO     0/4       0.0%  enum:abilities.effects[]#chainLightning.shape=single
2026-09-09T17:16:45.0820648Z     ZERO     0/33      0.0%  enum:abilities.effects[]#championForm.to=base
2026-09-09T17:16:45.0821459Z     ZERO     0/2       0.0%  enum:abilities.effects[]#comboStrikes.shape=circle
2026-09-09T17:16:45.0822443Z     ZERO     0/2       0.0%  enum:abilities.effects[]#comboStrikes.strikeReposition.who=victim
2026-09-09T17:16:45.0823358Z     ZERO     0/1       0.0%  enum:abilities.effects[]#convertTeam.shape=circle
2026-09-09T17:16:45.0824189Z     ZERO     0/1       0.0%  enum:abilities.effects[]#convertTeam.until=duration
2026-09-09T17:16:45.0825013Z     ZERO     0/1       0.0%  enum:abilities.effects[]#convertTeam.until=roundEnd
2026-09-09T17:16:45.0825869Z     ZERO     0/1       0.0%  enum:abilities.effects[]#cycleBuff.applyTo=target
2026-09-09T17:16:45.0826723Z     ZERO     0/1       0.0%  enum:abilities.effects[]#damage.refund.basis=mitigated
2026-09-09T17:16:45.0827850Z     ZERO     0/11      0.0%  enum:abilities.effects[]#dash.distanceTier=中
2026-09-09T17:16:45.0828727Z     ZERO     0/11      0.0%  enum:abilities.effects[]#dash.distanceTier=小
2026-09-09T17:16:45.0829590Z     ZERO     0/2       0.0%  enum:abilities.effects[]#delayed.advance.dir=target
2026-09-09T17:16:45.0830461Z     ZERO     0/8       0.0%  enum:abilities.effects[]#delayed.anchor=point
2026-09-09T17:16:45.0831466Z     ZERO     0/2       0.0%  enum:abilities.effects[]#delayed.strikeReposition.who=caster
2026-09-09T17:16:45.0832417Z     ZERO     0/2       0.0%  enum:abilities.effects[]#devour.side=allies
2026-09-09T17:16:45.0833285Z     ZERO     0/5       0.0%  enum:abilities.effects[]#dispel.order=oldest
2026-09-09T17:16:45.0834080Z     ZERO     0/18      0.0%  enum:abilities.effects[]#dispel.polarity=any
2026-09-09T17:16:45.0834888Z     ZERO     0/2       0.0%  enum:abilities.effects[]#dot.resourcePctPhase=onApply
2026-09-09T17:16:45.0835965Z     ZERO     0/23      0.0%  enum:abilities.effects[]#dot.stacking=stack
2026-09-09T17:16:45.0836918Z     ZERO     0/4       0.0%  enum:abilities.effects[]#eventValueConversion.basis=mitigated
2026-09-09T17:16:45.0838127Z     ZERO     0/4       0.0%  enum:abilities.effects[]#eventValueConversion.basis=raw
2026-09-09T17:16:45.0839357Z     ZERO     0/5       0.0%  enum:abilities.effects[]#eventValueConversion.shape=circle
2026-09-09T17:16:45.0840503Z     ZERO     0/5       0.0%  enum:abilities.effects[]#eventValueConversion.source=targetCurrentHealth
2026-09-09T17:16:45.0841641Z     ZERO     0/5       0.0%  enum:abilities.effects[]#eventValueConversion.who=target
2026-09-09T17:16:45.0842569Z     ZERO     0/2       0.0%  enum:abilities.effects[]#extendBuff.shape=circle
2026-09-09T17:16:45.0843473Z     ZERO     0/2       0.0%  enum:abilities.effects[]#extendBuff.who=target
2026-09-09T17:16:45.0844435Z     ZERO     0/2       0.0%  enum:abilities.effects[]#floatingText.driftFrom=world
2026-09-09T17:16:45.0845420Z     ZERO     0/16      0.0%  enum:abilities.effects[]#floatingText.shape=circle
2026-09-09T17:16:45.0846380Z     ZERO     0/2       0.0%  enum:abilities.effects[]#grantAttribute.store=champion
2026-09-09T17:16:45.0847253Z     ZERO     0/4       0.0%  enum:abilities.effects[]#grantGold.to=target
2026-09-09T17:16:45.0848437Z     ZERO     0/1       0.0%  enum:abilities.effects[]#grantXp.to=target
2026-09-09T17:16:45.0849334Z     ZERO     0/21      0.0%  enum:abilities.effects[]#invulnerable.applyTo=target
2026-09-09T17:16:45.0850302Z     ZERO     0/21      0.0%  enum:abilities.effects[]#invulnerable.blocksDamage=magic
2026-09-09T17:16:45.0851347Z     ZERO     0/21      0.0%  enum:abilities.effects[]#invulnerable.blocksDamage=physical
2026-09-09T17:16:45.0852345Z     ZERO     0/2       0.0%  enum:abilities.effects[]#knockback.applyTo=self
2026-09-09T17:16:45.0853290Z     ZERO     0/25      0.0%  enum:abilities.effects[]#knockback.from=facing
2026-09-09T17:16:45.0854216Z     ZERO     0/1       0.0%  enum:abilities.effects[]#manaBarrier.shape=circle
2026-09-09T17:16:45.0855159Z     ZERO     0/1       0.0%  enum:abilities.effects[]#manaBarrier.who=target
2026-09-09T17:16:45.0856061Z     ZERO     0/2       0.0%  enum:abilities.effects[]#modifyCooldown.basis=base
2026-09-09T17:16:45.0857110Z     ZERO     0/1       0.0%  enum:abilities.effects[]#modifyCooldown.hookScope=allSources
2026-09-09T17:16:45.0858305Z     ZERO     0/17      0.0%  enum:abilities.effects[]#modifyCooldown.mode=reduceFlat
2026-09-09T17:16:45.0859207Z     ZERO     0/17      0.0%  enum:abilities.effects[]#modifyCooldown.shape=circle
2026-09-09T17:16:45.0860211Z     ZERO     0/1       0.0%  enum:abilities.effects[]#modifyCooldown.target=abilitySlot
2026-09-09T17:16:45.0861097Z     ZERO     0/17      0.0%  enum:abilities.effects[]#modifyCooldown.who=target
2026-09-09T17:16:45.0861941Z     ZERO     0/8       0.0%  enum:abilities.effects[]#proxyCast.payCosts=mana
2026-09-09T17:16:45.0862859Z     ZERO     0/8       0.0%  enum:abilities.effects[]#proxyCast.payCosts=manaAndCooldown
2026-09-09T17:16:45.0863758Z     ZERO     0/5       0.0%  enum:abilities.effects[]#proxyCast.rankMode=fixed
2026-09-09T17:16:45.0864595Z     ZERO     0/8       0.0%  enum:abilities.effects[]#proxyCast.shape=circle
2026-09-09T17:16:45.0865433Z     ZERO     0/10      0.0%  enum:abilities.effects[]#randomArea.who=target
2026-09-09T17:16:45.0866252Z     ZERO     0/4       0.0%  enum:abilities.effects[]#revive.side=any
2026-09-09T17:16:45.0867140Z     ZERO     0/4       0.0%  enum:abilities.effects[]#revive.teamCharge=requireAndSpend
2026-09-09T17:16:45.0868287Z     ZERO     0/9       0.0%  enum:abilities.effects[]#screenFlash.shape=circle
2026-09-09T17:16:45.0869140Z     ZERO     0/28      0.0%  enum:abilities.effects[]#screenShake.applyTo=self
2026-09-09T17:16:45.0870041Z     ZERO     0/28      0.0%  enum:abilities.effects[]#screenShake.applyTo=victim
2026-09-09T17:16:45.0870869Z     ZERO     0/6       0.0%  enum:abilities.effects[]#shield.absorbs=physical
2026-09-09T17:16:45.0871952Z     ZERO     0/6       0.0%  enum:abilities.effects[]#shield.absorbs=true
2026-09-09T17:16:45.0872772Z     ZERO     0/2       0.0%  enum:abilities.effects[]#shieldBreak.order=oldest
2026-09-09T17:16:45.0873575Z     ZERO     0/2       0.0%  enum:abilities.effects[]#shieldBreak.shape=circle
2026-09-09T17:16:45.0874445Z     ZERO     0/23      0.0%  enum:abilities.effects[]#spawnModelFx.anchor=bone
2026-09-09T17:16:45.0875548Z     ZERO     0/23      0.0%  enum:abilities.effects[]#spawnModelFx.anchor=point
2026-09-09T17:16:45.0876427Z     ZERO     0/14      0.0%  enum:abilities.effects[]#spawnModelFx.path=radial
2026-09-09T17:16:45.0877271Z     ZERO     0/14      0.0%  enum:abilities.effects[]#spawnModelFx.path=static
2026-09-09T17:16:45.0878479Z     ZERO     0/90      0.0%  enum:abilities.effects[]#spawnModelFx.shape=circle
2026-09-09T17:16:45.0879414Z     ZERO     0/4       0.0%  enum:abilities.effects[]#spawnModelFx.touchSide=allies
2026-09-09T17:16:45.0880301Z     ZERO     0/12      0.0%  enum:abilities.effects[]#spawnVfx.boneOn=caster
2026-09-09T17:16:45.0881108Z     ZERO     0/4       0.0%  enum:abilities.effects[]#summon.at=self
2026-09-09T17:16:45.0881867Z     ZERO     0/4       0.0%  enum:abilities.effects[]#summon.at=target
2026-09-09T17:16:45.0882655Z     ZERO     0/7       0.0%  enum:abilities.effects[]#summon.body=champion
2026-09-09T17:16:45.0883435Z     ZERO     0/3       0.0%  enum:abilities.effects[]#summon.formation=line
2026-09-09T17:16:45.0884280Z     ZERO     0/3       0.0%  enum:abilities.effects[]#summon.formation=scatter
2026-09-09T17:16:45.0885161Z     ZERO     0/5       0.0%  enum:abilities.effects[]#summon.onOwnerDeath=persist
2026-09-09T17:16:45.0886000Z     ZERO     0/4       0.0%  enum:abilities.effects[]#summon.team=neutral
2026-09-09T17:16:45.0886839Z     ZERO     0/1       0.0%  enum:abilities.effects[]#swapResource.resource=mana
2026-09-09T17:16:45.0887928Z     ZERO     0/1       0.0%  enum:abilities.effects[]#swapResource.shape=circle
2026-09-09T17:16:45.0888772Z     ZERO     0/1       0.0%  enum:abilities.effects[]#taunt.forcedTarget=caster
2026-09-09T17:16:45.0889602Z     ZERO     0/1       0.0%  enum:abilities.effects[]#taunt.side=enemies
2026-09-09T17:16:45.0890592Z     ZERO     0/4       0.0%  enum:abilities.effects[]#weightedBranch.branches[].weightFrom.attr=int
2026-09-09T17:16:45.0891720Z     ZERO     0/4       0.0%  enum:abilities.effects[]#weightedBranch.branches[].weightFrom.attr=str
2026-09-09T17:16:45.0892623Z     ZERO     0/43      0.0%  enum:abilities.hitFeel.sparkKind=counter
2026-09-09T17:16:45.0893387Z     ZERO     0/43      0.0%  enum:abilities.hitFeel.sparkKind=hit
2026-09-09T17:16:45.0894143Z     ZERO     0/2       0.0%  enum:abilities.innateActivePassive=skip
2026-09-09T17:16:45.0894900Z     ZERO     0/2       0.0%  enum:abilities.interruptOn=damageOrMove
2026-09-09T17:16:45.0895565Z     ZERO     0/2       0.0%  enum:abilities.interruptOn=none
2026-09-09T17:16:45.0896416Z     ZERO     0/257     0.0%  enum:abilities.manaCostTier=極大
2026-09-09T17:16:45.0897129Z     ZERO     0/3       0.0%  enum:abilities.marks[].resetOn=never
2026-09-09T17:16:45.0898088Z     ZERO     0/9       0.0%  enum:abilities.passive.ranks[].auras[].affects=all
2026-09-09T17:16:45.0899050Z     ZERO     0/1       0.0%  enum:abilities.passive.ranks[].auras[].scaleByNearby.count=all
2026-09-09T17:16:45.0900089Z     ZERO     0/1       0.0%  enum:abilities.passive.ranks[].auras[].scaleByNearby.count=enemy
2026-09-09T17:16:45.0901000Z     ZERO     0/10      0.0%  enum:abilities.passive.ranks[].whileForm=any
2026-09-09T17:16:45.0901812Z     ZERO     0/10      0.0%  enum:abilities.passive.ranks[].whileForm=base
2026-09-09T17:16:45.0902584Z     ZERO     0/492     0.0%  enum:abilities.provenance=editor-json
2026-09-09T17:16:45.0903311Z     ZERO     0/492     0.0%  enum:abilities.provenance=jass-verified
2026-09-09T17:16:45.0904009Z     ZERO     0/492     0.0%  enum:abilities.provenance=w3x-tooltip
2026-09-09T17:16:45.0904723Z     ZERO     0/2       0.0%  enum:abilities.toggle.upkeepCadence=none
2026-09-09T17:16:45.0905718Z     ZERO     0/2       0.0%  enum:abilities.toggle.upkeepCadence=perSecond
2026-09-09T17:16:45.0906534Z     ZERO     0/24      0.0%  enum:abilities.vfxLayers[].attachTo=caster
2026-09-09T17:16:45.0907320Z     ZERO     0/16      0.0%  enum:arenas.backdrop.layers[].profile=waves
2026-09-09T17:16:45.0908341Z     ZERO     0/20      0.0%  enum:arenas.scenery.lighting.wave=none
2026-09-09T17:16:45.0909268Z     ZERO     0/1       0.0%  enum:arenas.zones[].gateHolds[].mode=close
2026-09-09T17:16:45.0910086Z     ZERO     0/7       0.0%  enum:arenas.zones[].interactions[].kind=channel
2026-09-09T17:16:45.0910955Z     ZERO     0/1       0.0%  enum:augments.eligibility.onlyAttackType=melee
2026-09-09T17:16:45.0911889Z     ZERO     0/49      0.0%  enum:champions.msGrowthTier=中
2026-09-09T17:16:45.0912648Z     ZERO     0/49      0.0%  enum:champions.msGrowthTier=大
2026-09-09T17:16:45.0913396Z     ZERO     0/49      0.0%  enum:champions.msGrowthTier=小
2026-09-09T17:16:45.0914186Z     ZERO     0/49      0.0%  enum:champions.msGrowthTier=極大
2026-09-09T17:16:45.0915103Z     ZERO     0/1       0.0%  enum:config#config.ambient-vfx@1.bindings{}[].whileToggle=E
2026-09-09T17:16:45.0916130Z     ZERO     0/1       0.0%  enum:config#config.ambient-vfx@1.bindings{}[].whileToggle=EX
2026-09-09T17:16:45.0917195Z     ZERO     0/1       0.0%  enum:config#config.ambient-vfx@1.bindings{}[].whileToggle=PASSIVE
2026-09-09T17:16:45.0918393Z     ZERO     0/1       0.0%  enum:config#config.ambient-vfx@1.bindings{}[].whileToggle=Q
2026-09-09T17:16:45.0919388Z     ZERO     0/1       0.0%  enum:config#config.ambient-vfx@1.bindings{}[].whileToggle=R
2026-09-09T17:16:45.0920369Z     ZERO     0/1       0.0%  enum:config#config.ap-damage-scaling@1.apRatioMode=replace
2026-09-09T17:16:45.0921312Z     ZERO     0/1       0.0%  enum:config#config.ap-damage-scaling@1.scope=all
2026-09-09T17:16:45.0922234Z     ZERO     0/1       0.0%  enum:config#config.ap-damage-scaling@1.scope=basic
2026-09-09T17:16:45.0923282Z     ZERO     0/1       0.0%  enum:config#config.arena-rules@1.augmentTiers[].limitScope=team
2026-09-09T17:16:45.0924372Z     ZERO     0/1       0.0%  enum:config#config.arena-rules@1.augmentTiers[].table=silver
2026-09-09T17:16:45.0925429Z     ZERO     0/1       0.0%  enum:config#config.arena-rules@1.draftConflict=alternate
2026-09-09T17:16:45.0926416Z     ZERO     0/1       0.0%  enum:config#config.arena-rules@1.draftConflict=both
2026-09-09T17:16:45.0927671Z     ZERO     0/1       0.0%  enum:config#config.arena-rules@1.draftConflict=grail-wins
2026-09-09T17:16:45.0928724Z     ZERO     0/1       0.0%  enum:config#config.arena-rules@1.draftConflict=weapon-wins
2026-09-09T17:16:45.0929819Z     ZERO     0/1       0.0%  enum:config#config.arena-rules@1.grailDraft.legacyPool=include
2026-09-09T17:16:45.0930966Z     ZERO     0/1       0.0%  enum:config#config.arena-rules@1.itemDraft.shortPoolMode=duplicate
2026-09-09T17:16:45.0932100Z     ZERO     0/1       0.0%  enum:config#config.arena-rules@1.itemDraft.shortPoolMode=fallback
2026-09-09T17:16:45.0933280Z     ZERO     0/1       0.0%  enum:config#config.arena-rules@1.mobWaves.boss.championSource=inherit
2026-09-09T17:16:45.0934500Z     ZERO     0/1       0.0%  enum:config#config.arena-rules@1.mobWaves.boss.healthBarAnchor=bottom
2026-09-09T17:16:45.0935715Z     ZERO     0/1       0.0%  enum:config#config.arena-rules@1.mobWaves.boss.healthBarReveal=sighted
2026-09-09T17:16:45.0936953Z     ZERO     0/1       0.0%  enum:config#config.arena-rules@1.mobWaves.boss.heroLevelSource=fixed
2026-09-09T17:16:45.0938401Z     ZERO     0/1       0.0%  enum:config#config.arena-rules@1.mobWaves.boss.heroLevelSource=matchHighest
2026-09-09T17:16:45.0939598Z     ZERO     0/1       0.0%  enum:config#config.arena-rules@1.mobWaves.boss.heroLevelSource=round
2026-09-09T17:16:45.0940800Z     ZERO     0/1       0.0%  enum:config#config.arena-rules@1.mobWaves.boss.king.learnRankMode=fixed
2026-09-09T17:16:45.0942105Z     ZERO     0/1       0.0%  enum:config#config.arena-rules@1.mobWaves.boss.king.targetPreference=nearest
2026-09-09T17:16:45.0943609Z     ZERO     0/1       0.0%  enum:config#config.arena-rules@1.mobWaves.boss.lastHitMode=weight
2026-09-09T17:16:45.0944837Z     ZERO     0/1       0.0%  enum:config#config.arena-rules@1.mobWaves.boss.maxPerRoundScope=match
2026-09-09T17:16:45.0946037Z     ZERO     0/1       0.0%  enum:config#config.arena-rules@1.mobWaves.roundHoldMobKinds=any
2026-09-09T17:16:45.0947792Z     ZERO     0/1       0.0%  enum:config#config.arena-rules@1.mobWaves.roundHoldMobKinds=bossAndSpecial
2026-09-09T17:16:45.0948942Z     ZERO     0/1       0.0%  enum:config#config.arena-rules@1.mobWaves.roundHoldMobKinds=none
2026-09-09T17:16:45.0950140Z     ZERO     0/1       0.0%  enum:config#config.arena-rules@1.mobWaves.special.lastHitMode=weight
2026-09-09T17:16:45.0951361Z     ZERO     0/1       0.0%  enum:config#config.arena-rules@1.mobWaves.special.settlementMode=off
2026-09-09T17:16:45.0952606Z     ZERO     0/1       0.0%  enum:config#config.arena-rules@1.mobWaves.special.settlementMode=toast
2026-09-09T17:16:45.0953700Z     ZERO     0/1       0.0%  enum:config#config.audio-map@1.rankUpAudience=all
2026-09-09T17:16:45.0954808Z     ZERO     0/1       0.0%  enum:config#config.audio-mix@1.voice.roundEndMachineVoice=fallback
2026-09-09T17:16:45.0956190Z     ZERO     0/1       0.0%  enum:config#config.audio-mix@1.voice.roundEndMachineVoice=on
2026-09-09T17:16:45.0957962Z     ZERO     0/1       0.0%  enum:config#config.authoring-rules@1.proportionality.minDamageTier.單體.中=大
2026-09-09T17:16:45.0970447Z     ZERO     0/1       0.0%  enum:config#config.authoring-rules@1.proportionality.minDamageTier.單體.中=小
2026-09-09T17:16:45.0972047Z     ZERO     0/1       0.0%  enum:config#config.authoring-rules@1.proportionality.minDamageTier.單體.中=極大
2026-09-09T17:16:45.0973548Z     ZERO     0/1       0.0%  enum:config#config.authoring-rules@1.proportionality.minDamageTier.單體.中=極小
2026-09-09T17:16:45.0975011Z     ZERO     0/1       0.0%  enum:config#config.authoring-rules@1.proportionality.minDamageTier.單體.大=中
2026-09-09T17:16:45.0976475Z     ZERO     0/1       0.0%  enum:config#config.authoring-rules@1.proportionality.minDamageTier.單體.大=小
2026-09-09T17:16:45.0978127Z     ZERO     0/1       0.0%  enum:config#config.authoring-rules@1.proportionality.minDamageTier.單體.大=極大
2026-09-09T17:16:45.0979472Z     ZERO     0/1       0.0%  enum:config#config.authoring-rules@1.proportionality.minDamageTier.單體.大=極小
2026-09-09T17:16:45.0980806Z     ZERO     0/1       0.0%  enum:config#config.authoring-rules@1.proportionality.minDamageTier.單體.小=中
2026-09-09T17:16:45.0982288Z     ZERO     0/1       0.0%  enum:config#config.authoring-rules@1.proportionality.minDamageTier.單體.小=大
2026-09-09T17:16:45.0983787Z     ZERO     0/1       0.0%  enum:config#config.authoring-rules@1.proportionality.minDamageTier.單體.小=極大
2026-09-09T17:16:45.0985291Z     ZERO     0/1       0.0%  enum:config#config.authoring-rules@1.proportionality.minDamageTier.單體.小=極小
2026-09-09T17:16:45.0986741Z     ZERO     0/1       0.0%  enum:config#config.authoring-rules@1.proportionality.minDamageTier.單體.極大=中
2026-09-09T17:16:45.0988496Z     ZERO     0/1       0.0%  enum:config#config.authoring-rules@1.proportionality.minDamageTier.單體.極大=大
2026-09-09T17:16:45.0989952Z     ZERO     0/1       0.0%  enum:config#config.authoring-rules@1.proportionality.minDamageTier.單體.極大=小
2026-09-09T17:16:45.0991447Z     ZERO     0/1       0.0%  enum:config#config.authoring-rules@1.proportionality.minDamageTier.單體.極大=極小
2026-09-09T17:16:45.0992887Z     ZERO     0/1       0.0%  enum:config#config.authoring-rules@1.proportionality.minDamageTier.單體.極小=中
2026-09-09T17:16:45.0994350Z     ZERO     0/1       0.0%  enum:config#config.authoring-rules@1.proportionality.minDamageTier.單體.極小=大
2026-09-09T17:16:45.0995825Z     ZERO     0/1       0.0%  enum:config#config.authoring-rules@1.proportionality.minDamageTier.單體.極小=小
2026-09-09T17:16:45.0997307Z     ZERO     0/1       0.0%  enum:config#config.authoring-rules@1.proportionality.minDamageTier.單體.極小=極大
2026-09-09T17:16:45.0998988Z     ZERO     0/1       0.0%  enum:config#config.authoring-rules@1.proportionality.minDamageTier.範圍.中=大
2026-09-09T17:16:45.1000774Z     ZERO     0/1       0.0%  enum:config#config.authoring-rules@1.proportionality.minDamageTier.範圍.中=小
2026-09-09T17:16:45.1002255Z     ZERO     0/1       0.0%  enum:config#config.authoring-rules@1.proportionality.minDamageTier.範圍.中=極大
2026-09-09T17:16:45.1003900Z     ZERO     0/1       0.0%  enum:config#config.authoring-rules@1.proportionality.minDamageTier.範圍.中=極小
2026-09-09T17:16:45.1005370Z     ZERO     0/1       0.0%  enum:config#config.authoring-rules@1.proportionality.minDamageTier.範圍.大=中
2026-09-09T17:16:45.1006829Z     ZERO     0/1       0.0%  enum:config#config.authoring-rules@1.proportionality.minDamageTier.範圍.大=小
2026-09-09T17:16:45.1008520Z     ZERO     0/1       0.0%  enum:config#config.authoring-rules@1.proportionality.minDamageTier.範圍.大=極大
2026-09-09T17:16:45.1010004Z     ZERO     0/1       0.0%  enum:config#config.authoring-rules@1.proportionality.minDamageTier.範圍.大=極小
2026-09-09T17:16:45.1011482Z     ZERO     0/1       0.0%  enum:config#config.authoring-rules@1.proportionality.minDamageTier.範圍.小=大
2026-09-09T17:16:45.1012768Z     ZERO     0/1       0.0%  enum:config#config.authoring-rules@1.proportionality.minDamageTier.範圍.小=小
2026-09-09T17:16:45.1014201Z     ZERO     0/1       0.0%  enum:config#config.authoring-rules@1.proportionality.minDamageTier.範圍.小=極大
2026-09-09T17:16:45.1015701Z     ZERO     0/1       0.0%  enum:config#config.authoring-rules@1.proportionality.minDamageTier.範圍.小=極小
2026-09-09T17:16:45.1017129Z     ZERO     0/1       0.0%  enum:config#config.authoring-rules@1.proportionality.minDamageTier.範圍.極大=中
2026-09-09T17:16:45.1018844Z     ZERO     0/1       0.0%  enum:config#config.authoring-rules@1.proportionality.minDamageTier.範圍.極大=大
2026-09-09T17:16:45.1020336Z     ZERO     0/1       0.0%  enum:config#config.authoring-rules@1.proportionality.minDamageTier.範圍.極大=小
2026-09-09T17:16:45.1021810Z     ZERO     0/1       0.0%  enum:config#config.authoring-rules@1.proportionality.minDamageTier.範圍.極大=極小
2026-09-09T17:16:45.1023378Z     ZERO     0/1       0.0%  enum:config#config.authoring-rules@1.proportionality.minDamageTier.範圍.極小=中
2026-09-09T17:16:45.1024871Z     ZERO     0/1       0.0%  enum:config#config.authoring-rules@1.proportionality.minDamageTier.範圍.極小=大
2026-09-09T17:16:45.1026316Z     ZERO     0/1       0.0%  enum:config#config.authoring-rules@1.proportionality.minDamageTier.範圍.極小=極大
2026-09-09T17:16:45.1027968Z     ZERO     0/1       0.0%  enum:config#config.authoring-rules@1.proportionality.minDamageTier.範圍.極小=極小
2026-09-09T17:16:45.1029396Z     ZERO     0/1       0.0%  enum:config#config.authoring-rules@1.proportionality.minDamageTier.變身.中=中
2026-09-09T17:16:45.1030782Z     ZERO     0/1       0.0%  enum:config#config.authoring-rules@1.proportionality.minDamageTier.變身.中=大
2026-09-09T17:16:45.1032164Z     ZERO     0/1       0.0%  enum:config#config.authoring-rules@1.proportionality.minDamageTier.變身.中=小
2026-09-09T17:16:45.1033557Z     ZERO     0/1       0.0%  enum:config#config.authoring-rules@1.proportionality.minDamageTier.變身.中=極大
2026-09-09T17:16:45.1035164Z     ZERO     0/1       0.0%  enum:config#config.authoring-rules@1.proportionality.minDamageTier.變身.大=中
2026-09-09T17:16:45.1036567Z     ZERO     0/1       0.0%  enum:config#config.authoring-rules@1.proportionality.minDamageTier.變身.大=大
2026-09-09T17:16:45.1038411Z     ZERO     0/1       0.0%  enum:config#config.authoring-rules@1.proportionality.minDamageTier.變身.大=小
2026-09-09T17:16:45.1039859Z     ZERO     0/1       0.0%  enum:config#config.authoring-rules@1.proportionality.minDamageTier.變身.大=極大
2026-09-09T17:16:45.1041271Z     ZERO     0/1       0.0%  enum:config#config.authoring-rules@1.proportionality.minDamageTier.變身.小=中
2026-09-09T17:16:45.1042669Z     ZERO     0/1       0.0%  enum:config#config.authoring-rules@1.proportionality.minDamageTier.變身.小=大
2026-09-09T17:16:45.1044063Z     ZERO     0/1       0.0%  enum:config#config.authoring-rules@1.proportionality.minDamageTier.變身.小=小
2026-09-09T17:16:45.1045494Z     ZERO     0/1       0.0%  enum:config#config.authoring-rules@1.proportionality.minDamageTier.變身.小=極大
2026-09-09T17:16:45.1046909Z     ZERO     0/1       0.0%  enum:config#config.authoring-rules@1.proportionality.minDamageTier.變身.極大=中
2026-09-09T17:16:45.1048456Z     ZERO     0/1       0.0%  enum:config#config.authoring-rules@1.proportionality.minDamageTier.變身.極大=大
2026-09-09T17:16:45.1050109Z     ZERO     0/1       0.0%  enum:config#config.authoring-rules@1.proportionality.minDamageTier.變身.極大=小
2026-09-09T17:16:45.1051752Z     ZERO     0/1       0.0%  enum:config#config.authoring-rules@1.proportionality.minDamageTier.變身.極大=極大
2026-09-09T17:16:45.1053140Z     ZERO     0/1       0.0%  enum:config#config.authoring-rules@1.proportionality.minDamageTier.變身.極小=中
2026-09-09T17:16:45.1054594Z     ZERO     0/1       0.0%  enum:config#config.authoring-rules@1.proportionality.minDamageTier.變身.極小=大
2026-09-09T17:16:45.1056064Z     ZERO     0/1       0.0%  enum:config#config.authoring-rules@1.proportionality.minDamageTier.變身.極小=小
2026-09-09T17:16:45.1057723Z     ZERO     0/1       0.0%  enum:config#config.authoring-rules@1.proportionality.minDamageTier.變身.極小=極大
2026-09-09T17:16:45.1058964Z     ZERO     0/1       0.0%  enum:config#config.authoring-rules@1.proportionality.model=aimRisk
2026-09-09T17:16:45.1060119Z     ZERO     0/1       0.0%  enum:config#config.authoring-rules@1.proportionality.model=custom
2026-09-09T17:16:45.1061286Z     ZERO     0/1       0.0%  enum:config#config.authoring-rules@1.proportionality.model=ownerCell
2026-09-09T17:16:45.1062291Z     ZERO     0/1       0.0%  enum:config#config.berserk@1.trigger=off
2026-09-09T17:16:45.1063130Z     ZERO     0/1       0.0%  enum:config#config.block@1.stacking=best
2026-09-09T17:16:45.1064045Z     ZERO     0/1       0.0%  enum:config#config.cast-time@1.comboWindowFrom=resolve
2026-09-09T17:16:45.1065063Z     ZERO     0/1       0.0%  enum:config#config.content-load@1.policy=fail-closed
2026-09-09T17:16:45.1066119Z     ZERO     0/1       0.0%  enum:config#config.controller-scheme@1.schemes{}.bindings.*=none
2026-09-09T17:16:45.1067095Z     ZERO     0/1       0.0%  enum:config#config.crit@1.stackMode=add
2026-09-09T17:16:45.1068128Z     ZERO     0/1       0.0%  enum:config#config.crit@1.stackMode=max
2026-09-09T17:16:45.1069085Z     ZERO     0/1       0.0%  enum:config#config.damage-colors@1.blockFlashMode=damage
2026-09-09T17:16:45.1070102Z     ZERO     0/1       0.0%  enum:config#config.damage-colors@1.blockFlashMode=none
2026-09-09T17:16:45.1071084Z     ZERO     0/1       0.0%  enum:config#config.damage-colors@1.outline.mode=off
2026-09-09T17:16:45.1072063Z     ZERO     0/1       0.0%  enum:config#config.damage-colors@1.outline.mode=taken
2026-09-09T17:16:45.1073073Z     ZERO     0/1       0.0%  enum:config#config.damage-colors@1.textAxis=relation
2026-09-09T17:16:45.1074194Z     ZERO     0/1       0.0%  enum:config#config.damage-rules@1.defaultAbilityDamageType=physical
2026-09-09T17:16:45.1075360Z     ZERO     0/1       0.0%  enum:config#config.damage-rules@1.defaultAbilityDamageType=true
2026-09-09T17:16:45.1076730Z     ZERO     0/1       0.0%  enum:config#config.dispel@1.defaultOrder=oldest
2026-09-09T17:16:45.1078013Z     ZERO     0/1       0.0%  enum:config#config.displacement-tiers@1.wallBlock.blink=allow
2026-09-09T17:16:45.1079146Z     ZERO     0/1       0.0%  enum:config#config.displacement-tiers@1.wallBlock.blink=cancel
2026-09-09T17:16:45.1080506Z     ZERO     0/1       0.0%  enum:config#config.displacement-tiers@1.wallBlock.leap=allow
2026-09-09T17:16:45.1081622Z     ZERO     0/1       0.0%  enum:config#config.displacement-tiers@1.wallBlock.leap=cancel
2026-09-09T17:16:45.1082627Z     ZERO     0/1       0.0%  enum:config#config.gore@1.championStyles{}=off
2026-09-09T17:16:45.1083483Z     ZERO     0/1       0.0%  enum:config#config.gore@1.style=off
2026-09-09T17:16:45.1084315Z     ZERO     0/1       0.0%  enum:config#config.gore@1.style=stylized
2026-09-09T17:16:45.1085272Z     ZERO     0/1       0.0%  enum:config#config.hud-layout@1.goldLevelTouchLayout=column
2026-09-09T17:16:45.1086308Z     ZERO     0/1       0.0%  enum:config#config.hud-layout@1.heroPortrait=base-form
2026-09-09T17:16:45.1087265Z     ZERO     0/1       0.0%  enum:config#config.hud-layout@1.heroPortrait=none
2026-09-09T17:16:45.1088497Z     ZERO     0/1       0.0%  enum:config#config.lobby-layout@1.alreadyFriendMode=hide-row
2026-09-09T17:16:45.1089493Z     ZERO     0/1       0.0%  enum:config#config.lobby-layout@1.friendSort=name
2026-09-09T17:16:45.1090443Z     ZERO     0/1       0.0%  enum:config#config.lobby-layout@1.nemesisSort=bane
2026-09-09T17:16:45.1091384Z     ZERO     0/1       0.0%  enum:config#config.lobby-layout@1.nemesisSort=rivalry
2026-09-09T17:16:45.1092325Z     ZERO     0/1       0.0%  enum:config#config.lobby-rally@1.joinMode=opt-in
2026-09-09T17:16:45.1093285Z     ZERO     0/1       0.0%  enum:config#config.map-report@1.maps[].issues[].kind=hard
2026-09-09T17:16:45.1094371Z     ZERO     0/1       0.0%  enum:config#config.map-report@1.maps[].issues[].severity=error
2026-09-09T17:16:45.1095467Z     ZERO     0/1       0.0%  enum:config#config.map-report@1.maps[].issues[].severity=off
2026-09-09T17:16:45.1096521Z     ZERO     0/1       0.0%  enum:config#config.map-spec@1.severity.chokepoints=error
2026-09-09T17:16:45.1101174Z     ZERO     0/1       0.0%  enum:config#config.map-spec@1.severity.chokepoints=off
2026-09-09T17:16:45.1102320Z     ZERO     0/1       0.0%  enum:config#config.map-spec@1.severity.deadEnds=error
2026-09-09T17:16:45.1103352Z     ZERO     0/1       0.0%  enum:config#config.map-spec@1.severity.deadEnds=off
2026-09-09T17:16:45.1104399Z     ZERO     0/1       0.0%  enum:config#config.map-spec@1.severity.interactions=error
2026-09-09T17:16:45.1105428Z     ZERO     0/1       0.0%  enum:config#config.map-spec@1.severity.interactions=off
2026-09-09T17:16:45.1106408Z     ZERO     0/1       0.0%  enum:config#config.map-spec@1.severity.loops=error
2026-09-09T17:16:45.1107349Z     ZERO     0/1       0.0%  enum:config#config.map-spec@1.severity.loops=off
2026-09-09T17:16:45.1138811Z     ZERO     0/1       0.0%  enum:config#config.map-spec@1.severity.shortcuts=error
2026-09-09T17:16:45.1139891Z     ZERO     0/1       0.0%  enum:config#config.map-spec@1.severity.shortcuts=off
2026-09-09T17:16:45.1140881Z     ZERO     0/1       0.0%  enum:config#config.map-spec@1.severity.traversal=error
2026-09-09T17:16:45.1141853Z     ZERO     0/1       0.0%  enum:config#config.map-spec@1.severity.traversal=off
2026-09-09T17:16:45.1142829Z     ZERO     0/1       0.0%  enum:config#config.model-lod@1.adaptiveCostMode=work
2026-09-09T17:16:45.1143895Z     ZERO     0/1       0.0%  enum:config#config.model-lod@1.platformPolicy.phone=supported
2026-09-09T17:16:45.1144938Z     ZERO     0/1       0.0%  enum:config#config.model-lod@1.presetTiers.auto=mid
2026-09-09T17:16:45.1145951Z     ZERO     0/1       0.0%  enum:config#config.model-lod@1.presetTiers.auto=small
2026-09-09T17:16:45.1146905Z     ZERO     0/1       0.0%  enum:config#config.model-lod@1.presetTiers.high=mid
2026-09-09T17:16:45.1148122Z     ZERO     0/1       0.0%  enum:config#config.model-lod@1.presetTiers.high=small
2026-09-09T17:16:45.1149412Z     ZERO     0/1       0.0%  enum:config#config.model-lod@1.presetTiers.low=high
2026-09-09T17:16:45.1150306Z     ZERO     0/1       0.0%  enum:config#config.model-lod@1.presetTiers.low=mid
2026-09-09T17:16:45.1151264Z     ZERO     0/1       0.0%  enum:config#config.model-lod@1.presetTiers.medium=high
2026-09-09T17:16:45.1152501Z     ZERO     0/1       0.0%  enum:config#config.model-lod@1.presetTiers.medium=small
2026-09-09T17:16:45.1153686Z     ZERO     0/1       0.0%  enum:config#config.per-level-bonus@1.perLevel{}.appliesTo=nonPrimary
2026-09-09T17:16:45.1154925Z     ZERO     0/1       0.0%  enum:config#config.per-level-bonus@1.perLevel{}.appliesTo=primary
2026-09-09T17:16:45.1156020Z     ZERO     0/1       0.0%  enum:config#config.regen@1.drainFloorMode=clamp
2026-09-09T17:16:45.1156913Z     ZERO     0/1       0.0%  enum:config#config.regen@1.pctMode=add
2026-09-09T17:16:45.1158104Z     ZERO     0/1       0.0%  enum:config#config.screen-fx@1.reducedMotionMode=ignore
2026-09-09T17:16:45.1159125Z     ZERO     0/1       0.0%  enum:config#config.screen-fx@1.reducedMotionMode=off
2026-09-09T17:16:45.1160113Z     ZERO     0/1       0.0%  enum:config#config.shield@1.absorbOrder=generalFirst
2026-09-09T17:16:45.1161108Z     ZERO     0/1       0.0%  enum:config#config.shield@1.absorbOrder=insertionOrder
2026-09-09T17:16:45.1162200Z     ZERO     0/1       0.0%  enum:config#config.shield@1.spellWardBlocksWholeCast=status-only
2026-09-09T17:16:45.1163224Z     ZERO     0/1       0.0%  enum:config#config.skill-normalize@1.damageColumnBasis=total
2026-09-09T17:16:45.1164324Z     ZERO     0/1       0.0%  enum:config#config.skill-normalize@1.damageLeafScope=all-leaves
2026-09-09T17:16:45.1165487Z     ZERO     0/1       0.0%  enum:config#config.skill-normalize@1.radiusColumnBasis=max-coverage
2026-09-09T17:16:45.1166563Z     ZERO     0/1       0.0%  enum:config#config.skill-normalize@1.snapPolicy=down
2026-09-09T17:16:45.1197938Z     ZERO     0/1       0.0%  enum:config#config.skill-normalize@1.snapPolicy=up
2026-09-09T17:16:45.1199081Z     ZERO     0/1       0.0%  enum:config#config.speed-growth-tiers@1.ladder=B
2026-09-09T17:16:45.1200510Z     ZERO     0/1       0.0%  enum:config#config.stat-normalization@1.byArchetype.ad.fighter=大
2026-09-09T17:16:45.1201818Z     ZERO     0/1       0.0%  enum:config#config.stat-normalization@1.byArchetype.ad.fighter=小
2026-09-09T17:16:45.1203203Z     ZERO     0/1       0.0%  enum:config#config.stat-normalization@1.byArchetype.ad.fighter=極大
2026-09-09T17:16:45.1204522Z     ZERO     0/1       0.0%  enum:config#config.stat-normalization@1.byArchetype.ad.fighter=極小
2026-09-09T17:16:45.1205731Z     ZERO     0/1       0.0%  enum:config#config.stat-normalization@1.byArchetype.ad.mage=大
2026-09-09T17:16:45.1206892Z     ZERO     0/1       0.0%  enum:config#config.stat-normalization@1.byArchetype.ad.mage=小
2026-09-09T17:16:45.1208542Z     ZERO     0/1       0.0%  enum:config#config.stat-normalization@1.byArchetype.ad.mage=極大
2026-09-09T17:16:45.1209838Z     ZERO     0/1       0.0%  enum:config#config.stat-normalization@1.byArchetype.ad.mage=極小
2026-09-09T17:16:45.1211074Z     ZERO     0/1       0.0%  enum:config#config.stat-normalization@1.byArchetype.ad.marksman=大
2026-09-09T17:16:45.1212327Z     ZERO     0/1       0.0%  enum:config#config.stat-normalization@1.byArchetype.ad.marksman=小
2026-09-09T17:16:45.1213654Z     ZERO     0/1       0.0%  enum:config#config.stat-normalization@1.byArchetype.ad.marksman=極大
2026-09-09T17:16:45.1215046Z     ZERO     0/1       0.0%  enum:config#config.stat-normalization@1.byArchetype.ad.marksman=極小
2026-09-09T17:16:45.1216263Z     ZERO     0/1       0.0%  enum:config#config.stat-normalization@1.byArchetype.ad.tank=大
2026-09-09T17:16:45.1217622Z     ZERO     0/1       0.0%  enum:config#config.stat-normalization@1.byArchetype.ad.tank=小
2026-09-09T17:16:45.1218882Z     ZERO     0/1       0.0%  enum:config#config.stat-normalization@1.byArchetype.ad.tank=極大
2026-09-09T17:16:45.1220135Z     ZERO     0/1       0.0%  enum:config#config.stat-normalization@1.byArchetype.ad.tank=極小
2026-09-09T17:16:45.1221710Z     ZERO     0/1       0.0%  enum:config#config.stat-normalization@1.byArchetype.ap.fighter=大
2026-09-09T17:16:45.1222951Z     ZERO     0/1       0.0%  enum:config#config.stat-normalization@1.byArchetype.ap.fighter=小
2026-09-09T17:16:45.1224433Z     ZERO     0/1       0.0%  enum:config#config.stat-normalization@1.byArchetype.ap.fighter=極大
2026-09-09T17:16:45.1225752Z     ZERO     0/1       0.0%  enum:config#config.stat-normalization@1.byArchetype.ap.fighter=極小
2026-09-09T17:16:45.1226974Z     ZERO     0/1       0.0%  enum:config#config.stat-normalization@1.byArchetype.ap.mage=大
2026-09-09T17:16:45.1258869Z     ZERO     0/1       0.0%  enum:config#config.stat-normalization@1.byArchetype.ap.mage=小
2026-09-09T17:16:45.1260120Z     ZERO     0/1       0.0%  enum:config#config.stat-normalization@1.byArchetype.ap.mage=極大
2026-09-09T17:16:45.1261398Z     ZERO     0/1       0.0%  enum:config#config.stat-normalization@1.byArchetype.ap.mage=極小
2026-09-09T17:16:45.1262652Z     ZERO     0/1       0.0%  enum:config#config.stat-normalization@1.byArchetype.ap.marksman=大
2026-09-09T17:16:45.1263895Z     ZERO     0/1       0.0%  enum:config#config.stat-normalization@1.byArchetype.ap.marksman=小
2026-09-09T17:16:45.1265245Z     ZERO     0/1       0.0%  enum:config#config.stat-normalization@1.byArchetype.ap.marksman=極大
2026-09-09T17:16:45.1266643Z     ZERO     0/1       0.0%  enum:config#config.stat-normalization@1.byArchetype.ap.marksman=極小
2026-09-09T17:16:45.1268062Z     ZERO     0/1       0.0%  enum:config#config.stat-normalization@1.byArchetype.ap.tank=大
2026-09-09T17:16:45.1269264Z     ZERO     0/1       0.0%  enum:config#config.stat-normalization@1.byArchetype.ap.tank=小
2026-09-09T17:16:45.1270545Z     ZERO     0/1       0.0%  enum:config#config.stat-normalization@1.byArchetype.ap.tank=極大
2026-09-09T17:16:45.1271812Z     ZERO     0/1       0.0%  enum:config#config.stat-normalization@1.byArchetype.ap.tank=極小
2026-09-09T17:16:45.1273100Z     ZERO     0/1       0.0%  enum:config#config.stat-normalization@1.byArchetype.armor.fighter=大
2026-09-09T17:16:45.1274344Z     ZERO     0/1       0.0%  enum:config#config.stat-normalization@1.byArchetype.armor.fighter=小
2026-09-09T17:16:45.1275707Z     ZERO     0/1       0.0%  enum:config#config.stat-normalization@1.byArchetype.armor.fighter=極大
2026-09-09T17:16:45.1277091Z     ZERO     0/1       0.0%  enum:config#config.stat-normalization@1.byArchetype.armor.fighter=極小
2026-09-09T17:16:45.1278559Z     ZERO     0/1       0.0%  enum:config#config.stat-normalization@1.byArchetype.armor.mage=中
2026-09-09T17:16:45.1279786Z     ZERO     0/1       0.0%  enum:config#config.stat-normalization@1.byArchetype.armor.mage=大
2026-09-09T17:16:45.1281085Z     ZERO     0/1       0.0%  enum:config#config.stat-normalization@1.byArchetype.armor.mage=極大
2026-09-09T17:16:45.1282395Z     ZERO     0/1       0.0%  enum:config#config.stat-normalization@1.byArchetype.armor.mage=極小
2026-09-09T17:16:45.1283694Z     ZERO     0/1       0.0%  enum:config#config.stat-normalization@1.byArchetype.armor.marksman=中
2026-09-09T17:16:45.1284840Z     ZERO     0/1       0.0%  enum:config#config.stat-normalization@1.byArchetype.armor.marksman=大
2026-09-09T17:16:45.1286194Z     ZERO     0/1       0.0%  enum:config#config.stat-normalization@1.byArchetype.armor.marksman=極大
2026-09-09T17:16:45.1317964Z     ZERO     0/1       0.0%  enum:config#config.stat-normalization@1.byArchetype.armor.marksman=極小
2026-09-09T17:16:45.1319487Z     ZERO     0/1       0.0%  enum:config#config.stat-normalization@1.byArchetype.armor.tank=中
2026-09-09T17:16:45.1320808Z     ZERO     0/1       0.0%  enum:config#config.stat-normalization@1.byArchetype.armor.tank=小
2026-09-09T17:16:45.1322139Z     ZERO     0/1       0.0%  enum:config#config.stat-normalization@1.byArchetype.armor.tank=極大
2026-09-09T17:16:45.1323453Z     ZERO     0/1       0.0%  enum:config#config.stat-normalization@1.byArchetype.armor.tank=極小
2026-09-09T17:16:45.1324709Z     ZERO     0/1       0.0%  enum:config#config.stat-normalization@1.byArchetype.as.fighter=大
2026-09-09T17:16:45.1326322Z     ZERO     0/1       0.0%  enum:config#config.stat-normalization@1.byArchetype.as.fighter=小
2026-09-09T17:16:45.1327888Z     ZERO     0/1       0.0%  enum:config#config.stat-normalization@1.byArchetype.as.fighter=極大
2026-09-09T17:16:45.1329392Z     ZERO     0/1       0.0%  enum:config#config.stat-normalization@1.byArchetype.as.fighter=極小
2026-09-09T17:16:45.1330571Z     ZERO     0/1       0.0%  enum:config#config.stat-normalization@1.byArchetype.as.mage=大
2026-09-09T17:16:45.1331790Z     ZERO     0/1       0.0%  enum:config#config.stat-normalization@1.byArchetype.as.mage=小
2026-09-09T17:16:45.1333073Z     ZERO     0/1       0.0%  enum:config#config.stat-normalization@1.byArchetype.as.mage=極大
2026-09-09T17:16:45.1334348Z     ZERO     0/1       0.0%  enum:config#config.stat-normalization@1.byArchetype.as.mage=極小
2026-09-09T17:16:45.1335560Z     ZERO     0/1       0.0%  enum:config#config.stat-normalization@1.byArchetype.as.marksman=大
2026-09-09T17:16:45.1336799Z     ZERO     0/1       0.0%  enum:config#config.stat-normalization@1.byArchetype.as.marksman=小
2026-09-09T17:16:45.1338208Z     ZERO     0/1       0.0%  enum:config#config.stat-normalization@1.byArchetype.as.marksman=極大
2026-09-09T17:16:45.1339519Z     ZERO     0/1       0.0%  enum:config#config.stat-normalization@1.byArchetype.as.marksman=極小
2026-09-09T17:16:45.1340735Z     ZERO     0/1       0.0%  enum:config#config.stat-normalization@1.byArchetype.as.tank=大
2026-09-09T17:16:45.1341924Z     ZERO     0/1       0.0%  enum:config#config.stat-normalization@1.byArchetype.as.tank=小
2026-09-09T17:16:45.1343149Z     ZERO     0/1       0.0%  enum:config#config.stat-normalization@1.byArchetype.as.tank=極大
2026-09-09T17:16:45.1344411Z     ZERO     0/1       0.0%  enum:config#config.stat-normalization@1.byArchetype.as.tank=極小
2026-09-09T17:16:45.1345718Z     ZERO     0/1       0.0%  enum:config#config.stat-normalization@1.byArchetype.healthRegen.fighter=大
2026-09-09T17:16:45.1347026Z     ZERO     0/1       0.0%  enum:config#config.stat-normalization@1.byArchetype.healthRegen.fighter=小
2026-09-09T17:16:45.1379079Z     ZERO     0/1       0.0%  enum:config#config.stat-normalization@1.byArchetype.healthRegen.fighter=極大
2026-09-09T17:16:45.1380604Z     ZERO     0/1       0.0%  enum:config#config.stat-normalization@1.byArchetype.healthRegen.fighter=極小
2026-09-09T17:16:45.1381991Z     ZERO     0/1       0.0%  enum:config#config.stat-normalization@1.byArchetype.healthRegen.mage=大
2026-09-09T17:16:45.1383291Z     ZERO     0/1       0.0%  enum:config#config.stat-normalization@1.byArchetype.healthRegen.mage=小
2026-09-09T17:16:45.1384677Z     ZERO     0/1       0.0%  enum:config#config.stat-normalization@1.byArchetype.healthRegen.mage=極大
2026-09-09T17:16:45.1386049Z     ZERO     0/1       0.0%  enum:config#config.stat-normalization@1.byArchetype.healthRegen.mage=極小
2026-09-09T17:16:45.1386820Z     ZERO     0/1       0.0%  enum:config#config.stat-normalization@1.byArchetype.healthRegen.marksman=大
2026-09-09T17:16:45.1387855Z     ZERO     0/1       0.0%  enum:config#config.stat-normalization@1.byArchetype.healthRegen.marksman=小
2026-09-09T17:16:45.1388732Z     ZERO     0/1       0.0%  enum:config#config.stat-normalization@1.byArchetype.healthRegen.marksman=極大
2026-09-09T17:16:45.1389582Z     ZERO     0/1       0.0%  enum:config#config.stat-normalization@1.byArchetype.healthRegen.marksman=極小
2026-09-09T17:16:45.1390349Z     ZERO     0/1       0.0%  enum:config#config.stat-normalization@1.byArchetype.healthRegen.tank=大
2026-09-09T17:16:45.1391099Z     ZERO     0/1       0.0%  enum:config#config.stat-normalization@1.byArchetype.healthRegen.tank=小
2026-09-09T17:16:45.1391908Z     ZERO     0/1       0.0%  enum:config#config.stat-normalization@1.byArchetype.healthRegen.tank=極大
2026-09-09T17:16:45.1392724Z     ZERO     0/1       0.0%  enum:config#config.stat-normalization@1.byArchetype.healthRegen.tank=極小
2026-09-09T17:16:45.1393478Z     ZERO     0/1       0.0%  enum:config#config.stat-normalization@1.byArchetype.manaRegen.fighter=大
2026-09-09T17:16:45.1394585Z     ZERO     0/1       0.0%  enum:config#config.stat-normalization@1.byArchetype.manaRegen.fighter=小
2026-09-09T17:16:45.1395430Z     ZERO     0/1       0.0%  enum:config#config.stat-normalization@1.byArchetype.manaRegen.fighter=極大
2026-09-09T17:16:45.1396271Z     ZERO     0/1       0.0%  enum:config#config.stat-normalization@1.byArchetype.manaRegen.fighter=極小
2026-09-09T17:16:45.1397194Z     ZERO     0/1       0.0%  enum:config#config.stat-normalization@1.byArchetype.manaRegen.mage=大
2026-09-09T17:16:45.1398129Z     ZERO     0/1       0.0%  enum:config#config.stat-normalization@1.byArchetype.manaRegen.mage=小
2026-09-09T17:16:45.1398934Z     ZERO     0/1       0.0%  enum:config#config.stat-normalization@1.byArchetype.manaRegen.mage=極大
2026-09-09T17:16:45.1399734Z     ZERO     0/1       0.0%  enum:config#config.stat-normalization@1.byArchetype.manaRegen.mage=極小
2026-09-09T17:16:45.1400460Z     ZERO     0/1       0.0%  enum:config#config.stat-normalization@1.byArchetype.manaRegen.marksman=大
2026-09-09T17:16:45.1401180Z     ZERO     0/1       0.0%  enum:config#config.stat-normalization@1.byArchetype.manaRegen.marksman=小
2026-09-09T17:16:45.1401983Z     ZERO     0/1       0.0%  enum:config#config.stat-normalization@1.byArchetype.manaRegen.marksman=極大
2026-09-09T17:16:45.1402795Z     ZERO     0/1       0.0%  enum:config#config.stat-normalization@1.byArchetype.manaRegen.marksman=極小
2026-09-09T17:16:45.1403487Z     ZERO     0/1       0.0%  enum:config#config.stat-normalization@1.byArchetype.manaRegen.tank=大
2026-09-09T17:16:45.1404182Z     ZERO     0/1       0.0%  enum:config#config.stat-normalization@1.byArchetype.manaRegen.tank=小
2026-09-09T17:16:45.1405072Z     ZERO     0/1       0.0%  enum:config#config.stat-normalization@1.byArchetype.manaRegen.tank=極大
2026-09-09T17:16:45.1405879Z     ZERO     0/1       0.0%  enum:config#config.stat-normalization@1.byArchetype.manaRegen.tank=極小
2026-09-09T17:16:45.1406635Z     ZERO     0/1       0.0%  enum:config#config.stat-normalization@1.byArchetype.maxHealth.fighter=大
2026-09-09T17:16:45.1437706Z     ZERO     0/1       0.0%  enum:config#config.stat-normalization@1.byArchetype.maxHealth.fighter=小
2026-09-09T17:16:45.1438793Z     ZERO     0/1       0.0%  enum:config#config.stat-normalization@1.byArchetype.maxHealth.fighter=極大
2026-09-09T17:16:45.1439687Z     ZERO     0/1       0.0%  enum:config#config.stat-normalization@1.byArchetype.maxHealth.fighter=極小
2026-09-09T17:16:45.1440439Z     ZERO     0/1       0.0%  enum:config#config.stat-normalization@1.byArchetype.maxHealth.mage=大
2026-09-09T17:16:45.1441178Z     ZERO     0/1       0.0%  enum:config#config.stat-normalization@1.byArchetype.maxHealth.mage=小
2026-09-09T17:16:45.1441974Z     ZERO     0/1       0.0%  enum:config#config.stat-normalization@1.byArchetype.maxHealth.mage=極大
2026-09-09T17:16:45.1442783Z     ZERO     0/1       0.0%  enum:config#config.stat-normalization@1.byArchetype.maxHealth.mage=極小
2026-09-09T17:16:45.1443578Z     ZERO     0/1       0.0%  enum:config#config.stat-normalization@1.byArchetype.maxHealth.marksman=大
2026-09-09T17:16:45.1444362Z     ZERO     0/1       0.0%  enum:config#config.stat-normalization@1.byArchetype.maxHealth.marksman=小
2026-09-09T17:16:45.1445222Z     ZERO     0/1       0.0%  enum:config#config.stat-normalization@1.byArchetype.maxHealth.marksman=極大
2026-09-09T17:16:45.1446071Z     ZERO     0/1       0.0%  enum:config#config.stat-normalization@1.byArchetype.maxHealth.marksman=極小
2026-09-09T17:16:45.1446812Z     ZERO     0/1       0.0%  enum:config#config.stat-normalization@1.byArchetype.maxHealth.tank=大
2026-09-09T17:16:45.1447726Z     ZERO     0/1       0.0%  enum:config#config.stat-normalization@1.byArchetype.maxHealth.tank=小
2026-09-09T17:16:45.1448520Z     ZERO     0/1       0.0%  enum:config#config.stat-normalization@1.byArchetype.maxHealth.tank=極大
2026-09-09T17:16:45.1449315Z     ZERO     0/1       0.0%  enum:config#config.stat-normalization@1.byArchetype.maxHealth.tank=極小
2026-09-09T17:16:45.1450057Z     ZERO     0/1       0.0%  enum:config#config.stat-normalization@1.byArchetype.maxMana.fighter=大
2026-09-09T17:16:45.1451100Z     ZERO     0/1       0.0%  enum:config#config.stat-normalization@1.byArchetype.maxMana.fighter=小
2026-09-09T17:16:45.1451917Z     ZERO     0/1       0.0%  enum:config#config.stat-normalization@1.byArchetype.maxMana.fighter=極大
2026-09-09T17:16:45.1452897Z     ZERO     0/1       0.0%  enum:config#config.stat-normalization@1.byArchetype.maxMana.fighter=極小
2026-09-09T17:16:45.1453622Z     ZERO     0/1       0.0%  enum:config#config.stat-normalization@1.byArchetype.maxMana.mage=大
2026-09-09T17:16:45.1454337Z     ZERO     0/1       0.0%  enum:config#config.stat-normalization@1.byArchetype.maxMana.mage=小
2026-09-09T17:16:45.1455128Z     ZERO     0/1       0.0%  enum:config#config.stat-normalization@1.byArchetype.maxMana.mage=極大
2026-09-09T17:16:45.1455910Z     ZERO     0/1       0.0%  enum:config#config.stat-normalization@1.byArchetype.maxMana.mage=極小
2026-09-09T17:16:45.1456674Z     ZERO     0/1       0.0%  enum:config#config.stat-normalization@1.byArchetype.maxMana.marksman=大
2026-09-09T17:16:45.1457584Z     ZERO     0/1       0.0%  enum:config#config.stat-normalization@1.byArchetype.maxMana.marksman=小
2026-09-09T17:16:45.1458395Z     ZERO     0/1       0.0%  enum:config#config.stat-normalization@1.byArchetype.maxMana.marksman=極大
2026-09-09T17:16:45.1459231Z     ZERO     0/1       0.0%  enum:config#config.stat-normalization@1.byArchetype.maxMana.marksman=極小
2026-09-09T17:16:45.1459945Z     ZERO     0/1       0.0%  enum:config#config.stat-normalization@1.byArchetype.maxMana.tank=大
2026-09-09T17:16:45.1460642Z     ZERO     0/1       0.0%  enum:config#config.stat-normalization@1.byArchetype.maxMana.tank=小
2026-09-09T17:16:45.1461423Z     ZERO     0/1       0.0%  enum:config#config.stat-normalization@1.byArchetype.maxMana.tank=極大
2026-09-09T17:16:45.1462177Z     ZERO     0/1       0.0%  enum:config#config.stat-normalization@1.byArchetype.maxMana.tank=極小
2026-09-09T17:16:45.1462864Z     ZERO     0/1       0.0%  enum:config#config.stat-normalization@1.byArchetype.mr.fighter=大
2026-09-09T17:16:45.1463575Z     ZERO     0/1       0.0%  enum:config#config.stat-normalization@1.byArchetype.mr.fighter=小
2026-09-09T17:16:45.1464331Z     ZERO     0/1       0.0%  enum:config#config.stat-normalization@1.byArchetype.mr.fighter=極大
2026-09-09T17:16:45.1465088Z     ZERO     0/1       0.0%  enum:config#config.stat-normalization@1.byArchetype.mr.fighter=極小
2026-09-09T17:16:45.1465803Z     ZERO     0/1       0.0%  enum:config#config.stat-normalization@1.byArchetype.mr.mage=中
2026-09-09T17:16:45.1466496Z     ZERO     0/1       0.0%  enum:config#config.stat-normalization@1.byArchetype.mr.mage=小
2026-09-09T17:16:45.1467216Z     ZERO     0/1       0.0%  enum:config#config.stat-normalization@1.byArchetype.mr.mage=極大
2026-09-09T17:16:45.1498549Z     ZERO     0/1       0.0%  enum:config#config.stat-normalization@1.byArchetype.mr.mage=極小
2026-09-09T17:16:45.1499379Z     ZERO     0/1       0.0%  enum:config#config.stat-normalization@1.byArchetype.mr.marksman=中
2026-09-09T17:16:45.1500092Z     ZERO     0/1       0.0%  enum:config#config.stat-normalization@1.byArchetype.mr.marksman=大
2026-09-09T17:16:45.1500847Z     ZERO     0/1       0.0%  enum:config#config.stat-normalization@1.byArchetype.mr.marksman=極大
2026-09-09T17:16:45.1501637Z     ZERO     0/1       0.0%  enum:config#config.stat-normalization@1.byArchetype.mr.marksman=極小
2026-09-09T17:16:45.1502314Z     ZERO     0/1       0.0%  enum:config#config.stat-normalization@1.byArchetype.mr.tank=中
2026-09-09T17:16:45.1502985Z     ZERO     0/1       0.0%  enum:config#config.stat-normalization@1.byArchetype.mr.tank=大
2026-09-09T17:16:45.1503781Z     ZERO     0/1       0.0%  enum:config#config.stat-normalization@1.byArchetype.mr.tank=極大
2026-09-09T17:16:45.1504476Z     ZERO     0/1       0.0%  enum:config#config.stat-normalization@1.byArchetype.mr.tank=極小
2026-09-09T17:16:45.1505163Z     ZERO     0/1       0.0%  enum:config#config.stat-normalization@1.byArchetype.ms.fighter=中
2026-09-09T17:16:45.1505842Z     ZERO     0/1       0.0%  enum:config#config.stat-normalization@1.byArchetype.ms.fighter=小
2026-09-09T17:16:45.1506914Z     ZERO     0/1       0.0%  enum:config#config.stat-normalization@1.byArchetype.ms.fighter=極大
2026-09-09T17:16:45.1507837Z     ZERO     0/1       0.0%  enum:config#config.stat-normalization@1.byArchetype.ms.fighter=極小
2026-09-09T17:16:45.1508673Z     ZERO     0/1       0.0%  enum:config#config.stat-normalization@1.byArchetype.ms.mage=中
2026-09-09T17:16:45.1509332Z     ZERO     0/1       0.0%  enum:config#config.stat-normalization@1.byArchetype.ms.mage=大
2026-09-09T17:16:45.1510057Z     ZERO     0/1       0.0%  enum:config#config.stat-normalization@1.byArchetype.ms.mage=極大
2026-09-09T17:16:45.1510765Z     ZERO     0/1       0.0%  enum:config#config.stat-normalization@1.byArchetype.ms.mage=極小
2026-09-09T17:16:45.1511446Z     ZERO     0/1       0.0%  enum:config#config.stat-normalization@1.byArchetype.ms.marksman=大
2026-09-09T17:16:45.1512124Z     ZERO     0/1       0.0%  enum:config#config.stat-normalization@1.byArchetype.ms.marksman=小
2026-09-09T17:16:45.1512866Z     ZERO     0/1       0.0%  enum:config#config.stat-normalization@1.byArchetype.ms.marksman=極大
2026-09-09T17:16:45.1513591Z     ZERO     0/1       0.0%  enum:config#config.stat-normalization@1.byArchetype.ms.marksman=極小
2026-09-09T17:16:45.1514214Z     ZERO     0/1       0.0%  enum:config#config.stat-normalization@1.byArchetype.ms.tank=中
2026-09-09T17:16:45.1514845Z     ZERO     0/1       0.0%  enum:config#config.stat-normalization@1.byArchetype.ms.tank=大
2026-09-09T17:16:45.1515549Z     ZERO     0/1       0.0%  enum:config#config.stat-normalization@1.byArchetype.ms.tank=極大
2026-09-09T17:16:45.1516277Z     ZERO     0/1       0.0%  enum:config#config.stat-normalization@1.byArchetype.ms.tank=極小
2026-09-09T17:16:45.1517003Z     ZERO     0/1       0.0%  enum:config#config.stat-normalization@1.byArchetype.range.fighter=大
2026-09-09T17:16:45.1517896Z     ZERO     0/1       0.0%  enum:config#config.stat-normalization@1.byArchetype.range.fighter=小
2026-09-09T17:16:45.1518737Z     ZERO     0/1       0.0%  enum:config#config.stat-normalization@1.byArchetype.range.fighter=極大
2026-09-09T17:16:45.1519541Z     ZERO     0/1       0.0%  enum:config#config.stat-normalization@1.byArchetype.range.fighter=極小
2026-09-09T17:16:45.1520240Z     ZERO     0/1       0.0%  enum:config#config.stat-normalization@1.byArchetype.range.mage=大
2026-09-09T17:16:45.1520947Z     ZERO     0/1       0.0%  enum:config#config.stat-normalization@1.byArchetype.range.mage=小
2026-09-09T17:16:45.1521720Z     ZERO     0/1       0.0%  enum:config#config.stat-normalization@1.byArchetype.range.mage=極大
2026-09-09T17:16:45.1522467Z     ZERO     0/1       0.0%  enum:config#config.stat-normalization@1.byArchetype.range.mage=極小
2026-09-09T17:16:45.1523202Z     ZERO     0/1       0.0%  enum:config#config.stat-normalization@1.byArchetype.range.marksman=中
2026-09-09T17:16:45.1523907Z     ZERO     0/1       0.0%  enum:config#config.stat-normalization@1.byArchetype.range.marksman=小
2026-09-09T17:16:45.1524721Z     ZERO     0/1       0.0%  enum:config#config.stat-normalization@1.byArchetype.range.marksman=極大
2026-09-09T17:16:45.1525501Z     ZERO     0/1       0.0%  enum:config#config.stat-normalization@1.byArchetype.range.marksman=極小
2026-09-09T17:16:45.1526171Z     ZERO     0/1       0.0%  enum:config#config.stat-normalization@1.byArchetype.range.tank=大
2026-09-09T17:16:45.1526869Z     ZERO     0/1       0.0%  enum:config#config.stat-normalization@1.byArchetype.range.tank=小
2026-09-09T17:16:45.1558017Z     ZERO     0/1       0.0%  enum:config#config.stat-normalization@1.byArchetype.range.tank=極大
2026-09-09T17:16:45.1558951Z     ZERO     0/1       0.0%  enum:config#config.stat-normalization@1.byArchetype.range.tank=極小
2026-09-09T17:16:45.1559658Z     ZERO     0/1       0.0%  enum:config#config.stat-normalization@1.byOrigin.ad.坦克=中
2026-09-09T17:16:45.1560313Z     ZERO     0/1       0.0%  enum:config#config.stat-normalization@1.byOrigin.ad.坦克=大
2026-09-09T17:16:45.1560983Z     ZERO     0/1       0.0%  enum:config#config.stat-normalization@1.byOrigin.ad.坦克=極大
2026-09-09T17:16:45.1561923Z     ZERO     0/1       0.0%  enum:config#config.stat-normalization@1.byOrigin.ad.坦克=極小
2026-09-09T17:16:45.1562574Z     ZERO     0/1       0.0%  enum:config#config.stat-normalization@1.byOrigin.ad.射手=中
2026-09-09T17:16:45.1563205Z     ZERO     0/1       0.0%  enum:config#config.stat-normalization@1.byOrigin.ad.射手=大
2026-09-09T17:16:45.1564045Z     ZERO     0/1       0.0%  enum:config#config.stat-normalization@1.byOrigin.ad.射手=小
2026-09-09T17:16:45.1564733Z     ZERO     0/1       0.0%  enum:config#config.stat-normalization@1.byOrigin.ad.射手=極小
2026-09-09T17:16:45.1565374Z     ZERO     0/1       0.0%  enum:config#config.stat-normalization@1.byOrigin.ad.法刺=中
2026-09-09T17:16:45.1566026Z     ZERO     0/1       0.0%  enum:config#config.stat-normalization@1.byOrigin.ad.法刺=大
2026-09-09T17:16:45.1566686Z     ZERO     0/1       0.0%  enum:config#config.stat-normalization@1.byOrigin.ad.法刺=小
2026-09-09T17:16:45.1567624Z     ZERO     0/1       0.0%  enum:config#config.stat-normalization@1.byOrigin.ad.法刺=極大
2026-09-09T17:16:45.1568248Z     ZERO     0/1       0.0%  enum:config#config.stat-normalization@1.byOrigin.ad.法師=中
2026-09-09T17:16:45.1568803Z     ZERO     0/1       0.0%  enum:config#config.stat-normalization@1.byOrigin.ad.法師=大
2026-09-09T17:16:45.1569409Z     ZERO     0/1       0.0%  enum:config#config.stat-normalization@1.byOrigin.ad.法師=極大
2026-09-09T17:16:45.1570061Z     ZERO     0/1       0.0%  enum:config#config.stat-normalization@1.byOrigin.ad.法師=極小
2026-09-09T17:16:45.1570694Z     ZERO     0/1       0.0%  enum:config#config.stat-normalization@1.byOrigin.ad.法鬥=中
2026-09-09T17:16:45.1571333Z     ZERO     0/1       0.0%  enum:config#config.stat-normalization@1.byOrigin.ad.法鬥=小
2026-09-09T17:16:45.1571983Z     ZERO     0/1       0.0%  enum:config#config.stat-normalization@1.byOrigin.ad.法鬥=極大
2026-09-09T17:16:45.1572640Z     ZERO     0/1       0.0%  enum:config#config.stat-normalization@1.byOrigin.ad.法鬥=極小
2026-09-09T17:16:45.1573286Z     ZERO     0/1       0.0%  enum:config#config.stat-normalization@1.byOrigin.ad.狂戰=中
2026-09-09T17:16:45.1573924Z     ZERO     0/1       0.0%  enum:config#config.stat-normalization@1.byOrigin.ad.狂戰=小
2026-09-09T17:16:45.1574560Z     ZERO     0/1       0.0%  enum:config#config.stat-normalization@1.byOrigin.ad.狂戰=極大
2026-09-09T17:16:45.1575181Z     ZERO     0/1       0.0%  enum:config#config.stat-normalization@1.byOrigin.ad.狂戰=極小
2026-09-09T17:16:45.1575829Z     ZERO     0/1       0.0%  enum:config#config.stat-normalization@1.byOrigin.ad.砲手=中
2026-09-09T17:16:45.1576418Z     ZERO     0/1       0.0%  enum:config#config.stat-normalization@1.byOrigin.ad.砲手=大
2026-09-09T17:16:45.1577007Z     ZERO     0/1       0.0%  enum:config#config.stat-normalization@1.byOrigin.ad.砲手=小
2026-09-09T17:16:45.1577815Z     ZERO     0/1       0.0%  enum:config#config.stat-normalization@1.byOrigin.ad.砲手=極小
2026-09-09T17:16:45.1578431Z     ZERO     0/1       0.0%  enum:config#config.stat-normalization@1.byOrigin.ad.硬輔=中
2026-09-09T17:16:45.1579328Z     ZERO     0/1       0.0%  enum:config#config.stat-normalization@1.byOrigin.ad.硬輔=大
2026-09-09T17:16:45.1579985Z     ZERO     0/1       0.0%  enum:config#config.stat-normalization@1.byOrigin.ad.硬輔=極大
2026-09-09T17:16:45.1580618Z     ZERO     0/1       0.0%  enum:config#config.stat-normalization@1.byOrigin.ad.硬輔=極小
2026-09-09T17:16:45.1581487Z     ZERO     0/1       0.0%  enum:config#config.stat-normalization@1.byOrigin.ad.軟輔=中
2026-09-09T17:16:45.1582116Z     ZERO     0/1       0.0%  enum:config#config.stat-normalization@1.byOrigin.ad.軟輔=大
2026-09-09T17:16:45.1582709Z     ZERO     0/1       0.0%  enum:config#config.stat-normalization@1.byOrigin.ad.軟輔=極大
2026-09-09T17:16:45.1583329Z     ZERO     0/1       0.0%  enum:config#config.stat-normalization@1.byOrigin.ad.軟輔=極小
2026-09-09T17:16:45.1583955Z     ZERO     0/1       0.0%  enum:config#config.stat-normalization@1.byOrigin.ad.鬥士=中
2026-09-09T17:16:45.1584574Z     ZERO     0/1       0.0%  enum:config#config.stat-normalization@1.byOrigin.ad.鬥士=小
2026-09-09T17:16:45.1585251Z     ZERO     0/1       0.0%  enum:config#config.stat-normalization@1.byOrigin.ad.鬥士=極大
2026-09-09T17:16:45.1585903Z     ZERO     0/1       0.0%  enum:config#config.stat-normalization@1.byOrigin.ad.鬥士=極小
2026-09-09T17:16:45.1586527Z     ZERO     0/1       0.0%  enum:config#config.stat-normalization@1.byOrigin.ap.坦克=中
2026-09-09T17:16:45.1587117Z     ZERO     0/1       0.0%  enum:config#config.stat-normalization@1.byOrigin.ap.坦克=大
2026-09-09T17:16:45.1619476Z     ZERO     0/1       0.0%  enum:config#config.stat-normalization@1.byOrigin.ap.坦克=極大
2026-09-09T17:16:45.1621254Z     ZERO     0/1       0.0%  enum:config#config.stat-normalization@1.byOrigin.ap.坦克=極小
2026-09-09T17:16:45.1621988Z     ZERO     0/1       0.0%  enum:config#config.stat-normalization@1.byOrigin.ap.射手=中
2026-09-09T17:16:45.1622689Z     ZERO     0/1       0.0%  enum:config#config.stat-normalization@1.byOrigin.ap.射手=大
2026-09-09T17:16:45.1623337Z     ZERO     0/1       0.0%  enum:config#config.stat-normalization@1.byOrigin.ap.射手=小
2026-09-09T17:16:45.1624003Z     ZERO     0/1       0.0%  enum:config#config.stat-normalization@1.byOrigin.ap.射手=極大
2026-09-09T17:16:45.1624630Z     ZERO     0/1       0.0%  enum:config#config.stat-normalization@1.byOrigin.ap.法刺=中
2026-09-09T17:16:45.1625295Z     ZERO     0/1       0.0%  enum:config#config.stat-normalization@1.byOrigin.ap.法刺=大
2026-09-09T17:16:45.1625979Z     ZERO     0/1       0.0%  enum:config#config.stat-normalization@1.byOrigin.ap.法刺=小
2026-09-09T17:16:45.1626617Z     ZERO     0/1       0.0%  enum:config#config.stat-normalization@1.byOrigin.ap.法刺=極小
2026-09-09T17:16:45.1627232Z     ZERO     0/1       0.0%  enum:config#config.stat-normalization@1.byOrigin.ap.法師=中
2026-09-09T17:16:45.1628056Z     ZERO     0/1       0.0%  enum:config#config.stat-normalization@1.byOrigin.ap.法師=小
2026-09-09T17:16:45.1628653Z     ZERO     0/1       0.0%  enum:config#config.stat-normalization@1.byOrigin.ap.法師=極大
2026-09-09T17:16:45.1629275Z     ZERO     0/1       0.0%  enum:config#config.stat-normalization@1.byOrigin.ap.法師=極小
2026-09-09T17:16:45.1629948Z     ZERO     0/1       0.0%  enum:config#config.stat-normalization@1.byOrigin.ap.法鬥=中
2026-09-09T17:16:45.1630641Z     ZERO     0/1       0.0%  enum:config#config.stat-normalization@1.byOrigin.ap.法鬥=小
2026-09-09T17:16:45.1631319Z     ZERO     0/1       0.0%  enum:config#config.stat-normalization@1.byOrigin.ap.法鬥=極大
2026-09-09T17:16:45.1631982Z     ZERO     0/1       0.0%  enum:config#config.stat-normalization@1.byOrigin.ap.法鬥=極小
2026-09-09T17:16:45.1632643Z     ZERO     0/1       0.0%  enum:config#config.stat-normalization@1.byOrigin.ap.狂戰=中
2026-09-09T17:16:45.1633317Z     ZERO     0/1       0.0%  enum:config#config.stat-normalization@1.byOrigin.ap.狂戰=大
2026-09-09T17:16:45.1633994Z     ZERO     0/1       0.0%  enum:config#config.stat-normalization@1.byOrigin.ap.狂戰=極大
2026-09-09T17:16:45.1634673Z     ZERO     0/1       0.0%  enum:config#config.stat-normalization@1.byOrigin.ap.狂戰=極小
2026-09-09T17:16:45.1635339Z     ZERO     0/1       0.0%  enum:config#config.stat-normalization@1.byOrigin.ap.砲手=中
2026-09-09T17:16:45.1636351Z     ZERO     0/1       0.0%  enum:config#config.stat-normalization@1.byOrigin.ap.砲手=大
2026-09-09T17:16:45.1637028Z     ZERO     0/1       0.0%  enum:config#config.stat-normalization@1.byOrigin.ap.砲手=極大
2026-09-09T17:16:45.1638995Z     ZERO     0/1       0.0%  enum:config#config.stat-normalization@1.byOrigin.ap.砲手=極小
2026-09-09T17:16:45.1640791Z     ZERO     0/1       0.0%  enum:config#config.stat-normalization@1.byOrigin.ap.硬輔=中
2026-09-09T17:16:45.1641469Z     ZERO     0/1       0.0%  enum:config#config.stat-normalization@1.byOrigin.ap.硬輔=小
2026-09-09T17:16:45.1642092Z     ZERO     0/1       0.0%  enum:config#config.stat-normalization@1.byOrigin.ap.硬輔=極大
2026-09-09T17:16:45.1642705Z     ZERO     0/1       0.0%  enum:config#config.stat-normalization@1.byOrigin.ap.硬輔=極小
2026-09-09T17:16:45.1643347Z     ZERO     0/1       0.0%  enum:config#config.stat-normalization@1.byOrigin.ap.軟輔=中
2026-09-09T17:16:45.1643970Z     ZERO     0/1       0.0%  enum:config#config.stat-normalization@1.byOrigin.ap.軟輔=小
2026-09-09T17:16:45.1644609Z     ZERO     0/1       0.0%  enum:config#config.stat-normalization@1.byOrigin.ap.軟輔=極大
2026-09-09T17:16:45.1645267Z     ZERO     0/1       0.0%  enum:config#config.stat-normalization@1.byOrigin.ap.軟輔=極小
2026-09-09T17:16:45.1645937Z     ZERO     0/1       0.0%  enum:config#config.stat-normalization@1.byOrigin.ap.鬥士=中
2026-09-09T17:16:45.1646599Z     ZERO     0/1       0.0%  enum:config#config.stat-normalization@1.byOrigin.ap.鬥士=大
2026-09-09T17:16:45.1647284Z     ZERO     0/1       0.0%  enum:config#config.stat-normalization@1.byOrigin.ap.鬥士=極大
2026-09-09T17:16:45.1671311Z     ZERO     0/1       0.0%  enum:config#config.stat-normalization@1.byOrigin.ap.鬥士=極小
2026-09-09T17:16:45.1672118Z     ZERO     0/1       0.0%  enum:config#config.stat-normalization@1.byOrigin.armor.坦克=中
2026-09-09T17:16:45.1672839Z     ZERO     0/1       0.0%  enum:config#config.stat-normalization@1.byOrigin.armor.坦克=大
2026-09-09T17:16:45.1673540Z     ZERO     0/1       0.0%  enum:config#config.stat-normalization@1.byOrigin.armor.坦克=小
2026-09-09T17:16:45.1674312Z     ZERO     0/1       0.0%  enum:config#config.stat-normalization@1.byOrigin.armor.坦克=極小
2026-09-09T17:16:45.1675007Z     ZERO     0/1       0.0%  enum:config#config.stat-normalization@1.byOrigin.armor.射手=中
2026-09-09T17:16:45.1675725Z     ZERO     0/1       0.0%  enum:config#config.stat-normalization@1.byOrigin.armor.射手=大
2026-09-09T17:16:45.1676426Z     ZERO     0/1       0.0%  enum:config#config.stat-normalization@1.byOrigin.armor.射手=小
2026-09-09T17:16:45.1677145Z     ZERO     0/1       0.0%  enum:config#config.stat-normalization@1.byOrigin.armor.射手=極大
2026-09-09T17:16:45.1678040Z     ZERO     0/1       0.0%  enum:config#config.stat-normalization@1.byOrigin.armor.法刺=中
2026-09-09T17:16:45.1678743Z     ZERO     0/1       0.0%  enum:config#config.stat-normalization@1.byOrigin.armor.法刺=大
2026-09-09T17:16:45.1679440Z     ZERO     0/1       0.0%  enum:config#config.stat-normalization@1.byOrigin.armor.法刺=小
2026-09-09T17:16:45.1680166Z     ZERO     0/1       0.0%  enum:config#config.stat-normalization@1.byOrigin.armor.法刺=極大
2026-09-09T17:16:45.1680868Z     ZERO     0/1       0.0%  enum:config#config.stat-normalization@1.byOrigin.armor.法師=中
2026-09-09T17:16:45.1681567Z     ZERO     0/1       0.0%  enum:config#config.stat-normalization@1.byOrigin.armor.法師=大
2026-09-09T17:16:45.1682293Z     ZERO     0/1       0.0%  enum:config#config.stat-normalization@1.byOrigin.armor.法師=極大
2026-09-09T17:16:45.1683012Z     ZERO     0/1       0.0%  enum:config#config.stat-normalization@1.byOrigin.armor.法師=極小
2026-09-09T17:16:45.1683735Z     ZERO     0/1       0.0%  enum:config#config.stat-normalization@1.byOrigin.armor.法鬥=中
2026-09-09T17:16:45.1684441Z     ZERO     0/1       0.0%  enum:config#config.stat-normalization@1.byOrigin.armor.法鬥=大
2026-09-09T17:16:45.1685155Z     ZERO     0/1       0.0%  enum:config#config.stat-normalization@1.byOrigin.armor.法鬥=極大
2026-09-09T17:16:45.1685761Z     ZERO     0/1       0.0%  enum:config#config.stat-normalization@1.byOrigin.armor.法鬥=極小
2026-09-09T17:16:45.1686647Z     ZERO     0/1       0.0%  enum:config#config.stat-normalization@1.byOrigin.armor.狂戰=中
2026-09-09T17:16:45.1687277Z     ZERO     0/1       0.0%  enum:config#config.stat-normalization@1.byOrigin.armor.狂戰=大
2026-09-09T17:16:45.1728596Z     ZERO     0/1       0.0%  enum:config#config.stat-normalization@1.byOrigin.armor.狂戰=極大
2026-09-09T17:16:45.1729804Z     ZERO     0/1       0.0%  enum:config#config.stat-normalization@1.byOrigin.armor.狂戰=極小
2026-09-09T17:16:45.1730609Z     ZERO     0/1       0.0%  enum:config#config.stat-normalization@1.byOrigin.armor.砲手=中
2026-09-09T17:16:45.1731322Z     ZERO     0/1       0.0%  enum:config#config.stat-normalization@1.byOrigin.armor.砲手=大
2026-09-09T17:16:45.1732023Z     ZERO     0/1       0.0%  enum:config#config.stat-normalization@1.byOrigin.armor.砲手=小
2026-09-09T17:16:45.1732744Z     ZERO     0/1       0.0%  enum:config#config.stat-normalization@1.byOrigin.armor.砲手=極大
2026-09-09T17:16:45.1733463Z     ZERO     0/1       0.0%  enum:config#config.stat-normalization@1.byOrigin.armor.硬輔=中
2026-09-09T17:16:45.1734173Z     ZERO     0/1       0.0%  enum:config#config.stat-normalization@1.byOrigin.armor.硬輔=小
2026-09-09T17:16:45.1734886Z     ZERO     0/1       0.0%  enum:config#config.stat-normalization@1.byOrigin.armor.硬輔=極大
2026-09-09T17:16:45.1735612Z     ZERO     0/1       0.0%  enum:config#config.stat-normalization@1.byOrigin.armor.硬輔=極小
2026-09-09T17:16:45.1736308Z     ZERO     0/1       0.0%  enum:config#config.stat-normalization@1.byOrigin.armor.軟輔=中
2026-09-09T17:16:45.1737001Z     ZERO     0/1       0.0%  enum:config#config.stat-normalization@1.byOrigin.armor.軟輔=大
2026-09-09T17:16:45.1808797Z     ZERO     0/1       0.0%  enum:config#config.stat-normalization@1.byOrigin.armor.軟輔=極大
2026-09-09T17:16:45.1809867Z     ZERO     0/1       0.0%  enum:config#config.stat-normalization@1.byOrigin.armor.軟輔=極小
2026-09-09T17:16:45.1810618Z     ZERO     0/1       0.0%  enum:config#config.stat-normalization@1.byOrigin.armor.鬥士=大
2026-09-09T17:16:45.1811295Z     ZERO     0/1       0.0%  enum:config#config.stat-normalization@1.byOrigin.armor.鬥士=小
2026-09-09T17:16:45.1811993Z     ZERO     0/1       0.0%  enum:config#config.stat-normalization@1.byOrigin.armor.鬥士=極大
2026-09-09T17:16:45.1812747Z     ZERO     0/1       0.0%  enum:config#config.stat-normalization@1.byOrigin.armor.鬥士=極小
2026-09-09T17:16:45.1813488Z     ZERO     0/1       0.0%  enum:config#config.stat-normalization@1.byOrigin.as.坦克=中
2026-09-09T17:16:45.1814151Z     ZERO     0/1       0.0%  enum:config#config.stat-normalization@1.byOrigin.as.坦克=大
2026-09-09T17:16:45.1814851Z     ZERO     0/1       0.0%  enum:config#config.stat-normalization@1.byOrigin.as.坦克=極大
2026-09-09T17:16:45.1815551Z     ZERO     0/1       0.0%  enum:config#config.stat-normalization@1.byOrigin.as.坦克=極小
2026-09-09T17:16:45.1816239Z     ZERO     0/1       0.0%  enum:config#config.stat-normalization@1.byOrigin.as.射手=中
2026-09-09T17:16:45.1816892Z     ZERO     0/1       0.0%  enum:config#config.stat-normalization@1.byOrigin.as.射手=小
2026-09-09T17:16:45.1817816Z     ZERO     0/1       0.0%  enum:config#config.stat-normalization@1.byOrigin.as.射手=極大
2026-09-09T17:16:45.1818515Z     ZERO     0/1       0.0%  enum:config#config.stat-normalization@1.byOrigin.as.射手=極小
2026-09-09T17:16:45.1819165Z     ZERO     0/1       0.0%  enum:config#config.stat-normalization@1.byOrigin.as.法刺=中
2026-09-09T17:16:45.1819851Z     ZERO     0/1       0.0%  enum:config#config.stat-normalization@1.byOrigin.as.法刺=大
2026-09-09T17:16:45.1820530Z     ZERO     0/1       0.0%  enum:config#config.stat-normalization@1.byOrigin.as.法刺=小
2026-09-09T17:16:45.1821234Z     ZERO     0/1       0.0%  enum:config#config.stat-normalization@1.byOrigin.as.法刺=極大
2026-09-09T17:16:45.1821926Z     ZERO     0/1       0.0%  enum:config#config.stat-normalization@1.byOrigin.as.法師=中
2026-09-09T17:16:45.1822603Z     ZERO     0/1       0.0%  enum:config#config.stat-normalization@1.byOrigin.as.法師=大
2026-09-09T17:16:45.1823298Z     ZERO     0/1       0.0%  enum:config#config.stat-normalization@1.byOrigin.as.法師=極大
2026-09-09T17:16:45.1824437Z     ZERO     0/1       0.0%  enum:config#config.stat-normalization@1.byOrigin.as.法師=極小
2026-09-09T17:16:45.1825124Z     ZERO     0/1       0.0%  enum:config#config.stat-normalization@1.byOrigin.as.法鬥=中
2026-09-09T17:16:45.1825822Z     ZERO     0/1       0.0%  enum:config#config.stat-normalization@1.byOrigin.as.法鬥=大
2026-09-09T17:16:45.1826750Z     ZERO     0/1       0.0%  enum:config#config.stat-normalization@1.byOrigin.as.法鬥=極大
2026-09-09T17:16:45.1827682Z     ZERO     0/1       0.0%  enum:config#config.stat-normalization@1.byOrigin.as.法鬥=極小
2026-09-09T17:16:45.1828383Z     ZERO     0/1       0.0%  enum:config#config.stat-normalization@1.byOrigin.as.狂戰=中
2026-09-09T17:16:45.1829059Z     ZERO     0/1       0.0%  enum:config#config.stat-normalization@1.byOrigin.as.狂戰=大
2026-09-09T17:16:45.1829684Z     ZERO     0/1       0.0%  enum:config#config.stat-normalization@1.byOrigin.as.狂戰=小
2026-09-09T17:16:45.1830352Z     ZERO     0/1       0.0%  enum:config#config.stat-normalization@1.byOrigin.as.狂戰=極小
2026-09-09T17:16:45.1831079Z     ZERO     0/1       0.0%  enum:config#config.stat-normalization@1.byOrigin.as.砲手=中
2026-09-09T17:16:45.1831733Z     ZERO     0/1       0.0%  enum:config#config.stat-normalization@1.byOrigin.as.砲手=大
2026-09-09T17:16:45.1832415Z     ZERO     0/1       0.0%  enum:config#config.stat-normalization@1.byOrigin.as.砲手=極大
2026-09-09T17:16:45.1833114Z     ZERO     0/1       0.0%  enum:config#config.stat-normalization@1.byOrigin.as.砲手=極小
2026-09-09T17:16:45.1833790Z     ZERO     0/1       0.0%  enum:config#config.stat-normalization@1.byOrigin.as.硬輔=中
2026-09-09T17:16:45.1834458Z     ZERO     0/1       0.0%  enum:config#config.stat-normalization@1.byOrigin.as.硬輔=大
2026-09-09T17:16:45.1835144Z     ZERO     0/1       0.0%  enum:config#config.stat-normalization@1.byOrigin.as.硬輔=極大
2026-09-09T17:16:45.1835820Z     ZERO     0/1       0.0%  enum:config#config.stat-normalization@1.byOrigin.as.硬輔=極小
2026-09-09T17:16:45.1836490Z     ZERO     0/1       0.0%  enum:config#config.stat-normalization@1.byOrigin.as.軟輔=中
2026-09-09T17:16:45.1837173Z     ZERO     0/1       0.0%  enum:config#config.stat-normalization@1.byOrigin.as.軟輔=大
2026-09-09T17:16:45.1868446Z     ZERO     0/1       0.0%  enum:config#config.stat-normalization@1.byOrigin.as.軟輔=極大
2026-09-09T17:16:45.1869289Z     ZERO     0/1       0.0%  enum:config#config.stat-normalization@1.byOrigin.as.軟輔=極小
2026-09-09T17:16:45.1870031Z     ZERO     0/1       0.0%  enum:config#config.stat-normalization@1.byOrigin.as.鬥士=大
2026-09-09T17:16:45.1870723Z     ZERO     0/1       0.0%  enum:config#config.stat-normalization@1.byOrigin.as.鬥士=小
2026-09-09T17:16:45.1871419Z     ZERO     0/1       0.0%  enum:config#config.stat-normalization@1.byOrigin.as.鬥士=極大
2026-09-09T17:16:45.1872114Z     ZERO     0/1       0.0%  enum:config#config.stat-normalization@1.byOrigin.as.鬥士=極小
2026-09-09T17:16:45.1872926Z     ZERO     0/1       0.0%  enum:config#config.stat-normalization@1.byOrigin.healthRegen.坦克=中
2026-09-09T17:16:45.1873739Z     ZERO     0/1       0.0%  enum:config#config.stat-normalization@1.byOrigin.healthRegen.坦克=小
2026-09-09T17:16:45.1874526Z     ZERO     0/1       0.0%  enum:config#config.stat-normalization@1.byOrigin.healthRegen.坦克=極大
2026-09-09T17:16:45.1875333Z     ZERO     0/1       0.0%  enum:config#config.stat-normalization@1.byOrigin.healthRegen.坦克=極小
2026-09-09T17:16:45.1876136Z     ZERO     0/1       0.0%  enum:config#config.stat-normalization@1.byOrigin.healthRegen.射手=中
2026-09-09T17:16:45.1876878Z     ZERO     0/1       0.0%  enum:config#config.stat-normalization@1.byOrigin.healthRegen.射手=大
2026-09-09T17:16:45.1877871Z     ZERO     0/1       0.0%  enum:config#config.stat-normalization@1.byOrigin.healthRegen.射手=極大
2026-09-09T17:16:45.1878669Z     ZERO     0/1       0.0%  enum:config#config.stat-normalization@1.byOrigin.healthRegen.射手=極小
2026-09-09T17:16:45.1879443Z     ZERO     0/1       0.0%  enum:config#config.stat-normalization@1.byOrigin.healthRegen.法刺=中
2026-09-09T17:16:45.1880217Z     ZERO     0/1       0.0%  enum:config#config.stat-normalization@1.byOrigin.healthRegen.法刺=大
2026-09-09T17:16:45.1881367Z     ZERO     0/1       0.0%  enum:config#config.stat-normalization@1.byOrigin.healthRegen.法刺=極大
2026-09-09T17:16:45.1882138Z     ZERO     0/1       0.0%  enum:config#config.stat-normalization@1.byOrigin.healthRegen.法刺=極小
2026-09-09T17:16:45.1883107Z     ZERO     0/1       0.0%  enum:config#config.stat-normalization@1.byOrigin.healthRegen.法師=大
2026-09-09T17:16:45.1883867Z     ZERO     0/1       0.0%  enum:config#config.stat-normalization@1.byOrigin.healthRegen.法師=小
2026-09-09T17:16:45.1884657Z     ZERO     0/1       0.0%  enum:config#config.stat-normalization@1.byOrigin.healthRegen.法師=極大
2026-09-09T17:16:45.1885444Z     ZERO     0/1       0.0%  enum:config#config.stat-normalization@1.byOrigin.healthRegen.法師=極小
2026-09-09T17:16:45.1886194Z     ZERO     0/1       0.0%  enum:config#config.stat-normalization@1.byOrigin.healthRegen.法鬥=大
2026-09-09T17:16:45.1886923Z     ZERO     0/1       0.0%  enum:config#config.stat-normalization@1.byOrigin.healthRegen.法鬥=小
2026-09-09T17:16:45.1887950Z     ZERO     0/1       0.0%  enum:config#config.stat-normalization@1.byOrigin.healthRegen.法鬥=極大
2026-09-09T17:16:45.1888730Z     ZERO     0/1       0.0%  enum:config#config.stat-normalization@1.byOrigin.healthRegen.法鬥=極小
2026-09-09T17:16:45.1889579Z     ZERO     0/1       0.0%  enum:config#config.stat-normalization@1.byOrigin.healthRegen.狂戰=中
2026-09-09T17:16:45.1890332Z     ZERO     0/1       0.0%  enum:config#config.stat-normalization@1.byOrigin.healthRegen.狂戰=大
2026-09-09T17:16:45.1891099Z     ZERO     0/1       0.0%  enum:config#config.stat-normalization@1.byOrigin.healthRegen.狂戰=小
2026-09-09T17:16:45.1891877Z     ZERO     0/1       0.0%  enum:config#config.stat-normalization@1.byOrigin.healthRegen.狂戰=極小
2026-09-09T17:16:45.1892628Z     ZERO     0/1       0.0%  enum:config#config.stat-normalization@1.byOrigin.healthRegen.砲手=中
2026-09-09T17:16:45.1893375Z     ZERO     0/1       0.0%  enum:config#config.stat-normalization@1.byOrigin.healthRegen.砲手=大
2026-09-09T17:16:45.1894183Z     ZERO     0/1       0.0%  enum:config#config.stat-normalization@1.byOrigin.healthRegen.砲手=極大
2026-09-09T17:16:45.1894958Z     ZERO     0/1       0.0%  enum:config#config.stat-normalization@1.byOrigin.healthRegen.砲手=極小
2026-09-09T17:16:45.1895708Z     ZERO     0/1       0.0%  enum:config#config.stat-normalization@1.byOrigin.healthRegen.硬輔=中
2026-09-09T17:16:45.1896500Z     ZERO     0/1       0.0%  enum:config#config.stat-normalization@1.byOrigin.healthRegen.硬輔=大
2026-09-09T17:16:45.1897270Z     ZERO     0/1       0.0%  enum:config#config.stat-normalization@1.byOrigin.healthRegen.硬輔=極大
2026-09-09T17:16:45.1928587Z     ZERO     0/1       0.0%  enum:config#config.stat-normalization@1.byOrigin.healthRegen.硬輔=極小
2026-09-09T17:16:45.1929469Z     ZERO     0/1       0.0%  enum:config#config.stat-normalization@1.byOrigin.healthRegen.軟輔=中
2026-09-09T17:16:45.1930277Z     ZERO     0/1       0.0%  enum:config#config.stat-normalization@1.byOrigin.healthRegen.軟輔=小
2026-09-09T17:16:45.1931484Z     ZERO     0/1       0.0%  enum:config#config.stat-normalization@1.byOrigin.healthRegen.軟輔=極大
2026-09-09T17:16:45.1932220Z     ZERO     0/1       0.0%  enum:config#config.stat-normalization@1.byOrigin.healthRegen.軟輔=極小
2026-09-09T17:16:45.1932973Z     ZERO     0/1       0.0%  enum:config#config.stat-normalization@1.byOrigin.healthRegen.鬥士=中
2026-09-09T17:16:45.1933998Z     ZERO     0/1       0.0%  enum:config#config.stat-normalization@1.byOrigin.healthRegen.鬥士=小
2026-09-09T17:16:45.1934767Z     ZERO     0/1       0.0%  enum:config#config.stat-normalization@1.byOrigin.healthRegen.鬥士=極大
2026-09-09T17:16:45.1935565Z     ZERO     0/1       0.0%  enum:config#config.stat-normalization@1.byOrigin.healthRegen.鬥士=極小
2026-09-09T17:16:45.1936336Z     ZERO     0/1       0.0%  enum:config#config.stat-normalization@1.byOrigin.manaRegen.坦克=中
2026-09-09T17:16:45.1937078Z     ZERO     0/1       0.0%  enum:config#config.stat-normalization@1.byOrigin.manaRegen.坦克=大
2026-09-09T17:16:45.1938080Z     ZERO     0/1       0.0%  enum:config#config.stat-normalization@1.byOrigin.manaRegen.坦克=小
2026-09-09T17:16:45.1938856Z     ZERO     0/1       0.0%  enum:config#config.stat-normalization@1.byOrigin.manaRegen.坦克=極大
2026-09-09T17:16:45.1939616Z     ZERO     0/1       0.0%  enum:config#config.stat-normalization@1.byOrigin.manaRegen.射手=大
2026-09-09T17:16:45.1940380Z     ZERO     0/1       0.0%  enum:config#config.stat-normalization@1.byOrigin.manaRegen.射手=小
2026-09-09T17:16:45.1941137Z     ZERO     0/1       0.0%  enum:config#config.stat-normalization@1.byOrigin.manaRegen.射手=極大
2026-09-09T17:16:45.1941911Z     ZERO     0/1       0.0%  enum:config#config.stat-normalization@1.byOrigin.manaRegen.射手=極小
2026-09-09T17:16:45.1942640Z     ZERO     0/1       0.0%  enum:config#config.stat-normalization@1.byOrigin.manaRegen.法刺=中
2026-09-09T17:16:45.1943374Z     ZERO     0/1       0.0%  enum:config#config.stat-normalization@1.byOrigin.manaRegen.法刺=大
2026-09-09T17:16:45.1944172Z     ZERO     0/1       0.0%  enum:config#config.stat-normalization@1.byOrigin.manaRegen.法刺=極大
2026-09-09T17:16:45.1944941Z     ZERO     0/1       0.0%  enum:config#config.stat-normalization@1.byOrigin.manaRegen.法刺=極小
2026-09-09T17:16:45.1945672Z     ZERO     0/1       0.0%  enum:config#config.stat-normalization@1.byOrigin.manaRegen.法師=大
2026-09-09T17:16:45.1946411Z     ZERO     0/1       0.0%  enum:config#config.stat-normalization@1.byOrigin.manaRegen.法師=小
2026-09-09T17:16:45.1947143Z     ZERO     0/1       0.0%  enum:config#config.stat-normalization@1.byOrigin.manaRegen.法師=極大
2026-09-09T17:16:45.1948163Z     ZERO     0/1       0.0%  enum:config#config.stat-normalization@1.byOrigin.manaRegen.法師=極小
2026-09-09T17:16:45.1948941Z     ZERO     0/1       0.0%  enum:config#config.stat-normalization@1.byOrigin.manaRegen.法鬥=大
2026-09-09T17:16:45.1949697Z     ZERO     0/1       0.0%  enum:config#config.stat-normalization@1.byOrigin.manaRegen.法鬥=小
2026-09-09T17:16:45.1950497Z     ZERO     0/1       0.0%  enum:config#config.stat-normalization@1.byOrigin.manaRegen.法鬥=極大
2026-09-09T17:16:45.1951295Z     ZERO     0/1       0.0%  enum:config#config.stat-normalization@1.byOrigin.manaRegen.法鬥=極小
2026-09-09T17:16:45.1952022Z     ZERO     0/1       0.0%  enum:config#config.stat-normalization@1.byOrigin.manaRegen.狂戰=中
2026-09-09T17:16:45.1952767Z     ZERO     0/1       0.0%  enum:config#config.stat-normalization@1.byOrigin.manaRegen.狂戰=大
2026-09-09T17:16:45.1953520Z     ZERO     0/1       0.0%  enum:config#config.stat-normalization@1.byOrigin.manaRegen.狂戰=小
2026-09-09T17:16:45.1954280Z     ZERO     0/1       0.0%  enum:config#config.stat-normalization@1.byOrigin.manaRegen.狂戰=極大
2026-09-09T17:16:45.1955006Z     ZERO     0/1       0.0%  enum:config#config.stat-normalization@1.byOrigin.manaRegen.砲手=中
2026-09-09T17:16:45.1955745Z     ZERO     0/1       0.0%  enum:config#config.stat-normalization@1.byOrigin.manaRegen.砲手=大
2026-09-09T17:16:45.1956498Z     ZERO     0/1       0.0%  enum:config#config.stat-normalization@1.byOrigin.manaRegen.砲手=極大
2026-09-09T17:16:45.1957254Z     ZERO     0/1       0.0%  enum:config#config.stat-normalization@1.byOrigin.manaRegen.砲手=極小
2026-09-09T17:16:45.1988979Z     ZERO     0/1       0.0%  enum:config#config.stat-normalization@1.byOrigin.manaRegen.硬輔=中
2026-09-09T17:16:45.1989772Z     ZERO     0/1       0.0%  enum:config#config.stat-normalization@1.byOrigin.manaRegen.硬輔=大
2026-09-09T17:16:45.1990803Z     ZERO     0/1       0.0%  enum:config#config.stat-normalization@1.byOrigin.manaRegen.硬輔=極大
2026-09-09T17:16:45.1991592Z     ZERO     0/1       0.0%  enum:config#config.stat-normalization@1.byOrigin.manaRegen.硬輔=極小
2026-09-09T17:16:45.1992383Z     ZERO     0/1       0.0%  enum:config#config.stat-normalization@1.byOrigin.manaRegen.軟輔=中
2026-09-09T17:16:45.1993125Z     ZERO     0/1       0.0%  enum:config#config.stat-normalization@1.byOrigin.manaRegen.軟輔=小
2026-09-09T17:16:45.1993893Z     ZERO     0/1       0.0%  enum:config#config.stat-normalization@1.byOrigin.manaRegen.軟輔=極大
2026-09-09T17:16:45.1994655Z     ZERO     0/1       0.0%  enum:config#config.stat-normalization@1.byOrigin.manaRegen.軟輔=極小
2026-09-09T17:16:45.1995424Z     ZERO     0/1       0.0%  enum:config#config.stat-normalization@1.byOrigin.manaRegen.鬥士=大
2026-09-09T17:16:45.1996168Z     ZERO     0/1       0.0%  enum:config#config.stat-normalization@1.byOrigin.manaRegen.鬥士=小
2026-09-09T17:16:45.1996931Z     ZERO     0/1       0.0%  enum:config#config.stat-normalization@1.byOrigin.manaRegen.鬥士=極大
2026-09-09T17:16:45.1998020Z     ZERO     0/1       0.0%  enum:config#config.stat-normalization@1.byOrigin.manaRegen.鬥士=極小
2026-09-09T17:16:45.1998802Z     ZERO     0/1       0.0%  enum:config#config.stat-normalization@1.byOrigin.maxHealth.坦克=中
2026-09-09T17:16:45.1999547Z     ZERO     0/1       0.0%  enum:config#config.stat-normalization@1.byOrigin.maxHealth.坦克=小
2026-09-09T17:16:45.2000315Z     ZERO     0/1       0.0%  enum:config#config.stat-normalization@1.byOrigin.maxHealth.坦克=極大
2026-09-09T17:16:45.2001069Z     ZERO     0/1       0.0%  enum:config#config.stat-normalization@1.byOrigin.maxHealth.坦克=極小
2026-09-09T17:16:45.2001854Z     ZERO     0/1       0.0%  enum:config#config.stat-normalization@1.byOrigin.maxHealth.射手=中
2026-09-09T17:16:45.2002610Z     ZERO     0/1       0.0%  enum:config#config.stat-normalization@1.byOrigin.maxHealth.射手=大
2026-09-09T17:16:45.2003371Z     ZERO     0/1       0.0%  enum:config#config.stat-normalization@1.byOrigin.maxHealth.射手=極大
2026-09-09T17:16:45.2004142Z     ZERO     0/1       0.0%  enum:config#config.stat-normalization@1.byOrigin.maxHealth.射手=極小
2026-09-09T17:16:45.2004870Z     ZERO     0/1       0.0%  enum:config#config.stat-normalization@1.byOrigin.maxHealth.法刺=中
2026-09-09T17:16:45.2005622Z     ZERO     0/1       0.0%  enum:config#config.stat-normalization@1.byOrigin.maxHealth.法刺=大
2026-09-09T17:16:45.2006386Z     ZERO     0/1       0.0%  enum:config#config.stat-normalization@1.byOrigin.maxHealth.法刺=小
2026-09-09T17:16:45.2007141Z     ZERO     0/1       0.0%  enum:config#config.stat-normalization@1.byOrigin.maxHealth.法刺=極大
2026-09-09T17:16:45.2008125Z     ZERO     0/1       0.0%  enum:config#config.stat-normalization@1.byOrigin.maxHealth.法師=大
2026-09-09T17:16:45.2008907Z     ZERO     0/1       0.0%  enum:config#config.stat-normalization@1.byOrigin.maxHealth.法師=小
2026-09-09T17:16:45.2009646Z     ZERO     0/1       0.0%  enum:config#config.stat-normalization@1.byOrigin.maxHealth.法師=極大
2026-09-09T17:16:45.2010421Z     ZERO     0/1       0.0%  enum:config#config.stat-normalization@1.byOrigin.maxHealth.法師=極小
2026-09-09T17:16:45.2011160Z     ZERO     0/1       0.0%  enum:config#config.stat-normalization@1.byOrigin.maxHealth.法鬥=大
2026-09-09T17:16:45.2011897Z     ZERO     0/1       0.0%  enum:config#config.stat-normalization@1.byOrigin.maxHealth.法鬥=小
2026-09-09T17:16:45.2012641Z     ZERO     0/1       0.0%  enum:config#config.stat-normalization@1.byOrigin.maxHealth.法鬥=極大
2026-09-09T17:16:45.2013396Z     ZERO     0/1       0.0%  enum:config#config.stat-normalization@1.byOrigin.maxHealth.法鬥=極小
2026-09-09T17:16:45.2014095Z     ZERO     0/1       0.0%  enum:config#config.stat-normalization@1.byOrigin.maxHealth.狂戰=中
2026-09-09T17:16:45.2015142Z     ZERO     0/1       0.0%  enum:config#config.stat-normalization@1.byOrigin.maxHealth.狂戰=大
2026-09-09T17:16:45.2015879Z     ZERO     0/1       0.0%  enum:config#config.stat-normalization@1.byOrigin.maxHealth.狂戰=極大
2026-09-09T17:16:45.2016628Z     ZERO     0/1       0.0%  enum:config#config.stat-normalization@1.byOrigin.maxHealth.狂戰=極小
2026-09-09T17:16:45.2078140Z     ZERO     0/1       0.0%  enum:config#config.stat-normalization@1.byOrigin.maxHealth.砲手=中
2026-09-09T17:16:45.2079398Z     ZERO     0/1       0.0%  enum:config#config.stat-normalization@1.byOrigin.maxHealth.砲手=大
2026-09-09T17:16:45.2080194Z     ZERO     0/1       0.0%  enum:config#config.stat-normalization@1.byOrigin.maxHealth.砲手=小
2026-09-09T17:16:45.2080992Z     ZERO     0/1       0.0%  enum:config#config.stat-normalization@1.byOrigin.maxHealth.砲手=極大
2026-09-09T17:16:45.2081752Z     ZERO     0/1       0.0%  enum:config#config.stat-normalization@1.byOrigin.maxHealth.硬輔=中
2026-09-09T17:16:45.2082546Z     ZERO     0/1       0.0%  enum:config#config.stat-normalization@1.byOrigin.maxHealth.硬輔=小
2026-09-09T17:16:45.2083320Z     ZERO     0/1       0.0%  enum:config#config.stat-normalization@1.byOrigin.maxHealth.硬輔=極大
2026-09-09T17:16:45.2084075Z     ZERO     0/1       0.0%  enum:config#config.stat-normalization@1.byOrigin.maxHealth.硬輔=極小
2026-09-09T17:16:45.2084843Z     ZERO     0/1       0.0%  enum:config#config.stat-normalization@1.byOrigin.maxHealth.軟輔=中
2026-09-09T17:16:45.2085579Z     ZERO     0/1       0.0%  enum:config#config.stat-normalization@1.byOrigin.maxHealth.軟輔=大
2026-09-09T17:16:45.2086335Z     ZERO     0/1       0.0%  enum:config#config.stat-normalization@1.byOrigin.maxHealth.軟輔=極大
2026-09-09T17:16:45.2087091Z     ZERO     0/1       0.0%  enum:config#config.stat-normalization@1.byOrigin.maxHealth.軟輔=極小
2026-09-09T17:16:45.2088033Z     ZERO     0/1       0.0%  enum:config#config.stat-normalization@1.byOrigin.maxHealth.鬥士=大
2026-09-09T17:16:45.2088748Z     ZERO     0/1       0.0%  enum:config#config.stat-normalization@1.byOrigin.maxHealth.鬥士=小
2026-09-09T17:16:45.2089478Z     ZERO     0/1       0.0%  enum:config#config.stat-normalization@1.byOrigin.maxHealth.鬥士=極大
2026-09-09T17:16:45.2090189Z     ZERO     0/1       0.0%  enum:config#config.stat-normalization@1.byOrigin.maxHealth.鬥士=極小
2026-09-09T17:16:45.2090916Z     ZERO     0/1       0.0%  enum:config#config.stat-normalization@1.byOrigin.maxMana.坦克=中
2026-09-09T17:16:45.2091700Z     ZERO     0/1       0.0%  enum:config#config.stat-normalization@1.byOrigin.maxMana.坦克=大
2026-09-09T17:16:45.2092451Z     ZERO     0/1       0.0%  enum:config#config.stat-normalization@1.byOrigin.maxMana.坦克=小
2026-09-09T17:16:45.2093165Z     ZERO     0/1       0.0%  enum:config#config.stat-normalization@1.byOrigin.maxMana.坦克=極大
2026-09-09T17:16:45.2093893Z     ZERO     0/1       0.0%  enum:config#config.stat-normalization@1.byOrigin.maxMana.射手=大
2026-09-09T17:16:45.2094595Z     ZERO     0/1       0.0%  enum:config#config.stat-normalization@1.byOrigin.maxMana.射手=小
2026-09-09T17:16:45.2095309Z     ZERO     0/1       0.0%  enum:config#config.stat-normalization@1.byOrigin.maxMana.射手=極大
2026-09-09T17:16:45.2096014Z     ZERO     0/1       0.0%  enum:config#config.stat-normalization@1.byOrigin.maxMana.射手=極小
2026-09-09T17:16:45.2096735Z     ZERO     0/1       0.0%  enum:config#config.stat-normalization@1.byOrigin.maxMana.法刺=中
2026-09-09T17:16:45.2097726Z     ZERO     0/1       0.0%  enum:config#config.stat-normalization@1.byOrigin.maxMana.法刺=大
2026-09-09T17:16:45.2098487Z     ZERO     0/1       0.0%  enum:config#config.stat-normalization@1.byOrigin.maxMana.法刺=極大
2026-09-09T17:16:45.2099237Z     ZERO     0/1       0.0%  enum:config#config.stat-normalization@1.byOrigin.maxMana.法刺=極小
2026-09-09T17:16:45.2099994Z     ZERO     0/1       0.0%  enum:config#config.stat-normalization@1.byOrigin.maxMana.法師=大
2026-09-09T17:16:45.2100733Z     ZERO     0/1       0.0%  enum:config#config.stat-normalization@1.byOrigin.maxMana.法師=小
2026-09-09T17:16:45.2101481Z     ZERO     0/1       0.0%  enum:config#config.stat-normalization@1.byOrigin.maxMana.法師=極大
2026-09-09T17:16:45.2102487Z     ZERO     0/1       0.0%  enum:config#config.stat-normalization@1.byOrigin.maxMana.法師=極小
2026-09-09T17:16:45.2103172Z     ZERO     0/1       0.0%  enum:config#config.stat-normalization@1.byOrigin.maxMana.法鬥=大
2026-09-09T17:16:45.2103913Z     ZERO     0/1       0.0%  enum:config#config.stat-normalization@1.byOrigin.maxMana.法鬥=小
2026-09-09T17:16:45.2104851Z     ZERO     0/1       0.0%  enum:config#config.stat-normalization@1.byOrigin.maxMana.法鬥=極大
2026-09-09T17:16:45.2105587Z     ZERO     0/1       0.0%  enum:config#config.stat-normalization@1.byOrigin.maxMana.法鬥=極小
2026-09-09T17:16:45.2106324Z     ZERO     0/1       0.0%  enum:config#config.stat-normalization@1.byOrigin.maxMana.狂戰=中
2026-09-09T17:16:45.2107061Z     ZERO     0/1       0.0%  enum:config#config.stat-normalization@1.byOrigin.maxMana.狂戰=大
2026-09-09T17:16:45.2121779Z     ZERO     0/1       0.0%  enum:config#config.stat-normalization@1.byOrigin.maxMana.狂戰=小
2026-09-09T17:16:45.2122675Z     ZERO     0/1       0.0%  enum:config#config.stat-normalization@1.byOrigin.maxMana.狂戰=極大
2026-09-09T17:16:45.2123441Z     ZERO     0/1       0.0%  enum:config#config.stat-normalization@1.byOrigin.maxMana.砲手=中
2026-09-09T17:16:45.2124182Z     ZERO     0/1       0.0%  enum:config#config.stat-normalization@1.byOrigin.maxMana.砲手=大
2026-09-09T17:16:45.2124947Z     ZERO     0/1       0.0%  enum:config#config.stat-normalization@1.byOrigin.maxMana.砲手=極大
2026-09-09T17:16:45.2125699Z     ZERO     0/1       0.0%  enum:config#config.stat-normalization@1.byOrigin.maxMana.砲手=極小
2026-09-09T17:16:45.2126436Z     ZERO     0/1       0.0%  enum:config#config.stat-normalization@1.byOrigin.maxMana.硬輔=中
2026-09-09T17:16:45.2127159Z     ZERO     0/1       0.0%  enum:config#config.stat-normalization@1.byOrigin.maxMana.硬輔=大
2026-09-09T17:16:45.2128152Z     ZERO     0/1       0.0%  enum:config#config.stat-normalization@1.byOrigin.maxMana.硬輔=極大
2026-09-09T17:16:45.2128803Z     ZERO     0/1       0.0%  enum:config#config.stat-normalization@1.byOrigin.maxMana.硬輔=極小
2026-09-09T17:16:45.2129489Z     ZERO     0/1       0.0%  enum:config#config.stat-normalization@1.byOrigin.maxMana.軟輔=中
2026-09-09T17:16:45.2130191Z     ZERO     0/1       0.0%  enum:config#config.stat-normalization@1.byOrigin.maxMana.軟輔=大
2026-09-09T17:16:45.2130895Z     ZERO     0/1       0.0%  enum:config#config.stat-normalization@1.byOrigin.maxMana.軟輔=極大
2026-09-09T17:16:45.2131631Z     ZERO     0/1       0.0%  enum:config#config.stat-normalization@1.byOrigin.maxMana.軟輔=極小
2026-09-09T17:16:45.2132356Z     ZERO     0/1       0.0%  enum:config#config.stat-normalization@1.byOrigin.maxMana.鬥士=大
2026-09-09T17:16:45.2133077Z     ZERO     0/1       0.0%  enum:config#config.stat-normalization@1.byOrigin.maxMana.鬥士=小
2026-09-09T17:16:45.2133816Z     ZERO     0/1       0.0%  enum:config#config.stat-normalization@1.byOrigin.maxMana.鬥士=極大
2026-09-09T17:16:45.2134541Z     ZERO     0/1       0.0%  enum:config#config.stat-normalization@1.byOrigin.maxMana.鬥士=極小
2026-09-09T17:16:45.2135529Z     ZERO     0/1       0.0%  enum:config#config.stat-normalization@1.byOrigin.mr.坦克=中
2026-09-09T17:16:45.2136207Z     ZERO     0/1       0.0%  enum:config#config.stat-normalization@1.byOrigin.mr.坦克=大
2026-09-09T17:16:45.2136878Z     ZERO     0/1       0.0%  enum:config#config.stat-normalization@1.byOrigin.mr.坦克=小
2026-09-09T17:16:45.2137965Z     ZERO     0/1       0.0%  enum:config#config.stat-normalization@1.byOrigin.mr.坦克=極小
2026-09-09T17:16:45.2138650Z     ZERO     0/1       0.0%  enum:config#config.stat-normalization@1.byOrigin.mr.射手=中
2026-09-09T17:16:45.2139243Z     ZERO     0/1       0.0%  enum:config#config.stat-normalization@1.byOrigin.mr.射手=大
2026-09-09T17:16:45.2139856Z     ZERO     0/1       0.0%  enum:config#config.stat-normalization@1.byOrigin.mr.射手=小
2026-09-09T17:16:45.2140531Z     ZERO     0/1       0.0%  enum:config#config.stat-normalization@1.byOrigin.mr.射手=極大
2026-09-09T17:16:45.2141180Z     ZERO     0/1       0.0%  enum:config#config.stat-normalization@1.byOrigin.mr.法刺=中
2026-09-09T17:16:45.2141849Z     ZERO     0/1       0.0%  enum:config#config.stat-normalization@1.byOrigin.mr.法刺=大
2026-09-09T17:16:45.2144777Z     ZERO     0/1       0.0%  enum:config#config.stat-normalization@1.byOrigin.mr.法刺=小
2026-09-09T17:16:45.2145566Z     ZERO     0/1       0.0%  enum:config#config.stat-normalization@1.byOrigin.mr.法刺=極大
2026-09-09T17:16:45.2146267Z     ZERO     0/1       0.0%  enum:config#config.stat-normalization@1.byOrigin.mr.法師=中
2026-09-09T17:16:45.2146940Z     ZERO     0/1       0.0%  enum:config#config.stat-normalization@1.byOrigin.mr.法師=大
2026-09-09T17:16:45.2147762Z     ZERO     0/1       0.0%  enum:config#config.stat-normalization@1.byOrigin.mr.法師=極大
2026-09-09T17:16:45.2148454Z     ZERO     0/1       0.0%  enum:config#config.stat-normalization@1.byOrigin.mr.法師=極小
2026-09-09T17:16:45.2149152Z     ZERO     0/1       0.0%  enum:config#config.stat-normalization@1.byOrigin.mr.法鬥=中
2026-09-09T17:16:45.2149838Z     ZERO     0/1       0.0%  enum:config#config.stat-normalization@1.byOrigin.mr.法鬥=大
2026-09-09T17:16:45.2150538Z     ZERO     0/1       0.0%  enum:config#config.stat-normalization@1.byOrigin.mr.法鬥=極大
2026-09-09T17:16:45.2151185Z     ZERO     0/1       0.0%  enum:config#config.stat-normalization@1.byOrigin.mr.法鬥=極小
2026-09-09T17:16:45.2151790Z     ZERO     0/1       0.0%  enum:config#config.stat-normalization@1.byOrigin.mr.狂戰=中
2026-09-09T17:16:45.2153858Z     ZERO     0/1       0.0%  enum:config#config.stat-normalization@1.byOrigin.mr.狂戰=大
2026-09-09T17:16:45.2154587Z     ZERO     0/1       0.0%  enum:config#config.stat-normalization@1.byOrigin.mr.狂戰=極大
2026-09-09T17:16:45.2155219Z     ZERO     0/1       0.0%  enum:config#config.stat-normalization@1.byOrigin.mr.狂戰=極小
2026-09-09T17:16:45.2155869Z     ZERO     0/1       0.0%  enum:config#config.stat-normalization@1.byOrigin.mr.砲手=中
2026-09-09T17:16:45.2156481Z     ZERO     0/1       0.0%  enum:config#config.stat-normalization@1.byOrigin.mr.砲手=大
2026-09-09T17:16:45.2157124Z     ZERO     0/1       0.0%  enum:config#config.stat-normalization@1.byOrigin.mr.砲手=小
2026-09-09T17:16:45.2157997Z     ZERO     0/1       0.0%  enum:config#config.stat-normalization@1.byOrigin.mr.砲手=極大
2026-09-09T17:16:45.2158642Z     ZERO     0/1       0.0%  enum:config#config.stat-normalization@1.byOrigin.mr.硬輔=中
2026-09-09T17:16:45.2159279Z     ZERO     0/1       0.0%  enum:config#config.stat-normalization@1.byOrigin.mr.硬輔=小
2026-09-09T17:16:45.2159931Z     ZERO     0/1       0.0%  enum:config#config.stat-normalization@1.byOrigin.mr.硬輔=極大
2026-09-09T17:16:45.2160601Z     ZERO     0/1       0.0%  enum:config#config.stat-normalization@1.byOrigin.mr.硬輔=極小
2026-09-09T17:16:45.2161251Z     ZERO     0/1       0.0%  enum:config#config.stat-normalization@1.byOrigin.mr.軟輔=中
2026-09-09T17:16:45.2161905Z     ZERO     0/1       0.0%  enum:config#config.stat-normalization@1.byOrigin.mr.軟輔=大
2026-09-09T17:16:45.2162556Z     ZERO     0/1       0.0%  enum:config#config.stat-normalization@1.byOrigin.mr.軟輔=極大
2026-09-09T17:16:45.2163222Z     ZERO     0/1       0.0%  enum:config#config.stat-normalization@1.byOrigin.mr.軟輔=極小
2026-09-09T17:16:45.2164154Z     ZERO     0/1       0.0%  enum:config#config.stat-normalization@1.byOrigin.mr.鬥士=大
2026-09-09T17:16:45.2164809Z     ZERO     0/1       0.0%  enum:config#config.stat-normalization@1.byOrigin.mr.鬥士=小
2026-09-09T17:16:45.2165465Z     ZERO     0/1       0.0%  enum:config#config.stat-normalization@1.byOrigin.mr.鬥士=極大
2026-09-09T17:16:45.2166352Z     ZERO     0/1       0.0%  enum:config#config.stat-normalization@1.byOrigin.mr.鬥士=極小
2026-09-09T17:16:45.2167067Z     ZERO     0/1       0.0%  enum:config#config.stat-normalization@1.byOrigin.ms.坦克=中
2026-09-09T17:16:45.2167992Z     ZERO     0/1       0.0%  enum:config#config.stat-normalization@1.byOrigin.ms.坦克=大
2026-09-09T17:16:45.2168664Z     ZERO     0/1       0.0%  enum:config#config.stat-normalization@1.byOrigin.ms.坦克=極大
2026-09-09T17:16:45.2169344Z     ZERO     0/1       0.0%  enum:config#config.stat-normalization@1.byOrigin.ms.坦克=極小
2026-09-09T17:16:45.2170010Z     ZERO     0/1       0.0%  enum:config#config.stat-normalization@1.byOrigin.ms.射手=大
2026-09-09T17:16:45.2170686Z     ZERO     0/1       0.0%  enum:config#config.stat-normalization@1.byOrigin.ms.射手=小
2026-09-09T17:16:45.2171352Z     ZERO     0/1       0.0%  enum:config#config.stat-normalization@1.byOrigin.ms.射手=極大
2026-09-09T17:16:45.2172026Z     ZERO     0/1       0.0%  enum:config#config.stat-normalization@1.byOrigin.ms.射手=極小
2026-09-09T17:16:45.2172696Z     ZERO     0/1       0.0%  enum:config#config.stat-normalization@1.byOrigin.ms.法刺=中
2026-09-09T17:16:45.2173356Z     ZERO     0/1       0.0%  enum:config#config.stat-normalization@1.byOrigin.ms.法刺=小
2026-09-09T17:16:45.2174014Z     ZERO     0/1       0.0%  enum:config#config.stat-normalization@1.byOrigin.ms.法刺=極大
2026-09-09T17:16:45.2174680Z     ZERO     0/1       0.0%  enum:config#config.stat-normalization@1.byOrigin.ms.法刺=極小
2026-09-09T17:16:45.2175322Z     ZERO     0/1       0.0%  enum:config#config.stat-normalization@1.byOrigin.ms.法師=大
2026-09-09T17:16:45.2175954Z     ZERO     0/1       0.0%  enum:config#config.stat-normalization@1.byOrigin.ms.法師=小
2026-09-09T17:16:45.2176577Z     ZERO     0/1       0.0%  enum:config#config.stat-normalization@1.byOrigin.ms.法師=極大
2026-09-09T17:16:45.2177183Z     ZERO     0/1       0.0%  enum:config#config.stat-normalization@1.byOrigin.ms.法師=極小
2026-09-09T17:16:45.2178118Z     ZERO     0/1       0.0%  enum:config#config.stat-normalization@1.byOrigin.ms.法鬥=中
2026-09-09T17:16:45.2178749Z     ZERO     0/1       0.0%  enum:config#config.stat-normalization@1.byOrigin.ms.法鬥=大
2026-09-09T17:16:45.2179399Z     ZERO     0/1       0.0%  enum:config#config.stat-normalization@1.byOrigin.ms.法鬥=極大
2026-09-09T17:16:45.2180052Z     ZERO     0/1       0.0%  enum:config#config.stat-normalization@1.byOrigin.ms.法鬥=極小
2026-09-09T17:16:45.2180717Z     ZERO     0/1       0.0%  enum:config#config.stat-normalization@1.byOrigin.ms.狂戰=中
2026-09-09T17:16:45.2181419Z     ZERO     0/1       0.0%  enum:config#config.stat-normalization@1.byOrigin.ms.狂戰=小
2026-09-09T17:16:45.2182127Z     ZERO     0/1       0.0%  enum:config#config.stat-normalization@1.byOrigin.ms.狂戰=極大
2026-09-09T17:16:45.2182801Z     ZERO     0/1       0.0%  enum:config#config.stat-normalization@1.byOrigin.ms.狂戰=極小
2026-09-09T17:16:45.2183469Z     ZERO     0/1       0.0%  enum:config#config.stat-normalization@1.byOrigin.ms.砲手=中
2026-09-09T17:16:45.2184154Z     ZERO     0/1       0.0%  enum:config#config.stat-normalization@1.byOrigin.ms.砲手=小
2026-09-09T17:16:45.2184822Z     ZERO     0/1       0.0%  enum:config#config.stat-normalization@1.byOrigin.ms.砲手=極大
2026-09-09T17:16:45.2185497Z     ZERO     0/1       0.0%  enum:config#config.stat-normalization@1.byOrigin.ms.砲手=極小
2026-09-09T17:16:45.2186174Z     ZERO     0/1       0.0%  enum:config#config.stat-normalization@1.byOrigin.ms.硬輔=中
2026-09-09T17:16:45.2186838Z     ZERO     0/1       0.0%  enum:config#config.stat-normalization@1.byOrigin.ms.硬輔=大
2026-09-09T17:16:45.2187735Z     ZERO     0/1       0.0%  enum:config#config.stat-normalization@1.byOrigin.ms.硬輔=極大
2026-09-09T17:16:45.2188774Z     ZERO     0/1       0.0%  enum:config#config.stat-normalization@1.byOrigin.ms.硬輔=極小
2026-09-09T17:16:45.2189448Z     ZERO     0/1       0.0%  enum:config#config.stat-normalization@1.byOrigin.ms.軟輔=中
2026-09-09T17:16:45.2190107Z     ZERO     0/1       0.0%  enum:config#config.stat-normalization@1.byOrigin.ms.軟輔=大
2026-09-09T17:16:45.2191005Z     ZERO     0/1       0.0%  enum:config#config.stat-normalization@1.byOrigin.ms.軟輔=極大
2026-09-09T17:16:45.2191691Z     ZERO     0/1       0.0%  enum:config#config.stat-normalization@1.byOrigin.ms.軟輔=極小
2026-09-09T17:16:45.2192337Z     ZERO     0/1       0.0%  enum:config#config.stat-normalization@1.byOrigin.ms.鬥士=大
2026-09-09T17:16:45.2192994Z     ZERO     0/1       0.0%  enum:config#config.stat-normalization@1.byOrigin.ms.鬥士=小
2026-09-09T17:16:45.2193668Z     ZERO     0/1       0.0%  enum:config#config.stat-normalization@1.byOrigin.ms.鬥士=極大
2026-09-09T17:16:45.2194311Z     ZERO     0/1       0.0%  enum:config#config.stat-normalization@1.byOrigin.ms.鬥士=極小
2026-09-09T17:16:45.2195029Z     ZERO     0/1       0.0%  enum:config#config.stat-normalization@1.byOrigin.range.坦克=中
2026-09-09T17:16:45.2195723Z     ZERO     0/1       0.0%  enum:config#config.stat-normalization@1.byOrigin.range.坦克=大
2026-09-09T17:16:45.2196444Z     ZERO     0/1       0.0%  enum:config#config.stat-normalization@1.byOrigin.range.坦克=極大
2026-09-09T17:16:45.2197165Z     ZERO     0/1       0.0%  enum:config#config.stat-normalization@1.byOrigin.range.坦克=極小
2026-09-09T17:16:45.2198102Z     ZERO     0/1       0.0%  enum:config#config.stat-normalization@1.byOrigin.range.射手=大
2026-09-09T17:16:45.2198798Z     ZERO     0/1       0.0%  enum:config#config.stat-normalization@1.byOrigin.range.射手=小
2026-09-09T17:16:45.2199471Z     ZERO     0/1       0.0%  enum:config#config.stat-normalization@1.byOrigin.range.射手=極大
2026-09-09T17:16:45.2200155Z     ZERO     0/1       0.0%  enum:config#config.stat-normalization@1.byOrigin.range.射手=極小
2026-09-09T17:16:45.2200844Z     ZERO     0/1       0.0%  enum:config#config.stat-normalization@1.byOrigin.range.法刺=中
2026-09-09T17:16:45.2201551Z     ZERO     0/1       0.0%  enum:config#config.stat-normalization@1.byOrigin.range.法刺=大
2026-09-09T17:16:45.2202268Z     ZERO     0/1       0.0%  enum:config#config.stat-normalization@1.byOrigin.range.法刺=極大
2026-09-09T17:16:45.2202975Z     ZERO     0/1       0.0%  enum:config#config.stat-normalization@1.byOrigin.range.法刺=極小
2026-09-09T17:16:45.2203673Z     ZERO     0/1       0.0%  enum:config#config.stat-normalization@1.byOrigin.range.法師=大
2026-09-09T17:16:45.2204369Z     ZERO     0/1       0.0%  enum:config#config.stat-normalization@1.byOrigin.range.法師=小
2026-09-09T17:16:45.2205083Z     ZERO     0/1       0.0%  enum:config#config.stat-normalization@1.byOrigin.range.法師=極大
2026-09-09T17:16:45.2205792Z     ZERO     0/1       0.0%  enum:config#config.stat-normalization@1.byOrigin.range.法師=極小
2026-09-09T17:16:45.2206488Z     ZERO     0/1       0.0%  enum:config#config.stat-normalization@1.byOrigin.range.法鬥=大
2026-09-09T17:16:45.2207182Z     ZERO     0/1       0.0%  enum:config#config.stat-normalization@1.byOrigin.range.法鬥=小
2026-09-09T17:16:45.2208038Z     ZERO     0/1       0.0%  enum:config#config.stat-normalization@1.byOrigin.range.法鬥=極大
2026-09-09T17:16:45.2208769Z     ZERO     0/1       0.0%  enum:config#config.stat-normalization@1.byOrigin.range.法鬥=極小
2026-09-09T17:16:45.2209470Z     ZERO     0/1       0.0%  enum:config#config.stat-normalization@1.byOrigin.range.狂戰=中
2026-09-09T17:16:45.2210164Z     ZERO     0/1       0.0%  enum:config#config.stat-normalization@1.byOrigin.range.狂戰=大
2026-09-09T17:16:45.2210878Z     ZERO     0/1       0.0%  enum:config#config.stat-normalization@1.byOrigin.range.狂戰=極大
2026-09-09T17:16:45.2211557Z     ZERO     0/1       0.0%  enum:config#config.stat-normalization@1.byOrigin.range.狂戰=極小
2026-09-09T17:16:45.2212229Z     ZERO     0/1       0.0%  enum:config#config.stat-normalization@1.byOrigin.range.砲手=中
2026-09-09T17:16:45.2212913Z     ZERO     0/1       0.0%  enum:config#config.stat-normalization@1.byOrigin.range.砲手=大
2026-09-09T17:16:45.2213876Z     ZERO     0/1       0.0%  enum:config#config.stat-normalization@1.byOrigin.range.砲手=小
2026-09-09T17:16:45.2214585Z     ZERO     0/1       0.0%  enum:config#config.stat-normalization@1.byOrigin.range.砲手=極小
2026-09-09T17:16:45.2215274Z     ZERO     0/1       0.0%  enum:config#config.stat-normalization@1.byOrigin.range.硬輔=大
2026-09-09T17:16:45.2216248Z     ZERO     0/1       0.0%  enum:config#config.stat-normalization@1.byOrigin.range.硬輔=小
2026-09-09T17:16:45.2216965Z     ZERO     0/1       0.0%  enum:config#config.stat-normalization@1.byOrigin.range.硬輔=極大
2026-09-09T17:16:45.2217864Z     ZERO     0/1       0.0%  enum:config#config.stat-normalization@1.byOrigin.range.硬輔=極小
2026-09-09T17:16:45.2218562Z     ZERO     0/1       0.0%  enum:config#config.stat-normalization@1.byOrigin.range.軟輔=大
2026-09-09T17:16:45.2219259Z     ZERO     0/1       0.0%  enum:config#config.stat-normalization@1.byOrigin.range.軟輔=小
2026-09-09T17:16:45.2219960Z     ZERO     0/1       0.0%  enum:config#config.stat-normalization@1.byOrigin.range.軟輔=極大
2026-09-09T17:16:45.2220683Z     ZERO     0/1       0.0%  enum:config#config.stat-normalization@1.byOrigin.range.軟輔=極小
2026-09-09T17:16:45.2221366Z     ZERO     0/1       0.0%  enum:config#config.stat-normalization@1.byOrigin.range.鬥士=大
2026-09-09T17:16:45.2222026Z     ZERO     0/1       0.0%  enum:config#config.stat-normalization@1.byOrigin.range.鬥士=小
2026-09-09T17:16:45.2222734Z     ZERO     0/1       0.0%  enum:config#config.stat-normalization@1.byOrigin.range.鬥士=極大
2026-09-09T17:16:45.2223434Z     ZERO     0/1       0.0%  enum:config#config.stat-normalization@1.byOrigin.range.鬥士=極小
2026-09-09T17:16:45.2224003Z     ZERO     0/1       0.0%  enum:config#config.stat-normalization@1.channel.ad=baseStats
2026-09-09T17:16:45.2224561Z     ZERO     0/1       0.0%  enum:config#config.stat-normalization@1.channel.ap=baseStats
2026-09-09T17:16:45.2225173Z     ZERO     0/1       0.0%  enum:config#config.stat-normalization@1.channel.armor=baseStats
2026-09-09T17:16:45.2225773Z     ZERO     0/1       0.0%  enum:config#config.stat-normalization@1.channel.as=baseStats
2026-09-09T17:16:45.2226443Z     ZERO     0/1       0.0%  enum:config#config.stat-normalization@1.channel.healthRegen=baseStats
2026-09-09T17:16:45.2227088Z     ZERO     0/1       0.0%  enum:config#config.stat-normalization@1.channel.manaRegen=baseStats
2026-09-09T17:16:45.2227957Z     ZERO     0/1       0.0%  enum:config#config.stat-normalization@1.channel.maxHealth=baseStats
2026-09-09T17:16:45.2228575Z     ZERO     0/1       0.0%  enum:config#config.stat-normalization@1.channel.maxMana=baseStats
2026-09-09T17:16:45.2229161Z     ZERO     0/1       0.0%  enum:config#config.stat-normalization@1.channel.mr=baseStats
2026-09-09T17:16:45.2229725Z     ZERO     0/1       0.0%  enum:config#config.stat-normalization@1.channel.ms=growth
2026-09-09T17:16:45.2230302Z     ZERO     0/1       0.0%  enum:config#config.stat-normalization@1.channel.range=growth
2026-09-09T17:16:45.2230819Z     ZERO     0/1       0.0%  enum:config#config.stat-normalization@1.mode=legacy
2026-09-09T17:16:45.2231712Z     ZERO     0/1       0.0%  enum:config#config.stat-normalization@1.scaleByOrigin.range.坦克=ranged
2026-09-09T17:16:45.2232512Z     ZERO     0/1       0.0%  enum:config#config.stat-normalization@1.scaleByOrigin.range.射手=melee
2026-09-09T17:16:45.2233325Z     ZERO     0/1       0.0%  enum:config#config.stat-normalization@1.scaleByOrigin.range.法刺=ranged
2026-09-09T17:16:45.2234105Z     ZERO     0/1       0.0%  enum:config#config.stat-normalization@1.scaleByOrigin.range.法師=melee
2026-09-09T17:16:45.2234891Z     ZERO     0/1       0.0%  enum:config#config.stat-normalization@1.scaleByOrigin.range.法鬥=ranged
2026-09-09T17:16:45.2235684Z     ZERO     0/1       0.0%  enum:config#config.stat-normalization@1.scaleByOrigin.range.狂戰=ranged
2026-09-09T17:16:45.2242491Z     ZERO     0/1       0.0%  enum:config#config.stat-normalization@1.scaleByOrigin.range.砲手=melee
2026-09-09T17:16:45.2243353Z     ZERO     0/1       0.0%  enum:config#config.stat-normalization@1.scaleByOrigin.range.硬輔=ranged
2026-09-09T17:16:45.2244368Z     ZERO     0/1       0.0%  enum:config#config.stat-normalization@1.scaleByOrigin.range.軟輔=melee
2026-09-09T17:16:45.2245133Z     ZERO     0/1       0.0%  enum:config#config.stat-normalization@1.scaleByOrigin.range.鬥士=ranged
2026-09-09T17:16:45.2245833Z     ZERO     0/1       0.0%  enum:config#config.store@1.randomPickOwnership=whitelist
2026-09-09T17:16:45.2246249Z     ZERO     0/1       0.0%  enum:config#config.taunt@1.capOrder=id
2026-09-09T17:16:45.2246687Z     ZERO     0/1       0.0%  enum:config#config.taunt@1.capOrder=lowestHp
2026-09-09T17:16:45.2248399Z     ZERO     0/1       0.0%  enum:config#config.taunt@1.conflictMode=longest
2026-09-09T17:16:45.2248926Z     ZERO     0/1       0.0%  enum:config#config.taunt@1.mobTauntMode=nearestFirst
2026-09-09T17:16:45.2249422Z     ZERO     0/1       0.0%  enum:config#config.taunt@1.priority=aboveThreatOnly
2026-09-09T17:16:45.2249886Z     ZERO     0/1       0.0%  enum:config#config.ugc@1.publishMode=next-match
2026-09-09T17:16:45.2250478Z     ZERO     0/1       0.0%  enum:config#config.ui-cues@1.coinThrowButtonMode=grey-when-poor
2026-09-09T17:16:45.2250988Z     ZERO     0/1       0.0%  enum:config#config.ui-cues@1.telegraphGroundShape=circle
2026-09-09T17:16:45.2251566Z     ZERO     0/1       0.0%  enum:config#config.unsafe-textures@1.textures[].status=quarantined
2026-09-09T17:16:45.2252074Z     ZERO     0/1       0.0%  enum:config#config.valhalla-sandbox@1.movementLock=input
2026-09-09T17:16:45.2255932Z     ZERO     0/1       0.0%  enum:config#config.vfx-ability-art@1.bindings{}.prim.size=lg
2026-09-09T17:16:45.2256487Z     ZERO     0/1       0.0%  enum:config#config.vfx-ability-art@1.bindings{}.prim.size=md
2026-09-09T17:16:45.2256964Z     ZERO     0/1       0.0%  enum:config#config.vfx-cleanup@1.roundPurgeMode=off
2026-09-09T17:16:45.2257610Z     ZERO     0/1       0.0%  enum:config#config.vfx-cleanup@1.roundPurgeMode=soft
2026-09-09T17:16:45.2258130Z     ZERO     0/1       0.0%  enum:config#config.vfx-cleanup@1.vfxHardCapScope=managed
2026-09-09T17:16:45.2258633Z     ZERO     0/1       0.0%  enum:config#config.vfx-cleanup@1.vfxHardCapScope=off
2026-09-09T17:16:45.2259174Z     ZERO     0/1       0.0%  enum:config#config.vfx-families@1.castHeightSource=family
2026-09-09T17:16:45.2259731Z     ZERO     0/1       0.0%  enum:config#config.vfx-families@1.castHeightSource=flat
2026-09-09T17:16:45.2260336Z     ZERO     0/1       0.0%  enum:config#config.vfx-families@1.families{}.groundDecal=dirt
2026-09-09T17:16:45.2260915Z     ZERO     0/1       0.0%  enum:config#config.vfx-families@1.families{}.groundDecal=none
2026-09-09T17:16:45.2261485Z     ZERO     0/1       0.0%  enum:config#config.vfx-families@1.families{}.groundDecal=scorch
2026-09-09T17:16:45.2262078Z     ZERO     0/2       0.0%  enum:config#config.vfx-families@1.families{}.primitive=summon
2026-09-09T17:16:45.2262613Z     ZERO     0/1       0.0%  enum:config#config.victory-podium@1.clipBronze=celebrate
2026-09-09T17:16:45.2263103Z     ZERO     0/1       0.0%  enum:config#config.victory-podium@1.clipBronze=death
2026-09-09T17:16:45.2263549Z     ZERO     0/1       0.0%  enum:config#config.victory-podium@1.clipGold=death
2026-09-09T17:16:45.2264011Z     ZERO     0/1       0.0%  enum:config#config.victory-podium@1.clipGold=idle
2026-09-09T17:16:45.2264501Z     ZERO     0/1       0.0%  enum:config#config.victory-podium@1.clipSilver=celebrate
2026-09-09T17:16:45.2264984Z     ZERO     0/1       0.0%  enum:config#config.victory-podium@1.clipSilver=death
2026-09-09T17:16:45.2265536Z     ZERO     0/1       0.0%  enum:config#config.victory-podium@1.podiumFill=opponents
2026-09-09T17:16:45.2266057Z     ZERO     0/1       0.0%  enum:config#config.victory-podium@1.podiumLayout=rank
2026-09-09T17:16:45.2266591Z     ZERO     0/1       0.0%  enum:config#config.victory-podium@1.podiumLayout=soloWinner
2026-09-09T17:16:45.2267085Z     ZERO     0/1       0.0%  enum:config#config.victory-podium@1.podiumScope=allFought
2026-09-09T17:16:45.2268165Z     ZERO     0/1       0.0%  enum:config#config.victory-podium@1.podiumZoneSource=spectated
2026-09-09T17:16:45.2268702Z     ZERO     0/1       0.0%  enum:config#config.victory-podium@1.roundWinLine=quote
2026-09-09T17:16:45.2269221Z     ZERO     0/1       0.0%  enum:config#config.victory-podium@1.roundWinLine=taunt
2026-09-09T17:16:45.2269716Z     ZERO     0/1       0.0%  enum:config#config.wounds@1.stackMode=multiply
2026-09-09T17:16:45.2270320Z     ZERO     0/142     0.0%  enum:items.craftRole=direct
2026-09-09T17:16:45.2270698Z     ZERO     0/142     0.0%  enum:items.craftRole=token
2026-09-09T17:16:45.2271209Z     ZERO     0/2       0.0%  enum:items.modifiers[].requires.primaryStat=AGI
2026-09-09T17:16:45.2271586Z     ZERO     0/7       0.0%  enum:maps.gimmick.kind=none
2026-09-09T17:16:45.2271935Z     ZERO     0/7       0.0%  enum:maps.groundStyle=sand
2026-09-09T17:16:45.2272372Z     ZERO     0/7       0.0%  enum:maps.interactions[].kind=channel
2026-09-09T17:16:45.2272727Z     ZERO     0/7       0.0%  enum:models.fxLongAxis=z
2026-09-09T17:16:45.2273148Z     ZERO     0/3       0.0%  enum:vfx#vfx@1.orient.yawFrom=world
2026-09-09T17:16:45.2273686Z     ZERO     0/10      0.0%  enum:vfx-scripts.segments[]|1#anim.on=projectileHit
2026-09-09T17:16:45.2274217Z     ZERO     0/10      0.0%  enum:vfx-scripts.segments[]|1#anim.on=projectileSpawn
2026-09-09T17:16:45.2274745Z     ZERO     0/10      0.0%  enum:vfx-scripts.segments[]|1#anim.on=reflectSuccess
2026-09-09T17:16:45.2275238Z     ZERO     0/3       0.0%  enum:vfx-scripts.segments[]|1#anim.pulse=attack
2026-09-09T17:16:45.2275716Z     ZERO     0/3       0.0%  enum:vfx-scripts.segments[]|1#anim.pulse=dodge
2026-09-09T17:16:45.2276188Z     ZERO     0/3       0.0%  enum:vfx-scripts.segments[]|1#anim.pulse=guard
2026-09-09T17:16:45.2276698Z     ZERO     0/3       0.0%  enum:vfx-scripts.segments[]|1#floatingText.at=caster
2026-09-09T17:16:45.2277197Z     ZERO     0/2       0.0%  enum:vfx-scripts.segments[]|1#hideBody.at=target
2026-09-09T17:16:45.2277918Z     ZERO     0/9       0.0%  enum:vfx-scripts.segments[]|1#modelFx.path=forward
2026-09-09T17:16:45.2278374Z     ZERO     0/9       0.0%  enum:vfx-scripts.segments[]|1#modelFx.path=orbit
2026-09-09T17:16:45.2278822Z     ZERO     0/9       0.0%  enum:vfx-scripts.segments[]|1#modelFx.path=radial
2026-09-09T17:16:45.2279331Z     ZERO     0/9       0.0%  enum:vfx-scripts.segments[]|1#modelFx.path=toTarget
2026-09-09T17:16:45.2280029Z              1/10     10.0%  enum:abilities.augment.targets[].ops[].mode=set
2026-09-09T17:16:45.2280814Z              1/10     10.0%  enum:abilities.augment.targets[].ops[].op=durationSec
2026-09-09T17:16:45.2281580Z              1/10     10.0%  enum:abilities.augment.targets[].ops[].op=procChance
2026-09-09T17:16:45.2282354Z              1/26      3.8%  enum:abilities.effects[]#applyBuff.condition|0|2|1.stat=ap
2026-09-09T17:16:45.2283208Z              1/26      3.8%  enum:abilities.effects[]#applyBuff.condition|0|2|1.stat=level
2026-09-09T17:16:45.2284000Z              1/3      33.3%  enum:abilities.effects[]#applyBuff.condition|0|3.is=mobBoss
2026-09-09T17:16:45.2284841Z              1/3      33.3%  enum:abilities.effects[]#applyBuff.condition|0|3.is=mobSpecial
2026-09-09T17:16:45.2285612Z              1/7      14.3%  enum:abilities.effects[]#applyBuff.condition|0|6|1.slot=Q
2026-09-09T17:16:45.2286345Z              1/8      12.5%  enum:abilities.effects[]#applyBuff.condition|0|9.slot=Q
2026-09-09T17:16:45.2287265Z              1/1     100.0%  enum:abilities.effects[]#applyBuff.critStrike.empowers=ownProcOnly
2026-09-09T17:16:45.2292306Z              1/1     100.0%  enum:abilities.effects[]#applyBuff.critStrike.lifestealMode=replace
2026-09-09T17:16:45.2293327Z              1/3      33.3%  enum:abilities.effects[]#applyBuff.damageTypeOverride.applyAt=beforeGates
2026-09-09T17:16:45.2294279Z              1/7      14.3%  enum:abilities.effects[]#applyBuff.damageTypeOverride.becomes=magic
2026-09-09T17:16:45.2295251Z              1/7      14.3%  enum:abilities.effects[]#applyBuff.damageTypeOverride.becomes=physical
2026-09-09T17:16:45.2296409Z              1/1     100.0%  enum:abilities.effects[]#applyBuff.deathWard.beneficiary=owner
2026-09-09T17:16:45.2297223Z              1/1     100.0%  enum:abilities.effects[]#applyBuff.deathWard.stacking=max
2026-09-09T17:16:45.2298707Z              1/1     100.0%  enum:abilities.effects[]#applyBuff.hooks[].chanceFrom.attr=agi
2026-09-09T17:16:45.2299848Z              1/1     100.0%  enum:abilities.effects[]#applyBuff.hooks[].chanceFrom.basis=total
2026-09-09T17:16:45.2300687Z              1/246     0.4%  enum:abilities.effects[]#applyBuff.hooks[].on=onAllyDamaged
2026-09-09T17:16:45.2301463Z              1/246     0.4%  enum:abilities.effects[]#applyBuff.hooks[].on=onBossSpawn
2026-09-09T17:16:45.2302343Z              1/246     0.4%  enum:abilities.effects[]#applyBuff.hooks[].on=onCrowdControlReceived
2026-09-09T17:16:45.2303157Z              1/246     0.4%  enum:abilities.effects[]#applyBuff.hooks[].on=onDashOrBlink
2026-09-09T17:16:45.2304009Z              1/246     0.4%  enum:abilities.effects[]#applyBuff.hooks[].on=onFireRingIgnite
2026-09-09T17:16:45.2304762Z              1/246     0.4%  enum:abilities.effects[]#applyBuff.hooks[].on=onOverheal
2026-09-09T17:16:45.2305595Z              1/246     0.4%  enum:abilities.effects[]#applyBuff.hooks[].on=onUltimateCast
2026-09-09T17:16:45.2306370Z              1/3      33.3%  enum:abilities.effects[]#applyBuff.maxStat.basis=final
2026-09-09T17:16:45.2307205Z              1/553     0.2%  enum:abilities.effects[]#applyBuff.maxStat.stat=maxHitPctMaxHp
2026-09-09T17:16:45.2308384Z              1/553     0.2%  enum:abilities.effects[]#applyBuff.maxStat.stat=unavoidablePct
2026-09-09T17:16:45.2309203Z              1/1     100.0%  enum:abilities.effects[]#applyBuff.modifiers[].fromResource=mp
2026-09-09T17:16:45.2310008Z              1/1     100.0%  enum:abilities.effects[]#applyBuff.penetration.scope=basic
2026-09-09T17:16:45.2310758Z              1/14      7.1%  enum:abilities.effects[]#applyBuff.permanentScope=match
2026-09-09T17:16:45.2311482Z              1/2      50.0%  enum:abilities.effects[]#applyStatus.refresh=extend
2026-09-09T17:16:45.2312191Z              1/2      50.0%  enum:abilities.effects[]#applyStatus.refresh=keep
2026-09-09T17:16:45.2312923Z              1/1     100.0%  enum:abilities.effects[]#carry.onCarrierDeath=release
2026-09-09T17:16:45.2313552Z              1/1     100.0%  enum:abilities.effects[]#carry.shape=circle
2026-09-09T17:16:45.2314187Z              1/1     100.0%  enum:abilities.effects[]#carry.side=allies
2026-09-09T17:16:45.2315127Z              1/1     100.0%  enum:abilities.effects[]#chainLightning.amount.attrRatios[].attr=str
2026-09-09T17:16:45.2316099Z              1/1     100.0%  enum:abilities.effects[]#chainLightning.amount.attrRatios[].basis=total
2026-09-09T17:16:45.2316979Z              1/5      20.0%  enum:abilities.effects[]#chainLightning.onHitTargetsMode=batch
2026-09-09T17:16:45.2317933Z              1/1     100.0%  enum:abilities.effects[]#convertTeam.shape=single
2026-09-09T17:16:45.2318603Z              1/1     100.0%  enum:abilities.effects[]#convertTeam.until=death
2026-09-09T17:16:45.2319292Z              1/1     100.0%  enum:abilities.effects[]#cycleBuff.applyTo=self
2026-09-09T17:16:45.2319941Z              1/1     100.0%  enum:abilities.effects[]#damage.refund.basis=hpLost
2026-09-09T17:16:45.2320697Z              1/2      50.0%  enum:abilities.effects[]#damage.refund.resource=health
2026-09-09T17:16:45.2321380Z              1/2      50.0%  enum:abilities.effects[]#damage.refund.resource=mana
2026-09-09T17:16:45.2322110Z              1/26      3.8%  enum:abilities.effects[]#damage.resourcePct.basis=missing
2026-09-09T17:16:45.2322809Z              1/3      33.3%  enum:abilities.effects[]#damage.resourcePct.scale=points
2026-09-09T17:16:45.2323592Z              1/37      2.7%  enum:abilities.effects[]#damageLine.fromSummonSlot=PASSIVE
2026-09-09T17:16:45.2324301Z              1/14      7.1%  enum:abilities.effects[]#delayed.targetMode=frozen
2026-09-09T17:16:45.2325219Z              1/7      14.3%  enum:abilities.effects[]#devour.victim=champion
2026-09-09T17:16:45.2325921Z              1/23      4.3%  enum:abilities.effects[]#dot.stacking=independent
2026-09-09T17:16:45.2326700Z              1/5      20.0%  enum:abilities.effects[]#eventValueConversion.to=health
2026-09-09T17:16:45.2327330Z              1/1     100.0%  enum:abilities.effects[]#grantXp.to=self
2026-09-09T17:16:45.2328352Z              1/1     100.0%  enum:abilities.effects[]#manaBarrier.shape=single
2026-09-09T17:16:45.2329000Z              1/1     100.0%  enum:abilities.effects[]#manaBarrier.who=self
2026-09-09T17:16:45.2329871Z              1/1     100.0%  enum:abilities.effects[]#modifyCooldown.hookScope=originSource
2026-09-09T17:16:45.2330801Z              1/1     100.0%  enum:abilities.effects[]#modifyCooldown.target=hookInternalCooldown
2026-09-09T17:16:45.2331566Z              1/1     100.0%  enum:abilities.effects[]#swapResource.resource=health
2026-09-09T17:16:45.2332272Z              1/1     100.0%  enum:abilities.effects[]#swapResource.shape=single
2026-09-09T17:16:45.2332947Z              1/1     100.0%  enum:abilities.effects[]#taunt.forcedTarget=target
2026-09-09T17:16:45.2333592Z              1/1     100.0%  enum:abilities.effects[]#taunt.side=allies
2026-09-09T17:16:45.2334155Z              1/3      33.3%  enum:abilities.marks[].resetOn=match
2026-09-09T17:16:45.2335050Z              1/1     100.0%  enum:abilities.passive.ranks[].auras[].scaleByNearby.count=ally
2026-09-09T17:16:45.2335742Z              1/52      1.9%  enum:ability-templates.params{}.type=applyBuff
2026-09-09T17:16:45.2336392Z              1/52      1.9%  enum:ability-templates.params{}.type=boolean
2026-09-09T17:16:45.2337067Z              1/52      1.9%  enum:ability-templates.params{}.type=buffPerRank
2026-09-09T17:16:45.2337857Z              1/52      1.9%  enum:ability-templates.params{}.type=hooks
2026-09-09T17:16:45.2338517Z              1/52      1.9%  enum:ability-templates.params{}.type=recast
2026-09-09T17:16:45.2339264Z              1/52      1.9%  enum:ability-templates.params{}.type=spawnModelFx
2026-09-09T17:16:45.2339910Z              1/52      1.9%  enum:ability-templates.params{}.type=text
2026-09-09T17:16:45.2340473Z              1/13      7.7%  enum:arenas.groundStyle=obsidian
2026-09-09T17:16:45.2340968Z              1/13      7.7%  enum:arenas.groundStyle=sand
2026-09-09T17:16:45.2341509Z              1/13      7.7%  enum:arenas.groundStyle=tatami
2026-09-09T17:16:45.2341995Z              1/13      7.7%  enum:arenas.groundStyle=wood
2026-09-09T17:16:45.2342598Z              1/20      5.0%  enum:arenas.scenery.props[].facing=fixed
2026-09-09T17:16:45.2343266Z              1/1     100.0%  enum:arenas.zones[].gateHolds[].mode=open
2026-09-09T17:16:45.2343987Z              1/7      14.3%  enum:arenas.zones[].interactions[].kind=toggleGate
2026-09-09T17:16:45.2344775Z              1/19      5.3%  enum:augments.eligibility.excludeSelfMechanic[]=burn
2026-09-09T17:16:45.2345575Z              1/19      5.3%  enum:augments.eligibility.excludeSelfMechanic[]=flight
2026-09-09T17:16:45.2346372Z              1/19      5.3%  enum:augments.eligibility.excludeSelfMechanic[]=shield
2026-09-09T17:16:45.2347101Z              1/1     100.0%  enum:augments.eligibility.onlyAttackType=ranged
2026-09-09T17:16:45.2348049Z              1/9      11.1%  enum:augments.eligibility.requiresModeFeature[]=boss
2026-09-09T17:16:45.2348831Z              1/9      11.1%  enum:augments.eligibility.requiresModeFeature[]=fireRing
2026-09-09T17:16:45.2349522Z              1/9      11.1%  enum:augments.eligibility.requiresModeFeature[]=mobs
2026-09-09T17:16:45.2350489Z              1/9      11.1%  enum:augments.eligibility.requiresModeFeature[]=neutralObjects
2026-09-09T17:16:45.2351476Z              1/49      2.0%  enum:champions.origin=砲手
2026-09-09T17:16:45.2352375Z              1/1     100.0%  enum:config#config.ambient-vfx@1.bindings{}[].whileToggle=W
2026-09-09T17:16:45.2353129Z              1/1     100.0%  enum:config#config.ap-damage-scaling@1.apRatioMode=stack
2026-09-09T17:16:45.2354101Z              1/1     100.0%  enum:config#config.ap-damage-scaling@1.scope=ability
2026-09-09T17:16:45.2354946Z              1/1     100.0%  enum:config#config.arena-rules@1.augmentTiers[].limitScope=champion
2026-09-09T17:16:45.2355728Z              1/1     100.0%  enum:config#config.arena-rules@1.augmentTiers[].table=gold
2026-09-09T17:16:45.2356807Z              1/1     100.0%  enum:config#config.arena-rules@1.augmentTiers[].table=prismatic
2026-09-09T17:16:45.2357788Z              1/1     100.0%  enum:config#config.arena-rules@1.draftConflict=round-roll
2026-09-09T17:16:45.2358660Z              1/1     100.0%  enum:config#config.arena-rules@1.grailDraft.legacyPool=exclude
2026-09-09T17:16:45.2359522Z              1/1     100.0%  enum:config#config.arena-rules@1.itemDraft.shortPoolMode=short
2026-09-09T17:16:45.2361001Z              1/1     100.0%  enum:config#config.arena-rules@1.mobWaves.boss.championSource=fixed
2026-09-09T17:16:45.2361928Z              1/1     100.0%  enum:config#config.arena-rules@1.mobWaves.boss.championSource=random
2026-09-09T17:16:45.2362872Z              1/1     100.0%  enum:config#config.arena-rules@1.mobWaves.boss.healthBarAnchor=top
2026-09-09T17:16:45.2363839Z              1/1     100.0%  enum:config#config.arena-rules@1.mobWaves.boss.healthBarReveal=summon
2026-09-09T17:16:45.2364758Z              1/1     100.0%  enum:config#config.arena-rules@1.mobWaves.boss.heroLevelSource=curve
2026-09-09T17:16:45.2365716Z              1/1     100.0%  enum:config#config.arena-rules@1.mobWaves.boss.king.learnRankMode=max
2026-09-09T17:16:45.2366723Z              1/1     100.0%  enum:config#config.arena-rules@1.mobWaves.boss.king.targetPreference=players
2026-09-09T17:16:45.2367727Z              1/1     100.0%  enum:config#config.arena-rules@1.mobWaves.boss.lastHitMode=bonus
2026-09-09T17:16:45.2380133Z              1/1     100.0%  enum:config#config.arena-rules@1.mobWaves.boss.maxPerRoundScope=zone
2026-09-09T17:16:45.2381162Z              1/1     100.0%  enum:config#config.arena-rules@1.mobWaves.roundHoldMobKinds=boss
2026-09-09T17:16:45.2382162Z              1/1     100.0%  enum:config#config.arena-rules@1.mobWaves.special.lastHitMode=bonus
2026-09-09T17:16:45.2383165Z              1/1     100.0%  enum:config#config.arena-rules@1.mobWaves.special.settlementMode=panel
2026-09-09T17:16:45.2384243Z              1/1     100.0%  enum:config#config.arena-rules@1.round11.waveTable.events[].kind=bombardment
2026-09-09T17:16:45.2385185Z              1/1     100.0%  enum:config#config.arena-rules@1.round11.waveTable.events[].kind=boss
2026-09-09T17:16:45.2386133Z              1/1     100.0%  enum:config#config.arena-rules@1.round11.waveTable.events[].kind=normal
2026-09-09T17:16:45.2387160Z              1/1     100.0%  enum:config#config.arena-rules@1.round11.waveTable.events[].kind=reviveCircle
2026-09-09T17:16:45.2388267Z              1/1     100.0%  enum:config#config.arena-rules@1.round11.waveTable.events[].kind=special
2026-09-09T17:16:45.2388961Z              1/1     100.0%  enum:config#config.audio-map@1.rankUpAudience=self
2026-09-09T17:16:45.2389839Z              1/1     100.0%  enum:config#config.audio-mix@1.voice.roundEndMachineVoice=off
2026-09-09T17:16:45.2391120Z              1/1     100.0%  enum:config#config.authoring-rules@1.proportionality.minDamageTier.單體.中=中
2026-09-09T17:16:45.2392311Z              1/1     100.0%  enum:config#config.authoring-rules@1.proportionality.minDamageTier.單體.大=大
2026-09-09T17:16:45.2393469Z              1/1     100.0%  enum:config#config.authoring-rules@1.proportionality.minDamageTier.單體.小=小
2026-09-09T17:16:45.2394574Z              1/1     100.0%  enum:config#config.authoring-rules@1.proportionality.minDamageTier.單體.極大=極大
2026-09-09T17:16:45.2395702Z              1/1     100.0%  enum:config#config.authoring-rules@1.proportionality.minDamageTier.單體.極小=極小
2026-09-09T17:16:45.2396832Z              1/1     100.0%  enum:config#config.authoring-rules@1.proportionality.minDamageTier.範圍.中=中
2026-09-09T17:16:45.2398209Z              1/1     100.0%  enum:config#config.authoring-rules@1.proportionality.minDamageTier.範圍.大=大
2026-09-09T17:16:45.2399645Z              1/1     100.0%  enum:config#config.authoring-rules@1.proportionality.minDamageTier.範圍.小=中
2026-09-09T17:16:45.2400820Z              1/1     100.0%  enum:config#config.authoring-rules@1.proportionality.minDamageTier.範圍.極大=極大
2026-09-09T17:16:45.2402152Z              1/1     100.0%  enum:config#config.authoring-rules@1.proportionality.minDamageTier.範圍.極小=小
2026-09-09T17:16:45.2403266Z              1/1     100.0%  enum:config#config.authoring-rules@1.proportionality.minDamageTier.變身.中=極小
2026-09-09T17:16:45.2404440Z              1/1     100.0%  enum:config#config.authoring-rules@1.proportionality.minDamageTier.變身.大=極小
2026-09-09T17:16:45.2405591Z              1/1     100.0%  enum:config#config.authoring-rules@1.proportionality.minDamageTier.變身.小=極小
2026-09-09T17:16:45.2406749Z              1/1     100.0%  enum:config#config.authoring-rules@1.proportionality.minDamageTier.變身.極大=極小
2026-09-09T17:16:45.2408246Z              1/1     100.0%  enum:config#config.authoring-rules@1.proportionality.minDamageTier.變身.極小=極小
2026-09-09T17:16:45.2409151Z              1/1     100.0%  enum:config#config.authoring-rules@1.proportionality.model=formula
2026-09-09T17:16:45.2409908Z              1/1     100.0%  enum:config#config.berserk@1.trigger=berserkGrantors
2026-09-09T17:16:45.2410632Z              1/1     100.0%  enum:config#config.block@1.stacking=independent
2026-09-09T17:16:45.2411401Z              1/1     100.0%  enum:config#config.boss-intro@1.dropOrder[]=description
2026-09-09T17:16:45.2412103Z              1/1     100.0%  enum:config#config.boss-intro@1.dropOrder[]=tips
2026-09-09T17:16:45.2412869Z              1/1     100.0%  enum:config#config.boss-intro@1.dropOrder[]=weaknesses
2026-09-09T17:16:45.2413627Z              1/1     100.0%  enum:config#config.cast-time@1.comboWindowFrom=commit
2026-09-09T17:16:45.2414529Z              1/1     100.0%  enum:config#config.champion-voices@1.champions{}.source=map-quip
2026-09-09T17:16:45.2415355Z              1/1     100.0%  enum:config#config.champion-voices@1.champions{}.source=none
2026-09-09T17:16:45.2416158Z              1/1     100.0%  enum:config#config.combo-strikes@1.families[].ownerKind=ability
2026-09-09T17:16:45.2416952Z              1/1     100.0%  enum:config#config.combo-strikes@1.families[].ownerKind=item
2026-09-09T17:16:45.2418064Z              1/1     100.0%  enum:config#config.combo-strikes@1.families[].ownerKind=map-mechanic
2026-09-09T17:16:45.2418873Z              1/1     100.0%  enum:config#config.combo-strikes@1.families[].ownerKind=orphan
2026-09-09T17:16:45.2419654Z              1/1     100.0%  enum:config#config.combo-strikes@1.families[].ownerKind=unit
2026-09-09T17:16:45.2420529Z              1/1     100.0%  enum:config#config.combo-strikes@1.families[].rhythm=literal-waits
2026-09-09T17:16:45.2421454Z              1/1     100.0%  enum:config#config.combo-strikes@1.families[].rhythm=loop-count-only
2026-09-09T17:16:45.2422667Z              1/1     100.0%  enum:config#config.combo-strikes@1.families[].rhythm=loop-expr
2026-09-09T17:16:45.2423433Z              1/1     100.0%  enum:config#config.combo-strikes@1.families[].shape=loop
2026-09-09T17:16:45.2424257Z              1/1     100.0%  enum:config#config.combo-strikes@1.families[].shape=per-step
2026-09-09T17:16:45.2425210Z              1/1     100.0%  enum:config#config.combo-strikes@1.families[].shape=tail
2026-09-09T17:16:45.2425970Z              1/1     100.0%  enum:config#config.content-load@1.policy=quarantine
2026-09-09T17:16:45.2427072Z              1/1     100.0%  enum:config#config.controller-scheme@1.schemes{}.aim.manualScoring=legacy-nearest-enemy
2026-09-09T17:16:45.2428169Z              1/1     100.0%  enum:config#config.controller-scheme@1.schemes{}.aim.manualScoring=weighted
2026-09-09T17:16:45.2429046Z              1/1     100.0%  enum:config#config.controller-scheme@1.schemes{}.bindings.*=ability:E
2026-09-09T17:16:45.2429928Z              1/1     100.0%  enum:config#config.controller-scheme@1.schemes{}.bindings.*=ability:EX
2026-09-09T17:16:45.2430884Z              1/1     100.0%  enum:config#config.controller-scheme@1.schemes{}.bindings.*=ability:PASSIVE
2026-09-09T17:16:45.2431771Z              1/1     100.0%  enum:config#config.controller-scheme@1.schemes{}.bindings.*=ability:Q
2026-09-09T17:16:45.2432636Z              1/1     100.0%  enum:config#config.controller-scheme@1.schemes{}.bindings.*=ability:R
2026-09-09T17:16:45.2433488Z              1/1     100.0%  enum:config#config.controller-scheme@1.schemes{}.bindings.*=ability:W
2026-09-09T17:16:45.2434359Z              1/1     100.0%  enum:config#config.controller-scheme@1.schemes{}.bindings.*=attackMove
2026-09-09T17:16:45.2435268Z              1/1     100.0%  enum:config#config.controller-scheme@1.schemes{}.bindings.*=basicAttack
2026-09-09T17:16:45.2436243Z              1/1     100.0%  enum:config#config.controller-scheme@1.schemes{}.bindings.*=cameraFollowToggle
2026-09-09T17:16:45.2437192Z              1/1     100.0%  enum:config#config.controller-scheme@1.schemes{}.bindings.*=cameraZoomStep
2026-09-09T17:16:45.2438385Z              1/1     100.0%  enum:config#config.controller-scheme@1.schemes{}.bindings.*=pvpFocus
2026-09-09T17:16:45.2439052Z              1/1     100.0%  enum:config#config.crit@1.stackMode=multiply
2026-09-09T17:16:45.2439838Z              1/1     100.0%  enum:config#config.damage-colors@1.blockFlashMode=steel
2026-09-09T17:16:45.2440593Z              1/1     100.0%  enum:config#config.damage-colors@1.outline.mode=incoming
2026-09-09T17:16:45.2441358Z              1/1     100.0%  enum:config#config.damage-colors@1.textAxis=damageType
2026-09-09T17:16:45.2442250Z              1/1     100.0%  enum:config#config.damage-rules@1.defaultAbilityDamageType=magic
2026-09-09T17:16:45.2442939Z              1/1     100.0%  enum:config#config.dispel@1.defaultOrder=newest
2026-09-09T17:16:45.2443772Z              1/1     100.0%  enum:config#config.displacement-tiers@1.wallBlock.blink=clamp
2026-09-09T17:16:45.2444629Z              1/1     100.0%  enum:config#config.displacement-tiers@1.wallBlock.leap=clamp
2026-09-09T17:16:45.2445380Z              1/1     100.0%  enum:config#config.gore@1.championStyles{}=stylized
2026-09-09T17:16:45.2445987Z              1/1     100.0%  enum:config#config.gore@1.style=blood
2026-09-09T17:16:45.2446830Z              1/1     100.0%  enum:config#config.hud-layout@1.goldLevelTouchLayout=strip
2026-09-09T17:16:45.2447820Z              1/1     100.0%  enum:config#config.hud-layout@1.heroPortrait=current-form
2026-09-09T17:16:45.2448518Z              1/1     100.0%  enum:config#config.item-card@1.markers{}=active
2026-09-09T17:16:45.2449168Z              1/1     100.0%  enum:config#config.item-card@1.markers{}=debuff
2026-09-09T17:16:45.2449880Z              1/1     100.0%  enum:config#config.item-card@1.markers{}=passive
2026-09-09T17:16:45.2450552Z              1/1     100.0%  enum:config#config.item-card@1.markers{}=stat
2026-09-09T17:16:45.2451466Z              1/1     100.0%  enum:config#config.lobby-layout@1.alreadyFriendMode=greyed-button
2026-09-09T17:16:45.2452505Z              1/1     100.0%  enum:config#config.lobby-layout@1.friendSort=online-first
2026-09-09T17:16:45.2453193Z              1/1     100.0%  enum:config#config.lobby-layout@1.nemesisSort=played
2026-09-09T17:16:45.2453936Z              1/1     100.0%  enum:config#config.lobby-layout@1.splitOrder[]=friends
2026-09-09T17:16:45.2454951Z              1/1     100.0%  enum:config#config.lobby-layout@1.splitOrder[]=leaderboard
2026-09-09T17:16:45.2455802Z              1/1     100.0%  enum:config#config.lobby-layout@1.splitOrder[]=nemesis
2026-09-09T17:16:45.2456530Z              1/1     100.0%  enum:config#config.lobby-layout@1.splitOrder[]=online
2026-09-09T17:16:45.2457284Z              1/1     100.0%  enum:config#config.lobby-layout@1.stackOrder[]=friends
2026-09-09T17:16:45.2458304Z              1/1     100.0%  enum:config#config.lobby-layout@1.stackOrder[]=leaderboard
2026-09-09T17:16:45.2459061Z              1/1     100.0%  enum:config#config.lobby-layout@1.stackOrder[]=nemesis
2026-09-09T17:16:45.2459824Z              1/1     100.0%  enum:config#config.lobby-layout@1.stackOrder[]=online
2026-09-09T17:16:45.2460545Z              1/1     100.0%  enum:config#config.lobby-rally@1.joinMode=opt-out
2026-09-09T17:16:45.2461290Z              1/1     100.0%  enum:config#config.map-report@1.maps[].issues[].kind=soft
2026-09-09T17:16:45.2462149Z              1/1     100.0%  enum:config#config.map-report@1.maps[].issues[].severity=warn
2026-09-09T17:16:45.2462940Z              1/1     100.0%  enum:config#config.map-spec@1.severity.chokepoints=warn
2026-09-09T17:16:45.2463722Z              1/1     100.0%  enum:config#config.map-spec@1.severity.deadEnds=warn
2026-09-09T17:16:45.2464518Z              1/1     100.0%  enum:config#config.map-spec@1.severity.interactions=warn
2026-09-09T17:16:45.2465230Z              1/1     100.0%  enum:config#config.map-spec@1.severity.loops=warn
2026-09-09T17:16:45.2466002Z              1/1     100.0%  enum:config#config.map-spec@1.severity.shortcuts=warn
2026-09-09T17:16:45.2466765Z              1/1     100.0%  enum:config#config.map-spec@1.severity.traversal=warn
2026-09-09T17:16:45.2467857Z              1/1     100.0%  enum:config#config.model-lod@1.adaptiveCostMode=frame
2026-09-09T17:16:45.2468782Z              1/1     100.0%  enum:config#config.model-lod@1.platformPolicy.phone=unsupported
2026-09-09T17:16:45.2469566Z              1/1     100.0%  enum:config#config.model-lod@1.presetTiers.auto=high
2026-09-09T17:16:45.2470304Z              1/1     100.0%  enum:config#config.model-lod@1.presetTiers.high=high
2026-09-09T17:16:45.2471043Z              1/1     100.0%  enum:config#config.model-lod@1.presetTiers.low=small
2026-09-09T17:16:45.2471801Z              1/1     100.0%  enum:config#config.model-lod@1.presetTiers.medium=mid
2026-09-09T17:16:45.2472626Z              1/1     100.0%  enum:config#config.per-level-bonus@1.perLevel{}.appliesTo=all
2026-09-09T17:16:45.2473251Z              1/1     100.0%  enum:config#config.regen@1.drainFloorMode=stop
2026-09-09T17:16:45.2473892Z              1/1     100.0%  enum:config#config.regen@1.pctMode=replace
2026-09-09T17:16:45.2474659Z              1/1     100.0%  enum:config#config.screen-fx@1.reducedMotionMode=weaken
2026-09-09T17:16:45.2475422Z              1/1     100.0%  enum:config#config.shield@1.absorbOrder=specificFirst
2026-09-09T17:16:45.2476249Z              1/1     100.0%  enum:config#config.shield@1.spellWardBlocksWholeCast=whole
2026-09-09T17:16:45.2477089Z              1/1     100.0%  enum:config#config.skill-normalize@1.damageColumnBasis=leaf
2026-09-09T17:16:45.2478203Z              1/1     100.0%  enum:config#config.skill-normalize@1.damageLeafScope=cast-amount
2026-09-09T17:16:45.2479149Z              1/1     100.0%  enum:config#config.skill-normalize@1.radiusColumnBasis=authored-node
2026-09-09T17:16:45.2479934Z              1/1     100.0%  enum:config#config.skill-normalize@1.snapPolicy=nearest
2026-09-09T17:16:45.2480596Z              1/1     100.0%  enum:config#config.speed-growth-tiers@1.ladder=A
2026-09-09T17:16:45.2481621Z              1/1     100.0%  enum:config#config.stat-normalization@1.appliesTo[]=ad
2026-09-09T17:16:45.2482421Z              1/1     100.0%  enum:config#config.stat-normalization@1.appliesTo[]=ap
2026-09-09T17:16:45.2483241Z              1/1     100.0%  enum:config#config.stat-normalization@1.appliesTo[]=armor
2026-09-09T17:16:45.2484225Z              1/1     100.0%  enum:config#config.stat-normalization@1.appliesTo[]=as
2026-09-09T17:16:45.2485126Z              1/1     100.0%  enum:config#config.stat-normalization@1.appliesTo[]=healthRegen
2026-09-09T17:16:45.2485966Z              1/1     100.0%  enum:config#config.stat-normalization@1.appliesTo[]=manaRegen
2026-09-09T17:16:45.2486807Z              1/1     100.0%  enum:config#config.stat-normalization@1.appliesTo[]=maxHealth
2026-09-09T17:16:45.2487814Z              1/1     100.0%  enum:config#config.stat-normalization@1.appliesTo[]=maxMana
2026-09-09T17:16:45.2488583Z              1/1     100.0%  enum:config#config.stat-normalization@1.appliesTo[]=mr
2026-09-09T17:16:45.2489340Z              1/1     100.0%  enum:config#config.stat-normalization@1.appliesTo[]=ms
2026-09-09T17:16:45.2490145Z              1/1     100.0%  enum:config#config.stat-normalization@1.appliesTo[]=range
2026-09-09T17:16:45.2491300Z              1/1     100.0%  enum:config#config.stat-normalization@1.byArchetype.ad.fighter=中
2026-09-09T17:16:45.2492251Z              1/1     100.0%  enum:config#config.stat-normalization@1.byArchetype.ad.mage=中
2026-09-09T17:16:45.2493251Z              1/1     100.0%  enum:config#config.stat-normalization@1.byArchetype.ad.marksman=中
2026-09-09T17:16:45.2494194Z              1/1     100.0%  enum:config#config.stat-normalization@1.byArchetype.ad.tank=中
2026-09-09T17:16:45.2495166Z              1/1     100.0%  enum:config#config.stat-normalization@1.byArchetype.ap.fighter=中
2026-09-09T17:16:45.2496081Z              1/1     100.0%  enum:config#config.stat-normalization@1.byArchetype.ap.mage=中
2026-09-09T17:16:45.2497075Z              1/1     100.0%  enum:config#config.stat-normalization@1.byArchetype.ap.marksman=中
2026-09-09T17:16:45.2498422Z              1/1     100.0%  enum:config#config.stat-normalization@1.byArchetype.ap.tank=中
2026-09-09T17:16:45.2499458Z              1/1     100.0%  enum:config#config.stat-normalization@1.byArchetype.armor.fighter=中
2026-09-09T17:16:45.2500470Z              1/1     100.0%  enum:config#config.stat-normalization@1.byArchetype.armor.mage=小
2026-09-09T17:16:45.2501458Z              1/1     100.0%  enum:config#config.stat-normalization@1.byArchetype.armor.marksman=小
2026-09-09T17:16:45.2502444Z              1/1     100.0%  enum:config#config.stat-normalization@1.byArchetype.armor.tank=大
2026-09-09T17:16:45.2503408Z              1/1     100.0%  enum:config#config.stat-normalization@1.byArchetype.as.fighter=中
2026-09-09T17:16:45.2504346Z              1/1     100.0%  enum:config#config.stat-normalization@1.byArchetype.as.mage=中
2026-09-09T17:16:45.2505345Z              1/1     100.0%  enum:config#config.stat-normalization@1.byArchetype.as.marksman=中
2026-09-09T17:16:45.2506274Z              1/1     100.0%  enum:config#config.stat-normalization@1.byArchetype.as.tank=中
2026-09-09T17:16:45.2507332Z              1/1     100.0%  enum:config#config.stat-normalization@1.byArchetype.healthRegen.fighter=中
2026-09-09T17:16:45.2508592Z              1/1     100.0%  enum:config#config.stat-normalization@1.byArchetype.healthRegen.mage=中
2026-09-09T17:16:45.2509688Z              1/1     100.0%  enum:config#config.stat-normalization@1.byArchetype.healthRegen.marksman=中
2026-09-09T17:16:45.2510723Z              1/1     100.0%  enum:config#config.stat-normalization@1.byArchetype.healthRegen.tank=中
2026-09-09T17:16:45.2511785Z              1/1     100.0%  enum:config#config.stat-normalization@1.byArchetype.manaRegen.fighter=中
2026-09-09T17:16:45.2512800Z              1/1     100.0%  enum:config#config.stat-normalization@1.byArchetype.manaRegen.mage=中
2026-09-09T17:16:45.2514146Z              1/1     100.0%  enum:config#config.stat-normalization@1.byArchetype.manaRegen.marksman=中
2026-09-09T17:16:45.2515167Z              1/1     100.0%  enum:config#config.stat-normalization@1.byArchetype.manaRegen.tank=中
2026-09-09T17:16:45.2516122Z              1/1     100.0%  enum:config#config.stat-normalization@1.byArchetype.maxHealth.fighter=中
2026-09-09T17:16:45.2517306Z              1/1     100.0%  enum:config#config.stat-normalization@1.byArchetype.maxHealth.mage=中
2026-09-09T17:16:45.2518572Z              1/1     100.0%  enum:config#config.stat-normalization@1.byArchetype.maxHealth.marksman=中
2026-09-09T17:16:45.2519535Z              1/1     100.0%  enum:config#config.stat-normalization@1.byArchetype.maxHealth.tank=中
2026-09-09T17:16:45.2520525Z              1/1     100.0%  enum:config#config.stat-normalization@1.byArchetype.maxMana.fighter=中
2026-09-09T17:16:45.2521488Z              1/1     100.0%  enum:config#config.stat-normalization@1.byArchetype.maxMana.mage=中
2026-09-09T17:16:45.2522514Z              1/1     100.0%  enum:config#config.stat-normalization@1.byArchetype.maxMana.marksman=中
2026-09-09T17:16:45.2523461Z              1/1     100.0%  enum:config#config.stat-normalization@1.byArchetype.maxMana.tank=中
2026-09-09T17:16:45.2524391Z              1/1     100.0%  enum:config#config.stat-normalization@1.byArchetype.mr.fighter=中
2026-09-09T17:16:45.2525320Z              1/1     100.0%  enum:config#config.stat-normalization@1.byArchetype.mr.mage=大
2026-09-09T17:16:45.2526292Z              1/1     100.0%  enum:config#config.stat-normalization@1.byArchetype.mr.marksman=小
2026-09-09T17:16:45.2527199Z              1/1     100.0%  enum:config#config.stat-normalization@1.byArchetype.mr.tank=小
2026-09-09T17:16:45.2528581Z              1/1     100.0%  enum:config#config.stat-normalization@1.byArchetype.ms.fighter=大
2026-09-09T17:16:45.2529483Z              1/1     100.0%  enum:config#config.stat-normalization@1.byArchetype.ms.mage=小
2026-09-09T17:16:45.2530441Z              1/1     100.0%  enum:config#config.stat-normalization@1.byArchetype.ms.marksman=中
2026-09-09T17:16:45.2531360Z              1/1     100.0%  enum:config#config.stat-normalization@1.byArchetype.ms.tank=小
2026-09-09T17:16:45.2532370Z              1/1     100.0%  enum:config#config.stat-normalization@1.byArchetype.range.fighter=中
2026-09-09T17:16:45.2533330Z              1/1     100.0%  enum:config#config.stat-normalization@1.byArchetype.range.mage=中
2026-09-09T17:16:45.2534319Z              1/1     100.0%  enum:config#config.stat-normalization@1.byArchetype.range.marksman=大
2026-09-09T17:16:45.2535265Z              1/1     100.0%  enum:config#config.stat-normalization@1.byArchetype.range.tank=中
2026-09-09T17:16:45.2536208Z              1/1     100.0%  enum:config#config.stat-normalization@1.byOrigin.ad.坦克=小
2026-09-09T17:16:45.2537169Z              1/1     100.0%  enum:config#config.stat-normalization@1.byOrigin.ad.射手=極大
2026-09-09T17:16:45.2538302Z              1/1     100.0%  enum:config#config.stat-normalization@1.byOrigin.ad.法刺=極小
2026-09-09T17:16:45.2539247Z              1/1     100.0%  enum:config#config.stat-normalization@1.byOrigin.ad.法師=小
2026-09-09T17:16:45.2540132Z              1/1     100.0%  enum:config#config.stat-normalization@1.byOrigin.ad.法鬥=大
2026-09-09T17:16:45.2541033Z              1/1     100.0%  enum:config#config.stat-normalization@1.byOrigin.ad.狂戰=大
2026-09-09T17:16:45.2541953Z              1/1     100.0%  enum:config#config.stat-normalization@1.byOrigin.ad.砲手=極大
2026-09-09T17:16:45.2542884Z              1/1     100.0%  enum:config#config.stat-normalization@1.byOrigin.ad.硬輔=小
2026-09-09T17:16:45.2543803Z              1/1     100.0%  enum:config#config.stat-normalization@1.byOrigin.ad.軟輔=小
2026-09-09T17:16:45.2544717Z              1/1     100.0%  enum:config#config.stat-normalization@1.byOrigin.ad.鬥士=大
2026-09-09T17:16:45.2545622Z              1/1     100.0%  enum:config#config.stat-normalization@1.byOrigin.ap.坦克=小
2026-09-09T17:16:45.2546563Z              1/1     100.0%  enum:config#config.stat-normalization@1.byOrigin.ap.射手=極小
2026-09-09T17:16:45.2547910Z              1/1     100.0%  enum:config#config.stat-normalization@1.byOrigin.ap.法刺=極大
2026-09-09T17:16:45.2548775Z              1/1     100.0%  enum:config#config.stat-normalization@1.byOrigin.ap.法師=大
2026-09-09T17:16:45.2549677Z              1/1     100.0%  enum:config#config.stat-normalization@1.byOrigin.ap.法鬥=大
2026-09-09T17:16:45.2550823Z              1/1     100.0%  enum:config#config.stat-normalization@1.byOrigin.ap.狂戰=小
2026-09-09T17:16:45.2551678Z              1/1     100.0%  enum:config#config.stat-normalization@1.byOrigin.ap.砲手=小
2026-09-09T17:16:45.2552588Z              1/1     100.0%  enum:config#config.stat-normalization@1.byOrigin.ap.硬輔=大
2026-09-09T17:16:45.2553525Z              1/1     100.0%  enum:config#config.stat-normalization@1.byOrigin.ap.軟輔=大
2026-09-09T17:16:45.2554445Z              1/1     100.0%  enum:config#config.stat-normalization@1.byOrigin.ap.鬥士=小
2026-09-09T17:16:45.2555397Z              1/1     100.0%  enum:config#config.stat-normalization@1.byOrigin.armor.坦克=極大
2026-09-09T17:16:45.2556348Z              1/1     100.0%  enum:config#config.stat-normalization@1.byOrigin.armor.射手=極小
2026-09-09T17:16:45.2557325Z              1/1     100.0%  enum:config#config.stat-normalization@1.byOrigin.armor.法刺=極小
2026-09-09T17:16:45.2558620Z              1/1     100.0%  enum:config#config.stat-normalization@1.byOrigin.armor.法師=小
2026-09-09T17:16:45.2559588Z              1/1     100.0%  enum:config#config.stat-normalization@1.byOrigin.armor.法鬥=小
2026-09-09T17:16:45.2560568Z              1/1     100.0%  enum:config#config.stat-normalization@1.byOrigin.armor.狂戰=小
2026-09-09T17:16:45.2561581Z              1/1     100.0%  enum:config#config.stat-normalization@1.byOrigin.armor.砲手=極小
2026-09-09T17:16:45.2562547Z              1/1     100.0%  enum:config#config.stat-normalization@1.byOrigin.armor.硬輔=大
2026-09-09T17:16:45.2563439Z              1/1     100.0%  enum:config#config.stat-normalization@1.byOrigin.armor.軟輔=小
2026-09-09T17:16:45.2564512Z              1/1     100.0%  enum:config#config.stat-normalization@1.byOrigin.armor.鬥士=中
2026-09-09T17:16:45.2565496Z              1/1     100.0%  enum:config#config.stat-normalization@1.byOrigin.as.坦克=小
2026-09-09T17:16:45.2566412Z              1/1     100.0%  enum:config#config.stat-normalization@1.byOrigin.as.射手=大
2026-09-09T17:16:45.2567326Z              1/1     100.0%  enum:config#config.stat-normalization@1.byOrigin.as.法刺=極小
2026-09-09T17:16:45.2568417Z              1/1     100.0%  enum:config#config.stat-normalization@1.byOrigin.as.法師=小
2026-09-09T17:16:45.2569344Z              1/1     100.0%  enum:config#config.stat-normalization@1.byOrigin.as.法鬥=小
2026-09-09T17:16:45.2570281Z              1/1     100.0%  enum:config#config.stat-normalization@1.byOrigin.as.狂戰=極大
2026-09-09T17:16:45.2571194Z              1/1     100.0%  enum:config#config.stat-normalization@1.byOrigin.as.砲手=小
2026-09-09T17:16:45.2572086Z              1/1     100.0%  enum:config#config.stat-normalization@1.byOrigin.as.硬輔=小
2026-09-09T17:16:45.2572960Z              1/1     100.0%  enum:config#config.stat-normalization@1.byOrigin.as.軟輔=小
2026-09-09T17:16:45.2573878Z              1/1     100.0%  enum:config#config.stat-normalization@1.byOrigin.as.鬥士=中
2026-09-09T17:16:45.2574930Z              1/1     100.0%  enum:config#config.stat-normalization@1.byOrigin.healthRegen.坦克=大
2026-09-09T17:16:45.2575971Z              1/1     100.0%  enum:config#config.stat-normalization@1.byOrigin.healthRegen.射手=小
2026-09-09T17:16:45.2576992Z              1/1     100.0%  enum:config#config.stat-normalization@1.byOrigin.healthRegen.法刺=小
2026-09-09T17:16:45.2578162Z              1/1     100.0%  enum:config#config.stat-normalization@1.byOrigin.healthRegen.法師=中
2026-09-09T17:16:45.2579186Z              1/1     100.0%  enum:config#config.stat-normalization@1.byOrigin.healthRegen.法鬥=中
2026-09-09T17:16:45.2580236Z              1/1     100.0%  enum:config#config.stat-normalization@1.byOrigin.healthRegen.狂戰=極大
2026-09-09T17:16:45.2581268Z              1/1     100.0%  enum:config#config.stat-normalization@1.byOrigin.healthRegen.砲手=小
2026-09-09T17:16:45.2582517Z              1/1     100.0%  enum:config#config.stat-normalization@1.byOrigin.healthRegen.硬輔=小
2026-09-09T17:16:45.2583512Z              1/1     100.0%  enum:config#config.stat-normalization@1.byOrigin.healthRegen.軟輔=大
2026-09-09T17:16:45.2584702Z              1/1     100.0%  enum:config#config.stat-normalization@1.byOrigin.healthRegen.鬥士=大
2026-09-09T17:16:45.2585730Z              1/1     100.0%  enum:config#config.stat-normalization@1.byOrigin.manaRegen.坦克=極小
2026-09-09T17:16:45.2586732Z              1/1     100.0%  enum:config#config.stat-normalization@1.byOrigin.manaRegen.射手=中
2026-09-09T17:16:45.2587977Z              1/1     100.0%  enum:config#config.stat-normalization@1.byOrigin.manaRegen.法刺=小
2026-09-09T17:16:45.2589023Z              1/1     100.0%  enum:config#config.stat-normalization@1.byOrigin.manaRegen.法師=中
2026-09-09T17:16:45.2590028Z              1/1     100.0%  enum:config#config.stat-normalization@1.byOrigin.manaRegen.法鬥=中
2026-09-09T17:16:45.2591091Z              1/1     100.0%  enum:config#config.stat-normalization@1.byOrigin.manaRegen.狂戰=極小
2026-09-09T17:16:45.2592103Z              1/1     100.0%  enum:config#config.stat-normalization@1.byOrigin.manaRegen.砲手=小
2026-09-09T17:16:45.2593105Z              1/1     100.0%  enum:config#config.stat-normalization@1.byOrigin.manaRegen.硬輔=小
2026-09-09T17:16:45.2594146Z              1/1     100.0%  enum:config#config.stat-normalization@1.byOrigin.manaRegen.軟輔=大
2026-09-09T17:16:45.2595158Z              1/1     100.0%  enum:config#config.stat-normalization@1.byOrigin.manaRegen.鬥士=中
2026-09-09T17:16:45.2596107Z              1/1     100.0%  enum:config#config.stat-normalization@1.byOrigin.maxHealth.坦克=大
2026-09-09T17:16:45.2596997Z              1/1     100.0%  enum:config#config.stat-normalization@1.byOrigin.maxHealth.射手=小
2026-09-09T17:16:45.2598460Z              1/1     100.0%  enum:config#config.stat-normalization@1.byOrigin.maxHealth.法刺=極小
2026-09-09T17:16:45.2599435Z              1/1     100.0%  enum:config#config.stat-normalization@1.byOrigin.maxHealth.法師=中
2026-09-09T17:16:45.2600435Z              1/1     100.0%  enum:config#config.stat-normalization@1.byOrigin.maxHealth.法鬥=中
2026-09-09T17:16:45.2601426Z              1/1     100.0%  enum:config#config.stat-normalization@1.byOrigin.maxHealth.狂戰=小
2026-09-09T17:16:45.2602411Z              1/1     100.0%  enum:config#config.stat-normalization@1.byOrigin.maxHealth.砲手=極小
2026-09-09T17:16:45.2603360Z              1/1     100.0%  enum:config#config.stat-normalization@1.byOrigin.maxHealth.硬輔=大
2026-09-09T17:16:45.2604275Z              1/1     100.0%  enum:config#config.stat-normalization@1.byOrigin.maxHealth.軟輔=小
2026-09-09T17:16:45.2605185Z              1/1     100.0%  enum:config#config.stat-normalization@1.byOrigin.maxHealth.鬥士=中
2026-09-09T17:16:45.2606138Z              1/1     100.0%  enum:config#config.stat-normalization@1.byOrigin.maxMana.坦克=極小
2026-09-09T17:16:45.2607061Z              1/1     100.0%  enum:config#config.stat-normalization@1.byOrigin.maxMana.射手=中
2026-09-09T17:16:45.2608195Z              1/1     100.0%  enum:config#config.stat-normalization@1.byOrigin.maxMana.法刺=小
2026-09-09T17:16:45.2609826Z              1/1     100.0%  enum:config#config.stat-normalization@1.byOrigin.maxMana.法師=中
2026-09-09T17:16:45.2610758Z              1/1     100.0%  enum:config#config.stat-normalization@1.byOrigin.maxMana.法鬥=中
2026-09-09T17:16:45.2611719Z              1/1     100.0%  enum:config#config.stat-normalization@1.byOrigin.maxMana.狂戰=極小
2026-09-09T17:16:45.2612602Z              1/1     100.0%  enum:config#config.stat-normalization@1.byOrigin.maxMana.砲手=小
2026-09-09T17:16:45.2613493Z              1/1     100.0%  enum:config#config.stat-normalization@1.byOrigin.maxMana.硬輔=小
2026-09-09T17:16:45.2614412Z              1/1     100.0%  enum:config#config.stat-normalization@1.byOrigin.maxMana.軟輔=小
2026-09-09T17:16:45.2615353Z              1/1     100.0%  enum:config#config.stat-normalization@1.byOrigin.maxMana.鬥士=中
2026-09-09T17:16:45.2616543Z              1/1     100.0%  enum:config#config.stat-normalization@1.byOrigin.mr.坦克=極大
2026-09-09T17:16:45.2617634Z              1/1     100.0%  enum:config#config.stat-normalization@1.byOrigin.mr.射手=極小
2026-09-09T17:16:45.2618561Z              1/1     100.0%  enum:config#config.stat-normalization@1.byOrigin.mr.法刺=極小
2026-09-09T17:16:45.2619627Z              1/1     100.0%  enum:config#config.stat-normalization@1.byOrigin.mr.法師=小
2026-09-09T17:16:45.2620510Z              1/1     100.0%  enum:config#config.stat-normalization@1.byOrigin.mr.法鬥=小
2026-09-09T17:16:45.2621389Z              1/1     100.0%  enum:config#config.stat-normalization@1.byOrigin.mr.狂戰=小
2026-09-09T17:16:45.2622286Z              1/1     100.0%  enum:config#config.stat-normalization@1.byOrigin.mr.砲手=極小
2026-09-09T17:16:45.2623172Z              1/1     100.0%  enum:config#config.stat-normalization@1.byOrigin.mr.硬輔=大
2026-09-09T17:16:45.2624056Z              1/1     100.0%  enum:config#config.stat-normalization@1.byOrigin.mr.軟輔=小
2026-09-09T17:16:45.2624920Z              1/1     100.0%  enum:config#config.stat-normalization@1.byOrigin.mr.鬥士=中
2026-09-09T17:16:45.2625823Z              1/1     100.0%  enum:config#config.stat-normalization@1.byOrigin.ms.坦克=小
2026-09-09T17:16:45.2626737Z              1/1     100.0%  enum:config#config.stat-normalization@1.byOrigin.ms.射手=中
2026-09-09T17:16:45.2628028Z              1/1     100.0%  enum:config#config.stat-normalization@1.byOrigin.ms.法刺=大
2026-09-09T17:16:45.2628925Z              1/1     100.0%  enum:config#config.stat-normalization@1.byOrigin.ms.法師=中
2026-09-09T17:16:45.2629804Z              1/1     100.0%  enum:config#config.stat-normalization@1.byOrigin.ms.法鬥=小
2026-09-09T17:16:45.2630702Z              1/1     100.0%  enum:config#config.stat-normalization@1.byOrigin.ms.狂戰=大
2026-09-09T17:16:45.2631600Z              1/1     100.0%  enum:config#config.stat-normalization@1.byOrigin.ms.砲手=大
2026-09-09T17:16:45.2632493Z              1/1     100.0%  enum:config#config.stat-normalization@1.byOrigin.ms.硬輔=小
2026-09-09T17:16:45.2633386Z              1/1     100.0%  enum:config#config.stat-normalization@1.byOrigin.ms.軟輔=小
2026-09-09T17:16:45.2634290Z              1/1     100.0%  enum:config#config.stat-normalization@1.byOrigin.ms.鬥士=中
2026-09-09T17:16:45.2635225Z              1/1     100.0%  enum:config#config.stat-normalization@1.byOrigin.range.坦克=小
2026-09-09T17:16:45.2636185Z              1/1     100.0%  enum:config#config.stat-normalization@1.byOrigin.range.射手=中
2026-09-09T17:16:45.2637135Z              1/1     100.0%  enum:config#config.stat-normalization@1.byOrigin.range.法刺=小
2026-09-09T17:16:45.2638256Z              1/1     100.0%  enum:config#config.stat-normalization@1.byOrigin.range.法師=中
2026-09-09T17:16:45.2639212Z              1/1     100.0%  enum:config#config.stat-normalization@1.byOrigin.range.法鬥=中
2026-09-09T17:16:45.2640155Z              1/1     100.0%  enum:config#config.stat-normalization@1.byOrigin.range.狂戰=小
2026-09-09T17:16:45.2641117Z              1/1     100.0%  enum:config#config.stat-normalization@1.byOrigin.range.砲手=極大
2026-09-09T17:16:45.2642077Z              1/1     100.0%  enum:config#config.stat-normalization@1.byOrigin.range.硬輔=中
2026-09-09T17:16:45.2643018Z              1/1     100.0%  enum:config#config.stat-normalization@1.byOrigin.range.軟輔=中
2026-09-09T17:16:45.2643959Z              1/1     100.0%  enum:config#config.stat-normalization@1.byOrigin.range.鬥士=中
2026-09-09T17:16:45.2644794Z              1/1     100.0%  enum:config#config.stat-normalization@1.channel.ad=growth
2026-09-09T17:16:45.2645622Z              1/1     100.0%  enum:config#config.stat-normalization@1.channel.ap=growth
2026-09-09T17:16:45.2646484Z              1/1     100.0%  enum:config#config.stat-normalization@1.channel.armor=growth
2026-09-09T17:16:45.2647302Z              1/1     100.0%  enum:config#config.stat-normalization@1.channel.as=growth
2026-09-09T17:16:45.2648438Z              1/1     100.0%  enum:config#config.stat-normalization@1.channel.healthRegen=growth
2026-09-09T17:16:45.2649292Z              1/1     100.0%  enum:config#config.stat-normalization@1.channel.manaRegen=growth
2026-09-09T17:16:45.2650507Z              1/1     100.0%  enum:config#config.stat-normalization@1.channel.maxHealth=growth
2026-09-09T17:16:45.2651360Z              1/1     100.0%  enum:config#config.stat-normalization@1.channel.maxMana=growth
2026-09-09T17:16:45.2652369Z              1/1     100.0%  enum:config#config.stat-normalization@1.channel.mr=growth
2026-09-09T17:16:45.2653237Z              1/1     100.0%  enum:config#config.stat-normalization@1.channel.ms=baseStats
2026-09-09T17:16:45.2654109Z              1/1     100.0%  enum:config#config.stat-normalization@1.channel.range=baseStats
2026-09-09T17:16:45.2654910Z              1/1     100.0%  enum:config#config.stat-normalization@1.mode=normalized
2026-09-09T17:16:45.2656038Z              1/1     100.0%  enum:config#config.stat-normalization@1.scaleByOrigin.range.坦克=melee
2026-09-09T17:16:45.2657132Z              1/1     100.0%  enum:config#config.stat-normalization@1.scaleByOrigin.range.射手=ranged
2026-09-09T17:16:45.2658600Z              1/1     100.0%  enum:config#config.stat-normalization@1.scaleByOrigin.range.法刺=melee
2026-09-09T17:16:45.2659706Z              1/1     100.0%  enum:config#config.stat-normalization@1.scaleByOrigin.range.法師=ranged
2026-09-09T17:16:45.2660772Z              1/1     100.0%  enum:config#config.stat-normalization@1.scaleByOrigin.range.法鬥=melee
2026-09-09T17:16:45.2661849Z              1/1     100.0%  enum:config#config.stat-normalization@1.scaleByOrigin.range.狂戰=melee
2026-09-09T17:16:45.2662953Z              1/1     100.0%  enum:config#config.stat-normalization@1.scaleByOrigin.range.砲手=ranged
2026-09-09T17:16:45.2664055Z              1/1     100.0%  enum:config#config.stat-normalization@1.scaleByOrigin.range.硬輔=melee
2026-09-09T17:16:45.2665149Z              1/1     100.0%  enum:config#config.stat-normalization@1.scaleByOrigin.range.軟輔=ranged
2026-09-09T17:16:45.2666223Z              1/1     100.0%  enum:config#config.stat-normalization@1.scaleByOrigin.range.鬥士=melee
2026-09-09T17:16:45.2667003Z              1/1     100.0%  enum:config#config.store@1.randomPickOwnership=block
2026-09-09T17:16:45.2667877Z              1/1     100.0%  enum:config#config.taunt@1.capOrder=nearest
2026-09-09T17:16:45.2668571Z              1/1     100.0%  enum:config#config.taunt@1.conflictMode=newest
2026-09-09T17:16:45.2669292Z              1/1     100.0%  enum:config#config.taunt@1.mobTauntMode=replace
2026-09-09T17:16:45.2669965Z              1/1     100.0%  enum:config#config.taunt@1.priority=absolute
2026-09-09T17:16:45.2670654Z              1/1     100.0%  enum:config#config.ugc@1.publishMode=immediate
2026-09-09T17:16:45.2671557Z              1/1     100.0%  enum:config#config.ui-cues@1.coinThrowButtonMode=always-enabled
2026-09-09T17:16:45.2672338Z              1/1     100.0%  enum:config#config.ui-cues@1.telegraphGroundShape=line
2026-09-09T17:16:45.2673184Z              1/1     100.0%  enum:config#config.unit-tints@1.units{}.source=slk-inherited
2026-09-09T17:16:45.2674092Z              1/1     100.0%  enum:config#config.unit-tints@1.units{}.source=w3u-base-inherited
2026-09-09T17:16:45.2674852Z              1/1     100.0%  enum:config#config.unit-tints@1.units{}.source=w3u-static
2026-09-09T17:16:45.2675814Z              1/1     100.0%  enum:config#config.unsafe-textures@1.textures[].safeBlendModes[]=additive
2026-09-09T17:16:45.2676693Z              1/1     100.0%  enum:config#config.unsafe-textures@1.textures[].safeBlendModes[]=alpha
2026-09-09T17:16:45.2677934Z              1/1     100.0%  enum:config#config.unsafe-textures@1.textures[].safeBlendModes[]=alphaKey
2026-09-09T17:16:45.2678943Z              1/1     100.0%  enum:config#config.unsafe-textures@1.textures[].safeBlendModes[]=modulate
2026-09-09T17:16:45.2679781Z              1/1     100.0%  enum:config#config.unsafe-textures@1.textures[].status=safe
2026-09-09T17:16:45.2680612Z              1/1     100.0%  enum:config#config.valhalla-sandbox@1.movementLock=anchor
2026-09-09T17:16:45.2681631Z              1/1     100.0%  enum:config#config.vfx-ability-art@1.bindings{}.family.paramSource=model
2026-09-09T17:16:45.2682905Z              1/1     100.0%  enum:config#config.vfx-ability-art@1.bindings{}.family.paramSource=ref
2026-09-09T17:16:45.2683995Z              1/1     100.0%  enum:config#config.vfx-ability-art@1.bindings{}.family.provenance=jass-literal
2026-09-09T17:16:45.2685224Z              1/1     100.0%  enum:config#config.vfx-ability-art@1.bindings{}.family.provenance=jass-spawn
2026-09-09T17:16:45.2686336Z              1/1     100.0%  enum:config#config.vfx-ability-art@1.bindings{}.family.provenance=stock-inherited
2026-09-09T17:16:45.2687550Z              1/1     100.0%  enum:config#config.vfx-ability-art@1.bindings{}.family.provenance=w3a-override
2026-09-09T17:16:45.2688579Z              1/1     100.0%  enum:config#config.vfx-ability-art@1.bindings{}.family.provenance=w3h-override
2026-09-09T17:16:45.2689386Z              1/1     100.0%  enum:config#config.vfx-ability-art@1.bindings{}.prim.size=sm
2026-09-09T17:16:45.2690447Z              1/1     100.0%  enum:config#config.vfx-ability-art@1.bindings{}.promoted.provenance=jass-literal
2026-09-09T17:16:45.2691501Z              1/1     100.0%  enum:config#config.vfx-ability-art@1.bindings{}.promoted.provenance=w3a-override
2026-09-09T17:16:45.2692533Z              1/1     100.0%  enum:config#config.vfx-ability-art@1.bindings{}.promoted.provenance=w3h-override
2026-09-09T17:16:45.2693283Z              1/1     100.0%  enum:config#config.vfx-cleanup@1.roundPurgeMode=full
2026-09-09T17:16:45.2694056Z              1/1     100.0%  enum:config#config.vfx-cleanup@1.vfxHardCapScope=scene
2026-09-09T17:16:45.2694843Z              1/2      50.0%  enum:config#config.vfx-families@1.abilities{}.family=blood
2026-09-09T17:16:45.2695652Z              1/2      50.0%  enum:config#config.vfx-families@1.abilities{}.family=missile
2026-09-09T17:16:45.2696458Z              1/2      50.0%  enum:config#config.vfx-families@1.abilities{}.family=portal
2026-09-09T17:16:45.2697276Z              1/2      50.0%  enum:config#config.vfx-families@1.abilities{}.family=starfall
2026-09-09T17:16:45.2698308Z              1/1     100.0%  enum:config#config.vfx-families@1.castHeightSource=ground
2026-09-09T17:16:45.2699066Z              1/2      50.0%  enum:config#config.vfx-families@1.families{}.element=ice
2026-09-09T17:16:45.2699803Z              1/2      50.0%  enum:config#config.vfx-families@1.families{}.element=ki
2026-09-09T17:16:45.2700568Z              1/2      50.0%  enum:config#config.vfx-families@1.families{}.element=nature
2026-09-09T17:16:45.2701354Z              1/2      50.0%  enum:config#config.vfx-families@1.families{}.element=physical
2026-09-09T17:16:45.2702131Z              1/2      50.0%  enum:config#config.vfx-families@1.families{}.element=sound
2026-09-09T17:16:45.2702944Z              1/1     100.0%  enum:config#config.vfx-families@1.families{}.groundDecal=crack
2026-09-09T17:16:45.2703762Z              1/2      50.0%  enum:config#config.vfx-families@1.families{}.primitive=column
2026-09-09T17:16:45.2704603Z              1/2      50.0%  enum:config#config.vfx-families@1.families{}.primitive=fall
2026-09-09T17:16:45.2705457Z              1/2      50.0%  enum:config#config.vfx-families@1.families{}.primitive=slash
2026-09-09T17:16:45.2706231Z              1/1     100.0%  enum:config#config.victory-podium@1.clipBronze=idle
2026-09-09T17:16:45.2707036Z              1/1     100.0%  enum:config#config.victory-podium@1.clipGold=celebrate
2026-09-09T17:16:45.2708183Z              1/1     100.0%  enum:config#config.victory-podium@1.clipSilver=idle
2026-09-09T17:16:45.2708970Z              1/1     100.0%  enum:config#config.victory-podium@1.podiumFill=shrink
2026-09-09T17:16:45.2709844Z              1/1     100.0%  enum:config#config.victory-podium@1.podiumLayout=centreFirst
2026-09-09T17:16:45.2710701Z              1/1     100.0%  enum:config#config.victory-podium@1.podiumScope=winnerTeam
2026-09-09T17:16:45.2711604Z              1/1     100.0%  enum:config#config.victory-podium@1.podiumZoneSource=localSeat
2026-09-09T17:16:45.2712692Z              1/1     100.0%  enum:config#config.victory-podium@1.roundWinLine=both
2026-09-09T17:16:45.2713521Z              1/1     100.0%  enum:config#config.victory-taunts@1.matchWin[].langs[]=en
2026-09-09T17:16:45.2714347Z              1/1     100.0%  enum:config#config.victory-taunts@1.matchWin[].langs[]=ja
2026-09-09T17:16:45.2715400Z              1/1     100.0%  enum:config#config.victory-taunts@1.matchWin[].langs[]=zh
2026-09-09T17:16:45.2716098Z              1/1     100.0%  enum:config#config.weather@1.arenas{}=clear
2026-09-09T17:16:45.2716764Z              1/1     100.0%  enum:config#config.weather@1.arenas{}=fog
2026-09-09T17:16:45.2717690Z              1/1     100.0%  enum:config#config.weather@1.arenas{}=indoor-damp
2026-09-09T17:16:45.2718370Z              1/1     100.0%  enum:config#config.weather@1.arenas{}=indoor-dry
2026-09-09T17:16:45.2719014Z              1/1     100.0%  enum:config#config.weather@1.arenas{}=rain
2026-09-09T17:16:45.2719666Z              1/1     100.0%  enum:config#config.weather@1.arenas{}=storm
2026-09-09T17:16:45.2720294Z              1/1     100.0%  enum:config#config.wounds@1.stackMode=max
2026-09-09T17:16:45.2721016Z              1/4      25.0%  enum:items.modifiers[].requires.onMismatch=reduced
2026-09-09T17:16:45.2721706Z              1/2      50.0%  enum:items.modifiers[].requires.primaryStat=INT
2026-09-09T17:16:45.2722381Z              1/2      50.0%  enum:items.modifiers[].requires.primaryStat=STR
2026-09-09T17:16:45.2722960Z              1/7      14.3%  enum:items.requiresAttackType=ranged
2026-09-09T17:16:45.2723450Z              1/7      14.3%  enum:maps.groundStyle=dirt
2026-09-09T17:16:45.2723947Z              1/7      14.3%  enum:maps.groundStyle=grass
2026-09-09T17:16:45.2724460Z              1/7      14.3%  enum:maps.groundStyle=obsidian
2026-09-09T17:16:45.2724969Z              1/7      14.3%  enum:maps.groundStyle=tatami
2026-09-09T17:16:45.2725450Z              1/7      14.3%  enum:maps.groundStyle=wood
2026-09-09T17:16:45.2726102Z              1/7      14.3%  enum:maps.interactions[].kind=toggleGate
2026-09-09T17:16:45.2726626Z              1/7      14.3%  enum:maps.template=ARENA_RING
2026-09-09T17:16:45.2727133Z              1/7      14.3%  enum:maps.template=CROSS_RING
2026-09-09T17:16:45.2727978Z              1/3      33.3%  enum:vfx-scripts.segments[]|1#anim.at=caster
2026-09-09T17:16:45.2728667Z              1/3      33.3%  enum:vfx-scripts.segments[]|1#anim.pulse=cast
2026-09-09T17:16:45.2729429Z              2/2     100.0%  enum:abilities.castTimeTier=小
2026-09-09T17:16:45.2730384Z              2/2     100.0%  enum:abilities.effects[]#applyBuff.block.lethalBasis=hpAndShields
2026-09-09T17:16:45.2731254Z              2/3      66.7%  enum:abilities.effects[]#applyBuff.condition|0|3.is=champion
2026-09-09T17:16:45.2732306Z              2/3      66.7%  enum:abilities.effects[]#applyBuff.damageTypeOverride.applyAt=afterGates
2026-09-09T17:16:45.2733219Z              2/2     100.0%  enum:abilities.effects[]#applyBuff.exclusiveOnExisting=replace
2026-09-09T17:16:45.2734070Z              2/2     100.0%  enum:abilities.effects[]#applyBuff.hooks[].consumeOn=fire
2026-09-09T17:16:45.2734963Z              2/2     100.0%  enum:abilities.effects[]#applyBuff.hooks[].critSource=thisSource
2026-09-09T17:16:45.2735860Z              2/9      22.2%  enum:abilities.effects[]#applyBuff.hooks[].damageSource=ability
2026-09-09T17:16:45.2736966Z              2/2     100.0%  enum:abilities.effects[]#applyBuff.hooks[].internalCooldownScope=perAbilitySlot
2026-09-09T17:16:45.2738027Z              2/246     0.8%  enum:abilities.effects[]#applyBuff.hooks[].on=onDeath
2026-09-09T17:16:45.2738783Z              2/246     0.8%  enum:abilities.effects[]#applyBuff.hooks[].on=onRevive
2026-09-09T17:16:45.2739636Z              2/246     0.8%  enum:abilities.effects[]#applyBuff.hooks[].on=onStatCapReached
2026-09-09T17:16:45.2740436Z              2/246     0.8%  enum:abilities.effects[]#applyBuff.hooks[].on=onStunned
2026-09-09T17:16:45.2741727Z              2/2     100.0%  enum:abilities.effects[]#applyBuff.hooks[].reflectedDamageSource=ability
2026-09-09T17:16:45.2742677Z              2/2     100.0%  enum:abilities.effects[]#applyBuff.hooks[].reflectedDamageType=magic
2026-09-09T17:16:45.2743449Z              2/44      4.5%  enum:abilities.effects[]#applyBuff.hooks[].victim=mob
2026-09-09T17:16:45.2744504Z              2/3      66.7%  enum:abilities.effects[]#applyBuff.maxStat.basis=thisSource
2026-09-09T17:16:45.2745445Z              2/553     0.4%  enum:abilities.effects[]#applyBuff.maxStat.stat=cooldownDrainRate
2026-09-09T17:16:45.2746415Z              2/21      9.5%  enum:abilities.effects[]#applyBuff.modifiers[].msBonusTier=中
2026-09-09T17:16:45.2747294Z              2/305     0.7%  enum:abilities.effects[]#applyBuff.modifiers[].op=capRaisePct
2026-09-09T17:16:45.2748494Z              2/2     100.0%  enum:abilities.effects[]#applyStatus.grantMark.lethal.restoreMode=restore
2026-09-09T17:16:45.2749137Z              2/24      8.3%  enum:abilities.effects[]#blink.to=markedUnit
2026-09-09T17:16:45.2750118Z              2/202     1.0%  enum:abilities.effects[]#chainLightning.amount.damageTier=極大
2026-09-09T17:16:45.2751055Z              2/2     100.0%  enum:abilities.effects[]#chainLightning.amount.slotRankRatios[].slot=E
2026-09-09T17:16:45.2751959Z              2/2     100.0%  enum:abilities.effects[]#chainLightning.amount.slotRankRatios[].slot=Q
2026-09-09T17:16:45.2752906Z              2/2     100.0%  enum:abilities.effects[]#chainLightning.amount.slotRankRatios[].slot=W
2026-09-09T17:16:45.2753935Z              2/4      50.0%  enum:abilities.effects[]#chainLightning.centre=caster
2026-09-09T17:16:45.2754689Z              2/4      50.0%  enum:abilities.effects[]#chainLightning.centre=point
2026-09-09T17:16:45.2755428Z              2/2     100.0%  enum:abilities.effects[]#comboStrikes.shape=single
2026-09-09T17:16:45.2756300Z              2/2     100.0%  enum:abilities.effects[]#comboStrikes.strikeReposition.who=caster
2026-09-09T17:16:45.2757086Z              2/3      66.7%  enum:abilities.effects[]#damage.resourcePct.scale=ratio
2026-09-09T17:16:45.2757993Z              2/11     18.2%  enum:abilities.effects[]#dash.distanceTier=大
2026-09-09T17:16:45.2758697Z              2/2     100.0%  enum:abilities.effects[]#delayed.advance.dir=facing
2026-09-09T17:16:45.2759514Z              2/2     100.0%  enum:abilities.effects[]#delayed.strikeReposition.who=victim
2026-09-09T17:16:45.2760129Z              2/7      28.6%  enum:abilities.effects[]#devour.shape=circle
2026-09-09T17:16:45.2760715Z              2/2     100.0%  enum:abilities.effects[]#devour.side=enemies
2026-09-09T17:16:45.2761304Z              2/6      33.3%  enum:abilities.effects[]#dispel.side=allies
2026-09-09T17:16:45.2761995Z              2/2     100.0%  enum:abilities.effects[]#dot.resourcePctPhase=onTick
2026-09-09T17:16:45.2762661Z              2/2     100.0%  enum:abilities.effects[]#extendBuff.shape=single
2026-09-09T17:16:45.2763311Z              2/2     100.0%  enum:abilities.effects[]#extendBuff.who=self
2026-09-09T17:16:45.2764187Z              2/2     100.0%  enum:abilities.effects[]#floatingText.driftFrom=casterFacing
2026-09-09T17:16:45.2764976Z              2/5      40.0%  enum:abilities.effects[]#grantAttribute.mode=pctOfCurrent
2026-09-09T17:16:45.2765735Z              2/2     100.0%  enum:abilities.effects[]#grantAttribute.store=source
2026-09-09T17:16:45.2766464Z              2/2     100.0%  enum:abilities.effects[]#knockback.applyTo=target
2026-09-09T17:16:45.2767085Z              2/12     16.7%  enum:abilities.effects[]#leap.applyTo=target
2026-09-09T17:16:45.2770824Z              2/12     16.7%  enum:abilities.effects[]#leap.mode=inPlace
2026-09-09T17:16:45.2771610Z              2/2     100.0%  enum:abilities.effects[]#modifyCooldown.basis=remaining
2026-09-09T17:16:45.2772353Z              2/6      33.3%  enum:abilities.effects[]#proxyCast.targetMode=inherit
2026-09-09T17:16:45.2773003Z              2/28      7.1%  enum:abilities.effects[]#restore.applyTo=target
2026-09-09T17:16:45.2773897Z              2/6      33.3%  enum:abilities.effects[]#shield.absorbs=all
2026-09-09T17:16:45.2774528Z              2/2     100.0%  enum:abilities.effects[]#shieldBreak.order=newest
2026-09-09T17:16:45.2775222Z              2/2     100.0%  enum:abilities.effects[]#shieldBreak.shape=single
2026-09-09T17:16:45.2775899Z              2/14     14.3%  enum:abilities.effects[]#spawnModelFx.path=fan
2026-09-09T17:16:45.2776832Z              2/14     14.3%  enum:abilities.effects[]#spawnModelFx.path=toTarget
2026-09-09T17:16:45.2777786Z              2/5      40.0%  enum:abilities.effects[]#weightedBranch.side=enemies
2026-09-09T17:16:45.2778431Z              2/43      4.7%  enum:abilities.hitFeel.sparkKind=block
2026-09-09T17:16:45.2779092Z              2/2     100.0%  enum:abilities.innateActivePassive=attach
2026-09-09T17:16:45.2779685Z              2/2     100.0%  enum:abilities.interruptOn=damage
2026-09-09T17:16:45.2780298Z              2/3      66.7%  enum:abilities.marks[].resetOn=round
2026-09-09T17:16:45.2781104Z              2/2     100.0%  enum:abilities.toggle.upkeepCadence=perAttack
2026-09-09T17:16:45.2782026Z              2/52      3.8%  enum:ability-templates.params{}.type=condition
2026-09-09T17:16:45.2782710Z              2/52      3.8%  enum:ability-templates.params{}.type=dot
2026-09-09T17:16:45.2783405Z              2/52      3.8%  enum:ability-templates.params{}.type=spawnVfx
2026-09-09T17:16:45.2784098Z              2/16     12.5%  enum:arenas.backdrop.layers[].profile=lightning
2026-09-09T17:16:45.2784679Z              2/16     12.5%  enum:arenas.backdrop.layers[].profile=sakura
2026-09-09T17:16:45.2785184Z              2/13     15.4%  enum:arenas.groundStyle=dirt
2026-09-09T17:16:45.2785710Z              2/13     15.4%  enum:arenas.groundStyle=grass
2026-09-09T17:16:45.2786528Z              2/9      22.2%  enum:augments.eligibility.requiresModeFeature[]=revive
2026-09-09T17:16:45.2787232Z              2/49      4.1%  enum:champions.origin=射手
2026-09-09T17:16:45.2788089Z              2/49      4.1%  enum:champions.origin=硬輔
2026-09-09T17:16:45.2788872Z              2/2     100.0%  enum:config#config.vfx-families@1.abilities{}.family=blink
2026-09-09T17:16:45.2789697Z              2/2     100.0%  enum:config#config.vfx-families@1.abilities{}.family=boltStrike
2026-09-09T17:16:45.2790456Z              2/2     100.0%  enum:config#config.vfx-families@1.abilities{}.family=breath
2026-09-09T17:16:45.2791225Z              2/2     100.0%  enum:config#config.vfx-families@1.abilities{}.family=burst
2026-09-09T17:16:45.2791997Z              2/2     100.0%  enum:config#config.vfx-families@1.abilities{}.family=cloud
2026-09-09T17:16:45.2792827Z              2/2     100.0%  enum:config#config.vfx-families@1.abilities{}.family=dissipate
2026-09-09T17:16:45.2793667Z              2/2     100.0%  enum:config#config.vfx-families@1.abilities{}.family=flamePillar
2026-09-09T17:16:45.2794490Z              2/2     100.0%  enum:config#config.vfx-families@1.abilities{}.family=groundDust
2026-09-09T17:16:45.2795323Z              2/2     100.0%  enum:config#config.vfx-families@1.abilities{}.family=levelUp
2026-09-09T17:16:45.2796223Z              2/2     100.0%  enum:config#config.vfx-families@1.abilities{}.family=lightColumn
2026-09-09T17:16:45.2797028Z              2/2     100.0%  enum:config#config.vfx-families@1.abilities{}.family=mark
2026-09-09T17:16:45.2798408Z              2/2     100.0%  enum:config#config.vfx-families@1.abilities{}.family=mirrorImage
2026-09-09T17:16:45.2799265Z              2/2     100.0%  enum:config#config.vfx-families@1.abilities{}.family=resurrect
2026-09-09T17:16:45.2800052Z              2/2     100.0%  enum:config#config.vfx-families@1.abilities{}.family=shine
2026-09-09T17:16:45.2800960Z              2/2     100.0%  enum:config#config.vfx-families@1.abilities{}.family=shockwaveRing
2026-09-09T17:16:45.2801780Z              2/2     100.0%  enum:config#config.vfx-families@1.abilities{}.family=tornado
2026-09-09T17:16:45.2802681Z              2/2     100.0%  enum:config#config.vfx-families@1.abilities{}.family=uncategorised
2026-09-09T17:16:45.2803738Z              2/2     100.0%  enum:config#config.vfx-families@1.families{}.element=arcane
2026-09-09T17:16:45.2804525Z              2/2     100.0%  enum:config#config.vfx-families@1.families{}.element=blood
2026-09-09T17:16:45.2805302Z              2/2     100.0%  enum:config#config.vfx-families@1.families{}.element=earth
2026-09-09T17:16:45.2806297Z              2/2     100.0%  enum:config#config.vfx-families@1.families{}.element=fire
2026-09-09T17:16:45.2807042Z              2/2     100.0%  enum:config#config.vfx-families@1.families{}.element=holy
2026-09-09T17:16:45.2808014Z              2/2     100.0%  enum:config#config.vfx-families@1.families{}.element=lightning
2026-09-09T17:16:45.2808747Z              2/2     100.0%  enum:config#config.vfx-families@1.families{}.element=void
2026-09-09T17:16:45.2809463Z              2/2     100.0%  enum:config#config.vfx-families@1.families{}.element=wind
2026-09-09T17:16:45.2810238Z              2/2     100.0%  enum:config#config.vfx-families@1.families{}.primitive=beam
2026-09-09T17:16:45.2811013Z              2/2     100.0%  enum:config#config.vfx-families@1.families{}.primitive=bolt
2026-09-09T17:16:45.2811805Z              2/2     100.0%  enum:config#config.vfx-families@1.families{}.primitive=dash
2026-09-09T17:16:45.2812669Z              2/2     100.0%  enum:config#config.vfx-families@1.families{}.primitive=explosion
2026-09-09T17:16:45.2813434Z              2/2     100.0%  enum:config#config.vfx-families@1.families{}.primitive=nova
2026-09-09T17:16:45.2814230Z              2/2     100.0%  enum:config#config.vfx-families@1.families{}.primitive=pulse
2026-09-09T17:16:45.2815059Z              2/2     100.0%  enum:config#config.vfx-families@1.families{}.primitive=shockwave
2026-09-09T17:16:45.2815845Z              2/2     100.0%  enum:config#config.vfx-families@1.families{}.primitive=swarm
2026-09-09T17:16:45.2816653Z              2/2     100.0%  enum:config#config.vfx-families@1.families{}.primitive=tornado
2026-09-09T17:16:45.2817173Z              2/142     1.4%  enum:items.craftRole=service
2026-09-09T17:16:45.2818001Z              2/4      50.0%  enum:items.modifiers[].requires.attackType=ranged
2026-09-09T17:16:45.2818495Z              2/7      28.6%  enum:maps.groundStyle=stone
2026-09-09T17:16:45.2819023Z              2/7      28.6%  enum:maps.template=DOUBLE_LOOP
2026-09-09T17:16:45.2819504Z              2/7      28.6%  enum:models.fxLongAxis=x
2026-09-09T17:16:45.2820219Z              2/2     100.0%  enum:vfx-scripts.segments[]|1#hideBody.at=caster
2026-09-09T17:16:45.2821026Z              3/26     11.5%  enum:abilities.effects[]#applyBuff.condition|0|2|1.stat=ad
2026-09-09T17:16:45.2821958Z              3/7      42.9%  enum:abilities.effects[]#applyBuff.damageTypeOverride.scope=ability
2026-09-09T17:16:45.2822779Z              3/3     100.0%  enum:abilities.effects[]#applyBuff.hooks[].damageCrit=crit
2026-09-09T17:16:45.2823658Z              3/3     100.0%  enum:abilities.effects[]#applyBuff.hooks[].onConsumed=detachSource
2026-09-09T17:16:45.2824470Z              3/553     0.5%  enum:abilities.effects[]#applyBuff.maxStat.stat=spellVamp
2026-09-09T17:16:45.2825217Z              3/13     23.1%  enum:abilities.effects[]#applyStatus.applyTo=target
2026-09-09T17:16:45.2825946Z              3/6      50.0%  enum:abilities.effects[]#damage.hpPct.basis=current
2026-09-09T17:16:45.2826653Z              3/6      50.0%  enum:abilities.effects[]#damage.hpPct.basis=max
2026-09-09T17:16:45.2827814Z              3/11     27.3%  enum:abilities.effects[]#dash.distanceTier=極小
2026-09-09T17:16:45.2828540Z              3/5      60.0%  enum:abilities.effects[]#grantAttribute.mode=flat
2026-09-09T17:16:45.2829329Z              3/21     14.3%  enum:abilities.effects[]#invulnerable.blocksDamage=none
2026-09-09T17:16:45.2830002Z              3/25     12.0%  enum:abilities.effects[]#knockback.from=pull
2026-09-09T17:16:45.2830761Z              3/7      42.9%  enum:abilities.effects[]#spendMana.applyTo=target
2026-09-09T17:16:45.2831701Z              3/3     100.0%  enum:abilities.effects[]#summon.formation=ring
2026-09-09T17:16:45.2832462Z              3/5      60.0%  enum:abilities.effects[]#weightedBranch.side=allies
2026-09-09T17:16:45.2833216Z              3/9      33.3%  enum:abilities.passive.ranks[].auras[].affects=ally
2026-09-09T17:16:45.2833888Z              3/52      5.8%  enum:ability-templates.params{}.type=effects
2026-09-09T17:16:45.2834807Z              3/52      5.8%  enum:ability-templates.params{}.type=statModifiers
2026-09-09T17:16:45.2835474Z              3/47      6.4%  enum:ability-templates.params{}.unit=wc3h
2026-09-09T17:16:45.2836151Z              3/16     18.8%  enum:arenas.backdrop.layers[].profile=peaks
2026-09-09T17:16:45.2836804Z              3/20     15.0%  enum:arenas.scenery.lighting.wave=flicker
2026-09-09T17:16:45.2837599Z              3/20     15.0%  enum:arenas.scenery.lighting.wave=storm
2026-09-09T17:16:45.2838372Z              3/9      33.3%  enum:augments.eligibility.requiresModeFeature[]=team
2026-09-09T17:16:45.2839036Z              3/71      4.2%  enum:champions.attributes.source=authored
2026-09-09T17:16:45.2839763Z              3/4      75.0%  enum:items.modifiers[].requires.attackType=melee
2026-09-09T17:16:45.2840477Z              3/4      75.0%  enum:items.modifiers[].requires.onMismatch=block
2026-09-09T17:16:45.2841040Z              3/7      42.9%  enum:maps.template=CENTRAL_RING
2026-09-09T17:16:45.2841653Z              3/696     0.4%  enum:vfx#ribbon@1.blendMode=alphaKey
2026-09-09T17:16:45.2842233Z              3/3     100.0%  enum:vfx#vfx@1.orient.yawFrom=aim
2026-09-09T17:16:45.2842924Z              3/3     100.0%  enum:vfx-scripts.segments[]|1#anim.at=target
2026-09-09T17:16:45.2843541Z              3/10     30.0%  enum:vfx-scripts.segments[]|1#anim.on=strike
2026-09-09T17:16:45.2844122Z              3/3     100.0%  enum:vfx-scripts.segments[]|1#anim.pulse=hurt
2026-09-09T17:16:45.2844849Z              3/3     100.0%  enum:vfx-scripts.segments[]|1#floatingText.at=target
2026-09-09T17:16:45.2845388Z              4/492     0.8%  enum:abilities.castType=dash
2026-09-09T17:16:45.2846261Z              4/22     18.2%  enum:abilities.effects[]#applyBuff.condition|0|2|0.mode=absolute
2026-09-09T17:16:45.2847235Z              4/4     100.0%  enum:abilities.effects[]#applyBuff.damageTypeOverride.impactType=original
2026-09-09T17:16:45.2848280Z              4/7      57.1%  enum:abilities.effects[]#applyBuff.damageTypeOverride.scope=basic
2026-09-09T17:16:45.2849045Z              4/186     2.2%  enum:abilities.effects[]#applyBuff.hooks[].target=allies
2026-09-09T17:16:45.2849975Z              4/202     2.0%  enum:abilities.effects[]#chainLightning.amount.damageTier=中
2026-09-09T17:16:45.2850877Z              4/5      80.0%  enum:abilities.effects[]#chainLightning.onHitTargetsMode=perTarget
2026-09-09T17:16:45.2851623Z              4/4     100.0%  enum:abilities.effects[]#chainLightning.shape=circle
2026-09-09T17:16:45.2852370Z              4/37     10.8%  enum:abilities.effects[]#damageLine.fromSummonSlot=EX
2026-09-09T17:16:45.2853041Z              4/13     30.8%  enum:abilities.effects[]#delayed.side=allies
2026-09-09T17:16:45.2853664Z              4/6      66.7%  enum:abilities.effects[]#dispel.side=enemies
2026-09-09T17:16:45.2854459Z              4/4     100.0%  enum:abilities.effects[]#eventValueConversion.basis=hpLost
2026-09-09T17:16:45.2855217Z              4/5      80.0%  enum:abilities.effects[]#eventValueConversion.to=mana
2026-09-09T17:16:45.2855970Z              4/16     25.0%  enum:abilities.effects[]#floatingText.applyTo=victim
2026-09-09T17:16:45.2856602Z              4/4     100.0%  enum:abilities.effects[]#grantGold.to=self
2026-09-09T17:16:45.2857346Z              4/17     23.5%  enum:abilities.effects[]#modifyCooldown.mode=reduce
2026-09-09T17:16:45.2858429Z              4/6      66.7%  enum:abilities.effects[]#proxyCast.targetMode=reresolve
2026-09-09T17:16:45.2859092Z              4/4     100.0%  enum:abilities.effects[]#revive.side=ally
2026-09-09T17:16:45.2860068Z              4/4     100.0%  enum:abilities.effects[]#revive.teamCharge=ignore
2026-09-09T17:16:45.2860766Z              4/28     14.3%  enum:abilities.effects[]#screenShake.applyTo=nearby
2026-09-09T17:16:45.2861418Z              4/28     14.3%  enum:abilities.effects[]#screenShake.shape=circle
2026-09-09T17:16:45.2862082Z              4/6      66.7%  enum:abilities.effects[]#shield.absorbs=magic
2026-09-09T17:16:45.2862956Z              4/14     28.6%  enum:abilities.effects[]#spawnModelFx.path=forward
2026-09-09T17:16:45.2863665Z              4/4     100.0%  enum:abilities.effects[]#spawnModelFx.touchSide=enemies
2026-09-09T17:16:45.2864259Z              4/7      57.1%  enum:abilities.effects[]#spendMana.applyTo=self
2026-09-09T17:16:45.2864830Z              4/4     100.0%  enum:abilities.effects[]#summon.at=point
2026-09-09T17:16:45.2865418Z              4/4     100.0%  enum:abilities.effects[]#summon.team=owner
2026-09-09T17:16:45.2866255Z              4/4     100.0%  enum:abilities.effects[]#weightedBranch.branches[].weightFrom.attr=agi
2026-09-09T17:16:45.2866807Z              4/43      9.3%  enum:abilities.hitFeel.sparkKind=ice
2026-09-09T17:16:45.2867746Z              4/16     25.0%  enum:arenas.backdrop.layers[].profile=pagoda
2026-09-09T17:16:45.2868400Z              4/16     25.0%  enum:arenas.backdrop.layers[].profile=torii
2026-09-09T17:16:45.2869044Z              4/49      8.2%  enum:champions.origin=坦克
2026-09-09T17:16:45.2869611Z              4/49      8.2%  enum:champions.origin=法刺
2026-09-09T17:16:45.2870184Z              4/49      8.2%  enum:champions.origin=狂戰
2026-09-09T17:16:45.2871250Z              4/49      8.2%  enum:champions.origin=軟輔
2026-09-09T17:16:45.2871918Z              4/4     100.0%  enum:vfx-scripts.yields[]=caster.castFx
2026-09-09T17:16:45.2872712Z              5/28     17.9%  enum:abilities.effects[]#applyBuff.condition|0|2|0.op=>
2026-09-09T17:16:45.2873638Z              5/7      71.4%  enum:abilities.effects[]#applyBuff.damageTypeOverride.becomes=true
2026-09-09T17:16:45.2874415Z              5/246     2.0%  enum:abilities.effects[]#applyBuff.hooks[].on=onAllyDeath
2026-09-09T17:16:45.2875193Z              5/246     2.0%  enum:abilities.effects[]#applyBuff.hooks[].on=onStatusApplied
2026-09-09T17:16:45.2876000Z              5/100     5.0%  enum:abilities.effects[]#blink.radiusTier=極大
2026-09-09T17:16:45.2876637Z              5/7      71.4%  enum:abilities.effects[]#devour.shape=single
2026-09-09T17:16:45.2877280Z              5/5     100.0%  enum:abilities.effects[]#dispel.order=newest
2026-09-09T17:16:45.2878275Z              5/5     100.0%  enum:abilities.effects[]#eventValueConversion.shape=single
2026-09-09T17:16:45.2879573Z              5/5     100.0%  enum:abilities.effects[]#eventValueConversion.source=incomingDamage
2026-09-09T17:16:45.2880363Z              5/5     100.0%  enum:abilities.effects[]#eventValueConversion.who=self
2026-09-09T17:16:45.2881085Z              5/7      71.4%  enum:abilities.effects[]#grantAttribute.attr=str
2026-09-09T17:16:45.2882657Z              5/5     100.0%  enum:abilities.effects[]#proxyCast.rankMode=casterRank
2026-09-09T17:16:45.2883381Z              5/9      55.6%  enum:abilities.effects[]#screenFlash.applyTo=all
2026-09-09T17:16:45.2884115Z              5/5     100.0%  enum:abilities.effects[]#summon.onOwnerDeath=despawn
2026-09-09T17:16:45.2884843Z              5/12     41.7%  enum:abilities.effects[]#weightedBranch.shape=circle
2026-09-09T17:16:45.2885565Z              5/123     4.1%  enum:abilities.radiusTier=極大
2026-09-09T17:16:45.2886243Z              5/16     31.3%  enum:arenas.backdrop.layers[].profile=shards
2026-09-09T17:16:45.2886785Z              5/13     38.5%  enum:arenas.groundStyle=stone
2026-09-09T17:16:45.2887566Z              5/7      71.4%  enum:maps.regions[].role=platform
2026-09-09T17:16:45.2888051Z              5/7      71.4%  enum:models.fxLongAxis=y
2026-09-09T17:16:45.2888606Z              5/21     23.8%  enum:projectiles.meshShape=orb
2026-09-09T17:16:45.2889333Z              5/10     50.0%  enum:vfx-scripts.segments[]|1#anim.on=castEffect
2026-09-09T17:16:45.2890327Z              5/10     50.0%  enum:vfx-scripts.segments[]|1#anim.on=castStart
2026-09-09T17:16:45.2891048Z              6/6     100.0%  enum:abilities.cooldownShape=單體
2026-09-09T17:16:45.2891836Z              6/28     21.4%  enum:abilities.effects[]#applyBuff.condition|0|2|0.op=<
2026-09-09T17:16:45.2892864Z              6/26     23.1%  enum:abilities.effects[]#applyBuff.condition|0|2|0.stat=mp
2026-09-09T17:16:45.2893695Z              6/6     100.0%  enum:abilities.effects[]#applyBuff.hooks[].damageType=magic
2026-09-09T17:16:45.2894462Z              6/44     13.6%  enum:abilities.effects[]#applyBuff.hooks[].victim=any
2026-09-09T17:16:45.2895396Z              6/21     28.6%  enum:abilities.effects[]#applyBuff.modifiers[].msBonusTier=大
2026-09-09T17:16:45.2896100Z              6/33     18.2%  enum:abilities.effects[]#championForm.to=toggle
2026-09-09T17:16:45.2896907Z              6/26     23.1%  enum:abilities.effects[]#damage.resourcePct.resource=mana
2026-09-09T17:16:45.2898010Z              6/11     54.5%  enum:abilities.effects[]#dash.distanceTier=極大
2026-09-09T17:16:45.2898622Z              6/18     33.3%  enum:abilities.effects[]#dash.mode=toPoint
2026-09-09T17:16:45.2918084Z              6/7      85.7%  enum:abilities.effects[]#devour.victim=any
2026-09-09T17:16:45.2918804Z              6/22     27.3%  enum:abilities.effects[]#dispel.shape=circle
2026-09-09T17:16:45.2919550Z              6/7      85.7%  enum:abilities.effects[]#grantAttribute.attr=agi
2026-09-09T17:16:45.2920257Z              6/7      85.7%  enum:abilities.effects[]#grantAttribute.attr=int
2026-09-09T17:16:45.2920974Z              6/9      66.7%  enum:abilities.effects[]#screenFlash.applyTo=self
2026-09-09T17:16:45.2921702Z              6/9      66.7%  enum:abilities.effects[]#screenFlash.applyTo=victim
2026-09-09T17:16:45.2922450Z              6/9      66.7%  enum:abilities.passive.ranks[].auras[].affects=enemy
2026-09-09T17:16:45.2923125Z              6/16     37.5%  enum:arenas.backdrop.layers[].profile=towers
2026-09-09T17:16:45.2923763Z              6/20     30.0%  enum:arenas.scenery.lighting.wave=breathe
2026-09-09T17:16:45.2924556Z              6/19     31.6%  enum:augments.eligibility.excludeSelfMechanic[]=evasion
2026-09-09T17:16:45.2925331Z              6/19     31.6%  enum:augments.eligibility.excludeSelfMechanic[]=reflect
2026-09-09T17:16:45.2926065Z              6/9      66.7%  enum:augments.eligibility.requiresAbilitySlots[]=E
2026-09-09T17:16:45.2926790Z              6/9      66.7%  enum:augments.eligibility.requiresAbilitySlots[]=Q
2026-09-09T17:16:45.2927747Z              6/9      66.7%  enum:augments.eligibility.requiresAbilitySlots[]=W
2026-09-09T17:16:45.2928385Z              6/49     12.2%  enum:champions.origin=法師
2026-09-09T17:16:45.2928876Z              6/142     4.2%  enum:items.craftRole=quest
2026-09-09T17:16:45.2929453Z              6/7      85.7%  enum:items.requiresAttackType=melee
2026-09-09T17:16:45.2929988Z              6/7      85.7%  enum:maps.regions[].role=outer
2026-09-09T17:16:45.2930807Z              7/7     100.0%  enum:abilities.effects[]#applyBuff.condition|0|6|1.slot=EX
2026-09-09T17:16:45.2931678Z              7/9      77.8%  enum:abilities.effects[]#applyBuff.hooks[].damageSource=basic
2026-09-09T17:16:45.2932522Z              7/246     2.8%  enum:abilities.effects[]#applyBuff.hooks[].on=onDamageDealt
2026-09-09T17:16:45.2933302Z              7/44     15.9%  enum:abilities.effects[]#applyBuff.hooks[].victim=enemy
2026-09-09T17:16:45.2934268Z              7/21     33.3%  enum:abilities.effects[]#applyBuff.modifiers[].msBonusTier=極小
2026-09-09T17:16:45.2934910Z              7/18     38.9%  enum:abilities.effects[]#dispel.polarity=buff
2026-09-09T17:16:45.2935613Z              7/23     30.4%  enum:abilities.effects[]#spawnModelFx.anchor=target
2026-09-09T17:16:45.2936198Z              7/7     100.0%  enum:abilities.effects[]#summon.body=self
2026-09-09T17:16:45.2936893Z              7/12     58.3%  enum:abilities.effects[]#weightedBranch.shape=single
2026-09-09T17:16:45.2938212Z              7/52     13.5%  enum:ability-templates.params{}.type=applyStatus
2026-09-09T17:16:45.2938884Z              7/52     13.5%  enum:ability-templates.params{}.type=rgb
2026-09-09T17:16:45.2939561Z              7/7     100.0%  enum:arenas.zones[].interactions[].kind=capture
2026-09-09T17:16:45.2940225Z              7/7     100.0%  enum:arenas.zones[].interactions[].kind=pickup
2026-09-09T17:16:45.2940938Z              7/7     100.0%  enum:maps.gimmick.kind=routeSwap
2026-09-09T17:16:45.2941524Z              7/7     100.0%  enum:maps.interactions[].kind=capture
2026-09-09T17:16:45.2942107Z              7/7     100.0%  enum:maps.interactions[].kind=pickup
2026-09-09T17:16:45.2942669Z              7/7     100.0%  enum:maps.regions[].role=corridor
2026-09-09T17:16:45.2943205Z              7/7     100.0%  enum:maps.regions[].role=court
2026-09-09T17:16:45.2943761Z              7/7     100.0%  enum:maps.regions[].role=landmark
2026-09-09T17:16:45.2944310Z              7/21     33.3%  enum:projectiles.meshShape=shard
2026-09-09T17:16:45.2945052Z              8/58     13.8%  enum:abilities.effects[]#applyBuff.applyTo=target
2026-09-09T17:16:45.2945848Z              8/28     28.6%  enum:abilities.effects[]#applyBuff.condition|0|2|0.op=>=
2026-09-09T17:16:45.2946639Z              8/8     100.0%  enum:abilities.effects[]#applyBuff.condition|0|9.slot=EX
2026-09-09T17:16:45.2947626Z              8/44     18.2%  enum:abilities.effects[]#applyBuff.hooks[].victim=champion
2026-09-09T17:16:45.2948535Z              8/553     1.4%  enum:abilities.effects[]#applyBuff.maxStat.stat=outputDamagePct
2026-09-09T17:16:45.2949452Z              8/553     1.4%  enum:abilities.effects[]#applyBuff.maxStat.stat=outputHealingPct
2026-09-09T17:16:45.2950335Z              8/553     1.4%  enum:abilities.effects[]#applyBuff.maxStat.stat=outputShieldPct
2026-09-09T17:16:45.2951286Z              8/21     38.1%  enum:abilities.effects[]#applyBuff.modifiers[].msBonusTier=小
2026-09-09T17:16:45.2952120Z              8/305     2.6%  enum:abilities.effects[]#applyBuff.modifiers[].op=percentOf
2026-09-09T17:16:45.2953158Z              8/48     16.7%  enum:abilities.effects[]#chainLightning.amount.damageTierPerRank[]=大
2026-09-09T17:16:45.2953857Z              8/8     100.0%  enum:abilities.effects[]#delayed.anchor=caster
2026-09-09T17:16:45.2954582Z              8/8     100.0%  enum:abilities.effects[]#proxyCast.payCosts=none
2026-09-09T17:16:45.2955313Z              8/8     100.0%  enum:abilities.effects[]#proxyCast.shape=single
2026-09-09T17:16:45.2956018Z              8/16     50.0%  enum:arenas.backdrop.layers[].profile=cloudSea
2026-09-09T17:16:45.2956672Z              8/20     40.0%  enum:arenas.scenery.lighting.wave=sweep
2026-09-09T17:16:45.2991146Z              8/9      88.9%  enum:augments.eligibility.requiresAbilitySlots[]=R
2026-09-09T17:16:45.2992162Z              9/10     90.0%  enum:abilities.augment.targets[].ops[].mode=add
2026-09-09T17:16:45.2992970Z              9/10     90.0%  enum:abilities.augment.targets[].ops[].op=damageCoeffAp
2026-09-09T17:16:45.2993819Z              9/305     3.0%  enum:abilities.effects[]#applyBuff.modifiers[].op=capRaise
2026-09-09T17:16:45.2994648Z              9/26     34.6%  enum:abilities.effects[]#damage.resourcePct.subject=self
2026-09-09T17:16:45.2995324Z              9/13     69.2%  enum:abilities.effects[]#delayed.side=enemies
2026-09-09T17:16:45.2996052Z              9/9     100.0%  enum:abilities.effects[]#screenFlash.shape=single
2026-09-09T17:16:45.2996737Z              9/257     3.5%  enum:abilities.manaCostTier=大
2026-09-09T17:16:45.2997303Z              9/49     18.4%  enum:champions.origin=法鬥
2026-09-09T17:16:45.2998362Z              9/21     42.9%  enum:projectiles.meshShape=bolt
2026-09-09T17:16:45.2999102Z              9/9     100.0%  enum:vfx-scripts.segments[]|1#modelFx.path=static
2026-09-09T17:16:45.2999851Z             10/246     4.1%  enum:abilities.effects[]#applyBuff.hooks[].on=onEvade
2026-09-09T17:16:45.3000537Z             10/35     28.6%  enum:abilities.effects[]#applyBuff.polarity=buff
2026-09-09T17:16:45.3001569Z             10/13     76.9%  enum:abilities.effects[]#applyStatus.applyTo=self
2026-09-09T17:16:45.3002237Z             10/36     27.8%  enum:abilities.effects[]#damageLine.aim=facing
2026-09-09T17:16:45.3002866Z             10/12     83.3%  enum:abilities.effects[]#leap.applyTo=self
2026-09-09T17:16:45.3003661Z             10/12     83.3%  enum:abilities.effects[]#leap.mode=toPoint
2026-09-09T17:16:45.3004317Z             10/10    100.0%  enum:abilities.effects[]#randomArea.who=self
2026-09-09T17:16:45.3005031Z             10/10    100.0%  enum:abilities.passive.ranks[].whileForm=alternate
2026-09-09T17:16:45.3005886Z             10/19     52.6%  enum:augments.eligibility.excludeSelfMechanic[]=abilityDamage
2026-09-09T17:16:45.3006455Z             10/60     16.7%  enum:augments.selectionSlot=generic
2026-09-09T17:16:45.3007033Z             10/10    100.0%  enum:vfx-scripts.schema=vfx-script@1
2026-09-09T17:16:45.3007824Z             11/24     45.8%  enum:abilities.effects[]#blink.to=point
2026-09-09T17:16:45.3008518Z             11/18     61.1%  enum:abilities.effects[]#dispel.polarity=debuff
2026-09-09T17:16:45.3009082Z             11/58     19.0%  enum:ability-templates.status=draft
2026-09-09T17:16:45.3009866Z             12/28     42.9%  enum:abilities.effects[]#applyBuff.condition|0|2|0.op=<=
2026-09-09T17:16:45.3010680Z             12/305     3.9%  enum:abilities.effects[]#applyBuff.modifiers[].op=override
2026-09-09T17:16:45.3011324Z             12/24     50.0%  enum:abilities.effects[]#blink.to=targetUnit
2026-09-09T17:16:45.3012089Z             12/26     46.2%  enum:abilities.effects[]#damage.resourcePct.basis=current
2026-09-09T17:16:45.3012704Z             12/18     66.7%  enum:abilities.effects[]#dash.mode=forward
2026-09-09T17:16:45.3013418Z             12/16     75.0%  enum:abilities.effects[]#floatingText.applyTo=self
2026-09-09T17:16:45.3014101Z             12/14     85.7%  enum:abilities.effects[]#spawnModelFx.path=orbit
2026-09-09T17:16:45.3014779Z             12/12    100.0%  enum:abilities.effects[]#spawnVfx.boneOn=victim
2026-09-09T17:16:45.3015452Z             12/43     27.9%  enum:abilities.hitFeel.shakeStyle=directional
2026-09-09T17:16:45.3016057Z             12/43     27.9%  enum:abilities.hitFeel.sparkKind=magic
2026-09-09T17:16:45.3016686Z             12/47     25.5%  enum:ability-templates.params{}.unit=count
2026-09-09T17:16:45.3017813Z             13/13    100.0%  enum:abilities.effects[]#applyBuff.condition|0|10.form=alternate
2026-09-09T17:16:45.3018541Z             13/14     92.9%  enum:abilities.effects[]#applyBuff.permanentScope=round
2026-09-09T17:16:45.3019271Z             13/26     50.0%  enum:abilities.effects[]#damage.resourcePct.basis=max
2026-09-09T17:16:45.3019906Z             13/48     27.1%  enum:abilities.effects[]#delayed.shape=circle
2026-09-09T17:16:45.3020623Z             13/14     92.9%  enum:abilities.effects[]#delayed.targetMode=reresolve
2026-09-09T17:16:45.3021316Z             13/17     76.5%  enum:abilities.effects[]#modifyCooldown.mode=reset
2026-09-09T17:16:45.3021958Z             13/49     26.5%  enum:champions.origin=鬥士
2026-09-09T17:16:45.3022544Z             14/248     5.6%  enum:abilities.rangeTier=極小
2026-09-09T17:16:45.3023089Z             14/696     2.0%  enum:vfx#ribbon@1.blendMode=modulate
2026-09-09T17:16:45.3023727Z             15/93     16.1%  enum:abilities.effects[]#spawnVfx.at=bone
2026-09-09T17:16:45.3024533Z             16/26     61.5%  enum:abilities.effects[]#applyBuff.condition|0|2|0.stat=hp
2026-09-09T17:16:45.3025277Z             16/16    100.0%  enum:abilities.effects[]#floatingText.shape=single
2026-09-09T17:16:45.3025915Z             16/93     17.2%  enum:abilities.effects[]#spawnVfx.at=target
2026-09-09T17:16:45.3026479Z             16/248     6.5%  enum:abilities.rangeTier=小
2026-09-09T17:16:45.3027100Z             16/47     34.0%  enum:ability-templates.params{}.unit=ratio
2026-09-09T17:16:45.3027900Z             16/16    100.0%  enum:arenas.backdrop.layers[].profile=flat
2026-09-09T17:16:45.3028690Z             16/142    11.3%  enum:items.craftRole=component
2026-09-09T17:16:45.3029532Z             17/246     6.9%  enum:abilities.effects[]#applyBuff.hooks[].on=onReflectSuccess
2026-09-09T17:16:45.3030284Z             17/17    100.0%  enum:abilities.effects[]#modifyCooldown.shape=single
2026-09-09T17:16:45.3031139Z             17/17    100.0%  enum:abilities.effects[]#modifyCooldown.who=self
2026-09-09T17:16:45.3031992Z             18/22     81.8%  enum:abilities.effects[]#applyBuff.condition|0|2|0.mode=percent
2026-09-09T17:16:45.3032723Z             18/100    18.0%  enum:abilities.effects[]#blink.radiusTier=大
2026-09-09T17:16:45.3033528Z             18/26     69.2%  enum:abilities.effects[]#damage.resourcePct.subject=target
2026-09-09T17:16:45.3034269Z             18/37     48.6%  enum:abilities.effects[]#damageLine.fromSummonSlot=R
2026-09-09T17:16:45.3034915Z             18/22     81.8%  enum:abilities.effects[]#dispel.shape=single
2026-09-09T17:16:45.3035662Z             18/21     85.7%  enum:abilities.effects[]#invulnerable.blocksDamage=all
2026-09-09T17:16:45.3036316Z             18/47     38.3%  enum:ability-templates.params{}.unit=wc3u
2026-09-09T17:16:45.3036891Z             18/51     35.3%  enum:status-effects.polarity=buff
2026-09-09T17:16:45.3037855Z             19/100    19.0%  enum:abilities.effects[]#blink.radiusTier=極小
2026-09-09T17:16:45.3038586Z             19/23     82.6%  enum:abilities.effects[]#spawnModelFx.anchor=self
2026-09-09T17:16:45.3039146Z             19/123    15.4%  enum:abilities.radiusTier=大
2026-09-09T17:16:45.3039786Z             19/20     95.0%  enum:arenas.scenery.props[].facing=faceIn
2026-09-09T17:16:45.3040397Z             19/71     26.8%  enum:champions.attributes.primary=INT
2026-09-09T17:16:45.3041296Z             20/202     9.9%  enum:abilities.effects[]#chainLightning.amount.damageTier=大
2026-09-09T17:16:45.3042217Z             20/26     76.9%  enum:abilities.effects[]#damage.resourcePct.resource=health
2026-09-09T17:16:45.3042851Z             20/123    16.3%  enum:abilities.radiusTier=極小
2026-09-09T17:16:45.3043485Z             20/20    100.0%  enum:arenas.scenery.props[].facing=random
2026-09-09T17:16:45.3044041Z             20/71     28.2%  enum:champions.attackType=ranged
2026-09-09T17:16:45.3044673Z             20/40     50.0%  enum:champions.transform.role=alternate
2026-09-09T17:16:45.3045257Z             20/40     50.0%  enum:champions.transform.role=base
2026-09-09T17:16:45.3046020Z             21/37     56.8%  enum:abilities.effects[]#damageLine.fromSummonSlot=E
2026-09-09T17:16:45.3046760Z             21/21    100.0%  enum:abilities.effects[]#invulnerable.applyTo=self
2026-09-09T17:16:45.3047341Z             21/123    17.1%  enum:abilities.radiusTier=小
2026-09-09T17:16:45.3050714Z             22/246     8.9%  enum:abilities.effects[]#applyBuff.hooks[].on=onInterval
2026-09-09T17:16:45.3051485Z             22/246     8.9%  enum:abilities.effects[]#applyBuff.hooks[].on=onKill
2026-09-09T17:16:45.3052562Z             22/48     45.8%  enum:abilities.effects[]#chainLightning.amount.damageTierPerRank[]=中
2026-09-09T17:16:45.3053333Z             22/37     59.5%  enum:abilities.effects[]#damageLine.fromSummonSlot=Q
2026-09-09T17:16:45.3054019Z             22/23     95.7%  enum:abilities.effects[]#dot.stacking=refresh
2026-09-09T17:16:45.3054830Z             24/246     9.8%  enum:abilities.effects[]#applyBuff.hooks[].on=onAbilityCast
2026-09-09T17:16:45.3055566Z             24/246     9.8%  enum:abilities.effects[]#applyBuff.hooks[].on=onAbilityHit
2026-09-09T17:16:45.3056361Z             24/44     54.5%  enum:abilities.effects[]#applyBuff.hooks[].victim=enemyChampion
2026-09-09T17:16:45.3057082Z             24/553     4.3%  enum:abilities.effects[]#applyBuff.maxStat.stat=evasion
2026-09-09T17:16:45.3057860Z             24/24    100.0%  enum:abilities.effects[]#blink.applyTo=self
2026-09-09T17:16:45.3058455Z             24/24    100.0%  enum:abilities.effects[]#blink.shape=single
2026-09-09T17:16:45.3059098Z             24/25     96.0%  enum:abilities.effects[]#knockback.from=caster
2026-09-09T17:16:45.3060003Z             24/28     85.7%  enum:abilities.effects[]#screenShake.applyTo=all
2026-09-09T17:16:45.3062491Z             24/28     85.7%  enum:abilities.effects[]#screenShake.shape=single
2026-09-09T17:16:45.3063083Z             24/24    100.0%  enum:abilities.vfxLayers[].attachTo=point
2026-09-09T17:16:45.3064180Z             24/52     46.2%  enum:ability-templates.params{}.type=docRef
2026-09-09T17:16:45.3064783Z             24/52     46.2%  enum:ability-templates.params{}.type=scaling
2026-09-09T17:16:45.3065347Z             24/71     33.8%  enum:champions.attributes.primary=STR
2026-09-09T17:16:45.3066017Z             25/35     71.4%  enum:abilities.effects[]#applyBuff.polarity=debuff
2026-09-09T17:16:45.3066566Z             25/43     58.1%  enum:abilities.hitFeel.sparkKind=heavy
2026-09-09T17:16:45.3067094Z             25/60     41.7%  enum:augments.selectionSlot=pivot
2026-09-09T17:16:45.3067866Z             25/60     41.7%  enum:augments.selectionSlot=synergy
2026-09-09T17:16:45.3068514Z             26/36     72.2%  enum:abilities.effects[]#damageLine.aim=target
2026-09-09T17:16:45.3069234Z             26/37     70.3%  enum:abilities.effects[]#damageLine.fromSummonSlot=W
2026-09-09T17:16:45.3069942Z             27/33     81.8%  enum:abilities.effects[]#championForm.to=alternate
2026-09-09T17:16:45.3070618Z             27/28     96.4%  enum:abilities.effects[]#restore.applyTo=self
2026-09-09T17:16:45.3071236Z             27/93     29.0%  enum:abilities.effects[]#spawnVfx.at=self
2026-09-09T17:16:45.3071715Z             27/92     29.3%  enum:augments.tier=silver
2026-09-09T17:16:45.3072483Z             28/359     7.8%  enum:abilities.effects[]#chainLightning.damageType=true
2026-09-09T17:16:45.3073073Z             28/71     39.4%  enum:champions.attributes.primary=AGI
2026-09-09T17:16:45.3074235Z             29/48     60.4%  enum:abilities.effects[]#chainLightning.amount.damageTierPerRank[]=極小
2026-09-09T17:16:45.3074677Z             29/92     31.5%  enum:augments.tier=gold
2026-09-09T17:16:45.3075637Z             31/202    15.3%  enum:abilities.effects[]#chainLightning.amount.damageTier=極小
2026-09-09T17:16:45.3076314Z             33/100    33.0%  enum:abilities.effects[]#blink.radiusTier=小
2026-09-09T17:16:45.3076871Z             33/43     76.7%  enum:abilities.hitFeel.shakeStyle=omni
2026-09-09T17:16:45.3078289Z             33/51     64.7%  enum:status-effects.polarity=debuff
2026-09-09T17:16:45.3078946Z             34/100    34.0%  enum:abilities.effects[]#blink.radiusTier=中
2026-09-09T17:16:45.3079439Z             34/69     49.3%  enum:abilities.innateKind=active
2026-09-09T17:16:45.3080046Z             35/48     72.9%  enum:abilities.effects[]#delayed.shape=single
2026-09-09T17:16:45.3080562Z             35/69     50.7%  enum:abilities.innateKind=passive
2026-09-09T17:16:45.3081350Z             37/305    12.1%  enum:abilities.effects[]#applyBuff.modifiers[].op=pctMult
2026-09-09T17:16:45.3081916Z             37/248    14.9%  enum:abilities.rangeTier=中
2026-09-09T17:16:45.3082396Z             38/92     41.3%  enum:augments.tier=prismatic
2026-09-09T17:16:45.3083182Z             42/246    17.1%  enum:abilities.effects[]#applyBuff.hooks[].on=onDamageTaken
2026-09-09T17:16:45.3083670Z             42/142    29.6%  enum:items.craftRole=final
2026-09-09T17:16:45.3084211Z             45/52     86.5%  enum:ability-templates.params{}.type=enum
2026-09-09T17:16:45.3084752Z             47/47    100.0%  enum:ability-templates.params{}.unit=s
2026-09-09T17:16:45.3085333Z             47/58     81.0%  enum:ability-templates.status=enabled
2026-09-09T17:16:45.3086359Z             48/48    100.0%  enum:abilities.effects[]#chainLightning.amount.damageTierPerRank[]=小
2026-09-09T17:16:45.3087214Z             49/107    45.8%  enum:abilities.effects[]#applyBuff.condition|0|0.subject=target
2026-09-09T17:16:45.3087944Z             49/257    19.1%  enum:abilities.manaCostTier=中
2026-09-09T17:16:45.3088733Z             49/49    100.0%  enum:champions.msGrowthTier=極小
2026-09-09T17:16:45.3090313Z             51/52     98.1%  enum:ability-templates.params{}.type=number
2026-09-09T17:16:45.3091077Z             51/71     71.8%  enum:champions.attackType=melee
2026-09-09T17:16:45.3091870Z             52/492    10.6%  enum:abilities.castType=skillshot
2026-09-09T17:16:45.3092699Z             52/58     89.7%  enum:abilities.effects[]#applyBuff.applyTo=self
2026-09-09T17:16:45.3093720Z             55/93     59.1%  enum:abilities.effects[]#spawnVfx.at=point
2026-09-09T17:16:45.3094392Z             63/248    25.4%  enum:abilities.rangeTier=大
2026-09-09T17:16:45.3094993Z             63/696     9.1%  enum:vfx#ribbon@1.blendMode=alpha
2026-09-09T17:16:45.3095476Z             68/492    13.8%  enum:abilities.slot=EX
2026-09-09T17:16:45.3096122Z             68/71     95.8%  enum:champions.attributes.source=w3x
2026-09-09T17:16:45.3096667Z             69/492    14.0%  enum:abilities.slot=PASSIVE
2026-09-09T17:16:45.3097719Z             70/107    65.4%  enum:abilities.effects[]#applyBuff.condition|0|0.subject=self
2026-09-09T17:16:45.3098358Z             71/72     98.6%  enum:champions.skillOrder[]=R
2026-09-09T17:16:45.3099125Z             72/123    58.5%  enum:abilities.radiusTier=中
2026-09-09T17:16:45.3099797Z             72/72    100.0%  enum:champions.skillOrder[]=E
2026-09-09T17:16:45.3100467Z             72/72    100.0%  enum:champions.skillOrder[]=Q
2026-09-09T17:16:45.3101147Z             72/72    100.0%  enum:champions.skillOrder[]=W
2026-09-09T17:16:45.3101720Z             74/402    18.4%  enum:abilities.cooldownTier=大
2026-09-09T17:16:45.3102470Z             76/553    13.7%  enum:abilities.effects[]#applyBuff.maxStat.stat=range
2026-09-09T17:16:45.3102921Z             76/142    53.5%  enum:items.craftRole=none
2026-09-09T17:16:45.3103465Z             78/402    19.4%  enum:abilities.cooldownTier=小
2026-09-09T17:16:45.3104200Z             78/553    14.1%  enum:abilities.effects[]#applyBuff.maxStat.stat=cdr
2026-09-09T17:16:45.3105042Z             79/186    42.5%  enum:abilities.effects[]#applyBuff.hooks[].target=event
2026-09-09T17:16:45.3105833Z             82/553    14.8%  enum:abilities.effects[]#applyBuff.maxStat.stat=critDamage
2026-09-09T17:16:45.3106578Z             84/553    15.2%  enum:abilities.effects[]#applyBuff.maxStat.stat=critChance
2026-09-09T17:16:45.3107281Z             89/553    16.1%  enum:abilities.effects[]#applyBuff.maxStat.stat=lifesteal
2026-09-09T17:16:45.3108327Z             89/553    16.1%  enum:abilities.effects[]#applyBuff.maxStat.stat=manaRegen
2026-09-09T17:16:45.3109026Z             89/553    16.1%  enum:abilities.effects[]#applyBuff.maxStat.stat=mr
2026-09-09T17:16:45.3109784Z             90/553    16.3%  enum:abilities.effects[]#applyBuff.maxStat.stat=healthRegen
2026-09-09T17:16:45.3110444Z             90/90    100.0%  enum:abilities.effects[]#spawnModelFx.shape=single
2026-09-09T17:16:45.3111109Z             92/402    22.9%  enum:abilities.cooldownTier=極小
2026-09-09T17:16:45.3111880Z             99/359    27.6%  enum:abilities.effects[]#chainLightning.damageType=physical
2026-09-09T17:16:45.3112435Z            106/402    26.4%  enum:abilities.cooldownTier=中
2026-09-09T17:16:45.3112984Z            106/492    21.5%  enum:abilities.provenance=owner-spec
2026-09-09T17:16:45.3113700Z            107/553    19.3%  enum:abilities.effects[]#applyBuff.maxStat.stat=maxMana
2026-09-09T17:16:45.3114452Z            109/246    44.3%  enum:abilities.effects[]#applyBuff.hooks[].on=onBasicAttack
2026-09-09T17:16:45.3115117Z            110/553    19.9%  enum:abilities.effects[]#applyBuff.maxStat.stat=ms
2026-09-09T17:16:45.3115815Z            112/553    20.3%  enum:abilities.effects[]#applyBuff.maxStat.stat=armor
2026-09-09T17:16:45.3116557Z            116/553    21.0%  enum:abilities.effects[]#applyBuff.maxStat.stat=maxHealth
2026-09-09T17:16:45.3117049Z            119/492    24.2%  enum:abilities.castType=ground
2026-09-09T17:16:45.3117939Z            120/186    64.5%  enum:abilities.effects[]#applyBuff.hooks[].target=self
2026-09-09T17:16:45.3118468Z            123/257    47.9%  enum:abilities.manaCostTier=小
2026-09-09T17:16:45.3119279Z            134/257    52.1%  enum:abilities.manaCostTier=極小
2026-09-09T17:16:45.3119972Z            141/553    25.5%  enum:abilities.effects[]#applyBuff.maxStat.stat=as
2026-09-09T17:16:45.3120404Z            142/492    28.9%  enum:abilities.slot=E
2026-09-09T17:16:45.3120842Z            142/492    28.9%  enum:abilities.slot=Q
2026-09-09T17:16:45.3121524Z            142/492    28.9%  enum:abilities.slot=R
2026-09-09T17:16:45.3121953Z            142/492    28.9%  enum:abilities.slot=W
2026-09-09T17:16:45.3122702Z            148/305    48.5%  enum:abilities.effects[]#applyBuff.modifiers[].op=pctAdd
2026-09-09T17:16:45.3123217Z            149/492    30.3%  enum:abilities.castType=targeted
2026-09-09T17:16:45.3124078Z            155/202    76.7%  enum:abilities.effects[]#chainLightning.amount.damageTier=小
2026-09-09T17:16:45.3124634Z            157/248    63.3%  enum:abilities.rangeTier=極大
2026-09-09T17:16:45.3125196Z            172/402    42.8%  enum:abilities.cooldownTier=極大
2026-09-09T17:16:45.3125919Z            186/305    61.0%  enum:abilities.effects[]#applyBuff.modifiers[].op=flat
2026-09-09T17:16:45.3126595Z            216/553    39.1%  enum:abilities.effects[]#applyBuff.maxStat.stat=ad
2026-09-09T17:16:45.3127320Z            266/359    74.1%  enum:abilities.effects[]#chainLightning.damageType=magic
2026-09-09T17:16:45.3142222Z            269/492    54.7%  enum:abilities.castType=self
2026-09-09T17:16:45.3142700Z            280/629    44.5%  enum:vfx#vfx@1.mode=burst
2026-09-09T17:16:45.3143417Z            282/553    51.0%  enum:abilities.effects[]#applyBuff.maxStat.stat=ap
2026-09-09T17:16:45.3143924Z            349/629    55.5%  enum:vfx#vfx@1.mode=continuous
2026-09-09T17:16:45.3144504Z            386/492    78.5%  enum:abilities.provenance=w3x-import
2026-09-09T17:16:45.3145056Z            616/696    88.5%  enum:vfx#ribbon@1.blendMode=additive
2026-09-09T17:16:45.3145080Z 
2026-09-09T17:16:45.3145497Z   ── variant (176 reachable, 10 at ZERO) ──
2026-09-09T17:16:45.3145983Z     ZERO     0/593     0.0%  variant:abilities.effects[]#consumeStatus
2026-09-09T17:16:45.3146396Z     ZERO     0/593     0.0%  variant:abilities.effects[]#evasion
2026-09-09T17:16:45.3146856Z     ZERO     0/593     0.0%  variant:abilities.effects[]#interruptCast
2026-09-09T17:16:45.3147248Z     ZERO     0/593     0.0%  variant:abilities.effects[]#pull
2026-09-09T17:16:45.3147919Z     ZERO     0/593     0.0%  variant:abilities.effects[]#spendHealth
2026-09-09T17:16:45.3148344Z     ZERO     0/593     0.0%  variant:abilities.effects[]#timeStop
2026-09-09T17:16:45.3148739Z     ZERO     0/593     0.0%  variant:abilities.effects[]#trap
2026-09-09T17:16:45.3149133Z     ZERO     0/7       0.0%  variant:arenas.zones[].bounds#disc
2026-09-09T17:16:45.3149726Z     ZERO     0/10      0.0%  variant:vfx-scripts.segments[]|1#bodyMove
2026-09-09T17:16:45.3150192Z     ZERO     0/10      0.0%  variant:vfx-scripts.segments[]|1#screenFlash
2026-09-09T17:16:45.3150738Z              1/593     0.2%  variant:abilities.effects[]#carry
2026-09-09T17:16:45.3151618Z              1/593     0.2%  variant:abilities.effects[]#convertTeam
2026-09-09T17:16:45.3152210Z              1/593     0.2%  variant:abilities.effects[]#cycleBuff
2026-09-09T17:16:45.3152755Z              1/593     0.2%  variant:abilities.effects[]#grantXp
2026-09-09T17:16:45.3153494Z              1/593     0.2%  variant:abilities.effects[]#manaBarrier
2026-09-09T17:16:45.3154108Z              1/593     0.2%  variant:abilities.effects[]#swapResource
2026-09-09T17:16:45.3154755Z              1/13      7.7%  variant:arenas.zones[].obstacles[]#segment
2026-09-09T17:16:45.3155428Z              1/103     1.0%  variant:config#config.ability-vfx-bindings@1
2026-09-09T17:16:45.3156035Z              1/103     1.0%  variant:config#config.admin-friend@1
2026-09-09T17:16:45.3156622Z              1/103     1.0%  variant:config#config.ambient-vfx@1
2026-09-09T17:16:45.3157157Z              1/103     1.0%  variant:config#config.aoe-tiers@1
2026-09-09T17:16:45.3158005Z              1/103     1.0%  variant:config#config.ap-coefficient@1
2026-09-09T17:16:45.3158664Z              1/103     1.0%  variant:config#config.ap-damage-scaling@1
2026-09-09T17:16:45.3159218Z              1/103     1.0%  variant:config#config.arena-pool@1
2026-09-09T17:16:45.3159785Z              1/103     1.0%  variant:config#config.arena-rules@1
2026-09-09T17:16:45.3160363Z              1/103     1.0%  variant:config#config.asset-cdn@1
2026-09-09T17:16:45.3160993Z              1/103     1.0%  variant:config#config.asset-downloads@1
2026-09-09T17:16:45.3161539Z              1/103     1.0%  variant:config#config.audio-map@1
2026-09-09T17:16:45.3162093Z              1/103     1.0%  variant:config#config.audio-mix@1
2026-09-09T17:16:45.3162730Z              1/103     1.0%  variant:config#config.augment-filter@1
2026-09-09T17:16:45.3163330Z              1/103     1.0%  variant:config#config.authoring-rules@1
2026-09-09T17:16:45.3163919Z              1/103     1.0%  variant:config#config.base-bonus@1
2026-09-09T17:16:45.3164479Z              1/103     1.0%  variant:config#config.berserk@1
2026-09-09T17:16:45.3165008Z              1/103     1.0%  variant:config#config.block@1
2026-09-09T17:16:45.3165555Z              1/103     1.0%  variant:config#config.body-scale@1
2026-09-09T17:16:45.3166105Z              1/103     1.0%  variant:config#config.boss-intro@1
2026-09-09T17:16:45.3166655Z              1/103     1.0%  variant:config#config.camera@1
2026-09-09T17:16:45.3167308Z              1/103     1.0%  variant:config#config.cast-approach@1
2026-09-09T17:16:45.3168550Z              1/103     1.0%  variant:config#config.cast-time-tiers@1
2026-09-09T17:16:45.3168874Z              1/103     1.0%  variant:config#config.cast-time@1
2026-09-09T17:16:45.3169229Z              1/103     1.0%  variant:config#config.champion-voices@1
2026-09-09T17:16:45.3169560Z              1/103     1.0%  variant:config#config.combat-env@1
2026-09-09T17:16:45.3169893Z              1/103     1.0%  variant:config#config.combat-feel@1
2026-09-09T17:16:45.3170256Z              1/103     1.0%  variant:config#config.combo-strikes@1
2026-09-09T17:16:45.3170599Z              1/103     1.0%  variant:config#config.content-load@1
2026-09-09T17:16:45.3170967Z              1/103     1.0%  variant:config#config.controller-scheme@1
2026-09-09T17:16:45.3171323Z              1/103     1.0%  variant:config#config.cooldown-rules@1
2026-09-09T17:16:45.3171670Z              1/103     1.0%  variant:config#config.cooldown-tiers@1
2026-09-09T17:16:45.3171975Z              1/103     1.0%  variant:config#config.crit@1
2026-09-09T17:16:45.3172319Z              1/103     1.0%  variant:config#config.damage-colors@1
2026-09-09T17:16:45.3172647Z              1/103     1.0%  variant:config#config.damage-rules@1
2026-09-09T17:16:45.3173059Z              1/103     1.0%  variant:config#config.damage-tier-exemptions@1
2026-09-09T17:16:45.3173392Z              1/103     1.0%  variant:config#config.damage-tiers@1
2026-09-09T17:16:45.3173702Z              1/103     1.0%  variant:config#config.dispel@1
2026-09-09T17:16:45.3174285Z              1/103     1.0%  variant:config#config.displacement-tiers@1
2026-09-09T17:16:45.3174637Z              1/103     1.0%  variant:config#config.feel-fx@1
2026-09-09T17:16:45.3174976Z              1/103     1.0%  variant:config#config.form-visuals@1
2026-09-09T17:16:45.3175310Z              1/103     1.0%  variant:config#config.gamepad@1
2026-09-09T17:16:45.3175756Z              1/103     1.0%  variant:config#config.gore@1
2026-09-09T17:16:45.3176110Z              1/103     1.0%  variant:config#config.hud-layout@1
2026-09-09T17:16:45.3176460Z              1/103     1.0%  variant:config#config.icon-plan@1
2026-09-09T17:16:45.3176796Z              1/103     1.0%  variant:config#config.icon-style@1
2026-09-09T17:16:45.3177129Z              1/103     1.0%  variant:config#config.icon-upload@1
2026-09-09T17:16:45.3177761Z              1/103     1.0%  variant:config#config.item-card@1
2026-09-09T17:16:45.3178362Z              1/103     1.0%  variant:config#config.lobby-layout@1
2026-09-09T17:16:45.3178934Z              1/103     1.0%  variant:config#config.lobby-rally@1
2026-09-09T17:16:45.3179547Z              1/103     1.0%  variant:config#config.mana-economy@1
2026-09-09T17:16:45.3180147Z              1/103     1.0%  variant:config#config.mana-tiers@1
2026-09-09T17:16:45.3180699Z              1/103     1.0%  variant:config#config.map-report@1
2026-09-09T17:16:45.3181311Z              1/103     1.0%  variant:config#config.map-spec@1
2026-09-09T17:16:45.3181906Z              1/103     1.0%  variant:config#config.mitigation@1
2026-09-09T17:16:45.3182503Z              1/103     1.0%  variant:config#config.model-lod@1
2026-09-09T17:16:45.3183131Z              1/103     1.0%  variant:config#config.move-speed-tiers@1
2026-09-09T17:16:45.3183799Z              1/103     1.0%  variant:config#config.new-hero-checks@1
2026-09-09T17:16:45.3184464Z              1/103     1.0%  variant:config#config.one-shot-clamp@1
2026-09-09T17:16:45.3185069Z              1/103     1.0%  variant:config#config.origin-routes@1
2026-09-09T17:16:45.3185664Z              1/103     1.0%  variant:config#config.owner-knobs@1
2026-09-09T17:16:45.3186336Z              1/103     1.0%  variant:config#config.per-level-bonus@1
2026-09-09T17:16:45.3186938Z              1/103     1.0%  variant:config#config.practice@1
2026-09-09T17:16:45.3188009Z              1/103     1.0%  variant:config#config.range-guide@1
2026-09-09T17:16:45.3188588Z              1/103     1.0%  variant:config#config.range-tiers@1
2026-09-09T17:16:45.3189128Z              1/103     1.0%  variant:config#config.rank-growth@1
2026-09-09T17:16:45.3189687Z              1/103     1.0%  variant:config#config.ranking@1
2026-09-09T17:16:45.3190207Z              1/103     1.0%  variant:config#config.regen@1
2026-09-09T17:16:45.3190741Z              1/103     1.0%  variant:config#config.replay@1
2026-09-09T17:16:45.3191314Z              1/103     1.0%  variant:config#config.review-tuning@1
2026-09-09T17:16:45.3191848Z              1/103     1.0%  variant:config#config.roster@1
2026-09-09T17:16:45.3192481Z              1/103     1.0%  variant:config#config.round-grade@1
2026-09-09T17:16:45.3193035Z              1/103     1.0%  variant:config#config.screen-fx@1
2026-09-09T17:16:45.3193539Z              1/103     1.0%  variant:config#config.shield@1
2026-09-09T17:16:45.3194134Z              1/103     1.0%  variant:config#config.skill-normalize@1
2026-09-09T17:16:45.3195029Z              1/103     1.0%  variant:config#config.speed-growth-tiers@1
2026-09-09T17:16:45.3195557Z              1/103     1.0%  variant:config#config.stat-caps@1
2026-09-09T17:16:45.3196170Z              1/103     1.0%  variant:config#config.stat-normalization@1
2026-09-09T17:16:45.3196682Z              1/103     1.0%  variant:config#config.stealth@1
2026-09-09T17:16:45.3197191Z              1/103     1.0%  variant:config#config.store@1
2026-09-09T17:16:45.3197999Z              1/103     1.0%  variant:config#config.taunt@1
2026-09-09T17:16:45.3198817Z              1/103     1.0%  variant:config#config.toggle-ability@1
2026-09-09T17:16:45.3199315Z              1/103     1.0%  variant:config#config.ugc@1
2026-09-09T17:16:45.3199849Z              1/103     1.0%  variant:config#config.ui-cues@1
2026-09-09T17:16:45.3200393Z              1/103     1.0%  variant:config#config.ui-lexicon@1
2026-09-09T17:16:45.3200937Z              1/103     1.0%  variant:config#config.unit-tints@1
2026-09-09T17:16:45.3201768Z              1/103     1.0%  variant:config#config.unsafe-textures@1
2026-09-09T17:16:45.3202388Z              1/103     1.0%  variant:config#config.valhalla-sandbox@1
2026-09-09T17:16:45.3202965Z              1/103     1.0%  variant:config#config.vfx-ability-art@1
2026-09-09T17:16:45.3203501Z              1/103     1.0%  variant:config#config.vfx-budget@1
2026-09-09T17:16:45.3204060Z              1/103     1.0%  variant:config#config.vfx-cleanup@1
2026-09-09T17:16:45.3204639Z              1/103     1.0%  variant:config#config.vfx-families@1
2026-09-09T17:16:45.3205210Z              1/103     1.0%  variant:config#config.vfx-scripts@1
2026-09-09T17:16:45.3205775Z              1/103     1.0%  variant:config#config.victory-fx@1
2026-09-09T17:16:45.3206397Z              1/103     1.0%  variant:config#config.victory-podium@1
2026-09-09T17:16:45.3207012Z              1/103     1.0%  variant:config#config.victory-taunts@1
2026-09-09T17:16:45.3207833Z              1/103     1.0%  variant:config#config.voxel-barcodes@1
2026-09-09T17:16:45.3208409Z              1/103     1.0%  variant:config#config.voxel-bodies@1
2026-09-09T17:16:45.3208993Z              1/103     1.0%  variant:config#config.voxel-look@1
2026-09-09T17:16:45.3209550Z              1/103     1.0%  variant:config#config.weakness@1
2026-09-09T17:16:45.3210092Z              1/103     1.0%  variant:config#config.weather@1
2026-09-09T17:16:45.3210656Z              1/103     1.0%  variant:config#config.world-cues@1
2026-09-09T17:16:45.3211188Z              1/103     1.0%  variant:config#config.wounds@1
2026-09-09T17:16:45.3211664Z              1/103     1.0%  variant:config#config@1
2026-09-09T17:16:45.3212295Z              2/593     0.3%  variant:abilities.effects[]#comboStrikes
2026-09-09T17:16:45.3212914Z              2/593     0.3%  variant:abilities.effects[]#extendBuff
2026-09-09T17:16:45.3213526Z              2/593     0.3%  variant:abilities.effects[]#shieldBreak
2026-09-09T17:16:45.3214184Z              2/10     20.0%  variant:vfx-scripts.segments[]|1#hideBody
2026-09-09T17:16:45.3214803Z              2/10     20.0%  variant:vfx-scripts.segments[]|1#sound
2026-09-09T17:16:45.3215411Z              3/10     30.0%  variant:vfx-scripts.segments[]|1#anim
2026-09-09T17:16:45.3216081Z              3/10     30.0%  variant:vfx-scripts.segments[]|1#floatingText
2026-09-09T17:16:45.3216746Z              4/593     0.7%  variant:abilities.effects[]#chainLightning
2026-09-09T17:16:45.3217572Z              4/593     0.7%  variant:abilities.effects[]#grantGold
2026-09-09T17:16:45.3218150Z              4/593     0.7%  variant:abilities.effects[]#taunt
2026-09-09T17:16:45.3218778Z              4/10     40.0%  variant:vfx-scripts.segments[]|1#screenShake
2026-09-09T17:16:45.3219444Z              5/593     0.8%  variant:abilities.effects[]#eventValueConversion
2026-09-09T17:16:45.3219999Z              5/593     0.8%  variant:abilities.effects[]#revive
2026-09-09T17:16:45.3220606Z              6/13     46.2%  variant:arenas.zones[].obstacles[]#circle
2026-09-09T17:16:45.3221070Z              6/702     0.9%  variant:vfx#attachment@1
2026-09-09T17:16:45.3221650Z              7/593     1.2%  variant:abilities.effects[]#devour
2026-09-09T17:16:45.3222311Z              7/593     1.2%  variant:abilities.effects[]#grantAttribute
2026-09-09T17:16:45.3222872Z              7/593     1.2%  variant:abilities.effects[]#summon
2026-09-09T17:16:45.3223427Z              7/7     100.0%  variant:arenas.zones[].bounds#rect
2026-09-09T17:16:45.3224022Z              7/13     53.8%  variant:arenas.zones[].obstacles[]#box
2026-09-09T17:16:45.3224579Z              7/629     1.1%  variant:vfx#vfx@1.emitter#point
2026-09-09T17:16:45.3225532Z              7/10     70.0%  variant:vfx-scripts.segments[]|1#vfx
2026-09-09T17:16:45.3226136Z              8/593     1.3%  variant:abilities.effects[]#proxyCast
2026-09-09T17:16:45.3226752Z              9/593     1.5%  variant:abilities.effects[]#screenFlash
2026-09-09T17:16:45.3227805Z              9/593     1.5%  variant:abilities.effects[]#spendMana
2026-09-09T17:16:45.3228455Z              9/10     90.0%  variant:vfx-scripts.segments[]|1#modelFx
2026-09-09T17:16:45.3229075Z             10/593     1.7%  variant:abilities.effects[]#randomArea
2026-09-09T17:16:45.3229613Z             12/593     2.0%  variant:abilities.effects[]#leap
2026-09-09T17:16:45.3230271Z             12/593     2.0%  variant:abilities.effects[]#weightedBranch
2026-09-09T17:16:45.3230823Z             13/593     2.2%  variant:abilities.effects[]#heal
2026-09-09T17:16:45.3231450Z             16/593     2.7%  variant:abilities.effects[]#floatingText
2026-09-09T17:16:45.3232098Z             17/593     2.9%  variant:abilities.effects[]#modifyCooldown
2026-09-09T17:16:45.3232655Z             17/593     2.9%  variant:abilities.effects[]#shield
2026-09-09T17:16:45.3233181Z             18/593     3.0%  variant:abilities.effects[]#dash
2026-09-09T17:16:45.3233761Z             21/593     3.5%  variant:abilities.effects[]#invulnerable
2026-09-09T17:16:45.3234318Z             22/593     3.7%  variant:abilities.effects[]#dispel
2026-09-09T17:16:45.3234969Z             23/593     3.9%  variant:abilities.effects[]#spawnProjectile
2026-09-09T17:16:45.3235541Z             24/593     4.0%  variant:abilities.effects[]#blink
2026-09-09T17:16:45.3236051Z             26/629     4.1%  variant:vfx#vfx@1.emitter#ring
2026-09-09T17:16:45.3236656Z             27/593     4.6%  variant:abilities.effects[]#knockback
2026-09-09T17:16:45.3237163Z             28/593     4.7%  variant:abilities.effects[]#dot
2026-09-09T17:16:45.3237940Z             28/593     4.7%  variant:abilities.effects[]#screenShake
2026-09-09T17:16:45.3238575Z             33/593     5.6%  variant:abilities.effects[]#championForm
2026-09-09T17:16:45.3239121Z             39/593     6.6%  variant:abilities.effects[]#restore
2026-09-09T17:16:45.3239749Z             40/593     6.7%  variant:abilities.effects[]#damageLine
2026-09-09T17:16:45.3240298Z             50/593     8.4%  variant:abilities.effects[]#delayed
2026-09-09T17:16:45.3240792Z             67/702     9.5%  variant:vfx#ribbon@1
2026-09-09T17:16:45.3241385Z             87/593    14.7%  variant:abilities.effects[]#spawnVfx
2026-09-09T17:16:45.3242002Z             90/593    15.2%  variant:abilities.effects[]#spawnModelFx
2026-09-09T17:16:45.3242597Z             92/593    15.5%  variant:abilities.effects[]#damageArea
2026-09-09T17:16:45.3243137Z            115/629    18.3%  variant:vfx#vfx@1.emitter#sphere
2026-09-09T17:16:45.3243765Z            163/593    27.5%  variant:abilities.effects[]#applyStatus
2026-09-09T17:16:45.3244349Z            184/593    31.0%  variant:abilities.effects[]#applyBuff
2026-09-09T17:16:45.3244907Z            258/593    43.5%  variant:abilities.effects[]#damage
2026-09-09T17:16:45.3245422Z            481/629    76.5%  variant:vfx#vfx@1.emitter#cone
2026-09-09T17:16:45.3245832Z            629/702    89.6%  variant:vfx#vfx@1
2026-09-09T17:16:45.3245852Z 
2026-09-09T17:16:45.3246405Z   ── tag (9 reachable, 1 at ZERO) ──
2026-09-09T17:16:45.3246755Z     ZERO     0/71      0.0%  tag:weaponClass=gun
2026-09-09T17:16:45.3247205Z              4/71      5.6%  tag:weaponClass=bow
2026-09-09T17:16:45.3248815Z              4/71      5.6%  tag:weaponClass=greatsword
2026-09-09T17:16:45.3249290Z              4/71      5.6%  tag:weaponClass=thrown
2026-09-09T17:16:45.3249748Z              5/71      7.0%  tag:weaponClass=claw
2026-09-09T17:16:45.3250186Z             12/71     16.9%  tag:weaponClass=fist
2026-09-09T17:16:45.3250595Z             12/71     16.9%  tag:weaponClass=sword
2026-09-09T17:16:45.3251022Z             13/71     18.3%  tag:weaponClass=katana
2026-09-09T17:16:45.3251708Z             17/71     23.9%  tag:weaponClass=magic
2026-09-09T17:16:45.3251724Z 
2026-09-09T17:16:45.3252456Z ACCEPTED-COMMUNITY GAMEPLAY SAMPLES — 259 compiled docs; no formal-deployment claim
2026-09-09T17:16:45.3252894Z static docs | accepted-community docs | key | community examples
2026-09-09T17:16:45.3253327Z 0 | 0 | enum:abilities.augment.targets[].ops[].op=modifierValue | 
2026-09-09T17:16:45.3253961Z 0 | 0 | enum:abilities.augment.targets[].ops[].op=thresholdPct | 
2026-09-09T17:16:45.3254378Z 0 | 0 | enum:abilities.cooldownShape=範圍 | 
2026-09-09T17:16:45.3254729Z 0 | 0 | enum:abilities.cooldownShape=變身 | 
2026-09-09T17:16:45.3255193Z 0 | 0 | enum:abilities.effects[]#applyBuff.condition|0|10.form=base | 
2026-09-09T17:16:45.3255610Z 0 | 0 | enum:abilities.effects[]#applyBuff.condition|0|2|0.op=!= | 
2026-09-09T17:16:45.3256027Z 0 | 0 | enum:abilities.effects[]#applyBuff.condition|0|2|0.op=== | 
2026-09-09T17:16:45.3256462Z 0 | 0 | enum:abilities.effects[]#applyBuff.condition|0|2|1.stat=agi | 
2026-09-09T17:16:45.3256949Z 0 | 0 | enum:abilities.effects[]#applyBuff.condition|0|2|1.stat=armor | 
2026-09-09T17:16:45.3257656Z 0 | 0 | enum:abilities.effects[]#applyBuff.condition|0|2|1.stat=attackSpeed | 
2026-09-09T17:16:45.3258091Z 0 | 0 | enum:abilities.effects[]#applyBuff.condition|0|2|1.stat=int | 
2026-09-09T17:16:45.3258596Z 0 | 0 | enum:abilities.effects[]#applyBuff.condition|0|2|1.stat=magicResist | 
2026-09-09T17:16:45.3259083Z 0 | 0 | enum:abilities.effects[]#applyBuff.condition|0|2|1.stat=moveSpeed | 
2026-09-09T17:16:45.3259514Z 0 | 0 | enum:abilities.effects[]#applyBuff.condition|0|2|1.stat=str | 
2026-09-09T17:16:45.3259962Z 0 | 0 | enum:abilities.effects[]#applyBuff.condition|0|3.is=guardian | 
2026-09-09T17:16:45.3260386Z 0 | 0 | enum:abilities.effects[]#applyBuff.condition|0|3.is=mob | 
2026-09-09T17:16:45.3260818Z 0 | 0 | enum:abilities.effects[]#applyBuff.condition|0|3.is=summon | 
2026-09-09T17:16:45.3262277Z 0 | 4 | enum:abilities.effects[]#applyBuff.condition|0|6|1.slot=E | abilities/community-review-08-20260907.q, abilities/community-review-29-20260907.w, champions/community-review-08-20260907
2026-09-09T17:16:45.3262718Z 0 | 0 | enum:abilities.effects[]#applyBuff.condition|0|6|1.slot=PASSIVE | 
2026-09-09T17:16:45.3263118Z 0 | 0 | enum:abilities.effects[]#applyBuff.condition|0|6|1.slot=R | 
2026-09-09T17:16:45.3264611Z 0 | 16 | enum:abilities.effects[]#applyBuff.condition|0|6|1.slot=W | abilities/community-review-05-20260907.passive, abilities/community-review-08-20260907.r, abilities/community-review-10-20260907.r
2026-09-09T17:16:45.3266063Z 0 | 4 | enum:abilities.effects[]#applyBuff.condition|0|9.slot=E | abilities/community-review-08-20260907.q, abilities/community-review-29-20260907.w, champions/community-review-08-20260907
2026-09-09T17:16:45.3266560Z 0 | 0 | enum:abilities.effects[]#applyBuff.condition|0|9.slot=PASSIVE | 
2026-09-09T17:16:45.3266960Z 0 | 0 | enum:abilities.effects[]#applyBuff.condition|0|9.slot=R | 
2026-09-09T17:16:45.3268653Z 0 | 16 | enum:abilities.effects[]#applyBuff.condition|0|9.slot=W | abilities/community-review-05-20260907.passive, abilities/community-review-08-20260907.r, abilities/community-review-10-20260907.r
2026-09-09T17:16:45.3269268Z 0 | 0 | enum:abilities.effects[]#applyBuff.damageTypeOverride.impactType=converted | 
2026-09-09T17:16:45.3269766Z 0 | 0 | enum:abilities.effects[]#applyBuff.damageTypeOverride.scope=all | 
2026-09-09T17:16:45.3270223Z 0 | 0 | enum:abilities.effects[]#applyBuff.hooks[].damageCrit=any | 
2026-09-09T17:16:45.3270691Z 0 | 0 | enum:abilities.effects[]#applyBuff.hooks[].damageCrit=nonCrit | 
2026-09-09T17:16:45.3271148Z 0 | 0 | enum:abilities.effects[]#applyBuff.hooks[].damageSource=any | 
2026-09-09T17:16:45.3271632Z 0 | 0 | enum:abilities.effects[]#applyBuff.hooks[].damageSource=nonBasic | 
2026-09-09T17:16:45.3272094Z 0 | 0 | enum:abilities.effects[]#applyBuff.hooks[].damageSource=other | 
2026-09-09T17:16:45.3272547Z 0 | 0 | enum:abilities.effects[]#applyBuff.hooks[].damageType=any | 
2026-09-09T17:16:45.3273649Z 0 | 1 | enum:abilities.effects[]#applyBuff.hooks[].damageType=physical | abilities/community-review-11-20260907.passive
2026-09-09T17:16:45.3274111Z 0 | 0 | enum:abilities.effects[]#applyBuff.hooks[].damageType=true | 
2026-09-09T17:16:45.3274920Z 0 | 1 | enum:abilities.effects[]#applyBuff.hooks[].on=onAllyProtected | abilities/community-review-21-20260907.passive
2026-09-09T17:16:45.3276376Z 0 | 2 | enum:abilities.effects[]#applyBuff.hooks[].on=onAttackAttempt | abilities/community-review-23-20260907.passive, abilities/community-review-24-20260907.passive
2026-09-09T17:16:45.3277944Z 0 | 10 | enum:abilities.effects[]#applyBuff.hooks[].on=onBlock | abilities/community-review-02-20260907.w, abilities/community-review-04-20260907.e, abilities/community-review-23-20260907.e
2026-09-09T17:16:45.3278453Z 0 | 0 | enum:abilities.effects[]#applyBuff.hooks[].on=onBoundaryTouch | 
2026-09-09T17:16:45.3279715Z 0 | 2 | enum:abilities.effects[]#applyBuff.hooks[].on=onCrowdControlApplied | abilities/community-review-07-20260907.passive, abilities/community-review-14-20260907.passive
2026-09-09T17:16:45.3280192Z 0 | 0 | enum:abilities.effects[]#applyBuff.hooks[].on=onGuardianDown | 
2026-09-09T17:16:45.3280949Z 0 | 1 | enum:abilities.effects[]#applyBuff.hooks[].on=onHeal | abilities/community-review-29-20260907.passive
2026-09-09T17:16:45.3281426Z 0 | 0 | enum:abilities.effects[]#applyBuff.hooks[].on=onLethalDamage | 
2026-09-09T17:16:45.3282280Z 0 | 1 | enum:abilities.effects[]#applyBuff.hooks[].on=onObservedCombat | abilities/community-review-26-20260907.passive
2026-09-09T17:16:45.3282797Z 0 | 0 | enum:abilities.effects[]#applyBuff.hooks[].on=onProjectileExpire | 
2026-09-09T17:16:45.3283200Z 0 | 0 | enum:abilities.effects[]#applyBuff.hooks[].on=onRoundEnd | 
2026-09-09T17:16:45.3284005Z 0 | 1 | enum:abilities.effects[]#applyBuff.hooks[].on=onRoundStart | abilities/community-review-35-20260907.passive
2026-09-09T17:16:45.3284769Z 0 | 1 | enum:abilities.effects[]#applyBuff.hooks[].on=onShieldBroken | abilities/community-review-12-20260907.passive
2026-09-09T17:16:45.3285212Z 0 | 0 | enum:abilities.effects[]#applyBuff.hooks[].on=onShieldGained | 
2026-09-09T17:16:45.3285952Z 0 | 1 | enum:abilities.effects[]#applyBuff.hooks[].on=onSummonHit | abilities/community-review-01-20260907.passive
2026-09-09T17:16:45.3286377Z 0 | 0 | enum:abilities.effects[]#applyBuff.hooks[].on=onUltimateHit | 
2026-09-09T17:16:45.3286805Z 0 | 0 | enum:abilities.effects[]#applyBuff.hooks[].onConsumed=stop | 
2026-09-09T17:16:45.3287268Z 0 | 0 | enum:abilities.effects[]#applyBuff.hooks[].victim=allyChampion | 
2026-09-09T17:16:45.3288167Z 0 | 0 | enum:abilities.effects[]#applyBuff.modifiers[].msBonusTier=極大 | 
2026-09-09T17:16:45.3288536Z 0 | 0 | enum:abilities.effects[]#blink.applyTo=target | 
2026-09-09T17:16:45.3288884Z 0 | 0 | enum:abilities.effects[]#blink.shape=circle | 
2026-09-09T17:16:45.3289188Z 0 | 0 | enum:abilities.effects[]#blink.to=caster | 
2026-09-09T17:16:45.3289847Z 0 | 0 | enum:abilities.effects[]#chainLightning.amount.damageTierPerRank[]=極大 | 
2026-09-09T17:16:45.3290275Z 0 | 0 | enum:abilities.effects[]#chainLightning.centre=target | 
2026-09-09T17:16:45.3291301Z 0 | 2 | enum:abilities.effects[]#chainLightning.shape=single | abilities/community-review-20-20260907.w, champions/community-review-20-20260907
2026-09-09T17:16:45.3291670Z 0 | 0 | enum:abilities.effects[]#championForm.to=base | 
2026-09-09T17:16:45.3292153Z 0 | 0 | enum:abilities.effects[]#dash.distanceTier=中 | 
2026-09-09T17:16:45.3293316Z 0 | 2 | enum:abilities.effects[]#dash.distanceTier=小 | abilities/community-review-27-20260907.q, champions/community-review-27-20260907
2026-09-09T17:16:45.3294696Z 0 | 12 | enum:abilities.effects[]#delayed.anchor=point | abilities/community-review-06-20260907.r, abilities/community-review-21-20260907.r, abilities/community-review-24-20260907.q
2026-09-09T17:16:45.3295053Z 0 | 0 | enum:abilities.effects[]#dispel.order=oldest | 
2026-09-09T17:16:45.3295406Z 0 | 0 | enum:abilities.effects[]#dispel.polarity=any | 
2026-09-09T17:16:45.3295987Z 0 | 0 | enum:abilities.effects[]#dot.stacking=stack | 
2026-09-09T17:16:45.3296472Z 0 | 0 | enum:abilities.effects[]#eventValueConversion.basis=mitigated | 
2026-09-09T17:16:45.3296898Z 0 | 0 | enum:abilities.effects[]#eventValueConversion.basis=raw | 
2026-09-09T17:16:45.3297347Z 0 | 0 | enum:abilities.effects[]#eventValueConversion.shape=circle | 
2026-09-09T17:16:45.3298458Z 0 | 0 | enum:abilities.effects[]#eventValueConversion.source=targetCurrentHealth | 
2026-09-09T17:16:45.3298910Z 0 | 0 | enum:abilities.effects[]#eventValueConversion.who=target | 
2026-09-09T17:16:45.3299296Z 0 | 0 | enum:abilities.effects[]#floatingText.shape=circle | 
2026-09-09T17:16:45.3299634Z 0 | 0 | enum:abilities.effects[]#grantGold.to=target | 
2026-09-09T17:16:45.3300041Z 0 | 0 | enum:abilities.effects[]#invulnerable.applyTo=target | 
2026-09-09T17:16:45.3300471Z 0 | 0 | enum:abilities.effects[]#invulnerable.blocksDamage=magic | 
2026-09-09T17:16:45.3300927Z 0 | 0 | enum:abilities.effects[]#invulnerable.blocksDamage=physical | 
2026-09-09T17:16:45.3301283Z 0 | 0 | enum:abilities.effects[]#knockback.from=facing | 
2026-09-09T17:16:45.3302061Z 0 | 1 | enum:abilities.effects[]#modifyCooldown.mode=reduceFlat | abilities/community-review-19-20260907.passive
2026-09-09T17:16:45.3302450Z 0 | 0 | enum:abilities.effects[]#modifyCooldown.shape=circle | 
2026-09-09T17:16:45.3302836Z 0 | 0 | enum:abilities.effects[]#modifyCooldown.who=target | 
2026-09-09T17:16:45.3303217Z 0 | 0 | enum:abilities.effects[]#proxyCast.payCosts=mana | 
2026-09-09T17:16:45.3303686Z 0 | 0 | enum:abilities.effects[]#proxyCast.payCosts=manaAndCooldown | 
2026-09-09T17:16:45.3304084Z 0 | 0 | enum:abilities.effects[]#proxyCast.rankMode=fixed | 
2026-09-09T17:16:45.3304454Z 0 | 0 | enum:abilities.effects[]#proxyCast.shape=circle | 
2026-09-09T17:16:45.3304822Z 0 | 0 | enum:abilities.effects[]#randomArea.who=target | 
2026-09-09T17:16:45.3305162Z 0 | 0 | enum:abilities.effects[]#revive.side=any | 
2026-09-09T17:16:45.3305630Z 0 | 0 | enum:abilities.effects[]#revive.teamCharge=requireAndSpend | 
2026-09-09T17:16:45.3306025Z 0 | 0 | enum:abilities.effects[]#screenFlash.shape=circle | 
2026-09-09T17:16:45.3306404Z 0 | 0 | enum:abilities.effects[]#screenShake.applyTo=self | 
2026-09-09T17:16:45.3306824Z 0 | 0 | enum:abilities.effects[]#screenShake.applyTo=victim | 
2026-09-09T17:16:45.3307208Z 0 | 0 | enum:abilities.effects[]#shield.absorbs=physical | 
2026-09-09T17:16:45.3307740Z 0 | 0 | enum:abilities.effects[]#shield.absorbs=true | 
2026-09-09T17:16:45.3308120Z 0 | 0 | enum:abilities.effects[]#spawnModelFx.anchor=bone | 
2026-09-09T17:16:45.3308522Z 0 | 0 | enum:abilities.effects[]#spawnModelFx.anchor=point | 
2026-09-09T17:16:45.3308904Z 0 | 0 | enum:abilities.effects[]#spawnModelFx.path=radial | 
2026-09-09T17:16:45.3309280Z 0 | 0 | enum:abilities.effects[]#spawnModelFx.path=static | 
2026-09-09T17:16:45.3309686Z 0 | 0 | enum:abilities.effects[]#spawnModelFx.shape=circle | 
2026-09-09T17:16:45.3310110Z 0 | 0 | enum:abilities.effects[]#spawnModelFx.touchSide=allies | 
2026-09-09T17:16:45.3310488Z 0 | 0 | enum:abilities.effects[]#spawnVfx.boneOn=caster | 
2026-09-09T17:16:45.3310800Z 0 | 0 | enum:abilities.effects[]#summon.at=self | 
2026-09-09T17:16:45.3311139Z 0 | 0 | enum:abilities.effects[]#summon.at=target | 
2026-09-09T17:16:45.3311507Z 0 | 0 | enum:abilities.effects[]#summon.body=champion | 
2026-09-09T17:16:45.3322717Z 0 | 0 | enum:abilities.effects[]#summon.formation=line | 
2026-09-09T17:16:45.3323237Z 0 | 0 | enum:abilities.effects[]#summon.formation=scatter | 
2026-09-09T17:16:45.3323679Z 0 | 0 | enum:abilities.effects[]#summon.onOwnerDeath=persist | 
2026-09-09T17:16:45.3324029Z 0 | 0 | enum:abilities.effects[]#summon.team=neutral | 
2026-09-09T17:16:45.3324567Z 0 | 0 | enum:abilities.effects[]#weightedBranch.branches[].weightFrom.attr=int | 
2026-09-09T17:16:45.3325141Z 0 | 0 | enum:abilities.effects[]#weightedBranch.branches[].weightFrom.attr=str | 
2026-09-09T17:16:45.3325485Z 0 | 0 | enum:abilities.hitFeel.sparkKind=counter | 
2026-09-09T17:16:45.3326106Z 0 | 0 | enum:abilities.hitFeel.sparkKind=hit | 
2026-09-09T17:16:45.3326561Z 0 | 0 | enum:abilities.manaCostTier=極大 | 
2026-09-09T17:16:45.3326854Z 0 | 0 | enum:abilities.marks[].resetOn=never | 
2026-09-09T17:16:45.3327289Z 0 | 0 | enum:abilities.passive.ranks[].auras[].affects=all | 
2026-09-09T17:16:45.3327850Z 0 | 0 | enum:abilities.passive.ranks[].whileForm=any | 
2026-09-09T17:16:45.3328404Z 0 | 0 | enum:abilities.passive.ranks[].whileForm=base | 
2026-09-09T17:16:45.3329754Z 0 | 259 | enum:abilities.provenance=editor-json | abilities/community-review-01-20260907.e, abilities/community-review-01-20260907.ex, abilities/community-review-01-20260907.passive
2026-09-09T17:16:45.3330097Z 0 | 0 | enum:abilities.provenance=jass-verified | 
2026-09-09T17:16:45.3330416Z 0 | 0 | enum:abilities.provenance=w3x-tooltip | 
2026-09-09T17:16:45.3330752Z 0 | 0 | enum:abilities.vfxLayers[].attachTo=caster | 
2026-09-09T17:16:45.3331086Z 0 | 0 | enum:arenas.backdrop.layers[].profile=waves | 
2026-09-09T17:16:45.3331416Z 0 | 0 | enum:arenas.scenery.lighting.wave=none | 
2026-09-09T17:16:45.3331766Z 0 | 0 | enum:arenas.zones[].interactions[].kind=channel | 
2026-09-09T17:16:45.3332179Z 0 | 0 | enum:champions.msGrowthTier=中 | 
2026-09-09T17:16:45.3332511Z 0 | 0 | enum:champions.msGrowthTier=大 | 
2026-09-09T17:16:45.3332829Z 0 | 0 | enum:champions.msGrowthTier=小 | 
2026-09-09T17:16:45.3333182Z 0 | 0 | enum:champions.msGrowthTier=極大 | 
2026-09-09T17:16:45.3333467Z 0 | 0 | enum:items.craftRole=direct | 
2026-09-09T17:16:45.3333722Z 0 | 0 | enum:items.craftRole=token | 
2026-09-09T17:16:45.3333982Z 0 | 0 | enum:maps.gimmick.kind=none | 
2026-09-09T17:16:45.3334219Z 0 | 0 | enum:maps.groundStyle=sand | 
2026-09-09T17:16:45.3334532Z 0 | 0 | enum:maps.interactions[].kind=channel | 
2026-09-09T17:16:45.3334774Z 0 | 0 | enum:models.fxLongAxis=z | 
2026-09-09T17:16:45.3335067Z 0 | 0 | enum:vfx#vfx@1.orient.yawFrom=world | 
2026-09-09T17:16:45.3335468Z 0 | 0 | enum:vfx-scripts.segments[]|1#anim.on=projectileHit | 
2026-09-09T17:16:45.3335896Z 0 | 0 | enum:vfx-scripts.segments[]|1#anim.on=projectileSpawn | 
2026-09-09T17:16:45.3336284Z 0 | 0 | enum:vfx-scripts.segments[]|1#anim.on=reflectSuccess | 
2026-09-09T17:16:45.3336636Z 0 | 0 | enum:vfx-scripts.segments[]|1#anim.pulse=attack | 
2026-09-09T17:16:45.3336993Z 0 | 0 | enum:vfx-scripts.segments[]|1#anim.pulse=dodge | 
2026-09-09T17:16:45.3337324Z 0 | 0 | enum:vfx-scripts.segments[]|1#anim.pulse=guard | 
2026-09-09T17:16:45.3337938Z 0 | 0 | enum:vfx-scripts.segments[]|1#floatingText.at=caster | 
2026-09-09T17:16:45.3338311Z 0 | 0 | enum:vfx-scripts.segments[]|1#modelFx.path=forward | 
2026-09-09T17:16:45.3338684Z 0 | 0 | enum:vfx-scripts.segments[]|1#modelFx.path=orbit | 
2026-09-09T17:16:45.3339052Z 0 | 0 | enum:vfx-scripts.segments[]|1#modelFx.path=radial | 
2026-09-09T17:16:45.3339436Z 0 | 0 | enum:vfx-scripts.segments[]|1#modelFx.path=toTarget | 
2026-09-09T17:16:45.3340688Z 0 | 9 | field:abilities.allowApproach | abilities/community-review-02-20260907.ex, abilities/community-review-04-20260907.ex, abilities/community-review-04-20260907.q
2026-09-09T17:16:45.3341068Z 0 | 0 | field:abilities.augment.targets[].condition | 
2026-09-09T17:16:45.3341442Z 0 | 0 | field:abilities.augment.targets[].ops[].hookOn | 
2026-09-09T17:16:45.3341802Z 0 | 0 | field:abilities.augment.targets[].ops[].scope | 
2026-09-09T17:16:45.3342141Z 0 | 0 | field:abilities.augment.targets[].ops[].stat | 
2026-09-09T17:16:45.3342509Z 0 | 0 | field:abilities.effects[]#applyBuff.attackType | 
2026-09-09T17:16:45.3342867Z 0 | 0 | field:abilities.effects[]#applyBuff.attributes | 
2026-09-09T17:16:45.3344197Z 0 | 8 | field:abilities.effects[]#applyBuff.block | abilities/community-review-02-20260907.w, abilities/community-review-04-20260907.e, abilities/community-review-23-20260907.e
2026-09-09T17:16:45.3345285Z 0 | 2 | field:abilities.effects[]#applyBuff.block.facingArcDegrees | abilities/community-review-04-20260907.e, champions/community-review-04-20260907
2026-09-09T17:16:45.3346889Z 0 | 15 | field:abilities.effects[]#applyBuff.condition|0|4|0.appliedBy | abilities/community-review-01-20260907.passive, abilities/community-review-02-20260907.passive, abilities/community-review-04-20260907.passive
2026-09-09T17:16:45.3347769Z 0 | 0 | field:abilities.effects[]#applyBuff.critStrike | 
2026-09-09T17:16:45.3348151Z 0 | 0 | field:abilities.effects[]#applyBuff.deathWard | 
2026-09-09T17:16:45.3349349Z 0 | 2 | field:abilities.effects[]#applyBuff.drive | abilities/community-review-26-20260907.e, champions/community-review-26-20260907
2026-09-09T17:16:45.3350397Z 0 | 2 | field:abilities.effects[]#applyBuff.evasionScope | abilities/community-review-31-20260907.w, champions/community-review-31-20260907
2026-09-09T17:16:45.3351832Z 0 | 8 | field:abilities.effects[]#applyBuff.hooks[].blockSource | abilities/community-review-02-20260907.w, abilities/community-review-04-20260907.e, abilities/community-review-23-20260907.e
2026-09-09T17:16:45.3352281Z 0 | 0 | field:abilities.effects[]#applyBuff.hooks[].chanceFrom | 
2026-09-09T17:16:45.3353855Z 0 | 15 | field:abilities.effects[]#applyBuff.hooks[].damageConnected | abilities/community-review-02-20260907.passive, abilities/community-review-02-20260907.r, abilities/community-review-03-20260907.ex
2026-09-09T17:16:45.3354934Z 0 | 2 | field:abilities.effects[]#applyBuff.hooks[].evadeChannel | abilities/community-review-24-20260907.r, champions/community-review-24-20260907
2026-09-09T17:16:45.3356035Z 0 | 2 | field:abilities.effects[]#applyBuff.hooks[].evadeDuring | abilities/community-review-31-20260907.w, champions/community-review-31-20260907
2026-09-09T17:16:45.3357708Z 0 | 7 | field:abilities.effects[]#applyBuff.hooks[].evadeSource | abilities/community-review-24-20260907.r, abilities/community-review-24-20260907.w, abilities/community-review-31-20260907.passive
2026-09-09T17:16:45.3358520Z 0 | 1 | field:abilities.effects[]#applyBuff.hooks[].observedEvent | abilities/community-review-26-20260907.passive
2026-09-09T17:16:45.3360056Z 0 | 12 | field:abilities.effects[]#applyBuff.hooks[].oncePerCast | abilities/community-review-01-20260907.passive, abilities/community-review-02-20260907.passive, abilities/community-review-02-20260907.r
2026-09-09T17:16:45.3360526Z 0 | 0 | field:abilities.effects[]#applyBuff.hooks[].perTarget | 
2026-09-09T17:16:45.3362043Z 0 | 3 | field:abilities.effects[]#applyBuff.hooks[].stationaryForSec | abilities/community-review-30-20260907.passive, abilities/community-review-35-20260907.e, champions/community-review-35-20260907
2026-09-09T17:16:45.3362416Z 0 | 0 | field:abilities.effects[]#applyBuff.immobile | 
2026-09-09T17:16:45.3362894Z 0 | 0 | field:abilities.effects[]#applyBuff.modifiers[].fromResource | 
2026-09-09T17:16:45.3363393Z 0 | 0 | field:abilities.effects[]#applyBuff.modifiers[].scopeAbilityId | 
2026-09-09T17:16:45.3363826Z 0 | 0 | field:abilities.effects[]#applyBuff.modifiers[].scopeSlot | 
2026-09-09T17:16:45.3364231Z 0 | 0 | field:abilities.effects[]#applyBuff.penetration | 
2026-09-09T17:16:45.3364656Z 0 | 0 | field:abilities.effects[]#applyBuff.primaryAttribute | 
2026-09-09T17:16:45.3366111Z 0 | 32 | field:abilities.effects[]#applyBuff.sourceScope | abilities/community-review-02-20260907.r, abilities/community-review-02-20260907.w, abilities/community-review-03-20260907.e
2026-09-09T17:16:45.3366568Z 0 | 0 | field:abilities.effects[]#applyBuff.typeStreakImmunity | 
2026-09-09T17:16:45.3368215Z 0 | 3 | field:abilities.effects[]#applyBuff.vision.revealed | abilities/community-review-26-20260907.r, abilities/community-review-35-20260907.passive, champions/community-review-26-20260907
2026-09-09T17:16:45.3369298Z 0 | 2 | field:abilities.effects[]#applyStatus.breakOnDamage | abilities/community-review-26-20260907.w, champions/community-review-26-20260907
2026-09-09T17:16:45.3369737Z 0 | 0 | field:abilities.effects[]#applyStatus.breakOnDamageMin | 
2026-09-09T17:16:45.3370151Z 0 | 0 | field:abilities.effects[]#applyStatus.clipTimeScale | 
2026-09-09T17:16:45.3370525Z 0 | 0 | field:abilities.effects[]#applyStatus.forceClip | 
2026-09-09T17:16:45.3371944Z 0 | 6 | field:abilities.effects[]#applyStatus.grantMark | abilities/community-review-21-20260907.ex, abilities/community-review-23-20260907.e, abilities/community-review-23-20260907.passive
2026-09-09T17:16:45.3373109Z 0 | 1 | field:abilities.effects[]#applyStatus.grantMark.lethal.maxSavesPerRound | abilities/community-review-21-20260907.ex
2026-09-09T17:16:45.3374830Z 0 | 63 | field:abilities.effects[]#applyStatus.sourceScope | abilities/community-review-01-20260907.passive, abilities/community-review-01-20260907.w, abilities/community-review-02-20260907.passive
2026-09-09T17:16:45.3375192Z 0 | 0 | field:abilities.effects[]#blink.maxTargets | 
2026-09-09T17:16:45.3375504Z 0 | 0 | field:abilities.effects[]#blink.radius | 
2026-09-09T17:16:45.3375843Z 0 | 0 | field:abilities.effects[]#blink.radiusTier | 
2026-09-09T17:16:45.3376146Z 0 | 0 | field:abilities.effects[]#blink.side | 
2026-09-09T17:16:45.3376646Z 0 | 0 | field:abilities.effects[]#chainLightning.amount.conditionTier | 
2026-09-09T17:16:45.3377035Z 0 | 0 | field:abilities.effects[]#chainLightning.canCrit | 
2026-09-09T17:16:45.3377646Z 0 | 0 | field:abilities.effects[]#chainLightning.condition | 
2026-09-09T17:16:45.3378778Z 0 | 2 | field:abilities.effects[]#chainLightning.maxTotalJumps | abilities/community-review-20-20260907.w, champions/community-review-20-20260907
2026-09-09T17:16:45.3379270Z 0 | 0 | field:abilities.effects[]#chainLightning.onHitTargetsMode | 
2026-09-09T17:16:45.3380386Z 0 | 2 | field:abilities.effects[]#chainLightning.retargetOnLost | abilities/community-review-20-20260907.w, champions/community-review-20-20260907
2026-09-09T17:16:45.3381356Z 0 | 2 | field:abilities.effects[]#chainLightning.revisit | abilities/community-review-20-20260907.w, champions/community-review-20-20260907
2026-09-09T17:16:45.3381743Z 0 | 0 | field:abilities.effects[]#chainLightning.runOnEmptyHit | 
2026-09-09T17:16:45.3382108Z 0 | 0 | field:abilities.effects[]#championForm.condition | 
2026-09-09T17:16:45.3382399Z 0 | 0 | field:abilities.effects[]#damage.canCrit | 
2026-09-09T17:16:45.3382896Z 0 | 0 | field:abilities.effects[]#damage.incomingPct.applyGlobalDamageMult | 
2026-09-09T17:16:45.3383273Z 0 | 0 | field:abilities.effects[]#damage.incomingPct.basis | 
2026-09-09T17:16:45.3383699Z 0 | 0 | field:abilities.effects[]#damage.incomingPct.whenTooLate | 
2026-09-09T17:16:45.3385143Z 0 | 11 | field:abilities.effects[]#damageArea.arcHalfAngleCos | abilities/community-review-02-20260907.e, abilities/community-review-03-20260907.w, abilities/community-review-23-20260907.q
2026-09-09T17:16:45.3386562Z 0 | 12 | field:abilities.effects[]#damageArea.fromCaster | abilities/community-review-02-20260907.e, abilities/community-review-02-20260907.w, abilities/community-review-03-20260907.w
2026-09-09T17:16:45.3387010Z 0 | 0 | field:abilities.effects[]#damageArea.maxTargetsCounts | 
2026-09-09T17:16:45.3387593Z 0 | 0 | field:abilities.effects[]#damageArea.runOnEmptyHit | 
2026-09-09T17:16:45.3387959Z 0 | 0 | field:abilities.effects[]#damageLine.condition | 
2026-09-09T17:16:45.3388682Z 0 | 1 | field:abilities.effects[]#damageLine.fromSummonSlot | abilities/community-review-01-20260907.ex
2026-09-09T17:16:45.3389116Z 0 | 0 | field:abilities.effects[]#damageLine.maxTargetsCounts | 
2026-09-09T17:16:45.3389512Z 0 | 0 | field:abilities.effects[]#damageLine.runOnEmptyHit | 
2026-09-09T17:16:45.3389930Z 0 | 0 | field:abilities.effects[]#damageLine.victimCondition | 
2026-09-09T17:16:45.3390228Z 0 | 0 | field:abilities.effects[]#dash.condition | 
2026-09-09T17:16:45.3391447Z 0 | 3 | field:abilities.effects[]#dash.onEndOn | abilities/community-review-03-20260907.e, abilities/community-review-03-20260907.r, champions/community-review-03-20260907
2026-09-09T17:16:45.3391777Z 0 | 0 | field:abilities.effects[]#dash.onEndWhenDead | 
2026-09-09T17:16:45.3392993Z 0 | 6 | field:abilities.effects[]#dash.onHit | abilities/community-review-02-20260907.r, abilities/community-review-03-20260907.r, abilities/community-review-28-20260907.r
2026-09-09T17:16:45.3394308Z 0 | 8 | field:abilities.effects[]#dash.onTouch | abilities/community-review-03-20260907.e, abilities/community-review-08-20260907.w, abilities/community-review-34-20260907.q
2026-09-09T17:16:45.3395859Z 0 | 7 | field:abilities.effects[]#dash.stopOnHit | abilities/community-review-02-20260907.r, abilities/community-review-03-20260907.r, abilities/community-review-28-20260907.e
2026-09-09T17:16:45.3397818Z 0 | 4 | field:abilities.effects[]#dash.touchScope | abilities/community-review-03-20260907.e, abilities/community-review-35-20260907.w, champions/community-review-03-20260907
2026-09-09T17:16:45.3398468Z 0 | 0 | field:abilities.effects[]#delayed.maxTargets | 
2026-09-09T17:16:45.3398837Z 0 | 0 | field:abilities.effects[]#devour.condition | 
2026-09-09T17:16:45.3399203Z 0 | 0 | field:abilities.effects[]#devour.onDevourPer | 
2026-09-09T17:16:45.3399557Z 0 | 0 | field:abilities.effects[]#dispel.maxTargets | 
2026-09-09T17:16:45.3400239Z 0 | 1 | field:abilities.effects[]#dispel.statusTag | abilities/community-review-37-20260907.ex
2026-09-09T17:16:45.3400600Z 0 | 0 | field:abilities.effects[]#dot.dispellable | 
2026-09-09T17:16:45.3400922Z 0 | 0 | field:abilities.effects[]#dot.maxStacks | 
2026-09-09T17:16:45.3401255Z 0 | 0 | field:abilities.effects[]#dot.onCasterDeath | 
2026-09-09T17:16:45.3402238Z 0 | 2 | field:abilities.effects[]#dot.tickOnApply | abilities/community-review-12-20260907.r, champions/community-review-12-20260907
2026-09-09T17:16:45.3402719Z 0 | 0 | field:abilities.effects[]#eventValueConversion.condition | 
2026-09-09T17:16:45.3403192Z 0 | 0 | field:abilities.effects[]#eventValueConversion.maxTargets | 
2026-09-09T17:16:45.3403624Z 0 | 0 | field:abilities.effects[]#eventValueConversion.radius | 
2026-09-09T17:16:45.3404078Z 0 | 0 | field:abilities.effects[]#eventValueConversion.radiusTier | 
2026-09-09T17:16:45.3404489Z 0 | 0 | field:abilities.effects[]#eventValueConversion.side | 
2026-09-09T17:16:45.3405576Z 0 | 2 | field:abilities.effects[]#floatingText.condition | abilities/community-review-30-20260907.w, champions/community-review-30-20260907
2026-09-09T17:16:45.3406002Z 0 | 0 | field:abilities.effects[]#floatingText.maxTargets | 
2026-09-09T17:16:45.3406385Z 0 | 0 | field:abilities.effects[]#floatingText.radius | 
2026-09-09T17:16:45.3406752Z 0 | 0 | field:abilities.effects[]#floatingText.side | 
2026-09-09T17:16:45.3407184Z 0 | 0 | field:abilities.effects[]#floatingText.velocityAngle | 
2026-09-09T17:16:45.3407868Z 0 | 0 | field:abilities.effects[]#grantAttribute.condition | 
2026-09-09T17:16:45.3408343Z 0 | 0 | field:abilities.effects[]#grantAttribute.maxAttributeBasis | 
2026-09-09T17:16:45.3408695Z 0 | 0 | field:abilities.effects[]#grantGold.condition | 
2026-09-09T17:16:45.3409071Z 0 | 0 | field:abilities.effects[]#grantGold.fallbackLevel | 
2026-09-09T17:16:45.3409489Z 0 | 0 | field:abilities.effects[]#grantGold.mobLevelSource | 
2026-09-09T17:16:45.3410792Z 0 | 13 | field:abilities.effects[]#heal.condition | abilities/community-review-09-20260907.e, abilities/community-review-15-20260907.r, abilities/community-review-19-20260907.ex
2026-09-09T17:16:45.3411168Z 0 | 0 | field:abilities.effects[]#invulnerable.condition | 
2026-09-09T17:16:45.3411535Z 0 | 0 | field:abilities.effects[]#knockback.getupTicks | 
2026-09-09T17:16:45.3411887Z 0 | 0 | field:abilities.effects[]#knockback.hpBasis | 
2026-09-09T17:16:45.3412258Z 0 | 0 | field:abilities.effects[]#knockback.impactPower | 
2026-09-09T17:16:45.3412666Z 0 | 0 | field:abilities.effects[]#knockback.launchDistance | 
2026-09-09T17:16:45.3413040Z 0 | 0 | field:abilities.effects[]#knockback.launchHeight | 
2026-09-09T17:16:45.3413366Z 0 | 0 | field:abilities.effects[]#leap.condition | 
2026-09-09T17:16:45.3413772Z 0 | 0 | field:abilities.effects[]#modifyCooldown.abilityId | 
2026-09-09T17:16:45.3414210Z 0 | 0 | field:abilities.effects[]#modifyCooldown.maxTargets | 
2026-09-09T17:16:45.3414581Z 0 | 0 | field:abilities.effects[]#modifyCooldown.radius | 
2026-09-09T17:16:45.3415017Z 0 | 0 | field:abilities.effects[]#modifyCooldown.radiusTier | 
2026-09-09T17:16:45.3415382Z 0 | 0 | field:abilities.effects[]#modifyCooldown.side | 
2026-09-09T17:16:45.3416010Z 0 | 0 | field:abilities.effects[]#proxyCast.abilityId | 
2026-09-09T17:16:45.3416381Z 0 | 0 | field:abilities.effects[]#proxyCast.condition | 
2026-09-09T17:16:45.3416773Z 0 | 0 | field:abilities.effects[]#proxyCast.fixedRank | 
2026-09-09T17:16:45.3417167Z 0 | 0 | field:abilities.effects[]#proxyCast.maxTargets | 
2026-09-09T17:16:45.3417922Z 0 | 0 | field:abilities.effects[]#proxyCast.radius | 
2026-09-09T17:16:45.3418277Z 0 | 0 | field:abilities.effects[]#proxyCast.radiusTier | 
2026-09-09T17:16:45.3418574Z 0 | 0 | field:abilities.effects[]#proxyCast.side | 
2026-09-09T17:16:45.3418896Z 0 | 0 | field:abilities.effects[]#randomArea.condition | 
2026-09-09T17:16:45.3419219Z 0 | 0 | field:abilities.effects[]#revive.condition | 
2026-09-09T17:16:45.3419527Z 0 | 0 | field:abilities.effects[]#screenFlash.condition | 
2026-09-09T17:16:45.3419867Z 0 | 0 | field:abilities.effects[]#screenFlash.maxTargets | 
2026-09-09T17:16:45.3420192Z 0 | 0 | field:abilities.effects[]#screenFlash.radius | 
2026-09-09T17:16:45.3420506Z 0 | 0 | field:abilities.effects[]#screenFlash.side | 
2026-09-09T17:16:45.3420842Z 0 | 0 | field:abilities.effects[]#screenShake.condition | 
2026-09-09T17:16:45.3421187Z 0 | 0 | field:abilities.effects[]#screenShake.maxTargets | 
2026-09-09T17:16:45.3421508Z 0 | 0 | field:abilities.effects[]#screenShake.side | 
2026-09-09T17:16:45.3422149Z 0 | 1 | field:abilities.effects[]#shield.breakOnMove | abilities/community-review-30-20260907.ex
2026-09-09T17:16:45.3423331Z 0 | 6 | field:abilities.effects[]#shield.condition | abilities/community-review-18-20260907.w, abilities/community-review-29-20260907.w, abilities/community-review-36-20260907.r
2026-09-09T17:16:45.3424765Z 0 | 40 | field:abilities.effects[]#shield.onExisting | abilities/community-review-05-20260907.ex, abilities/community-review-05-20260907.passive, abilities/community-review-07-20260907.passive
2026-09-09T17:16:45.3426141Z 0 | 40 | field:abilities.effects[]#shield.stackKey | abilities/community-review-05-20260907.ex, abilities/community-review-05-20260907.passive, abilities/community-review-07-20260907.passive
2026-09-09T17:16:45.3426496Z 0 | 0 | field:abilities.effects[]#spawnModelFx.attach | 
2026-09-09T17:16:45.3426818Z 0 | 0 | field:abilities.effects[]#spawnModelFx.boneOn | 
2026-09-09T17:16:45.3427167Z 0 | 0 | field:abilities.effects[]#spawnModelFx.condition | 
2026-09-09T17:16:45.3427740Z 0 | 0 | field:abilities.effects[]#spawnModelFx.maxTargets | 
2026-09-09T17:16:45.3428093Z 0 | 0 | field:abilities.effects[]#spawnModelFx.radius | 
2026-09-09T17:16:45.3428440Z 0 | 0 | field:abilities.effects[]#spawnModelFx.side | 
2026-09-09T17:16:45.3428856Z 0 | 0 | field:abilities.effects[]#spawnProjectile.condition | 
2026-09-09T17:16:45.3430188Z 0 | 4 | field:abilities.effects[]#spawnVfx.condition | abilities/community-review-27-20260907.q, abilities/community-review-35-20260907.q, champions/community-review-27-20260907
2026-09-09T17:16:45.3430541Z 0 | 0 | field:abilities.effects[]#spendMana.condition | 
2026-09-09T17:16:45.3430925Z 0 | 0 | field:abilities.effects[]#summon.autoTargetable | 
2026-09-09T17:16:45.3431276Z 0 | 0 | field:abilities.effects[]#summon.bountyGold | 
2026-09-09T17:16:45.3431656Z 0 | 0 | field:abilities.effects[]#summon.burnsInFireRing | 
2026-09-09T17:16:45.3431992Z 0 | 0 | field:abilities.effects[]#summon.capScope | 
2026-09-09T17:16:45.3432333Z 0 | 0 | field:abilities.effects[]#summon.condition | 
2026-09-09T17:16:45.3432676Z 0 | 0 | field:abilities.effects[]#summon.killCredit | 
2026-09-09T17:16:45.3432993Z 0 | 0 | field:abilities.effects[]#summon.level | 
2026-09-09T17:16:45.3433374Z 0 | 0 | field:abilities.effects[]#summon.manualTargetable | 
2026-09-09T17:16:45.3434664Z 0 | 5 | field:abilities.effects[]#summon.maxAlive | abilities/community-review-01-20260907.q, abilities/community-review-01-20260907.w, abilities/community-review-17-20260907.e
2026-09-09T17:16:45.3435000Z 0 | 0 | field:abilities.effects[]#summon.mobTargetable | 
2026-09-09T17:16:45.3436258Z 0 | 3 | field:abilities.effects[]#summon.onCap | abilities/community-review-01-20260907.q, abilities/community-review-01-20260907.w, champions/community-review-01-20260907
2026-09-09T17:16:45.3437991Z 0 | 3 | field:abilities.effects[]#summon.targetOnSpawn | abilities/community-review-01-20260907.q, abilities/community-review-01-20260907.w, champions/community-review-01-20260907
2026-09-09T17:16:45.3438569Z 0 | 0 | field:abilities.effects[]#summon.targetPriority | 
2026-09-09T17:16:45.3438906Z 0 | 0 | field:abilities.effects[]#taunt.condition | 
2026-09-09T17:16:45.3439435Z 0 | 0 | field:abilities.effects[]#weightedBranch.branches[].weightFrom.basis | 
2026-09-09T17:16:45.3439721Z 0 | 0 | field:abilities.hitFeel.exFreeze | 
2026-09-09T17:16:45.3439993Z 0 | 0 | field:abilities.interruptible | 
2026-09-09T17:16:45.3440284Z 0 | 0 | field:abilities.marks[].roundDelta | 
2026-09-09T17:16:45.3440619Z 0 | 0 | field:abilities.passive.ranks[].attackType | 
2026-09-09T17:16:45.3440991Z 0 | 0 | field:abilities.passive.ranks[].auras[].lingerSec | 
2026-09-09T17:16:45.3441420Z 0 | 0 | field:abilities.passive.ranks[].auras[].scaleByNearby | 
2026-09-09T17:16:45.3441832Z 0 | 0 | field:abilities.passive.ranks[].damageTypeOverride | 
2026-09-09T17:16:45.3442149Z 0 | 0 | field:abilities.passive.ranks[].drive | 
2026-09-09T17:16:45.3442505Z 0 | 0 | field:abilities.passive.ranks[].evasionScope | 
2026-09-09T17:16:45.3442826Z 0 | 0 | field:abilities.passive.ranks[].immobile | 
2026-09-09T17:16:45.3443169Z 0 | 0 | field:abilities.passive.ranks[].penetration | 
2026-09-09T17:16:45.3443542Z 0 | 0 | field:abilities.passive.ranks[].primaryAttribute | 
2026-09-09T17:16:45.3443936Z 0 | 0 | field:abilities.passive.ranks[].typeStreakImmunity | 
2026-09-09T17:16:45.3444267Z 0 | 0 | field:abilities.passive.ranks[].whileStatus | 
2026-09-09T17:16:45.3444574Z 0 | 0 | field:abilities.persistentVfx[].alpha | 
2026-09-09T17:16:45.3444867Z 0 | 0 | field:abilities.persistentVfx[].scale | 
2026-09-09T17:16:45.3445177Z 0 | 0 | field:abilities.persistentVfx[].when | 
2026-09-09T17:16:45.3445661Z 0 | 1 | field:abilities.recast | abilities/community-review-02-20260907.e
2026-09-09T17:16:45.3445931Z 0 | 0 | field:abilities.recoveryRoots | 
2026-09-09T17:16:45.3446532Z 0 | 1 | field:abilities.requiredSummonSlot | abilities/community-review-01-20260907.ex
2026-09-09T17:16:45.3447764Z 0 | 2 | field:abilities.requiredTargetStatus | abilities/community-review-28-20260907.ex, abilities/community-review-31-20260907.ex
2026-09-09T17:16:45.3448671Z 0 | 2 | field:abilities.rootWhileCasting | abilities/community-review-23-20260907.w, abilities/community-review-37-20260907.e
2026-09-09T17:16:45.3449867Z 0 | 16 | field:abilities.statusCost | abilities/community-review-01-20260907.ex, abilities/community-review-20-20260907.ex, abilities/community-review-23-20260907.w
2026-09-09T17:16:45.3451277Z 0 | 259 | field:abilities.template|0.cards[].contentSha256 | abilities/community-review-01-20260907.e, abilities/community-review-01-20260907.ex, abilities/community-review-01-20260907.passive
2026-09-09T17:16:45.3451711Z 0 | 0 | field:abilities.template|0.cards[].inheritDefaults | 
2026-09-09T17:16:45.3452047Z 0 | 0 | field:abilities.template|0.cards[].version | 
2026-09-09T17:16:45.3453347Z 0 | 41 | field:abilities.template|0.onConflict | abilities/community-review-01-20260907.passive, abilities/community-review-01-20260907.w, abilities/community-review-02-20260907.w
2026-09-09T17:16:45.3453645Z 0 | 0 | field:abilities.vfxLayers[].enabled | 
2026-09-09T17:16:45.3453938Z 0 | 0 | field:abilities.vfxLayers[].facingDeg | 
2026-09-09T17:16:45.3454236Z 0 | 0 | field:abilities.vfxLayers[].flyHeight | 
2026-09-09T17:16:45.3454509Z 0 | 0 | field:abilities.vfxLayers[].tint | 
2026-09-09T17:16:45.3454759Z 0 | 0 | field:arenas.decor[].y | 
2026-09-09T17:16:45.3455129Z 0 | 0 | field:arenas.zones[].obstacles[]#circle.gateGroup | 
2026-09-09T17:16:45.3455370Z 0 | 0 | field:augments.attackType | 
2026-09-09T17:16:45.3455621Z 0 | 0 | field:augments.attributes | 
2026-09-09T17:16:45.3455857Z 0 | 0 | field:augments.critStrike | 
2026-09-09T17:16:45.3456346Z 0 | 0 | field:augments.deathWard | 
2026-09-09T17:16:45.3456569Z 0 | 0 | field:augments.drive | 
2026-09-09T17:16:45.3456836Z 0 | 0 | field:augments.evasionScope | 
2026-09-09T17:16:45.3457080Z 0 | 0 | field:augments.immobile | 
2026-09-09T17:16:45.3457334Z 0 | 0 | field:augments.penetration | 
2026-09-09T17:16:45.3457822Z 0 | 0 | field:augments.primaryAttribute | 
2026-09-09T17:16:45.3458251Z 0 | 0 | field:augments.statusImmunity | 
2026-09-09T17:16:45.3458541Z 0 | 0 | field:augments.typeStreakImmunity | 
2026-09-09T17:16:45.3458773Z 0 | 0 | field:augments.vision | 
2026-09-09T17:16:45.3459704Z 0 | 2 | field:champions.abilities.*.allowApproach | champions/community-review-04-20260907, champions/community-review-35-20260907
2026-09-09T17:16:45.3459992Z 0 | 0 | field:champions.abilities.*.augment | 
2026-09-09T17:16:45.3461198Z 0 | 4 | field:champions.abilities.*.castTimeTier | champions/community-review-20-20260907, champions/community-review-21-20260907, champions/community-review-27-20260907
2026-09-09T17:16:45.3461564Z 0 | 0 | field:champions.abilities.*.innateActivePassive | 
2026-09-09T17:16:45.3461866Z 0 | 0 | field:champions.abilities.*.innateKind | 
2026-09-09T17:16:45.3462185Z 0 | 0 | field:champions.abilities.*.interruptible | 
2026-09-09T17:16:45.3462447Z 0 | 0 | field:champions.abilities.*.marks | 
2026-09-09T17:16:45.3462780Z 0 | 0 | field:champions.abilities.*.rangeUnlimited | 
2026-09-09T17:16:45.3463316Z 0 | 1 | field:champions.abilities.*.recast | champions/community-review-02-20260907
2026-09-09T17:16:45.3463640Z 0 | 0 | field:champions.abilities.*.recoveryRoots | 
2026-09-09T17:16:45.3463991Z 0 | 0 | field:champions.abilities.*.requiredSummonSlot | 
2026-09-09T17:16:45.3464354Z 0 | 0 | field:champions.abilities.*.requiredTargetStatus | 
2026-09-09T17:16:45.3465329Z 0 | 2 | field:champions.abilities.*.rootWhileCasting | champions/community-review-23-20260907, champions/community-review-37-20260907
2026-09-09T17:16:45.3466550Z 0 | 4 | field:champions.abilities.*.statusCost | champions/community-review-23-20260907, champions/community-review-24-20260907, champions/community-review-26-20260907
2026-09-09T17:16:45.3466802Z 0 | 0 | field:champions.alpha | 
2026-09-09T17:16:45.3468137Z 0 | 37 | field:champions.archetype | champions/community-review-01-20260907, champions/community-review-02-20260907, champions/community-review-03-20260907
2026-09-09T17:16:45.3468421Z 0 | 0 | field:champions.asGrowthTier | 
2026-09-09T17:16:45.3468702Z 0 | 0 | field:champions.baseAttackTime | 
2026-09-09T17:16:45.3469015Z 0 | 0 | field:champions.healthRegenPctOfMax | 
2026-09-09T17:16:45.3469291Z 0 | 0 | field:champions.modelVersions | 
2026-09-09T17:16:45.3469562Z 0 | 0 | field:champions.statOverrides | 
2026-09-09T17:16:45.3469852Z 0 | 0 | field:champions.transform.reenter | 
2026-09-09T17:16:45.3470111Z 0 | 0 | field:items.auras[].hooks | 
2026-09-09T17:16:45.3470385Z 0 | 0 | field:items.auras[].includeSelf | 
2026-09-09T17:16:45.3470649Z 0 | 0 | field:items.auras[].lingerSec | 
2026-09-09T17:16:45.3470905Z 0 | 0 | field:items.draftEligible | 
2026-09-09T17:16:45.3471138Z 0 | 0 | field:items.iconKey | 
2026-09-09T17:16:45.3471403Z 0 | 0 | field:items.modifiers[].from | 
2026-09-09T17:16:45.3471728Z 0 | 0 | field:items.modifiers[].scopeAbilityId | 
2026-09-09T17:16:45.3472018Z 0 | 0 | field:items.modifiers[].scopeSlot | 
2026-09-09T17:16:45.3472293Z 0 | 0 | field:items.passive[].blockSource | 
2026-09-09T17:16:45.3472574Z 0 | 0 | field:items.passive[].consumeOn | 
2026-09-09T17:16:45.3472855Z 0 | 0 | field:items.passive[].critSource | 
2026-09-09T17:16:45.3473166Z 0 | 0 | field:items.passive[].damageConnected | 
2026-09-09T17:16:45.3473437Z 0 | 0 | field:items.passive[].damageCrit | 
2026-09-09T17:16:45.3473707Z 0 | 0 | field:items.passive[].damageType | 
2026-09-09T17:16:45.3473998Z 0 | 0 | field:items.passive[].evadeChannel | 
2026-09-09T17:16:45.3474276Z 0 | 0 | field:items.passive[].evadeDuring | 
2026-09-09T17:16:45.3474556Z 0 | 0 | field:items.passive[].evadeSource | 
2026-09-09T17:16:45.3475165Z 0 | 0 | field:items.passive[].internalCooldownScope | 
2026-09-09T17:16:45.3475461Z 0 | 0 | field:items.passive[].observedEvent | 
2026-09-09T17:16:45.3475738Z 0 | 0 | field:items.passive[].onConsumed | 
2026-09-09T17:16:45.3476025Z 0 | 0 | field:items.passive[].oncePerCast | 
2026-09-09T17:16:45.3476295Z 0 | 0 | field:items.passive[].perTarget | 
2026-09-09T17:16:45.3476793Z 0 | 0 | field:items.passive[].reflectedDamageSource | 
2026-09-09T17:16:45.3477139Z 0 | 0 | field:items.passive[].reflectedDamageType | 
2026-09-09T17:16:45.3477725Z 0 | 0 | field:items.passive[].stationaryForSec | 
2026-09-09T17:16:45.3478021Z 0 | 0 | field:items.sets[].countDuplicates | 
2026-09-09T17:16:45.3478267Z 0 | 0 | field:items.sets[].enabled | 
2026-09-09T17:16:45.3478553Z 0 | 0 | field:items.sets[].requiredPieces | 
2026-09-09T17:16:45.3478759Z 0 | 0 | field:items.unique | 
2026-09-09T17:16:45.3479041Z 0 | 0 | field:maps.backgroundProps[].y | 
2026-09-09T17:16:45.3479306Z 0 | 0 | field:maps.landmarkProps[].y | 
2026-09-09T17:16:45.3479564Z 0 | 0 | field:models.bodyVersion | 
2026-09-09T17:16:45.3479806Z 0 | 0 | field:models.fxAlpha | 
2026-09-09T17:16:45.3480049Z 0 | 0 | field:models.heroBody | 
2026-09-09T17:16:45.3480250Z 0 | 0 | field:models.voxel | 
2026-09-09T17:16:45.3480447Z 0 | 0 | field:skins.alpha | 
2026-09-09T17:16:45.3480646Z 0 | 0 | field:skins.tint | 
2026-09-09T17:16:45.3480917Z 0 | 0 | field:status-effects.alpha | 
2026-09-09T17:16:45.3481189Z 0 | 0 | field:status-effects.iconKey | 
2026-09-09T17:16:45.3481438Z 0 | 0 | field:status-effects.tint | 
2026-09-09T17:16:45.3481707Z 0 | 0 | field:vfx#vfx@1.orient.yawDeg | 
2026-09-09T17:16:45.3481966Z 0 | 0 | field:vfx#vfx@1.presentation | 
2026-09-09T17:16:45.3482226Z 0 | 0 | field:vfx#vfx@1.spriteSheet | 
2026-09-09T17:16:45.3482545Z 0 | 0 | field:vfx-scripts.segments[]|1#anim.atMs | 
2026-09-09T17:16:45.3482896Z 0 | 0 | field:vfx-scripts.segments[]|1#anim.replaces | 
2026-09-09T17:16:45.3483287Z 0 | 0 | field:vfx-scripts.segments[]|1#anim.replacesForMs | 
2026-09-09T17:16:45.3483666Z 0 | 0 | field:vfx-scripts.segments[]|1#anim.strikeIndex | 
2026-09-09T17:16:45.3484127Z 0 | 0 | field:vfx-scripts.segments[]|1#floatingText.driftAngleDeg | 
2026-09-09T17:16:45.3484608Z 0 | 0 | field:vfx-scripts.segments[]|1#floatingText.driftAngleStepDeg | 
2026-09-09T17:16:45.3485028Z 0 | 0 | field:vfx-scripts.segments[]|1#floatingText.driftFrom | 
2026-09-09T17:16:45.3485455Z 0 | 0 | field:vfx-scripts.segments[]|1#floatingText.driftSpeed | 
2026-09-09T17:16:45.3485858Z 0 | 0 | field:vfx-scripts.segments[]|1#floatingText.replaces | 
2026-09-09T17:16:45.3486301Z 0 | 0 | field:vfx-scripts.segments[]|1#floatingText.replacesForMs | 
2026-09-09T17:16:45.3486644Z 0 | 0 | field:vfx-scripts.segments[]|1#modelFx.count | 
2026-09-09T17:16:45.3487010Z 0 | 0 | field:vfx-scripts.segments[]|1#modelFx.distance | 
2026-09-09T17:16:45.3487810Z 0 | 0 | field:vfx-scripts.segments[]|1#modelFx.offsetSideU | 
2026-09-09T17:16:45.3488200Z 0 | 0 | field:vfx-scripts.segments[]|1#modelFx.replaces | 
2026-09-09T17:16:45.3488613Z 0 | 0 | field:vfx-scripts.segments[]|1#modelFx.replacesForMs | 
2026-09-09T17:16:45.3488983Z 0 | 0 | field:vfx-scripts.segments[]|1#modelFx.scaleAxis | 
2026-09-09T17:16:45.3489350Z 0 | 0 | field:vfx-scripts.segments[]|1#modelFx.soundKey | 
2026-09-09T17:16:45.3489716Z 0 | 0 | field:vfx-scripts.segments[]|1#modelFx.spacing | 
2026-09-09T17:16:45.3490071Z 0 | 0 | field:vfx-scripts.segments[]|1#modelFx.speed | 
2026-09-09T17:16:45.3490470Z 0 | 0 | field:vfx-scripts.segments[]|1#modelFx.spinDegPerSec | 
2026-09-09T17:16:45.3490911Z 0 | 0 | field:vfx-scripts.segments[]|1#modelFx.trailIntervalSec | 
2026-09-09T17:16:45.3491296Z 0 | 0 | field:vfx-scripts.segments[]|1#modelFx.trailVfxId | 
2026-09-09T17:16:45.3491700Z 0 | 0 | field:vfx-scripts.segments[]|1#modelFx.yawOffsetDeg | 
2026-09-09T17:16:45.3492092Z 0 | 0 | field:vfx-scripts.segments[]|1#screenShake.replaces | 
2026-09-09T17:16:45.3492525Z 0 | 0 | field:vfx-scripts.segments[]|1#screenShake.replacesForMs | 
2026-09-09T17:16:45.3493082Z 0 | 0 | field:vfx-scripts.segments[]|1#vfx.alpha | 
2026-09-09T17:16:45.3493426Z 0 | 0 | field:vfx-scripts.segments[]|1#vfx.facingDeg | 
2026-09-09T17:16:45.3493766Z 0 | 0 | field:vfx-scripts.segments[]|1#vfx.flyHeight | 
2026-09-09T17:16:45.3494140Z 0 | 0 | field:vfx-scripts.segments[]|1#vfx.offsetForwardU | 
2026-09-09T17:16:45.3494495Z 0 | 0 | field:vfx-scripts.segments[]|1#vfx.offsetSideU | 
2026-09-09T17:16:45.3495004Z 0 | 0 | field:vfx-scripts.segments[]|1#vfx.pitchDeg | 
2026-09-09T17:16:45.3495347Z 0 | 0 | field:vfx-scripts.segments[]|1#vfx.replaces | 
2026-09-09T17:16:45.3495717Z 0 | 0 | field:vfx-scripts.segments[]|1#vfx.replacesForMs | 
2026-09-09T17:16:45.3496052Z 0 | 0 | field:vfx-scripts.segments[]|1#vfx.timeScale | 
2026-09-09T17:16:45.3496373Z 0 | 0 | field:vfx-scripts.segments[]|1#vfx.tint | 
2026-09-09T17:16:45.3496710Z 0 | 0 | field:vfx-scripts.segments[]|1#vfx.w3xScale | 
2026-09-09T17:16:45.3496954Z 0 | 0 | tag:weaponClass=gun | 
2026-09-09T17:16:45.3498645Z 0 | 50 | variant:abilities.effects[]#consumeStatus | abilities/community-review-02-20260907.ex, abilities/community-review-03-20260907.passive, abilities/community-review-04-20260907.q
2026-09-09T17:16:45.3498988Z 0 | 0 | variant:abilities.effects[]#evasion | 
2026-09-09T17:16:45.3499655Z 0 | 1 | variant:abilities.effects[]#interruptCast | abilities/community-review-23-20260907.ex
2026-09-09T17:16:45.3500985Z 0 | 7 | variant:abilities.effects[]#pull | abilities/community-review-06-20260907.q, abilities/community-review-07-20260907.w, abilities/community-review-15-20260907.q
2026-09-09T17:16:45.3502326Z 0 | 6 | variant:abilities.effects[]#spendHealth | abilities/community-review-09-20260907.w, abilities/community-review-22-20260907.w, abilities/community-review-32-20260907.r
2026-09-09T17:16:45.3503308Z 0 | 2 | variant:abilities.effects[]#timeStop | abilities/community-review-04-20260907.r, champions/community-review-04-20260907
2026-09-09T17:16:45.3504248Z 0 | 2 | variant:abilities.effects[]#trap | abilities/community-review-01-20260907.e, champions/community-review-01-20260907
2026-09-09T17:16:45.3504611Z 0 | 0 | variant:arenas.zones[].bounds#disc | 
2026-09-09T17:16:45.3504993Z 0 | 0 | variant:vfx-scripts.segments[]|1#bodyMove | 
2026-09-09T17:16:45.3505369Z 0 | 0 | variant:vfx-scripts.segments[]|1#screenFlash | 
2026-09-09T17:16:45.3505396Z 
2026-09-09T17:16:45.3505408Z 
2026-09-09T17:16:45.3506353Z   ══════════════════════════════════════════════════════════════════════════
2026-09-09T17:16:45.3507071Z   KNOWN DEAD MECHANISMS — 49 registered features that never happen in a match.
2026-09-09T17:16:45.3507891Z   These are ACCEPTED FAILURES, not passing checks. They print every run on purpose.
2026-09-09T17:16:45.3508521Z   ══════════════════════════════════════════════════════════════════════════
2026-09-09T17:16:45.3509077Z    • field:abilities.effects[]#applyBuff.modifiers[].fromResource
2026-09-09T17:16:45.3513493Z      同一個欄位落在共用的 zStatModifierFields 上,所以普查會在道具與技能 applyBuff 兩個節點各看到一次。道具那一側**已經採用**(光魔杖 godie-i027 就是它存在的理由);技能這一側是零,而且零是誠實的 —— 樹上還沒有任何一個 buff 想要一條會隨資源縮水的屬性項。分開兩份 schema 只為了讓其中一邊閉嘴,會讓「percentOf 一定要有來源」這條規則變成兩份(見 schema/common.ts 檔頭對這一點的警告)。機制在 sim/stats/resourceStats.ts。 ⚠️ ⭐ 2026-09-01 改判 `landing` → `debt`（30 天到期，閘要求「⛔ 一個新欄位不可以永遠是新的」）：⭐ 這三格的零**不是一次沒做完的遷移**，是「**這一側今天沒有客戶**」——而道具那一側**早就採用了**（機制因此不在零）。⛔ 把它們留在 `landing` 等於承諾一個**沒有人在做**的遷移，⭐ 而 `debt` 是誠實的那個字。
2026-09-09T17:16:45.3514015Z    • field:abilities.effects[]#applyBuff.critStrike
2026-09-09T17:16:45.3517021Z      ⛔ 2026-09-09 —— `landing` 的 30 天寬限**到期了**（filed 2026-08-09，31 天）。⭐ 到期本身就是答案：一個月過去，內容遷移沒有發生 ⇒ 誠實的狀態是 `debt`，⛔ 不是再展延一次 —— 那會讓這一格永遠是 `landing`，而 `landing` 的用途正好相反。⭐ `debt` 讓它**每一次執行都印在橫幅上**，⛔ 而不是被一個到期的寬限藏起來。⚠️ 這一批 24 筆同一天報備、同一天到期；13 筆是**條件葉**家族 —— 它們的第一份採用者會是**外部編輯器產出的內容**，而社群英雄那條路今天還沒進出貨名單。
2026-09-09T17:16:45.3517047Z 
2026-09-09T17:16:45.3517856Z ── ⭐ 以下是原本的理由，⛔ 一個字都沒有刪（第一·五守則：另存，⛔ 不是壓縮取代）──
2026-09-09T17:16:45.3518566Z 同上,暴擊那一半:「這支大招期間 20% 機率 3 倍」在此之前完全沒有形狀。rankedGrants 本來就在跳過過期的 source,所以限時不需要第二個時鐘。
2026-09-09T17:16:45.3518869Z    • field:augments.critStrike
2026-09-09T17:16:45.3521675Z      ⛔ 2026-09-09 —— `landing` 的 30 天寬限**到期了**（filed 2026-08-09，31 天）。⭐ 到期本身就是答案：一個月過去，內容遷移沒有發生 ⇒ 誠實的狀態是 `debt`，⛔ 不是再展延一次 —— 那會讓這一格永遠是 `landing`，而 `landing` 的用途正好相反。⭐ `debt` 讓它**每一次執行都印在橫幅上**，⛔ 而不是被一個到期的寬限藏起來。⚠️ 這一批 24 筆同一天報備、同一天到期；13 筆是**條件葉**家族 —— 它們的第一份採用者會是**外部編輯器產出的內容**，而社群英雄那條路今天還沒進出貨名單。
2026-09-09T17:16:45.3521698Z 
2026-09-09T17:16:45.3522396Z ── ⭐ 以下是原本的理由，⛔ 一個字都沒有刪（第一·五守則：另存，⛔ 不是壓縮取代）──
2026-09-09T17:16:45.3523772Z 引擎側已通。⭐ 這一格是 critRules.stackMode:"multiply"(owner 2026-08-09)的理由指向的東西:那條規則存在就是為了「玩家的第二張暴擊卡不可以是廢牌」,而在這一格之前一張卡根本沒有辦法**成為**第二條獨立的暴擊來源(只能加聚合屬性)。零採用是內容決定,不是機制缺席。
2026-09-09T17:16:45.3524160Z    • field:champions.abilities.*.augment
2026-09-09T17:16:45.3526903Z      同上,而且是**鏡像側**:同步方向永遠 standalone→embedded,所以它結構上不可能早於 field:abilities.augment 有採用。兩格要一起刪。 ⚠️ ⭐ 2026-09-08 改判 `landing` → `debt`（30 天到期，閘要求「⛔ 一個新欄位不可以永遠是新的」）：⭐ 這一格的零是**結構性的**（鏡射方向永遠 standalone→embedded，而內嵌側只放 Q/W/E/R）⇒ ⛔ 它**不會**因為時間過去就被採用，`landing` 是一句到期的承諾。⭐ `debt` 是誠實的字：它每一輪都出現在橫幅上，⛔ 而不是假裝有一次遷移正在進行。
2026-09-09T17:16:45.3527621Z    • field:abilities.effects[]#applyBuff.attributes
2026-09-09T17:16:45.3530103Z      ⛔ 2026-09-09 —— `landing` 的 30 天寬限**到期了**（filed 2026-08-09，31 天）。⭐ 到期本身就是答案：一個月過去，內容遷移沒有發生 ⇒ 誠實的狀態是 `debt`，⛔ 不是再展延一次 —— 那會讓這一格永遠是 `landing`，而 `landing` 的用途正好相反。⭐ `debt` 讓它**每一次執行都印在橫幅上**，⛔ 而不是被一個到期的寬限藏起來。⚠️ 這一批 24 筆同一天報備、同一天到期；13 筆是**條件葉**家族 —— 它們的第一份採用者會是**外部編輯器產出的內容**，而社群英雄那條路今天還沒進出貨名單。
2026-09-09T17:16:45.3530184Z 
2026-09-09T17:16:45.3530594Z ── ⭐ 以下是原本的理由，⛔ 一個字都沒有刪（第一·五守則：另存，⛔ 不是壓縮取代）──
2026-09-09T17:16:45.3531521Z 限時三圍（「這支大招期間力量 +30」）。以前只有道具授予得起，所以這句話在編輯器上沒有形狀。到期走這份 buff 自己的 expiresAtTick（`sourceAttrGrants` 已經在跳過過期來源），沒有第二個時鐘。
2026-09-09T17:16:45.3532004Z    • field:abilities.passive.ranks[].damageTypeOverride
2026-09-09T17:16:45.3534467Z      ⛔ 2026-09-09 —— `landing` 的 30 天寬限**到期了**（filed 2026-08-09，31 天）。⭐ 到期本身就是答案：一個月過去，內容遷移沒有發生 ⇒ 誠實的狀態是 `debt`，⛔ 不是再展延一次 —— 那會讓這一格永遠是 `landing`，而 `landing` 的用途正好相反。⭐ `debt` 讓它**每一次執行都印在橫幅上**，⛔ 而不是被一個到期的寬限藏起來。⚠️ 這一批 24 筆同一天報備、同一天到期；13 筆是**條件葉**家族 —— 它們的第一份採用者會是**外部編輯器產出的內容**，而社群英雄那條路今天還沒進出貨名單。
2026-09-09T17:16:45.3534772Z 
2026-09-09T17:16:45.3535185Z ── ⭐ 以下是原本的理由，⛔ 一個字都沒有刪（第一·五守則：另存，⛔ 不是壓縮取代）──
2026-09-09T17:16:45.3535744Z 天生技授予傷害型別轉換（「這位英雄的普攻無視防禦」在此之前只能靠一件裝備）。與道具同一格、同一個解析器、同一組 scope 語意。
2026-09-09T17:16:45.3536052Z    • field:augments.attributes
2026-09-09T17:16:45.3546927Z      ⛔ 2026-09-09 —— `landing` 的 30 天寬限**到期了**（filed 2026-08-09，31 天）。⭐ 到期本身就是答案：一個月過去，內容遷移沒有發生 ⇒ 誠實的狀態是 `debt`，⛔ 不是再展延一次 —— 那會讓這一格永遠是 `landing`，而 `landing` 的用途正好相反。⭐ `debt` 讓它**每一次執行都印在橫幅上**，⛔ 而不是被一個到期的寬限藏起來。⚠️ 這一批 24 筆同一天報備、同一天到期；13 筆是**條件葉**家族 —— 它們的第一份採用者會是**外部編輯器產出的內容**，而社群英雄那條路今天還沒進出貨名單。
2026-09-09T17:16:45.3546957Z 
2026-09-09T17:16:45.3547677Z ── ⭐ 以下是原本的理由，⛔ 一個字都沒有刪（第一·五守則：另存，⛔ 不是壓縮取代）──
2026-09-09T17:16:45.3548964Z 三選一增益卡授予三圍。⚠️ 與 #260 的「能力屬性強化」**不是**同一條路：那張卡走 `ChampionComp.attrBonus`（永久累加），這一格騎在 source 上（卡片被移除就跟著消失），兩者由 `sourceAttrGrants` 折在同一個地方，下游分不出來。
2026-09-09T17:16:45.3549336Z    • field:champions.abilities.*.marks
2026-09-09T17:16:45.3555590Z      具名標記（十二道試煉／風王結界／縮地）剛上架。standalone 那一半已經有使用者（`abilities.marks` = 1/696，`godie-hapm.passive`），紅的是 **champion 文件裡的內嵌鏡像**。⚠️ 這一格的零採用是**結構性的、預期永遠成立的**，不是「還沒有人用」：champion doc 的 `abilities` 只內嵌 Q/W/E/R，PASSIVE 與 EX 走 `passiveAbility`/`exAbility` 兩個字串參照（見 `content/champions/godie-hapm.json`）。而標記天生屬於天生技那一族 —— 它是「這個英雄整場帶著的東西」。所以要讓這一格自然變綠，需要的是一支把標記掛在 Q/W/E/R 上的技能（完全合法，例如「Q 命中累積層數，滿 5 層強化 R」），而不是把十二道試煉搬進鏡像。⛔ 若三十天後仍是 0，正確的處置是問「Q/W/E/R 標記到底該不該存在」，不是延長這筆豁免。 ⚠️ ⭐ 2026-09-08 改判 `landing` → `debt`（30 天到期，閘要求「⛔ 一個新欄位不可以永遠是新的」）：⭐ 這一格的零是**結構性的**（鏡射方向永遠 standalone→embedded，而內嵌側只放 Q/W/E/R）⇒ ⛔ 它**不會**因為時間過去就被採用，`landing` 是一句到期的承諾。⭐ `debt` 是誠實的字：它每一輪都出現在橫幅上，⛔ 而不是假裝有一次遷移正在進行。
2026-09-09T17:16:45.3555991Z    • field:items.auras[].lingerSec
2026-09-09T17:16:45.3558835Z      WC3's aura buff-tail. There is NO number to port — `Dur`/`HeroDur` is 0 on all 32 stock aura rows (see zAuraDef.lingerSec), so an authored value is a design choice or the anti-flicker knob. The three item auras shipped today are all pure in/out, which is the intended resting state.
2026-09-09T17:16:45.3559603Z    • field:abilities.passive.ranks[].auras[].lingerSec
2026-09-09T17:16:45.3562593Z      MEASURED, there is no number to port: `Dur1`/`HeroDur1` is 0 on all 32 stock aura rows AND on both imported auras (`A0GM`, `A0ID`). WC3's tail is ENGINE behaviour; authoring one would be inventing content. If we ever want it, it is uniform across every aura and belongs in a 後台-tunable default, not per-doc.
2026-09-09T17:16:45.3563695Z    • enum:abilities.passive.ranks[].auras[].affects=all
2026-09-09T17:16:45.3567825Z      A DECISION, not a migration. No teamless unit can receive an aura under any value of `affects` (`world.stats.set` is called only in spawnChampion.ts / auraCarrier.ts), and 0 of the 86 aura-derived map abilities target friend and enemy together. Either author the first friend-and-foe aura or DELETE the member together with `AuraAffects` and the `affects === "all"` early-return in `affectsTarget`.
2026-09-09T17:16:45.3568405Z    • enum:abilities.effects[]#invulnerable.applyTo=target
2026-09-09T17:16:45.3572785Z      Has REAL JASS provenance — war3map.j:51731 (52-02 蹂躪編年史) and :52065 (52-002 射殺百頭) both add 'Avul' to the spell TARGET — plus the AoE form 29-03 有功夫無懦夫「統統進入無敵狀態」. Not bound yet because in the source the victim's Avul is a mechanic shield removed (:51835) before the ability's own damage lands; porting it literally would make the skill refuse its own damage. Needs an owner decision (fidelity vs. the simpler self-window), which is why the 30-day clock is the right pressure here.
2026-09-09T17:16:45.3573424Z    • enum:abilities.effects[]#invulnerable.blocksDamage=physical
2026-09-09T17:16:45.3575120Z      No 物理免疫-only ability is known in this map; the enum member exists for symmetry. If this is still empty when the grace expires, the honest outcome is `debt` or removing the member.
2026-09-09T17:16:45.3575570Z    • enum:abilities.effects[]#championForm.to=base
2026-09-09T17:16:45.3581532Z      `to: "base"` is a MANUAL cancel — 'drop the form now, before it expires'. No w3x ability asks for one: all 26 metamorphoses either time out on `ahdu` or are toggles, and the automatic reverts (expiry, death, combat end) go through `revertToBaseForm` in ChampionFormSystem, not through an authored effect. It is exercised by championFormContent.test.ts on all 26 pairs, so the direction works; what is missing is a DESIGN decision that some hero should be able to cancel early. Resolve by authoring it on that hero, or reclassify to "runtime-authored" once the owner rules that no hero ever will.
2026-09-09T17:16:45.3582104Z    • enum:abilities.effects[]#shield.absorbs=physical
2026-09-09T17:16:45.3587978Z      the sim honours it (sim/effects/shieldAbsorb.test.ts drives a real step for every member) but NO shipped doc is a physical-only barrier: the map's three shield spells are 破法對咒 (magic, now authored), 守護之光 「阻擋任何傷害」 and 機警 「可抵擋90%傷害」, both genuinely all-type. The member exists because the enum mirrors `DamageType` — the seam's stated reason (sim/effects/effect.ts) — not because content asked. Kept `debt` rather than `landing` so it stays in the banner instead of expiring into silence; delete this entry when a physical-only barrier is imported, or narrow the enum to `"all" | "magic"` if owner rules none ever will be.
2026-09-09T17:16:45.3588518Z    • enum:abilities.effects[]#shield.absorbs=true
2026-09-09T17:16:45.3591019Z      same story as the physical member, one step further: a true-damage-absorbing pool would also eat the arena fire ring (#270 made the burn true damage), which is a balance decision nobody has made. Live in the sim, unused by content, deliberately visible here until it is either authored or removed.
2026-09-09T17:16:45.3591293Z    • field:models.voxel
2026-09-09T17:16:45.3600022Z      task #229's 鑄形工坊 studio authors this block and task #226's `pnpm voxel:gen` consumes it; the field is the seam BETWEEN the two, so it lands with the schema and is populated when the first generated model doc is written (the studio's own save, or #226's five archetype docs). Zero adoption today is correct — no generated model exists yet — and NOT permanent: `packages/shared/src/voxel/doc.test.ts` proves a populated doc validates, so the only thing missing is a saved character. Delete this entry the moment one lands. ⚠️ 2026-08-26: re-filed from `landing` to `debt` — the 30-day grace expired and no generated model doc has been written since 2026-07-26. Nothing about the seam changed; what changed is the honesty of the label: `landing` promised imminent adoption and that promise is a month old. `debt` keeps it visible in the banner every run instead of expiring into silence.
2026-09-09T17:16:45.3600588Z    • field:champions.baseAttackTime
2026-09-09T17:16:45.3602706Z      task #144 (per-champion w3x movement/attack speed) is still pending, so all 113 champions use BasicAttackSystem.ts:173's `?? 1.0` and every hero attacks at the same base cadence — the w3x per-hero values were never imported.
2026-09-09T17:16:45.3603056Z    • field:items.passive[].damageType
2026-09-09T17:16:45.3605070Z      ⏳ 2026-09-05 —— landing 到期（31 天）⇒ 誠實改成 debt。⭐ 遷移沒有發生，而**理由沒有變**：天堂之劍仍然是這一格最接近的第一個採用者，卡住它的與 `damageCrit` 是同一件事（缺「治療觸發這一發的 X%」原語）。⛔ 不再續一次 landing —— 那會讓寬限變成一個可以無限展期的東西，而它存在的意義正好相反。（原文）同上,道具那一面的同一格。天堂之劍正是一件道具,所以它會是這一格的第一個採用者。
2026-09-09T17:16:45.3605426Z    • field:items.passive[].damageCrit
2026-09-09T17:16:45.3608267Z      ⏳ 2026-09-05 —— landing 到期（31 天）⇒ 誠實改成 debt。⭐ 缺的原語仍然是「治療觸發這一發的 X%」（`heal` 只吃 zScaling，對稱的 `damage.incoming` 那一半還沒有）。⛔ 不續 landing。（原文）道具那一面的【暴擊時】。這四格裡它是最接近被採用的一格 —— 天堂之劍 godie-i01n 是一件道具,它的文案「暴擊時吸血回復100%傷害」就是這一格的第一個消費者,卡住它的是缺一個「治療觸發這一發的 X%」原語(`heal` 只吃 zScaling,對稱的 `damage.incomingPct` 是傷害不是治療)。
2026-09-09T17:16:45.3608645Z    • enum:items.craftRole=direct
2026-09-09T17:16:45.3610839Z      extract_item_roles.py recovers 7 roles from the map triggers and assigned `direct` to nothing across 214 items. Either the extractor never emits it (a recovery gap worth checking against the JASS) or the role is redundant and should leave the enum.
2026-09-09T17:16:45.3611318Z    • field:abilities.template|0.cards[].version
2026-09-09T17:16:45.3614479Z      the §5 breaking-migration hook. zAbilityTemplateCard accepts it, but NOTHING reads it — normalizeTemplateBinding/expandStack never branch on a card version, so a doc that set it would be inert (the same shape as the onLevelUp hook above). Resolve by implementing version-aware re-expansion or by deleting the member — do not 'adopt' it.
2026-09-09T17:16:45.3614844Z    • variant:abilities.effects[]#evasion
2026-09-09T17:16:45.3622524Z      GH#289 lane P5 landed the MECHANISM (sim/effects/evasion.ts + the DECISION-5 ability channel in combat/evasion.ts); the content half is a separate lane and content/ is a single-threaded domain this session. NOT 'nobody needs it' — the source map has named abilities waiting: the timed-dodge shape is 12-00 感應意脈 (+20% 迴避), 74-00 JENOVA (15%), 92-00 憂鬱的眼神 (18%). Note the STAT half is already adopted (13 content files author `stat: evasion` on 3 champion docs, 8 ability docs and the phantom-step augment), so what is unadopted is specifically the TIMED-GRANT effect variant, not the evasion axis. Resolve by porting one of those three onto an `evasion` effect with an explicit durationSec; the 30-day expiry is the reminder, because 'the primitive landed, the content did not' is exactly the S8 this census exists to catch.
2026-09-09T17:16:45.3623285Z    • enum:abilities.effects[]#applyBuff.condition|0|2|0.op=!=
2026-09-09T17:16:45.3625412Z      比較運算子,鑄技工坊 ConditionEditor 的下拉選單成員之一(apps/editor/src/forge/ConditionEditor.tsx)。出貨的條件卡都是門檻式(`<=` / `>`),沒有一張需要相等比較。第一個自然的採用者是「等級剛好 N」或「層數 == 上限」這種整數比較 —— 目前沒有這種卡。若 30 天後仍是 0,誠實的結論是這兩個成員該從 zCondition 拿掉,而不是硬編一張卡去餵它。
2026-09-09T17:16:45.3625934Z    • enum:abilities.effects[]#applyBuff.condition|0|2|0.op===
2026-09-09T17:16:45.3626472Z      同上。相等比較在整數軸(level / 層數)才有意義,而條件目前唯一被授權的整數軸是 level,還沒有卡用它。
2026-09-09T17:16:45.3626991Z    • enum:abilities.effects[]#applyBuff.condition|0|2|1.stat=agi
2026-09-09T17:16:45.3627807Z      同 stat=ad。三圍軸(str/agi/int)在 #248 之後才真的活起來(三圍→AD/攻速/AP),條件讀它是下一步而不是這一步。
2026-09-09T17:16:45.3628366Z    • enum:abilities.effects[]#applyBuff.condition|0|2|1.stat=armor
2026-09-09T17:16:45.3629777Z      條件的防禦軸。同一條 `stat` 分支,已由 hp 證明會動。防禦門檻的自然客戶是穿透類:「對防禦高於 N 的目標改走真實傷害」—— 這正是 owner 2026-07-30 講的「>=< 某個常數或某個數值條件」在坦克向上的讀法,所以是 landing 不是 debt。
2026-09-09T17:16:45.3630398Z    • enum:abilities.effects[]#applyBuff.condition|0|2|1.stat=attackSpeed
2026-09-09T17:16:45.3631238Z      條件的攻速軸。同一條 `stat` 分支。自然客戶是攻速流的「攻速達上限後把溢出換成傷害」—— 要等 #286(攻速解鎖上限 10.0)落地才有意義,所以它排在那張票後面。
2026-09-09T17:16:45.3631781Z    • enum:abilities.effects[]#applyBuff.condition|0|2|1.stat=int
2026-09-09T17:16:45.3632703Z      條件的智力軸。三圍(str/agi/int)在 #248 之後才真的活起來(三圍→AD/攻速/AP),而條件讀三圍是再下一步:今天所有「智力達 X」的敘述都寫在描述文字裡,沒有一支變成可判定的門檻。
2026-09-09T17:16:45.3633323Z    • enum:abilities.effects[]#applyBuff.condition|0|2|1.stat=magicResist
2026-09-09T17:16:45.3633937Z      條件的魔抗軸。同 armor,兩者在 w3x 的敘述裡幾乎總是成對出現(「防禦或魔抗高於 N」),所以它們會同時被採用或同時留在 0。
2026-09-09T17:16:45.3634507Z    • enum:abilities.effects[]#applyBuff.condition|0|2|1.stat=moveSpeed
2026-09-09T17:16:45.3635234Z      條件的移速軸。同一條 `stat` 分支。自然客戶是追擊類的「目標移速低於 N 時追加傷害」(配合減速),w3x 有這個家族但今天都只做了減速那一半。
2026-09-09T17:16:45.3635757Z    • enum:abilities.effects[]#applyBuff.condition|0|2|1.stat=str
2026-09-09T17:16:45.3636449Z      條件的力量軸。同 int:三圍在 #248 之後才活,而條件讀三圍還沒有任何一張卡。力量門檻的自然客戶是「力量高於 N 時擊退距離加倍」這種近戰卡。
2026-09-09T17:16:45.3637034Z    • enum:abilities.effects[]#applyBuff.hooks[].damageSource=nonBasic
2026-09-09T17:16:45.3641117Z      「只吃**非**普攻的那一發」。`"basic"` 出貨當天就有客戶(反射之盾 godie-i03m 的「反彈普通攻擊傷害 200%」),反向的還沒有。自然的第一個客戶是 w3x 的**法術**反傷/吸收家族(魔法護盾一類:普攻照打、技能才反彈),GGD 今天把那一族全部做成 `shield` 或 `invulnerable.blocksDamage`,沒有一支走 onDamageTaken 的封包過濾。30 天後仍為 0 的話,要問的是「那一族該不該改用這條路」,不是把這一條續期。 ⚠️ ⭐ 2026-09-01 改判 `landing` → `debt`（30 天到期，閘要求「⛔ 一個新欄位不可以永遠是新的」）：⭐ 這三格的零**不是一次沒做完的遷移**，是「**這一側今天沒有客戶**」——而道具那一側**早就採用了**（機制因此不在零）。⛔ 把它們留在 `landing` 等於承諾一個**沒有人在做**的遷移，⭐ 而 `debt` 是誠實的那個字。
2026-09-09T17:16:45.3641632Z    • enum:abilities.passive.ranks[].whileForm=base
2026-09-09T17:16:45.3642796Z      「只有本體形態才生效」的天生技。第三個成員裡唯一沒有客戶的一個:出貨的變身天生技都是「變身後才有」(alternate),還沒有一支是「變身後就失去」。w3x 裡這種存在(本體的被動在 Emeu 那半邊沒有被登記),所以這是待補的內容不是多餘的成員。
2026-09-09T17:16:45.3643490Z    • field:champions.healthRegenPctOfMax
2026-09-09T17:16:45.3646765Z      8/1 做的「每秒回最大生命的 N%」機制還活著、還可調、還有行為守衛(`sim/berserkerPctRegen.test.ts` 用手寫夾具跑真世界),但 8/2 之後**沒有任何一位出貨英雄填它**。留著而不是刪掉是刻意的:owner 在 24 小時內把這件事翻過一次面,下一次翻回來時它必須是「英雄卡上填一個數字」,不是一次 schema 改動 + rebuild + 部署(CLAUDE.md 第一守則)。⚠️ 這條豁免說的是「今天 0 筆是對的」,不是「這個機制不用測」——`berserkerPctRegen.test.ts` 另有一條掃全 119 份英雄卡的守衛釘住「真的沒有人填」,所以第一位採用者出現的那一天,那一條會紅,而**這條豁免就該被刪掉**。
2026-09-09T17:16:45.3647333Z    • field:abilities.effects[]#applyStatus.breakOnDamageMin
2026-09-09T17:16:45.3649853Z      ⏳ 2026-09-05 —— landing 到期（31 天）⇒ 誠實改成 debt。⭐ 與 `breakOnDamage` 同一批；省略 = 0 = WC3 沉睡的語意，所以**零採用正是它該有的樣子**。（原文）睡眠的打醒門檻。省略 = 0 = 任何傷害都醒(WC3 沉睡的語意),所以**零採用正是** 它該有的樣子。它存在的理由是第 3 回合之後場上到處是 DoT:一個「被燃燒每 tick 3 點打醒」的睡眠等於沒有睡眠,而那是設計決定不是常數。與 `breakOnDamage` 同一批。
2026-09-09T17:16:45.3650447Z    • enum:abilities.effects[]#applyBuff.hooks[].on=onGuardianDown
2026-09-09T17:16:45.3652458Z      ⏳ 2026-09-06 —— landing 到期（31 天）⇒ 誠實改成 debt（閘要求「一個新欄位不可以永遠是新的」）。⭐ 這一側今天沒有內容客戶：沒有任何一支技能在守衛塔倒下時要觸發什麼，⛔ 不是一次沒做完的遷移。守衛塔倒下(世界廣播)。⚠️ 打倒守衛塔**不發 `onKill`**(獎勵由 GuardianSystem 自己付),所以在這個成員之前,「塔倒了」在內容側完全接不到。⭐ 它同時是 GH#263(拆塔即勝)的掛載點。
2026-09-09T17:16:45.3653040Z    • field:abilities.effects[]#championForm.condition
2026-09-09T17:16:45.3655604Z      ⛔ 2026-09-09 —— `landing` 的 30 天寬限**到期了**（filed 2026-08-09，31 天）。⭐ 到期本身就是答案：一個月過去，內容遷移沒有發生 ⇒ 誠實的狀態是 `debt`，⛔ 不是再展延一次 —— 那會讓這一格永遠是 `landing`，而 `landing` 的用途正好相反。⭐ `debt` 讓它**每一次執行都印在橫幅上**，⛔ 而不是被一個到期的寬限藏起來。⚠️ 這一批 24 筆同一天報備、同一天到期；13 筆是**條件葉**家族 —— 它們的第一份採用者會是**外部編輯器產出的內容**，而社群英雄那條路今天還沒進出貨名單。
2026-09-09T17:16:45.3655630Z 
2026-09-09T17:16:45.3656085Z ── ⭐ 以下是原本的理由，⛔ 一個字都沒有刪（第一·五守則：另存，⛔ 不是壓縮取代）──
2026-09-09T17:16:45.3657910Z 效果上的觸發條件（owner 2026-08-09 裁決，GH#300）。共用 EFFECT_COMMON_SHAPE 的**同一格**，普查在 19 個 kind 節點各看到一次；型別/求值器/葉子與 hook 上的那一格逐字相同。零採用＝owner 手動重製中的 90 支技能還沒進 content/abilities/，⛔ 不是機制缺席。⚠️ 求值端（逐一過濾目標）由 lane A 接。
2026-09-09T17:16:45.3658417Z    • field:abilities.effects[]#damageLine.condition
2026-09-09T17:16:45.3661241Z      ⛔ 2026-09-09 —— `landing` 的 30 天寬限**到期了**（filed 2026-08-09，31 天）。⭐ 到期本身就是答案：一個月過去，內容遷移沒有發生 ⇒ 誠實的狀態是 `debt`，⛔ 不是再展延一次 —— 那會讓這一格永遠是 `landing`，而 `landing` 的用途正好相反。⭐ `debt` 讓它**每一次執行都印在橫幅上**，⛔ 而不是被一個到期的寬限藏起來。⚠️ 這一批 24 筆同一天報備、同一天到期；13 筆是**條件葉**家族 —— 它們的第一份採用者會是**外部編輯器產出的內容**，而社群英雄那條路今天還沒進出貨名單。
2026-09-09T17:16:45.3661267Z 
2026-09-09T17:16:45.3662061Z ── ⭐ 以下是原本的理由，⛔ 一個字都沒有刪（第一·五守則：另存，⛔ 不是壓縮取代）──
2026-09-09T17:16:45.3663732Z 效果上的觸發條件（owner 2026-08-09 裁決，GH#300）。共用 EFFECT_COMMON_SHAPE 的**同一格**，普查在 19 個 kind 節點各看到一次；型別/求值器/葉子與 hook 上的那一格逐字相同。零採用＝owner 手動重製中的 90 支技能還沒進 content/abilities/，⛔ 不是機制缺席。⚠️ 求值端（逐一過濾目標）由 lane A 接。
2026-09-09T17:16:45.3664155Z    • field:abilities.effects[]#dash.condition
2026-09-09T17:16:45.3666544Z      ⛔ 2026-09-09 —— `landing` 的 30 天寬限**到期了**（filed 2026-08-09，31 天）。⭐ 到期本身就是答案：一個月過去，內容遷移沒有發生 ⇒ 誠實的狀態是 `debt`，⛔ 不是再展延一次 —— 那會讓這一格永遠是 `landing`，而 `landing` 的用途正好相反。⭐ `debt` 讓它**每一次執行都印在橫幅上**，⛔ 而不是被一個到期的寬限藏起來。⚠️ 這一批 24 筆同一天報備、同一天到期；13 筆是**條件葉**家族 —— 它們的第一份採用者會是**外部編輯器產出的內容**，而社群英雄那條路今天還沒進出貨名單。
2026-09-09T17:16:45.3666628Z 
2026-09-09T17:16:45.3667087Z ── ⭐ 以下是原本的理由，⛔ 一個字都沒有刪（第一·五守則：另存，⛔ 不是壓縮取代）──
2026-09-09T17:16:45.3668845Z 效果上的觸發條件（owner 2026-08-09 裁決，GH#300）。共用 EFFECT_COMMON_SHAPE 的**同一格**，普查在 19 個 kind 節點各看到一次；型別/求值器/葉子與 hook 上的那一格逐字相同。零採用＝owner 手動重製中的 90 支技能還沒進 content/abilities/，⛔ 不是機制缺席。⚠️ 求值端（逐一過濾目標）由 lane A 接。
2026-09-09T17:16:45.3669400Z    • field:abilities.effects[]#grantAttribute.condition
2026-09-09T17:16:45.3671838Z      ⛔ 2026-09-09 —— `landing` 的 30 天寬限**到期了**（filed 2026-08-09，31 天）。⭐ 到期本身就是答案：一個月過去，內容遷移沒有發生 ⇒ 誠實的狀態是 `debt`，⛔ 不是再展延一次 —— 那會讓這一格永遠是 `landing`，而 `landing` 的用途正好相反。⭐ `debt` 讓它**每一次執行都印在橫幅上**，⛔ 而不是被一個到期的寬限藏起來。⚠️ 這一批 24 筆同一天報備、同一天到期；13 筆是**條件葉**家族 —— 它們的第一份採用者會是**外部編輯器產出的內容**，而社群英雄那條路今天還沒進出貨名單。
2026-09-09T17:16:45.3671866Z 
2026-09-09T17:16:45.3672290Z ── ⭐ 以下是原本的理由，⛔ 一個字都沒有刪（第一·五守則：另存，⛔ 不是壓縮取代）──
2026-09-09T17:16:45.3673865Z 效果上的觸發條件（owner 2026-08-09 裁決，GH#300）。共用 EFFECT_COMMON_SHAPE 的**同一格**，普查在 19 個 kind 節點各看到一次；型別/求值器/葉子與 hook 上的那一格逐字相同。零採用＝owner 手動重製中的 90 支技能還沒進 content/abilities/，⛔ 不是機制缺席。⚠️ 求值端（逐一過濾目標）由 lane A 接。
2026-09-09T17:16:45.3674710Z    • field:abilities.effects[]#invulnerable.condition
2026-09-09T17:16:45.3678145Z      ⛔ 2026-09-09 —— `landing` 的 30 天寬限**到期了**（filed 2026-08-09，31 天）。⭐ 到期本身就是答案：一個月過去，內容遷移沒有發生 ⇒ 誠實的狀態是 `debt`，⛔ 不是再展延一次 —— 那會讓這一格永遠是 `landing`，而 `landing` 的用途正好相反。⭐ `debt` 讓它**每一次執行都印在橫幅上**，⛔ 而不是被一個到期的寬限藏起來。⚠️ 這一批 24 筆同一天報備、同一天到期；13 筆是**條件葉**家族 —— 它們的第一份採用者會是**外部編輯器產出的內容**，而社群英雄那條路今天還沒進出貨名單。
2026-09-09T17:16:45.3678179Z 
2026-09-09T17:16:45.3678673Z ── ⭐ 以下是原本的理由，⛔ 一個字都沒有刪（第一·五守則：另存，⛔ 不是壓縮取代）──
2026-09-09T17:16:45.3680214Z 效果上的觸發條件（owner 2026-08-09 裁決，GH#300）。共用 EFFECT_COMMON_SHAPE 的**同一格**，普查在 19 個 kind 節點各看到一次；型別/求值器/葉子與 hook 上的那一格逐字相同。零採用＝owner 手動重製中的 90 支技能還沒進 content/abilities/，⛔ 不是機制缺席。⚠️ 求值端（逐一過濾目標）由 lane A 接。
2026-09-09T17:16:45.3680601Z    • field:abilities.effects[]#leap.condition
2026-09-09T17:16:45.3683027Z      ⛔ 2026-09-09 —— `landing` 的 30 天寬限**到期了**（filed 2026-08-09，31 天）。⭐ 到期本身就是答案：一個月過去，內容遷移沒有發生 ⇒ 誠實的狀態是 `debt`，⛔ 不是再展延一次 —— 那會讓這一格永遠是 `landing`，而 `landing` 的用途正好相反。⭐ `debt` 讓它**每一次執行都印在橫幅上**，⛔ 而不是被一個到期的寬限藏起來。⚠️ 這一批 24 筆同一天報備、同一天到期；13 筆是**條件葉**家族 —— 它們的第一份採用者會是**外部編輯器產出的內容**，而社群英雄那條路今天還沒進出貨名單。
2026-09-09T17:16:45.3683095Z 
2026-09-09T17:16:45.3683516Z ── ⭐ 以下是原本的理由，⛔ 一個字都沒有刪（第一·五守則：另存，⛔ 不是壓縮取代）──
2026-09-09T17:16:45.3685110Z 效果上的觸發條件（owner 2026-08-09 裁決，GH#300）。共用 EFFECT_COMMON_SHAPE 的**同一格**，普查在 19 個 kind 節點各看到一次；型別/求值器/葉子與 hook 上的那一格逐字相同。零採用＝owner 手動重製中的 90 支技能還沒進 content/abilities/，⛔ 不是機制缺席。⚠️ 求值端（逐一過濾目標）由 lane A 接。
2026-09-09T17:16:45.3685672Z    • field:abilities.effects[]#spawnProjectile.condition
2026-09-09T17:16:45.3688294Z      ⛔ 2026-09-09 —— `landing` 的 30 天寬限**到期了**（filed 2026-08-09，31 天）。⭐ 到期本身就是答案：一個月過去，內容遷移沒有發生 ⇒ 誠實的狀態是 `debt`，⛔ 不是再展延一次 —— 那會讓這一格永遠是 `landing`，而 `landing` 的用途正好相反。⭐ `debt` 讓它**每一次執行都印在橫幅上**，⛔ 而不是被一個到期的寬限藏起來。⚠️ 這一批 24 筆同一天報備、同一天到期；13 筆是**條件葉**家族 —— 它們的第一份採用者會是**外部編輯器產出的內容**，而社群英雄那條路今天還沒進出貨名單。
2026-09-09T17:16:45.3688321Z 
2026-09-09T17:16:45.3688761Z ── ⭐ 以下是原本的理由，⛔ 一個字都沒有刪（第一·五守則：另存，⛔ 不是壓縮取代）──
2026-09-09T17:16:45.3690546Z 效果上的觸發條件（owner 2026-08-09 裁決，GH#300）。共用 EFFECT_COMMON_SHAPE 的**同一格**，普查在 19 個 kind 節點各看到一次；型別/求值器/葉子與 hook 上的那一格逐字相同。零採用＝owner 手動重製中的 90 支技能還沒進 content/abilities/，⛔ 不是機制缺席。⚠️ 求值端（逐一過濾目標）由 lane A 接。
2026-09-09T17:16:45.3691002Z    • field:abilities.effects[]#spendMana.condition
2026-09-09T17:16:45.3693793Z      ⛔ 2026-09-09 —— `landing` 的 30 天寬限**到期了**（filed 2026-08-09，31 天）。⭐ 到期本身就是答案：一個月過去，內容遷移沒有發生 ⇒ 誠實的狀態是 `debt`，⛔ 不是再展延一次 —— 那會讓這一格永遠是 `landing`，而 `landing` 的用途正好相反。⭐ `debt` 讓它**每一次執行都印在橫幅上**，⛔ 而不是被一個到期的寬限藏起來。⚠️ 這一批 24 筆同一天報備、同一天到期；13 筆是**條件葉**家族 —— 它們的第一份採用者會是**外部編輯器產出的內容**，而社群英雄那條路今天還沒進出貨名單。
2026-09-09T17:16:45.3693820Z 
2026-09-09T17:16:45.3694249Z ── ⭐ 以下是原本的理由，⛔ 一個字都沒有刪（第一·五守則：另存，⛔ 不是壓縮取代）──
2026-09-09T17:16:45.3695748Z 效果上的觸發條件（owner 2026-08-09 裁決，GH#300）。共用 EFFECT_COMMON_SHAPE 的**同一格**，普查在 19 個 kind 節點各看到一次；型別/求值器/葉子與 hook 上的那一格逐字相同。零採用＝owner 手動重製中的 90 支技能還沒進 content/abilities/，⛔ 不是機制缺席。⚠️ 求值端（逐一過濾目標）由 lane A 接。
2026-09-09T17:16:45.3696248Z    • field:abilities.effects[]#knockback.launchDistance
2026-09-09T17:16:45.3698858Z      ⛔ 2026-09-09 —— `landing` 的 30 天寬限**到期了**（filed 2026-08-09，31 天）。⭐ 到期本身就是答案：一個月過去，內容遷移沒有發生 ⇒ 誠實的狀態是 `debt`，⛔ 不是再展延一次 —— 那會讓這一格永遠是 `landing`，而 `landing` 的用途正好相反。⭐ `debt` 讓它**每一次執行都印在橫幅上**，⛔ 而不是被一個到期的寬限藏起來。⚠️ 這一批 24 筆同一天報備、同一天到期；13 筆是**條件葉**家族 —— 它們的第一份採用者會是**外部編輯器產出的內容**，而社群英雄那條路今天還沒進出貨名單。
2026-09-09T17:16:45.3698890Z 
2026-09-09T17:16:45.3699368Z ── ⭐ 以下是原本的理由，⛔ 一個字都沒有刪（第一·五守則：另存，⛔ 不是壓縮取代）──
2026-09-09T17:16:45.3701227Z 擊飛四檔落點（owner 2026-08-09，GH#301-1：「應該要可以[指定落點]，但簡化成 一小段/預設/一大段/到底部 四種」）。省略＝default＝今天的推算行為，所以既有 5 份文件一格都不用改。⭐ 引擎側**已經落地**（`sim/effects/knockback.ts` 的 `tierDistance`），四檔的實際距離住在 `config.combat-feel@1` 的 `knockback.launchShortUnits` / `launchLongUnits` / `launchEdgeUsesFireRing`（⛔ 不是引擎常數，第一守則）。零採用＝owner 手動重製中的技能還沒挑這一格。
2026-09-09T17:16:45.3701591Z    • enum:abilities.effects[]#applyBuff.hooks[].on=onShieldGained
2026-09-09T17:16:45.3703051Z      ⛔ 2026-09-09 —— `landing` 的 30 天寬限**到期了**（filed 2026-08-09，31 天）。⭐ 到期本身就是答案：一個月過去，內容遷移沒有發生 ⇒ 誠實的狀態是 `debt`，⛔ 不是再展延一次 —— 那會讓這一格永遠是 `landing`，而 `landing` 的用途正好相反。⭐ `debt` 讓它**每一次執行都印在橫幅上**，⛔ 而不是被一個到期的寬限藏起來。⚠️ 這一批 24 筆同一天報備、同一天到期；13 筆是**條件葉**家族 —— 它們的第一份採用者會是**外部編輯器產出的內容**，而社群英雄那條路今天還沒進出貨名單。
2026-09-09T17:16:45.3703104Z 
2026-09-09T17:16:45.3703370Z ── ⭐ 以下是原本的理由，⛔ 一個字都沒有刪（第一·五守則：另存，⛔ 不是壓縮取代）──
2026-09-09T17:16:45.3704703Z 護盾產生時。持有者＝拿到護盾的人,target＝給護盾的人。✅ 發射點已接（GH#300）：`effects/shield.ts` 每一次 `addShield` 發一則 `shieldGained`，`systems/WorldHookSystem.ts` 那張表轉成 hook。⚠️ 口徑是「新出現一片盾」不是「這個人身上的盾變多了」——一發 AoE 給三個人＝三則。零採用＝owner 手動重製中的技能還沒進 content/abilities/。
2026-09-09T17:16:45.3704958Z    • field:abilities.effects[]#devour.condition
2026-09-09T17:16:45.3706383Z      ⛔ 2026-09-09 —— `landing` 的 30 天寬限**到期了**（filed 2026-08-09，31 天）。⭐ 到期本身就是答案：一個月過去，內容遷移沒有發生 ⇒ 誠實的狀態是 `debt`，⛔ 不是再展延一次 —— 那會讓這一格永遠是 `landing`，而 `landing` 的用途正好相反。⭐ `debt` 讓它**每一次執行都印在橫幅上**，⛔ 而不是被一個到期的寬限藏起來。⚠️ 這一批 24 筆同一天報備、同一天到期；13 筆是**條件葉**家族 —— 它們的第一份採用者會是**外部編輯器產出的內容**，而社群英雄那條路今天還沒進出貨名單。
2026-09-09T17:16:45.3706401Z 
2026-09-09T17:16:45.3706776Z ── ⭐ 以下是原本的理由，⛔ 一個字都沒有刪（第一·五守則：另存，⛔ 不是壓縮取代）──
2026-09-09T17:16:45.3708568Z 效果上的觸發條件（owner 2026-08-09 裁決，GH#300）。共用 EFFECT_COMMON_SHAPE 的**同一格**，普查在每一個 kind 節點各看到一次；型別/求值器/葉子與 hook 上的那一格逐字相同。⚠️ 這一個 kind 的節點是 2026-08-12 才**第一次可回報**的（父 variant 被採用，reach 跨過 MIN_REACH），所以 since 跟著機制落地的那天走，與另外 19 筆同一個時鐘、同一天到期。零採用＝重製那一批沒有一支需要逐目標過濾，⛔ 不是機制缺席。
2026-09-09T17:16:45.3708894Z    • field:abilities.effects[]#randomArea.condition
2026-09-09T17:16:45.3710365Z      ⛔ 2026-09-09 —— `landing` 的 30 天寬限**到期了**（filed 2026-08-09，31 天）。⭐ 到期本身就是答案：一個月過去，內容遷移沒有發生 ⇒ 誠實的狀態是 `debt`，⛔ 不是再展延一次 —— 那會讓這一格永遠是 `landing`，而 `landing` 的用途正好相反。⭐ `debt` 讓它**每一次執行都印在橫幅上**，⛔ 而不是被一個到期的寬限藏起來。⚠️ 這一批 24 筆同一天報備、同一天到期；13 筆是**條件葉**家族 —— 它們的第一份採用者會是**外部編輯器產出的內容**，而社群英雄那條路今天還沒進出貨名單。
2026-09-09T17:16:45.3710376Z 
2026-09-09T17:16:45.3710613Z ── ⭐ 以下是原本的理由，⛔ 一個字都沒有刪（第一·五守則：另存，⛔ 不是壓縮取代）──
2026-09-09T17:16:45.3711834Z 效果上的觸發條件（owner 2026-08-09 裁決，GH#300）。共用 EFFECT_COMMON_SHAPE 的**同一格**，普查在每一個 kind 節點各看到一次；型別/求值器/葉子與 hook 上的那一格逐字相同。⚠️ 這一個 kind 的節點是 2026-08-12 才**第一次可回報**的（父 variant 被採用，reach 跨過 MIN_REACH），所以 since 跟著機制落地的那天走，與另外 19 筆同一個時鐘、同一天到期。零採用＝重製那一批沒有一支需要逐目標過濾，⛔ 不是機制缺席。
2026-09-09T17:16:45.3711870Z 
2026-09-09T17:16:45.3711878Z 
2026-09-09T17:16:45.3712405Z  [32m✓[39m src/content/fieldAdoption.test.ts [2m([22m[2m10 tests[22m[2m)[22m[33m 10248[2mms[22m[39m
2026-09-09T17:16:45.3713381Z    [33m[2m✓[22m[39m field adoption census (recipe S8: mechanism shipped, content 0)[2m > [22mthe census is deterministic — same store, same rows, same order [33m2416[2mms[22m[39m
2026-09-09T17:16:45.7659515Z  [32m✓[39m src/sim/economy/itemTiers.test.ts [2m([22m[2m20 tests[22m[2m)[22m[33m 4057[2mms[22m[39m
2026-09-09T17:16:45.7661784Z    [33m[2m✓[22m[39m legendary is DRAFT-ONLY[2m > [22m而且 0 元是「沒有自己的標價」不是「不能賣」—— 收的是統一價 [33m2124[2mms[22m[39m
2026-09-09T17:16:48.6353083Z  [32m✓[39m src/content/schema/effects/modelFxStagingContract.test.ts [2m([22m[2m7 tests[22m[2m)[22m[33m 2628[2mms[22m[39m
2026-09-09T17:16:50.4627287Z  [32m✓[39m src/ops/acceptanceN5.test.ts [2m([22m[2m5 tests[22m[2m)[22m[33m 3763[2mms[22m[39m
2026-09-09T17:16:50.4629694Z    [33m[2m✓[22m[39m 46 份驗收 · 批5 生成與隨機（GH#963）[2m > [22m★★ ⑤ 執行時一套治具跑 5 份 ＋ ⭐ 決定性（同種子逐位元同 · **換種子必須不同**） [33m1465[2mms[22m[39m
2026-09-09T17:16:53.3576988Z  [32m✓[39m src/sim/economy/questDraftGate.test.ts [2m([22m[2m9 tests[22m[2m)[22m[33m 2972[2mms[22m[39m
2026-09-09T17:16:53.3579918Z    [33m[2m✓[22m[39m 天堂之劍是 10 倍暴擊,不是 50 倍 (eco-heaven-sword-crit)[2m > [22m★ proc 的那一刀 ÷ 平常那一刀 = 10.0(讀木樁掉的血,不是讀欄位) [33m485[2mms[22m[39m
2026-09-09T17:16:54.9720996Z  [32m✓[39m src/sim/berserkOwnerSpec.test.ts [2m([22m[2m15 tests[22m[2m)[22m[33m 2995[2mms[22m[39m
2026-09-09T17:16:54.9723362Z    [33m[2m✓[22m[39m 59-00 暴走(天生技·被動·自動觸發)—— owner 2026-08-12 重製規格[2m > [22m內部冷卻走完之前不會再觸發,走完之後次數無限 [33m617[2mms[22m[39m
2026-09-09T17:16:56.3035876Z  [32m✓[39m src/sim/combatJuice.test.ts [2m([22m[2m27 tests[22m[2m)[22m[90m 144[2mms[22m[39m
2026-09-09T17:16:56.4652825Z  [32m✓[39m src/ops/configDecorationCensus.test.ts [2m([22m[2m4 tests[22m[2m)[22m[33m 1869[2mms[22m[39m
2026-09-09T17:16:56.4657317Z    [33m[2m✓[22m[39m 🔍 設定裝飾欄位普查 (config-decoration-census)[2m > [22m② sentinel —— 已知裝飾的量得到 **且** 已知正常的量不到（⭐ 兩個方向） [33m1850[2mms[22m[39m
2026-09-09T17:16:57.1459100Z  [32m✓[39m src/content/championIdentity.test.ts [2m([22m[2m14 tests[22m[2m)[22m[90m 120[2mms[22m[39m
2026-09-09T17:16:57.6046251Z  [32m✓[39m src/sim/leap.test.ts [2m([22m[2m21 tests[22m[2m)[22m[33m 2468[2mms[22m[39m
2026-09-09T17:17:00.4314618Z  [32m✓[39m src/sim/abilities/innateActive.test.ts [2m([22m[2m20 tests[22m[2m)[22m[33m 2527[2mms[22m[39m
2026-09-09T17:17:00.4319815Z    [33m[2m✓[22m[39m innate active — the SHIPPED catalogue, read-only[2m > [22mevery shipped active innate is accepted and does something measurable [33m337[2mms[22m[39m
2026-09-09T17:17:00.5032191Z  [32m✓[39m src/sim/windOrbAndFormBuffs.test.ts [2m([22m[2m7 tests[22m[2m)[22m[33m 1485[2mms[22m[39m
2026-09-09T17:17:01.2090203Z  [32m✓[39m src/content/voxelSkin/generate.test.ts [2m([22m[2m30 tests[22m[2m)[22m[90m 106[2mms[22m[39m
2026-09-09T17:17:01.8434559Z  [32m✓[39m src/sim/killTriggerItems.test.ts [2m([22m[2m22 tests[22m[2m)[22m[90m 218[2mms[22m[39m
2026-09-09T17:17:02.6667333Z  [32m✓[39m src/ops/codeOnlyKnobs.test.ts [2m([22m[2m4 tests[22m[2m)[22m[90m 162[2mms[22m[39m
2026-09-09T17:17:03.0149675Z  [32m✓[39m src/sim/tauntDecisionFields.test.ts [2m([22m[2m28 tests[22m[2m)[22m[90m 77[2mms[22m[39m
2026-09-09T17:17:04.4201417Z  [32m✓[39m src/sim/mobSpecialBounty.test.ts [2m([22m[2m19 tests[22m[2m)[22m[90m 102[2mms[22m[39m
2026-09-09T17:17:04.4677253Z  [32m✓[39m src/sim/laneB.innates.test.ts [2m([22m[2m16 tests[22m[2m)[22m[33m 1821[2mms[22m[39m
2026-09-09T17:17:04.4680879Z    [33m[2m✓[22m[39m ① 92-00 憂鬱的眼神 (godie-h02v) — 打草泥馬的人自己開始揮空[2m > [22mthe curse actually makes the CURSED unit's basic attacks miss a third of the time [33m856[2mms[22m[39m
2026-09-09T17:17:04.8939734Z  [32m✓[39m src/sim/autoAcquire.test.ts [2m([22m[2m29 tests[22m[2m)[22m[33m 676[2mms[22m[39m
2026-09-09T17:17:04.8964726Z    [33m[2m✓[22m[39m #221 determinism (sim-04)[2m > [22mtwo seeded runs of the same auto-attack brawl produce identical digests [33m334[2mms[22m[39m
2026-09-09T17:17:05.0915663Z  [32m✓[39m src/content/bundle.test.ts [2m([22m[2m15 tests[22m[2m)[22m[33m 17912[2mms[22m[39m
2026-09-09T17:17:05.0978443Z    [33m[2m✓[22m[39m content bundle — emission[2m > [22memits a bundle holding every doc the per-doc path would load [33m1107[2mms[22m[39m
2026-09-09T17:17:05.0989554Z    [33m[2m✓[22m[39m content bundle — emission[2m > [22mtwo builds of identical content are byte-identical [33m1310[2mms[22m[39m
2026-09-09T17:17:05.1008409Z    [33m[2m✓[22m[39m content bundle — emission[2m > [22memitting the bundle cannot move contentVersion [33m963[2mms[22m[39m
2026-09-09T17:17:05.1019450Z    [33m[2m✓[22m[39m content bundle — emission[2m > [22mdeleteContentBundle removes it (the content-api staleness guard) [33m488[2mms[22m[39m
2026-09-09T17:17:05.1080385Z    [33m[2m✓[22m[39m content bundle — consumption[2m > [22ma bundle-backed load produces the SAME store as a per-doc load [33m2249[2mms[22m[39m
2026-09-09T17:17:05.1133102Z    [33m[2m✓[22m[39m content bundle — consumption[2m > [22mcosts exactly ONE request [33m529[2mms[22m[39m
2026-09-09T17:17:05.1160874Z    [33m[2m✓[22m[39m content bundle — fallback[2m > [22muses the bundle when it is there (no per-doc reads at all) [33m499[2mms[22m[39m
2026-09-09T17:17:05.1189182Z    [33m[2m✓[22m[39m content bundle — fallback[2m > [22mfalls back to per-doc when the bundle 404s [33m2423[2mms[22m[39m
2026-09-09T17:17:05.1191270Z    [33m[2m✓[22m[39m content bundle — fallback[2m > [22mfalls back when the bundle is CORRUPT, not just missing [33m868[2mms[22m[39m
2026-09-09T17:17:05.1224952Z    [33m[2m✓[22m[39m content bundle — fallback[2m > [22mfalls back when the payload is valid JSON of the WRONG shape [33m1823[2mms[22m[39m
2026-09-09T17:17:05.1239608Z    [33m[2m✓[22m[39m content bundle — fallback[2m > [22mfalls back on a schema-version bump it does not understand [33m1283[2mms[22m[39m
2026-09-09T17:17:05.1241919Z    [33m[2m✓[22m[39m content bundle — fallback[2m > [22mthe fallback still yields the same store as the bundle would have [33m2046[2mms[22m[39m
2026-09-09T17:17:05.1244369Z    [33m[2m✓[22m[39m content bundle — the ONE value the round trip normalizes[2m > [22m-0 becomes 0 — the same normalization hashDoc already applies [33m392[2mms[22m[39m
2026-09-09T17:17:06.0466452Z  [32m✓[39m src/sim/effects/dot.test.ts [2m([22m[2m24 tests[22m[2m)[22m[90m 157[2mms[22m[39m
2026-09-09T17:17:07.1296952Z  [32m✓[39m src/ops/acceptanceN3.test.ts [2m([22m[2m6 tests[22m[2m)[22m[33m 816[2mms[22m[39m
2026-09-09T17:17:07.3243335Z  [32m✓[39m src/content/vertexTint.test.ts [2m([22m[2m7 tests[22m[2m)[22m[33m 791[2mms[22m[39m
2026-09-09T17:17:07.3255537Z    [33m[2m✓[22m[39m ported roster tints (tint-roster-values)[2m > [22mevery extracted champion tint is present and exact; no champion writes neutral [33m325[2mms[22m[39m
2026-09-09T17:17:09.5179932Z  [32m✓[39m src/sim/balanceTuning.test.ts [2m([22m[2m15 tests[22m[2m)[22m[33m 660[2mms[22m[39m
2026-09-09T17:17:09.5229603Z    [33m[2m✓[22m[39m 攻速:面板寫多少就給多少 (balance-267-melee-as)[2m > [22m⭐ 面板 2.5 / 3 / 4 都真的拿得到 —— 不再卡在 2.7 [33m377[2mms[22m[39m
2026-09-09T17:17:09.5753543Z  [32m✓[39m src/sim/laneA.innates.test.ts [2m([22m[2m9 tests[22m[2m)[22m[33m 2749[2mms[22m[39m
2026-09-09T17:17:09.9558265Z  [32m✓[39m src/sim/economy/legendaryTags.test.ts [2m([22m[2m27 tests[22m[2m)[22m[33m 2260[2mms[22m[39m
2026-09-09T17:17:11.0730539Z  [32m✓[39m src/sim/effects/hookVocabulary.test.ts [2m([22m[2m25 tests[22m[2m)[22m[90m 228[2mms[22m[39m
2026-09-09T17:17:11.3680206Z  [32m✓[39m src/content/templates/proxyBarrage.test.ts [2m([22m[2m16 tests[22m[2m)[22m[90m 163[2mms[22m[39m
2026-09-09T17:17:11.8355868Z  [32m✓[39m src/sim/economy/capUnlockContent.test.ts [2m([22m[2m12 tests[22m[2m)[22m[33m 2724[2mms[22m[39m
2026-09-09T17:17:12.2018280Z  [32m✓[39m src/content/championFormGoku.test.ts [2m([22m[2m13 tests[22m[2m)[22m[33m 801[2mms[22m[39m
2026-09-09T17:17:12.8696819Z  [32m✓[39m src/content/championAttributes.test.ts [2m([22m[2m12 tests[22m[2m)[22m[90m 247[2mms[22m[39m
2026-09-09T17:17:13.2220280Z  [32m✓[39m src/content/templates/paramsSchema.test.ts [2m([22m[2m11 tests[22m[2m)[22m[33m 707[2mms[22m[39m
2026-09-09T17:17:13.8509884Z  [32m✓[39m src/content/championNamesJa.test.ts [2m([22m[2m11 tests[22m[2m)[22m[90m 194[2mms[22m[39m
2026-09-09T17:17:13.8824238Z  [32m✓[39m src/content/abilityScaling.test.ts [2m([22m[2m5 tests[22m[2m)[22m[90m 236[2mms[22m[39m
2026-09-09T17:17:15.4227650Z  [32m✓[39m src/sim/alchemyShieldShipped.test.ts [2m([22m[2m9 tests[22m[2m)[22m[33m 778[2mms[22m[39m
2026-09-09T17:17:15.8186276Z  [32m✓[39m src/sim/fireRing.test.ts [2m([22m[2m19 tests[22m[2m)[22m[90m 242[2mms[22m[39m
2026-09-09T17:17:17.1450134Z  [32m✓[39m src/sim/content/requirement.test.ts [2m([22m[2m19 tests[22m[2m)[22m[33m 3467[2mms[22m[39m
2026-09-09T17:17:17.3069731Z  [32m✓[39m src/sim/mobBossNoClip.test.ts [2m([22m[2m19 tests[22m[2m)[22m[33m 360[2mms[22m[39m
2026-09-09T17:17:17.4520125Z  [32m✓[39m src/sim/mobs.heroLevelSource.test.ts [2m([22m[2m15 tests[22m[2m)[22m[90m 33[2mms[22m[39m
2026-09-09T17:17:18.2500953Z  [32m✓[39m src/sim/innatePassive.test.ts [2m([22m[2m10 tests[22m[2m)[22m[33m 2675[2mms[22m[39m
2026-09-09T17:17:18.2509769Z    [33m[2m✓[22m[39m 天生技 / innate slot — determinism survives[2m > [22msame seed ⇒ byte-identical digests, tick for tick, with innates live [33m324[2mms[22m[39m
2026-09-09T17:17:18.9274370Z  [32m✓[39m src/sim/taunt.test.ts [2m([22m[2m22 tests[22m[2m)[22m[90m 97[2mms[22m[39m
2026-09-09T17:17:19.6583433Z  [32m✓[39m src/sim/revive.test.ts [2m([22m[2m20 tests[22m[2m)[22m[90m 172[2mms[22m[39m
2026-09-09T17:17:20.4448398Z  [32m✓[39m src/sim/stealth.test.ts [2m([22m[2m20 tests[22m[2m)[22m[90m 281[2mms[22m[39m
2026-09-09T17:17:20.6365559Z  [32m✓[39m src/sim/effects/damageArea.test.ts [2m([22m[2m31 tests[22m[2m)[22m[33m 1553[2mms[22m[39m
2026-09-09T17:17:21.2333977Z  [32m✓[39m src/sim/effects/summon.test.ts [2m([22m[2m22 tests[22m[2m)[22m[33m 506[2mms[22m[39m
2026-09-09T17:17:21.2374941Z    [33m[2m✓[22m[39m summon — 存活時間 (gh289-summon)[2m > [22ma PERMANENT summon (no durationSec) is still there minutes later [33m351[2mms[22m[39m
2026-09-09T17:17:22.0519540Z  [32m✓[39m src/sim/hartJassFidelity.test.ts [2m([22m[2m23 tests[22m[2m)[22m[33m 2798[2mms[22m[39m
2026-09-09T17:17:22.4606416Z  [32m✓[39m src/content/templates/teleportLockCombo.test.ts [2m([22m[2m17 tests[22m[2m)[22m[33m 388[2mms[22m[39m
2026-09-09T17:17:23.2269702Z  [32m✓[39m src/sim/attackStandstill.test.ts [2m([22m[2m11 tests[22m[2m)[22m[33m 617[2mms[22m[39m
2026-09-09T17:17:23.6280427Z  [32m✓[39m src/sim/recovery.test.ts [2m([22m[2m29 tests[22m[2m)[22m[90m 219[2mms[22m[39m
2026-09-09T17:17:23.7583452Z  [32m✓[39m src/ops/guardProseNamesTheGenerator.test.ts [2m([22m[2m5 tests[22m[2m)[22m[90m 6[2mms[22m[39m
2026-09-09T17:17:24.4806000Z  [32m✓[39m src/ops/acceptanceN2.test.ts [2m([22m[2m8 tests[22m[2m)[22m[90m 40[2mms[22m[39m
2026-09-09T17:17:25.1299549Z  [32m✓[39m src/sim/moonComboChain.test.ts [2m([22m[2m8 tests[22m[2m)[22m[33m 2861[2mms[22m[39m
2026-09-09T17:17:25.3117667Z  [32m✓[39m src/sim/combatEnv.test.ts [2m([22m[2m32 tests[22m[2m)[22m[33m 319[2mms[22m[39m
2026-09-09T17:17:25.5567315Z  [32m✓[39m src/sim/mobs.randomChampion.test.ts [2m([22m[2m22 tests[22m[2m)[22m[90m 48[2mms[22m[39m
2026-09-09T17:17:26.6129693Z  [32m✓[39m src/content/apCoefficient.test.ts [2m([22m[2m12 tests[22m[2m)[22m[90m 224[2mms[22m[39m
2026-09-09T17:17:26.6324887Z  [32m✓[39m src/sim/stats/matchLedger.test.ts [2m([22m[2m28 tests[22m[2m)[22m[90m 28[2mms[22m[39m
2026-09-09T17:17:27.1826075Z  [32m✓[39m src/sim/innatePassivePayloads.test.ts [2m([22m[2m8 tests[22m[2m)[22m[33m 870[2mms[22m[39m
2026-09-09T17:17:28.2618983Z  [32m✓[39m src/content/invulnerableBinding.test.ts [2m([22m[2m23 tests[22m[2m)[22m[90m 124[2mms[22m[39m
2026-09-09T17:17:28.7859454Z  [32m✓[39m src/sim/mobs.heroDerived.test.ts [2m([22m[2m11 tests[22m[2m)[22m[90m 34[2mms[22m[39m
2026-09-09T17:17:28.8350016Z  [32m✓[39m src/sim/fireRingTwoStage.test.ts [2m([22m[2m19 tests[22m[2m)[22m[33m 1776[2mms[22m[39m
2026-09-09T17:17:28.8369207Z    [33m[2m✓[22m[39m firering-two-stage — 時間軸（真 world、真 tick、量半徑）[2m > [22m60 秒前不縮 · 60→80 在縮 · 80→90 一格都不動 · 90 之後又縮 · 110 到 0 [33m1027[2mms[22m[39m
2026-09-09T17:17:29.3142212Z  [32m✓[39m src/ops/hostDeployScript.test.ts [2m([22m[2m14 tests[22m[2m)[22m[90m 17[2mms[22m[39m
2026-09-09T17:17:29.6369880Z  [32m✓[39m src/sim/fireRingBurnCurve.test.ts [2m([22m[2m11 tests[22m[2m)[22m[33m 1238[2mms[22m[39m
2026-09-09T17:17:29.6396028Z    [33m[2m✓[22m[39m the burn really does escalate with SECONDS SINCE IGNITION[2m > [22mshipped: a champion parked outside really dies inside the round, and the burn ESCALATES while he does [33m517[2mms[22m[39m
2026-09-09T17:17:30.0859895Z  [32m✓[39m src/content/voxelSkin/barcode.test.ts [2m([22m[2m34 tests[22m[2m)[22m[90m 29[2mms[22m[39m
2026-09-09T17:17:30.6353293Z  [32m✓[39m src/sim/effects/effectRegistry.test.ts [2m([22m[2m13 tests[22m[2m)[22m[90m 39[2mms[22m[39m
2026-09-09T17:17:31.7740276Z  [32m✓[39m src/sim/systems/GuardianSystem.test.ts [2m([22m[2m22 tests[22m[2m)[22m[90m 109[2mms[22m[39m
2026-09-09T17:17:31.9819696Z  [32m✓[39m src/sim/combat/hitFeel.test.ts [2m([22m[2m16 tests[22m[2m)[22m[90m 82[2mms[22m[39m
2026-09-09T17:17:32.4744088Z  [32m✓[39m src/content/loader.test.ts [2m([22m[2m4 tests[22m[2m)[22m[33m 2354[2mms[22m[39m
2026-09-09T17:17:33.0113106Z  [32m✓[39m src/sim/roundHardCap.test.ts [2m([22m[2m11 tests[22m[2m)[22m[33m 2271[2mms[22m[39m
2026-09-09T17:17:33.0115448Z    [33m[2m✓[22m[39m round-hard-cap — 不管什麼條件，回合到上限一定開始收場[2m > [22m火圈在硬上限那一刻一定開始收 —— 四隻殭屍王都推不動它 [33m806[2mms[22m[39m
2026-09-09T17:17:33.0117875Z    [33m[2m✓[22m[39m round-hard-cap — 不管什麼條件，回合到上限一定開始收場[2m > [22m硬上限的那一刻，圈外的人真的在掉血（真 HP、真 tick、真事件） [33m392[2mms[22m[39m
2026-09-09T17:17:33.0119903Z    [33m[2m✓[22m[39m round-hard-cap — 不管什麼條件，回合到上限一定開始收場[2m > [22m回合真的結束：`isCombatTimeUp` 在硬底線上限那一刻翻真，不管幾隻王 [33m540[2mms[22m[39m
2026-09-09T17:17:33.0121791Z    [33m[2m✓[22m[39m round-hard-cap — 開場就違規的設定[2m > [22m夾過之後火圈一定收得完 —— 硬上限不會製造「圈還在縮就結束」的回合 [33m460[2mms[22m[39m
2026-09-09T17:17:33.2614953Z  [32m✓[39m src/sim/championForm.test.ts [2m([22m[2m15 tests[22m[2m)[22m[90m 109[2mms[22m[39m
2026-09-09T17:17:33.8144442Z  [32m✓[39m src/sim/auraCarrier.test.ts [2m([22m[2m11 tests[22m[2m)[22m[33m 534[2mms[22m[39m
2026-09-09T17:17:33.8156155Z    [33m[2m✓[22m[39m 虛擬蝗蟲群 — a form-scoped aura, carried by a dummy the player never meets[2m > [22mis DETERMINISTIC: two runs of the same seed agree tick by tick [33m483[2mms[22m[39m
2026-09-09T17:17:34.3053770Z  [32m✓[39m src/content/legendaryOwnerRulings.test.ts [2m([22m[2m12 tests[22m[2m)[22m[90m 221[2mms[22m[39m
2026-09-09T17:17:35.7289860Z  [32m✓[39m src/sim/effects/knockback.test.ts [2m([22m[2m18 tests[22m[2m)[22m[90m 127[2mms[22m[39m
2026-09-09T17:17:36.0378258Z  [32m✓[39m src/sim/summonTargeting.test.ts [2m([22m[2m13 tests[22m[2m)[22m[33m 912[2mms[22m[39m
2026-09-09T17:17:36.0398810Z    [33m[2m✓[22m[39m 召喚物 is a real target for the enemy (gh289-summon)[2m > [22man enemy champion auto-acquires a summon standing on it, and KILLS it [33m324[2mms[22m[39m
2026-09-09T17:17:36.0401821Z    [33m[2m✓[22m[39m 召喚物 決策點: 火圈 + 賞金 (gh289-summon)[2m > [22m`bountyGold` pays the killer; the default pays nobody [33m380[2mms[22m[39m
2026-09-09T17:17:37.2289548Z  [32m✓[39m src/sim/systems/MobSystem.fireRing.test.ts [2m([22m[2m8 tests[22m[2m)[22m[90m 235[2mms[22m[39m
2026-09-09T17:17:37.5864594Z  [32m✓[39m src/content/vfxDocsBirthVisibility.test.ts [2m([22m[2m7 tests[22m[2m)[22m[33m 776[2mms[22m[39m
2026-09-09T17:17:37.5889554Z    [33m[2m✓[22m[39m 👁 vfx 出貨態掃描：每份文件要有可能畫出一個像素[2m > [22m⛔ 出貨的每一份 vfx@1 / ribbon@1 都要有可能畫出一個像素（真缺陷已列名） [33m694[2mms[22m[39m
2026-09-09T17:17:41.0826296Z  [32m✓[39m src/content/heroForge/communityRefinements/azazel.test.ts [2m([22m[2m27 tests[22m[2m)[22m[33m 5426[2mms[22m[39m
2026-09-09T17:17:41.0840126Z    [33m[2m✓[22m[39m Azazel legacy v1 replay compatibility (current batch is azazelBatch.test.ts)[2m > [22msingle-slot preparation is explicit; the actual kit earns its own EX resources [33m3818[2mms[22m[39m
2026-09-09T17:17:41.0870209Z    [33m[2m✓[22m[39m Azazel legacy v1 replay compatibility (current batch is azazelBatch.test.ts)[2m > [22mprecasts the real R for EX preview, preserving expiry, life payment and resource failure [33m1152[2mms[22m[39m
2026-09-09T17:17:41.0880245Z    [33m[2m✓[22m[39m Azazel legacy v1 replay compatibility (current batch is azazelBatch.test.ts)[2m > [22mpackages kit-declared statuses but still rejects unknown status and visual dependencies [33m301[2mms[22m[39m
2026-09-09T17:17:42.1800316Z  [32m✓[39m src/content/abilityProse.test.ts [2m([22m[2m8 tests[22m[2m)[22m[33m 2788[2mms[22m[39m
2026-09-09T17:17:43.1588182Z  [32m✓[39m src/content/icons.test.ts [2m([22m[2m7 tests[22m[2m)[22m[33m 1053[2mms[22m[39m
2026-09-09T17:17:43.1592447Z    [33m[2m✓[22m[39m w3x original icons (icons)[2m > [22mevery doc carrying an icon still parses as its strict schema (icon-schema-valid) [33m627[2mms[22m[39m
2026-09-09T17:17:43.7965811Z  [32m✓[39m src/content/templates/orbitProxy.test.ts [2m([22m[2m10 tests[22m[2m)[22m[90m 273[2mms[22m[39m
2026-09-09T17:17:44.6789615Z  [32m✓[39m src/content/skillCostTiers.test.ts [2m([22m[2m16 tests[22m[2m)[22m[90m 33[2mms[22m[39m
2026-09-09T17:17:46.0699642Z  [32m✓[39m src/sim/economy/itemSets.test.ts [2m([22m[2m23 tests[22m[2m)[22m[90m 91[2mms[22m[39m
2026-09-09T17:17:46.1360444Z  [32m✓[39m src/sim/itemAttributes.test.ts [2m([22m[2m14 tests[22m[2m)[22m[33m 824[2mms[22m[39m
2026-09-09T17:17:49.0675905Z  [32m✓[39m src/sim/championFormContent.test.ts [2m([22m[2m1 test[22m[2m)[22m[33m 1243[2mms[22m[39m
2026-09-09T17:17:49.7141302Z  [32m✓[39m src/sim/bossRoundExtension.test.ts [2m([22m[2m12 tests[22m[2m)[22m[33m 2127[2mms[22m[39m
2026-09-09T17:17:49.7146625Z    [33m[2m✓[22m[39m 殭屍王被召喚 → 兩個截止時間都真的延後 (boss-round-extension)[2m > [22mdelays the ring's ACTUAL ignition by 180 s — read off the radius, not the config [33m439[2mms[22m[39m
2026-09-09T17:17:49.7149884Z    [33m[2m✓[22m[39m 殭屍王被召喚 → 兩個截止時間都真的延後 (boss-round-extension)[2m > [22mpushes the ACTUAL combat deadline out by 180 s — read off isCombatTimeUp [33m970[2mms[22m[39m
2026-09-09T17:17:50.4335886Z  [32m✓[39m src/content/templates/chargePush.test.ts [2m([22m[2m11 tests[22m[2m)[22m[90m 78[2mms[22m[39m
2026-09-09T17:17:53.0960189Z  [32m✓[39m src/sim/championFormToggle.test.ts [2m([22m[2m5 tests[22m[2m)[22m[33m 1121[2mms[22m[39m
2026-09-09T17:17:53.0962892Z    [33m[2m✓[22m[39m 70-00 紮根 — the 天生技 toggle a player can actually press (#249)[2m > [22mNEVER lapses on its own — a toggle is not a 15-second buff [33m313[2mms[22m[39m
2026-09-09T17:17:53.6951037Z [90mstdout[2m | src/sim/autoAttackWhileMovingCensus.test.ts[2m > [22m[2mGH#216 移動指令期間會不會攻擊 —— 全角色矩陣[2m > [22m[2m每一位英雄,四個情境,規則關/開各跑一次
2026-09-09T17:17:53.6953893Z [22m[39mchampions=71 melee=51 ranged=20
2026-09-09T17:17:53.6955991Z [inReach] 規則關 → 0 命中: 0/71 = 0.0%   (近戰 0 / 遠程 0)   規則開 → 0 命中: 0/71 = 0.0%
2026-09-09T17:17:53.6957754Z [approach] 規則關 → 0 命中: 71/71 = 100.0%   (近戰 51 / 遠程 20)   規則開 → 0 命中: 0/71 = 0.0%
2026-09-09T17:17:53.6958999Z [far] 規則關 → 0 命中: 71/71 = 100.0%   (近戰 51 / 遠程 20)   規則開 → 0 命中: 0/71 = 0.0%
2026-09-09T17:17:53.6960019Z [idle] 對照組 0 命中: 規則關 0 · 規則開 0
2026-09-09T17:17:53.6961843Z id | 名稱 | 類型 | 射程 | 索敵 | idle | inReach | approach | far
2026-09-09T17:17:53.6963284Z godie-e001 | 蟬在叫人壞掉 - 龍宮禮奈 | melee | 1.30 | 6.00 | 6→6 | 6→6 | 0→7 | 0→10
2026-09-09T17:17:53.6964369Z godie-e002 | 亞瑟王 - Saber | melee | 1.30 | 6.00 | 6→6 | 6→6 | 0→7 | 0→9
2026-09-09T17:17:53.6965563Z godie-e007 | 龍之子 - 天地志狼 | ranged | 1.30 | 6.00 | 7→7 | 7→7 | 0→8 | 0→10
2026-09-09T17:17:53.6966789Z godie-e008 | 火霧戰士 - 夏娜 | melee | 1.30 | 6.00 | 6→6 | 6→6 | 0→6 | 0→7
2026-09-09T17:17:53.6968179Z godie-e00l | 亞瑟王 - Saber | melee | 1.30 | 6.00 | 6→6 | 6→6 | 0→7 | 0→9
2026-09-09T17:17:53.6969367Z godie-e00n | 蟬在叫人壞掉 - 龍宮禮奈 | melee | 1.30 | 6.00 | 8→8 | 8→8 | 0→8 | 0→12
2026-09-09T17:17:53.6970683Z godie-e00r | 最終泛用人型決戰兵器 - 初號機 | melee | 1.30 | 6.00 | 6→6 | 6→6 | 0→7 | 0→10
2026-09-09T17:17:53.6971900Z godie-e00s | 白木老樹精 - 白木卡迪那 | ranged | 1.30 | 6.00 | 6→6 | 6→6 | 0→7 | 0→9
2026-09-09T17:17:53.6973069Z godie-e00w | 神鳴流劍士 - 櫻綻剎那 | melee | 1.30 | 6.00 | 6→6 | 6→6 | 0→7 | 0→10
2026-09-09T17:17:53.6974360Z godie-e00x | 神鳴流劍士 - 櫻綻剎那 | melee | 1.30 | 6.00 | 6→6 | 6→6 | 0→7 | 0→10
2026-09-09T17:17:53.6979582Z godie-e010 | 白木老樹精 - 白木卡迪那 | ranged | 1.30 | 6.00 | 6→6 | 6→6 | 0→0 | 0→0
2026-09-09T17:17:53.6988956Z godie-edem | 寫輪眼復仇者 - 宇智波佐助 | melee | 1.30 | 6.00 | 6→6 | 6→6 | 0→7 | 0→10
2026-09-09T17:17:53.6991566Z godie-efur | 揍敵客大家長 - 揍敵客桀諾 | melee | 1.30 | 6.00 | 6→6 | 6→6 | 0→7 | 0→10
2026-09-09T17:17:53.6992699Z godie-emfr | 魔法老師 - 涅吉。史普林。菲爾德 | ranged | 1.30 | 6.00 | 6→6 | 6→6 | 0→7 | 0→10
2026-09-09T17:17:53.6995762Z godie-emns | 奇樂 - 夜神月 | ranged | 4.92 | 6.00 | 6→6 | 6→6 | 0→8 | 0→10
2026-09-09T17:17:53.6996650Z godie-etyr | 治癒系公主 - 木乃香 | ranged | 4.92 | 6.00 | 6→6 | 6→6 | 0→7 | 0→9
2026-09-09T17:17:53.6997824Z godie-ewar | 龍之子 - 天地志狼 | melee | 1.30 | 6.00 | 7→7 | 7→7 | 0→8 | 0→11
2026-09-09T17:17:53.6998780Z godie-h00l | 時空勇者 - 林克 | melee | 1.30 | 6.00 | 6→6 | 6→6 | 0→7 | 0→10
2026-09-09T17:17:53.6999899Z godie-h01n | 開外掛的死神 - 黑崎一護 | melee | 1.30 | 6.00 | 5→5 | 5→5 | 0→6 | 0→8
2026-09-09T17:17:53.7001014Z godie-h01o | 外掛開很大的死神 - 黑崎一護 | melee | 1.30 | 6.00 | 9→9 | 9→9 | 0→11 | 0→15
2026-09-09T17:17:53.7002127Z godie-h01u | 亂世癿王者 - 呂布奉先 | melee | 1.30 | 6.00 | 6→6 | 6→6 | 0→7 | 0→10
2026-09-09T17:17:53.7003116Z godie-h020 | 黑魔導士 - 莉娜因巴斯 | ranged | 4.92 | 6.00 | 6→6 | 6→6 | 0→7 | 0→10
2026-09-09T17:17:53.7004033Z godie-h02k | 國寶級的畜生 - 熊貓 | melee | 1.30 | 6.00 | 6→6 | 3→6 | 0→7 | 0→9
2026-09-09T17:17:53.7005040Z godie-h02r | 種子神奇寶貝 - 妙蛙花 | melee | 4.92 | 6.00 | 10→10 | 10→10 | 0→12 | 0→17
2026-09-09T17:17:53.7006052Z godie-h02u | 看似憂鬱的神獸 - 草泥馬 | melee | 1.30 | 6.00 | 6→6 | 6→6 | 0→8 | 0→10
2026-09-09T17:17:53.7006996Z godie-h02v | 看似憂鬱的神獸 - 草泥馬 | melee | 1.30 | 6.00 | 6→6 | 6→6 | 0→8 | 0→10
2026-09-09T17:17:53.7008669Z godie-hapm | 海克力斯 - Berserker | melee | 1.30 | 6.00 | 6→6 | 6→6 | 0→6 | 0→7
2026-09-09T17:17:53.7009666Z godie-hart | 最終幻想 - 克勞德 | melee | 1.30 | 6.00 | 5→5 | 5→5 | 0→7 | 0→10
2026-09-09T17:17:53.7010579Z godie-hgam | 種子神奇寶貝 - 妙蛙種子 | melee | 4.92 | 6.00 | 6→6 | 6→6 | 0→8 | 0→10
2026-09-09T17:17:53.7011738Z godie-hjai | 黑魔導士 - 莉娜因巴斯 | ranged | 4.92 | 6.00 | 6→6 | 6→6 | 0→7 | 0→10
2026-09-09T17:17:53.7012598Z godie-hpb1 | 獸矛傳承使 - 蒼月潮 | melee | 1.30 | 6.00 | 6→6 | 6→6 | 0→6 | 0→8
2026-09-09T17:17:53.7013430Z godie-huth | 超級普烏 - 魔人普烏 | melee | 1.30 | 6.00 | 6→6 | 6→6 | 0→6 | 0→7
2026-09-09T17:17:53.7014281Z godie-hvsh | 梅杜莎 - Rider | melee | 1.30 | 6.00 | 6→6 | 6→6 | 0→7 | 0→9
2026-09-09T17:17:53.7015136Z godie-hvwd | 除魔巫女 - 桔梗 | ranged | 4.92 | 6.00 | 6→6 | 6→6 | 0→8 | 0→11
2026-09-09T17:17:53.7015984Z godie-n003 | 黑暗福音 - 依文潔琳 | ranged | 4.92 | 6.00 | 6→6 | 6→6 | 0→7 | 0→10
2026-09-09T17:17:53.7016847Z godie-n00b | 小叮噹 - 哆拉A夢 | melee | 4.92 | 6.00 | 6→6 | 6→6 | 0→7 | 0→10
2026-09-09T17:17:53.7018140Z godie-n00p | 妖狐藏馬 - 南野秀一 | ranged | 4.92 | 6.00 | 6→6 | 6→6 | 0→8 | 0→10
2026-09-09T17:17:53.7019019Z godie-n01c | 傳說的龍騎士 - 勇者小呆 | melee | 1.30 | 6.00 | 8→8 | 8→8 | 0→9 | 0→12
2026-09-09T17:17:53.7019959Z godie-n01g | 黑暗福音 - 依文潔琳 | ranged | 4.92 | 6.00 | 6→6 | 6→6 | 0→7 | 0→10
2026-09-09T17:17:53.7020861Z godie-nbbc | 傳說的龍騎士 - 勇者小呆 | melee | 1.30 | 6.00 | 6→6 | 6→6 | 0→7 | 0→10
2026-09-09T17:17:53.7021739Z godie-nsjs | 妖狐藏馬 - 南野秀一 | melee | 4.92 | 6.00 | 6→6 | 6→6 | 0→8 | 0→11
2026-09-09T17:17:53.7022632Z godie-o00k | 傲嬌電氣老鼠 - 皮卡娘 | ranged | 1.30 | 6.00 | 6→6 | 6→6 | 0→6 | 0→7
2026-09-09T17:17:53.7023458Z godie-o00l | 獸神官 - 傑洛士 | ranged | 1.30 | 6.00 | 6→6 | 6→6 | 0→7 | 0→10
2026-09-09T17:17:53.7024265Z godie-o00x | 超級賽亞人 - 悟空 | melee | 1.30 | 6.00 | 8→8 | 8→8 | 0→8 | 0→12
2026-09-09T17:17:53.7025073Z godie-o02l | 神騎寶貝 - 皮卡丘 | melee | 4.92 | 6.00 | 8→8 | 8→8 | 0→10 | 0→14
2026-09-09T17:17:53.7025887Z godie-o02p | 夢幻之星 - 初音 | melee | 4.92 | 6.00 | 6→6 | 6→6 | 0→7 | 0→10
2026-09-09T17:17:53.7026748Z godie-o030 | 電車癡漢 - 臭作 | ranged | 6.40 | 6.40 | 7→7 | 7→7 | 0→9 | 0→12
2026-09-09T17:17:53.7027747Z godie-ofar | 神奇寶貝兒 - 皮卡丘 | ranged | 4.92 | 6.00 | 6→6 | 6→6 | 0→7 | 0→10
2026-09-09T17:17:53.7028673Z godie-ogld | 美白大法師 - 黑人牙膏 | ranged | 7.20 | 7.20 | 5→5 | 5→5 | 0→6 | 0→8
2026-09-09T17:17:53.7029656Z godie-ogrh | 賽亞人 - 悟空 | melee | 1.30 | 6.00 | 6→6 | 6→6 | 0→7 | 0→10
2026-09-09T17:17:53.7030693Z godie-orkn | 電車癡漢 - 臭作 | ranged | 4.92 | 6.00 | 6→6 | 6→6 | 0→8 | 0→10
2026-09-09T17:17:53.7031753Z godie-osam | 犬妖 - 殺生丸 | melee | 1.30 | 6.00 | 6→6 | 6→6 | 0→7 | 0→10
2026-09-09T17:17:53.7032743Z godie-u00h | 鬼畜紅王 - 鬼畜狂刀KYO | melee | 1.30 | 6.00 | 6→6 | 6→6 | 0→7 | 0→9
2026-09-09T17:17:53.7033704Z godie-u00j | 神性的流失 - 賽菲洛斯 | melee | 1.30 | 6.00 | 7→7 | 7→7 | 0→8 | 0→10
2026-09-09T17:17:53.7034648Z godie-u00k | 邪惡意念集合體 - 死之王 | ranged | 1.30 | 6.00 | 6→6 | 6→6 | 0→7 | 0→9
2026-09-09T17:17:53.7035623Z godie-u00l | 北斗之鼠 - 拳四郎 | melee | 1.30 | 6.00 | 8→8 | 8→8 | 0→8 | 0→11
2026-09-09T17:17:53.7036862Z godie-u00n | 草帽小子 - 蒙其.D.魯夫 | melee | 1.30 | 6.00 | 6→6 | 6→6 | 0→6 | 0→7
2026-09-09T17:17:53.7038189Z godie-u00o | 草帽小子 - 蒙其.D.魯夫 | melee | 1.30 | 6.00 | 6→6 | 6→6 | 0→6 | 0→7
2026-09-09T17:17:53.7039040Z godie-u00v | 黑手黨老大 - 基廉列克 | melee | 1.30 | 6.00 | 4→4 | 4→4 | 0→4 | 0→5
2026-09-09T17:17:53.7040088Z godie-u010 | 邪眼師 - 飛影 | melee | 1.30 | 6.00 | 6→6 | 6→6 | 0→7 | 0→10
2026-09-09T17:17:53.7040906Z godie-u01u | 三刀流劍士 - 索隆 | melee | 1.30 | 6.00 | 6→6 | 6→6 | 0→6 | 0→7
2026-09-09T17:17:53.7041753Z godie-u034 | 職業獵人 - 傑 富力士 | melee | 1.30 | 6.00 | 6→6 | 6→6 | 0→7 | 0→11
2026-09-09T17:17:53.7042576Z godie-ubal | 魔界霸主 - 巴恩大魔王 | melee | 5.22 | 6.00 | 6→6 | 6→6 | 0→7 | 0→10
2026-09-09T17:17:53.7043414Z godie-ucrl | 職業獵人 - 傑 富力士 | melee | 1.30 | 6.00 | 4→4 | 4→4 | 0→4 | 0→5
2026-09-09T17:17:53.7044217Z godie-udea | 至尊學長 - 飛鼠先生 | melee | 1.30 | 6.00 | 6→6 | 6→6 | 0→7 | 0→10
2026-09-09T17:17:53.7045029Z godie-udre | 三刀流劍士 - 索隆 | melee | 1.30 | 6.00 | 6→6 | 6→6 | 0→6 | 0→7
2026-09-09T17:17:53.7045885Z godie-umal | 北斗神拳掌門人 - 拳四郎 | melee | 1.30 | 6.00 | 6→6 | 6→6 | 0→6 | 0→7
2026-09-09T17:17:53.7046696Z godie-uvng | 邪眼師 - 飛影 | melee | 1.30 | 6.00 | 6→6 | 6→6 | 0→7 | 0→10
2026-09-09T17:17:53.7047932Z godie-zombiex | 聖杯黑泥醬 - 喪標麥可 | melee | 1.30 | 6.00 | 6→6 | 6→6 | 0→7 | 0→10
2026-09-09T17:17:53.7048838Z sela | Sela, the Ember Sage | ranged | 1.30 | 6.00 | 6→6 | 6→6 | 0→7 | 0→9
2026-09-09T17:17:53.7049821Z thorne | Thorne, the Bramble Knight | melee | 1.30 | 6.00 | 6→6 | 6→6 | 0→7 | 0→9
2026-09-09T17:17:53.7050284Z 
2026-09-09T17:17:53.7051148Z  [32m✓[39m src/sim/autoAttackWhileMovingCensus.test.ts [2m([22m[2m2 tests[22m[2m)[22m[33m 14768[2mms[22m[39m
2026-09-09T17:17:53.7052700Z    [33m[2m✓[22m[39m GH#216 移動指令期間會不會攻擊 —— 全角色矩陣[2m > [22m每一位英雄,四個情境,規則關/開各跑一次 [33m12732[2mms[22m[39m
2026-09-09T17:17:55.1001019Z  [32m✓[39m src/content/audioAssets.test.ts [2m([22m[2m13 tests[22m[2m)[22m[90m 179[2mms[22m[39m
2026-09-09T17:17:55.2005421Z  [32m✓[39m src/sim/effects/dispel.test.ts [2m([22m[2m12 tests[22m[2m)[22m[90m 53[2mms[22m[39m
2026-09-09T17:17:56.3659698Z  [32m✓[39m src/sim/mobs.everyArena.test.ts [2m([22m[2m4 tests[22m[2m)[22m[33m 22626[2mms[22m[39m
2026-09-09T17:17:56.3662689Z    [33m[2m✓[22m[39m 殭屍波 · 每一張出貨場地（含 rect 新圖）[2m > [22m⭐ 每一張都生得出殭屍，而且每一隻都落在可玩範圍內 [33m1187[2mms[22m[39m
2026-09-09T17:17:56.3664431Z    [33m[2m✓[22m[39m 殭屍波 · 生成點與英雄走得通（⛔ 不靠旗標放水）[2m > [22m⭐ 每一張出貨場地 × 每區 × 每種身體：六個英雄出生點與每個方向的生成點都在同一塊 [33m16222[2mms[22m[39m
2026-09-09T17:17:56.3666140Z    [33m[2m✓[22m[39m 場地通道淨空（⛔ 門檻從 config × mobProfile 推導）[2m > [22m⭐ 把身體吹胖到 minClearance/2 之後，每一張出貨場地的主幹都還是一塊 [33m5118[2mms[22m[39m
2026-09-09T17:17:56.4880529Z  [32m✓[39m src/sim/economy/statPath.test.ts [2m([22m[2m20 tests[22m[2m)[22m[90m 56[2mms[22m[39m
2026-09-09T17:17:56.7529722Z  [32m✓[39m src/sim/autoAttackCensus.test.ts [2m([22m[2m1 test[22m[2m)[22m[33m 5440[2mms[22m[39m
2026-09-09T17:17:56.7532386Z    [33m[2m✓[22m[39m auto-attack census (every champion, no orders)[2m > [22msweeps every registered champion in both scenarios [33m3246[2mms[22m[39m
2026-09-09T17:17:56.9899960Z  [32m✓[39m src/sim/stats/roundGrade.test.ts [2m([22m[2m28 tests[22m[2m)[22m[90m 42[2mms[22m[39m
2026-09-09T17:17:57.7063446Z  [32m✓[39m src/ops/acceptanceN6.test.ts [2m([22m[2m7 tests[22m[2m)[22m[90m 25[2mms[22m[39m
2026-09-09T17:17:58.0750617Z  [32m✓[39m src/sim/bodyScaleRange.test.ts [2m([22m[2m24 tests[22m[2m)[22m[33m 1221[2mms[22m[39m
2026-09-09T17:17:58.0764774Z    [33m[2m✓[22m[39m GH#252 —— 出貨曲線:他實際上打得到多遠[2m > [22m一般體型(1.0)= 卡面射程,一格都沒有多 [33m426[2mms[22m[39m
2026-09-09T17:17:58.0813192Z  [32m✓[39m src/content/standinRoster.test.ts [2m([22m[2m7 tests[22m[2m)[22m[33m 386[2mms[22m[39m
2026-09-09T17:17:58.9812909Z [90mstderr[2m | src/sim/abilities/inertActives.test.ts
2026-09-09T17:17:58.9819329Z [22m[39m[content] 6 支技能的模板展開失敗，已個別降級（其餘內容照常註冊） · 技能: godie-ofar.e, godie-ofar.ex, godie-ofar.passive, godie-ofar.q, godie-ofar.r, godie-ofar.w · 找不到的模板: tpl-blink, tpl-buff-self, tpl-instant-blast, tpl-single-strike, tpl-transform · 其中 10 份降級後完全沒有效果
2026-09-09T17:17:58.9821416Z 
2026-09-09T17:17:58.9822699Z  [32m✓[39m src/sim/abilities/inertActives.test.ts [2m([22m[2m8 tests[22m[2m)[22m[33m 452[2mms[22m[39m
2026-09-09T17:17:58.9825059Z    [33m[2m✓[22m[39m 58-02 鋼鐵尾巴 (godie-ofar.w) — 補回從沒被移植的那半個暈眩[2m > [22m普攻觸發時受害者真的被暈住 —— 那一 tick 他連 Q 都放不出來 [33m308[2mms[22m[39m
2026-09-09T17:17:59.5719271Z  [32m✓[39m src/sim/combat/critStrike.test.ts [2m([22m[2m17 tests[22m[2m)[22m[90m 104[2mms[22m[39m
2026-09-09T17:17:59.6444741Z  [32m✓[39m src/sim/coins.test.ts [2m([22m[2m24 tests[22m[2m)[22m[90m 79[2mms[22m[39m
2026-09-09T17:17:59.7286267Z  [32m✓[39m src/sim/effects/oncePerCast.test.ts [2m([22m[2m34 tests[22m[2m)[22m[33m 544[2mms[22m[39m
2026-09-09T17:18:00.1744644Z  [32m✓[39m src/content/standinCensus.test.ts [2m([22m[2m8 tests[22m[2m)[22m[90m 38[2mms[22m[39m
2026-09-09T17:18:00.9110751Z  [32m✓[39m src/content/templates/stack.test.ts [2m([22m[2m22 tests[22m[2m)[22m[90m 98[2mms[22m[39m
2026-09-09T17:18:01.7546851Z  [32m✓[39m src/content/championFormVisibility.test.ts [2m([22m[2m5 tests[22m[2m)[22m[90m 175[2mms[22m[39m
2026-09-09T17:18:02.9667706Z  [32m✓[39m src/ops/adminFormsHandWrittenRatchet.test.ts [2m([22m[2m2 tests[22m[2m)[22m[33m 1286[2mms[22m[39m
2026-09-09T17:18:02.9698898Z    [33m[2m✓[22m[39m 後台表單手寫欄位棘輪[2m > [22m⭐ 手寫欄位數只能變少 [33m1270[2mms[22m[39m
2026-09-09T17:18:03.2899679Z  [32m✓[39m src/sim/economy/itemGatedModifiers.test.ts [2m([22m[2m12 tests[22m[2m)[22m[90m 24[2mms[22m[39m
2026-09-09T17:18:04.9129793Z  [32m✓[39m src/sim/combat/killCombo.test.ts [2m([22m[2m18 tests[22m[2m)[22m[33m 326[2mms[22m[39m
2026-09-09T17:18:05.7139246Z  [32m✓[39m src/content/voxelSkin/paintBarcode.test.ts [2m([22m[2m23 tests[22m[2m)[22m[90m 272[2mms[22m[39m
2026-09-09T17:18:06.4252754Z  [32m✓[39m src/content/heroForge/communityRefinements/kirua.test.ts [2m([22m[2m27 tests[22m[2m)[22m[33m 5635[2mms[22m[39m
2026-09-09T17:18:06.4271271Z    [33m[2m✓[22m[39m GH#1132 Kirua authored six slots[2m > [22mcharges gradually after three seconds without attacking, caps at ten and resets per round [33m515[2mms[22m[39m
2026-09-09T17:18:06.4282046Z    [33m[2m✓[22m[39m GH#1132 Kirua authored six slots[2m > [22mreplays the same authored electricity/combat sequence deterministically [33m412[2mms[22m[39m
2026-09-09T17:18:07.4787942Z  [32m✓[39m src/sim/effects/itemCooldownEnv.test.ts [2m([22m[2m6 tests[22m[2m)[22m[33m 2768[2mms[22m[39m
2026-09-09T17:18:07.4812298Z    [33m[2m✓[22m[39m combatEnv.itemCooldown —— 出貨的道具走出貨的授予入口 (#189)[2m > [22m★ 出貨道具的 ICD 真的被 itemCooldown 縮放(3 次 → 2 次) [33m302[2mms[22m[39m
2026-09-09T17:18:07.9589124Z  [32m✓[39m src/ops/acceptanceN1.test.ts [2m([22m[2m6 tests[22m[2m)[22m[90m 27[2mms[22m[39m
2026-09-09T17:18:08.5441791Z  [32m✓[39m src/content/editModel.test.ts [2m([22m[2m21 tests[22m[2m)[22m[90m 26[2mms[22m[39m
2026-09-09T17:18:08.7697981Z  [32m✓[39m src/sim/combat/block.shipped.test.ts [2m([22m[2m24 tests[22m[2m)[22m[33m 980[2mms[22m[39m
2026-09-09T17:18:08.7711386Z    [33m[2m✓[22m[39m 格擋 · ③ what the doc does in a real match[2m > [22m晨曦之光 saves roughly 30% of the hits that WOULD kill (packets spaced past the 1 s ICD) [33m304[2mms[22m[39m
2026-09-09T17:18:09.3422003Z  [32m✓[39m src/ops/guardMessagesNameTheGenerator.test.ts [2m([22m[2m4 tests[22m[2m)[22m[90m 5[2mms[22m[39m
2026-09-09T17:18:09.8319339Z  [32m✓[39m src/content/standinScale.test.ts [2m([22m[2m10 tests[22m[2m)[22m[90m 13[2mms[22m[39m
2026-09-09T17:18:10.1302504Z  [32m✓[39m src/sim/deathWard.test.ts [2m([22m[2m13 tests[22m[2m)[22m[90m 89[2mms[22m[39m
2026-09-09T17:18:10.3251098Z  [32m✓[39m src/content/templateFamiliesAreAdopted.test.ts [2m([22m[2m3 tests[22m[2m)[22m[90m 142[2mms[22m[39m
2026-09-09T17:18:10.9079722Z  [32m✓[39m src/sim/statCapsApOpen.test.ts [2m([22m[2m10 tests[22m[2m)[22m[33m 701[2mms[22m[39m
2026-09-09T17:18:11.5620260Z  [32m✓[39m src/content/floatingTextDriftParity.test.ts [2m([22m[2m4 tests[22m[2m)[22m[90m 6[2mms[22m[39m
2026-09-09T17:18:12.4018073Z  [32m✓[39m src/sim/combat/evasion.test.ts [2m([22m[2m14 tests[22m[2m)[22m[33m 813[2mms[22m[39m
2026-09-09T17:18:13.5894530Z  [32m✓[39m src/content/retiredLootTables.test.ts [2m([22m[2m11 tests[22m[2m)[22m[33m 6201[2mms[22m[39m
2026-09-09T17:18:13.5929348Z    [33m[2m✓[22m[39m ① 出貨樹:quest-rewards 退場了,而且是**宣告**的不是漏排的[2m > [22m退場的表被**封存**而不是刪除 —— 而且宣告仍然在 [33m1580[2mms[22m[39m
2026-09-09T17:18:13.5959271Z    [33m[2m✓[22m[39m ② 有人把退場的表排回某回合 → 紅[2m > [22m這條檢查掛在 `ContentLoader` 上 —— 所以 `pnpm content:build` 會擋 [33m1220[2mms[22m[39m
2026-09-09T17:18:13.5961464Z    [33m[2m✓[22m[39m ④ 回合指到一張**不存在**的表 → 紅(以前完全沒有人檢查)[2m > [22m`weaponLootTable` 打錯字會被參照完整性擋下,不再是「那一回合沒有卡」 [33m1431[2mms[22m[39m
2026-09-09T17:18:14.3009728Z  [32m✓[39m src/sim/idleSeekRadius.test.ts [2m([22m[2m8 tests[22m[2m)[22m[33m 725[2mms[22m[39m
2026-09-09T17:18:16.7123325Z  [32m✓[39m src/content/heroForge/communityRefinements/madoka.test.ts [2m([22m[2m19 tests[22m[2m)[22m[33m 4893[2mms[22m[39m
2026-09-09T17:18:16.7136855Z    [33m[2m✓[22m[39m GH#1132 Madoka effective protection and authored six slots[2m > [22mcharges only for actual allied HP restored, caps at three, and excludes overheal/self/enemies [33m354[2mms[22m[39m
2026-09-09T17:18:16.7169716Z    [33m[2m✓[22m[39m GH#1132 Madoka effective protection and authored six slots[2m > [22mexpired, zero, immune, self and friendly-fire shields do not charge hope [33m787[2mms[22m[39m
2026-09-09T17:18:16.7199811Z    [33m[2m✓[22m[39m GH#1132 Madoka effective protection and authored six slots[2m > [22mmerged shield pools preserve contributor credit through weaker refresh, replace, stack and unowned remainder [33m600[2mms[22m[39m
2026-09-09T17:18:18.2829865Z  [32m✓[39m src/content/announcerVo.test.ts [2m([22m[2m12 tests[22m[2m)[22m[90m 63[2mms[22m[39m
2026-09-09T17:18:19.3179882Z  [32m✓[39m src/content/heroForge/communityRefinements/yugi.test.ts [2m([22m[2m21 tests[22m[2m)[22m[33m 3797[2mms[22m[39m
2026-09-09T17:18:19.3209831Z    [33m[2m✓[22m[39m #1132 武藤遊戲 — versioned six-slot source mechanics[2m > [22mpreserves original text, names and model evidence while regenerating independent effects [33m320[2mms[22m[39m
2026-09-09T17:18:19.6159736Z  [32m✓[39m src/sim/facingLock.test.ts [2m([22m[2m6 tests[22m[2m)[22m[90m 76[2mms[22m[39m
2026-09-09T17:18:19.7676521Z  [32m✓[39m src/sim/economy/shopAttachSites.test.ts [2m([22m[2m6 tests[22m[2m)[22m[33m 7056[2mms[22m[39m
2026-09-09T17:18:19.7734454Z    [33m[2m✓[22m[39m every kind:"item" ModifierSource comes from economy/itemSource.ts[2m > [22mno production file hand-builds one [33m7036[2mms[22m[39m
2026-09-09T17:18:20.8329162Z  [32m✓[39m src/content/apCoeffJudgment.test.ts [2m([22m[2m11 tests[22m[2m)[22m[90m 41[2mms[22m[39m
2026-09-09T17:18:21.4514428Z  [32m✓[39m src/content/heroForge/communityRefinements/chiikawa.test.ts [2m([22m[2m26 tests[22m[2m)[22m[33m 5365[2mms[22m[39m
2026-09-09T17:18:21.4517795Z    [33m[2m✓[22m[39m GH#1141 Chiikawa courage and six authored slots[2m > [22mearns courage from allies dealing OR taking actual damage, once per interval, capped at three [33m423[2mms[22m[39m
2026-09-09T17:18:21.4520768Z    [33m[2m✓[22m[39m GH#1141 Chiikawa courage and six authored slots[2m > [22mdoes not count isolated self combat, enemies, friendly damage, self harm or zero damage [33m635[2mms[22m[39m
2026-09-09T17:18:21.4523492Z    [33m[2m✓[22m[39m GH#1141 Chiikawa courage and six authored slots[2m > [22mW with 3 courage retreats in the requested direction and consumes at most one [33m300[2mms[22m[39m
2026-09-09T17:18:21.4526105Z    [33m[2m✓[22m[39m GH#1141 Chiikawa courage and six authored slots[2m > [22mHP damage interrupts E without a delayed heal; a fully absorbed hit does not [33m401[2mms[22m[39m
2026-09-09T17:18:22.2329696Z  [32m✓[39m src/sim/effects/lane2Kinds.test.ts [2m([22m[2m5 tests[22m[2m)[22m[90m 45[2mms[22m[39m
2026-09-09T17:18:22.9939274Z  [32m✓[39m src/sim/settledZones.test.ts [2m([22m[2m10 tests[22m[2m)[22m[33m 343[2mms[22m[39m
2026-09-09T17:18:23.1548883Z  [32m✓[39m src/sim/combat/damageTypeOverride.shipped.test.ts [2m([22m[2m6 tests[22m[2m)[22m[33m 1625[2mms[22m[39m
2026-09-09T17:18:23.4618576Z  [32m✓[39m src/content/import/resolvedAppearance.test.ts [2m([22m[2m9 tests[22m[2m)[22m[33m 3677[2mms[22m[39m
2026-09-09T17:18:23.4620755Z    [33m[2m✓[22m[39m resolved-appearance@1[2m > [22m★★ ⭐⭐ ②′ 與**註冊表**（＝遊戲真的用的那一份）逐字一致 [33m3563[2mms[22m[39m
2026-09-09T17:18:23.7176910Z  [32m✓[39m src/sim/systems/moveOrderNoAggro.test.ts [2m([22m[2m7 tests[22m[2m)[22m[90m 215[2mms[22m[39m
2026-09-09T17:18:23.9079910Z  [32m✓[39m src/content/modelHeadGeometry.test.ts [2m([22m[2m6 tests[22m[2m)[22m[33m 303[2mms[22m[39m
2026-09-09T17:18:24.8758552Z  [32m✓[39m src/sim/intToMagicResist.test.ts [2m([22m[2m6 tests[22m[2m)[22m[90m 38[2mms[22m[39m
2026-09-09T17:18:27.4829888Z  [32m✓[39m src/sim/grantAttributeMaxBasis.test.ts [2m([22m[2m3 tests[22m[2m)[22m[33m 1135[2mms[22m[39m
2026-09-09T17:18:28.1590019Z  [32m✓[39m src/content/templates/templateDefaultsCast.test.ts [2m([22m[2m1 test[22m[2m)[22m[33m 2645[2mms[22m[39m
2026-09-09T17:18:28.1601486Z    [33m[2m✓[22m[39m 每一份 enabled 模板的預設展開，在真的 SimWorld 裡施放要有東西動（GH#1078）[2m > [22m★ 全部 enabled：主動 PASS／被動掛上來源／純演出生得出模型 —— ⛔ 沒有一份是 no-op [33m526[2mms[22m[39m
2026-09-09T17:18:29.4335683Z  [32m✓[39m src/sim/healthPctDrain.test.ts [2m([22m[2m13 tests[22m[2m)[22m[33m 589[2mms[22m[39m
2026-09-09T17:18:29.4337599Z    [33m[2m✓[22m[39m 機制 —— 跑真的 tick，血條單調下降並停在地板[2m > [22m打到地板就停 —— 停得**精準**，而且再跑一分鐘也不會更低 [33m332[2mms[22m[39m
2026-09-09T17:18:29.5349738Z  [32m✓[39m src/sim/flowers.test.ts [2m([22m[2m8 tests[22m[2m)[22m[90m 84[2mms[22m[39m
2026-09-09T17:18:30.0640406Z  [32m✓[39m src/content/heroForge/communityRefinements/sunraku.test.ts [2m([22m[2m26 tests[22m[2m)[22m[33m 5251[2mms[22m[39m
2026-09-09T17:18:30.0693759Z    [33m[2m✓[22m[39m SUN樂 original six-slot combat requirements[2m > [22mempty slide moves on the ground, has no damage, and grants no reads [33m306[2mms[22m[39m
2026-09-09T17:18:30.0696955Z    [33m[2m✓[22m[39m SUN樂 original six-slot combat requirements[2m > [22mexpired or another caster's counter never strengthens Q [33m326[2mms[22m[39m
2026-09-09T17:18:30.0699746Z    [33m[2m✓[22m[39m SUN樂 original six-slot combat requirements[2m > [22mplays the actual six-slot combo deterministically at rank 1 [33m402[2mms[22m[39m
2026-09-09T17:18:30.0702375Z    [33m[2m✓[22m[39m SUN樂 original six-slot combat requirements[2m > [22mplays the actual six-slot combo deterministically at rank 4 [33m445[2mms[22m[39m
2026-09-09T17:18:30.2846976Z  [32m✓[39m src/content/heroForge/communityRefinements/conan.test.ts [2m([22m[2m22 tests[22m[2m)[22m[33m 4873[2mms[22m[39m
2026-09-09T17:18:30.2879972Z    [33m[2m✓[22m[39m GH#1132 Conan observed clues, collision and waking sleep[2m > [22mcollects distinct effective events per observed enemy and caps at three [33m393[2mms[22m[39m
2026-09-09T17:18:30.2910143Z    [33m[2m✓[22m[39m GH#1132 Conan observed clues, collision and waking sleep[2m > [22mR fizzles if its target leaves the duel or dies during windup, without refunding clues [33m374[2mms[22m[39m
2026-09-09T17:18:30.2921274Z    [33m[2m✓[22m[39m GH#1132 Conan observed clues, collision and waking sleep[2m > [22mcontrol immunity rejects W sleep and observation credit; W cooldown prevents a second shot [33m372[2mms[22m[39m
2026-09-09T17:18:31.4706671Z  [32m✓[39m src/sim/movement/wallBlockDisplacement.test.ts [2m([22m[2m3 tests[22m[2m)[22m[90m 44[2mms[22m[39m
2026-09-09T17:18:31.5567545Z  [32m✓[39m src/sim/combat/pigButcher.shipped.test.ts [2m([22m[2m7 tests[22m[2m)[22m[33m 567[2mms[22m[39m
2026-09-09T17:18:31.5569785Z    [33m[2m✓[22m[39m ② 「無法動作」真的動不了(讀的是 sim 自己的判準,不是狀態 id)[2m > [22ma mob eventually gets stunned — and the stun is the real action gate [33m329[2mms[22m[39m
2026-09-09T17:18:32.7991609Z  [32m✓[39m src/content/championFormsResolve.test.ts [2m([22m[2m6 tests[22m[2m)[22m[33m 871[2mms[22m[39m
2026-09-09T17:18:32.9539631Z  [32m✓[39m src/sim/stats/sourceGrants.test.ts [2m([22m[2m7 tests[22m[2m)[22m[90m 30[2mms[22m[39m
2026-09-09T17:18:33.5973642Z  [32m✓[39m src/ops/vfxSubtypesRatchet.test.ts [2m([22m[2m8 tests[22m[2m)[22m[90m 138[2mms[22m[39m
2026-09-09T17:18:33.6735692Z  [32m✓[39m src/sim/systems/MobSystem.test.ts [2m([22m[2m15 tests[22m[2m)[22m[33m 345[2mms[22m[39m
2026-09-09T17:18:35.7482962Z  [32m✓[39m src/content/retiredCharacterModels.test.ts [2m([22m[2m7 tests[22m[2m)[22m[33m 1753[2mms[22m[39m
2026-09-09T17:18:35.7489150Z    [33m[2m✓[22m[39m retired KayKit Adventurers characters (#226 owner directive / #240 guard)[2m > [22mno shipped source, content doc, manifest, LOD table or built bundle references one [33m1046[2mms[22m[39m
2026-09-09T17:18:35.7492570Z    [33m[2m✓[22m[39m retired KayKit Adventurers characters (#226 owner directive / #240 guard)[2m > [22mthe SHIPPED credit ledger does not name the Adventurers pack (we do not distribute it) [33m666[2mms[22m[39m
2026-09-09T17:18:35.8488976Z  [32m✓[39m src/ops/normalizerRuleAgreesAcrossEntrypoints.test.ts [2m([22m[2m4 tests[22m[2m)[22m[33m 2340[2mms[22m[39m
2026-09-09T17:18:35.8509877Z    [33m[2m✓[22m[39m 正規化器判準：五個執行點只准有一種說法（GH#1099 · lane-plan #1101）[2m > [22m②③ 校準＋接線：只因這一格而變成產物的檔，genguard 與 hook 都要擋 [33m359[2mms[22m[39m
2026-09-09T17:18:35.8512280Z    [33m[2m✓[22m[39m 正規化器判準：五個執行點只准有一種說法（GH#1099 · lane-plan #1101）[2m > [22m⑤ lane-plan 的「🔒 全域鎖」逐檔等於判準的答案（GH#1101） [33m1681[2mms[22m[39m
2026-09-09T17:18:37.0429715Z  [32m✓[39m src/content/apCoeffDeviation.test.ts [2m([22m[2m3 tests[22m[2m)[22m[90m 9[2mms[22m[39m
2026-09-09T17:18:37.5975088Z  [32m✓[39m src/content/abilityMirror.test.ts [2m([22m[2m4 tests[22m[2m)[22m[90m 101[2mms[22m[39m
2026-09-09T17:18:37.7040217Z  [32m✓[39m src/content/heroForge/communityRefinements/gintoki.test.ts [2m([22m[2m28 tests[22m[2m)[22m[33m 6283[2mms[22m[39m
2026-09-09T17:18:37.7091554Z    [33m[2m✓[22m[39m Gintoki source-authored supply, parry and six slots[2m > [22mwaits out combat, caps one supply and consumes it at drink submission [33m518[2mms[22m[39m
2026-09-09T17:18:37.7110298Z    [33m[2m✓[22m[39m Gintoki source-authored supply, parry and six slots[2m > [22mrestarts rest after actual attacks and hostile hits without losing saved supply [33m375[2mms[22m[39m
2026-09-09T17:18:37.7129599Z    [33m[2m✓[22m[39m Gintoki source-authored supply, parry and six slots[2m > [22mshield absorption, absent block context and other block grants never award a counter [33m497[2mms[22m[39m
2026-09-09T17:18:37.7150119Z    [33m[2m✓[22m[39m Gintoki source-authored supply, parry and six slots[2m > [22mreplays the same supply, drink, parry and counter sequence deterministically [33m342[2mms[22m[39m
2026-09-09T17:18:37.9167163Z  [32m✓[39m src/sim/mobBossKing.test.ts [2m([22m[2m5 tests[22m[2m)[22m[33m 2577[2mms[22m[39m
2026-09-09T17:18:38.7450811Z  [32m✓[39m src/content/templates/expand.test.ts [2m([22m[2m18 tests[22m[2m)[22m[90m 29[2mms[22m[39m
2026-09-09T17:18:38.8718862Z  [32m✓[39m src/content/modelFxPreset.test.ts [2m([22m[2m4 tests[22m[2m)[22m[90m 118[2mms[22m[39m
2026-09-09T17:18:39.8393475Z  [32m✓[39m src/content/templates/locustTemplates.test.ts [2m([22m[2m3 tests[22m[2m)[22m[90m 16[2mms[22m[39m
2026-09-09T17:18:40.4551215Z  [32m✓[39m src/content/championFormVisuals.test.ts [2m([22m[2m14 tests[22m[2m)[22m[90m 15[2mms[22m[39m
2026-09-09T17:18:40.6473478Z  [32m✓[39m src/ops/ugcGateIsArmed.test.ts [2m([22m[2m5 tests[22m[2m)[22m[33m 307[2mms[22m[39m
2026-09-09T17:18:41.0813041Z  [32m✓[39m src/content/runtimeAlphaBackfill.test.ts [2m([22m[2m3 tests[22m[2m)[22m[90m 18[2mms[22m[39m
2026-09-09T17:18:42.1731293Z  [32m✓[39m src/sim/economy/draftTopUp.test.ts [2m([22m[2m8 tests[22m[2m)[22m[33m 2473[2mms[22m[39m
2026-09-09T17:18:42.7372894Z  [32m✓[39m src/sim/knockbackVsDamage.test.ts [2m([22m[2m6 tests[22m[2m)[22m[33m 350[2mms[22m[39m
2026-09-09T17:18:43.0627097Z  [32m✓[39m src/sim/lichkingSet.test.ts [2m([22m[2m7 tests[22m[2m)[22m[33m 749[2mms[22m[39m
2026-09-09T17:18:43.6373018Z  [32m✓[39m src/content/abilityCodeParityForms.test.ts [2m([22m[2m3 tests[22m[2m)[22m[90m 168[2mms[22m[39m
2026-09-09T17:18:43.8020858Z  [32m✓[39m src/sim/statCaps.test.ts [2m([22m[2m20 tests[22m[2m)[22m[90m 28[2mms[22m[39m
2026-09-09T17:18:44.1849810Z  [32m✓[39m src/sim/attributeCoefficients.test.ts [2m([22m[2m4 tests[22m[2m)[22m[90m 18[2mms[22m[39m
2026-09-09T17:18:45.5624486Z  [32m✓[39m src/content/heroForge/communityRefinements/yanineko.test.ts [2m([22m[2m30 tests[22m[2m)[22m[33m 5930[2mms[22m[39m
2026-09-09T17:18:45.5653550Z    [33m[2m✓[22m[39m Yanineko original six-slot requirements[2m > [22mwaits for actual stillness, gains at most one per second and caps at three [33m404[2mms[22m[39m
2026-09-09T17:18:45.5656833Z    [33m[2m✓[22m[39m Yanineko original six-slot requirements[2m > [22mno accumulation occurs in intermission, death or a settled zone; return restarts the wait [33m654[2mms[22m[39m
2026-09-09T17:18:45.5659775Z    [33m[2m✓[22m[39m Yanineko original six-slot requirements[2m > [22mR has no lingering payout after caster death or a settled duel [33m396[2mms[22m[39m
2026-09-09T17:18:46.2410364Z  [32m✓[39m src/ops/referencedCommandsExist.test.ts [2m([22m[2m6 tests[22m[2m)[22m[90m 8[2mms[22m[39m
2026-09-09T17:18:47.7935479Z  [32m✓[39m src/sim/dragonSlaveSingleHit.test.ts [2m([22m[2m4 tests[22m[2m)[22m[33m 2527[2mms[22m[39m
2026-09-09T17:18:48.2139189Z  [32m✓[39m src/content/ex-skills.test.ts [2m([22m[2m8 tests[22m[2m)[22m[33m 2395[2mms[22m[39m
2026-09-09T17:18:48.5920404Z  [32m✓[39m src/ops/teamGlowCullPolicy.test.ts [2m([22m[2m8 tests[22m[2m)[22m[90m 12[2mms[22m[39m
2026-09-09T17:18:49.6339236Z  [32m✓[39m src/content/championForms.test.ts [2m([22m[2m8 tests[22m[2m)[22m[90m 39[2mms[22m[39m
2026-09-09T17:18:49.9593795Z  [32m✓[39m src/content/locustTailFamilies.test.ts [2m([22m[2m3 tests[22m[2m)[22m[90m 100[2mms[22m[39m
2026-09-09T17:18:50.7189725Z  [32m✓[39m src/sim/atFieldBlockBerserkImmunity.test.ts [2m([22m[2m5 tests[22m[2m)[22m[33m 3029[2mms[22m[39m
2026-09-09T17:18:50.7249712Z    [33m[2m✓[22m[39m GH#644 · AT力場格擋 + 暴走負面免疫[2m > [22m③ 格擋機率是一條隨階往上的梯子 —— 頂階實測擋下的次數多於底階 [33m309[2mms[22m[39m
2026-09-09T17:18:51.1881120Z  [32m✓[39m src/content/import/assetManifest.test.ts [2m([22m[2m8 tests[22m[2m)[22m[33m 645[2mms[22m[39m
2026-09-09T17:18:51.1889740Z    [33m[2m✓[22m[39m P1-1 依賴閉包[2m > [22m★★ ⭐ 每一顆 GLB 的**外部引用**都在 manifest 上（⛔ 今天是 0 個，而它會過期） [33m422[2mms[22m[39m
2026-09-09T17:18:51.9036237Z  [32m✓[39m src/content/heroForge/communityRefinements/conanMobility.test.ts [2m([22m[2m25 tests[22m[2m)[22m[33m 7139[2mms[22m[39m
2026-09-09T17:18:51.9045647Z    [33m[2m✓[22m[39m GH#1132 Conan source-owned ride and bounded grapple[2m > [22mE accelerates to the enhanced stat speed, and holds no permanent movement override [33m312[2mms[22m[39m
2026-09-09T17:18:51.9055992Z    [33m[2m✓[22m[39m GH#1132 Conan source-owned ride and bounded grapple[2m > [22mthe Editor movement setup creates real accelerating, turning and braking replay frames [33m1694[2mms[22m[39m
2026-09-09T17:18:51.9059096Z    [33m[2m✓[22m[39m GH#1132 Conan source-owned ride and bounded grapple[2m > [22mthe Editor wall setup catches a genuine anchor and publishes its exact collision dimensions [33m1100[2mms[22m[39m
2026-09-09T17:18:52.4760131Z  [32m✓[39m src/sim/timeStop.test.ts [2m([22m[2m22 tests[22m[2m)[22m[90m 156[2mms[22m[39m
2026-09-09T17:18:54.0219000Z  [32m✓[39m src/content/schema/abilityVfx.test.ts [2m([22m[2m20 tests[22m[2m)[22m[33m 367[2mms[22m[39m
2026-09-09T17:18:54.0300334Z    [33m[2m✓[22m[39m 向後相容:出貨的技能文件一份都不用改[2m > [22m出貨的每一份 ability doc 仍然 parse 得過（新欄位是純附加） [33m308[2mms[22m[39m
2026-09-09T17:18:57.7764053Z  [32m✓[39m src/content/heroForge/communityRefinements/eris.test.ts [2m([22m[2m25 tests[22m[2m)[22m[33m 6238[2mms[22m[39m
2026-09-09T17:18:57.7779474Z    [33m[2m✓[22m[39m Eris original six-slot combat requirements[2m > [22mfirst melee contact has one finite bonus per enemy and ongoing combat cannot refresh it [33m402[2mms[22m[39m
2026-09-09T17:18:57.7798209Z    [33m[2m✓[22m[39m Eris original six-slot combat requirements[2m > [22mimmune contact does not manufacture an opener or pursuit [33m324[2mms[22m[39m
2026-09-09T17:18:57.7809449Z    [33m[2m✓[22m[39m Eris original six-slot combat requirements[2m > [22mproc contact does not manufacture an opener or pursuit [33m389[2mms[22m[39m
2026-09-09T17:18:57.7812200Z    [33m[2m✓[22m[39m Eris original six-slot combat requirements[2m > [22mW raises finite resistance for three seconds and repeated casts do not stack [33m332[2mms[22m[39m
2026-09-09T17:18:57.7815141Z    [33m[2m✓[22m[39m Eris original six-slot combat requirements[2m > [22mR waits for its windup and stops at the first enemy with one strike at rank 1 [33m333[2mms[22m[39m
2026-09-09T17:18:57.7818527Z    [33m[2m✓[22m[39m Eris original six-slot combat requirements[2m > [22mR waits for its windup and stops at the first enemy with one strike at rank 4 [33m356[2mms[22m[39m
2026-09-09T17:18:57.7821013Z    [33m[2m✓[22m[39m Eris original six-slot combat requirements[2m > [22mR ignores allies, dead bodies and other duel zones [33m319[2mms[22m[39m
2026-09-09T17:18:59.7775653Z  [32m✓[39m src/content/vfxBricksConverge.test.ts [2m([22m[2m4 tests[22m[2m)[22m[33m 1389[2mms[22m[39m
2026-09-09T17:18:59.7829673Z    [33m[2m✓[22m[39m 特效有沒有收斂成積木（GH#916）[2m > [22m⭐ 量尺先自證：掃描器真的讀得到出貨內容 [33m743[2mms[22m[39m
2026-09-09T17:18:59.7920162Z    [33m[2m✓[22m[39m 特效有沒有收斂成積木（GH#916）[2m > [22m★★ ⭐⭐ 每一份出貨 vfx 都要**有人播得到**，或**有一句話說明為什麼沒有** [33m639[2mms[22m[39m
2026-09-09T17:19:01.6344821Z  [32m✓[39m src/sim/systems/FireRingSystem.test.ts [2m([22m[2m8 tests[22m[2m)[22m[33m 509[2mms[22m[39m
2026-09-09T17:19:01.9661061Z  [32m✓[39m src/content/heroForge/communityRefinements/azazelBatch.test.ts [2m([22m[2m37 tests[22m[2m)[22m[33m 8464[2mms[22m[39m
2026-09-09T17:19:01.9703167Z    [33m[2m✓[22m[39m Azazel v1 rollback source and actual outgoing damage[2m > [22mearns three actual casts, then R→EX reverses its own curse without extra EX damage [33m597[2mms[22m[39m
2026-09-09T17:19:01.9749607Z    [33m[2m✓[22m[39m Azazel v1 rollback source and actual outgoing damage[2m > [22mexpired target gets ordinary EX damage and a shorter stronger output curse [33m391[2mms[22m[39m
2026-09-09T17:19:01.9792192Z    [33m[2m✓[22m[39m Azazel v1 rollback source and actual outgoing damage[2m > [22mthe shadow punch uses normal damage multipliers and is not a reflected packet [33m403[2mms[22m[39m
2026-09-09T17:19:03.8759974Z  [32m✓[39m src/ops/shipScriptWatchdog.test.ts [2m([22m[2m6 tests[22m[2m)[22m[33m 11511[2mms[22m[39m
2026-09-09T17:19:03.8779664Z    [33m[2m✓[22m[39m ship:check 看門狗（GH#858）[2m > [22m★★ 逾時 ⇒ **會結束** · 非零離開碼 · 輸出裡指名那一支（⛔ 不可以看起來像綠燈） [33m11503[2mms[22m[39m
2026-09-09T17:19:04.3229804Z  [32m✓[39m src/sim/mobs.roundEndGate.test.ts [2m([22m[2m14 tests[22m[2m)[22m[90m 100[2mms[22m[39m
2026-09-09T17:19:04.5222893Z  [32m✓[39m src/sim/effects/consumeStatus.test.ts [2m([22m[2m24 tests[22m[2m)[22m[90m 232[2mms[22m[39m
2026-09-09T17:19:05.3569909Z  [32m✓[39m src/sim/combatTiming.test.ts [2m([22m[2m10 tests[22m[2m)[22m[90m 152[2mms[22m[39m
2026-09-09T17:19:05.8570224Z  [32m✓[39m src/content/periodicClaimHasMechanism.test.ts [2m([22m[2m1 test[22m[2m)[22m[90m 66[2mms[22m[39m
2026-09-09T17:19:06.0742877Z  [32m✓[39m src/content/locustQuadFamilies.test.ts [2m([22m[2m3 tests[22m[2m)[22m[90m 62[2mms[22m[39m
2026-09-09T17:19:06.7237070Z  [32m✓[39m src/content/schema/effects/animationFxTemplate.test.ts [2m([22m[2m4 tests[22m[2m)[22m[90m 26[2mms[22m[39m
2026-09-09T17:19:07.1905974Z  [32m✓[39m src/sim/statCapsReach.test.ts [2m([22m[2m6 tests[22m[2m)[22m[90m 146[2mms[22m[39m
2026-09-09T17:19:08.0868713Z  [32m✓[39m src/sim/blackMudDevour.test.ts [2m([22m[2m10 tests[22m[2m)[22m[90m 86[2mms[22m[39m
2026-09-09T17:19:08.4640513Z [90mstdout[2m | src/sim/weaponClassCoverage.test.ts[2m > [22m[2mweapon class coverage (recipe S8: a total function whose default is wrong)[2m > [22m[2mprints the per-class census — this is the owner-facing report
2026-09-09T17:19:08.4642366Z [22m[39m
2026-09-09T17:19:08.4642979Z   RANGED WEAPON CLASSES — 20 champions
2026-09-09T17:19:08.4643673Z    magic       14 ranged champions
2026-09-09T17:19:08.4645503Z       godie-e00s, godie-e010, godie-emfr, godie-emns, godie-h020, godie-hjai, godie-o00k, godie-o00l, godie-o030, godie-ofar, godie-ogld, godie-orkn, godie-u00k, sela
2026-09-09T17:19:08.4646853Z    bow          4 ranged champions
2026-09-09T17:19:08.4647799Z       godie-etyr, godie-hvwd, godie-n003, godie-n01g
2026-09-09T17:19:08.4648510Z    thrown       2 ranged champions
2026-09-09T17:19:08.4649092Z       godie-e007, godie-n00p
2026-09-09T17:19:08.4649433Z 
2026-09-09T17:19:08.4675728Z 
2026-09-09T17:19:08.4696936Z  [32m✓[39m src/sim/weaponClassCoverage.test.ts [2m([22m[2m7 tests[22m[2m)[22m[33m 2304[2mms[22m[39m
2026-09-09T17:19:08.5510480Z  [32m✓[39m src/protocol/formFlags.test.ts [2m([22m[2m12 tests[22m[2m)[22m[90m 30[2mms[22m[39m
2026-09-09T17:19:10.0969666Z  [32m✓[39m src/content/locustPentaFamilies.test.ts [2m([22m[2m3 tests[22m[2m)[22m[90m 114[2mms[22m[39m
2026-09-09T17:19:11.6009740Z  [32m✓[39m src/ops/w3aTranslationGaps.test.ts [2m([22m[2m7 tests[22m[2m)[22m[33m 2677[2mms[22m[39m
2026-09-09T17:19:11.6011869Z    [33m[2m✓[22m[39m w3a 翻譯落差[2m > [22m① 兩份文件與 gaps.json 仍然等於重新產生的（逐位元組） [33m1448[2mms[22m[39m
2026-09-09T17:19:11.6013468Z    [33m[2m✓[22m[39m w3a 翻譯落差[2m > [22m⑥ ⭐ 同一支技能,接模板前後這支普查給出同一個答案（GH#1104） [33m1224[2mms[22m[39m
2026-09-09T17:19:12.6430289Z  [32m✓[39m src/content/heroForge/communityRefinements/electricCharge.test.ts [2m([22m[2m16 tests[22m[2m)[22m[33m 3641[2mms[22m[39m
2026-09-09T17:19:12.6442129Z    [33m[2m✓[22m[39m GH#1140 electric charge and the next empowered cast[2m > [22mearns only alternating successful skill hits, once per cast, capped and owner-isolated [33m534[2mms[22m[39m
2026-09-09T17:19:12.7931208Z  [32m✓[39m src/sim/lanceGodieI01g.test.ts [2m([22m[2m8 tests[22m[2m)[22m[33m 1008[2mms[22m[39m
2026-09-09T17:19:13.0729828Z  [32m✓[39m src/sim/berserkerPctRegen.test.ts [2m([22m[2m13 tests[22m[2m)[22m[90m 166[2mms[22m[39m
2026-09-09T17:19:13.4129904Z  [32m✓[39m src/content/voxelSkin/explain.test.ts [2m([22m[2m13 tests[22m[2m)[22m[90m 171[2mms[22m[39m
2026-09-09T17:19:13.5302718Z  [32m✓[39m src/ops/codexContractNumbers.test.ts [2m([22m[2m5 tests[22m[2m)[22m[90m 271[2mms[22m[39m
2026-09-09T17:19:14.3689915Z  [32m✓[39m src/content/schema/effects/variantMirrorsSchema.test.ts [2m([22m[2m1 test[22m[2m)[22m[90m 105[2mms[22m[39m
2026-09-09T17:19:14.5169708Z  [32m✓[39m src/sim/systems/worldHook.test.ts [2m([22m[2m8 tests[22m[2m)[22m[90m 44[2mms[22m[39m
2026-09-09T17:19:15.0019706Z  [32m✓[39m src/content/itemCardText.test.ts [2m([22m[2m23 tests[22m[2m)[22m[90m 14[2mms[22m[39m
2026-09-09T17:19:15.4869922Z  [32m✓[39m src/content/modelGeosetAlpha.test.ts [2m([22m[2m16 tests[22m[2m)[22m[90m 44[2mms[22m[39m
2026-09-09T17:19:17.0150546Z [90mstdout[2m | src/sim/effects/chainLightning.test.ts[2m > [22m[2mchainLightning — 逐跳有時間差、隨機挑下一個、逐跳遞減 (do-chain-lightning)[2m > [22m[2m尖峰情境：改前（瞬發）vs 改後（逐跳）的每 tick 成本
2026-09-09T17:19:17.0152774Z [22m[39m[chainLightning] 60 身體 / 480 筆傷害 · 改前(瞬發) 一格 11.88ms · 改後 施放 0.23ms + 有付款的 tick 平均 0.228ms (單格最多 20 發)
2026-09-09T17:19:17.0154408Z [chainLightning] 100 身體 / 480 筆傷害 · 改前(瞬發) 一格 13.95ms · 改後 施放 0.27ms + 有付款的 tick 平均 0.340ms (單格最多 20 發)
2026-09-09T17:19:17.0155476Z 
2026-09-09T17:19:17.0169296Z  [32m✓[39m src/sim/effects/chainLightning.test.ts [2m([22m[2m6 tests[22m[2m)[22m[33m 390[2mms[22m[39m
2026-09-09T17:19:17.0171575Z    [33m[2m✓[22m[39m chainLightning — 逐跳有時間差、隨機挑下一個、逐跳遞減 (do-chain-lightning)[2m > [22m尖峰情境：改前（瞬發）vs 改後（逐跳）的每 tick 成本 [33m300[2mms[22m[39m
2026-09-09T17:19:18.1711411Z  [32m✓[39m src/sim/economy/legendaryOrb.test.ts [2m([22m[2m17 tests[22m[2m)[22m[90m 31[2mms[22m[39m
2026-09-09T17:19:20.6272353Z  [32m✓[39m src/sim/championFormAdoption.test.ts [2m([22m[2m3 tests[22m[2m)[22m[33m 868[2mms[22m[39m
2026-09-09T17:19:21.8919710Z  [32m✓[39m src/sim/clearPools.test.ts [2m([22m[2m10 tests[22m[2m)[22m[90m 62[2mms[22m[39m
2026-09-09T17:19:21.9646783Z  [32m✓[39m src/content/heroForge/communityRefinements/mai.test.ts [2m([22m[2m31 tests[22m[2m)[22m[33m 5764[2mms[22m[39m
2026-09-09T17:19:21.9654299Z    [33m[2m✓[22m[39m Mai six-slot source requirements[2m > [22mhas no ordinary on-attack bonus until a displacement actually completes [33m315[2mms[22m[39m
2026-09-09T17:19:21.9656949Z    [33m[2m✓[22m[39m Mai six-slot source requirements[2m > [22mE then R refresh one shared charge, never two, and it expires in three seconds [33m322[2mms[22m[39m
2026-09-09T17:19:21.9659740Z    [33m[2m✓[22m[39m Mai six-slot source requirements[2m > [22mQ ignores friendly, dead, off-path and cross-duel bodies [33m683[2mms[22m[39m
2026-09-09T17:19:22.2599638Z  [32m✓[39m src/ops/contentApiCwebpInRuntimeStage.test.ts [2m([22m[2m4 tests[22m[2m)[22m[90m 16[2mms[22m[39m
2026-09-09T17:19:23.1515068Z  [32m✓[39m src/content/heroForge/communityRefinements/iori.test.ts [2m([22m[2m29 tests[22m[2m)[22m[33m 6949[2mms[22m[39m
2026-09-09T17:19:23.1517062Z    [33m[2m✓[22m[39m Iori full original mechanism chain[2m > [22malternating real skills build capped target flames at rank 1; same skill and recasts do not [33m549[2mms[22m[39m
2026-09-09T17:19:23.1519708Z    [33m[2m✓[22m[39m Iori full original mechanism chain[2m > [22malternating real skills build capped target flames at rank 4; same skill and recasts do not [33m353[2mms[22m[39m
2026-09-09T17:19:23.3059777Z  [32m✓[39m src/sim/combat/restore.test.ts [2m([22m[2m14 tests[22m[2m)[22m[90m 46[2mms[22m[39m
2026-09-09T17:19:23.6987065Z  [32m✓[39m src/content/modelIdleGrounding.test.ts [2m([22m[2m56 tests[22m[2m)[22m[90m 166[2mms[22m[39m
2026-09-09T17:19:23.8480387Z  [32m✓[39m src/sim/mobBossBonus.test.ts [2m([22m[2m14 tests[22m[2m)[22m[90m 45[2mms[22m[39m
2026-09-09T17:19:24.5089601Z  [32m✓[39m src/content/blockNoteTruth.test.ts [2m([22m[2m8 tests[22m[2m)[22m[90m 7[2mms[22m[39m
2026-09-09T17:19:25.7119849Z  [32m✓[39m src/sim/effects/authGatesWave1.test.ts [2m([22m[2m7 tests[22m[2m)[22m[90m 62[2mms[22m[39m
2026-09-09T17:19:29.4329500Z  [32m✓[39m src/content/skillTierLadder.test.ts [2m([22m[2m8 tests[22m[2m)[22m[33m 4330[2mms[22m[39m
2026-09-09T17:19:29.4340971Z    [33m[2m✓[22m[39m ④ 級距解析真的接到註冊表上（⛔ 不是掃字串）[2m > [22m⭐ 接線：`withTiers` 真的把 rangeTier 一起走了（⛔ 這條才擋得住漏接） [33m1896[2mms[22m[39m
2026-09-09T17:19:31.5151656Z  [32m✓[39m src/content/unsafeTextureQuarantine.test.ts [2m([22m[2m5 tests[22m[2m)[22m[33m 1443[2mms[22m[39m
2026-09-09T17:19:31.5164541Z    [33m[2m✓[22m[39m 不安全 VFX 貼圖的隔離契約 (content-unsafe-texture-quarantine)[2m > [22m② usage 的四個數字當場重算都對得上（⛔ 不是一份寫死的普查） [33m755[2mms[22m[39m
2026-09-09T17:19:31.5167911Z    [33m[2m✓[22m[39m 不安全 VFX 貼圖的隔離契約 (content-unsafe-texture-quarantine)[2m > [22m③ ⭐ 標成 safe 的貼圖,每一份消費它的 vfx 文件都在 safeBlendModes 裡 [33m647[2mms[22m[39m
2026-09-09T17:19:32.0159856Z  [32m✓[39m src/content/championSplitForms.test.ts [2m([22m[2m5 tests[22m[2m)[22m[90m 16[2mms[22m[39m
2026-09-09T17:19:32.8439074Z [90mstderr[2m | src/content/templateFailSoft.test.ts[2m > [22m[2m模板展開失敗 → 只降級那一支，不炸掉整包內容[2m > [22m[2m一個壞掉的模板 ref：其他英雄一隻不少，全部照常註冊
2026-09-09T17:19:32.8459391Z [22m[39m[content] 1 支技能的模板展開失敗，已個別降級（其餘內容照常註冊） · 技能: godie-e001.q · 找不到的模板: tpl-this-template-was-renamed-away · 其中 2 份降級後完全沒有效果
2026-09-09T17:19:32.8483959Z 
2026-09-09T17:19:32.8509826Z [90mstderr[2m | src/content/templateFailSoft.test.ts[2m > [22m[2m模板展開失敗 → 只降級那一支，不炸掉整包內容[2m > [22m[2m降級的那一支：技能還在，但沒有模板效果，而且自己說得出壞掉了
2026-09-09T17:19:32.8529682Z [22m[39m[content] 1 支技能的模板展開失敗，已個別降級（其餘內容照常註冊） · 技能: godie-e001.q · 找不到的模板: tpl-this-template-was-renamed-away · 其中 2 份降級後完全沒有效果
2026-09-09T17:19:32.8542082Z 
2026-09-09T17:19:32.8579146Z [90mstderr[2m | src/content/templateFailSoft.test.ts[2m > [22m[2m模板展開失敗 → 只降級那一支，不炸掉整包內容[2m > [22m[2m鏡像的那一份也降級（英雄槽位裡的那一份才是 sim 讀的）
2026-09-09T17:19:32.8598922Z [22m[39m[content] 1 支技能的模板展開失敗，已個別降級（其餘內容照常註冊） · 技能: godie-e001.q · 找不到的模板: tpl-this-template-was-renamed-away · 其中 2 份降級後完全沒有效果
2026-09-09T17:19:32.8599609Z 
2026-09-09T17:19:32.8625182Z [90mstderr[2m | src/content/templateFailSoft.test.ts[2m > [22m[2m模板展開失敗 → 只降級那一支，不炸掉整包內容[2m > [22m[2m留下事後查得到的紀錄 —— 不是只有當下那一行 console
2026-09-09T17:19:32.8627745Z [22m[39m[content] 1 支技能的模板展開失敗，已個別降級（其餘內容照常註冊） · 技能: godie-e001.q · 找不到的模板: tpl-this-template-was-renamed-away · 其中 2 份降級後完全沒有效果
2026-09-09T17:19:32.8658483Z 
2026-09-09T17:19:32.8679846Z [90mstderr[2m | src/content/templateFailSoft.test.ts[2m > [22m[2m模板展開失敗 → 只降級那一支，不炸掉整包內容[2m > [22m[2m陣列形狀的 template 綁定也不會炸掉整包（舊解析器只讀 link.ref）
2026-09-09T17:19:32.8681869Z [22m[39m[content] 1 支技能的模板展開失敗，已個別降級（其餘內容照常註冊） · 技能: godie-e001.q · 找不到的模板: tpl-this-template-was-renamed-away · 其中 1 份降級後完全沒有效果
2026-09-09T17:19:32.8682750Z 
2026-09-09T17:19:32.8683828Z  [32m✓[39m src/content/templateFailSoft.test.ts [2m([22m[2m9 tests[22m[2m)[22m[33m 5195[2mms[22m[39m
2026-09-09T17:19:32.8685312Z    [33m[2m✓[22m[39m 模板展開失敗 → 只降級那一支，不炸掉整包內容[2m > [22m控制組：完整內容照常註冊，一筆失敗紀錄都沒有 [33m641[2mms[22m[39m
2026-09-09T17:19:32.8686736Z    [33m[2m✓[22m[39m 模板展開失敗 → 只降級那一支，不炸掉整包內容[2m > [22m一個壞掉的模板 ref：其他英雄一隻不少，全部照常註冊 [33m817[2mms[22m[39m
2026-09-09T17:19:32.8688302Z    [33m[2m✓[22m[39m 模板展開失敗 → 只降級那一支，不炸掉整包內容[2m > [22m降級的那一支：技能還在，但沒有模板效果，而且自己說得出壞掉了 [33m363[2mms[22m[39m
2026-09-09T17:19:32.8719168Z    [33m[2m✓[22m[39m 模板展開失敗 → 只降級那一支，不炸掉整包內容[2m > [22m鏡像的那一份也降級（英雄槽位裡的那一份才是 sim 讀的） [33m432[2mms[22m[39m
2026-09-09T17:19:32.8743199Z    [33m[2m✓[22m[39m 模板展開失敗 → 只降級那一支，不炸掉整包內容[2m > [22m留下事後查得到的紀錄 —— 不是只有當下那一行 console [33m387[2mms[22m[39m
2026-09-09T17:19:32.8769137Z    [33m[2m✓[22m[39m 模板展開失敗 → 只降級那一支，不炸掉整包內容[2m > [22m開機日誌喊得出聲 —— 一行，指名不見的模板 [33m338[2mms[22m[39m
2026-09-09T17:19:32.8799129Z    [33m[2m✓[22m[39m 模板展開失敗 → 只降級那一支，不炸掉整包內容[2m > [22m控制組不吵：內容沒問題時一句話都不印 [33m360[2mms[22m[39m
2026-09-09T17:19:32.8801158Z    [33m[2m✓[22m[39m 模板展開失敗 → 只降級那一支，不炸掉整包內容[2m > [22m陣列形狀的 template 綁定也不會炸掉整包（舊解析器只讀 link.ref） [33m455[2mms[22m[39m
2026-09-09T17:19:33.3477633Z  [32m✓[39m src/content/editorCapabilities.test.ts [2m([22m[2m6 tests[22m[2m)[22m[90m 221[2mms[22m[39m
2026-09-09T17:19:34.7389914Z  [32m✓[39m src/sim/effects/lane3Kinds.test.ts [2m([22m[2m4 tests[22m[2m)[22m[90m 109[2mms[22m[39m
2026-09-09T17:19:36.1140478Z  [32m✓[39m src/sim/combat/resourcePctSkipsGlobalMult.test.ts [2m([22m[2m4 tests[22m[2m)[22m[90m 111[2mms[22m[39m
2026-09-09T17:19:36.9917846Z  [32m✓[39m src/sim/gapBatch354.test.ts [2m([22m[2m10 tests[22m[2m)[22m[33m 2513[2mms[22m[39m
2026-09-09T17:19:37.3779912Z  [32m✓[39m src/sim/economy/shopUndo.test.ts [2m([22m[2m10 tests[22m[2m)[22m[90m 36[2mms[22m[39m
2026-09-09T17:19:38.1649898Z  [32m✓[39m src/content/statNormalization.test.ts [2m([22m[2m10 tests[22m[2m)[22m[90m 45[2mms[22m[39m
2026-09-09T17:19:40.0342323Z  [32m✓[39m src/ops/configProseBooleanDefaults.test.ts [2m([22m[2m2 tests[22m[2m)[22m[33m 1464[2mms[22m[39m
2026-09-09T17:19:40.0366907Z    [33m[2m✓[22m[39m 後台說明的布林出貨值[2m > [22m⛔ 不可以宣稱一個與出貨相反的布林預設 —— 要講就寫 {{出貨值}} [33m1433[2mms[22m[39m
2026-09-09T17:19:40.9648845Z  [32m✓[39m src/content/beamArriveVfx.test.ts [2m([22m[2m3 tests[22m[2m)[22m[33m 2080[2mms[22m[39m
2026-09-09T17:19:41.7052981Z  [32m✓[39m src/sim/stats/matchStats.test.ts [2m([22m[2m12 tests[22m[2m)[22m[33m 351[2mms[22m[39m
2026-09-09T17:19:42.0739140Z  [32m✓[39m src/content/legendary49OwnerText.test.ts [2m([22m[2m3 tests[22m[2m)[22m[90m 29[2mms[22m[39m
2026-09-09T17:19:42.4339806Z  [32m✓[39m src/sim/stuckEscape.test.ts [2m([22m[2m5 tests[22m[2m)[22m[90m 255[2mms[22m[39m
2026-09-09T17:19:43.8793662Z  [32m✓[39m src/sim/SimWorld.test.ts [2m([22m[2m8 tests[22m[2m)[22m[33m 620[2mms[22m[39m
2026-09-09T17:19:44.8972298Z  [32m✓[39m src/ops/syncIoRuntimeReconcile.test.ts [2m([22m[2m5 tests[22m[2m)[22m[33m 654[2mms[22m[39m
2026-09-09T17:19:48.5740062Z  [32m✓[39m src/content/heroForge/communityRefinements/tanjiro.test.ts [2m([22m[2m15 tests[22m[2m)[22m[33m 4535[2mms[22m[39m
2026-09-09T17:19:48.5785980Z    [33m[2m✓[22m[39m Tanjiro breathing, opening and one shared Q stance[2m > [22mrank 1 Q is one front arc, and fire trades movement for stronger damage [33m407[2mms[22m[39m
2026-09-09T17:19:48.5795623Z    [33m[2m✓[22m[39m Tanjiro breathing, opening and one shared Q stance[2m > [22mwaterwheel moves along a collision-safe path and touches each enemy once [33m348[2mms[22m[39m
2026-09-09T17:19:48.5829463Z    [33m[2m✓[22m[39m Tanjiro breathing, opening and one shared Q stance[2m > [22mmoving lowers breath recovery below stationary breathing [33m615[2mms[22m[39m
2026-09-09T17:19:48.5832209Z    [33m[2m✓[22m[39m Tanjiro breathing, opening and one shared Q stance[2m > [22mdamaged lowers breath recovery below stationary breathing [33m558[2mms[22m[39m
2026-09-09T17:19:48.5859521Z    [33m[2m✓[22m[39m Tanjiro breathing, opening and one shared Q stance[2m > [22mshield-damaged lowers breath recovery below stationary breathing [33m495[2mms[22m[39m
2026-09-09T17:19:48.7199083Z  [32m✓[39m src/sim/millenniumTreants.test.ts [2m([22m[2m1 test[22m[2m)[22m[33m 2327[2mms[22m[39m
2026-09-09T17:19:49.8980442Z  [32m✓[39m src/sim/content/conditionDerivedStatusTag.test.ts [2m([22m[2m5 tests[22m[2m)[22m[90m 59[2mms[22m[39m
2026-09-09T17:19:51.1659411Z  [32m✓[39m src/sim/effects/hookFamily.test.ts [2m([22m[2m4 tests[22m[2m)[22m[90m 28[2mms[22m[39m
2026-09-09T17:19:51.2048408Z  [32m✓[39m src/content/import/heroPackage.test.ts [2m([22m[2m18 tests[22m[2m)[22m[33m 54278[2mms[22m[39m
2026-09-09T17:19:51.2081329Z    [33m[2m✓[22m[39m complete hero through Main's package representation[2m > [22mround trips a generated counterpart as owned content and rejects an existing identity collision [33m5979[2mms[22m[39m
2026-09-09T17:19:51.2095218Z    [33m[2m✓[22m[39m complete hero through Main's package representation[2m > [22mround trips the exact generator and processor identities alongside the full editable hero [33m5240[2mms[22m[39m
2026-09-09T17:19:51.2098600Z    [33m[2m✓[22m[39m complete hero through Main's package representation[2m > [22mleaves a legacy plan's unknown generator explicit while identifying its current compiler [33m1496[2mms[22m[39m
2026-09-09T17:19:51.2112942Z    [33m[2m✓[22m[39m complete hero through Main's package representation[2m > [22mrejects changed build provenance even with newly signed manifest hashes [33m2842[2mms[22m[39m
2026-09-09T17:19:51.2115523Z    [33m[2m✓[22m[39m complete hero through Main's package representation[2m > [22mrejects missing build provenance even with newly signed manifest hashes [33m2799[2mms[22m[39m
2026-09-09T17:19:51.2118340Z    [33m[2m✓[22m[39m complete hero through Main's package representation[2m > [22mpins a summoned champion and its appearance instead of relying on the server-only baseline [33m3560[2mms[22m[39m
2026-09-09T17:19:51.2123193Z    [33m[2m✓[22m[39m complete hero through Main's package representation[2m > [22mcarries original slot requirements and author notes through ZIP without turning them into verdicts [33m4921[2mms[22m[39m
2026-09-09T17:19:51.2126854Z    [33m[2m✓[22m[39m complete hero through Main's package representation[2m > [22mpins authored subtype calls, compiles them once and rejects missing or changed dependencies [33m3145[2mms[22m[39m
2026-09-09T17:19:51.2130983Z    [33m[2m✓[22m[39m complete hero through Main's package representation[2m > [22mround trips source text, repeated products, locks and six compiled slots through the existing validator [33m4676[2mms[22m[39m
2026-09-09T17:19:51.2134568Z    [33m[2m✓[22m[39m complete hero through Main's package representation[2m > [22mrejects runtime drift even after an attacker recomputes the outer digest [33m2797[2mms[22m[39m
2026-09-09T17:19:51.2138211Z    [33m[2m✓[22m[39m complete hero through Main's package representation[2m > [22mrejects dependency drift even after an attacker recomputes the outer digest [33m3101[2mms[22m[39m
2026-09-09T17:19:51.2141600Z    [33m[2m✓[22m[39m complete hero through Main's package representation[2m > [22mrejects root drift even after an attacker recomputes the outer digest [33m2485[2mms[22m[39m
2026-09-09T17:19:51.2144894Z    [33m[2m✓[22m[39m complete hero through Main's package representation[2m > [22mrejects simulation drift even after an attacker recomputes the outer digest [33m2882[2mms[22m[39m
2026-09-09T17:19:51.2148636Z    [33m[2m✓[22m[39m complete hero through Main's package representation[2m > [22mrejects missing drift even after an attacker recomputes the outer digest [33m2592[2mms[22m[39m
2026-09-09T17:19:51.2151311Z    [33m[2m✓[22m[39m complete hero through Main's package representation[2m > [22mrejects scope drift even after an attacker recomputes the outer digest [33m1285[2mms[22m[39m
2026-09-09T17:19:51.2154185Z    [33m[2m✓[22m[39m complete hero through Main's package representation[2m > [22mrejects manifest drift even after an attacker recomputes the outer digest [33m2778[2mms[22m[39m
2026-09-09T17:19:51.2156922Z    [33m[2m✓[22m[39m complete hero through Main's package representation[2m > [22mrejects changed server defaults instead of silently recompiling the approved version [33m1519[2mms[22m[39m
2026-09-09T17:19:52.4948404Z  [32m✓[39m src/content/schema/newKindShape.test.ts [2m([22m[2m3 tests[22m[2m)[22m[90m 13[2mms[22m[39m
2026-09-09T17:19:52.7934628Z  [32m✓[39m src/content/speedGrowthTiers.test.ts [2m([22m[2m2 tests[22m[2m)[22m[33m 2459[2mms[22m[39m
2026-09-09T17:19:52.7937107Z    [33m[2m✓[22m[39m 速度成長五級距（owner 2026-08-21）[2m > [22m② 級別與原值不同的那一位，註冊表上跑的是**級別** —— 接縫真的接上了 [33m395[2mms[22m[39m
2026-09-09T17:19:55.2388824Z  [32m✓[39m src/sim/displaceCueContract.test.ts [2m([22m[2m4 tests[22m[2m)[22m[33m 2168[2mms[22m[39m
2026-09-09T17:19:55.9893852Z  [32m✓[39m src/content/schema/hookAuthoringVocabulary.test.ts [2m([22m[2m12 tests[22m[2m)[22m[90m 57[2mms[22m[39m
2026-09-09T17:19:56.6186482Z  [32m✓[39m src/sim/effects/comboFinisherShowcase.test.ts [2m([22m[2m3 tests[22m[2m)[22m[33m 2568[2mms[22m[39m
2026-09-09T17:19:56.6662387Z  [32m✓[39m src/sim/effects/abanTwoStrike.test.ts [2m([22m[2m3 tests[22m[2m)[22m[33m 2222[2mms[22m[39m
2026-09-09T17:19:56.6664437Z    [33m[2m✓[22m[39m 08-04 阿邦快速劍X 是二連技（GH#843 · owner 2026-08-28）[2m > [22m⭐ 印記還在 ⇒ 挨十倍；印記被拔掉 ⇒ 只挨基礎那一發 [33m2217[2mms[22m[39m
2026-09-09T17:19:57.8959648Z  [32m✓[39m src/sim/chaseRange.test.ts [2m([22m[2m9 tests[22m[2m)[22m[33m 634[2mms[22m[39m
2026-09-09T17:19:57.8962305Z    [33m[2m✓[22m[39m chase stops at ATTACK RANGE, not body contact[2m > [22mmelee never halts in the old dead band — every approach phase connects [33m405[2mms[22m[39m
2026-09-09T17:19:59.5872422Z  [32m✓[39m src/ops/laneYCommitRefHookMounted.test.ts [2m([22m[2m6 tests[22m[2m)[22m[33m 2557[2mms[22m[39m
2026-09-09T17:19:59.5960054Z    [33m[2m✓[22m[39m commit 訊息閘：掛上去了，而且兩個方向都對[2m > [22m② ⭐ 該放的放得過 —— 正確寫法 · 真票號 · 不是 commit 的指令 [33m1103[2mms[22m[39m
2026-09-09T17:19:59.5965920Z    [33m[2m✓[22m[39m commit 訊息閘：掛上去了，而且兩個方向都對[2m > [22m①⭐ 三條**安靜地**放行的路,現在擋下或出聲 [33m375[2mms[22m[39m
2026-09-09T17:19:59.5969105Z    [33m[2m✓[22m[39m commit 訊息閘：掛上去了，而且兩個方向都對[2m > [22m②⭐ 該放的仍然放得過 —— ⛔ 一條都不可以誤擋 [33m363[2mms[22m[39m
2026-09-09T17:20:00.7049714Z  [32m✓[39m src/content/templates/simCapabilityDrift.test.ts [2m([22m[2m5 tests[22m[2m)[22m[90m 14[2mms[22m[39m
2026-09-09T17:20:01.8073507Z  [32m✓[39m src/content/periodicFieldAdoptionBlocker.test.ts [2m([22m[2m2 tests[22m[2m)[22m[90m 80[2mms[22m[39m
2026-09-09T17:20:01.8119087Z  [32m✓[39m src/sim/tridentBuffRatio.test.ts [2m([22m[2m3 tests[22m[2m)[22m[33m 2437[2mms[22m[39m
2026-09-09T17:20:02.2804014Z  [32m✓[39m src/ops/redisSnapshotBeforeShutdown.test.ts [2m([22m[2m3 tests[22m[2m)[22m[90m 80[2mms[22m[39m
2026-09-09T17:20:03.3446322Z  [32m✓[39m src/sim/bossAggroRank.test.ts [2m([22m[2m5 tests[22m[2m)[22m[90m 42[2mms[22m[39m
2026-09-09T17:20:05.8714813Z  [32m✓[39m src/content/semanticRoleMarkup.test.ts [2m([22m[2m2 tests[22m[2m)[22m[33m 2116[2mms[22m[39m
2026-09-09T17:20:07.1806301Z  [32m✓[39m src/content/schema/effects/modelFxStagingDuration.test.ts [2m([22m[2m1 test[22m[2m)[22m[33m 2295[2mms[22m[39m
2026-09-09T17:20:07.6270978Z  [32m✓[39m src/content/schema/effects/fxLongAxisVisibleGeometry.test.ts [2m([22m[2m2 tests[22m[2m)[22m[90m 25[2mms[22m[39m
2026-09-09T17:20:07.9903596Z  [32m✓[39m src/sim/systems/autoFarmWhileMoving.test.ts [2m([22m[2m10 tests[22m[2m)[22m[90m 261[2mms[22m[39m
2026-09-09T17:20:08.9744529Z  [32m✓[39m src/sim/effects/travelingWaveTerminalBurst.test.ts [2m([22m[2m1 test[22m[2m)[22m[90m 69[2mms[22m[39m
2026-09-09T17:20:09.1879493Z  [32m✓[39m src/sim/collision/collision.test.ts [2m([22m[2m11 tests[22m[2m)[22m[90m 31[2mms[22m[39m
2026-09-09T17:20:09.9609810Z  [32m✓[39m src/ops/releaseScript.test.ts [2m([22m[2m4 tests[22m[2m)[22m[33m 368[2mms[22m[39m
2026-09-09T17:20:10.1409810Z  [32m✓[39m src/sim/systems/reflectHook.test.ts [2m([22m[2m4 tests[22m[2m)[22m[90m 39[2mms[22m[39m
2026-09-09T17:20:10.6259418Z  [32m✓[39m src/sim/combatFeel.test.ts [2m([22m[2m17 tests[22m[2m)[22m[90m 27[2mms[22m[39m
2026-09-09T17:20:13.2321083Z  [32m✓[39m src/content/castTimeProse.test.ts [2m([22m[2m3 tests[22m[2m)[22m[33m 1809[2mms[22m[39m
2026-09-09T17:20:14.3229827Z  [32m✓[39m src/ops/shipGateScript.test.ts [2m([22m[2m8 tests[22m[2m)[22m[33m 587[2mms[22m[39m
2026-09-09T17:20:14.3232528Z    [33m[2m✓[22m[39m pnpm ship:check[2m > [22m★ 什麼旗標都不帶 ⇒ base 預設 origin/main,裁剪引擎**真的**被呼叫（2026-08-23:5 次跑閘裁剪 0 次生效） [33m501[2mms[22m[39m
2026-09-09T17:20:14.6671675Z  [32m✓[39m src/content/templates/onAttackCondition.test.ts [2m([22m[2m8 tests[22m[2m)[22m[33m 2920[2mms[22m[39m
2026-09-09T17:20:14.6689534Z    [33m[2m✓[22m[39m 獸矛 —— tpl-on-attack 終於說得出自己的範本[2m > [22m★ 1% 的英雄處決分支真的存在 —— 跑夠多刀就會中 [33m2640[2mms[22m[39m
2026-09-09T17:20:15.7730230Z  [32m✓[39m src/content/lineSweepIsDamageLine.test.ts [2m([22m[2m4 tests[22m[2m)[22m[90m 14[2mms[22m[39m
2026-09-09T17:20:17.0642188Z  [32m✓[39m src/ops/docsCiteRealCommands.test.ts [2m([22m[2m4 tests[22m[2m)[22m[90m 223[2mms[22m[39m
2026-09-09T17:20:21.1910000Z  [32m✓[39m src/content/descriptionClaims.test.ts [2m([22m[2m2 tests[22m[2m)[22m[33m 2608[2mms[22m[39m
2026-09-09T17:20:21.2597057Z  [32m✓[39m src/content/heroForge/communityRefinements/parodyAzazel.test.ts [2m([22m[2m13 tests[22m[2m)[22m[33m 5307[2mms[22m[39m
2026-09-09T17:20:21.2615215Z    [33m[2m✓[22m[39m GH#1132 Azazel approved largest-area reversal and sage-time[2m > [22mkeeps the tested v1 passive, punch, rain and counter payloads for rollback comparison [33m570[2mms[22m[39m
2026-09-09T17:20:21.2622441Z    [33m[2m✓[22m[39m GH#1132 Azazel approved largest-area reversal and sage-time[2m > [22muses the shipped largest radius and excludes targets outside that circle or in another zone [33m322[2mms[22m[39m
2026-09-09T17:20:21.2625452Z    [33m[2m✓[22m[39m GH#1132 Azazel approved largest-area reversal and sage-time[2m > [22mthe trusted importer accepts the current six-slot kit and keeps original descriptions separate [33m2344[2mms[22m[39m
2026-09-09T17:20:23.0109921Z  [32m✓[39m src/content/moveSpeedTiers.test.ts [2m([22m[2m4 tests[22m[2m)[22m[33m 491[2mms[22m[39m
2026-09-09T17:20:23.0111953Z    [33m[2m✓[22m[39m 移速加成五級距 (#789 move-speed-bonus-tiers)[2m > [22m② 載入時解析：註冊之後帶級別的節點 value 就是表上那個數字（技能＋道具＋增益卡） [33m485[2mms[22m[39m
2026-09-09T17:20:24.4352333Z  [32m✓[39m src/sim/stats/resourceStats.test.ts [2m([22m[2m8 tests[22m[2m)[22m[90m 34[2mms[22m[39m
2026-09-09T17:20:28.8239618Z  [32m✓[39m src/sim/spellShieldWholeCast.test.ts [2m([22m[2m4 tests[22m[2m)[22m[33m 2751[2mms[22m[39m
2026-09-09T17:20:31.0712261Z  [32m✓[39m src/sim/auraIncludeSelf.test.ts [2m([22m[2m2 tests[22m[2m)[22m[33m 767[2mms[22m[39m
2026-09-09T17:20:31.5979777Z  [32m✓[39m src/content/regenOutlierOrigin.test.ts [2m([22m[2m3 tests[22m[2m)[22m[90m 4[2mms[22m[39m
2026-09-09T17:20:32.7602237Z  [32m✓[39m src/ops/releaseNotePlayerSectionIsHonest.test.ts [2m([22m[2m3 tests[22m[2m)[22m[33m 842[2mms[22m[39m
2026-09-09T17:20:32.7612628Z    [33m[2m✓[22m[39m 🎮 玩家段落要誠實（GH owner 2026-09-09）[2m > [22m★★ ⭐ **一版真的改到玩家看得到的東西 ⇒ ⛔ 不可以只寫「系統優化更新」** [33m838[2mms[22m[39m
2026-09-09T17:20:35.4650107Z  [32m✓[39m src/sim/combat/penetration.test.ts [2m([22m[2m8 tests[22m[2m)[22m[33m 1266[2mms[22m[39m
2026-09-09T17:20:36.9730690Z  [32m✓[39m src/sim/manualTargetPriority.test.ts [2m([22m[2m4 tests[22m[2m)[22m[90m 68[2mms[22m[39m
2026-09-09T17:20:38.3380065Z  [32m✓[39m src/content/schema/config/configUnionCoversDirectory.test.ts [2m([22m[2m5 tests[22m[2m)[22m[90m 114[2mms[22m[39m
2026-09-09T17:20:39.6511819Z  [32m✓[39m src/sim/combat/lethalSave.test.ts [2m([22m[2m4 tests[22m[2m)[22m[90m 39[2mms[22m[39m
2026-09-09T17:20:40.0737059Z  [32m✓[39m src/ops/bricksComplete.test.ts [2m([22m[2m3 tests[22m[2m)[22m[90m 6[2mms[22m[39m
2026-09-09T17:20:41.7149909Z  [32m✓[39m src/content/communityRoom.test.ts [2m([22m[2m6 tests[22m[2m)[22m[33m 18667[2mms[22m[39m
2026-09-09T17:20:41.7152239Z    [33m[2m✓[22m[39m admits a generated counterpart with its approved work without adding a second roster choice [33m2245[2mms[22m[39m
2026-09-09T17:20:41.7179337Z    [33m[2m✓[22m[39m loads approved heroes into an immutable match snapshot without mutating the release base [33m1045[2mms[22m[39m
2026-09-09T17:20:41.7183160Z    [33m[2m✓[22m[39m loads different versions of the same template in one room without sharing mutable definitions [33m3602[2mms[22m[39m
2026-09-09T17:20:41.7185684Z    [33m[2m✓[22m[39m rejects stale dependencies, stale engines, duplicate works, wrong approval hashes, and missing archives [33m639[2mms[22m[39m
2026-09-09T17:20:41.7188127Z    [33m[2m✓[22m[39m rejects a corrupted archive and a forged room manifest before installing content [33m665[2mms[22m[39m
2026-09-09T17:20:41.7190367Z    [33m[2m✓[22m[39m loads package-local uploaded model bindings and shares identical models across approved heroes [33m4674[2mms[22m[39m
2026-09-09T17:20:42.4349659Z  [32m✓[39m src/content/selfCastRange.test.ts [2m([22m[2m5 tests[22m[2m)[22m[90m 250[2mms[22m[39m
2026-09-09T17:20:42.5185794Z [90mstderr[2m | src/sim/exAbilitiesShipped.test.ts[2m > [22m[2mEX 空殼守衛：出貨 JSON 施放之後玩家真的拿得到[2m > [22m[2m② 20-002：反彈成功之後，攻擊者要在後續多個 tick 繼續中刀（七連斬真的落地）
2026-09-09T17:20:42.5209102Z [22m[39m[spawnModelFx] 節點缺 path（preset=tpl-locust-strike）—— 模板沒有被解析，這一發不會有任何模型。
2026-09-09T17:20:42.5210115Z 
2026-09-09T17:20:42.5211398Z  [32m✓[39m src/sim/exAbilitiesShipped.test.ts [2m([22m[2m2 tests[22m[2m)[22m[33m 940[2mms[22m[39m
2026-09-09T17:20:42.9039953Z  [32m✓[39m src/ops/handWrittenAbilitiesRatchet.test.ts [2m([22m[2m3 tests[22m[2m)[22m[90m 4[2mms[22m[39m
2026-09-09T17:20:45.4074541Z  [32m✓[39m src/content/voxelSkin/paint.test.ts [2m([22m[2m12 tests[22m[2m)[22m[33m 2049[2mms[22m[39m
2026-09-09T17:20:45.4078797Z    [33m[2m✓[22m[39m paintVoxelAtlas[2m > [22mcovers every hair / eye / mouth / top / leg style without a hole [33m1644[2mms[22m[39m
2026-09-09T17:20:46.6332407Z  [32m✓[39m src/sim/counterAxes.test.ts [2m([22m[2m5 tests[22m[2m)[22m[90m 71[2mms[22m[39m
2026-09-09T17:20:47.4090461Z ⛔ 不認得的模式 'lokc' —— 只有 lock|unlock|status|doctor（別名 --doctor）。
2026-09-09T17:20:47.4100296Z    ⚠️ 在此之前這裡會**靜靜跑 unlock 並 exit 0**（GH#815）。
2026-09-09T17:20:47.4102995Z  [32m✓[39m src/ops/quarantineOrphansAndEntrypoints.test.ts [2m([22m[2m5 tests[22m[2m)[22m[33m 4570[2mms[22m[39m
2026-09-09T17:20:47.4108132Z    [33m[2m✓[22m[39m 隔離區體檢 --doctor (quarantine-orphans-and-entrypoints)[2m > [22m⑤ 欄位級擁有權是**量出來的**（field-io.json 過期就紅 —— GH#827） [33m4289[2mms[22m[39m
2026-09-09T17:20:47.9811993Z  [32m✓[39m src/sim/combat/blockVfxShippedAbility.test.ts [2m([22m[2m5 tests[22m[2m)[22m[90m 56[2mms[22m[39m
2026-09-09T17:20:50.3279689Z  [32m✓[39m src/content/abilityMirrorSemantic.test.ts [2m([22m[2m4 tests[22m[2m)[22m[33m 1273[2mms[22m[39m
2026-09-09T17:20:50.3322007Z    [33m[2m✓[22m[39m ② 58-02 鋼鐵尾巴：卡面說的事真的會發生（出貨內容 · 出貨普攻路徑 · 固定種子）[2m > [22mW 1 階：普攻依機率追加非普攻來源的傷害並把目標按住；0 階：兩者都是 0（兩個方向） [33m830[2mms[22m[39m
2026-09-09T17:20:51.1790548Z  [32m✓[39m src/content/buildIndexesValidates.test.ts [2m([22m[2m5 tests[22m[2m)[22m[33m 54111[2mms[22m[39m
2026-09-09T17:20:51.1793678Z    [33m[2m✓[22m[39m pnpm content:build 先驗證再寫入 (build-indexes-validates)[2m > [22m乾淨的樹會通過 —— 沒有這一條,下面那條可能只是它永遠都失敗 [33m17181[2mms[22m[39m
2026-09-09T17:20:51.1812112Z    [33m[2m✓[22m[39m pnpm content:build 先驗證再寫入 (build-indexes-validates)[2m > [22m★ 超過上界的欄位讓 build 失敗,而且訊息指名那個檔與那個欄位 [33m20282[2mms[22m[39m
2026-09-09T17:20:51.1814942Z    [33m[2m✓[22m[39m pnpm content:build 先驗證再寫入 (build-indexes-validates)[2m > [22m★ 驗證失敗時索引與 bundle 完全沒有被改動 [33m4625[2mms[22m[39m
2026-09-09T17:20:51.1817321Z    [33m[2m✓[22m[39m pnpm content:build 先驗證再寫入 (build-indexes-validates)[2m > [22m★ 上架技能的 effects 空了會讓 build 失敗,而且訊息指名那一支 [33m5448[2mms[22m[39m
2026-09-09T17:20:51.1819721Z    [33m[2m✓[22m[39m pnpm content:build 先驗證再寫入 (build-indexes-validates)[2m > [22m★ 第一次見到的集合也要驗,失敗要指名那個檔與那個欄位,而且 bundle 不動 [33m5030[2mms[22m[39m
2026-09-09T17:20:51.5370147Z  [32m✓[39m src/sim/abilities/abilityAugmentCastAndScope.test.ts [2m([22m[2m3 tests[22m[2m)[22m[90m 39[2mms[22m[39m
2026-09-09T17:20:52.1061167Z  [32m✓[39m src/sim/bloodTemple.test.ts [2m([22m[2m2 tests[22m[2m)[22m[33m 2572[2mms[22m[39m
2026-09-09T17:20:52.5360087Z [90mstderr[2m | src/sim/effects/avalonExFollowup.test.ts[2m > [22m[2m理想鄉反彈成功 → EX 的追打（GH#974）[2m > [22m[2m★★ ⭐ 方向①【EX 解鎖】反彈成功 ⇒ 追打真的排出來（20-002 的 17 段靠它）
2026-09-09T17:20:52.5405997Z [22m[39m[spawnModelFx] 節點缺 path（preset=tpl-locust-strike）—— 模板沒有被解析，這一發不會有任何模型。
2026-09-09T17:20:52.5438775Z 
2026-09-09T17:20:52.5449419Z [90mstderr[2m | src/sim/effects/avalonExFollowup.test.ts[2m > [22m[2m理想鄉反彈成功 → EX 的追打（GH#974）[2m > [22m[2m★★ ⭐ 方向②【EX 未解鎖】⇒ ⛔ 不可以有追打（⚠️ 否則上一條對解鎖與否是瞎的）
2026-09-09T17:20:52.5468744Z [22m[39m[spawnModelFx] 節點缺 path（preset=tpl-locust-strike）—— 模板沒有被解析，這一發不會有任何模型。
2026-09-09T17:20:52.5499625Z 
2026-09-09T17:20:52.5553818Z  [32m✓[39m src/sim/effects/avalonExFollowup.test.ts [2m([22m[2m2 tests[22m[2m)[22m[90m 47[2mms[22m[39m
2026-09-09T17:20:52.6773604Z  [32m✓[39m src/ops/regenOutlierRegister.test.ts [2m([22m[2m3 tests[22m[2m)[22m[90m 38[2mms[22m[39m
2026-09-09T17:20:53.9400545Z  [32m✓[39m src/sim/effects/spendHealth.test.ts [2m([22m[2m19 tests[22m[2m)[22m[90m 85[2mms[22m[39m
2026-09-09T17:20:54.0307625Z  [32m✓[39m src/sim/economy/weaponTiers.test.ts [2m([22m[2m11 tests[22m[2m)[22m[90m 16[2mms[22m[39m
2026-09-09T17:20:54.8148756Z  [32m✓[39m src/content/shippedBundleIsCurrent.test.ts [2m([22m[2m4 tests[22m[2m)[22m[33m 1689[2mms[22m[39m
2026-09-09T17:20:54.8179611Z    [33m[2m✓[22m[39m 出貨的 content/bundle.json 必須是最新的[2m > [22m★ 每一份文件的雜湊都跟原始檔重建的結果一致（否則玩家收到舊內容） [33m1469[2mms[22m[39m
2026-09-09T17:20:56.0941746Z  [32m✓[39m src/ops/presentationReceiptFresh.test.ts [2m([22m[2m6 tests[22m[2m)[22m[33m 1649[2mms[22m[39m
2026-09-09T17:20:56.0959274Z    [33m[2m✓[22m[39m 演出契約收據（Codex C）[2m > [22m⭐ `--check` 是綠的（紅了不要改收據：跑 `pnpm receipt:build` 然後 git add） [33m1629[2mms[22m[39m
2026-09-09T17:20:56.4633118Z  [32m✓[39m src/content/w3xDummyModelWiring.test.ts [2m([22m[2m2 tests[22m[2m)[22m[90m 144[2mms[22m[39m
2026-09-09T17:20:56.5082757Z  [32m✓[39m src/sim/mobs.schedule.test.ts [2m([22m[2m11 tests[22m[2m)[22m[33m 965[2mms[22m[39m
2026-09-09T17:20:56.5110430Z    [33m[2m✓[22m[39m the battlefield really fills up — and really empties (the wiring guard)[2m > [22m5 < 7 < 9 in bodies standing, not just in numbers on a config [33m845[2mms[22m[39m
2026-09-09T17:20:56.5641154Z  [32m✓[39m src/content/championBodyScale.test.ts [2m([22m[2m5 tests[22m[2m)[22m[90m 54[2mms[22m[39m
2026-09-09T17:20:57.6686588Z  [32m✓[39m src/ops/todoDoneBeaconsHaveEmitters.test.ts [2m([22m[2m4 tests[22m[2m)[22m[90m 16[2mms[22m[39m
2026-09-09T17:20:57.8720383Z  [32m✓[39m src/sim/effects/travelingWaveAdvance.test.ts [2m([22m[2m1 test[22m[2m)[22m[90m 103[2mms[22m[39m
2026-09-09T17:20:58.9489777Z  [32m✓[39m src/sim/effects/lane1Kinds.test.ts [2m([22m[2m4 tests[22m[2m)[22m[90m 36[2mms[22m[39m
2026-09-09T17:21:00.1309699Z  [32m✓[39m src/sim/abilities/toggle.test.ts [2m([22m[2m3 tests[22m[2m)[22m[90m 75[2mms[22m[39m
2026-09-09T17:21:00.2845830Z  [32m✓[39m src/sim/mobs.control.test.ts [2m([22m[2m2 tests[22m[2m)[22m[33m 1249[2mms[22m[39m
2026-09-09T17:21:00.2852965Z    [33m[2m✓[22m[39m 喪標麥可小怪的控場量測 (#271)[2m > [22m第 9 場 30 秒滿載殭屍：玩家被殭屍控住 0 tick、被減速 0 tick [33m1077[2mms[22m[39m
2026-09-09T17:21:00.6197264Z  [32m✓[39m src/sim/spellShieldOneShot.test.ts [2m([22m[2m3 tests[22m[2m)[22m[33m 2412[2mms[22m[39m
2026-09-09T17:21:01.6254264Z  [32m✓[39m src/sim/facingConfig.test.ts [2m([22m[2m7 tests[22m[2m)[22m[90m 67[2mms[22m[39m
2026-09-09T17:21:01.6953326Z  [32m✓[39m src/sim/mobLevelCurve.test.ts [2m([22m[2m7 tests[22m[2m)[22m[90m 9[2mms[22m[39m
2026-09-09T17:21:01.8260133Z  [32m✓[39m src/sim/combat/typeStreakImmunity.test.ts [2m([22m[2m5 tests[22m[2m)[22m[90m 40[2mms[22m[39m
2026-09-09T17:21:02.0795870Z  [32m✓[39m src/ops/reviewTriage.test.ts [2m([22m[2m4 tests[22m[2m)[22m[90m 35[2mms[22m[39m
2026-09-09T17:21:02.3169695Z  [32m✓[39m src/voxel/look.test.ts [2m([22m[2m16 tests[22m[2m)[22m[90m 58[2mms[22m[39m
2026-09-09T17:21:02.6619971Z  [32m✓[39m src/content/tierRawParity.test.ts [2m([22m[2m1 test[22m[2m)[22m[90m 90[2mms[22m[39m
2026-09-09T17:21:02.9693234Z  [32m✓[39m src/sim/cooldownFloor.test.ts [2m([22m[2m6 tests[22m[2m)[22m[90m 34[2mms[22m[39m
2026-09-09T17:21:04.2320348Z  [32m✓[39m src/sim/damageRules.test.ts [2m([22m[2m5 tests[22m[2m)[22m[90m 49[2mms[22m[39m
2026-09-09T17:21:04.9546999Z  [32m✓[39m src/ops/composeBindSourcesTracked.test.ts [2m([22m[2m2 tests[22m[2m)[22m[33m 336[2mms[22m[39m
2026-09-09T17:21:04.9579843Z    [33m[2m✓[22m[39m compose 的 bind 來源都要有人負責（GH#859）[2m > [22m⭐ 每一個 repo 內的 bind 來源，要嘛被 git 追蹤、要嘛被 gitignore —— ⛔ 不可以兩者皆非 [33m333[2mms[22m[39m
2026-09-09T17:21:06.7169669Z  [32m✓[39m src/sim/content/bankaiFormGate.test.ts [2m([22m[2m1 test[22m[2m)[22m[33m 2508[2mms[22m[39m
2026-09-09T17:21:08.8839778Z  [32m✓[39m src/sim/berserkUncontrollable.test.ts [2m([22m[2m2 tests[22m[2m)[22m[33m 2432[2mms[22m[39m
2026-09-09T17:21:09.3683333Z  [32m✓[39m src/content/heroForge/communityRefinements/ioriRecast.test.ts [2m([22m[2m22 tests[22m[2m)[22m[33m 5376[2mms[22m[39m
2026-09-09T17:21:09.3690519Z    [33m[2m✓[22m[39m Iori E: source-authored independent recast inputs[2m > [22mone input only executes one stage at rank 1 [33m487[2mms[22m[39m
2026-09-09T17:21:09.3707110Z    [33m[2m✓[22m[39m Iori E: source-authored independent recast inputs[2m > [22mone input only executes one stage at rank 4 [33m337[2mms[22m[39m
2026-09-09T17:21:09.8469520Z  [32m✓[39m src/sim/effects/fanRotation.test.ts [2m([22m[2m12 tests[22m[2m)[22m[90m 28[2mms[22m[39m
2026-09-09T17:21:10.1649934Z  [32m✓[39m src/content/templatizeEquivalence.test.ts [2m([22m[2m3 tests[22m[2m)[22m[90m 194[2mms[22m[39m
2026-09-09T17:21:10.3492004Z  [32m✓[39m src/content/boneOnVictimContent.test.ts [2m([22m[2m2 tests[22m[2m)[22m[33m 2128[2mms[22m[39m
2026-09-09T17:21:10.9981372Z  [32m✓[39m src/content/templates/resourceCharge.test.ts [2m([22m[2m7 tests[22m[2m)[22m[90m 7[2mms[22m[39m
2026-09-09T17:21:11.5447917Z  [32m✓[39m src/sim/grievousWounds.test.ts [2m([22m[2m4 tests[22m[2m)[22m[90m 49[2mms[22m[39m
2026-09-09T17:21:11.5965813Z  [32m✓[39m src/sim/castabilityVfxOnly.test.ts [2m([22m[2m6 tests[22m[2m)[22m[90m 66[2mms[22m[39m
2026-09-09T17:21:12.0550860Z  [32m✓[39m src/content/import/descriptionTokens.test.ts [2m([22m[2m12 tests[22m[2m)[22m[90m 26[2mms[22m[39m
2026-09-09T17:21:12.9967897Z  [32m✓[39m src/content/locustCrescent.test.ts [2m([22m[2m3 tests[22m[2m)[22m[90m 34[2mms[22m[39m
2026-09-09T17:21:15.8051561Z  [32m✓[39m src/content/dragonStaging.test.ts [2m([22m[2m2 tests[22m[2m)[22m[33m 2165[2mms[22m[39m
2026-09-09T17:21:16.8382370Z  [32m✓[39m src/content/heroForge/communityRefinements/cardVariants.test.ts [2m([22m[2m9 tests[22m[2m)[22m[33m 2316[2mms[22m[39m
2026-09-09T17:21:16.8409683Z    [33m[2m✓[22m[39m GH#1132 wind/tree card switching[2m > [22mrank 1 wind Q damages and pushes the enemy without binding [33m373[2mms[22m[39m
2026-09-09T17:21:16.8430009Z    [33m[2m✓[22m[39m GH#1132 wind/tree card switching[2m > [22mEX only changes its owner's card; tree Q binds instead of dealing the old EX attack [33m506[2mms[22m[39m
2026-09-09T17:21:16.8437021Z    [33m[2m✓[22m[39m GH#1132 wind/tree card switching[2m > [22mcounts wind and tree as different cards while neither switching nor repeating a card adds links [33m367[2mms[22m[39m
2026-09-09T17:21:17.0100082Z  [32m✓[39m src/content/projectileElement.test.ts [2m([22m[2m5 tests[22m[2m)[22m[90m 50[2mms[22m[39m
2026-09-09T17:21:17.0964633Z  [32m✓[39m src/ops/traceSingleStep.test.ts [2m([22m[2m4 tests[22m[2m)[22m[33m 5704[2mms[22m[39m
2026-09-09T17:21:17.0969721Z    [33m[2m✓[22m[39m trace.mjs --script <一步> (trace-single-step, GH#1034)[2m > [22m① 單步 ⇒ 只動那一步（聯集 ＋ 日期戳→glob），其餘步驟逐位元組不變 [33m958[2mms[22m[39m
2026-09-09T17:21:17.0972002Z    [33m[2m✓[22m[39m trace.mjs --script <一步> (trace-single-step, GH#1034)[2m > [22m② 量到 0 讀 ⇒ 非零離開、檔案一個位元組不動、訊息指名；--allow-empty-reads 帶理由才放行 [33m428[2mms[22m[39m
2026-09-09T17:21:17.0974296Z    [33m[2m✓[22m[39m trace.mjs --script <一步> (trace-single-step, GH#1034)[2m > [22m③ 沙盒陳舊＝依賴指紋（GH#1056）：只改 script（＋新來源檔）⇒ 重用且同步進去；改依賴 ⇒ 重建 [33m2443[2mms[22m[39m
2026-09-09T17:21:17.0976605Z    [33m[2m✓[22m[39m trace.mjs --script <一步> (trace-single-step, GH#1034)[2m > [22m④ genrun 的對帳快照對探針隱形（GH#1056）：走 genrun 的步驟，reads 只有它真的讀的、writes 不含鎖檔 [33m1873[2mms[22m[39m
2026-09-09T17:21:17.8638546Z  [32m✓[39m src/ops/clientContentImports.test.ts [2m([22m[2m1 test[22m[2m)[22m[33m 343[2mms[22m[39m
2026-09-09T17:21:17.8640355Z    [33m[2m✓[22m[39m 客戶端跨界 import 進 content/ 的檔案（GH#437）[2m > [22m每一份都在 edge 的建置脈絡裡，且沒有多餘的 COPY [33m341[2mms[22m[39m
2026-09-09T17:21:19.0428350Z  [32m✓[39m src/sim/economy/shopAccess.test.ts [2m([22m[2m10 tests[22m[2m)[22m[90m 34[2mms[22m[39m
2026-09-09T17:21:19.1242694Z  [32m✓[39m src/sim/effects/ccImmunityCoversMissChance.test.ts [2m([22m[2m3 tests[22m[2m)[22m[33m 727[2mms[22m[39m
2026-09-09T17:21:20.2244918Z  [32m✓[39m src/ops/knobValueNotRestated.test.ts [2m([22m[2m2 tests[22m[2m)[22m[33m 2708[2mms[22m[39m
2026-09-09T17:21:20.2254967Z    [33m[2m✓[22m[39m 編輯器契約只描述原始資料[2m > [22m⛔ docs/editor-contract 裡一處系統倍率都不可以有 [33m2705[2mms[22m[39m
2026-09-09T17:21:20.2549845Z  [32m✓[39m src/sim/abilities/statusCost.test.ts [2m([22m[2m9 tests[22m[2m)[22m[90m 52[2mms[22m[39m
2026-09-09T17:21:20.3128568Z  [32m✓[39m src/sim/effects/devour.test.ts [2m([22m[2m5 tests[22m[2m)[22m[90m 46[2mms[22m[39m
2026-09-09T17:21:20.6550026Z  [32m✓[39m src/content/import/manifestPathSegments.test.ts [2m([22m[2m3 tests[22m[2m)[22m[90m 28[2mms[22m[39m
2026-09-09T17:21:21.7014863Z  [32m✓[39m src/sim/aimPriority.test.ts [2m([22m[2m8 tests[22m[2m)[22m[90m 40[2mms[22m[39m
2026-09-09T17:21:21.9218058Z  [32m✓[39m src/content/locustTornadoElemental.test.ts [2m([22m[2m2 tests[22m[2m)[22m[90m 23[2mms[22m[39m
2026-09-09T17:21:23.2265893Z  [32m✓[39m src/sim/systems/lolCommandDetails.test.ts [2m([22m[2m5 tests[22m[2m)[22m[90m 74[2mms[22m[39m
2026-09-09T17:21:23.2482166Z  [32m✓[39m src/content/dummyOrb.test.ts [2m([22m[2m4 tests[22m[2m)[22m[90m 41[2mms[22m[39m
2026-09-09T17:21:23.6629809Z  [32m✓[39m src/ops/laneDOCSContractSilence.test.ts [2m([22m[2m2 tests[22m[2m)[22m[90m 38[2mms[22m[39m
2026-09-09T17:21:25.0096049Z  [32m✓[39m src/content/ownerGeometryRulings.test.ts [2m([22m[2m2 tests[22m[2m)[22m[33m 2785[2mms[22m[39m
2026-09-09T17:21:25.0099067Z    [33m[2m✓[22m[39m 產生器的 `rng` 接縫是活的（common.py SPEC_OWNED）[2m > [22m改 hero 檔的施法距離級別，重生成的 JSON 要跟著動 [33m526[2mms[22m[39m
2026-09-09T17:21:25.1234863Z  [32m✓[39m src/ops/visualProofScript.test.ts [2m([22m[2m3 tests[22m[2m)[22m[33m 1083[2mms[22m[39m
2026-09-09T17:21:25.1236882Z    [33m[2m✓[22m[39m scripts/visual-proof.sh[2m > [22m未追蹤的證據算數（但要說出來），沒有證據仍然紅，空殼標記仍然被指名 [33m358[2mms[22m[39m
2026-09-09T17:21:25.1239325Z    [33m[2m✓[22m[39m scripts/visual-proof.sh[2m > [22m--new 蓋的 HEAD 撈得到；骨架不算證據；報告沒寫 HEAD ⇒ 大聲指名（strict 才擋） [33m575[2mms[22m[39m
2026-09-09T17:21:25.8492852Z  [32m✓[39m src/ops/w3xFilterModeContract.test.ts [2m([22m[2m8 tests[22m[2m)[22m[90m 14[2mms[22m[39m
2026-09-09T17:21:25.9086258Z  [32m✓[39m src/sim/daggerGodieI039.test.ts [2m([22m[2m2 tests[22m[2m)[22m[33m 1178[2mms[22m[39m
2026-09-09T17:21:25.9109401Z    [33m[2m✓[22m[39m 幻之匕首 [普通攻擊時] 3%機率造成敵方 20%生命傷害[2m > [22ma real auto-attack duel procs it, and each chunk is hpPct × the victim's CURRENT hp [33m536[2mms[22m[39m
2026-09-09T17:21:27.2302701Z  [32m✓[39m src/sim/aimHoldCadence.test.ts [2m([22m[2m4 tests[22m[2m)[22m[90m 38[2mms[22m[39m
2026-09-09T17:21:27.6087216Z  [32m✓[39m src/sim/content/conditionStatusTag.test.ts [2m([22m[2m5 tests[22m[2m)[22m[33m 409[2mms[22m[39m
2026-09-09T17:21:27.6120239Z    [33m[2m✓[22m[39m 目標身上有某一類狀態時[2m > [22m★ ⑤ tags 是從 `status-effect@1` 文件經 `registerAll` 送進 sim 的 [33m351[2mms[22m[39m
2026-09-09T17:21:27.6849891Z  [32m✓[39m src/content/schema/config/controllerScheme.test.ts [2m([22m[2m9 tests[22m[2m)[22m[90m 32[2mms[22m[39m
2026-09-09T17:21:27.9449447Z  [32m✓[39m src/content/remadeMechanismsLanded.test.ts [2m([22m[2m1 test[22m[2m)[22m[90m 5[2mms[22m[39m
2026-09-09T17:21:28.1749803Z  [32m✓[39m src/ops/miniDeployStopsOnBuildFailure.test.ts [2m([22m[2m3 tests[22m[2m)[22m[90m 103[2mms[22m[39m
2026-09-09T17:21:29.2349986Z  [32m✓[39m src/content/animPulseSingleHome.test.ts [2m([22m[2m5 tests[22m[2m)[22m[33m 825[2mms[22m[39m
2026-09-09T17:21:29.2379135Z    [33m[2m✓[22m[39m 動作脈衝的詞彙表只有一個住處（GH#940）[2m > [22m⭐ 出貨原始碼裡沒有第二份手抄的脈衝聯集 [33m433[2mms[22m[39m
2026-09-09T17:21:29.2409115Z    [33m[2m✓[22m[39m 動作脈衝的詞彙表只有一個住處（GH#940）[2m > [22m⭐⭐ **狀態格**那一軸也只有一個住處（2026-09-02 剛從六個收成一個） [33m388[2mms[22m[39m
2026-09-09T17:21:29.2929574Z  [32m✓[39m src/content/displacementTiers.test.ts [2m([22m[2m6 tests[22m[2m)[22m[90m 123[2mms[22m[39m
2026-09-09T17:21:29.4860370Z  [32m✓[39m src/sim/effects/gonGuessPunch.test.ts [2m([22m[2m5 tests[22m[2m)[22m[33m 2655[2mms[22m[39m
2026-09-09T17:21:29.4885237Z    [33m[2m✓[22m[39m GH#1020 小傑 06-00 猜猜拳 —— 三個距離變體 ＋ 山形修煉的加強 ＋ 殺意的追加[2m > [22m① 近距離 = 石頭：主目標挨打且被擊飛，遠處的旁觀者一根毛都沒掉 [33m2613[2mms[22m[39m
2026-09-09T17:21:30.5924049Z  [32m✓[39m src/sim/effects/casterScopedStatus.test.ts [2m([22m[2m12 tests[22m[2m)[22m[90m 76[2mms[22m[39m
2026-09-09T17:21:30.8100017Z  [32m✓[39m src/content/tierFlatExclusive.test.ts [2m([22m[2m4 tests[22m[2m)[22m[90m 6[2mms[22m[39m
2026-09-09T17:21:30.9173079Z  [32m✓[39m src/sim/combat/attackStickiness.test.ts [2m([22m[2m3 tests[22m[2m)[22m[33m 419[2mms[22m[39m
2026-09-09T17:21:31.3476600Z  [32m✓[39m src/ops/agentsMdIsHonest.test.ts [2m([22m[2m3 tests[22m[2m)[22m[33m 380[2mms[22m[39m
2026-09-09T17:21:32.1251195Z  [32m✓[39m src/sim/economy/offerCraftRoleGate.test.ts [2m([22m[2m3 tests[22m[2m)[22m[90m 12[2mms[22m[39m
2026-09-09T17:21:33.2855906Z [90mstderr[2m | src/sim/effects/avalonReflectFeedback.test.ts[2m > [22m[2m#549 理想鄉反彈成功的視覺回饋[2m > [22m[2m★ 只點 R（⛔ 沒有 EX）反彈成功 → 爆炸長在**被反彈者**身上、兩邊都閃、全場震
2026-09-09T17:21:33.2861341Z [22m[39m[spawnModelFx] 節點缺 path（preset=tpl-locust-strike）—— 模板沒有被解析，這一發不會有任何模型。
2026-09-09T17:21:33.2862064Z 
2026-09-09T17:21:33.2910289Z  [32m✓[39m src/sim/effects/avalonReflectFeedback.test.ts [2m([22m[2m1 test[22m[2m)[22m[90m 30[2mms[22m[39m
2026-09-09T17:21:34.5639296Z  [32m✓[39m src/sim/effects/spawnVfx.test.ts [2m([22m[2m6 tests[22m[2m)[22m[90m 15[2mms[22m[39m
2026-09-09T17:21:34.7359933Z  [32m✓[39m src/sim/effects/devourPassiveIcd.test.ts [2m([22m[2m2 tests[22m[2m)[22m[33m 2043[2mms[22m[39m
2026-09-09T17:21:35.2125227Z [90mstdout[2m | src/ops/damageOriginBuckets.test.ts[2m > [22m[2m閘③：傷害分桶涵蓋 100%（GH#1030 假前提 #4）[2m > [22m[2m動態：真的對局裡每一發 damage 都落桶，Σ桶 = Σ全部，技能／普攻／被動三桶各自非空
2026-09-09T17:21:35.2134850Z [22m[39m[GH#1030 閘③] 三桶以上：{"basic":2471.641579389323,"ability":748.1814770344341,"passive":48103.97259800268}
2026-09-09T17:21:35.2208850Z 
2026-09-09T17:21:35.2236099Z  [32m✓[39m src/ops/damageOriginBuckets.test.ts [2m([22m[2m2 tests[22m[2m)[22m[33m 2293[2mms[22m[39m
2026-09-09T17:21:35.9390171Z  [32m✓[39m src/map/backdrop.test.ts [2m([22m[2m8 tests[22m[2m)[22m[90m 187[2mms[22m[39m
2026-09-09T17:21:37.1160260Z  [32m✓[39m src/ops/transformRetireGate.test.ts [2m([22m[2m1 test[22m[2m)[22m[90m 99[2mms[22m[39m
2026-09-09T17:21:37.2513924Z  [32m✓[39m src/sim/immobileGrant.test.ts [2m([22m[2m3 tests[22m[2m)[22m[33m 758[2mms[22m[39m
2026-09-09T17:21:38.3642581Z  [32m✓[39m src/content/shippedModelFxAbilities.test.ts [2m([22m[2m2 tests[22m[2m)[22m[33m 2031[2mms[22m[39m
2026-09-09T17:21:38.7587104Z [90mstdout[2m | src/content/statusTagOpenness.test.ts[2m > [22m[2m狀態 tag 的開放架構[2m > [22m[2m沒有跟別的 tag 只差一個字的孤兒 tag（打錯字）；其餘孤兒列出來給人看
2026-09-09T17:21:38.7592625Z [22m[39m[status-tags] 目前獨一無二的類別 tag：combo-mark, drunk, armor-down, physical, auto-target, elemental, recall-anchor, friendly-fire, cooldown, internal-cooldown, self, internal, empower, flee, grail-wish, next-attack, projectile, magic-resist-down, magical, empowered, heal-block, channel, self-lock, toxic, frenzy, lifesteal-up, immobilize, immunity, generic, empowered-next
2026-09-09T17:21:38.7594712Z 
2026-09-09T17:21:38.7595643Z  [32m✓[39m src/content/statusTagOpenness.test.ts [2m([22m[2m3 tests[22m[2m)[22m[90m 18[2mms[22m[39m
2026-09-09T17:21:38.8910387Z  [32m✓[39m src/content/import/validatePackage.test.ts [2m([22m[2m9 tests[22m[2m)[22m[90m 61[2mms[22m[39m
2026-09-09T17:21:39.4379003Z  [32m✓[39m src/content/modelTexture.test.ts [2m([22m[2m3 tests[22m[2m)[22m[90m 18[2mms[22m[39m
2026-09-09T17:21:39.6229961Z  [32m✓[39m src/ops/announceLedgerIsWritten.test.ts [2m([22m[2m2 tests[22m[2m)[22m[33m 517[2mms[22m[39m
2026-09-09T17:21:39.6233692Z    [33m[2m✓[22m[39m Discord 公告發成功就要記帳（owner 2026-09-01：每個版本號都不能跳過）[2m > [22m★ ⭐ 跑真的那一支：發成功 ⇒ `_announced.tsv` 長出這一版（⛔ 不是掃字串） [33m369[2mms[22m[39m
2026-09-09T17:21:40.6696828Z  [32m✓[39m src/sim/effects/modelFxAndCues.test.ts [2m([22m[2m2 tests[22m[2m)[22m[90m 106[2mms[22m[39m
2026-09-09T17:21:41.1729595Z  [32m✓[39m src/content/abilityShadowing.test.ts [2m([22m[2m7 tests[22m[2m)[22m[90m 26[2mms[22m[39m
2026-09-09T17:21:41.3949856Z  [32m✓[39m src/sim/knockbackRoster.test.ts [2m([22m[2m2 tests[22m[2m)[22m[33m 2379[2mms[22m[39m
2026-09-09T17:21:43.2349312Z ⛔ 這支腳本只量測,不寫 content。
2026-09-09T17:21:43.2367701Z    要更新 pitchDeg 請跑：python3 tools/w3x-import/build_pitch.py
2026-09-09T17:21:43.8859488Z  [32m✓[39m src/sim/auraCarrierContent.test.ts [2m([22m[2m2 tests[22m[2m)[22m[33m 1068[2mms[22m[39m
2026-09-09T17:21:43.8910192Z    [33m[2m✓[22m[39m 白木卡迪那 70-00 芬多精 — the shipped aura, delivered by the shipped carrier[2m > [22mSTANDING UP takes it back — the carrier and the +5 % both disappear [33m347[2mms[22m[39m
2026-09-09T17:21:44.8698311Z ⛔ 這支腳本只量測,不寫 content。
2026-09-09T17:21:44.8745978Z    要更新 pitchDeg 請跑：python3 tools/w3x-import/build_pitch.py
2026-09-09T17:21:45.0203353Z  [32m✓[39m src/ops/pitchDerived.test.ts [2m([22m[2m3 tests[22m[2m)[22m[33m 3886[2mms[22m[39m
2026-09-09T17:21:45.0205404Z    [33m[2m✓[22m[39m 仰角 pitchDeg 是推導的,而且只有一個寫入者 (GH#456)[2m > [22m① 出貨的 pitchDeg 還等於現在重算一次的結果 [33m1862[2mms[22m[39m
2026-09-09T17:21:45.0207151Z    [33m[2m✓[22m[39m 仰角 pitchDeg 是推導的,而且只有一個寫入者 (GH#456)[2m > [22m② ⭐ 兩支舊腳本被要求寫 content 時拒絕,而且真的沒動到那個檔 [33m1877[2mms[22m[39m
2026-09-09T17:21:45.4220602Z  [32m✓[39m src/content/weaponTierTables.test.ts [2m([22m[2m3 tests[22m[2m)[22m[90m 12[2mms[22m[39m
2026-09-09T17:21:46.6487320Z  [32m✓[39m src/sim/effects/statusBuffFamily.test.ts [2m([22m[2m3 tests[22m[2m)[22m[90m 71[2mms[22m[39m
2026-09-09T17:21:47.1522501Z  [32m✓[39m src/ops/playerNoteNeverEmpty.test.ts [2m([22m[2m3 tests[22m[2m)[22m[90m 126[2mms[22m[39m
2026-09-09T17:21:49.1320866Z  [32m✓[39m src/content/heroForge/communityRefinements/jotaro.test.ts [2m([22m[2m16 tests[22m[2m)[22m[33m 3729[2mms[22m[39m
2026-09-09T17:21:49.1329930Z    [33m[2m✓[22m[39m Jotaro source-authored precision, guard and local time stop[2m > [22mrank 1 precision caps at three and only the next Q gets a stronger finisher [33m550[2mms[22m[39m
2026-09-09T17:21:49.1332473Z    [33m[2m✓[22m[39m Jotaro source-authored precision, guard and local time stop[2m > [22mrank 4 precision caps at three and only the next Q gets a stronger finisher [33m365[2mms[22m[39m
2026-09-09T17:21:50.6920289Z  [32m✓[39m src/content/castTimeShippedRegistry.test.ts [2m([22m[2m3 tests[22m[2m)[22m[33m 2068[2mms[22m[39m
2026-09-09T17:21:51.2081243Z  [32m✓[39m src/content/emptyCardClaims.test.ts [2m([22m[2m2 tests[22m[2m)[22m[90m 61[2mms[22m[39m
2026-09-09T17:21:51.5130011Z  [32m✓[39m src/sim/gladiariaAlatOnAttack.test.ts [2m([22m[2m1 test[22m[2m)[22m[33m 853[2mms[22m[39m
2026-09-09T17:21:51.9011631Z  [32m✓[39m src/ops/contentCacheShippedPath.test.ts [2m([22m[2m4 tests[22m[2m)[22m[33m 9005[2mms[22m[39m
2026-09-09T17:21:51.9029238Z    [33m[2m✓[22m[39m GH#717 出貨容器那條路[2m > [22m① 承重：CONTENT_DIR 宣告的樹**會**進快取（在此之前它保證 miss 而且靜默） [33m1850[2mms[22m[39m
2026-09-09T17:21:51.9059153Z    [33m[2m✓[22m[39m GH#717 出貨容器那條路[2m > [22m② 沒有宣告過的樹仍然退回,而且**說得出來**(fail-open 沒錯,靜默才是缺陷) [33m1091[2mms[22m[39m
2026-09-09T17:21:51.9069403Z    [33m[2m✓[22m[39m GH#717 出貨容器那條路[2m > [22m③ 真的用**出貨映像的佈局**跑一次 loadContentCached（⓶⓷ 的守衛） [33m5831[2mms[22m[39m
2026-09-09T17:21:52.4545677Z  [32m✓[39m src/sim/stats/attackTypeEnvFactors.test.ts [2m([22m[2m4 tests[22m[2m)[22m[90m 13[2mms[22m[39m
2026-09-09T17:21:52.8310978Z  [32m✓[39m src/content/templateDefaultsHaveOrigin.test.ts [2m([22m[2m4 tests[22m[2m)[22m[90m 58[2mms[22m[39m
2026-09-09T17:21:53.7174321Z  [32m✓[39m src/sim/effects/exOriginStructuralFix.test.ts [2m([22m[2m2 tests[22m[2m)[22m[90m 138[2mms[22m[39m
2026-09-09T17:21:54.0397026Z  [32m✓[39m src/sim/effects/hookChanceFlat.test.ts [2m([22m[2m3 tests[22m[2m)[22m[33m 847[2mms[22m[39m
2026-09-09T17:21:55.1169782Z  [32m✓[39m src/sim/movement.test.ts [2m([22m[2m4 tests[22m[2m)[22m[90m 95[2mms[22m[39m
2026-09-09T17:21:55.5815943Z  [32m✓[39m src/content/loaderQuarantine.test.ts [2m([22m[2m4 tests[22m[2m)[22m[90m 18[2mms[22m[39m
2026-09-09T17:21:55.6519700Z  [32m✓[39m src/voxel/figure.test.ts [2m([22m[2m14 tests[22m[2m)[22m[90m 51[2mms[22m[39m
2026-09-09T17:21:56.0522148Z  [32m✓[39m src/content/balanceAnchors.test.ts [2m([22m[2m3 tests[22m[2m)[22m[90m 48[2mms[22m[39m
2026-09-09T17:21:56.7542720Z  [32m✓[39m src/content/heroForge/planControls.test.ts [2m([22m[2m26 tests[22m[2m)[22m[33m 2708[2mms[22m[39m
2026-09-09T17:21:56.7545159Z    [33m[2m✓[22m[39m hero plan designer controls[2m > [22mequips active innate and passive EX products through their actual mechanisms [33m402[2mms[22m[39m
2026-09-09T17:21:57.2078739Z  [32m✓[39m src/content/locustMonsoonBolt.test.ts [2m([22m[2m2 tests[22m[2m)[22m[90m 37[2mms[22m[39m
2026-09-09T17:21:57.3058213Z  [32m✓[39m src/sim/economy/shop.test.ts [2m([22m[2m5 tests[22m[2m)[22m[90m 16[2mms[22m[39m
2026-09-09T17:21:58.0468284Z  [32m✓[39m src/sim/weakness.test.ts [2m([22m[2m4 tests[22m[2m)[22m[90m 111[2mms[22m[39m
2026-09-09T17:21:58.3449673Z  [32m✓[39m src/ops/messageLedgerScript.test.ts [2m([22m[2m3 tests[22m[2m)[22m[33m 686[2mms[22m[39m
2026-09-09T17:21:58.8841998Z  [32m✓[39m src/ops/crossheroAssetMisbind.test.ts [2m([22m[2m5 tests[22m[2m)[22m[90m 215[2mms[22m[39m
2026-09-09T17:21:58.9579911Z  [32m✓[39m src/ops/liveWriteBoundsMatchSchema.test.ts [2m([22m[2m2 tests[22m[2m)[22m[90m 252[2mms[22m[39m
2026-09-09T17:21:59.3829027Z  [32m✓[39m src/sim/combat/shippedBlockVfxAttaches.test.ts [2m([22m[2m3 tests[22m[2m)[22m[90m 7[2mms[22m[39m
2026-09-09T17:21:59.8349901Z  [32m✓[39m src/content/brickDemandCensus.test.ts [2m([22m[2m4 tests[22m[2m)[22m[90m 82[2mms[22m[39m
2026-09-09T17:21:59.8465290Z  [32m✓[39m src/content/import/effectiveVfxLimitsParity.test.ts [2m([22m[2m5 tests[22m[2m)[22m[90m 19[2mms[22m[39m
2026-09-09T17:21:59.9804071Z  [32m✓[39m src/content/generatorBoundTemplateEquivalence.test.ts [2m([22m[2m3 tests[22m[2m)[22m[90m 27[2mms[22m[39m
2026-09-09T17:22:01.1846942Z  [32m✓[39m src/sim/exclusiveDisarmNegate.test.ts [2m([22m[2m3 tests[22m[2m)[22m[90m 90[2mms[22m[39m
2026-09-09T17:22:01.3289514Z  [32m✓[39m src/sim/fireRingRectZone.test.ts [2m([22m[2m3 tests[22m[2m)[22m[90m 200[2mms[22m[39m
2026-09-09T17:22:01.6438483Z  [32m✓[39m src/content/tierTagCoverage.test.ts [2m([22m[2m6 tests[22m[2m)[22m[90m 28[2mms[22m[39m
2026-09-09T17:22:02.2430093Z  [32m✓[39m src/ops/laneYQuarantineAgreesWithGenguard.test.ts [2m([22m[2m3 tests[22m[2m)[22m[33m 465[2mms[22m[39m
2026-09-09T17:22:03.9961221Z  [32m✓[39m src/content/abilityNoOpEffects.test.ts [2m([22m[2m3 tests[22m[2m)[22m[33m 2431[2mms[22m[39m
2026-09-09T17:22:05.1185303Z  [32m✓[39m src/content/abilityCastClaims.test.ts [2m([22m[2m2 tests[22m[2m)[22m[33m 2072[2mms[22m[39m
2026-09-09T17:22:05.7028624Z  [32m✓[39m src/content/node/assetsInContentVersion.test.ts [2m([22m[2m5 tests[22m[2m)[22m[90m 294[2mms[22m[39m
2026-09-09T17:22:05.9553590Z  [32m✓[39m src/content/templatedEffectsSurvive.test.ts [2m([22m[2m5 tests[22m[2m)[22m[33m 2287[2mms[22m[39m
2026-09-09T17:22:06.6119520Z  [32m✓[39m src/ops/assetS3DocNotStale.test.ts [2m([22m[2m4 tests[22m[2m)[22m[90m 270[2mms[22m[39m
2026-09-09T17:22:07.4469571Z  [32m✓[39m src/content/vfxParticles.test.ts [2m([22m[2m5 tests[22m[2m)[22m[90m 188[2mms[22m[39m
2026-09-09T17:22:07.7987823Z  [32m✓[39m src/sim/effects/shieldBreak.test.ts [2m([22m[2m4 tests[22m[2m)[22m[90m 38[2mms[22m[39m
2026-09-09T17:22:08.3108732Z  [32m✓[39m src/content/negativeBuffPolarity.test.ts [2m([22m[2m4 tests[22m[2m)[22m[90m 20[2mms[22m[39m
2026-09-09T17:22:08.3855021Z  [32m✓[39m src/content/templates/comboFinisherFamily.test.ts [2m([22m[2m5 tests[22m[2m)[22m[90m 12[2mms[22m[39m
2026-09-09T17:22:08.9009428Z  [32m✓[39m src/content/passiveTagHonesty.test.ts [2m([22m[2m3 tests[22m[2m)[22m[33m 2182[2mms[22m[39m
2026-09-09T17:22:09.3837875Z  [32m✓[39m src/content/delistedChampions.test.ts [2m([22m[2m6 tests[22m[2m)[22m[90m 13[2mms[22m[39m
2026-09-09T17:22:09.8246516Z  [32m✓[39m src/sim/perLevelBonus.test.ts [2m([22m[2m5 tests[22m[2m)[22m[90m 24[2mms[22m[39m
2026-09-09T17:22:10.1784663Z  [2m[90m↓[39m[22m src/ops/noStrandedLaneCommits.test.ts [2m([22m[2m2 tests[22m[2m | [22m[33m2 skipped[39m[2m)[22m
2026-09-09T17:22:10.1809387Z [90mstderr[2m | src/ops/noStrandedLaneCommits.test.ts
2026-09-09T17:22:10.1812210Z [22m[39m⚠️ noStrandedLaneCommits：這棵樹的本地分支是 [（一條都沒有 —— detached HEAD）] ⇒ lane 分支**不可能**在這裡 ⇒ ⭐ **沒驗到**（⛔ 不是「沒有擱置的 commit」）。 要驗它請在**跑過平行 lane 的工作樹**上跑。
2026-09-09T17:22:10.1816921Z 
2026-09-09T17:22:10.2683132Z  [32m✓[39m src/content/beamMuzzleOffset.test.ts [2m([22m[2m3 tests[22m[2m)[22m[90m 6[2mms[22m[39m
2026-09-09T17:22:10.8759536Z  [32m✓[39m src/content/mcoinStore.test.ts [2m([22m[2m2 tests[22m[2m)[22m[90m 25[2mms[22m[39m
2026-09-09T17:22:11.3443764Z  [32m✓[39m src/content/perRankNotTierified.test.ts [2m([22m[2m1 test[22m[2m)[22m[90m 110[2mms[22m[39m
2026-09-09T17:22:11.4142813Z  [32m✓[39m src/sim/mobs.statusVsStats.test.ts [2m([22m[2m2 tests[22m[2m)[22m[90m 33[2mms[22m[39m
2026-09-09T17:22:11.4448436Z  [32m✓[39m src/ops/rulingScript.test.ts [2m([22m[2m3 tests[22m[2m)[22m[33m 713[2mms[22m[39m
2026-09-09T17:22:11.4455471Z    [33m[2m✓[22m[39m 裁決腳本[2m > [22mruling.sh 的列鍵＝transcript 裡那一則的時間；再跑建置器仍只有一列（且留 owner 原話） [33m350[2mms[22m[39m
2026-09-09T17:22:12.5749674Z  [32m✓[39m src/sim/mobs.status.test.ts [2m([22m[2m2 tests[22m[2m)[22m[90m 22[2mms[22m[39m
2026-09-09T17:22:12.6460182Z  [32m✓[39m src/content/exPassiveConditionJoin.test.ts [2m([22m[2m1 test[22m[2m)[22m[90m 100[2mms[22m[39m
2026-09-09T17:22:13.7778358Z  [32m✓[39m src/sim/effects/cueNearbyAudience.test.ts [2m([22m[2m2 tests[22m[2m)[22m[90m 10[2mms[22m[39m
2026-09-09T17:22:13.8151266Z  [32m✓[39m src/sim/effects/areaVictimChain.test.ts [2m([22m[2m4 tests[22m[2m)[22m[90m 11[2mms[22m[39m
2026-09-09T17:22:14.2169863Z  [32m✓[39m src/content/stockEmittersReachable.test.ts [2m([22m[2m4 tests[22m[2m)[22m[90m 77[2mms[22m[39m
2026-09-09T17:22:15.2390683Z  [32m✓[39m src/sim/content/conditionForm.test.ts [2m([22m[2m3 tests[22m[2m)[22m[33m 2094[2mms[22m[39m
2026-09-09T17:22:15.5069875Z  [32m✓[39m src/sim/championFormExclusive.test.ts [2m([22m[2m2 tests[22m[2m)[22m[90m 31[2mms[22m[39m
2026-09-09T17:22:15.8228961Z  [32m✓[39m src/content/vfxScriptNoDoubleDraw.test.ts [2m([22m[2m2 tests[22m[2m)[22m[90m 18[2mms[22m[39m
2026-09-09T17:22:16.1663385Z  [32m✓[39m src/ops/iconRedrawTargetsAreLive.test.ts [2m([22m[2m3 tests[22m[2m)[22m[90m 36[2mms[22m[39m
2026-09-09T17:22:16.2241538Z  [32m✓[39m src/content/twelveTrialsGrants.test.ts [2m([22m[2m4 tests[22m[2m)[22m[33m 766[2mms[22m[39m
2026-09-09T17:22:17.3588787Z  [32m✓[39m src/sim/stats/rating.test.ts [2m([22m[2m9 tests[22m[2m)[22m[90m 10[2mms[22m[39m
2026-09-09T17:22:17.3799335Z  [32m✓[39m src/sim/reservedStores.test.ts [2m([22m[2m5 tests[22m[2m)[22m[90m 10[2mms[22m[39m
2026-09-09T17:22:18.5537226Z  [32m✓[39m src/content/templateStatusIsHonest.test.ts [2m([22m[2m3 tests[22m[2m)[22m[90m 45[2mms[22m[39m
2026-09-09T17:22:18.7648748Z  [32m✓[39m src/sim/effects/comboAndPull.test.ts [2m([22m[2m2 tests[22m[2m)[22m[90m 59[2mms[22m[39m
2026-09-09T17:22:18.9689291Z  [32m✓[39m src/ops/ownerKnobs.test.ts [2m([22m[2m4 tests[22m[2m)[22m[90m 5[2mms[22m[39m
2026-09-09T17:22:21.8772195Z  [32m✓[39m src/sim/economy/itemVisionFlight.test.ts [2m([22m[2m5 tests[22m[2m)[22m[33m 1554[2mms[22m[39m
2026-09-09T17:22:22.5879919Z  [32m✓[39m src/sim/combat/hitCapAndUnavoidable.test.ts [2m([22m[2m8 tests[22m[2m)[22m[33m 2124[2mms[22m[39m
2026-09-09T17:22:23.3950350Z  [32m✓[39m src/content/itemCardDerived.test.ts [2m([22m[2m2 tests[22m[2m)[22m[90m 59[2mms[22m[39m
2026-09-09T17:22:23.6414733Z  [32m✓[39m src/ops/codexVisualAdvisoryPerDocument.test.ts [2m([22m[2m3 tests[22m[2m)[22m[33m 698[2mms[22m[39m
2026-09-09T17:22:23.6417017Z    [33m[2m✓[22m[39m GH#986 Codex visual advisory[2m > [22m⭐ 積木名從清冊推導 —— 換一顆仍數得出擋住幾支；已出貨的積木被標成缺 ⇒ 紅 [33m325[2mms[22m[39m
2026-09-09T17:22:24.0674273Z  [32m✓[39m src/content/stockPre2DocsEmit.test.ts [2m([22m[2m2 tests[22m[2m)[22m[90m 12[2mms[22m[39m
2026-09-09T17:22:26.2180101Z  [32m✓[39m src/ops/generatedArtifactsAreClockFree.test.ts [2m([22m[2m6 tests[22m[2m)[22m[33m 8072[2mms[22m[39m
2026-09-09T17:22:26.2181988Z    [33m[2m✓[22m[39m 進版控的產物不可以蓋時鐘[2m > [22m🔴 editor-target-profile：連續兩次產生逐位元組相同 [33m1412[2mms[22m[39m
2026-09-09T17:22:26.2183467Z    [33m[2m✓[22m[39m 進版控的產物不可以蓋時鐘[2m > [22m🔴 model-budget report：真的跑兩次產生器，逐位元組相同 [33m6654[2mms[22m[39m
2026-09-09T17:22:27.0599271Z [90mstdout[2m | src/sim/economy/obtainableItems.test.ts[2m > [22m[2m閘①：拿得到的道具 = 每一條管道的聯集（GH#1030 假前提 #1）[2m > [22m[2m聯集 ≠ 任何單一管道；ex-release / ex-origin 的每一件都在聯集裡
2026-09-09T17:22:27.0603462Z [22m[39m[GH#1030 閘①] 拿得到的道具 84 件（探針=godie-e001/godie-e007；shop-shelf（buyItem）=30 · legendary-orb（legendaryPool）←legendary-weapons=30 · round-2-draft←legendary-weapons=30 · round-5-draft←legendary-weapons=30 · round-10-draft←ex-release-weapons=39 · weapon-tier:ex-origin←ex-origin-weapons=15 · weapon-tier:ex-release←ex-release-weapons=39 · gacha（legacy）←round-reward=0 · quest-rewards（legacy）←quest-rewards=0）
2026-09-09T17:22:27.0606034Z 
2026-09-09T17:22:27.0607639Z  [32m✓[39m src/sim/economy/obtainableItems.test.ts [2m([22m[2m2 tests[22m[2m)[22m[33m 2097[2mms[22m[39m
2026-09-09T17:22:27.9051667Z  [32m✓[39m src/sim/laneAAStatusImmunityShared.test.ts [2m([22m[2m2 tests[22m[2m)[22m[33m 2262[2mms[22m[39m
2026-09-09T17:22:28.3549075Z  [32m✓[39m src/sim/effects/hookLedgerAbilityCrit.test.ts [2m([22m[2m2 tests[22m[2m)[22m[90m 31[2mms[22m[39m
2026-09-09T17:22:29.6276791Z  [32m✓[39m src/content/heroForge/catalogMatrix.test.ts [2m([22m[2m5 tests[22m[2m | [22m[33m1 skipped[39m[2m)[22m[33m 184372[2mms[22m[39m
2026-09-09T17:22:29.6281323Z    [33m[2m✓[22m[39m hero forge live catalog matrix[2m > [22mgenerates all 10 origins across all three deterministic profiles [33m8934[2mms[22m[39m
2026-09-09T17:22:29.6284257Z    [33m[2m✓[22m[39m hero forge live catalog matrix[2m > [22mcompiles and executes every enabled template in its active or passive lane [33m5968[2mms[22m[39m
2026-09-09T17:22:29.6286642Z    [33m[2m✓[22m[39m hero forge live catalog matrix[2m > [22mexecutes every ordered pair of compatible templates with explicit last-wins [33m168056[2mms[22m[39m
2026-09-09T17:22:29.6289279Z    [33m[2m✓[22m[39m hero forge live catalog matrix[2m > [22mcompiles every template at the eight-card boundary, repeated and in rotating mixed stacks [33m1411[2mms[22m[39m
2026-09-09T17:22:29.8148937Z  [32m✓[39m src/ops/editorCoverageConfig.test.ts [2m([22m[2m6 tests[22m[2m)[22m[90m 10[2mms[22m[39m
2026-09-09T17:22:30.0529705Z  [32m✓[39m src/content/castTimeCoverage.test.ts [2m([22m[2m4 tests[22m[2m)[22m[33m 2173[2mms[22m[39m
2026-09-09T17:22:30.9104600Z  [32m✓[39m src/ops/vfxSurfaceInContract.test.ts [2m([22m[2m2 tests[22m[2m)[22m[90m 79[2mms[22m[39m
2026-09-09T17:22:30.9572457Z  [32m✓[39m src/content/periodicFieldTemplateWiring.test.ts [2m([22m[2m3 tests[22m[2m)[22m[90m 24[2mms[22m[39m
2026-09-09T17:22:31.5460073Z  [32m✓[39m src/content/import/contractIndexIsSingleHome.test.ts [2m([22m[2m6 tests[22m[2m)[22m[90m 82[2mms[22m[39m
2026-09-09T17:22:31.5790089Z  [32m✓[39m src/content/import/editorSource.test.ts [2m([22m[2m7 tests[22m[2m)[22m[90m 151[2mms[22m[39m
2026-09-09T17:22:31.6549127Z  [32m✓[39m src/sim/systems/transformEntryRetired.test.ts [2m([22m[2m2 tests[22m[2m)[22m[33m 2176[2mms[22m[39m
2026-09-09T17:22:32.2106688Z  [32m✓[39m src/content/damageTemplatesAreDerived.test.ts [2m([22m[2m2 tests[22m[2m)[22m[90m 95[2mms[22m[39m
2026-09-09T17:22:32.5801667Z  [32m✓[39m src/content/overlay.test.ts [2m([22m[2m6 tests[22m[2m)[22m[90m 43[2mms[22m[39m
2026-09-09T17:22:33.1935122Z  [32m✓[39m src/content/championVoices.test.ts [2m([22m[2m6 tests[22m[2m)[22m[90m 26[2mms[22m[39m
2026-09-09T17:22:33.4399799Z  [32m✓[39m src/content/templateExpandedRefs.test.ts [2m([22m[2m3 tests[22m[2m)[22m[33m 1796[2mms[22m[39m
2026-09-09T17:22:33.7825280Z  [32m✓[39m src/ops/liveChecksumCache.test.ts [2m([22m[2m4 tests[22m[2m)[22m[90m 139[2mms[22m[39m
2026-09-09T17:22:34.1049084Z  [32m✓[39m src/sim/effects/periodicFieldAnchor.test.ts [2m([22m[2m1 test[22m[2m)[22m[90m 152[2mms[22m[39m
2026-09-09T17:22:34.6823110Z  [32m✓[39m src/ops/aiPromoteGuardIsArmed.test.ts [2m([22m[2m3 tests[22m[2m)[22m[90m 72[2mms[22m[39m
2026-09-09T17:22:35.1787306Z  [32m✓[39m src/sim/economy/attrDraft.test.ts [2m([22m[2m8 tests[22m[2m)[22m[90m 173[2mms[22m[39m
2026-09-09T17:22:35.3168854Z  [32m✓[39m src/ops/shippedEditorProfileIsCurrent.test.ts [2m([22m[2m2 tests[22m[2m)[22m[33m 1575[2mms[22m[39m
2026-09-09T17:22:35.3199391Z    [33m[2m✓[22m[39m 外部編輯器的遠端資料契約沒有過期[2m > [22m⭐ 出貨的那一份逐位元組等於現在重算的 —— ⛔ 手改會在這裡紅 [33m1569[2mms[22m[39m
2026-09-09T17:22:35.9110893Z  [32m✓[39m src/content/modelUpload/modelUpload.test.ts [2m([22m[2m10 tests[22m[2m)[22m[33m 800[2mms[22m[39m
2026-09-09T17:22:35.9139131Z    [33m[2m✓[22m[39m community GLB import boundaries[2m > [22mbounds sizes, primitive arrays, tree depth, and sparse implicit allocations [33m491[2mms[22m[39m
2026-09-09T17:22:36.5498952Z  [32m✓[39m src/sim/abilities/abilityAugment.test.ts [2m([22m[2m2 tests[22m[2m)[22m[90m 46[2mms[22m[39m
2026-09-09T17:22:36.9799710Z  [32m✓[39m src/voxel/doc.test.ts [2m([22m[2m11 tests[22m[2m)[22m[90m 46[2mms[22m[39m
2026-09-09T17:22:38.1214344Z  [32m✓[39m src/sim/economy/shopShelf.test.ts [2m([22m[2m7 tests[22m[2m)[22m[90m 17[2mms[22m[39m
2026-09-09T17:22:39.1936550Z  [32m✓[39m src/ops/appendOnlyLedgersNeverShrink.test.ts [2m([22m[2m2 tests[22m[2m)[22m[33m 2910[2mms[22m[39m
2026-09-09T17:22:39.1941806Z    [33m[2m✓[22m[39m 追加式帳本只能變長（2026-08-30 一天被吃掉兩次）[2m > [22m★ 每一份帳本今天的列數 ≥ 它在 git 歷史裡的**最大**列數 [33m2882[2mms[22m[39m
2026-09-09T17:22:40.2640694Z  [32m✓[39m src/sim/stats/statCapReached.test.ts [2m([22m[2m5 tests[22m[2m)[22m[33m 2167[2mms[22m[39m
2026-09-09T17:22:40.6751251Z  [32m✓[39m src/content/shippedBundleHasTrackedSources.test.ts [2m([22m[2m2 tests[22m[2m)[22m[90m 85[2mms[22m[39m
2026-09-09T17:22:41.7764728Z  [32m✓[39m src/sim/fireRingBurnCap.test.ts [2m([22m[2m9 tests[22m[2m)[22m[90m 14[2mms[22m[39m
2026-09-09T17:22:41.8069746Z  [32m✓[39m src/content/chainLightningAbilities.test.ts [2m([22m[2m2 tests[22m[2m)[22m[33m 2044[2mms[22m[39m
2026-09-09T17:22:42.1879868Z  [32m✓[39m src/content/voxelSkin/barcodeSeed.test.ts [2m([22m[2m16 tests[22m[2m)[22m[90m 13[2mms[22m[39m
2026-09-09T17:22:43.0730150Z  [32m✓[39m src/sim/systems/reflectSuccessProvenance.test.ts [2m([22m[2m2 tests[22m[2m)[22m[90m 45[2mms[22m[39m
2026-09-09T17:22:44.1592891Z  [32m✓[39m src/sim/stats/outputMult.test.ts [2m([22m[2m5 tests[22m[2m)[22m[33m 1816[2mms[22m[39m
2026-09-09T17:22:44.4033424Z  [32m✓[39m src/sim/effects/pullThrowCastPath.test.ts [2m([22m[2m2 tests[22m[2m)[22m[90m 76[2mms[22m[39m
2026-09-09T17:22:44.5617837Z  [32m✓[39m src/content/import/submission.test.ts [2m([22m[2m4 tests[22m[2m)[22m[90m 17[2mms[22m[39m
2026-09-09T17:22:46.0727974Z  [32m✓[39m src/sim/effects/capRaiseFromAbility.test.ts [2m([22m[2m2 tests[22m[2m)[22m[33m 2238[2mms[22m[39m
2026-09-09T17:22:47.3149649Z  [32m✓[39m src/sim/effects/damageLine.test.ts [2m([22m[2m13 tests[22m[2m)[22m[90m 26[2mms[22m[39m
2026-09-09T17:22:47.9939762Z  [32m✓[39m src/content/rankGrowthIsWired.test.ts [2m([22m[2m3 tests[22m[2m)[22m[33m 1928[2mms[22m[39m
2026-09-09T17:22:48.0578895Z  [32m✓[39m src/content/abilityAffordableAtUnlock.test.ts [2m([22m[2m1 test[22m[2m)[22m[33m 2144[2mms[22m[39m
2026-09-09T17:22:48.0583775Z    [33m[2m✓[22m[39m 技能在解鎖等級付得起（GH#314）[2m > [22m⭐ 沒有任何一格的首階 MP 超過持有者當時的魔力池 —— 超過 = 那顆鈕永遠按不下去 [33m2142[2mms[22m[39m
2026-09-09T17:22:48.4828881Z  [32m✓[39m src/ops/editorContractBothWays.test.ts [2m([22m[2m5 tests[22m[2m)[22m[90m 18[2mms[22m[39m
2026-09-09T17:22:48.5819859Z  [32m✓[39m src/sim/castTimeRules.test.ts [2m([22m[2m4 tests[22m[2m)[22m[90m 33[2mms[22m[39m
2026-09-09T17:22:48.8280035Z  [2m[90m↓[39m[22m src/content/vfxRawcodeUniqueness.test.ts [2m([22m[2m1 test[22m[2m | [22m[33m1 skipped[39m[2m)[22m
2026-09-09T17:22:48.8288620Z [90mstderr[2m | src/content/vfxRawcodeUniqueness.test.ts
2026-09-09T17:22:48.8291132Z [22m[39m⚠️ 沒驗到 —— vfxRawcodeUniqueness 需要 /home/runner/work/GGD/GGD/data/curation/whitelist.json(營運名單,.gitignore 掉的機器狀態),而這個環境沒有它。⭐ 這條守衛在這裡是**跳過**的,⛔ 不是通過的。
2026-09-09T17:22:48.8292303Z 
2026-09-09T17:22:49.2982369Z  [32m✓[39m src/ops/rollbackSwitchReaches.test.ts [2m([22m[2m3 tests[22m[2m)[22m[90m 31[2mms[22m[39m
2026-09-09T17:22:49.3712507Z  [32m✓[39m src/sim/effects/blink.test.ts [2m([22m[2m3 tests[22m[2m)[22m[90m 10[2mms[22m[39m
2026-09-09T17:22:50.4648791Z  [32m✓[39m src/sim/effects/blinkMarkedUnit.test.ts [2m([22m[2m5 tests[22m[2m)[22m[90m 15[2mms[22m[39m
2026-09-09T17:22:50.6143083Z  [32m✓[39m src/sim/effects/lane2DeadKnobs.test.ts [2m([22m[2m3 tests[22m[2m)[22m[90m 41[2mms[22m[39m
2026-09-09T17:22:51.0908848Z  [32m✓[39m src/content/transformMoveSpeedRatio.test.ts [2m([22m[2m2 tests[22m[2m)[22m[90m 8[2mms[22m[39m
2026-09-09T17:22:51.7462826Z  [32m✓[39m src/sim/effects/dispelSpearOfLonginus.test.ts [2m([22m[2m2 tests[22m[2m)[22m[90m 23[2mms[22m[39m
2026-09-09T17:22:52.5524970Z  [32m✓[39m src/content/championRetirement.test.ts [2m([22m[2m8 tests[22m[2m)[22m[90m 8[2mms[22m[39m
2026-09-09T17:22:54.9292301Z  [32m✓[39m src/sim/economy/legendaryShelf.test.ts [2m([22m[2m4 tests[22m[2m)[22m[33m 1736[2mms[22m[39m
2026-09-09T17:22:56.0289701Z  [32m✓[39m src/sim/rangedProjectile.test.ts [2m([22m[2m3 tests[22m[2m)[22m[90m 37[2mms[22m[39m
2026-09-09T17:22:56.9028229Z  [32m✓[39m src/ops/jassExtractionCoverage.test.ts [2m([22m[2m2 tests[22m[2m)[22m[33m 4001[2mms[22m[39m
2026-09-09T17:22:56.9030053Z    [33m[2m✓[22m[39m JASS 抽取涵蓋率[2m > [22m⭐ 地圖派送的每一個技能 rawcode 都被歸到某個觸發器家族 —— 漏一個就紅 [33m1313[2mms[22m[39m
2026-09-09T17:22:56.9031639Z    [33m[2m✓[22m[39m JASS 抽取涵蓋率[2m > [22m⛔ 出貨的 jass-spells/ 不可以比抽取器少太多（帶戳記後升級成逐位元組比對） [33m2686[2mms[22m[39m
2026-09-09T17:22:57.5356247Z  [32m✓[39m src/sim/mobBossIntroWire.test.ts [2m([22m[2m4 tests[22m[2m)[22m[90m 11[2mms[22m[39m
2026-09-09T17:22:58.0440283Z  [32m✓[39m src/ops/contractEffectDocAnchors.test.ts [2m([22m[2m2 tests[22m[2m)[22m[90m 135[2mms[22m[39m
2026-09-09T17:22:58.5857957Z  [32m✓[39m src/content/missingPrimitives.test.ts [2m([22m[2m5 tests[22m[2m)[22m[90m 11[2mms[22m[39m
2026-09-09T17:22:58.6484003Z  [32m✓[39m src/content/templateBoundDocsNoBakedTier.test.ts [2m([22m[2m2 tests[22m[2m)[22m[33m 776[2mms[22m[39m
2026-09-09T17:22:58.6513530Z    [33m[2m✓[22m[39m GH#1079 —— 模板已宣告級距槽的文件，文件層不可以再烘一格零讀者的字面值[2m > [22m① 量尺：模板不發 radius ⇒ 文件層 radius 零讀者；沒接模板的 radius 才有讀者（控制組） [33m757[2mms[22m[39m
2026-09-09T17:22:59.1129662Z  [32m✓[39m src/content/modelBbox.test.ts [2m([22m[2m6 tests[22m[2m)[22m[90m 36[2mms[22m[39m
2026-09-09T17:22:59.6609846Z  [32m✓[39m src/ops/geosetFormGating.test.ts [2m([22m[2m5 tests[22m[2m)[22m[90m 49[2mms[22m[39m
2026-09-09T17:22:59.6949972Z  [32m✓[39m src/content/laneFMeleeWeaponTags.test.ts [2m([22m[2m2 tests[22m[2m)[22m[90m 4[2mms[22m[39m
2026-09-09T17:23:00.8820138Z  [32m✓[39m src/content/templates/growthChargeSubject.test.ts [2m([22m[2m2 tests[22m[2m)[22m[90m 44[2mms[22m[39m
2026-09-09T17:23:00.9247026Z  [32m✓[39m src/sim/effects/conditionalRatiosAreWired.test.ts [2m([22m[2m2 tests[22m[2m)[22m[90m 35[2mms[22m[39m
2026-09-09T17:23:01.3230075Z  [32m✓[39m src/content/heroForge/communityRecipeHonesty.test.ts [2m([22m[2m3 tests[22m[2m)[22m[90m 5[2mms[22m[39m
2026-09-09T17:23:01.7810294Z  [32m✓[39m src/ops/capabilityFixtureGap.test.ts [2m([22m[2m3 tests[22m[2m)[22m[90m 88[2mms[22m[39m
2026-09-09T17:23:02.1384786Z  [32m✓[39m src/sim/tauntReverseDirection.test.ts [2m([22m[2m2 tests[22m[2m)[22m[90m 8[2mms[22m[39m
2026-09-09T17:23:02.9704480Z  [32m✓[39m src/content/modelFxTextureBackdrop.test.ts [2m([22m[2m1 test[22m[2m)[22m[33m 532[2mms[22m[39m
2026-09-09T17:23:02.9708768Z    [33m[2m✓[22m[39m modelFx 內嵌貼圖在遊戲 ONE+ONE 下沒有底板[2m > [22m每份被引用 modelFx 的 emissive cut-out 都把透明區 RGB 清成 additive identity [33m531[2mms[22m[39m
2026-09-09T17:23:03.2949849Z  [32m✓[39m src/content/laneRChampionAbilitySlotIdentity.test.ts [2m([22m[2m1 test[22m[2m)[22m[90m 5[2mms[22m[39m
2026-09-09T17:23:03.6647535Z  [32m✓[39m src/content/rankGrowthHonesty.test.ts [2m([22m[2m5 tests[22m[2m)[22m[90m 44[2mms[22m[39m
2026-09-09T17:23:05.3739525Z  [32m✓[39m src/ops/contentTreeLock.test.ts [2m([22m[2m7 tests[22m[2m)[22m[33m 3239[2mms[22m[39m
2026-09-09T17:23:05.3786622Z    [33m[2m✓[22m[39m 內容樹的讀寫鎖（GH#950）[2m > [22m⭐⭐ **寫**的時候，另一個**寫**必須等（⛔ 這就是那個 race 的形狀） [33m1293[2mms[22m[39m
2026-09-09T17:23:05.3788541Z    [33m[2m✓[22m[39m 內容樹的讀寫鎖（GH#950）[2m > [22m⭐⭐ **寫**的時候，**讀**（`--check`）也必須等 —— ⭐ 這是假紅燈的直接成因 [33m1324[2mms[22m[39m
2026-09-09T17:23:05.3849896Z    [33m[2m✓[22m[39m 內容樹的讀寫鎖（GH#950）[2m > [22m⭐ 兩個**讀**可以同時（⛔ 否則 36 支 --check 會被串成一列） [33m363[2mms[22m[39m
2026-09-09T17:23:06.7405790Z  [32m✓[39m src/content/replayPolicyShipped.test.ts [2m([22m[2m7 tests[22m[2m)[22m[90m 9[2mms[22m[39m
2026-09-09T17:23:07.1697963Z  [32m✓[39m src/ops/siteExportCarriesEveryDataDir.test.ts [2m([22m[2m4 tests[22m[2m)[22m[90m 14[2mms[22m[39m
2026-09-09T17:23:08.2579619Z  [32m✓[39m src/sim/carry.test.ts [2m([22m[2m2 tests[22m[2m)[22m[90m 41[2mms[22m[39m
2026-09-09T17:23:09.8269668Z  [32m✓[39m src/map/arenaSpawnRoom.test.ts [2m([22m[2m1 test[22m[2m)[22m[33m 618[2mms[22m[39m
2026-09-09T17:23:09.8271732Z    [33m[2m✓[22m[39m 場地生成點的活動空間（⛔ 門檻從 config × mobProfile 推導）[2m > [22m⭐ 每一張出貨場地 × 每區 × 每種身體 × 每個方向，生出來之後都動得了 [33m617[2mms[22m[39m
2026-09-09T17:23:12.8889797Z  [32m✓[39m src/content/runtimeImportCycles.test.ts [2m([22m[2m1 test[22m[2m)[22m[33m 1963[2mms[22m[39m
2026-09-09T17:23:12.8922313Z    [33m[2m✓[22m[39m GH#1098 執行期 import 迴圈[2m > [22m★ content/** 不可以站在任何一條執行期 import 迴圈上 [33m1962[2mms[22m[39m
2026-09-09T17:23:14.2601713Z  [32m✓[39m src/sim/mobs.identity.test.ts [2m([22m[2m5 tests[22m[2m)[22m[90m 8[2mms[22m[39m
2026-09-09T17:23:15.4288369Z  [32m✓[39m src/sim/abilities/castApproach.test.ts [2m([22m[2m1 test[22m[2m)[22m[90m 34[2mms[22m[39m
2026-09-09T17:23:16.2911731Z  [32m✓[39m src/ops/brickCensusRatchet.test.ts [2m([22m[2m5 tests[22m[2m)[22m[90m 6[2mms[22m[39m
2026-09-09T17:23:18.7221104Z  [32m✓[39m src/content/laneACLocustMdlFamilies.test.ts [2m([22m[2m3 tests[22m[2m)[22m[33m 1293[2mms[22m[39m
2026-09-09T17:23:18.7226237Z    [33m[2m✓[22m[39m MDL 家族三通道反查 (GH#688)[2m > [22m★ ③ 08-03 龍鬥氣砲咒文真的擺出一條線（j:28838 的 10 具），⛔ 不是拉長一具 [33m1022[2mms[22m[39m
2026-09-09T17:23:19.9724166Z  [32m✓[39m src/ops/editorRoundTrip.test.ts [2m([22m[2m5 tests[22m[2m)[22m[90m 25[2mms[22m[39m
2026-09-09T17:23:20.5029986Z  [32m✓[39m src/ops/zipSafetyWiredWhenImporterLands.test.ts [2m([22m[2m2 tests[22m[2m)[22m[90m 89[2mms[22m[39m
2026-09-09T17:23:20.8548000Z  [32m✓[39m src/ops/shipCheckCoversCI.test.ts [2m([22m[2m3 tests[22m[2m)[22m[90m 5[2mms[22m[39m
2026-09-09T17:23:26.8548557Z  [32m✓[39m src/content/import/authoringProcessor.test.ts [2m([22m[2m5 tests[22m[2m)[22m[33m 4895[2mms[22m[39m
2026-09-09T17:23:26.8599642Z    [33m[2m✓[22m[39m authoringProcessor（規格 §1 runtime-direct）[2m > [22m① ⭐ 宣告的三格逐字就是規格要的值（⛔ 不是「看起來像」） [33m1263[2mms[22m[39m
2026-09-09T17:23:26.8619913Z    [33m[2m✓[22m[39m authoringProcessor（規格 §1 runtime-direct）[2m > [22m★★ ② ⭐ **任何一個面**動一個位元組 ⇒ 指紋要跟著動 [33m3620[2mms[22m[39m
2026-09-09T17:23:28.1321457Z  [32m✓[39m src/content/vfxTextureBackdrop.test.ts [2m([22m[2m2 tests[22m[2m)[22m[33m 39158[2mms[22m[39m
2026-09-09T17:23:28.1338756Z    [33m[2m✓[22m[39m VFX 貼圖背景在實際 blend mode 下必須消失[2m > [22m每份出貨 vfx/ribbon 的真 PNG 都可解碼，而且至少 0.1% 背景不會寫入畫面 [33m39151[2mms[22m[39m
2026-09-09T17:23:28.2781402Z  [32m✓[39m src/content/schema.test.ts [2m([22m[2m5 tests[22m[2m)[22m[90m 21[2mms[22m[39m
2026-09-09T17:23:31.7726658Z  [32m✓[39m src/sim/economy/itemAcquisition.test.ts [2m([22m[2m4 tests[22m[2m)[22m[33m 1905[2mms[22m[39m
2026-09-09T17:23:31.9485127Z  [32m✓[39m src/sim/abilities/emfrPeriodicPulse.test.ts [2m([22m[2m1 test[22m[2m)[22m[33m 2137[2mms[22m[39m
2026-09-09T17:23:32.0999584Z  [32m✓[39m src/ops/composeLogCap.test.ts [2m([22m[2m3 tests[22m[2m)[22m[90m 7[2mms[22m[39m
2026-09-09T17:23:32.5039871Z  [32m✓[39m src/sim/basicAttackRiderBudget.test.ts [2m([22m[2m3 tests[22m[2m)[22m[90m 164[2mms[22m[39m
2026-09-09T17:23:32.5299676Z  [32m✓[39m src/content/import/unknownFields.test.ts [2m([22m[2m9 tests[22m[2m)[22m[90m 15[2mms[22m[39m
2026-09-09T17:23:33.6929525Z  [32m✓[39m src/sim/combat/blockFromPassive.test.ts [2m([22m[2m1 test[22m[2m)[22m[90m 39[2mms[22m[39m
2026-09-09T17:23:35.4659805Z  [32m✓[39m src/ops/coordCheck.test.ts [2m([22m[2m8 tests[22m[2m)[22m[33m 2478[2mms[22m[39m
2026-09-09T17:23:35.4699566Z    [33m[2m✓[22m[39m coord:check —— packet 協定的閘[2m > [22mactually runs a new packet's repro against its declared exit code [33m849[2mms[22m[39m
2026-09-09T17:23:35.4729073Z    [33m[2m✓[22m[39m coord:check —— packet 協定的閘[2m > [22m⭐ 出貨的 packet 目錄全過（⛔ 沒擋過頭） [33m743[2mms[22m[39m
2026-09-09T17:23:36.5905647Z  [32m✓[39m src/sim/combat/apDamageScaling.test.ts [2m([22m[2m3 tests[22m[2m)[22m[90m 33[2mms[22m[39m
2026-09-09T17:23:36.6410762Z  [32m✓[39m src/sim/economy/itemMarkLethal.test.ts [2m([22m[2m1 test[22m[2m)[22m[33m 1459[2mms[22m[39m
2026-09-09T17:23:37.8551740Z  [32m✓[39m src/sim/statusBreak.test.ts [2m([22m[2m3 tests[22m[2m)[22m[90m 42[2mms[22m[39m
2026-09-09T17:23:37.8848594Z  [32m✓[39m src/sim/economy/draft.test.ts [2m([22m[2m4 tests[22m[2m)[22m[90m 13[2mms[22m[39m
2026-09-09T17:23:38.2390044Z  [32m✓[39m src/ops/voiceSeparationBaselineFresh.test.ts [2m([22m[2m3 tests[22m[2m)[22m[90m 6[2mms[22m[39m
2026-09-09T17:23:38.3199800Z  [32m✓[39m src/content/modelScale.test.ts [2m([22m[2m6 tests[22m[2m)[22m[90m 44[2mms[22m[39m
2026-09-09T17:23:38.3934833Z  [32m✓[39m src/content/heroForge/communityExamples.test.ts [2m([22m[2m25 tests[22m[2m)[22m[33m 32066[2mms[22m[39m
2026-09-09T17:23:38.3949314Z    [33m[2m✓[22m[39m seven adapted community heroes[2m > [22m'沃維克' survives all six slots, package simulation and immutable import [33m5452[2mms[22m[39m
2026-09-09T17:23:38.3966004Z    [33m[2m✓[22m[39m seven adapted community heroes[2m > [22m'卡爾瑟斯' survives all six slots, package simulation and immutable import [33m4354[2mms[22m[39m
2026-09-09T17:23:38.3968865Z    [33m[2m✓[22m[39m seven adapted community heroes[2m > [22m'拉克絲' survives all six slots, package simulation and immutable import [33m3878[2mms[22m[39m
2026-09-09T17:23:38.3971480Z    [33m[2m✓[22m[39m seven adapted community heroes[2m > [22m'犽宿' survives all six slots, package simulation and immutable import [33m4092[2mms[22m[39m
2026-09-09T17:23:38.3974127Z    [33m[2m✓[22m[39m seven adapted community heroes[2m > [22m'好運姐' survives all six slots, package simulation and immutable import [33m3907[2mms[22m[39m
2026-09-09T17:23:38.3976704Z    [33m[2m✓[22m[39m seven adapted community heroes[2m > [22m'李星' survives all six slots, package simulation and immutable import [33m3841[2mms[22m[39m
2026-09-09T17:23:38.3979426Z    [33m[2m✓[22m[39m seven adapted community heroes[2m > [22m'齊勒斯' survives all six slots, package simulation and immutable import [33m3933[2mms[22m[39m
2026-09-09T17:23:38.7659734Z  [32m✓[39m src/content/abilityPresentation.test.ts [2m([22m[2m5 tests[22m[2m)[22m[90m 92[2mms[22m[39m
2026-09-09T17:23:38.9160084Z  [32m✓[39m src/content/voiceFormSharing.test.ts [2m([22m[2m10 tests[22m[2m)[22m[90m 24[2mms[22m[39m
2026-09-09T17:23:39.9480374Z  [32m✓[39m src/map/arenaSpawnLegality.test.ts [2m([22m[2m2 tests[22m[2m)[22m[33m 600[2mms[22m[39m
2026-09-09T17:23:39.9499072Z    [33m[2m✓[22m[39m 出生點合法性 · 每一張出貨場地 (GH#364)[2m > [22m⭐ 沒有任何座位站在牆裡／圖外／貼著牆，點燃時全部在圈內，而且都走得到（而且走得完）火圈的口袋 [33m559[2mms[22m[39m
2026-09-09T17:23:40.0530788Z  [32m✓[39m src/content/templates/mergeExpansionHoles.test.ts [2m([22m[2m4 tests[22m[2m)[22m[90m 34[2mms[22m[39m
2026-09-09T17:23:40.0554427Z  [32m✓[39m src/sim/c1c2.test.ts [2m([22m[2m2 tests[22m[2m)[22m[90m 78[2mms[22m[39m
2026-09-09T17:23:40.5281842Z  [32m✓[39m src/content/import/packageSchema.test.ts [2m([22m[2m9 tests[22m[2m)[22m[90m 17[2mms[22m[39m
2026-09-09T17:23:40.9699842Z  [32m✓[39m src/content/templateRefPinIsHonest.test.ts [2m([22m[2m2 tests[22m[2m)[22m[90m 109[2mms[22m[39m
2026-09-09T17:23:41.7091787Z /home/runner/work/GGD/GGD/tools/asset-manifest/gen.ts:148
2026-09-09T17:23:41.7108220Z       throw new Error(
2026-09-09T17:23:41.7117997Z             ^
2026-09-09T17:23:41.7177811Z 
2026-09-09T17:23:41.7181414Z Error: ⛔ assets-offdisk.json 的 "assets/models/community/aaaaaaaaaaaaaaaaaaaaaaaaaaaaaaaaaaaaaaaaaaaaaaaaaaaaaaaaaaaaaaaa.glb" **自我矛盾**：檔名說 aaaaaaaaaaaaaaaaaaaaaaaaaaaaaaaaaaaaaaaaaaaaaaaaaaaaaaaaaaaaaaaa，欄位說 bbbbbbbbbbbbbbbbbbbbbbbbbbbbbbbbbbbbbbbbbbbbbbbbbbbbbbbbbbbbbbbb。
2026-09-09T17:23:41.7208370Z    ⭐ 內容定址的路徑，檔名就是它的 sha —— 兩者不合表示這份宣告是編的。
2026-09-09T17:23:41.7209407Z     at loadOffDisk (/home/runner/work/GGD/GGD/tools/asset-manifest/gen.ts:148:13)
2026-09-09T17:23:41.7230734Z     at build (/home/runner/work/GGD/GGD/tools/asset-manifest/gen.ts:183:19)
2026-09-09T17:23:41.7232025Z     at missing (/home/runner/work/GGD/GGD/tools/asset-manifest/gen.ts:240:31)
2026-09-09T17:23:41.7233334Z     at Object.<anonymous> (/home/runner/work/GGD/GGD/tools/asset-manifest/gen.ts:263:1)
2026-09-09T17:23:41.7234487Z     at Module._compile (node:internal/modules/cjs/loader:1781:14)
2026-09-09T17:23:41.7236114Z     at Object.transformer (/home/runner/work/GGD/GGD/node_modules/.pnpm/tsx@4.23.1/node_modules/tsx/dist/register-BoI6-WNn.cjs:9:3252)
2026-09-09T17:23:41.7237671Z     at Module.load (node:internal/modules/cjs/loader:1505:32)
2026-09-09T17:23:41.7238673Z     at Function._load (node:internal/modules/cjs/loader:1309:12)
2026-09-09T17:23:41.7239655Z     at wrapModuleLoad (node:internal/modules/cjs/loader:254:19)
2026-09-09T17:23:41.7240809Z     at loadCJSModuleWithModuleLoad (node:internal/modules/esm/translators:335:3)
2026-09-09T17:23:41.7241456Z 
2026-09-09T17:23:41.7241703Z Node.js v22.23.2
2026-09-09T17:23:42.9809193Z ⛔ 4 個被引用的資產**不存在**：
2026-09-09T17:23:42.9819111Z   assets/models/community/01a0040e5b7b5a4053ca8431ffb00ca2b70baad9a9cfc4134681b46f3c4ace72.glb
2026-09-09T17:23:42.9848586Z   assets/models/community/212742ce3f4270d9cdb8dc8a2a1940d032da026dea2f5df475b705281eb10e1c.glb
2026-09-09T17:23:42.9859556Z   assets/models/community/40532a1478491e4f8fd0b05c3598e215da3a323c2af901f847d889d9d903f46f.glb
2026-09-09T17:23:42.9888946Z   assets/models/community/42b8b816b13fcbd3faf4d7fe31a3120b4101dbc8fb163259ee0ec0c101149e39.glb
2026-09-09T17:23:43.8359309Z  [32m✓[39m src/content/import/twoProfilesAgree.test.ts [2m([22m[2m5 tests[22m[2m)[22m[90m 8[2mms[22m[39m
2026-09-09T17:23:44.5047130Z ⛔ 1 個被引用的資產**不存在**：
2026-09-09T17:23:44.5050858Z   assets/models/community/ffffffffffffffffffffffffffffffffffffffffffffffffffffffffffffffff.glb
2026-09-09T17:23:44.5066205Z  [32m✓[39m src/content/assetsOffDiskDeclaration.test.ts [2m([22m[2m4 tests[22m[2m)[22m[33m 4034[2mms[22m[39m
2026-09-09T17:23:44.5070998Z    [33m[2m✓[22m[39m 不在 git 裡的資產：宣告驗得起來（owner 2026-09-08 「不要進 git 但存 S3」）[2m > [22m② 自我矛盾的宣告 ⇒ ⛔ 當場擋下並指名那一筆 [33m1232[2mms[22m[39m
2026-09-09T17:23:44.5078576Z    [33m[2m✓[22m[39m 不在 git 裡的資產：宣告驗得起來（owner 2026-09-08 「不要進 git 但存 S3」）[2m > [22m③ 換成**空**宣告 ⇒ ⭐ 缺的**只能是**宣告裡那幾顆（⛔ 不可以牽連別的） [33m1266[2mms[22m[39m
2026-09-09T17:23:44.5083387Z    [33m[2m✓[22m[39m 不在 git 裡的資產：宣告驗得起來（owner 2026-09-08 「不要進 git 但存 S3」）[2m > [22m④ **沒有宣告**的缺席資產 ⇒ ⛔ 仍然 fail-loud 並指名它 [33m1528[2mms[22m[39m
2026-09-09T17:23:44.9820944Z  [32m✓[39m src/ops/reviewSplitHomes.test.ts [2m([22m[2m2 tests[22m[2m)[22m[90m 87[2mms[22m[39m
2026-09-09T17:23:45.2446230Z  [32m✓[39m src/sim/baseBonusBounds.test.ts [2m([22m[2m10 tests[22m[2m)[22m[90m 14[2mms[22m[39m
2026-09-09T17:23:46.1898422Z  [32m✓[39m src/content/heroForge/handoff.test.ts [2m([22m[2m3 tests[22m[2m)[22m[90m 53[2mms[22m[39m
2026-09-09T17:23:46.5099343Z  [32m✓[39m src/sim/content/conditionRecentCast.test.ts [2m([22m[2m3 tests[22m[2m)[22m[90m 41[2mms[22m[39m
2026-09-09T17:23:46.6080211Z  [32m✓[39m src/content/damageTierPerRank.test.ts [2m([22m[2m5 tests[22m[2m)[22m[90m 11[2mms[22m[39m
2026-09-09T17:23:47.0629716Z  [32m✓[39m src/ops/liveSaveMirrorsChampion.test.ts [2m([22m[2m3 tests[22m[2m)[22m[90m 158[2mms[22m[39m
2026-09-09T17:23:47.0807237Z  [32m✓[39m src/ops/composeHelmEnvParity.test.ts [2m([22m[2m3 tests[22m[2m)[22m[90m 20[2mms[22m[39m
2026-09-09T17:23:47.4579849Z  [32m✓[39m src/content/comboWindowClaims.test.ts [2m([22m[2m3 tests[22m[2m)[22m[90m 12[2mms[22m[39m
2026-09-09T17:23:47.8649661Z  [32m✓[39m src/sim/abilities/augmentAndDeferred.test.ts [2m([22m[2m3 tests[22m[2m)[22m[90m 14[2mms[22m[39m
2026-09-09T17:23:48.0359933Z  [32m✓[39m src/content/normalizersKeepConditionalRatios.test.ts [2m([22m[2m3 tests[22m[2m)[22m[90m 124[2mms[22m[39m
2026-09-09T17:23:48.7892950Z  [32m✓[39m src/ops/laneREVIEWFixAnchor.test.ts [2m([22m[2m2 tests[22m[2m)[22m[33m 518[2mms[22m[39m
2026-09-09T17:23:48.7900287Z    [33m[2m✓[22m[39m 修復錨與語音漏斗[2m > [22m② 語音進得了漏斗，而門檻讀自 gate JSON（⛔ 不是抄一份數字） [33m342[2mms[22m[39m
2026-09-09T17:23:49.3579696Z  [32m✓[39m src/sim/arena.test.ts [2m([22m[2m4 tests[22m[2m)[22m[90m 29[2mms[22m[39m
2026-09-09T17:23:50.1568249Z  [32m✓[39m src/sim/combat/blockVfxReachesWire.test.ts [2m([22m[2m3 tests[22m[2m)[22m[90m 57[2mms[22m[39m
2026-09-09T17:23:50.3739949Z  [32m✓[39m src/content/stockModulateCriterionSameSource.test.ts [2m([22m[2m3 tests[22m[2m)[22m[33m 611[2mms[22m[39m
2026-09-09T17:23:50.3741983Z    [33m[2m✓[22m[39m 🔗 抽取器的恆等判準與判準⑤ 同源[2m > [22m⭐ 跑真的 oracle：出貨 modulate 文件的 δ 與判準⑤ 逐位元相同 [33m594[2mms[22m[39m
2026-09-09T17:23:50.5200184Z  [32m✓[39m src/ops/syncPlan.test.ts [2m([22m[2m6 tests[22m[2m)[22m[33m 76505[2mms[22m[39m
2026-09-09T17:23:50.5222250Z    [33m[2m✓[22m[39m skills:sync 按改動裁剪[2m > [22m① 改一份英雄 ⇒ 每一支量到讀英雄的產生器都在計畫裡 [33m2544[2mms[22m[39m
2026-09-09T17:23:50.5274380Z    [33m[2m✓[22m[39m skills:sync 按改動裁剪[2m > [22m② fail-closed —— 對不到輸入表的路徑 ⇒ 全跑 [33m4193[2mms[22m[39m
2026-09-09T17:23:50.5290551Z    [33m[2m✓[22m[39m skills:sync 按改動裁剪[2m > [22m③ 下游閉包 —— 只改一支產生器,吃它產物的那幾支也要跑 [33m2159[2mms[22m[39m
2026-09-09T17:23:50.5292504Z    [33m[2m✓[22m[39m skills:sync 按改動裁剪[2m > [22m⑥ 索引的擁有者 —— 改集合裡的來源文件,寫那份 _index.json 的產生器一定在計畫裡 [33m63191[2mms[22m[39m
2026-09-09T17:23:50.5294831Z    [33m[2m✓[22m[39m skills:sync 按改動裁剪[2m > [22m④ 拓撲 —— contract:numbers 一定排在 content:build 後面 [33m2223[2mms[22m[39m
2026-09-09T17:23:50.5296827Z    [33m[2m✓[22m[39m skills:sync 按改動裁剪[2m > [22m⑤ 產生器碰不到的 root(apps/**)⇒ 只跑真的掃原始碼的那幾支 [33m2194[2mms[22m[39m
2026-09-09T17:23:50.5579092Z  [32m✓[39m src/content/presentationTokenManifest.test.ts [2m([22m[2m6 tests[22m[2m)[22m[90m 14[2mms[22m[39m
2026-09-09T17:23:51.4939638Z  [32m✓[39m src/ops/genguardMarkerRegions.test.ts [2m([22m[2m4 tests[22m[2m)[22m[33m 528[2mms[22m[39m
2026-09-09T17:23:51.8339811Z  [32m✓[39m src/sim/combat/oneShotClamp.test.ts [2m([22m[2m3 tests[22m[2m)[22m[90m 34[2mms[22m[39m
2026-09-09T17:23:52.1297018Z  [32m✓[39m src/content/shippedDamageTiersResolve.test.ts [2m([22m[2m1 test[22m[2m)[22m[33m 528[2mms[22m[39m
2026-09-09T17:23:52.1306616Z    [33m[2m✓[22m[39m 傷害級距在載入時解析 (damage-tier-load-time)[2m > [22m出貨技能只寫級別，而註冊之後 flat 就是表上那個數字 [33m527[2mms[22m[39m
2026-09-09T17:23:52.3899601Z  [32m✓[39m src/content/abilityProvenance.test.ts [2m([22m[2m2 tests[22m[2m)[22m[90m 91[2mms[22m[39m
2026-09-09T17:23:52.5979965Z  [32m✓[39m src/content/declaredFieldMatchesShape.test.ts [2m([22m[2m4 tests[22m[2m)[22m[90m 15[2mms[22m[39m
2026-09-09T17:23:52.9459738Z  [32m✓[39m src/sim/combat/hitstopScale.test.ts [2m([22m[2m3 tests[22m[2m)[22m[90m 195[2mms[22m[39m
2026-09-09T17:23:53.7559204Z  [32m✓[39m src/sim/effects/grantXp.test.ts [2m([22m[2m3 tests[22m[2m)[22m[90m 7[2mms[22m[39m
2026-09-09T17:23:54.5440006Z  [32m✓[39m src/content/editorContractSchemaTags.test.ts [2m([22m[2m1 test[22m[2m)[22m[90m 73[2mms[22m[39m
2026-09-09T17:23:54.9630196Z  [32m✓[39m src/sim/content/conditionStatus.test.ts [2m([22m[2m3 tests[22m[2m)[22m[90m 45[2mms[22m[39m
2026-09-09T17:23:55.5342828Z  [32m✓[39m src/content/arenaCollision.test.ts [2m([22m[2m4 tests[22m[2m)[22m[90m 92[2mms[22m[39m
2026-09-09T17:23:55.6685102Z  [32m✓[39m src/sim/effects/conditionalRatios.test.ts [2m([22m[2m4 tests[22m[2m)[22m[90m 23[2mms[22m[39m
2026-09-09T17:23:56.2480636Z  [32m✓[39m src/content/reactiveHookAreaHonesty.test.ts [2m([22m[2m5 tests[22m[2m)[22m[90m 24[2mms[22m[39m
2026-09-09T17:23:56.6649922Z  [32m✓[39m src/sim/abilities/emfrThresholdPassive.test.ts [2m([22m[2m1 test[22m[2m)[22m[33m 2398[2mms[22m[39m
2026-09-09T17:23:57.1466504Z  [32m✓[39m src/ops/skillNormalizeGate.test.ts [2m([22m[2m3 tests[22m[2m)[22m[33m 16800[2mms[22m[39m
2026-09-09T17:23:57.1471894Z    [33m[2m✓[22m[39m 技能正規化總閘（tools/skill-normalize/gen.ts）[2m > [22m① 出貨樹上是綠的 —— 五欄級距、說明、說明↔JSON 三件事一趟過 [33m5399[2mms[22m[39m
2026-09-09T17:23:57.1474179Z    [33m[2m✓[22m[39m 技能正規化總閘（tools/skill-normalize/gen.ts）[2m > [22m② ⭐ 突變：把一支技能的級別改錯（原始值不動）→ 閘必須紅並指名它 [33m5242[2mms[22m[39m
2026-09-09T17:23:57.1476406Z    [33m[2m✓[22m[39m 技能正規化總閘（tools/skill-normalize/gen.ts）[2m > [22m③ ⭐ 突變：把說明改回一個手打的機制數字 → 閘必須紅 [33m6158[2mms[22m[39m
2026-09-09T17:23:57.6762721Z  [32m✓[39m src/sim/economy/capstoneDisadvantage.test.ts [2m([22m[2m4 tests[22m[2m)[22m[90m 13[2mms[22m[39m
2026-09-09T17:23:58.1820943Z  [32m✓[39m src/ops/attributeDerivationDocSuperseded.test.ts [2m([22m[2m1 test[22m[2m)[22m[90m 31[2mms[22m[39m
2026-09-09T17:23:58.5207527Z  [32m✓[39m src/sim/combat/impactFeel.test.ts [2m([22m[2m2 tests[22m[2m)[22m[90m 81[2mms[22m[39m
2026-09-09T17:23:59.0663034Z  [32m✓[39m src/content/standInChampionsRatchet.test.ts [2m([22m[2m3 tests[22m[2m)[22m[90m 5[2mms[22m[39m
2026-09-09T17:23:59.4767903Z  [32m✓[39m src/content/fragmentGatedRatio.test.ts [2m([22m[2m2 tests[22m[2m)[22m[90m 7[2mms[22m[39m
2026-09-09T17:23:59.9599830Z  [32m✓[39m src/ops/glbPostprocessChain.test.ts [2m([22m[2m5 tests[22m[2m)[22m[90m 16[2mms[22m[39m
2026-09-09T17:24:00.5029271Z  [32m✓[39m src/sim/effects/effectConditionGate.test.ts [2m([22m[2m5 tests[22m[2m)[22m[90m 35[2mms[22m[39m
2026-09-09T17:24:00.5230301Z  [32m✓[39m src/ops/reviewRegisterAcceptsNonVisual.test.ts [2m([22m[2m6 tests[22m[2m)[22m[90m 17[2mms[22m[39m
2026-09-09T17:24:00.6287324Z  [32m✓[39m src/sim/effects/timedVisionGrant.test.ts [2m([22m[2m2 tests[22m[2m)[22m[33m 3246[2mms[22m[39m
2026-09-09T17:24:01.2389733Z  [32m✓[39m src/ops/supersededTierNumbers.test.ts [2m([22m[2m1 test[22m[2m)[22m[90m 71[2mms[22m[39m
2026-09-09T17:24:01.3731125Z  [32m✓[39m src/ops/formPairGateNeverWritesBaseline.test.ts [2m([22m[2m1 test[22m[2m)[22m[33m 4312[2mms[22m[39m
2026-09-09T17:24:01.3789584Z    [33m[2m✓[22m[39m 變身對子的閘不可以自己重寫基準線（GH#854）[2m > [22m⭐ 過期的基準線 ⇒ 紅，而且那個檔一個位元組都沒被動 [33m4310[2mms[22m[39m
2026-09-09T17:24:01.6154356Z  [32m✓[39m src/content/schema/effectCondition.test.ts [2m([22m[2m2 tests[22m[2m)[22m[90m 86[2mms[22m[39m
2026-09-09T17:24:01.8489716Z  [32m✓[39m src/content/laneCLAIMPeriodicRegen.test.ts [2m([22m[2m1 test[22m[2m)[22m[90m 100[2mms[22m[39m
2026-09-09T17:24:02.3893738Z  [32m✓[39m src/ops/playerNoteNoRepeat.test.ts [2m([22m[2m3 tests[22m[2m)[22m[33m 539[2mms[22m[39m
2026-09-09T17:24:02.7269619Z  [32m✓[39m src/content/apFrequencyTiers.test.ts [2m([22m[2m5 tests[22m[2m)[22m[90m 7[2mms[22m[39m
2026-09-09T17:24:03.0028294Z  [32m✓[39m src/content/vfxNotSpawnedTwice.test.ts [2m([22m[2m2 tests[22m[2m)[22m[90m 14[2mms[22m[39m
2026-09-09T17:24:03.8599962Z  [32m✓[39m src/ops/skillDamageRankExplicit.test.ts [2m([22m[2m3 tests[22m[2m)[22m[33m 504[2mms[22m[39m
2026-09-09T17:24:03.8664644Z    [33m[2m✓[22m[39m 閘②：技能傷害解析不可以假設 rank = 1（GH#1030 假前提 #2）[2m > [22m② 每一個出貨呼叫點都傳了 rank；③ 沒有人直接讀 perRank[0] [33m499[2mms[22m[39m
2026-09-09T17:24:03.9520033Z  [32m✓[39m src/sim/content/conditionEquipment.test.ts [2m([22m[2m4 tests[22m[2m)[22m[90m 43[2mms[22m[39m
2026-09-09T17:24:04.4168140Z  [32m✓[39m src/content/laneKWaveTrailFamily.test.ts [2m([22m[2m3 tests[22m[2m)[22m[90m 8[2mms[22m[39m
2026-09-09T17:24:04.9415839Z  [32m✓[39m src/ops/reviewFeatureVerdicts.test.ts [2m([22m[2m2 tests[22m[2m)[22m[90m 50[2mms[22m[39m
2026-09-09T17:24:05.2891129Z  [32m✓[39m src/content/selfCastDamageTargeting.test.ts [2m([22m[2m3 tests[22m[2m)[22m[33m 2781[2mms[22m[39m
2026-09-09T17:24:05.6349845Z  [32m✓[39m src/ops/testsDoNotWriteShippedTree.test.ts [2m([22m[2m2 tests[22m[2m)[22m[90m 257[2mms[22m[39m
2026-09-09T17:24:06.0000273Z  [32m✓[39m src/ops/healthregenProvenance.test.ts [2m([22m[2m3 tests[22m[2m)[22m[90m 6[2mms[22m[39m
2026-09-09T17:24:06.6890808Z  [32m✓[39m src/content/killTriggerSchema.test.ts [2m([22m[2m8 tests[22m[2m)[22m[90m 10[2mms[22m[39m
2026-09-09T17:24:07.7882625Z  [32m✓[39m src/content/templates/transformRoundtrip.test.ts [2m([22m[2m3 tests[22m[2m)[22m[90m 9[2mms[22m[39m
2026-09-09T17:24:09.0579851Z  [32m✓[39m src/ops/noAwsKeysInRepo.test.ts [2m([22m[2m3 tests[22m[2m)[22m[33m 4820[2mms[22m[39m
2026-09-09T17:24:09.0594344Z    [33m[2m✓[22m[39m ⛔ AWS 金鑰不可以進 repo（GH#1116）[2m > [22m★★ ⭐ 追蹤中的每一個文字檔都沒有 AWS 金鑰 [33m4818[2mms[22m[39m
2026-09-09T17:24:09.7962211Z  [32m✓[39m src/sim/economy/draftSwapWhenFull.test.ts [2m([22m[2m4 tests[22m[2m)[22m[33m 2296[2mms[22m[39m
2026-09-09T17:24:10.5321206Z  [32m✓[39m src/sim/stats/invisibleContribution.test.ts [2m([22m[2m4 tests[22m[2m)[22m[90m 46[2mms[22m[39m
2026-09-09T17:24:11.6587050Z  [32m✓[39m src/content/offsetForwardIsTranslated.test.ts [2m([22m[2m4 tests[22m[2m)[22m[90m 8[2mms[22m[39m
2026-09-09T17:24:11.9236609Z  [32m✓[39m src/sim/effects/compoundStackCap.test.ts [2m([22m[2m4 tests[22m[2m)[22m[33m 2587[2mms[22m[39m
2026-09-09T17:24:12.7482840Z  [32m✓[39m src/ops/backupRules.test.ts [2m([22m[2m2 tests[22m[2m)[22m[33m 686[2mms[22m[39m
2026-09-09T17:24:12.7510217Z    [33m[2m✓[22m[39m 覆蓋前留底 hook —— 重導目標要吃引號（GH#976）[2m > [22m裸／雙引號／單引號都留底；已追蹤且乾淨的只記帳 [33m590[2mms[22m[39m
2026-09-09T17:24:13.0400078Z  [32m✓[39m src/ops/ggdAssetsScript.test.ts [2m([22m[2m4 tests[22m[2m)[22m[33m 633[2mms[22m[39m
2026-09-09T17:24:13.5970108Z  [32m✓[39m src/sim/abilities/passivesNeverFakeCast.test.ts [2m([22m[2m4 tests[22m[2m)[22m[90m 6[2mms[22m[39m
2026-09-09T17:24:14.2658087Z  [32m✓[39m src/ops/ledgerTableDedupe.test.ts [2m([22m[2m2 tests[22m[2m)[22m[33m 742[2mms[22m[39m
2026-09-09T17:24:14.2682787Z    [33m[2m✓[22m[39m scripts/ledger_table.py 同一句話只有一列[2m > [22m建置器先插（訊息時間、未對票）→ ruling.sh 再插（執行時間、有票）⇒ 一列、票併入、時間取較早 [33m598[2mms[22m[39m
2026-09-09T17:24:14.5465026Z  [32m✓[39m src/content/abilityRadiusWithinZone.test.ts [2m([22m[2m1 test[22m[2m)[22m[33m 2930[2mms[22m[39m
2026-09-09T17:24:14.5489649Z    [33m[2m✓[22m[39m AoE 半徑不得超過決鬥區（GH#310）[2m > [22m⭐ 每一支技能的引擎半徑 ≤ 最小的 zone 半徑 —— standalone 與英雄卡內嵌都算 [33m2928[2mms[22m[39m
2026-09-09T17:24:14.9349894Z  [32m✓[39m src/sim/content/conditionStacks.test.ts [2m([22m[2m3 tests[22m[2m)[22m[90m 26[2mms[22m[39m
2026-09-09T17:24:15.3167632Z  [32m✓[39m src/content/skillTierNames.test.ts [2m([22m[2m3 tests[22m[2m)[22m[33m 316[2mms[22m[39m
2026-09-09T17:24:15.3289914Z    [33m[2m✓[22m[39m 級距名[2m > [22mcontent/ 裡沒有任何不在名單上的級距詞 [33m311[2mms[22m[39m
2026-09-09T17:24:15.7037016Z  [32m✓[39m src/sim/statusTagImmunity.test.ts [2m([22m[2m4 tests[22m[2m)[22m[90m 53[2mms[22m[39m
2026-09-09T17:24:16.0987754Z  [32m✓[39m src/content/formRetirementSafety.test.ts [2m([22m[2m3 tests[22m[2m)[22m[90m 13[2mms[22m[39m
2026-09-09T17:24:16.4609872Z  [32m✓[39m src/ops/rootVitestConfigScope.test.ts [2m([22m[2m2 tests[22m[2m)[22m[90m 18[2mms[22m[39m
2026-09-09T17:24:16.6172881Z  [32m✓[39m src/sim/content/conditionDistanceLearned.test.ts [2m([22m[2m9 tests[22m[2m)[22m[90m 61[2mms[22m[39m
2026-09-09T17:24:16.8750135Z  [32m✓[39m src/content/blinkNotDash.test.ts [2m([22m[2m1 test[22m[2m)[22m[90m 27[2mms[22m[39m
2026-09-09T17:24:17.4059745Z  [32m✓[39m src/protocol/viewGatedDelivery.test.ts [2m([22m[2m2 tests[22m[2m)[22m[90m 44[2mms[22m[39m
2026-09-09T17:24:18.0837812Z  [32m✓[39m src/sim/economy/grailWishes.test.ts [2m([22m[2m3 tests[22m[2m)[22m[90m 8[2mms[22m[39m
2026-09-09T17:24:18.2820957Z  [32m✓[39m src/map/gateWiring.test.ts [2m([22m[2m3 tests[22m[2m)[22m[90m 184[2mms[22m[39m
2026-09-09T17:24:18.9471808Z [90mstderr[2m | src/ops/releaseNotePlayersRange.test.ts[2m > [22m[2m玩家公告只撈這一版真的做了的票（GH#1021）[2m > [22m[2m★ 兩個方向 ＋ 量尺自證（真的跑腳本、真的打 gh）
2026-09-09T17:24:18.9549608Z [22m[39m⚠️ 這條閘**沒有驗到** —— 腳本／gh 跑不起來。⛔ 這不是「範圍對了」。要驗：`gh auth status` 然後重跑。
2026-09-09T17:24:18.9571029Z 
2026-09-09T17:24:18.9599679Z  [32m✓[39m src/ops/releaseNotePlayersRange.test.ts [2m([22m[2m1 test[22m[2m)[22m[33m 357[2mms[22m[39m
2026-09-09T17:24:18.9629404Z    [33m[2m✓[22m[39m 玩家公告只撈這一版真的做了的票（GH#1021）[2m > [22m★ 兩個方向 ＋ 量尺自證（真的跑腳本、真的打 gh） [33m355[2mms[22m[39m
2026-09-09T17:24:19.3192725Z  [32m✓[39m src/ops/reviewAdminGate.test.ts [2m([22m[2m4 tests[22m[2m)[22m[90m 10[2mms[22m[39m
2026-09-09T17:24:19.4770255Z  [32m✓[39m src/sim/abilities/innateAoeReachesRadius.test.ts [2m([22m[2m2 tests[22m[2m)[22m[33m 2834[2mms[22m[39m
2026-09-09T17:24:19.6607852Z  [32m✓[39m src/sim/castabilitySummonChannel.test.ts [2m([22m[2m2 tests[22m[2m)[22m[90m 58[2mms[22m[39m
2026-09-09T17:24:19.6649340Z  [32m✓[39m src/sim/collision/spatialHashFlat.test.ts [2m([22m[2m4 tests[22m[2m)[22m[90m 13[2mms[22m[39m
2026-09-09T17:24:20.2569835Z  [32m✓[39m src/content/schema/effects/spawnModelFxBone.test.ts [2m([22m[2m4 tests[22m[2m)[22m[90m 18[2mms[22m[39m
2026-09-09T17:24:20.3089850Z  [32m✓[39m src/ops/rollbackKnobsAreReachable.test.ts [2m([22m[2m2 tests[22m[2m)[22m[90m 210[2mms[22m[39m
2026-09-09T17:24:20.9390830Z  [32m✓[39m src/content/summonAgentTemplate.test.ts [2m([22m[2m5 tests[22m[2m)[22m[90m 25[2mms[22m[39m
2026-09-09T17:24:21.3796138Z  [32m✓[39m src/sim/stats/survivalBonus.test.ts [2m([22m[2m8 tests[22m[2m)[22m[90m 14[2mms[22m[39m
2026-09-09T17:24:21.5575035Z  [32m✓[39m src/ops/gitignoreDoesNotEatSources.test.ts [2m([22m[2m2 tests[22m[2m)[22m[33m 723[2mms[22m[39m
2026-09-09T17:24:21.5619555Z    [33m[2m✓[22m[39m `.gitignore` 不可以吃掉原始碼（GH#1038）[2m > [22m反方向：從實體走 —— 被 ignore 的原始碼檔 ⇒ 0 個，或在帶理由的豁免表 [33m580[2mms[22m[39m
2026-09-09T17:24:21.8979258Z  [32m✓[39m src/versionBadge.test.ts [2m([22m[2m6 tests[22m[2m)[22m[90m 8[2mms[22m[39m
2026-09-09T17:24:22.2930261Z  [32m✓[39m src/ops/syncConverges.test.ts [2m([22m[2m2 tests[22m[2m)[22m[90m 15[2mms[22m[39m
2026-09-09T17:24:24.8139671Z  [32m✓[39m src/sim/effects/costlySelfBuffNotDispellable.test.ts [2m([22m[2m2 tests[22m[2m)[22m[33m 2058[2mms[22m[39m
2026-09-09T17:24:25.6596263Z  [32m✓[39m src/ops/readmeListsFresh.test.ts [2m([22m[2m2 tests[22m[2m)[22m[33m 443[2mms[22m[39m
2026-09-09T17:24:25.6598877Z    [33m[2m✓[22m[39m README 的產生區塊[2m > [22m★ `--check` 是綠的（紅了不要改 README：跑 `pnpm docs:readme` 然後 git add） [33m437[2mms[22m[39m
2026-09-09T17:24:25.9787644Z  [32m✓[39m src/sim/effects/attackerSideStacks.test.ts [2m([22m[2m2 tests[22m[2m)[22m[33m 2690[2mms[22m[39m
2026-09-09T17:24:26.3989865Z  [32m✓[39m src/ops/deployStampReachesShard.test.ts [2m([22m[2m2 tests[22m[2m)[22m[90m 6[2mms[22m[39m
2026-09-09T17:24:27.0024224Z  [32m✓[39m src/sim/attackTypeGrant.test.ts [2m([22m[2m2 tests[22m[2m)[22m[90m 80[2mms[22m[39m
2026-09-09T17:24:27.1160327Z  [32m✓[39m src/content/heroForge/communityRefinements/cardLinks.test.ts [2m([22m[2m9 tests[22m[2m)[22m[33m 3157[2mms[22m[39m
2026-09-09T17:24:27.1162646Z    [33m[2m✓[22m[39m GH#1132 card sequence and next-shield resource[2m > [22mearns links only from alternating completed cards, caps at three and isolates the owner [33m404[2mms[22m[39m
2026-09-09T17:24:27.1165073Z    [33m[2m✓[22m[39m GH#1132 card sequence and next-shield resource[2m > [22mspends 0 existing links before rank 1 W, then records W as the next card [33m504[2mms[22m[39m
2026-09-09T17:24:27.1167681Z    [33m[2m✓[22m[39m GH#1132 card sequence and next-shield resource[2m > [22mspends 1 existing links before rank 1 W, then records W as the next card [33m446[2mms[22m[39m
2026-09-09T17:24:27.1170042Z    [33m[2m✓[22m[39m GH#1132 card sequence and next-shield resource[2m > [22mspends 2 existing links before rank 1 W, then records W as the next card [33m472[2mms[22m[39m
2026-09-09T17:24:27.1172290Z    [33m[2m✓[22m[39m GH#1132 card sequence and next-shield resource[2m > [22mspends 3 existing links before rank 1 W, then records W as the next card [33m384[2mms[22m[39m
2026-09-09T17:24:27.1174987Z    [33m[2m✓[22m[39m GH#1132 card sequence and next-shield resource[2m > [22mspends 3 existing links before rank 4 W, then records W as the next card [33m377[2mms[22m[39m
2026-09-09T17:24:27.4245065Z  [32m✓[39m src/sim/stats/roundSurvival.test.ts [2m([22m[2m9 tests[22m[2m)[22m[90m 12[2mms[22m[39m
2026-09-09T17:24:27.7883861Z  [32m✓[39m src/content/abilityCodeParity.test.ts [2m([22m[2m2 tests[22m[2m)[22m[90m 66[2mms[22m[39m
2026-09-09T17:24:28.2126199Z  [32m✓[39m src/content/icon.test.ts [2m([22m[2m4 tests[22m[2m)[22m[90m 23[2mms[22m[39m
2026-09-09T17:24:28.2841637Z  [32m✓[39m src/content/championOriginCoverage.test.ts [2m([22m[2m3 tests[22m[2m)[22m[90m 50[2mms[22m[39m
2026-09-09T17:24:28.6819971Z  [32m✓[39m src/content/wc3SoundClips.test.ts [2m([22m[2m2 tests[22m[2m)[22m[90m 12[2mms[22m[39m
2026-09-09T17:24:28.7679381Z  [32m✓[39m src/content/retiredItemsAbsent.test.ts [2m([22m[2m2 tests[22m[2m)[22m[90m 144[2mms[22m[39m
2026-09-09T17:24:29.3819986Z  [32m✓[39m src/content/slowLabelMatchesMultiplier.test.ts [2m([22m[2m2 tests[22m[2m)[22m[90m 163[2mms[22m[39m
2026-09-09T17:24:30.1233050Z  [32m✓[39m src/sim/spellVamp.test.ts [2m([22m[2m3 tests[22m[2m)[22m[90m 53[2mms[22m[39m
2026-09-09T17:24:30.1564908Z  [32m✓[39m src/ops/playerNoteDeclaredNone.test.ts [2m([22m[2m3 tests[22m[2m)[22m[33m 380[2mms[22m[39m
2026-09-09T17:24:30.9276797Z  [32m✓[39m src/sim/mobKillLevelOff.test.ts [2m([22m[2m4 tests[22m[2m)[22m[90m 12[2mms[22m[39m
2026-09-09T17:24:31.3749720Z  [32m✓[39m src/content/templates/drainLeechSubject.test.ts [2m([22m[2m1 test[22m[2m)[22m[90m 14[2mms[22m[39m
2026-09-09T17:24:32.1002777Z  [32m✓[39m src/content/apCoeffWired.test.ts [2m([22m[2m1 test[22m[2m)[22m[33m 2879[2mms[22m[39m
2026-09-09T17:24:32.1007796Z    [33m[2m✓[22m[39m AP 係數公式在載入時生效（GH#1035）[2m > [22m① 開關開：註冊表裡的 coeff ＝ 公式值，⛔ 不是 JSON 的字面值；② 開關關：回到字面值 [33m2877[2mms[22m[39m
2026-09-09T17:24:32.1400887Z  [32m✓[39m src/sim/content/mobCountsAsChampion.test.ts [2m([22m[2m3 tests[22m[2m)[22m[90m 7[2mms[22m[39m
2026-09-09T17:24:32.4986940Z  [32m✓[39m src/ops/rulingRegeneratesBoards.test.ts [2m([22m[2m3 tests[22m[2m)[22m[33m 670[2mms[22m[39m
2026-09-09T17:24:32.5029942Z    [33m[2m✓[22m[39m 帳本寫入端收工重生成 board:roll ＋ board:build（透過 genrun 的入口）[2m > [22mruling.sh：帳本真的寫了，兩支都被叫到 [33m365[2mms[22m[39m
2026-09-09T17:24:32.9889744Z  [32m✓[39m src/content/heroForge.test.ts [2m([22m[2m5 tests[22m[2m)[22m[90m 14[2mms[22m[39m
2026-09-09T17:24:33.0258944Z  [32m✓[39m src/content/vfxBindings.test.ts [2m([22m[2m4 tests[22m[2m)[22m[90m 282[2mms[22m[39m
2026-09-09T17:24:33.3929852Z  [32m✓[39m src/content/round11Skeleton.test.ts [2m([22m[2m6 tests[22m[2m)[22m[90m 20[2mms[22m[39m
2026-09-09T17:24:33.6398873Z  [32m✓[39m src/sim/groundAoeAllySide.test.ts [2m([22m[2m2 tests[22m[2m)[22m[90m 84[2mms[22m[39m
2026-09-09T17:24:33.7009908Z  [32m✓[39m src/content/schemaNoImportCycles.test.ts [2m([22m[2m2 tests[22m[2m)[22m[90m 196[2mms[22m[39m
2026-09-09T17:24:33.8300976Z  [32m✓[39m src/ops/vfxFamiliesWriterOrder.test.ts [2m([22m[2m2 tests[22m[2m)[22m[90m 59[2mms[22m[39m
2026-09-09T17:24:35.3153335Z  [32m✓[39m src/roomSettings.test.ts [2m([22m[2m3 tests[22m[2m)[22m[90m 10[2mms[22m[39m
2026-09-09T17:24:35.9454528Z  [32m✓[39m src/ops/miniDeployUntracked.test.ts [2m([22m[2m5 tests[22m[2m)[22m[90m 172[2mms[22m[39m
2026-09-09T17:24:37.5446772Z  [32m✓[39m src/content/itemCardShipped.test.ts [2m([22m[2m5 tests[22m[2m)[22m[90m 19[2mms[22m[39m
2026-09-09T17:24:37.8748409Z  [32m✓[39m src/sim/abilities/innateAoeReaches.test.ts [2m([22m[2m1 test[22m[2m)[22m[33m 2448[2mms[22m[39m
2026-09-09T17:24:37.9280748Z  [32m✓[39m src/ops/editorSurfaceIsHonest.test.ts [2m([22m[2m3 tests[22m[2m)[22m[90m 5[2mms[22m[39m
2026-09-09T17:24:38.2935721Z  [32m✓[39m src/ops/chidoriBuildBaseline.test.ts [2m([22m[2m4 tests[22m[2m)[22m[90m 5[2mms[22m[39m
2026-09-09T17:24:38.4664091Z  [32m✓[39m src/content/slotVocabularyAgrees.test.ts [2m([22m[2m3 tests[22m[2m)[22m[90m 8[2mms[22m[39m
2026-09-09T17:24:39.3201660Z  [32m✓[39m src/ops/ggdAssetsSurplus.test.ts [2m([22m[2m3 tests[22m[2m)[22m[33m 493[2mms[22m[39m
2026-09-09T17:24:40.6352277Z  [32m✓[39m src/content/transformInheritsOrigin.test.ts [2m([22m[2m2 tests[22m[2m)[22m[33m 698[2mms[22m[39m
2026-09-09T17:24:40.6418158Z  [32m✓[39m src/sim/navRoute.test.ts [2m([22m[2m2 tests[22m[2m)[22m[90m 61[2mms[22m[39m
2026-09-09T17:24:41.0794449Z  [32m✓[39m src/ops/enabledSwitchesHaveConsumers.test.ts [2m([22m[2m3 tests[22m[2m)[22m[90m 10[2mms[22m[39m
2026-09-09T17:24:41.2490470Z  [32m✓[39m src/ops/cspEnforceable.test.ts [2m([22m[2m3 tests[22m[2m)[22m[90m 189[2mms[22m[39m
2026-09-09T17:24:42.8600094Z  [32m✓[39m src/sim/fireRingLethalSaveConfig.test.ts [2m([22m[2m2 tests[22m[2m)[22m[90m 203[2mms[22m[39m
2026-09-09T17:24:43.1280265Z  [32m✓[39m src/content/saberWeaponDust.test.ts [2m([22m[2m2 tests[22m[2m)[22m[90m 13[2mms[22m[39m
2026-09-09T17:24:43.2181981Z  [32m✓[39m src/content/vfxFamilySoundIsCombat.test.ts [2m([22m[2m2 tests[22m[2m)[22m[90m 4[2mms[22m[39m
2026-09-09T17:24:43.5489859Z  [32m✓[39m src/sim/economy/randomOnlyTablesDeclared.test.ts [2m([22m[2m3 tests[22m[2m)[22m[90m 12[2mms[22m[39m
2026-09-09T17:24:44.0789455Z  [32m✓[39m src/content/formAmplifyClaims.test.ts [2m([22m[2m3 tests[22m[2m)[22m[90m 6[2mms[22m[39m
2026-09-09T17:24:44.2090165Z  [32m✓[39m src/content/heroForge/communityRefinements/ioriAcceptance.test.ts [2m([22m[2m4 tests[22m[2m)[22m[33m 8599[2mms[22m[39m
2026-09-09T17:24:44.2100915Z    [33m[2m✓[22m[39m defaults place a non-approaching melee EX within range but explicit out-of-range inputs still reject [33m2138[2mms[22m[39m
2026-09-09T17:24:44.2136222Z    [33m[2m✓[22m[39m Editor R preparation reaches an actual completion window before EX without seeding a marker [33m1461[2mms[22m[39m
2026-09-09T17:24:44.2150715Z    [33m[2m✓[22m[39m trusted import and Editor kit use the same actual six-slot compilation and preserve source text [33m3735[2mms[22m[39m
2026-09-09T17:24:44.2152796Z    [33m[2m✓[22m[39m v2 products remain isolated and preserve the previously implemented three-input E [33m1263[2mms[22m[39m
2026-09-09T17:24:44.5270647Z  [32m✓[39m src/content/heroForge/forms.test.ts [2m([22m[2m4 tests[22m[2m)[22m[33m 1109[2mms[22m[39m
2026-09-09T17:24:44.5290149Z    [33m[2m✓[22m[39m generated hero counterparts[2m > [22mexecutes rank 1 using the generated body and refuses a missing body [33m403[2mms[22m[39m
2026-09-09T17:24:45.5386327Z  [32m✓[39m src/sim/statCapsAreFences.test.ts [2m([22m[2m1 test[22m[2m)[22m[33m 627[2mms[22m[39m
2026-09-09T17:24:45.7961275Z  [32m✓[39m src/content/import/effectiveVfxLimits.test.ts [2m([22m[2m4 tests[22m[2m)[22m[90m 14[2mms[22m[39m
2026-09-09T17:24:45.8229847Z  [32m✓[39m src/sim/effects/blinkFixedDistance.test.ts [2m([22m[2m3 tests[22m[2m)[22m[90m 9[2mms[22m[39m
2026-09-09T17:24:46.2347850Z  [32m✓[39m src/content/singleArcPrimitive.test.ts [2m([22m[2m4 tests[22m[2m)[22m[90m 16[2mms[22m[39m
2026-09-09T17:24:46.4130088Z gh: To use GitHub CLI in a GitHub Actions workflow, set the GH_TOKEN environment variable. Example:
2026-09-09T17:24:46.4208086Z   env:
2026-09-09T17:24:46.4218775Z     GH_TOKEN: ${{ github.token }}
2026-09-09T17:24:46.4221271Z [90mstderr[2m | src/ops/releaseNoteHasPlayerSection.test.ts[2m > [22m[2m每一個 release note 都要有玩家段落（owner 2026-08-30）[2m > [22m[2m★ 最近的 release note 裡都要有一段「玩家看得到的」
2026-09-09T17:24:46.4232218Z [22m[39m⚠️ 這條閘**沒有驗到** —— `gh` 跑不起來。⛔ 這不是「全部都有玩家段落」。
2026-09-09T17:24:46.4232867Z 
2026-09-09T17:24:46.4234030Z  [32m✓[39m src/ops/releaseNoteHasPlayerSection.test.ts [2m([22m[2m2 tests[22m[2m)[22m[90m 186[2mms[22m[39m
2026-09-09T17:24:46.5803914Z  [32m✓[39m src/content/templates/blinkStrikeRoundtrip.test.ts [2m([22m[2m3 tests[22m[2m)[22m[90m 5[2mms[22m[39m
2026-09-09T17:24:46.9955695Z  [32m✓[39m src/sim/formGateReadsStatus.test.ts [2m([22m[2m2 tests[22m[2m)[22m[33m 808[2mms[22m[39m
2026-09-09T17:24:47.1440328Z  [32m✓[39m src/ops/champNamesGeneratorRuns.test.ts [2m([22m[2m3 tests[22m[2m)[22m[33m 379[2mms[22m[39m
2026-09-09T17:24:47.2620137Z  [32m✓[39m src/ops/laneVCommitRefLint.test.ts [2m([22m[2m4 tests[22m[2m)[22m[33m 551[2mms[22m[39m
2026-09-09T17:24:48.5370802Z  [32m✓[39m src/content/heroForge/presentationCatalogMatrix.test.ts [2m([22m[2m3 tests[22m[2m)[22m[33m 442[2mms[22m[39m
2026-09-09T17:24:48.5399772Z    [33m[2m✓[22m[39m hero presentation live catalog matrix[2m > [22mclassifies every VFX registry document without treating preview-only channels as shippable [33m336[2mms[22m[39m
2026-09-09T17:24:49.7909737Z  [32m✓[39m src/sim/dispelRules.test.ts [2m([22m[2m4 tests[22m[2m)[22m[90m 9[2mms[22m[39m
2026-09-09T17:24:50.1186902Z  [32m✓[39m src/ops/editorVocabulary.test.ts [2m([22m[2m4 tests[22m[2m)[22m[90m 5[2mms[22m[39m
2026-09-09T17:24:50.3010944Z  [32m✓[39m src/content/laneWBoneAttachRefsResolve.test.ts [2m([22m[2m3 tests[22m[2m)[22m[90m 5[2mms[22m[39m
2026-09-09T17:24:50.7559852Z  [32m✓[39m src/content/heroForge/communityRefinements/friendlyProtection.test.ts [2m([22m[2m8 tests[22m[2m)[22m[33m 1777[2mms[22m[39m
2026-09-09T17:24:50.7610181Z    [33m[2m✓[22m[39m GH#1132 authored friendly protection[2m > [22m21 rank 1 shields the selected ally instead of the caster [33m302[2mms[22m[39m
2026-09-09T17:24:50.7737262Z gh: To use GitHub CLI in a GitHub Actions workflow, set the GH_TOKEN environment variable. Example:
2026-09-09T17:24:50.7760181Z   env:
2026-09-09T17:24:50.7760872Z     GH_TOKEN: ${{ github.token }}
2026-09-09T17:24:50.7762987Z [90mstderr[2m | src/ops/everyTagHasReleaseNote.test.ts[2m > [22m[2m每一個 tag 都要有 release note（owner 2026-08-30 揪到 6 個沒有）[2m > [22m[2m★ 最近的每一個 tag，GitHub 上都要有 release
2026-09-09T17:24:50.7764551Z [22m[39m⚠️ 這條閘**沒有驗到** —— `gh release list` 跑不起來（沒登入／沒網路）。
2026-09-09T17:24:50.7765416Z    ⛔ 這不是「全部都有 note」。要驗：`gh auth status` 然後重跑。
2026-09-09T17:24:50.7765882Z 
2026-09-09T17:24:50.7767011Z  [32m✓[39m src/ops/everyTagHasReleaseNote.test.ts [2m([22m[2m2 tests[22m[2m)[22m[90m 150[2mms[22m[39m
2026-09-09T17:24:51.8171397Z  [32m✓[39m src/sim/mobEliteHealthBarWire.test.ts [2m([22m[2m3 tests[22m[2m)[22m[90m 7[2mms[22m[39m
2026-09-09T17:24:52.2678468Z  [32m✓[39m src/ops/normalizerListIsReal.test.ts [2m([22m[2m4 tests[22m[2m)[22m[90m 15[2mms[22m[39m
2026-09-09T17:24:52.8880272Z  [32m✓[39m src/ops/quarantineReleasesLegitimateWriters.test.ts [2m([22m[2m2 tests[22m[2m)[22m[90m 171[2mms[22m[39m
2026-09-09T17:24:53.1072330Z  [32m✓[39m src/content/heroForge/communityPassives.test.ts [2m([22m[2m8 tests[22m[2m)[22m[33m 1952[2mms[22m[39m
2026-09-09T17:24:53.1094077Z    [33m[2m✓[22m[39m warwick's adapted passive really triggers on attacks and respects its two-second cooldown [33m406[2mms[22m[39m
2026-09-09T17:24:54.1779772Z  [32m✓[39m src/ops/stockRibbonReport.test.ts [2m([22m[2m2 tests[22m[2m)[22m[33m 620[2mms[22m[39m
2026-09-09T17:24:54.1789626Z    [33m[2m✓[22m[39m stock 轉換入口的 RIBB 那一半（GH#753）[2m > [22m三個死法各自量得到，而且已知畫得出來的不會被誤殺 [33m493[2mms[22m[39m
2026-09-09T17:24:54.2049949Z  [32m✓[39m src/sim/effects/inferredDebuffPolarity.test.ts [2m([22m[2m5 tests[22m[2m)[22m[90m 28[2mms[22m[39m
2026-09-09T17:24:55.4217293Z  [32m✓[39m src/content/heroForge/migration.test.ts [2m([22m[2m2 tests[22m[2m)[22m[90m 31[2mms[22m[39m
2026-09-09T17:24:55.8600581Z  [32m✓[39m src/sim/stats/ratingRefs.test.ts [2m([22m[2m3 tests[22m[2m)[22m[90m 5[2mms[22m[39m
2026-09-09T17:24:56.3229532Z  [32m✓[39m src/content/editModelAppend.test.ts [2m([22m[2m8 tests[22m[2m)[22m[90m 18[2mms[22m[39m
2026-09-09T17:24:57.6189659Z  [32m✓[39m src/sim/effects/statusStacks.test.ts [2m([22m[2m4 tests[22m[2m)[22m[90m 10[2mms[22m[39m
2026-09-09T17:24:57.9929945Z  [32m✓[39m src/content/heroForge/communityRefinements/parodyAdaptations.test.ts [2m([22m[2m11 tests[22m[2m)[22m[33m 5256[2mms[22m[39m
2026-09-09T17:24:58.0001033Z    [33m[2m✓[22m[39m GH#1132 local parody adaptations preserve cores and apply real costs[2m > [22m01 W applies its own finite slow25 cost [33m458[2mms[22m[39m
2026-09-09T17:24:58.0049907Z    [33m[2m✓[22m[39m GH#1132 local parody adaptations preserve cores and apply real costs[2m > [22m02 W applies its own finite slow25 cost [33m477[2mms[22m[39m
2026-09-09T17:24:58.0089613Z    [33m[2m✓[22m[39m GH#1132 local parody adaptations preserve cores and apply real costs[2m > [22m04 R applies its own finite root cost [33m313[2mms[22m[39m
2026-09-09T17:24:58.0159646Z    [33m[2m✓[22m[39m GH#1132 local parody adaptations preserve cores and apply real costs[2m > [22m24 EX applies its own finite numbness cost [33m355[2mms[22m[39m
2026-09-09T17:24:58.0240592Z    [33m[2m✓[22m[39m GH#1132 local parody adaptations preserve cores and apply real costs[2m > [22m26 R applies its own finite root cost [33m331[2mms[22m[39m
2026-09-09T17:24:58.0340229Z    [33m[2m✓[22m[39m GH#1132 local parody adaptations preserve cores and apply real costs[2m > [22mMisaka W causes E to restore health, with matched ablated and unprepared controls [33m2126[2mms[22m[39m
2026-09-09T17:24:58.7047923Z  [32m✓[39m src/content/heroForge/templateVersions.test.ts [2m([22m[2m3 tests[22m[2m)[22m[33m 6326[2mms[22m[39m
2026-09-09T17:24:58.7071929Z    [33m[2m✓[22m[39m keeps two heroes and per-instance overrides stable after a template default changes [33m503[2mms[22m[39m
2026-09-09T17:24:58.7086126Z    [33m[2m✓[22m[39m round trips historical templates and rejects self-approved source snapshots [33m5731[2mms[22m[39m
2026-09-09T17:24:59.1989692Z  [32m✓[39m src/content/templates/allyShield.test.ts [2m([22m[2m6 tests[22m[2m)[22m[90m 7[2mms[22m[39m
2026-09-09T17:24:59.3609889Z  [32m✓[39m src/content/heroForge/contracts.test.ts [2m([22m[2m12 tests[22m[2m)[22m[90m 57[2mms[22m[39m
2026-09-09T17:25:00.0882505Z  [32m✓[39m src/ops/glbRegenRatchet.test.ts [2m([22m[2m2 tests[22m[2m)[22m[90m 269[2mms[22m[39m
2026-09-09T17:25:00.1469564Z  [32m✓[39m src/sim/fullVision.test.ts [2m([22m[2m3 tests[22m[2m)[22m[90m 22[2mms[22m[39m
2026-09-09T17:25:00.2205244Z  [32m✓[39m src/content/modelTextureAlphaMode.test.ts [2m([22m[2m1 test[22m[2m)[22m[33m 5622[2mms[22m[39m
2026-09-09T17:25:00.2210461Z    [33m[2m✓[22m[39m 3D model atlas alpha mode[2m > [22m每份出貨 GLB 的透明背景都由 MASK／BLEND 消除，不會畫出方形底板 [33m5621[2mms[22m[39m
2026-09-09T17:25:00.2808000Z  [32m✓[39m src/sim/mobLevelGrantsWired.test.ts [2m([22m[2m4 tests[22m[2m)[22m[90m 6[2mms[22m[39m
2026-09-09T17:25:00.5349657Z  [32m✓[39m src/content/sphereAttachSizes.test.ts [2m([22m[2m3 tests[22m[2m)[22m[90m 8[2mms[22m[39m
2026-09-09T17:25:00.6913982Z  [32m✓[39m src/ops/laneAGgdAssetsListing.test.ts [2m([22m[2m3 tests[22m[2m)[22m[90m 257[2mms[22m[39m
2026-09-09T17:25:00.9946711Z  [32m✓[39m src/content/schema/newKnobsAreLive.test.ts [2m([22m[2m2 tests[22m[2m)[22m[90m 17[2mms[22m[39m
2026-09-09T17:25:01.1952091Z  [32m✓[39m src/ops/cardSkillLineKeyIntegrity.test.ts [2m([22m[2m1 test[22m[2m)[22m[90m 123[2mms[22m[39m
2026-09-09T17:25:01.6699817Z  [32m✓[39m src/ops/clipDegradationHonest.test.ts [2m([22m[2m4 tests[22m[2m)[22m[90m 81[2mms[22m[39m
2026-09-09T17:25:01.7248960Z  [32m✓[39m src/sim/groundAoeResolve.test.ts [2m([22m[2m3 tests[22m[2m)[22m[90m 45[2mms[22m[39m
2026-09-09T17:25:01.7330013Z  [32m✓[39m src/ops/statusGateDoesNotDestroy.test.ts [2m([22m[2m3 tests[22m[2m)[22m[33m 303[2mms[22m[39m
2026-09-09T17:25:01.7773827Z  [32m✓[39m src/content/modelLodConfig.test.ts [2m([22m[2m6 tests[22m[2m)[22m[90m 14[2mms[22m[39m
2026-09-09T17:25:02.3934354Z  [32m✓[39m src/ops/laneCENSUSVfxCensusFresh.test.ts [2m([22m[2m5 tests[22m[2m)[22m[90m 249[2mms[22m[39m
2026-09-09T17:25:02.8148670Z  [32m✓[39m src/ops/contentChangeRunsContentReaders.test.ts [2m([22m[2m1 test[22m[2m)[22m[90m 71[2mms[22m[39m
2026-09-09T17:25:02.9610960Z  [32m✓[39m src/content/templates/templateProseCurrent.test.ts [2m([22m[2m3 tests[22m[2m)[22m[90m 23[2mms[22m[39m
2026-09-09T17:25:03.0979002Z  [32m✓[39m src/sim/fear.test.ts [2m([22m[2m1 test[22m[2m)[22m[90m 61[2mms[22m[39m
2026-09-09T17:25:03.1197241Z  [32m✓[39m src/content/championTemplateOverrides.test.ts [2m([22m[2m3 tests[22m[2m)[22m[90m 33[2mms[22m[39m
2026-09-09T17:25:03.5329606Z  [32m✓[39m src/voxel/texture.test.ts [2m([22m[2m12 tests[22m[2m)[22m[90m 18[2mms[22m[39m
2026-09-09T17:25:03.9189834Z  [32m✓[39m src/ops/acceptanceEightSingleHome.test.ts [2m([22m[2m4 tests[22m[2m)[22m[90m 12[2mms[22m[39m
2026-09-09T17:25:04.0629839Z  [32m✓[39m src/sim/xpMultiplierWired.test.ts [2m([22m[2m5 tests[22m[2m)[22m[90m 8[2mms[22m[39m
2026-09-09T17:25:04.5518891Z  [32m✓[39m src/ops/genInputCommitGate.test.ts [2m([22m[2m3 tests[22m[2m)[22m[33m 982[2mms[22m[39m
2026-09-09T17:25:04.5568855Z    [33m[2m✓[22m[39m 產生器輸入閘（GH#1026 ③）—— 從 sync-io.json 的 reads 推導[2m > [22m② 產物重生成了卻沒列進 pathspec ⇒ 擋，指名要加進 commit；③ 兩者一起 ⇒ 放 [33m459[2mms[22m[39m
2026-09-09T17:25:05.1949525Z  [32m✓[39m src/ops/laneYTicketDupeScan.test.ts [2m([22m[2m3 tests[22m[2m)[22m[90m 247[2mms[22m[39m
2026-09-09T17:25:05.2498663Z  [32m✓[39m src/sim/systems/mobAggroIndex.test.ts [2m([22m[2m4 tests[22m[2m)[22m[90m 21[2mms[22m[39m
2026-09-09T17:25:05.7219748Z  [32m✓[39m src/ops/sceneryCc0Provenance.test.ts [2m([22m[2m2 tests[22m[2m)[22m[33m 1214[2mms[22m[39m
2026-09-09T17:25:05.7309617Z    [33m[2m✓[22m[39m scenery-cc0 下載素材的帳本[2m > [22m⭐ 每一件都座在 y=0（讀出貨的位元組，⛔ 不是讀帳本） [33m1138[2mms[22m[39m
2026-09-09T17:25:05.7672068Z  [32m✓[39m src/content/resolvedAppearanceExport.test.ts [2m([22m[2m5 tests[22m[2m)[22m[90m 9[2mms[22m[39m
2026-09-09T17:25:05.7825552Z  [32m✓[39m src/content/reviewTuningHonesty.test.ts [2m([22m[2m5 tests[22m[2m)[22m[90m 7[2mms[22m[39m
2026-09-09T17:25:06.1321062Z  [32m✓[39m src/content/rankingShipped.test.ts [2m([22m[2m2 tests[22m[2m)[22m[90m 9[2mms[22m[39m
2026-09-09T17:25:06.1974646Z  [32m✓[39m src/content/treantSummon.test.ts [2m([22m[2m4 tests[22m[2m)[22m[90m 5[2mms[22m[39m
2026-09-09T17:25:06.5637580Z  [32m✓[39m src/ops/liveRouteDatasetNames.test.ts [2m([22m[2m3 tests[22m[2m)[22m[90m 7[2mms[22m[39m
2026-09-09T17:25:06.9686961Z  [32m✓[39m src/ops/tuneScript.test.ts [2m([22m[2m7 tests[22m[2m)[22m[90m 10[2mms[22m[39m
2026-09-09T17:25:07.3210173Z  [32m✓[39m src/sim/manaEconomyFloor.test.ts [2m([22m[2m2 tests[22m[2m)[22m[90m 224[2mms[22m[39m
2026-09-09T17:25:07.5627095Z  [32m✓[39m src/sim/systems/mobDeathHook.test.ts [2m([22m[2m2 tests[22m[2m)[22m[90m 55[2mms[22m[39m
2026-09-09T17:25:08.0281753Z  [32m✓[39m src/content/iconGenLoraSdxl.test.ts [2m([22m[2m3 tests[22m[2m)[22m[90m 6[2mms[22m[39m
2026-09-09T17:25:08.1421181Z  [32m✓[39m src/content/lowDamageCells.test.ts [2m([22m[2m3 tests[22m[2m)[22m[90m 17[2mms[22m[39m
2026-09-09T17:25:08.3967813Z  [32m✓[39m src/content/laneADPromotedArtIsLive.test.ts [2m([22m[2m2 tests[22m[2m)[22m[90m 13[2mms[22m[39m
2026-09-09T17:25:08.5760483Z  [32m✓[39m src/content/goreConfig.test.ts [2m([22m[2m4 tests[22m[2m)[22m[90m 21[2mms[22m[39m
2026-09-09T17:25:08.6702130Z  [32m✓[39m src/content/import/parseImportPackage.test.ts [2m([22m[2m3 tests[22m[2m)[22m[90m 32[2mms[22m[39m
2026-09-09T17:25:09.0539684Z  [32m✓[39m src/content/ambientVfxAnchorBones.test.ts [2m([22m[2m2 tests[22m[2m)[22m[90m 35[2mms[22m[39m
2026-09-09T17:25:09.2289517Z  [32m✓[39m src/ops/progressMarkerRoundTrips.test.ts [2m([22m[2m2 tests[22m[2m)[22m[90m 13[2mms[22m[39m
2026-09-09T17:25:09.4929676Z  [32m✓[39m src/ops/syncIoDeclaresWrites.test.ts [2m([22m[2m3 tests[22m[2m)[22m[90m 4[2mms[22m[39m
2026-09-09T17:25:10.4680167Z  [32m✓[39m src/ops/deriveCastTimesFailsLoud.test.ts [2m([22m[2m1 test[22m[2m)[22m[33m 7283[2mms[22m[39m
2026-09-09T17:25:10.4682738Z    [33m[2m✓[22m[39m deriveCastTimes 不可以安靜地跳過一位英雄 (GH#708)[2m > [22m一份載不進來的英雄卡 ⇒ 非零離開並指名是誰 [33m7282[2mms[22m[39m
2026-09-09T17:25:10.4844774Z  [32m✓[39m src/content/templates/markStacks.test.ts [2m([22m[2m4 tests[22m[2m)[22m[90m 14[2mms[22m[39m
2026-09-09T17:25:11.0335123Z  [32m✓[39m src/ops/arenaSpawnFailLoud.test.ts [2m([22m[2m2 tests[22m[2m)[22m[90m 18[2mms[22m[39m
2026-09-09T17:25:11.1229513Z  [32m✓[39m src/ops/noNulInSources.test.ts [2m([22m[2m2 tests[22m[2m)[22m[90m 273[2mms[22m[39m
2026-09-09T17:25:11.6469380Z  [32m✓[39m src/ops/skillAuditFresh.test.ts [2m([22m[2m2 tests[22m[2m)[22m[33m 2879[2mms[22m[39m
2026-09-09T17:25:11.6529426Z    [33m[2m✓[22m[39m 技能模板驗收標準與產生器同步[2m > [22m⭐ docs/技能模板驗收標準.md 是從現在這支 audit.py 生出來的 —— 過期就紅 [33m1566[2mms[22m[39m
2026-09-09T17:25:11.6569178Z    [33m[2m✓[22m[39m 技能模板驗收標準與產生器同步[2m > [22m🔴 尺真的量得到東西：標本的 JASS 演出鏈**跨得過 `EnableTrigger`** [33m1312[2mms[22m[39m
2026-09-09T17:25:12.5111875Z  [32m✓[39m src/ops/laneVParticlesRegenIsIdempotent.test.ts [2m([22m[2m1 test[22m[2m)[22m[33m 379[2mms[22m[39m
2026-09-09T17:25:12.5132783Z    [33m[2m✓[22m[39m GH#667 · extract_particles.py 重生成一次 ⇒ 出貨逐位元組不變[2m > [22m★ 282 份 vfx 文件 ＋ config/ambient-vfx.json 一個位元組都沒動 [33m358[2mms[22m[39m
2026-09-09T17:25:12.8690690Z [2m5:25:12 PM[22m [33m[1m[vite][22m[39m [33mwarning: invalid import "./${kind}.ts". Variable imports cannot import their own directory, place imports in a separate directory or make the import filename more specific. For example: import(`./foo/${bar}.js`).[39m
2026-09-09T17:25:12.8718346Z   Plugin: [35mvite:dynamic-import-vars[39m
2026-09-09T17:25:12.8745836Z   File: [36m/home/runner/work/GGD/GGD/packages/shared/src/content/schema/effects/effectShardWiring.test.ts[39m
2026-09-09T17:25:12.8749334Z [2m5:25:12 PM[22m [33m[1m[vite][22m[39m [33mwarning: invalid import "./${kind}.ts". Variable imports cannot import their own directory, place imports in a separate directory or make the import filename more specific. For example: import(`./foo/${bar}.js`).[39m
2026-09-09T17:25:12.8751209Z   Plugin: [35mvite:dynamic-import-vars[39m
2026-09-09T17:25:12.8752469Z   File: [36m/home/runner/work/GGD/GGD/packages/shared/src/content/schema/effects/effectShardWiring.test.ts[39m
2026-09-09T17:25:13.5569856Z  [32m✓[39m src/content/schema/effects/effectShardWiring.test.ts [2m([22m[2m4 tests[22m[2m)[22m[90m 96[2mms[22m[39m
2026-09-09T17:25:13.9219848Z  [32m✓[39m src/ops/liveDatasetsAllBuild.test.ts [2m([22m[2m2 tests[22m[2m)[22m[33m 2412[2mms[22m[39m
2026-09-09T17:25:13.9243678Z    [33m[2m✓[22m[39m live 資料集全部 build 得起來（GH#867）[2m > [22m每一支都跑得完，⛔ 沒有一支擲例外 [33m2401[2mms[22m[39m
2026-09-09T17:25:13.9589627Z  [32m✓[39m src/ops/batch2BoundaryMatrix.test.ts [2m([22m[2m5 tests[22m[2m)[22m[90m 12[2mms[22m[39m
2026-09-09T17:25:14.2759677Z  [32m✓[39m src/content/cache/contentCache.test.ts [2m([22m[2m3 tests[22m[2m)[22m[33m 3565[2mms[22m[39m
2026-09-09T17:25:14.2793150Z    [33m[2m✓[22m[39m 內容樹快取[2m > [22m還原出來的 store / manifest / 隔離清單,與讀內容樹逐份相同 [33m3460[2mms[22m[39m
2026-09-09T17:25:14.3769913Z  [32m✓[39m src/ops/nginxTokenScrub.test.ts [2m([22m[2m4 tests[22m[2m)[22m[90m 5[2mms[22m[39m
2026-09-09T17:25:14.5567756Z ⛔ log 不存在：/tmp/vitest-verdict-4Eeg86/missing.log —— ⭐ 上一步沒有 tee 進這個路徑（或根本沒跑到）；⛔ 沒有 log 不等於帳平
2026-09-09T17:25:14.5604688Z  [32m✓[39m src/ops/vitestVerdictCheck.test.ts [2m([22m[2m3 tests[22m[2m)[22m[90m 196[2mms[22m[39m
2026-09-09T17:25:14.8329684Z  [32m✓[39m src/content/authoring/primitives.test.ts [2m([22m[2m5 tests[22m[2m)[22m[90m 33[2mms[22m[39m
2026-09-09T17:25:14.9149797Z  [32m✓[39m src/ops/everyIndexHasAnOwner.test.ts [2m([22m[2m3 tests[22m[2m)[22m[90m 26[2mms[22m[39m
2026-09-09T17:25:15.2254825Z  [32m✓[39m src/ops/editorContractOnlyGrows.test.ts [2m([22m[2m3 tests[22m[2m)[22m[90m 3[2mms[22m[39m
2026-09-09T17:25:15.8414787Z  [32m✓[39m src/ops/codexContractFresh.test.ts [2m([22m[2m1 test[22m[2m)[22m[90m 16[2mms[22m[39m
2026-09-09T17:25:16.2679785Z  [32m✓[39m src/sim/economy/roundGrantRemainder.test.ts [2m([22m[2m3 tests[22m[2m)[22m[90m 23[2mms[22m[39m
2026-09-09T17:25:16.7709940Z  [32m✓[39m src/ops/playerNoteMentionVsChange.test.ts [2m([22m[2m4 tests[22m[2m)[22m[90m 8[2mms[22m[39m
2026-09-09T17:25:16.9048011Z  [32m✓[39m src/ops/killBountyDocSuperseded.test.ts [2m([22m[2m1 test[22m[2m)[22m[90m 6[2mms[22m[39m
2026-09-09T17:25:18.9019166Z  [32m✓[39m src/ops/editorCoverageFresh.test.ts [2m([22m[2m2 tests[22m[2m)[22m[33m 3317[2mms[22m[39m
2026-09-09T17:25:18.9039239Z    [33m[2m✓[22m[39m 編輯器涵蓋率清單不可能過期（owner 2026-08-30「分工明確」）[2m > [22m★ 清單與出貨註冊表逐位元組同步 [33m3303[2mms[22m[39m
2026-09-09T17:25:19.4457234Z  [32m✓[39m src/content/iconStylePromptHomes.test.ts [2m([22m[2m3 tests[22m[2m)[22m[90m 76[2mms[22m[39m
2026-09-09T17:25:20.8330024Z  [32m✓[39m src/content/heroForge/communityRefinements/conanAcceptance.test.ts [2m([22m[2m5 tests[22m[2m)[22m[33m 8091[2mms[22m[39m
2026-09-09T17:25:20.8339085Z    [33m[2m✓[22m[39m earns a real observed clue from the opponent before R, then consumes it [33m2113[2mms[22m[39m
2026-09-09T17:25:20.8359992Z    [33m[2m✓[22m[39m keeps the idle-opponent negative case and never invents target clues [33m1389[2mms[22m[39m
2026-09-09T17:25:20.8439152Z    [33m[2m✓[22m[39m runs the whole authored kit in live combat without seeding the target resource [33m2065[2mms[22m[39m
2026-09-09T17:25:20.8469021Z    [33m[2m✓[22m[39m cannot manufacture a clue when the observer passive is absent [33m1229[2mms[22m[39m
2026-09-09T17:25:20.8499097Z    [33m[2m✓[22m[39m rejects an unearned larger cost instead of topping up or partially consuming the clue [33m1293[2mms[22m[39m
2026-09-09T17:25:21.3496185Z  [32m✓[39m src/ops/skillNormalizePlan.test.ts [2m([22m[2m3 tests[22m[2m)[22m[90m 13[2mms[22m[39m
2026-09-09T17:25:21.6074466Z  [32m✓[39m src/content/schema/vfxTracks.test.ts [2m([22m[2m5 tests[22m[2m)[22m[90m 23[2mms[22m[39m
2026-09-09T17:25:21.7751396Z  [32m✓[39m src/sim/statusGatedPassives.test.ts [2m([22m[2m1 test[22m[2m)[22m[33m 813[2mms[22m[39m
2026-09-09T17:25:22.4576306Z  [32m✓[39m src/ops/laneAGenguardHeredoc.test.ts [2m([22m[2m3 tests[22m[2m)[22m[33m 432[2mms[22m[39m
2026-09-09T17:25:22.4613320Z  [32m✓[39m src/ops/playerNoteReadsShippedCommits.test.ts [2m([22m[2m3 tests[22m[2m)[22m[90m 258[2mms[22m[39m
2026-09-09T17:25:22.7289943Z  [32m✓[39m src/sim/manaNeverNegative.test.ts [2m([22m[2m3 tests[22m[2m)[22m[90m 119[2mms[22m[39m
2026-09-09T17:25:23.0069481Z  [32m✓[39m src/ops/liveWriteCoverage.test.ts [2m([22m[2m1 test[22m[2m)[22m[90m 134[2mms[22m[39m
2026-09-09T17:25:23.5309591Z  [32m✓[39m src/content/periodicFieldContentWiring.test.ts [2m([22m[2m1 test[22m[2m)[22m[90m 44[2mms[22m[39m
2026-09-09T17:25:25.5220129Z  [32m✓[39m src/content/__fixtures__/shippedContent.test.ts [2m([22m[2m2 tests[22m[2m)[22m[33m 461[2mms[22m[39m
2026-09-09T17:25:25.5222761Z    [33m[2m✓[22m[39m 出貨內容夾具[2m > [22m★ bundle 那條路與檔案樹那條路，每一個集合逐份相同（id·順序·內容） [33m459[2mms[22m[39m
2026-09-09T17:25:27.9755288Z  [32m✓[39m src/ops/syncPrune.test.ts [2m([22m[2m4 tests[22m[2m)[22m[33m 5038[2mms[22m[39m
2026-09-09T17:25:27.9797261Z    [33m[2m✓[22m[39m skills:sync 裁剪[2m > [22m② fail-closed：對不到輸入表就全跑 [33m2583[2mms[22m[39m
2026-09-09T17:25:27.9919679Z    [33m[2m✓[22m[39m skills:sync 裁剪[2m > [22m裁剪真的有裁到（改一行客戶端程式 ⛔ 不該跑 33 支） [33m2450[2mms[22m[39m
2026-09-09T17:25:28.6379862Z  [32m✓[39m src/envTier.test.ts [2m([22m[2m46 tests[22m[2m)[22m[90m 23[2mms[22m[39m
2026-09-09T17:25:29.4149683Z  [32m✓[39m src/ops/jassComboTable.test.ts [2m([22m[2m1 test[22m[2m)[22m[33m 361[2mms[22m[39m
2026-09-09T17:25:29.4168795Z    [33m[2m✓[22m[39m JASS 連段對照表[2m > [22m⭐ 29 列的間隔仍然逐字等於 war3map.j —— 過期就紅 [33m360[2mms[22m[39m
2026-09-09T17:25:29.8549884Z  [31m❯[39m src/ops/everyTagAnnounced.test.ts [2m([22m[2m1 test[22m[2m | [22m[31m1 failed[39m[2m)[22m[90m 72[2mms[22m[39m
2026-09-09T17:25:29.8605207Z [31m   [31m×[31m 每一個版號都要有 Discord 公告（owner 2026-09-01）[2m > [22m★ ⭐ `FROM` 之後的每一個 tag 都在公告帳本裡（⛔ 手打繞過 bmpndd.sh 就會紅）[90m 70[2mms[22m[31m[39m
2026-09-09T17:25:29.8637237Z [31m     → ⛔⛔ 這幾個版號**沒有玩家公告紀錄**：
2026-09-09T17:25:29.8638039Z   · v0.42.26
2026-09-09T17:25:29.8653726Z 
2026-09-09T17:25:29.8654370Z ⭐ 修法只有一個：**跑那個唯一入口**
2026-09-09T17:25:29.8655297Z     bash scripts/bmpndd.sh "<這一版的一句話>"
2026-09-09T17:25:29.8656478Z ⛔ 不是手打 release.sh + gh release create + mini-deploy.sh —— 
2026-09-09T17:25:29.8657847Z   那正是 2026-09-01 漏掉七版的做法（見本檔檔頭）。
2026-09-09T17:25:29.8674951Z ⚠️ 補發：set -a; . docker/.env; set +a; bash scripts/release-note-players.sh --post: expected [ 'v0.42.26' ] to deeply equal [][39m
2026-09-09T17:25:30.3046198Z  [32m✓[39m src/content/legendaryOwnerTiers.test.ts [2m([22m[2m1 test[22m[2m)[22m[90m 37[2mms[22m[39m
2026-09-09T17:25:31.3649901Z  [32m✓[39m src/content/heroForge/communityRefinements/azazelBatchAcceptance.test.ts [2m([22m[2m3 tests[22m[2m)[22m[33m 6380[2mms[22m[39m
2026-09-09T17:25:31.3666085Z    [33m[2m✓[22m[39m the trusted importer restores the v1 six-slot kit with its real earned resources [33m3659[2mms[22m[39m
2026-09-09T17:25:31.3668332Z    [33m[2m✓[22m[39m Editor prior R establishes the real curse, while empty energy still rejects EX [33m1339[2mms[22m[39m
2026-09-09T17:25:31.3670573Z    [33m[2m✓[22m[39m refinement preserves original text and isolates templates and other instantiated heroes [33m1381[2mms[22m[39m
2026-09-09T17:25:31.8529590Z  [32m✓[39m src/content/attachmentScale.test.ts [2m([22m[2m1 test[22m[2m)[22m[90m 17[2mms[22m[39m
2026-09-09T17:25:32.5130384Z  [32m✓[39m src/ops/noMacOnlyTmpPaths.test.ts [2m([22m[2m2 tests[22m[2m)[22m[90m 228[2mms[22m[39m
2026-09-09T17:25:34.1651850Z  [32m✓[39m src/content/finiteNumbers.test.ts [2m([22m[2m3 tests[22m[2m)[22m[90m 8[2mms[22m[39m
2026-09-09T17:25:34.4747198Z  [32m✓[39m src/content/heroForge/communityRefinements/tanjiroAcceptance.test.ts [2m([22m[2m3 tests[22m[2m)[22m[33m 7249[2mms[22m[39m
2026-09-09T17:25:34.4750257Z    [33m[2m✓[22m[39m Editor EX preparation uses real fire stance and keeps the same one-breath Q cost [33m2124[2mms[22m[39m
2026-09-09T17:25:34.4752528Z    [33m[2m✓[22m[39m trusted import and Editor exercise the same six-slot kit, original text and model binding [33m4020[2mms[22m[39m
2026-09-09T17:25:34.4754648Z    [33m[2m✓[22m[39m stance cost is pinned in independent products, and old revisions remain restorable [33m1103[2mms[22m[39m
2026-09-09T17:25:34.9582790Z  [32m✓[39m src/sim/wallBlocksBasicAttack.test.ts [2m([22m[2m5 tests[22m[2m)[22m[90m 11[2mms[22m[39m
2026-09-09T17:25:35.4105583Z  [32m✓[39m src/content/legacyIsolation.test.ts [2m([22m[2m2 tests[22m[2m)[22m[90m 51[2mms[22m[39m
2026-09-09T17:25:35.8859909Z  [32m✓[39m src/content/import/sha256WireFormatRoundTrips.test.ts [2m([22m[2m4 tests[22m[2m)[22m[90m 26[2mms[22m[39m
2026-09-09T17:25:36.1989912Z  [32m✓[39m src/sim/systems/projectileSettledZone.test.ts [2m([22m[2m2 tests[22m[2m)[22m[90m 20[2mms[22m[39m
2026-09-09T17:25:36.3491770Z ⛔ 出現 0 次，期望 1 —— **檔案沒有被改動**。
2026-09-09T17:25:36.3518631Z    ⭐ 最接近的幾行（注意縮排與全形字）：
2026-09-09T17:25:36.3555835Z    （一行都沒有）
2026-09-09T17:25:36.4728563Z ⛔ 出現 2 次，期望 1 —— **檔案沒有被改動**。
2026-09-09T17:25:36.4748354Z    ⭐ 最接近的幾行（注意縮排與全形字）：
2026-09-09T17:25:36.4764100Z    （一行都沒有）
2026-09-09T17:25:36.5356038Z ⛔ 出現 0 次，期望 1 —— **檔案沒有被改動**。
2026-09-09T17:25:36.5357733Z    ⭐ 最接近的幾行（注意縮排與全形字）：
2026-09-09T17:25:36.5358549Z   1: if (x) {
2026-09-09T17:25:36.5359953Z  [32m✓[39m src/ops/editOrDie.test.ts [2m([22m[2m4 tests[22m[2m)[22m[90m 276[2mms[22m[39m
2026-09-09T17:25:36.5618682Z  [32m✓[39m src/content/heroForge/communityRefinements/parodyBatch.test.ts [2m([22m[2m83 tests[22m[2m)[22m[33m 17720[2mms[22m[39m
2026-09-09T17:25:36.5628371Z    [33m[2m✓[22m[39m 05 approved parody: 過熱機器人：砲擊把自己燒到跑不動，排氣拿敵人當散熱片[2m > [22mcausal combo 1: Q → W, four matched timelines [33m385[2mms[22m[39m
2026-09-09T17:25:36.5631063Z    [33m[2m✓[22m[39m 05 approved parody: 過熱機器人：砲擊把自己燒到跑不動，排氣拿敵人當散熱片[2m > [22mall five active slots produce real gameplay changes beyond payment or visuals [33m781[2mms[22m[39m
2026-09-09T17:25:36.5633563Z    [33m[2m✓[22m[39m 06 approved parody: 吃撐二選一：把對手當午餐，吐出去打人或吞下去補血[2m > [22mcausal combo 1: Q → W, four matched timelines [33m420[2mms[22m[39m
2026-09-09T17:25:36.5636132Z    [33m[2m✓[22m[39m 06 approved parody: 吃撐二選一：把對手當午餐，吐出去打人或吞下去補血[2m > [22mall five active slots produce real gameplay changes beyond payment or visuals [33m440[2mms[22m[39m
2026-09-09T17:25:36.5651215Z    [33m[2m✓[22m[39m 07 approved parody: 伸縮自在的口香糖：先黏、再推遠，拉長了才像在打人[2m > [22mall five active slots produce real gameplay changes beyond payment or visuals [33m419[2mms[22m[39m
2026-09-09T17:25:36.5669649Z    [33m[2m✓[22m[39m 08 approved parody: 瓦斯費先付：原地換罐挨打，補氣後的斬擊才有第二刀[2m > [22mcausal combo 1: E → Q, four matched timelines [33m367[2mms[22m[39m
2026-09-09T17:25:36.5673935Z    [33m[2m✓[22m[39m 08 approved parody: 瓦斯費先付：原地換罐挨打，補氣後的斬擊才有第二刀[2m > [22mall five active slots produce real gameplay changes beyond payment or visuals [33m358[2mms[22m[39m
2026-09-09T17:25:36.5676817Z    [33m[2m✓[22m[39m 09 approved parody: 賢狼保險：拿自己的血當保費，快破產時才開出大額理賠[2m > [22mall five active slots produce real gameplay changes beyond payment or visuals [33m345[2mms[22m[39m
2026-09-09T17:25:36.5679960Z    [33m[2m✓[22m[39m 10 approved parody: Zero遙控上班：敵人先點名，隊友加速幹活，自己慢半拍開會[2m > [22mall five active slots produce real gameplay changes beyond payment or visuals [33m502[2mms[22m[39m
2026-09-09T17:25:36.5682862Z    [33m[2m✓[22m[39m 11 approved parody: 史萊姆試吃會：真的挨過物理或魔法，才能分別吐出不同口味[2m > [22mall five active slots produce real gameplay changes beyond payment or visuals [33m389[2mms[22m[39m
2026-09-09T17:25:36.5687201Z    [33m[2m✓[22m[39m 12 approved parody: 投影保固：山寨盾真的碎了，才能把退貨單投影成第二把劍[2m > [22mall five active slots produce real gameplay changes beyond payment or visuals [33m377[2mms[22m[39m
2026-09-09T17:25:36.5690227Z    [33m[2m✓[22m[39m 13 approved parody: 自拍狙擊：架好相機才有大頭照，嫌臉太大就把人推遠[2m > [22mall five active slots produce real gameplay changes beyond payment or visuals [33m357[2mms[22m[39m
2026-09-09T17:25:36.5692729Z    [33m[2m✓[22m[39m 14 approved parody: 改作業的殺老師：先讓學生看不清，再把錯題收回換全班補血[2m > [22mcausal combo 1: Q → W, four matched timelines [33m323[2mms[22m[39m
2026-09-09T17:25:36.5695378Z    [33m[2m✓[22m[39m 14 approved parody: 改作業的殺老師：先讓學生看不清，再把錯題收回換全班補血[2m > [22mall five active slots produce real gameplay changes beyond payment or visuals [33m353[2mms[22m[39m
2026-09-09T17:25:36.5698473Z    [33m[2m✓[22m[39m 16 approved parody: 魔法少女換裝事故：穿近戰卡會丟掉魔攻，卸妝才退票[2m > [22mall five active slots produce real gameplay changes beyond payment or visuals [33m361[2mms[22m[39m
2026-09-09T17:25:36.5701760Z    [33m[2m✓[22m[39m 17 approved parody: 骨王年會：自己站住講幹話換魔攻，保鑣與提早散會救場[2m > [22mall five active slots produce real gameplay changes beyond payment or visuals [33m436[2mms[22m[39m
2026-09-09T17:25:36.5705003Z    [33m[2m✓[22m[39m 18 approved parody: 王之信用審查：先扣對手魔力，餘額不足才加收寶具手續費[2m > [22mall five active slots produce real gameplay changes beyond payment or visuals [33m429[2mms[22m[39m
2026-09-09T17:25:36.5708464Z    [33m[2m✓[22m[39m 19 approved parody: 雙刀鍵盤鬼：Q後換W才退Q冷卻，無腦同鍵連點不報銷[2m > [22mall five active slots produce real gameplay changes beyond payment or visuals [33m436[2mms[22m[39m
2026-09-09T17:25:36.5716030Z    [33m[2m✓[22m[39m 22 approved parody: 昴的免死薪水：每回合只領一次，拿血幫隊友後自己哭著討拍[2m > [22mcausal combo 1: W → R, four matched timelines [33m387[2mms[22m[39m
2026-09-09T17:25:36.5718889Z    [33m[2m✓[22m[39m 22 approved parody: 昴的免死薪水：每回合只領一次，拿血幫隊友後自己哭著討拍[2m > [22mall five active slots produce real gameplay changes beyond payment or visuals [33m487[2mms[22m[39m
2026-09-09T17:25:36.5722118Z    [33m[2m✓[22m[39m 25 approved parody: 一拳特價日：提著菜不能普攻，放下購物袋才打得出認真拳[2m > [22mall five active slots produce real gameplay changes beyond payment or visuals [33m373[2mms[22m[39m
2026-09-09T17:25:36.5724952Z    [33m[2m✓[22m[39m 36 approved parody: 蘭斯嘴砲隊長：全怪來打我，隊友趁我挨揍跑掉[2m > [22mall five active slots produce real gameplay changes beyond payment or visuals [33m380[2mms[22m[39m
2026-09-09T17:25:36.5882368Z  [32m✓[39m src/ops/codexHandoffFresh.test.ts [2m([22m[2m2 tests[22m[2m)[22m[90m 5[2mms[22m[39m
2026-09-09T17:25:36.9802440Z  [32m✓[39m src/ops/deployDiagnosisNamesTheSide.test.ts [2m([22m[2m4 tests[22m[2m)[22m[90m 7[2mms[22m[39m
2026-09-09T17:25:37.1004199Z  [32m✓[39m src/ops/jassTemplateMapFresh.test.ts [2m([22m[2m3 tests[22m[2m)[22m[90m 119[2mms[22m[39m
2026-09-09T17:25:37.6149802Z  [32m✓[39m src/ops/ruleSlipLedger.test.ts [2m([22m[2m3 tests[22m[2m)[22m[90m 92[2mms[22m[39m
2026-09-09T17:25:37.7069353Z  [32m✓[39m src/sim/castChannelOrderSingleHome.test.ts [2m([22m[2m1 test[22m[2m)[22m[90m 8[2mms[22m[39m
2026-09-09T17:25:37.8237064Z  [32m✓[39m src/sim/targetingKnobs.test.ts [2m([22m[2m3 tests[22m[2m)[22m[90m 4[2mms[22m[39m
2026-09-09T17:25:38.2498882Z  [32m✓[39m src/ops/legacyIndexFresh.test.ts [2m([22m[2m2 tests[22m[2m)[22m[90m 130[2mms[22m[39m
2026-09-09T17:25:38.3850020Z  [32m✓[39m src/content/persistentVfxClientCoverage.test.ts [2m([22m[2m2 tests[22m[2m)[22m[90m 117[2mms[22m[39m
2026-09-09T17:25:38.6829646Z  [32m✓[39m src/sim/statCapSpace.test.ts [2m([22m[2m2 tests[22m[2m)[22m[90m 8[2mms[22m[39m
2026-09-09T17:25:38.8939662Z  [32m✓[39m src/content/renderAbilityText.test.ts [2m([22m[2m5 tests[22m[2m)[22m[90m 18[2mms[22m[39m
2026-09-09T17:25:39.1599737Z  [32m✓[39m src/content/import/jcs.test.ts [2m([22m[2m7 tests[22m[2m)[22m[90m 34[2mms[22m[39m
2026-09-09T17:25:39.4286054Z  [32m✓[39m src/content/heroForge/communityRefinements/jotaroAcceptance.test.ts [2m([22m[2m3 tests[22m[2m)[22m[33m 7429[2mms[22m[39m
2026-09-09T17:25:39.4319860Z    [33m[2m✓[22m[39m Editor R preparation queues actual EX then releases it; actor hold comes from Sim [33m2187[2mms[22m[39m
2026-09-09T17:25:39.4341107Z    [33m[2m✓[22m[39m trusted importer and Editor use the same six-slot compilation and untouched owner text [33m3950[2mms[22m[39m
2026-09-09T17:25:39.4365168Z    [33m[2m✓[22m[39m v1 products have independent templates and retain the prior revision for rollback [33m1290[2mms[22m[39m
2026-09-09T17:25:39.6136391Z  [32m✓[39m src/content/import/zipSafety.test.ts [2m([22m[2m17 tests[22m[2m)[22m[90m 13[2mms[22m[39m
2026-09-09T17:25:39.6880225Z  [32m✓[39m src/content/import/targetProfile.test.ts [2m([22m[2m3 tests[22m[2m)[22m[90m 87[2mms[22m[39m
2026-09-09T17:25:40.2630092Z  [32m✓[39m src/ops/hookHeredocOpenerSingleHome.test.ts [2m([22m[2m3 tests[22m[2m)[22m[90m 252[2mms[22m[39m
2026-09-09T17:25:40.6288570Z  [32m✓[39m src/content/templates/modelFxAnchorBone.test.ts [2m([22m[2m3 tests[22m[2m)[22m[90m 33[2mms[22m[39m
2026-09-09T17:25:40.7149922Z  [32m✓[39m src/ops/ledgerWriteWorksOutsideGenrun.test.ts [2m([22m[2m1 test[22m[2m)[22m[90m 72[2mms[22m[39m
2026-09-09T17:25:40.7179146Z  [32m✓[39m src/ops/laneVDryRunWritesNothing.test.ts [2m([22m[2m2 tests[22m[2m)[22m[33m 546[2mms[22m[39m
2026-09-09T17:25:40.7239512Z    [33m[2m✓[22m[39m GH#769 · 轉檔鏈的 --dry-run 與紀錄對帳[2m > [22m★ --dry-run 跑完，紀錄目錄與模型目錄逐位元組不變 [33m393[2mms[22m[39m
2026-09-09T17:25:41.8360361Z  [32m✓[39m src/content/templates/pullThrowApex.test.ts [2m([22m[2m2 tests[22m[2m)[22m[90m 6[2mms[22m[39m
2026-09-09T17:25:42.0966204Z  [32m✓[39m src/content/heroForge/effectAuthoring.test.ts [2m([22m[2m2 tests[22m[2m)[22m[90m 179[2mms[22m[39m
2026-09-09T17:25:42.6169949Z  [32m✓[39m src/ops/balanceAnchorDocHonest.test.ts [2m([22m[2m2 tests[22m[2m)[22m[90m 10[2mms[22m[39m
2026-09-09T17:25:43.0133551Z  [32m✓[39m src/content/abilityDashProvenance.test.ts [2m([22m[2m4 tests[22m[2m)[22m[90m 7[2mms[22m[39m
2026-09-09T17:25:43.1579143Z  [32m✓[39m src/sim/content/conditionFacing.test.ts [2m([22m[2m15 tests[22m[2m)[22m[90m 33[2mms[22m[39m
2026-09-09T17:25:43.3611715Z  [32m✓[39m src/ops/cspReportCollector.test.ts [2m([22m[2m4 tests[22m[2m)[22m[90m 14[2mms[22m[39m
2026-09-09T17:25:44.3262209Z  [32m✓[39m src/sim/reviveRadiusHonest.test.ts [2m([22m[2m1 test[22m[2m)[22m[90m 36[2mms[22m[39m
2026-09-09T17:25:44.6312154Z  [32m✓[39m src/sim/economy/economyRules.test.ts [2m([22m[2m4 tests[22m[2m)[22m[90m 21[2mms[22m[39m
2026-09-09T17:25:44.9509928Z  [32m✓[39m src/content/abilityPressPayload.test.ts [2m([22m[2m2 tests[22m[2m)[22m[33m 2628[2mms[22m[39m
2026-09-09T17:25:45.4040092Z  [32m✓[39m src/ops/ticketPremiseRecheck.test.ts [2m([22m[2m4 tests[22m[2m)[22m[33m 621[2mms[22m[39m
2026-09-09T17:25:45.4240193Z  [32m✓[39m src/sim/collision/spatialHashStamp.test.ts [2m([22m[2m5 tests[22m[2m)[22m[90m 12[2mms[22m[39m
2026-09-09T17:25:46.1219892Z  [32m✓[39m src/sim/systems/worldHookGh354.test.ts [2m([22m[2m3 tests[22m[2m)[22m[90m 12[2mms[22m[39m
2026-09-09T17:25:46.5270491Z  [32m✓[39m src/content/vfxPromotedRefsResolve.test.ts [2m([22m[2m1 test[22m[2m)[22m[90m 53[2mms[22m[39m
2026-09-09T17:25:47.0281986Z  [32m✓[39m src/sim/reviveContestOff.test.ts [2m([22m[2m1 test[22m[2m)[22m[90m 29[2mms[22m[39m
2026-09-09T17:25:47.1516242Z  [32m✓[39m src/sim/formImmobile.test.ts [2m([22m[2m1 test[22m[2m)[22m[33m 819[2mms[22m[39m
2026-09-09T17:25:47.8489757Z  [32m✓[39m src/content/heroForge/presentation.test.ts [2m([22m[2m3 tests[22m[2m)[22m[90m 33[2mms[22m[39m
2026-09-09T17:25:48.1692797Z  [32m✓[39m src/content/aoeTiers.test.ts [2m([22m[2m5 tests[22m[2m)[22m[90m 29[2mms[22m[39m
2026-09-09T17:25:48.3892519Z  [32m✓[39m src/content/championCardSkillLine.test.ts [2m([22m[2m1 test[22m[2m)[22m[33m 1471[2mms[22m[39m
2026-09-09T17:25:48.3940173Z    [33m[2m✓[22m[39m champion 卡面的技能行[2m > [22m⭐ 沒有接錯的槽位，而每一格改名都解釋得出來（⛔ 不對合法改名紅） [33m1470[2mms[22m[39m
2026-09-09T17:25:48.9206005Z  [32m✓[39m src/ops/boardBackupBeforeOverwrite.test.ts [2m([22m[2m1 test[22m[2m)[22m[90m 285[2mms[22m[39m
2026-09-09T17:25:49.3074522Z  [32m✓[39m src/content/vfxCleanupConfig.test.ts [2m([22m[2m4 tests[22m[2m)[22m[90m 10[2mms[22m[39m
2026-09-09T17:25:49.3299619Z  [32m✓[39m src/ops/skillNormalizeValve.test.ts [2m([22m[2m1 test[22m[2m)[22m[33m 10059[2mms[22m[39m
2026-09-09T17:25:49.3309665Z    [33m[2m✓[22m[39m skill-normalize.enabled 是活的止血閥（GH#1053）[2m > [22m同一棵壞樹：閥開 ⇒ 紅、閥關 ⇒ exit 0 並指名止血閥 [33m10058[2mms[22m[39m
2026-09-09T17:25:49.8950335Z  [32m✓[39m src/ops/styleSpecFresh.test.ts [2m([22m[2m1 test[22m[2m)[22m[90m 213[2mms[22m[39m
2026-09-09T17:25:50.3340200Z  [32m✓[39m src/content/schema/statusEffectTags.test.ts [2m([22m[2m2 tests[22m[2m)[22m[90m 6[2mms[22m[39m
2026-09-09T17:25:50.5098145Z  [32m✓[39m src/sim/destroyClearsEntityStores.test.ts [2m([22m[2m1 test[22m[2m)[22m[90m 15[2mms[22m[39m
2026-09-09T17:25:51.2281857Z  [32m✓[39m src/ops/testTreeCleanCheck.test.ts [2m([22m[2m2 tests[22m[2m)[22m[90m 242[2mms[22m[39m
2026-09-09T17:25:51.4850438Z  [32m✓[39m src/ops/ticketLint.test.ts [2m([22m[2m4 tests[22m[2m)[22m[33m 746[2mms[22m[39m
2026-09-09T17:25:51.7469788Z  [32m✓[39m src/content/shippedIconsAreCurrentStyle.test.ts [2m([22m[2m2 tests[22m[2m)[22m[90m 170[2mms[22m[39m
2026-09-09T17:25:51.9270425Z  [32m✓[39m src/ops/legacySpecQuarantine.test.ts [2m([22m[2m2 tests[22m[2m)[22m[90m 11[2mms[22m[39m
2026-09-09T17:25:52.2254957Z  [32m✓[39m src/sim/world/arenaRotation.test.ts [2m([22m[2m5 tests[22m[2m)[22m[90m 14[2mms[22m[39m
2026-09-09T17:25:52.3419692Z  [32m✓[39m src/content/sphereAttachmentDecisions.test.ts [2m([22m[2m3 tests[22m[2m)[22m[90m 13[2mms[22m[39m
2026-09-09T17:25:52.4091926Z  [32m✓[39m src/content/arenaSpawnSeats.test.ts [2m([22m[2m3 tests[22m[2m)[22m[33m 1798[2mms[22m[39m
2026-09-09T17:25:52.4094417Z    [33m[2m✓[22m[39m arena@1 的每一側出生點都坐得滿一隊 (GH#325)[2m > [22m出貨的每一張場地都已經滿足它 —— 這條契約零內容改動 [33m1790[2mms[22m[39m
2026-09-09T17:25:52.7983728Z  [32m✓[39m src/sim/moveFeel.test.ts [2m([22m[2m4 tests[22m[2m)[22m[90m 15[2mms[22m[39m
2026-09-09T17:25:52.9090241Z  [32m✓[39m src/content/summonBodyExists.test.ts [2m([22m[2m3 tests[22m[2m)[22m[90m 14[2mms[22m[39m
2026-09-09T17:25:53.3920722Z  [32m✓[39m src/content/retiredTierNamesStayRetired.test.ts [2m([22m[2m2 tests[22m[2m)[22m[90m 75[2mms[22m[39m
2026-09-09T17:25:54.2630848Z  [32m✓[39m src/sim/stats/heroInitialAd.test.ts [2m([22m[2m1 test[22m[2m)[22m[90m 13[2mms[22m[39m
2026-09-09T17:25:54.6040091Z  [32m✓[39m src/content/heroForge/communityRefinements/maiAcceptance.test.ts [2m([22m[2m3 tests[22m[2m)[22m[33m 4223[2mms[22m[39m
2026-09-09T17:25:54.6098919Z    [33m[2m✓[22m[39m the trusted importer accepts the current six-slot kit without source mutation [33m2983[2mms[22m[39m
2026-09-09T17:25:54.6139613Z    [33m[2m✓[22m[39m Editor EX preparation follows a real W hit once without altering the authored project [33m1068[2mms[22m[39m
2026-09-09T17:25:54.7499891Z  [32m✓[39m src/sim/markInstall.test.ts [2m([22m[2m2 tests[22m[2m)[22m[90m 11[2mms[22m[39m
2026-09-09T17:25:54.9141155Z  [32m✓[39m src/sim/map/interactionAnchors.test.ts [2m([22m[2m2 tests[22m[2m)[22m[90m 160[2mms[22m[39m
2026-09-09T17:25:55.3509936Z  [32m✓[39m src/content/schema/config/weatherRainRoll.test.ts [2m([22m[2m4 tests[22m[2m)[22m[90m 181[2mms[22m[39m
2026-09-09T17:25:55.4758342Z  [32m✓[39m src/content/championPitch.test.ts [2m([22m[2m3 tests[22m[2m)[22m[90m 16[2mms[22m[39m
2026-09-09T17:25:55.8141860Z  [32m✓[39m src/ops/separationLadderIsRead.test.ts [2m([22m[2m5 tests[22m[2m)[22m[90m 9[2mms[22m[39m
2026-09-09T17:25:56.6493203Z  [32m✓[39m src/ops/skillRemakeJsonFresh.test.ts [2m([22m[2m1 test[22m[2m)[22m[33m 743[2mms[22m[39m
2026-09-09T17:25:56.6500898Z    [33m[2m✓[22m[39m 90 支重製技能的 JSON 沒有被繞過產生器改動（GH#319）[2m > [22m⭐ 產生器 --check 必須是 0 —— ⛔ 手改會在這裡紅，不是在下次重生成時無聲消失 [33m741[2mms[22m[39m
2026-09-09T17:25:57.7899275Z  [32m✓[39m src/ops/laneINFRAPlan.test.ts [2m([22m[2m4 tests[22m[2m)[22m[33m 537[2mms[22m[39m
2026-09-09T17:25:59.6610151Z  [32m✓[39m src/content/audioMap.test.ts [2m([22m[2m3 tests[22m[2m)[22m[90m 9[2mms[22m[39m
2026-09-09T17:26:00.4000038Z  [32m✓[39m src/staleArtifacts.test.ts [2m([22m[2m1 test[22m[2m)[22m[90m 209[2mms[22m[39m
2026-09-09T17:26:01.0674525Z  [32m✓[39m src/ops/mdxFilterModeContract.test.ts [2m([22m[2m3 tests[22m[2m)[22m[90m 8[2mms[22m[39m
2026-09-09T17:26:03.2823523Z  [32m✓[39m src/content/heroForge/communityRefinements/ioriRecastAcceptance.test.ts [2m([22m[2m6 tests[22m[2m)[22m[33m 8957[2mms[22m[39m
2026-09-09T17:26:03.2840836Z    [33m[2m✓[22m[39m trusted recompile retains the recast program and accepts the existing kit [33m3097[2mms[22m[39m
2026-09-09T17:26:03.2843025Z    [33m[2m✓[22m[39m Editor explicit inputs [] use real casts and preserve the source [33m1345[2mms[22m[39m
2026-09-09T17:26:03.2844890Z    [33m[2m✓[22m[39m Editor explicit inputs [0.3,0.6] use real casts and preserve the source [33m1813[2mms[22m[39m
2026-09-09T17:26:03.2846723Z    [33m[2m✓[22m[39m Editor explicit inputs [0.01,0.02] use real casts and preserve the source [33m1278[2mms[22m[39m
2026-09-09T17:26:03.2849229Z    [33m[2m✓[22m[39m Editor explicit inputs [1.3] use real casts and preserve the source [33m1237[2mms[22m[39m
2026-09-09T17:26:03.4707036Z  [32m✓[39m src/content/import/readPackageZip.test.ts [2m([22m[2m7 tests[22m[2m)[22m[33m 3675[2mms[22m[39m
2026-09-09T17:26:03.4710616Z    [33m[2m✓[22m[39m one package ZIP reader in Main and offline Editor[2m > [22mrecovers full source text, runtime and exact binary assets without a server [33m2172[2mms[22m[39m
2026-09-09T17:26:03.4713387Z    [33m[2m✓[22m[39m one package ZIP reader in Main and offline Editor[2m > [22mrejects extra drift even with a freshly computed archive CRC [33m327[2mms[22m[39m
2026-09-09T17:26:03.4723212Z    [33m[2m✓[22m[39m one package ZIP reader in Main and offline Editor[2m > [22mrejects data drift even with a freshly computed archive CRC [33m322[2mms[22m[39m
2026-09-09T17:26:03.4725632Z    [33m[2m✓[22m[39m one package ZIP reader in Main and offline Editor[2m > [22mrejects transport drift even with a freshly computed archive CRC [33m308[2mms[22m[39m
2026-09-09T17:26:03.7239637Z  [32m✓[39m src/ops/innateLegendaryDocFresh.test.ts [2m([22m[2m1 test[22m[2m)[22m[33m 2285[2mms[22m[39m
2026-09-09T17:26:03.7319542Z    [33m[2m✓[22m[39m 固有能力及寶具總覽與 content 同步[2m > [22m⭐ 那份 md 是從現在這棵 content／註冊表生出來的 —— 過期就紅 [33m2284[2mms[22m[39m
2026-09-09T17:26:03.9589385Z  [32m✓[39m src/content/rangeTierAdoption.test.ts [2m([22m[2m1 test[22m[2m)[22m[90m 54[2mms[22m[39m
2026-09-09T17:26:04.1840120Z  [32m✓[39m src/content/modelUpload/heroModel.test.ts [2m([22m[2m3 tests[22m[2m)[22m[33m 357[2mms[22m[39m
2026-09-09T17:26:04.8638298Z  [32m✓[39m src/sim/combat/blockVfxAxis.test.ts [2m([22m[2m3 tests[22m[2m)[22m[90m 9[2mms[22m[39m
2026-09-09T17:26:05.2875687Z  [32m✓[39m src/ops/skillDescQuotesAreDialogue.test.ts [2m([22m[2m1 test[22m[2m)[22m[90m 110[2mms[22m[39m
2026-09-09T17:26:05.4542346Z  [32m✓[39m src/sim/abilities/berserkRules.applyTo.test.ts [2m([22m[2m2 tests[22m[2m)[22m[90m 7[2mms[22m[39m
2026-09-09T17:26:05.6654045Z  [32m✓[39m src/ops/laneYTraceChainParse.test.ts [2m([22m[2m3 tests[22m[2m)[22m[90m 6[2mms[22m[39m
2026-09-09T17:26:07.2417630Z  [32m✓[39m src/ops/mapArtCannotChangeCollision.test.ts [2m([22m[2m1 test[22m[2m)[22m[33m 405[2mms[22m[39m
2026-09-09T17:26:07.2459625Z    [33m[2m✓[22m[39m 美術層不可以改變碰撞（GH#324 Phase 6）[2m > [22m⭐ 只加 landmark / background 道具 → obstacles 位元相同 [33m403[2mms[22m[39m
2026-09-09T17:26:07.4549106Z  [32m✓[39m src/content/refs.test.ts [2m([22m[2m3 tests[22m[2m)[22m[90m 8[2mms[22m[39m
2026-09-09T17:26:07.6449662Z  [32m✓[39m src/sim/effects/muzzleOffset.test.ts [2m([22m[2m4 tests[22m[2m)[22m[90m 13[2mms[22m[39m
2026-09-09T17:26:07.9159955Z  [32m✓[39m src/ops/editorCoverageWalksNested.test.ts [2m([22m[2m4 tests[22m[2m)[22m[90m 8[2mms[22m[39m
2026-09-09T17:26:08.2689810Z  [32m✓[39m src/sim/map/gatesHold.test.ts [2m([22m[2m5 tests[22m[2m)[22m[90m 13[2mms[22m[39m
2026-09-09T17:26:08.6569451Z  [32m✓[39m src/sim/economy/shopResolution.test.ts [2m([22m[2m2 tests[22m[2m)[22m[90m 8[2mms[22m[39m
2026-09-09T17:26:08.6746802Z  [32m✓[39m src/ops/skillSpecFresh.test.ts [2m([22m[2m1 test[22m[2m)[22m[33m 4471[2mms[22m[39m
2026-09-09T17:26:08.6779315Z    [33m[2m✓[22m[39m 技能規則說明與引擎同步[2m > [22m⭐ 那份 md 是從現在這個 schema／註冊表／content 生出來的 —— 過期就紅 [33m4467[2mms[22m[39m
2026-09-09T17:26:09.6309696Z  [32m✓[39m src/sim/content/registryContext.test.ts [2m([22m[2m2 tests[22m[2m)[22m[90m 9[2mms[22m[39m
2026-09-09T17:26:10.1079993Z  [32m✓[39m src/ops/tempFileConvention.test.ts [2m([22m[2m2 tests[22m[2m)[22m[90m 12[2mms[22m[39m
2026-09-09T17:26:10.1151780Z  [32m✓[39m src/content/mapBgmCoversArenaPool.test.ts [2m([22m[2m3 tests[22m[2m)[22m[90m 15[2mms[22m[39m
2026-09-09T17:26:11.4137636Z  [32m✓[39m src/sim/systems/friendlyFirePayout.test.ts [2m([22m[2m2 tests[22m[2m)[22m[90m 47[2mms[22m[39m
2026-09-09T17:26:11.5122719Z  [32m✓[39m src/content/heroForge/communityRefinements/admissionPrerequisites.test.ts [2m([22m[2m7 tests[22m[2m)[22m[33m 13710[2mms[22m[39m
2026-09-09T17:26:11.5140576Z    [33m[2m✓[22m[39m 01 admits through actual prerequisite inputs without changing the hero [33m3131[2mms[22m[39m
2026-09-09T17:26:11.5142773Z    [33m[2m✓[22m[39m 23 admits through actual prerequisite inputs without changing the hero [33m1894[2mms[22m[39m
2026-09-09T17:26:11.5144642Z    [33m[2m✓[22m[39m 24 admits through actual prerequisite inputs without changing the hero [33m2037[2mms[22m[39m
2026-09-09T17:26:11.5146352Z    [33m[2m✓[22m[39m 28 admits through actual prerequisite inputs without changing the hero [33m1740[2mms[22m[39m
2026-09-09T17:26:11.5148249Z    [33m[2m✓[22m[39m 31 admits through actual prerequisite inputs without changing the hero [33m1579[2mms[22m[39m
2026-09-09T17:26:11.5150128Z    [33m[2m✓[22m[39m keeps the negative smoke result and deterministically earns real slide reads in admission [33m1987[2mms[22m[39m
2026-09-09T17:26:11.5152014Z    [33m[2m✓[22m[39m removing the actual evade resource producer still prevents admission [33m1339[2mms[22m[39m
2026-09-09T17:26:12.0270109Z  [32m✓[39m src/ops/enableAuditCallable.test.ts [2m([22m[2m3 tests[22m[2m)[22m[90m 10[2mms[22m[39m
2026-09-09T17:26:12.1822631Z  [32m✓[39m src/ops/skillTiersDocFresh.test.ts [2m([22m[2m1 test[22m[2m)[22m[33m 3152[2mms[22m[39m
2026-09-09T17:26:12.1825094Z    [33m[2m✓[22m[39m 技能級距規範與出貨設定同步[2m > [22m⭐ 那份 md 是從現在這張級距表與註冊表生出來的 —— 過期就紅 [33m3151[2mms[22m[39m
2026-09-09T17:26:12.6800166Z  [32m✓[39m src/content/deprecatedFieldsContract.test.ts [2m([22m[2m2 tests[22m[2m)[22m[90m 51[2mms[22m[39m
2026-09-09T17:26:13.5616292Z  [32m✓[39m src/sim/spawnLevelPoints.test.ts [2m([22m[2m2 tests[22m[2m)[22m[90m 11[2mms[22m[39m
2026-09-09T17:26:13.8268611Z  [32m✓[39m src/sim/abilities/cooldownDrain.test.ts [2m([22m[2m6 tests[22m[2m)[22m[90m 19[2mms[22m[39m
2026-09-09T17:26:13.9085093Z  [32m✓[39m src/ops/memoryTempScript.test.ts [2m([22m[2m1 test[22m[2m)[22m[33m 1465[2mms[22m[39m
2026-09-09T17:26:13.9093042Z    [33m[2m✓[22m[39m 保命快照 scripts/memory-temp.sh[2m > [22m寫出一份含真實 git 狀態、且三節手填欄位都在的 memory_temp [33m1463[2mms[22m[39m
2026-09-09T17:26:14.2962714Z  [32m✓[39m testkit/starterRoster.test.ts [2m([22m[2m3 tests[22m[2m)[22m[90m 8[2mms[22m[39m
2026-09-09T17:26:14.5599617Z  [32m✓[39m src/ops/askOwnerRemindsToCheckLedger.test.ts [2m([22m[2m3 tests[22m[2m)[22m[33m 370[2mms[22m[39m
2026-09-09T17:26:14.7381932Z  [32m✓[39m src/ops/readmeListsIgnoreRuntimeState.test.ts [2m([22m[2m1 test[22m[2m)[22m[33m 840[2mms[22m[39m
2026-09-09T17:26:14.7387025Z    [33m[2m✓[22m[39m README／docs/reference 的產生器不取決於這台機器的營運狀態（GH#995）[2m > [22m⭐ 白名單在／不在，`--check` 都是 up to date（⛔ 不再有 skip） [33m838[2mms[22m[39m
2026-09-09T17:26:14.9200671Z  [32m✓[39m src/ops/announceLedgerUpdatesOnForce.test.ts [2m([22m[2m3 tests[22m[2m)[22m[90m 228[2mms[22m[39m
2026-09-09T17:26:15.1011820Z  [32m✓[39m src/ops/deployTargetIsCurrent.test.ts [2m([22m[2m3 tests[22m[2m)[22m[90m 5[2mms[22m[39m
2026-09-09T17:26:15.8635862Z  [32m✓[39m src/ops/shippingValueNeedsARuling.test.ts [2m([22m[2m3 tests[22m[2m)[22m[33m 401[2mms[22m[39m
2026-09-09T17:26:16.2840073Z  [32m✓[39m src/sim/effects/statusStackEdges.test.ts [2m([22m[2m3 tests[22m[2m)[22m[90m 15[2mms[22m[39m
2026-09-09T17:26:16.9470045Z  [32m✓[39m src/content/heroForge/communityRefinements/sunrakuAcceptance.test.ts [2m([22m[2m3 tests[22m[2m)[22m[33m 5149[2mms[22m[39m
2026-09-09T17:26:16.9540389Z    [33m[2m✓[22m[39m single-slot preview earns target engagement through real enemy combat and reports its prepared self-resource [33m2041[2mms[22m[39m
2026-09-09T17:26:16.9609792Z    [33m[2m✓[22m[39m idle preview cannot fabricate target engagement even when three reads are prepared [33m1374[2mms[22m[39m
2026-09-09T17:26:16.9707155Z    [33m[2m✓[22m[39m the ordinary six-slot smoke sequence cannot invent three successful slide dodges [33m1730[2mms[22m[39m
2026-09-09T17:26:17.4212976Z  [32m✓[39m src/content/compat.test.ts [2m([22m[2m1 test[22m[2m)[22m[90m 15[2mms[22m[39m
2026-09-09T17:26:17.4492939Z  [32m✓[39m src/content/hash.test.ts [2m([22m[2m3 tests[22m[2m)[22m[90m 10[2mms[22m[39m
2026-09-09T17:26:17.5454864Z  [32m✓[39m src/content/import/uploadedHeroModel.test.ts [2m([22m[2m1 test[22m[2m)[22m[33m 1003[2mms[22m[39m
2026-09-09T17:26:17.5509958Z    [33m[2m✓[22m[39m compiles an uploaded body with its historical template and trusted generator provenance intact [33m1002[2mms[22m[39m
2026-09-09T17:26:17.9011787Z  [32m✓[39m src/content/schema/victoryPodium.test.ts [2m([22m[2m4 tests[22m[2m)[22m[90m 20[2mms[22m[39m
2026-09-09T17:26:17.9479868Z  [32m✓[39m src/ops/mapGroundStyleReachesArena.test.ts [2m([22m[2m3 tests[22m[2m)[22m[33m 420[2mms[22m[39m
2026-09-09T17:26:18.0124213Z  [32m✓[39m src/sim/combat/apDamageCurve.test.ts [2m([22m[2m4 tests[22m[2m)[22m[90m 7[2mms[22m[39m
2026-09-09T17:26:18.3347993Z  [32m✓[39m src/ops/boardMdPreserved.test.ts [2m([22m[2m2 tests[22m[2m)[22m[90m 7[2mms[22m[39m
2026-09-09T17:26:18.3409525Z  [32m✓[39m src/ops/helmNginxInSync.test.ts [2m([22m[2m1 test[22m[2m)[22m[90m 3[2mms[22m[39m
2026-09-09T17:26:18.4915676Z  [32m✓[39m src/content/schema/config/uiCues.test.ts [2m([22m[2m2 tests[22m[2m)[22m[90m 16[2mms[22m[39m
2026-09-09T17:26:18.8438906Z  [32m✓[39m src/sim/combat/abilityDamageMult.test.ts [2m([22m[2m1 test[22m[2m)[22m[90m 19[2mms[22m[39m
2026-09-09T17:26:18.8682764Z  [32m✓[39m src/constants.test.ts [2m([22m[2m4 tests[22m[2m)[22m[90m 6[2mms[22m[39m
2026-09-09T17:26:19.2533507Z  [32m✓[39m src/ops/genguardJsonBanner.test.ts [2m([22m[2m3 tests[22m[2m)[22m[33m 532[2mms[22m[39m
2026-09-09T17:26:19.3923308Z  [32m✓[39m src/ops/enableAuditRoute.test.ts [2m([22m[2m3 tests[22m[2m)[22m[90m 5[2mms[22m[39m
2026-09-09T17:26:19.7949816Z  [32m✓[39m src/content/laneCVfxFamiliesReferents.test.ts [2m([22m[2m1 test[22m[2m)[22m[90m 12[2mms[22m[39m
2026-09-09T17:26:19.8248854Z  [32m✓[39m src/ops/skillRemakeDocsFresh.test.ts [2m([22m[2m1 test[22m[2m)[22m[33m 628[2mms[22m[39m
2026-09-09T17:26:19.8269609Z    [33m[2m✓[22m[39m 重製技能文件與產生器同步[2m > [22m⭐ §13.10 與 90 支 md 都是從現在這支產生器生出來的 —— 過期就紅 [33m626[2mms[22m[39m
2026-09-09T17:26:19.8569924Z  [32m✓[39m src/content/schema/schemaImportCycle.test.ts [2m([22m[2m2 tests[22m[2m)[22m[90m 201[2mms[22m[39m
2026-09-09T17:26:20.2261865Z  [32m✓[39m src/map/pillarRing.test.ts [2m([22m[2m1 test[22m[2m)[22m[90m 4[2mms[22m[39m
2026-09-09T17:26:20.8575335Z  [32m✓[39m src/ops/ledgerTableEscapes.test.ts [2m([22m[2m2 tests[22m[2m)[22m[90m 160[2mms[22m[39m
2026-09-09T17:26:21.3045894Z  [32m✓[39m src/content/schema/config/configFacadeSurface.test.ts [2m([22m[2m1 test[22m[2m)[22m[90m 9[2mms[22m[39m
2026-09-09T17:26:21.3128358Z  [32m✓[39m src/ops/shellWideCharVars.test.ts [2m([22m[2m2 tests[22m[2m)[22m[90m 18[2mms[22m[39m
2026-09-09T17:26:21.3793135Z  [32m✓[39m src/ops/statCapsFresh.test.ts [2m([22m[2m1 test[22m[2m)[22m[33m 1141[2mms[22m[39m
2026-09-09T17:26:21.3795858Z    [33m[2m✓[22m[39m 屬性上限與出貨內容同步[2m > [22m⭐ 那 7 條是從現在這批英雄卡與 combat-env 推導的 —— 過期就紅 [33m1140[2mms[22m[39m
2026-09-09T17:26:21.8443920Z  [32m✓[39m src/deployTier.test.ts [2m([22m[2m16 tests[22m[2m)[22m[90m 22[2mms[22m[39m
2026-09-09T17:26:22.0627593Z  [32m✓[39m src/ops/productQuarantine.test.ts [2m([22m[2m2 tests[22m[2m)[22m[33m 368[2mms[22m[39m
2026-09-09T17:26:22.1460732Z  [32m✓[39m src/content/schema/mark.test.ts [2m([22m[2m3 tests[22m[2m)[22m[90m 10[2mms[22m[39m
2026-09-09T17:26:22.4418361Z  [32m✓[39m src/sim/purity.test.ts [2m([22m[2m1 test[22m[2m)[22m[90m 90[2mms[22m[39m
2026-09-09T17:26:22.7034892Z  [32m✓[39m src/ops/rootTestNoBail.test.ts [2m([22m[2m1 test[22m[2m)[22m[90m 7[2mms[22m[39m
2026-09-09T17:26:23.6346942Z  [32m✓[39m src/content/heroForge/retrieval.test.ts [2m([22m[2m1 test[22m[2m)[22m[90m 12[2mms[22m[39m
2026-09-09T17:26:24.1428406Z  [32m✓[39m src/content/vfxSoundKeys.test.ts [2m([22m[2m1 test[22m[2m)[22m[90m 22[2mms[22m[39m
2026-09-09T17:26:24.8675993Z  [32m✓[39m src/content/heroForge/communityRefinements/erisAcceptance.test.ts [2m([22m[2m3 tests[22m[2m)[22m[33m 4676[2mms[22m[39m
2026-09-09T17:26:24.8682039Z    [33m[2m✓[22m[39m Editor EX follows a real Q hit without inventing a target mark [33m2068[2mms[22m[39m
2026-09-09T17:26:24.8683868Z    [33m[2m✓[22m[39m Editor EX follows a real R hit without inventing a target mark [33m1277[2mms[22m[39m
2026-09-09T17:26:24.8685684Z    [33m[2m✓[22m[39m an empty preview and a harmless approach step cannot earn pursuit [33m1330[2mms[22m[39m
2026-09-09T17:26:24.8687601Z  [32m✓[39m src/ops/askedBeforeStrict.test.ts [2m([22m[2m1 test[22m[2m)[22m[33m 845[2mms[22m[39m
2026-09-09T17:26:24.8689640Z    [33m[2m✓[22m[39m scripts/asked-before.sh --strict[2m > [22m有的量得到（exit 0）、沒有的量不到（exit 1）、預設模式不變（都 0） [33m844[2mms[22m[39m
2026-09-09T17:26:24.9084203Z  [32m✓[39m src/sim/math/rng.test.ts [2m([22m[2m6 tests[22m[2m)[22m[33m 2392[2mms[22m[39m
2026-09-09T17:26:24.9113187Z    [33m[2m✓[22m[39m Rng (mulberry32)[2m > [22mproduces floats in [0,1) [33m492[2mms[22m[39m
2026-09-09T17:26:24.9138858Z    [33m[2m✓[22m[39m Rng (mulberry32)[2m > [22mint(n) stays in [0,n) and is roughly uniform [33m1891[2mms[22m[39m
2026-09-09T17:26:25.3612119Z  [32m✓[39m src/content/flowerModel.test.ts [2m([22m[2m2 tests[22m[2m)[22m[90m 6[2mms[22m[39m
2026-09-09T17:26:25.7602137Z  [32m✓[39m src/ops/sceneryGenFresh.test.ts [2m([22m[2m1 test[22m[2m)[22m[33m 1166[2mms[22m[39m
2026-09-09T17:26:25.7603979Z    [33m[2m✓[22m[39m 場景裝飾模型與產生器同步[2m > [22m⭐ 出貨的 scenery .glb 是現在這張參數表生出來的 —— 過期就紅 [33m1165[2mms[22m[39m
2026-09-09T17:26:25.7858291Z  [32m✓[39m src/content/championRuntimeResolver.test.ts [2m([22m[2m1 test[22m[2m)[22m[90m 21[2mms[22m[39m
2026-09-09T17:26:26.2849960Z  [32m✓[39m src/content/heroForge/bodyModels.test.ts [2m([22m[2m3 tests[22m[2m)[22m[90m 8[2mms[22m[39m
2026-09-09T17:26:26.6074561Z  [32m✓[39m src/content/consumeStatusContract.test.ts [2m([22m[2m4 tests[22m[2m)[22m[90m 13[2mms[22m[39m
2026-09-09T17:26:26.8449839Z  [32m✓[39m src/content/heroForge/productInstances.test.ts [2m([22m[2m1 test[22m[2m)[22m[90m 13[2mms[22m[39m
2026-09-09T17:26:27.0847581Z  [32m✓[39m src/ops/grailWishesFresh.test.ts [2m([22m[2m1 test[22m[2m)[22m[90m 122[2mms[22m[39m
2026-09-09T17:26:27.1818990Z  [32m✓[39m src/sim/math/vec2.test.ts [2m([22m[2m5 tests[22m[2m)[22m[90m 7[2mms[22m[39m
2026-09-09T17:26:27.2839609Z  [32m✓[39m src/sim/effects/reviveShipped.test.ts [2m([22m[2m1 test[22m[2m)[22m[90m 4[2mms[22m[39m
2026-09-09T17:26:27.5763514Z  [32m✓[39m src/content/import/modelAssetSafety.test.ts [2m([22m[2m7 tests[22m[2m)[22m[90m 14[2mms[22m[39m
2026-09-09T17:26:27.7510198Z  [32m✓[39m src/sim/math/cosDeg.test.ts [2m([22m[2m2 tests[22m[2m)[22m[90m 23[2mms[22m[39m
2026-09-09T17:26:28.0354442Z  [32m✓[39m src/content/heroForge/localAi.test.ts [2m([22m[2m1 test[22m[2m)[22m[90m 10[2mms[22m[39m
2026-09-09T17:26:28.1620601Z  [32m✓[39m src/content/vfxSubtypes/context.test.ts [2m([22m[2m1 test[22m[2m)[22m[90m 5[2mms[22m[39m
2026-09-09T17:26:28.1681862Z  [32m✓[39m src/content/statNormalizationShipped.test.ts [2m([22m[2m1 test[22m[2m)[22m[90m 5[2mms[22m[39m
2026-09-09T17:26:28.6351847Z  [32m✓[39m src/content/heroForge/communityRefinements/yaninekoAcceptance.test.ts [2m([22m[2m1 test[22m[2m)[22m[33m 1728[2mms[22m[39m
2026-09-09T17:26:28.6353153Z    [33m[2m✓[22m[39m Editor can wait for actual procrastination then pay for EX without resource seeding [33m1726[2mms[22m[39m
2026-09-09T17:26:29.0379403Z  [32m✓[39m src/content/recastContract.test.ts [2m([22m[2m1 test[22m[2m)[22m[90m 5[2mms[22m[39m
2026-09-09T17:26:29.2563376Z  [32m✓[39m src/sim/authoredOrigin.test.ts [2m([22m[2m11 tests[22m[2m)[22m[90m 4[2mms[22m[39m
2026-09-09T17:26:29.2835736Z 
2026-09-09T17:26:29.2926022Z [31m⎯⎯⎯⎯⎯⎯⎯[1m[7m Failed Tests 1 [27m[22m⎯⎯⎯⎯⎯⎯⎯[39m
2026-09-09T17:26:29.2926774Z 
2026-09-09T17:26:29.2929176Z [31m[1m[7m FAIL [27m[22m[39m src/ops/everyTagAnnounced.test.ts[2m > [22m每一個版號都要有 Discord 公告（owner 2026-09-01）[2m > [22m★ ⭐ `FROM` 之後的每一個 tag 都在公告帳本裡（⛔ 手打繞過 bmpndd.sh 就會紅）
2026-09-09T17:26:29.2957995Z [31m[1mAssertionError[22m: ⛔⛔ 這幾個版號**沒有玩家公告紀錄**：
2026-09-09T17:26:29.2958636Z   · v0.42.26
2026-09-09T17:26:29.2962580Z 
2026-09-09T17:26:29.2963148Z ⭐ 修法只有一個：**跑那個唯一入口**
2026-09-09T17:26:29.2964032Z     bash scripts/bmpndd.sh "<這一版的一句話>"
2026-09-09T17:26:29.2965202Z ⛔ 不是手打 release.sh + gh release create + mini-deploy.sh —— 
2026-09-09T17:26:29.2966021Z   那正是 2026-09-01 漏掉七版的做法（見本檔檔頭）。
2026-09-09T17:26:29.2967608Z ⚠️ 補發：set -a; . docker/.env; set +a; bash scripts/release-note-players.sh --post: expected [ 'v0.42.26' ] to deeply equal [][39m
2026-09-09T17:26:29.2968414Z 
2026-09-09T17:26:29.2968667Z [32m- Expected[39m
2026-09-09T17:26:29.2969099Z [31m+ Received[39m
2026-09-09T17:26:29.2969313Z 
2026-09-09T17:26:29.2969552Z [32m- Array [][39m
2026-09-09T17:26:29.2969970Z [31m+ Array [[39m
2026-09-09T17:26:29.2970406Z [31m+   "v0.42.26",[39m
2026-09-09T17:26:29.2970828Z [31m+ ][39m
2026-09-09T17:26:29.2971022Z 
2026-09-09T17:26:29.2971591Z [36m [2m❯[22m src/ops/everyTagAnnounced.test.ts:[2m75:7[22m[39m
2026-09-09T17:26:29.3035028Z     [90m 73| [39m        [32m"⚠️ 補發：set -a; . docker/.env; set +a; bash scripts/release-[39m…
2026-09-09T17:26:29.3036932Z     [90m 74| [39m      ][33m.[39m[34mjoin[39m([32m"\n"[39m)[33m,[39m
2026-09-09T17:26:29.3038725Z     [90m 75| [39m    )[33m.[39m[34mtoEqual[39m([])[33m;[39m
2026-09-09T17:26:29.3039660Z     [90m   | [39m      [31m^[39m
2026-09-09T17:26:29.3040347Z     [90m 76| [39m  })[33m;[39m
2026-09-09T17:26:29.3041034Z     [90m 77| [39m})[33m;[39m
2026-09-09T17:26:29.3041489Z 
2026-09-09T17:26:29.3042028Z [31m[2m⎯⎯⎯⎯⎯⎯⎯⎯⎯⎯⎯⎯⎯⎯⎯⎯⎯⎯⎯⎯⎯⎯⎯⎯[1/1]⎯[22m[39m
2026-09-09T17:26:29.3042519Z 
2026-09-09T17:26:29.3070598Z [2m Test Files [22m [1m[31m1 failed[39m[22m[2m | [22m[1m[32m963 passed[39m[22m[2m | [22m[33m2 skipped[39m[90m (966)[39m
2026-09-09T17:26:29.3103095Z [2m      Tests [22m [1m[31m1 failed[39m[22m[2m | [22m[1m[32m6261 passed[39m[22m[2m | [22m[33m4 skipped[39m[90m (6266)[39m
2026-09-09T17:26:29.3108805Z [2m   Start at [22m 17:16:22
2026-09-09T17:26:29.3123456Z [2m   Duration [22m 607.11s[2m (transform 22.75s, setup 0ms, collect 724.23s, tests 1333.44s, environment 335ms, prepare 121.84s)[22m
2026-09-09T17:26:29.3124717Z 
2026-09-09T17:26:29.3201985Z 
2026-09-09T17:26:29.3234323Z ##[error]AssertionError: ⛔⛔ 這幾個版號**沒有玩家公告紀錄**：
  · v0.42.26

⭐ 修法只有一個：**跑那個唯一入口**
    bash scripts/bmpndd.sh "<這一版的一句話>"
⛔ 不是手打 release.sh + gh release create + mini-deploy.sh —— 
  那正是 2026-09-01 漏掉七版的做法（見本檔檔頭）。
⚠️ 補發：set -a; . docker/.env; set +a; bash scripts/release-note-players.sh --post: expected [ 'v0.42.26' ] to deeply equal []

- Expected
+ Received

- Array []
+ Array [
+   "v0.42.26",
+ ]

 ❯ src/ops/everyTagAnnounced.test.ts:75:7


2026-09-09T17:26:29.4331616Z /home/runner/work/GGD/GGD/packages/shared:
2026-09-09T17:26:29.4333481Z  ERR_PNPM_RECURSIVE_RUN_FIRST_FAIL  @ggd/shared@0.0.0 test: `vitest run --poolOptions.forks.maxForks 4 --poolOptions.forks.minForks 1`
2026-09-09T17:26:29.4334499Z Exit status 1
2026-09-09T17:26:29.4335350Z ##[group]@ggd/capability-export@0.0.0 : test tools/capability-export
2026-09-09T17:26:29.4451588Z 
2026-09-09T17:26:29.4452439Z > @ggd/capability-export@0.0.0 test /home/runner/work/GGD/GGD/tools/capability-export
2026-09-09T17:26:29.4453540Z > vitest run --poolOptions.forks.maxForks 4 --poolOptions.forks.minForks 1
2026-09-09T17:26:29.4454105Z 
2026-09-09T17:26:29.4640113Z ##[error]Process completed with exit code 1.
2026-09-09T17:26:29.4689517Z ##[group]Run bash scripts/vitest-verdict-check.sh "${RUNNER_TEMP}/vitest-unit.log"
2026-09-09T17:26:29.4690146Z [36;1mbash scripts/vitest-verdict-check.sh "${RUNNER_TEMP}/vitest-unit.log"[0m
2026-09-09T17:26:29.4731160Z shell: /usr/bin/bash -e {0}
2026-09-09T17:26:29.4731439Z env:
2026-09-09T17:26:29.4731650Z   GO_VERSION: 1.25.14
2026-09-09T17:26:29.4731944Z   PNPM_HOME: /home/runner/setup-pnpm/node_modules/.bin
2026-09-09T17:26:29.4732280Z ##[endgroup]
2026-09-09T17:26:29.5469829Z 🧾 vitest 裁決帳：2 份 `Test Files` 摘要 · 0 行 RPC 逾時
2026-09-09T17:26:29.5470380Z    ✅ (這一次執行)  Test Files 1 passed (1)
2026-09-09T17:26:29.5470899Z    ✅ (這一次執行)  Test Files 1 failed | 963 passed | 2 skipped (966)
2026-09-09T17:26:29.5471354Z ✅ 每一行摘要都帳平：已裁決 ＋ 已跳過 ＝＝ 總數
2026-09-09T17:26:29.5552924Z ##[group]Run bash scripts/test-tree-clean-check.sh
2026-09-09T17:26:29.5553406Z [36;1mbash scripts/test-tree-clean-check.sh[0m
2026-09-09T17:26:29.5597889Z shell: /usr/bin/bash -e {0}
2026-09-09T17:26:29.5598161Z env:
2026-09-09T17:26:29.5598370Z   GO_VERSION: 1.25.14
2026-09-09T17:26:29.5598659Z   PNPM_HOME: /home/runner/setup-pnpm/node_modules/.bin
2026-09-09T17:26:29.5598991Z ##[endgroup]
2026-09-09T17:26:29.6004806Z ✓ 出貨樹乾淨（content/ tools/skill-remake/）
2026-09-09T17:26:29.6114988Z Node 20 is being deprecated. This workflow is running with Node 24 by default. If you need to temporarily use Node 20, you can set the ACTIONS_ALLOW_USE_UNSECURE_NODE_VERSION=true environment variable. For more information see: https://github.blog/changelog/2025-09-19-deprecation-of-node-20-on-github-actions-runners/
2026-09-09T17:26:29.6116997Z Post job cleanup.
2026-09-09T17:26:29.7726249Z Pruning is unnecessary.
2026-09-09T17:26:29.7933023Z Node 20 is being deprecated. This workflow is running with Node 24 by default. If you need to temporarily use Node 20, you can set the ACTIONS_ALLOW_USE_UNSECURE_NODE_VERSION=true environment variable. For more information see: https://github.blog/changelog/2025-09-19-deprecation-of-node-20-on-github-actions-runners/
2026-09-09T17:26:29.7935378Z Post job cleanup.
2026-09-09T17:26:29.8892421Z [command]/usr/bin/git version
2026-09-09T17:26:29.8941293Z git version 2.55.0
2026-09-09T17:26:29.8985397Z Temporarily overriding HOME='/home/runner/work/_temp/4e258231-8071-48a4-b58f-b20600182df0' before making global git config changes
2026-09-09T17:26:29.8987012Z Adding repository directory to the temporary git global config as a safe directory
2026-09-09T17:26:29.8991821Z [command]/usr/bin/git config --global --add safe.directory /home/runner/work/GGD/GGD
2026-09-09T17:26:29.9036637Z [command]/usr/bin/git config --local --name-only --get-regexp core\.sshCommand
2026-09-09T17:26:29.9074332Z [command]/usr/bin/git submodule foreach --recursive sh -c "git config --local --name-only --get-regexp 'core\.sshCommand' && git config --local --unset-all 'core.sshCommand' || :"
2026-09-09T17:26:29.9464841Z [command]/usr/bin/git config --local --name-only --get-regexp http\.https\:\/\/github\.com\/\.extraheader
2026-09-09T17:26:29.9511054Z http.https://github.com/.extraheader
2026-09-09T17:26:29.9521473Z [command]/usr/bin/git config --local --unset-all http.https://github.com/.extraheader
2026-09-09T17:26:29.9572274Z [command]/usr/bin/git submodule foreach --recursive sh -c "git config --local --name-only --get-regexp 'http\.https\:\/\/github\.com\/\.extraheader' && git config --local --unset-all 'http.https://github.com/.extraheader' || :"
2026-09-09T17:26:30.0059109Z [command]/usr/bin/git config --local --name-only --get-regexp ^includeIf\.gitdir:
2026-09-09T17:26:30.0119713Z [command]/usr/bin/git submodule foreach --recursive git config --local --show-origin --name-only --get-regexp remote.origin.url
2026-09-09T17:26:30.0581261Z Cleaning up orphan processes
2026-09-09T17:26:30.0944513Z ##[warning]Node.js 20 is deprecated. The following actions target Node.js 20 but are being forced to run on Node.js 24: actions/checkout@v4, actions/setup-go@v5, actions/setup-node@v4, pnpm/action-setup@v4. For more information see: https://github.blog/changelog/2025-09-19-deprecation-of-node-20-on-github-actions-runners/
