[33mThe CJS build of Vite's Node API is deprecated. See https://vite.dev/guide/troubleshooting.html#vite-cjs-node-api-deprecated for more details.[39m

 RUN  v2.1.9 /Users/Takuro/Dropbox/我的 Mac (Moriya.local)/Documents/ABxVFX_EDIT/GGD-community-hero-forge-s3

stdout | packages/shared/src/content/fieldAdoption.test.ts > field adoption census (recipe S8: mechanism shipped, content 0) > prints the census — this is the owner-facing report

STATIC SHIPPED CONTENT
FIELD ADOPTION CENSUS — 1858 docs, 4307 registered keys, 585 ms

  ── field (1789 reachable, 448 at ZERO) ──
    ZERO     0/421     0.0%  field:abilities.allowApproach
    ZERO     0/10      0.0%  field:abilities.augment.targets[].condition
    ZERO     0/10      0.0%  field:abilities.augment.targets[].ops[].hookOn
    ZERO     0/10      0.0%  field:abilities.augment.targets[].ops[].scope
    ZERO     0/10      0.0%  field:abilities.augment.targets[].ops[].stat
    ZERO     0/184     0.0%  field:abilities.effects[]#applyBuff.attackType
    ZERO     0/184     0.0%  field:abilities.effects[]#applyBuff.attributes
    ZERO     0/184     0.0%  field:abilities.effects[]#applyBuff.block
    ZERO     0/10      0.0%  field:abilities.effects[]#applyBuff.block.facingArcDegrees
    ZERO     0/107     0.0%  field:abilities.effects[]#applyBuff.condition|0|4|0.appliedBy
    ZERO     0/184     0.0%  field:abilities.effects[]#applyBuff.critStrike
    ZERO     0/184     0.0%  field:abilities.effects[]#applyBuff.deathWard
    ZERO     0/184     0.0%  field:abilities.effects[]#applyBuff.drive
    ZERO     0/184     0.0%  field:abilities.effects[]#applyBuff.evasionScope
    ZERO     0/171     0.0%  field:abilities.effects[]#applyBuff.hooks[].blockSource
    ZERO     0/171     0.0%  field:abilities.effects[]#applyBuff.hooks[].chanceFrom
    ZERO     0/1       0.0%  field:abilities.effects[]#applyBuff.hooks[].chanceFrom.flat
    ZERO     0/171     0.0%  field:abilities.effects[]#applyBuff.hooks[].damageConnected
    ZERO     0/171     0.0%  field:abilities.effects[]#applyBuff.hooks[].evadeChannel
    ZERO     0/171     0.0%  field:abilities.effects[]#applyBuff.hooks[].evadeDuring
    ZERO     0/171     0.0%  field:abilities.effects[]#applyBuff.hooks[].evadeSource
    ZERO     0/171     0.0%  field:abilities.effects[]#applyBuff.hooks[].observedEvent
    ZERO     0/171     0.0%  field:abilities.effects[]#applyBuff.hooks[].oncePerCast
    ZERO     0/171     0.0%  field:abilities.effects[]#applyBuff.hooks[].perTarget
    ZERO     0/171     0.0%  field:abilities.effects[]#applyBuff.hooks[].stationaryForSec
    ZERO     0/184     0.0%  field:abilities.effects[]#applyBuff.immobile
    ZERO     0/233     0.0%  field:abilities.effects[]#applyBuff.modifiers[].fromResource
    ZERO     0/233     0.0%  field:abilities.effects[]#applyBuff.modifiers[].scopeAbilityId
    ZERO     0/233     0.0%  field:abilities.effects[]#applyBuff.modifiers[].scopeSlot
    ZERO     0/184     0.0%  field:abilities.effects[]#applyBuff.penetration
    ZERO     0/1       0.0%  field:abilities.effects[]#applyBuff.penetration.armorFlat
    ZERO     0/1       0.0%  field:abilities.effects[]#applyBuff.penetration.mrFlat
    ZERO     0/1       0.0%  field:abilities.effects[]#applyBuff.penetration.mrPct
    ZERO     0/184     0.0%  field:abilities.effects[]#applyBuff.primaryAttribute
    ZERO     0/184     0.0%  field:abilities.effects[]#applyBuff.sourceScope
    ZERO     0/184     0.0%  field:abilities.effects[]#applyBuff.typeStreakImmunity
    ZERO     0/1       0.0%  field:abilities.effects[]#applyBuff.typeStreakImmunity.resetMode
    ZERO     0/1       0.0%  field:abilities.effects[]#applyBuff.typeStreakImmunity.streakTimeoutSec
    ZERO     0/6       0.0%  field:abilities.effects[]#applyBuff.vision.revealed
    ZERO     0/163     0.0%  field:abilities.effects[]#applyStatus.breakOnDamage
    ZERO     0/163     0.0%  field:abilities.effects[]#applyStatus.breakOnDamageMin
    ZERO     0/163     0.0%  field:abilities.effects[]#applyStatus.clipTimeScale
    ZERO     0/163     0.0%  field:abilities.effects[]#applyStatus.forceClip
    ZERO     0/163     0.0%  field:abilities.effects[]#applyStatus.grantMark
    ZERO     0/3       0.0%  field:abilities.effects[]#applyStatus.grantMark.lethal.maxSavesPerRound
    ZERO     0/163     0.0%  field:abilities.effects[]#applyStatus.sourceScope
    ZERO     0/24      0.0%  field:abilities.effects[]#blink.maxTargets
    ZERO     0/24      0.0%  field:abilities.effects[]#blink.radius
    ZERO     0/24      0.0%  field:abilities.effects[]#blink.radiusTier
    ZERO     0/24      0.0%  field:abilities.effects[]#blink.side
    ZERO     0/1       0.0%  field:abilities.effects[]#carry.condition
    ZERO     0/370     0.0%  field:abilities.effects[]#chainLightning.amount.conditionTier
    ZERO     0/4       0.0%  field:abilities.effects[]#chainLightning.canCrit
    ZERO     0/4       0.0%  field:abilities.effects[]#chainLightning.condition
    ZERO     0/4       0.0%  field:abilities.effects[]#chainLightning.maxTotalJumps
    ZERO     0/4       0.0%  field:abilities.effects[]#chainLightning.onHitTargetsMode
    ZERO     0/4       0.0%  field:abilities.effects[]#chainLightning.retargetOnLost
    ZERO     0/4       0.0%  field:abilities.effects[]#chainLightning.revisit
    ZERO     0/4       0.0%  field:abilities.effects[]#chainLightning.runOnEmptyHit
    ZERO     0/33      0.0%  field:abilities.effects[]#championForm.condition
    ZERO     0/2       0.0%  field:abilities.effects[]#comboStrikes.condition
    ZERO     0/2       0.0%  field:abilities.effects[]#comboStrikes.dropDeadTargets
    ZERO     0/2       0.0%  field:abilities.effects[]#comboStrikes.finisherDelaySec
    ZERO     0/2       0.0%  field:abilities.effects[]#comboStrikes.intervalJitter
    ZERO     0/2       0.0%  field:abilities.effects[]#comboStrikes.intervalSec
    ZERO     0/2       0.0%  field:abilities.effects[]#comboStrikes.maxTargets
    ZERO     0/2       0.0%  field:abilities.effects[]#comboStrikes.perStrikeSoundKey
    ZERO     0/2       0.0%  field:abilities.effects[]#comboStrikes.radius
    ZERO     0/2       0.0%  field:abilities.effects[]#comboStrikes.side
    ZERO     0/2       0.0%  field:abilities.effects[]#comboStrikes.steps
    ZERO     0/2       0.0%  field:abilities.effects[]#comboStrikes.stopOnCasterDeath
    ZERO     0/2       0.0%  field:abilities.effects[]#comboStrikes.strikes
    ZERO     0/2       0.0%  field:abilities.effects[]#comboStrikes.targetMode
    ZERO     0/1       0.0%  field:abilities.effects[]#convertTeam.condition
    ZERO     0/1       0.0%  field:abilities.effects[]#convertTeam.countsForOriginalTeam
    ZERO     0/1       0.0%  field:abilities.effects[]#convertTeam.durationSec
    ZERO     0/1       0.0%  field:abilities.effects[]#convertTeam.radius
    ZERO     0/1       0.0%  field:abilities.effects[]#convertTeam.radiusTier
    ZERO     0/1       0.0%  field:abilities.effects[]#cycleBuff.condition
    ZERO     0/258     0.0%  field:abilities.effects[]#damage.canCrit
    ZERO     0/13      0.0%  field:abilities.effects[]#damage.incomingPct.applyGlobalDamageMult
    ZERO     0/13      0.0%  field:abilities.effects[]#damage.incomingPct.basis
    ZERO     0/13      0.0%  field:abilities.effects[]#damage.incomingPct.whenTooLate
    ZERO     0/90      0.0%  field:abilities.effects[]#damageArea.arcHalfAngleCos
    ZERO     0/90      0.0%  field:abilities.effects[]#damageArea.fromCaster
    ZERO     0/90      0.0%  field:abilities.effects[]#damageArea.maxTargetsCounts
    ZERO     0/90      0.0%  field:abilities.effects[]#damageArea.runOnEmptyHit
    ZERO     0/40      0.0%  field:abilities.effects[]#damageLine.condition
    ZERO     0/40      0.0%  field:abilities.effects[]#damageLine.fromSummonSlot
    ZERO     0/40      0.0%  field:abilities.effects[]#damageLine.maxTargetsCounts
    ZERO     0/40      0.0%  field:abilities.effects[]#damageLine.runOnEmptyHit
    ZERO     0/40      0.0%  field:abilities.effects[]#damageLine.victimCondition
    ZERO     0/18      0.0%  field:abilities.effects[]#dash.condition
    ZERO     0/18      0.0%  field:abilities.effects[]#dash.onEndOn
    ZERO     0/18      0.0%  field:abilities.effects[]#dash.onEndWhenDead
    ZERO     0/18      0.0%  field:abilities.effects[]#dash.onHit
    ZERO     0/18      0.0%  field:abilities.effects[]#dash.onTouch
    ZERO     0/18      0.0%  field:abilities.effects[]#dash.stopOnHit
    ZERO     0/18      0.0%  field:abilities.effects[]#dash.touchScope
    ZERO     0/2       0.0%  field:abilities.effects[]#delayed.advance.startDist
    ZERO     0/48      0.0%  field:abilities.effects[]#delayed.maxTargets
    ZERO     0/7       0.0%  field:abilities.effects[]#devour.condition
    ZERO     0/7       0.0%  field:abilities.effects[]#devour.onDevourPer
    ZERO     0/22      0.0%  field:abilities.effects[]#dispel.maxTargets
    ZERO     0/22      0.0%  field:abilities.effects[]#dispel.statusTag
    ZERO     0/26      0.0%  field:abilities.effects[]#dot.dispellable
    ZERO     0/26      0.0%  field:abilities.effects[]#dot.maxStacks
    ZERO     0/26      0.0%  field:abilities.effects[]#dot.onCasterDeath
    ZERO     0/26      0.0%  field:abilities.effects[]#dot.tickOnApply
    ZERO     0/5       0.0%  field:abilities.effects[]#eventValueConversion.condition
    ZERO     0/5       0.0%  field:abilities.effects[]#eventValueConversion.maxTargets
    ZERO     0/5       0.0%  field:abilities.effects[]#eventValueConversion.radius
    ZERO     0/5       0.0%  field:abilities.effects[]#eventValueConversion.radiusTier
    ZERO     0/5       0.0%  field:abilities.effects[]#eventValueConversion.side
    ZERO     0/2       0.0%  field:abilities.effects[]#extendBuff.basis
    ZERO     0/2       0.0%  field:abilities.effects[]#extendBuff.condition
    ZERO     0/2       0.0%  field:abilities.effects[]#extendBuff.maxTargets
    ZERO     0/2       0.0%  field:abilities.effects[]#extendBuff.perDamageFlat
    ZERO     0/2       0.0%  field:abilities.effects[]#extendBuff.radius
    ZERO     0/2       0.0%  field:abilities.effects[]#extendBuff.radiusTier
    ZERO     0/2       0.0%  field:abilities.effects[]#extendBuff.side
    ZERO     0/16      0.0%  field:abilities.effects[]#floatingText.condition
    ZERO     0/16      0.0%  field:abilities.effects[]#floatingText.maxTargets
    ZERO     0/16      0.0%  field:abilities.effects[]#floatingText.radius
    ZERO     0/16      0.0%  field:abilities.effects[]#floatingText.side
    ZERO     0/16      0.0%  field:abilities.effects[]#floatingText.velocityAngle
    ZERO     0/7       0.0%  field:abilities.effects[]#grantAttribute.condition
    ZERO     0/7       0.0%  field:abilities.effects[]#grantAttribute.maxAttributeBasis
    ZERO     0/4       0.0%  field:abilities.effects[]#grantGold.condition
    ZERO     0/4       0.0%  field:abilities.effects[]#grantGold.fallbackLevel
    ZERO     0/4       0.0%  field:abilities.effects[]#grantGold.mobLevelSource
    ZERO     0/1       0.0%  field:abilities.effects[]#grantXp.condition
    ZERO     0/13      0.0%  field:abilities.effects[]#heal.condition
    ZERO     0/21      0.0%  field:abilities.effects[]#invulnerable.condition
    ZERO     0/25      0.0%  field:abilities.effects[]#knockback.getupTicks
    ZERO     0/25      0.0%  field:abilities.effects[]#knockback.hpBasis
    ZERO     0/25      0.0%  field:abilities.effects[]#knockback.impactPower
    ZERO     0/25      0.0%  field:abilities.effects[]#knockback.launchDistance
    ZERO     0/25      0.0%  field:abilities.effects[]#knockback.launchHeight
    ZERO     0/12      0.0%  field:abilities.effects[]#leap.condition
    ZERO     0/1       0.0%  field:abilities.effects[]#manaBarrier.condition
    ZERO     0/1       0.0%  field:abilities.effects[]#manaBarrier.maxTargets
    ZERO     0/1       0.0%  field:abilities.effects[]#manaBarrier.radius
    ZERO     0/1       0.0%  field:abilities.effects[]#manaBarrier.radiusTier
    ZERO     0/1       0.0%  field:abilities.effects[]#manaBarrier.side
    ZERO     0/17      0.0%  field:abilities.effects[]#modifyCooldown.abilityId
    ZERO     0/17      0.0%  field:abilities.effects[]#modifyCooldown.maxTargets
    ZERO     0/17      0.0%  field:abilities.effects[]#modifyCooldown.radius
    ZERO     0/17      0.0%  field:abilities.effects[]#modifyCooldown.radiusTier
    ZERO     0/17      0.0%  field:abilities.effects[]#modifyCooldown.side
    ZERO     0/8       0.0%  field:abilities.effects[]#proxyCast.abilityId
    ZERO     0/8       0.0%  field:abilities.effects[]#proxyCast.condition
    ZERO     0/8       0.0%  field:abilities.effects[]#proxyCast.fixedRank
    ZERO     0/8       0.0%  field:abilities.effects[]#proxyCast.maxTargets
    ZERO     0/8       0.0%  field:abilities.effects[]#proxyCast.radius
    ZERO     0/8       0.0%  field:abilities.effects[]#proxyCast.radiusTier
    ZERO     0/8       0.0%  field:abilities.effects[]#proxyCast.side
    ZERO     0/10      0.0%  field:abilities.effects[]#randomArea.condition
    ZERO     0/5       0.0%  field:abilities.effects[]#revive.condition
    ZERO     0/9       0.0%  field:abilities.effects[]#screenFlash.condition
    ZERO     0/9       0.0%  field:abilities.effects[]#screenFlash.maxTargets
    ZERO     0/9       0.0%  field:abilities.effects[]#screenFlash.radius
    ZERO     0/9       0.0%  field:abilities.effects[]#screenFlash.side
    ZERO     0/28      0.0%  field:abilities.effects[]#screenShake.condition
    ZERO     0/28      0.0%  field:abilities.effects[]#screenShake.maxTargets
    ZERO     0/28      0.0%  field:abilities.effects[]#screenShake.side
    ZERO     0/17      0.0%  field:abilities.effects[]#shield.breakOnMove
    ZERO     0/17      0.0%  field:abilities.effects[]#shield.condition
    ZERO     0/17      0.0%  field:abilities.effects[]#shield.onExisting
    ZERO     0/17      0.0%  field:abilities.effects[]#shield.stackKey
    ZERO     0/2       0.0%  field:abilities.effects[]#shieldBreak.condition
    ZERO     0/2       0.0%  field:abilities.effects[]#shieldBreak.maxTargets
    ZERO     0/2       0.0%  field:abilities.effects[]#shieldBreak.radius
    ZERO     0/2       0.0%  field:abilities.effects[]#shieldBreak.radiusTier
    ZERO     0/2       0.0%  field:abilities.effects[]#shieldBreak.side
    ZERO     0/90      0.0%  field:abilities.effects[]#spawnModelFx.attach
    ZERO     0/90      0.0%  field:abilities.effects[]#spawnModelFx.boneOn
    ZERO     0/90      0.0%  field:abilities.effects[]#spawnModelFx.condition
    ZERO     0/90      0.0%  field:abilities.effects[]#spawnModelFx.maxTargets
    ZERO     0/90      0.0%  field:abilities.effects[]#spawnModelFx.radius
    ZERO     0/90      0.0%  field:abilities.effects[]#spawnModelFx.side
    ZERO     0/23      0.0%  field:abilities.effects[]#spawnProjectile.condition
    ZERO     0/86      0.0%  field:abilities.effects[]#spawnVfx.condition
    ZERO     0/9       0.0%  field:abilities.effects[]#spendMana.condition
    ZERO     0/7       0.0%  field:abilities.effects[]#summon.autoTargetable
    ZERO     0/7       0.0%  field:abilities.effects[]#summon.bountyGold
    ZERO     0/7       0.0%  field:abilities.effects[]#summon.burnsInFireRing
    ZERO     0/7       0.0%  field:abilities.effects[]#summon.capScope
    ZERO     0/7       0.0%  field:abilities.effects[]#summon.condition
    ZERO     0/7       0.0%  field:abilities.effects[]#summon.killCredit
    ZERO     0/7       0.0%  field:abilities.effects[]#summon.level
    ZERO     0/7       0.0%  field:abilities.effects[]#summon.manualTargetable
    ZERO     0/7       0.0%  field:abilities.effects[]#summon.maxAlive
    ZERO     0/7       0.0%  field:abilities.effects[]#summon.mobTargetable
    ZERO     0/7       0.0%  field:abilities.effects[]#summon.onCap
    ZERO     0/7       0.0%  field:abilities.effects[]#summon.targetOnSpawn
    ZERO     0/7       0.0%  field:abilities.effects[]#summon.targetPriority
    ZERO     0/1       0.0%  field:abilities.effects[]#swapResource.condition
    ZERO     0/1       0.0%  field:abilities.effects[]#swapResource.maxTargets
    ZERO     0/1       0.0%  field:abilities.effects[]#swapResource.onInvalidTarget
    ZERO     0/1       0.0%  field:abilities.effects[]#swapResource.radius
    ZERO     0/1       0.0%  field:abilities.effects[]#swapResource.radiusTier
    ZERO     0/1       0.0%  field:abilities.effects[]#swapResource.side
    ZERO     0/4       0.0%  field:abilities.effects[]#taunt.condition
    ZERO     0/4       0.0%  field:abilities.effects[]#weightedBranch.branches[].weightFrom.basis
    ZERO     0/94      0.0%  field:abilities.hitFeel.exFreeze
    ZERO     0/421     0.0%  field:abilities.interruptible
    ZERO     0/3       0.0%  field:abilities.marks[].roundDelta
    ZERO     0/131     0.0%  field:abilities.passive.ranks[].attackType
    ZERO     0/5       0.0%  field:abilities.passive.ranks[].auras[].lingerSec
    ZERO     0/5       0.0%  field:abilities.passive.ranks[].auras[].scaleByNearby
    ZERO     0/1       0.0%  field:abilities.passive.ranks[].auras[].scaleByNearby.includeSelf
    ZERO     0/1       0.0%  field:abilities.passive.ranks[].auras[].scaleByNearby.min
    ZERO     0/1       0.0%  field:abilities.passive.ranks[].auras[].scaleByNearby.radius
    ZERO     0/131     0.0%  field:abilities.passive.ranks[].damageTypeOverride
    ZERO     0/131     0.0%  field:abilities.passive.ranks[].drive
    ZERO     0/131     0.0%  field:abilities.passive.ranks[].evasionScope
    ZERO     0/131     0.0%  field:abilities.passive.ranks[].immobile
    ZERO     0/131     0.0%  field:abilities.passive.ranks[].penetration
    ZERO     0/131     0.0%  field:abilities.passive.ranks[].primaryAttribute
    ZERO     0/131     0.0%  field:abilities.passive.ranks[].typeStreakImmunity
    ZERO     0/131     0.0%  field:abilities.passive.ranks[].whileStatus
    ZERO     0/6       0.0%  field:abilities.persistentVfx[].alpha
    ZERO     0/6       0.0%  field:abilities.persistentVfx[].scale
    ZERO     0/6       0.0%  field:abilities.persistentVfx[].when
    ZERO     0/421     0.0%  field:abilities.recast
    ZERO     0/421     0.0%  field:abilities.recoveryRoots
    ZERO     0/421     0.0%  field:abilities.requiredSummonSlot
    ZERO     0/421     0.0%  field:abilities.requiredTargetStatus
    ZERO     0/421     0.0%  field:abilities.rootWhileCasting
    ZERO     0/421     0.0%  field:abilities.statusCost
    ZERO     0/280     0.0%  field:abilities.template|0.cards[].contentSha256
    ZERO     0/280     0.0%  field:abilities.template|0.cards[].inheritDefaults
    ZERO     0/280     0.0%  field:abilities.template|0.cards[].version
    ZERO     0/280     0.0%  field:abilities.template|0.onConflict
    ZERO     0/2       0.0%  field:abilities.toggle.cooldownOnExit
    ZERO     0/2       0.0%  field:abilities.toggle.costOnExit
    ZERO     0/2       0.0%  field:abilities.toggle.exitOnResourceEmpty
    ZERO     0/2       0.0%  field:abilities.toggle.upkeepIntervalSec
    ZERO     0/2       0.0%  field:abilities.toggle.upkeepResource
    ZERO     0/2       0.0%  field:abilities.toggle.upkeepStatus
    ZERO     0/2       0.0%  field:abilities.toggle.whileOn
    ZERO     0/2       0.0%  field:abilities.toggle.whileOnDuringExit
    ZERO     0/31      0.0%  field:abilities.vfxLayers[].enabled
    ZERO     0/31      0.0%  field:abilities.vfxLayers[].facingDeg
    ZERO     0/31      0.0%  field:abilities.vfxLayers[].flyHeight
    ZERO     0/31      0.0%  field:abilities.vfxLayers[].tint
    ZERO     0/13      0.0%  field:arenas.decor[].y
    ZERO     0/6       0.0%  field:arenas.zones[].obstacles[]#circle.gateGroup
    ZERO     0/1       0.0%  field:arenas.zones[].obstacles[]#segment.gateGroup
    ZERO     0/91      0.0%  field:augments.attackType
    ZERO     0/91      0.0%  field:augments.attributes
    ZERO     0/91      0.0%  field:augments.critStrike
    ZERO     0/91      0.0%  field:augments.deathWard
    ZERO     0/91      0.0%  field:augments.drive
    ZERO     0/91      0.0%  field:augments.evasionScope
    ZERO     0/91      0.0%  field:augments.immobile
    ZERO     0/91      0.0%  field:augments.penetration
    ZERO     0/91      0.0%  field:augments.primaryAttribute
    ZERO     0/91      0.0%  field:augments.statusImmunity
    ZERO     0/91      0.0%  field:augments.typeStreakImmunity
    ZERO     0/91      0.0%  field:augments.vision
    ZERO     0/71      0.0%  field:champions.abilities.*.allowApproach
    ZERO     0/71      0.0%  field:champions.abilities.*.augment
    ZERO     0/71      0.0%  field:champions.abilities.*.castTimeTier
    ZERO     0/71      0.0%  field:champions.abilities.*.innateActivePassive
    ZERO     0/71      0.0%  field:champions.abilities.*.innateKind
    ZERO     0/71      0.0%  field:champions.abilities.*.interruptible
    ZERO     0/71      0.0%  field:champions.abilities.*.marks
    ZERO     0/71      0.0%  field:champions.abilities.*.rangeUnlimited
    ZERO     0/71      0.0%  field:champions.abilities.*.recast
    ZERO     0/71      0.0%  field:champions.abilities.*.recoveryRoots
    ZERO     0/71      0.0%  field:champions.abilities.*.requiredSummonSlot
    ZERO     0/71      0.0%  field:champions.abilities.*.requiredTargetStatus
    ZERO     0/71      0.0%  field:champions.abilities.*.rootWhileCasting
    ZERO     0/71      0.0%  field:champions.abilities.*.statusCost
    ZERO     0/71      0.0%  field:champions.alpha
    ZERO     0/71      0.0%  field:champions.archetype
    ZERO     0/71      0.0%  field:champions.asGrowthTier
    ZERO     0/71      0.0%  field:champions.baseAttackTime
    ZERO     0/71      0.0%  field:champions.healthRegenPctOfMax
    ZERO     0/71      0.0%  field:champions.modelVersions
    ZERO     0/71      0.0%  field:champions.statOverrides
    ZERO     0/40      0.0%  field:champions.transform.reenter
    ZERO     0/1       0.0%  field:config#config.ambient-vfx@1.bindings{}[].enabled
    ZERO     0/1       0.0%  field:config#config.arena-rules@1.augmentTiers[].guaranteeAtD
    ZERO     0/1       0.0%  field:config#config.arena-rules@1.augmentTiers[].maxRound
    ZERO     0/1       0.0%  field:config#config.arena-rules@1.gacha
    ZERO     0/1       0.0%  field:config#config.arena-rules@1.mobWaves.boss.championId
    ZERO     0/1       0.0%  field:config#config.arena-rules@1.mobWaves.boss.modelKey
    ZERO     0/1       0.0%  field:config#config.arena-rules@1.mobWaves.mob.modelKey
    ZERO     0/1       0.0%  field:config#config.arena-rules@1.mobWaves.schedule[].championId
    ZERO     0/1       0.0%  field:config#config.arena-rules@1.mobWaves.special.championId
    ZERO     0/1       0.0%  field:config#config.arena-rules@1.mobWaves.special.heroLevel
    ZERO     0/1       0.0%  field:config#config.arena-rules@1.mobWaves.special.modelKey
    ZERO     0/1       0.0%  field:config#config.arena-rules@1.overflow
    ZERO     0/1       0.0%  field:config#config.base-bonus@1.bonus.ap
    ZERO     0/1       0.0%  field:config#config.base-bonus@1.bonus.armor
    ZERO     0/1       0.0%  field:config#config.base-bonus@1.bonus.as
    ZERO     0/1       0.0%  field:config#config.base-bonus@1.bonus.cdr
    ZERO     0/1       0.0%  field:config#config.base-bonus@1.bonus.cooldownDrainRate
    ZERO     0/1       0.0%  field:config#config.base-bonus@1.bonus.critChance
    ZERO     0/1       0.0%  field:config#config.base-bonus@1.bonus.critDamage
    ZERO     0/1       0.0%  field:config#config.base-bonus@1.bonus.evasion
    ZERO     0/1       0.0%  field:config#config.base-bonus@1.bonus.healthRegen
    ZERO     0/1       0.0%  field:config#config.base-bonus@1.bonus.lifesteal
    ZERO     0/1       0.0%  field:config#config.base-bonus@1.bonus.maxHitPctMaxHp
    ZERO     0/1       0.0%  field:config#config.base-bonus@1.bonus.ms
    ZERO     0/1       0.0%  field:config#config.base-bonus@1.bonus.outputDamagePct
    ZERO     0/1       0.0%  field:config#config.base-bonus@1.bonus.outputHealingPct
    ZERO     0/1       0.0%  field:config#config.base-bonus@1.bonus.outputShieldPct
    ZERO     0/1       0.0%  field:config#config.base-bonus@1.bonus.range
    ZERO     0/1       0.0%  field:config#config.base-bonus@1.bonus.spellVamp
    ZERO     0/1       0.0%  field:config#config.base-bonus@1.bonus.unavoidablePct
    ZERO     0/1       0.0%  field:config#config.combat-feel@1.knockback.authoredWins
    ZERO     0/1       0.0%  field:config#config.combat-feel@1.knockback.launchEdgeUsesFireRing
    ZERO     0/1       0.0%  field:config#config.combat-feel@1.knockback.launchLongUnits
    ZERO     0/1       0.0%  field:config#config.combat-feel@1.knockback.launchShortUnits
    ZERO     0/1       0.0%  field:config#config.combat-feel@1.knockback.longerDamageWins
    ZERO     0/1       0.0%  field:config#config.controller-scheme@1.schemes{}.autoFarm.overrideReason
    ZERO     0/1       0.0%  field:config#config.feel-fx@1.orderFeedback
    ZERO     0/1       0.0%  field:config#config.form-visuals@1.forms{}.modelKey
    ZERO     0/1       0.0%  field:config#config.icon-plan@1.missingSurfaceFiles
    ZERO     0/1       0.0%  field:config#config.ranking@1.note
    ZERO     0/1       0.0%  field:config#config.stat-caps@1.caps.cooldownDrainRate
    ZERO     0/1       0.0%  field:config#config.stat-caps@1.caps.critChance
    ZERO     0/1       0.0%  field:config#config.stat-caps@1.caps.critDamage
    ZERO     0/1       0.0%  field:config#config.stat-caps@1.caps.evasion
    ZERO     0/1       0.0%  field:config#config.stat-caps@1.caps.maxHitPctMaxHp
    ZERO     0/1       0.0%  field:config#config.stat-caps@1.caps.outputDamagePct
    ZERO     0/1       0.0%  field:config#config.stat-caps@1.caps.outputHealingPct
    ZERO     0/1       0.0%  field:config#config.stat-caps@1.caps.outputShieldPct
    ZERO     0/1       0.0%  field:config#config.stat-caps@1.caps.spellVamp
    ZERO     0/1       0.0%  field:config#config.stat-caps@1.caps.unavoidablePct
    ZERO     0/1       0.0%  field:config#config.ugc@1.heroModelMaxBytes
    ZERO     0/1       0.0%  field:config#config.ugc@1.heroModelUploadsEnabled
    ZERO     0/1       0.0%  field:config#config.ugc@1.powerUserQuotaPerDay
    ZERO     0/1       0.0%  field:config#config.ui-cues@1.lobbyStore.enabled
    ZERO     0/1       0.0%  field:config#config.unit-tints@1.units{}.alpha
    ZERO     0/1       0.0%  field:config#config.vfx-ability-art@1.bindings{}.owner.anchor
    ZERO     0/1       0.0%  field:config#config.vfx-ability-art@1.bindings{}.owner.flyHeight
    ZERO     0/1       0.0%  field:config#config.vfx-ability-art@1.bindings{}.owner.scale
    ZERO     0/1       0.0%  field:config#config.vfx-ability-art@1.bindings{}.owner.tint
    ZERO     0/1       0.0%  field:config#config.vfx-cleanup@1.modelFxEmittersEnabled
    ZERO     0/1       0.0%  field:config#config.vfx-families@1.abilities{}.alpha
    ZERO     0/1       0.0%  field:config#config.vfx-families@1.abilities{}.enabled
    ZERO     0/1       0.0%  field:config#config.vfx-families@1.abilities{}.facingDeg
    ZERO     0/1       0.0%  field:config#config.vfx-families@1.abilities{}.soundDissipate
    ZERO     0/1       0.0%  field:config#config.vfx-families@1.abilities{}.soundLoop
    ZERO     0/1       0.0%  field:config#config.vfx-families@1.abilities{}.timeScale
    ZERO     0/1       0.0%  field:config#config.vfx-families@1.families{}.models
    ZERO     0/1       0.0%  field:config#config.vfx-families@1.families{}.soundGain
    ZERO     0/1       0.0%  field:config#config.vfx-families@1.families{}.soundLoopMaxMs
    ZERO     0/1       0.0%  field:config#config.vfx-families@1.families{}.soundLoopMs
    ZERO     0/1       0.0%  field:config#config.weather@1.note
    ZERO     0/4       0.0%  field:items.auras[].hooks
    ZERO     0/4       0.0%  field:items.auras[].includeSelf
    ZERO     0/4       0.0%  field:items.auras[].lingerSec
    ZERO     0/142     0.0%  field:items.draftEligible
    ZERO     0/142     0.0%  field:items.iconKey
    ZERO     0/86      0.0%  field:items.modifiers[].from
    ZERO     0/86      0.0%  field:items.modifiers[].scopeAbilityId
    ZERO     0/86      0.0%  field:items.modifiers[].scopeSlot
    ZERO     0/77      0.0%  field:items.passive[].blockSource
    ZERO     0/77      0.0%  field:items.passive[].consumeOn
    ZERO     0/77      0.0%  field:items.passive[].critSource
    ZERO     0/77      0.0%  field:items.passive[].damageConnected
    ZERO     0/77      0.0%  field:items.passive[].damageCrit
    ZERO     0/77      0.0%  field:items.passive[].damageType
    ZERO     0/77      0.0%  field:items.passive[].evadeChannel
    ZERO     0/77      0.0%  field:items.passive[].evadeDuring
    ZERO     0/77      0.0%  field:items.passive[].evadeSource
    ZERO     0/77      0.0%  field:items.passive[].internalCooldownScope
    ZERO     0/77      0.0%  field:items.passive[].observedEvent
    ZERO     0/77      0.0%  field:items.passive[].onConsumed
    ZERO     0/77      0.0%  field:items.passive[].oncePerCast
    ZERO     0/77      0.0%  field:items.passive[].perTarget
    ZERO     0/77      0.0%  field:items.passive[].reflectedDamageSource
    ZERO     0/77      0.0%  field:items.passive[].reflectedDamageType
    ZERO     0/77      0.0%  field:items.passive[].stationaryForSec
    ZERO     0/3       0.0%  field:items.sets[].countDuplicates
    ZERO     0/3       0.0%  field:items.sets[].enabled
    ZERO     0/3       0.0%  field:items.sets[].requiredPieces
    ZERO     0/142     0.0%  field:items.unique
    ZERO     0/7       0.0%  field:maps.backgroundProps[].y
    ZERO     0/7       0.0%  field:maps.landmarkProps[].y
    ZERO     0/156     0.0%  field:models.bodyVersion
    ZERO     0/156     0.0%  field:models.fxAlpha
    ZERO     0/156     0.0%  field:models.heroBody
    ZERO     0/156     0.0%  field:models.voxel
    ZERO     0/5       0.0%  field:skins.alpha
    ZERO     0/5       0.0%  field:skins.tint
    ZERO     0/51      0.0%  field:status-effects.alpha
    ZERO     0/51      0.0%  field:status-effects.iconKey
    ZERO     0/51      0.0%  field:status-effects.tint
    ZERO     0/9       0.0%  field:vfx#vfx@1.orient.yawDeg
    ZERO     0/629     0.0%  field:vfx#vfx@1.presentation
    ZERO     0/629     0.0%  field:vfx#vfx@1.spriteSheet
    ZERO     0/1       0.0%  field:vfx#vfx@1.tracks.*.globalSeq
    ZERO     0/1       0.0%  field:vfx#vfx@1.tracks.gravity
    ZERO     0/1       0.0%  field:vfx#vfx@1.tracks.latitude
    ZERO     0/1       0.0%  field:vfx#vfx@1.tracks.length
    ZERO     0/1       0.0%  field:vfx#vfx@1.tracks.lifespan
    ZERO     0/1       0.0%  field:vfx#vfx@1.tracks.speed
    ZERO     0/1       0.0%  field:vfx#vfx@1.tracks.visibility
    ZERO     0/1       0.0%  field:vfx#vfx@1.tracks.width
    ZERO     0/3       0.0%  field:vfx-scripts.segments[]|1#anim.atMs
    ZERO     0/3       0.0%  field:vfx-scripts.segments[]|1#anim.replaces
    ZERO     0/3       0.0%  field:vfx-scripts.segments[]|1#anim.replacesForMs
    ZERO     0/3       0.0%  field:vfx-scripts.segments[]|1#anim.strikeIndex
    ZERO     0/3       0.0%  field:vfx-scripts.segments[]|1#floatingText.driftAngleDeg
    ZERO     0/3       0.0%  field:vfx-scripts.segments[]|1#floatingText.driftAngleStepDeg
    ZERO     0/3       0.0%  field:vfx-scripts.segments[]|1#floatingText.driftFrom
    ZERO     0/3       0.0%  field:vfx-scripts.segments[]|1#floatingText.driftSpeed
    ZERO     0/3       0.0%  field:vfx-scripts.segments[]|1#floatingText.replaces
    ZERO     0/3       0.0%  field:vfx-scripts.segments[]|1#floatingText.replacesForMs
    ZERO     0/2       0.0%  field:vfx-scripts.segments[]|1#hideBody.atMs
    ZERO     0/2       0.0%  field:vfx-scripts.segments[]|1#hideBody.replaces
    ZERO     0/2       0.0%  field:vfx-scripts.segments[]|1#hideBody.replacesForMs
    ZERO     0/2       0.0%  field:vfx-scripts.segments[]|1#hideBody.strikeIndex
    ZERO     0/9       0.0%  field:vfx-scripts.segments[]|1#modelFx.count
    ZERO     0/9       0.0%  field:vfx-scripts.segments[]|1#modelFx.distance
    ZERO     0/9       0.0%  field:vfx-scripts.segments[]|1#modelFx.offsetSideU
    ZERO     0/9       0.0%  field:vfx-scripts.segments[]|1#modelFx.replaces
    ZERO     0/9       0.0%  field:vfx-scripts.segments[]|1#modelFx.replacesForMs
    ZERO     0/9       0.0%  field:vfx-scripts.segments[]|1#modelFx.scaleAxis
    ZERO     0/9       0.0%  field:vfx-scripts.segments[]|1#modelFx.soundKey
    ZERO     0/9       0.0%  field:vfx-scripts.segments[]|1#modelFx.spacing
    ZERO     0/9       0.0%  field:vfx-scripts.segments[]|1#modelFx.speed
    ZERO     0/9       0.0%  field:vfx-scripts.segments[]|1#modelFx.spinDegPerSec
    ZERO     0/9       0.0%  field:vfx-scripts.segments[]|1#modelFx.trailIntervalSec
    ZERO     0/9       0.0%  field:vfx-scripts.segments[]|1#modelFx.trailVfxId
    ZERO     0/9       0.0%  field:vfx-scripts.segments[]|1#modelFx.yawOffsetDeg
    ZERO     0/4       0.0%  field:vfx-scripts.segments[]|1#screenShake.replaces
    ZERO     0/4       0.0%  field:vfx-scripts.segments[]|1#screenShake.replacesForMs
    ZERO     0/2       0.0%  field:vfx-scripts.segments[]|1#sound.replaces
    ZERO     0/2       0.0%  field:vfx-scripts.segments[]|1#sound.replacesForMs
    ZERO     0/7       0.0%  field:vfx-scripts.segments[]|1#vfx.alpha
    ZERO     0/7       0.0%  field:vfx-scripts.segments[]|1#vfx.facingDeg
    ZERO     0/7       0.0%  field:vfx-scripts.segments[]|1#vfx.flyHeight
    ZERO     0/7       0.0%  field:vfx-scripts.segments[]|1#vfx.offsetForwardU
    ZERO     0/7       0.0%  field:vfx-scripts.segments[]|1#vfx.offsetSideU
    ZERO     0/7       0.0%  field:vfx-scripts.segments[]|1#vfx.pitchDeg
    ZERO     0/7       0.0%  field:vfx-scripts.segments[]|1#vfx.replaces
    ZERO     0/7       0.0%  field:vfx-scripts.segments[]|1#vfx.replacesForMs
    ZERO     0/7       0.0%  field:vfx-scripts.segments[]|1#vfx.timeScale
    ZERO     0/7       0.0%  field:vfx-scripts.segments[]|1#vfx.tint
    ZERO     0/7       0.0%  field:vfx-scripts.segments[]|1#vfx.w3xScale
             1/2      50.0%  field:abilities.effects[]#applyBuff.condition|0|2|0.other.scale
             1/2      50.0%  field:abilities.effects[]#applyBuff.condition|0|2|0.other.stat
             1/2      50.0%  field:abilities.effects[]#applyBuff.condition|0|2|1.other.scale
             1/2      50.0%  field:abilities.effects[]#applyBuff.condition|0|2|1.other.stat
             1/7      14.3%  field:abilities.effects[]#applyBuff.critStrike.empowers
             1/7      14.3%  field:abilities.effects[]#applyBuff.critStrike.lifestealMode
             1/1     100.0%  field:abilities.effects[]#applyBuff.deathWard.modelKey
             1/1     100.0%  field:abilities.effects[]#applyBuff.hooks[].chanceFrom.basis
             1/1     100.0%  field:abilities.effects[]#applyBuff.penetration.armorPct
             1/163     0.6%  field:abilities.effects[]#applyStatus.healingTakenMult
             1/163     0.6%  field:abilities.effects[]#applyStatus.lifestealMult
             1/163     0.6%  field:abilities.effects[]#applyStatus.regenMult
             1/1     100.0%  field:abilities.effects[]#carry.maxTargets
             1/1     100.0%  field:abilities.effects[]#carry.onCarrierDeath
             1/1     100.0%  field:abilities.effects[]#carry.onHitTargets
             1/1     100.0%  field:abilities.effects[]#carry.radius
             1/1     100.0%  field:abilities.effects[]#carry.radiusTier
             1/1     100.0%  field:abilities.effects[]#carry.side
             1/1     100.0%  field:abilities.effects[]#carry.untargetable
             1/1     100.0%  field:abilities.effects[]#carry.untargetable.abilityAoe
             1/1     100.0%  field:abilities.effects[]#carry.untargetable.autoAcquire
             1/1     100.0%  field:abilities.effects[]#carry.untargetable.manualTarget
             1/1     100.0%  field:abilities.effects[]#carry.untargetable.mobAggro
             1/1     100.0%  field:abilities.effects[]#carry.victimCondition
             1/370     0.3%  field:abilities.effects[]#chainLightning.amount.attrRatios
             1/1     100.0%  field:abilities.effects[]#chainLightning.amount.attrRatios[].basis
             1/1     100.0%  field:abilities.effects[]#convertTeam.maxHeld
             1/1     100.0%  field:abilities.effects[]#convertTeam.oncePerRoundPerVictim
             1/1     100.0%  field:abilities.effects[]#convertTeam.until
             1/1     100.0%  field:abilities.effects[]#cycleBuff.applyTo
             1/258     0.4%  field:abilities.effects[]#damage.bankedBonus
             1/2      50.0%  field:abilities.effects[]#damage.refund.basis
             1/90      1.1%  field:abilities.effects[]#damageArea.canCrit
             1/90      1.1%  field:abilities.effects[]#damageArea.falloff
             1/22      4.5%  field:abilities.effects[]#dispel.condition
             1/5      20.0%  field:abilities.effects[]#eventValueConversion.buff
             1/1     100.0%  field:abilities.effects[]#eventValueConversion.buff.ratio
             1/7      14.3%  field:abilities.effects[]#grantAttribute.maxAttribute
             1/4      25.0%  field:abilities.effects[]#grantGold.perTargetLevel
             1/1     100.0%  field:abilities.effects[]#grantXp.to
             1/1     100.0%  field:abilities.effects[]#manaBarrier.durationSec
             1/1     100.0%  field:abilities.effects[]#manaBarrier.minManaReserve
             1/1     100.0%  field:abilities.effects[]#manaBarrier.who
             1/17      5.9%  field:abilities.effects[]#modifyCooldown.condition
             1/17      5.9%  field:abilities.effects[]#modifyCooldown.hookKey
             1/17      5.9%  field:abilities.effects[]#modifyCooldown.hookScope
             1/17      5.9%  field:abilities.effects[]#modifyCooldown.target
             1/39      2.6%  field:abilities.effects[]#restore.condition
             1/9      11.1%  field:abilities.effects[]#spendMana.bankAs
             1/1     100.0%  field:abilities.effects[]#swapResource.clampMin
             1/1     100.0%  field:abilities.effects[]#swapResource.resource
             1/4      25.0%  field:abilities.effects[]#taunt.forcedTarget
             1/4      25.0%  field:abilities.effects[]#taunt.includeNeutrals
             1/4      25.0%  field:abilities.effects[]#taunt.side
             1/12      8.3%  field:abilities.effects[]#weightedBranch.condition
             1/421     0.2%  field:abilities.interruptOn
             1/421     0.2%  field:abilities.marks
             1/3      33.3%  field:abilities.marks[].perStackLost
             1/5      20.0%  field:abilities.passive.ranks[].auras[].hooks
             1/5      20.0%  field:abilities.passive.ranks[].auras[].includeSelf
             1/131     0.8%  field:abilities.passive.ranks[].deathWard
             1/131     0.8%  field:abilities.passive.ranks[].statusImmunity
             1/131     0.8%  field:abilities.passive.ranks[].vision
             1/421     0.2%  field:abilities.rangeUnlimited
             1/421     0.2%  field:abilities.toggle
             1/13      7.7%  field:arenas.zones[].gateHolds
             1/41      2.4%  field:augments.eligibility.excludeSelfMechanic
             1/41      2.4%  field:augments.eligibility.onlyAttackType
             1/41      2.4%  field:augments.eligibility.requiresEnemyMechanic
             1/91      1.1%  field:augments.flight
             1/71      1.4%  field:champions.abilities.*.interruptOn
             1/71      1.4%  field:champions.abilities.*.recoverySec
             1/71      1.4%  field:champions.abilities.*.toggle
             1/71      1.4%  field:champions.healthDrainPctOfMax
             1/71      1.4%  field:champions.immobile
             1/1     100.0%  field:config#config.admin-friend@1.note
             1/1     100.0%  field:config#config.ambient-vfx@1.arenaFire
             1/1     100.0%  field:config#config.ambient-vfx@1.attackTrail
             1/1     100.0%  field:config#config.ambient-vfx@1.attackTrail.byWeaponTag[].y
             1/1     100.0%  field:config#config.ambient-vfx@1.backdrop
             1/1     100.0%  field:config#config.ambient-vfx@1.bindings{}[].note
             1/1     100.0%  field:config#config.ambient-vfx@1.bindings{}[].whileToggle
             1/1     100.0%  field:config#config.ambient-vfx@1.hitCues
             1/1     100.0%  field:config#config.ambient-vfx@1.hitCues.shieldGained
             1/1     100.0%  field:config#config.ambient-vfx@1.scenery
             1/1     100.0%  field:config#config.ambient-vfx@1.scenery.outlineShells
             1/1     100.0%  field:config#config.aoe-tiers@1.note
             1/1     100.0%  field:config#config.ap-coefficient@1.keepAuthoredPerRankAp
             1/1     100.0%  field:config#config.ap-coefficient@1.note
             1/1     100.0%  field:config#config.ap-damage-scaling@1.note
             1/1     100.0%  field:config#config.arena-pool@1.note
             1/1     100.0%  field:config#config.arena-rules@1.augmentTiers
             1/1     100.0%  field:config#config.arena-rules@1.autoSpendSkillPoints
             1/1     100.0%  field:config#config.arena-rules@1.botOnlyRingAccelEnabled
             1/1     100.0%  field:config#config.arena-rules@1.botOnlyRingAccelSec
             1/1     100.0%  field:config#config.arena-rules@1.botShop
             1/1     100.0%  field:config#config.arena-rules@1.bothDraftsExtraSec
             1/1     100.0%  field:config#config.arena-rules@1.disadvantageWeights
             1/1     100.0%  field:config#config.arena-rules@1.draftConflict
             1/1     100.0%  field:config#config.arena-rules@1.exUnlockRound
             1/1     100.0%  field:config#config.arena-rules@1.finalRound
             1/1     100.0%  field:config#config.arena-rules@1.flowers
             1/1     100.0%  field:config#config.arena-rules@1.goldDrop
             1/1     100.0%  field:config#config.arena-rules@1.grailDraft
             1/1     100.0%  field:config#config.arena-rules@1.guardianTower
             1/1     100.0%  field:config#config.arena-rules@1.humanSeatsFromRound
             1/1     100.0%  field:config#config.arena-rules@1.itemDraft
             1/1     100.0%  field:config#config.arena-rules@1.itemDraft.excludedCraftRoles
             1/1     100.0%  field:config#config.arena-rules@1.legendaryShelf
             1/1     100.0%  field:config#config.arena-rules@1.legendaryShelf.randomOnlyTables
             1/1     100.0%  field:config#config.arena-rules@1.legendaryShelf.sellRefundPct
             1/1     100.0%  field:config#config.arena-rules@1.legendaryShelf.swapWhenFull
             1/1     100.0%  field:config#config.arena-rules@1.mobWaves
             1/1     100.0%  field:config#config.arena-rules@1.mobWaves.boss
             1/1     100.0%  field:config#config.arena-rules@1.mobWaves.boss.aggroRank
             1/1     100.0%  field:config#config.arena-rules@1.mobWaves.boss.championSource
             1/1     100.0%  field:config#config.arena-rules@1.mobWaves.boss.countOverkill
             1/1     100.0%  field:config#config.arena-rules@1.mobWaves.boss.countsAsChampion
             1/1     100.0%  field:config#config.arena-rules@1.mobWaves.boss.healthBar
             1/1     100.0%  field:config#config.arena-rules@1.mobWaves.boss.healthBarAnchor
             1/1     100.0%  field:config#config.arena-rules@1.mobWaves.boss.healthBarReveal
             1/1     100.0%  field:config#config.arena-rules@1.mobWaves.boss.heroDamageMult
             1/1     100.0%  field:config#config.arena-rules@1.mobWaves.boss.heroHpMult
             1/1     100.0%  field:config#config.arena-rules@1.mobWaves.boss.heroLevel
             1/1     100.0%  field:config#config.arena-rules@1.mobWaves.boss.heroLevelSource
             1/1     100.0%  field:config#config.arena-rules@1.mobWaves.boss.hpFlatBonus
             1/1     100.0%  field:config#config.arena-rules@1.mobWaves.boss.hpMult
             1/1     100.0%  field:config#config.arena-rules@1.mobWaves.boss.king
             1/1     100.0%  field:config#config.arena-rules@1.mobWaves.boss.king.areaMinTargets
             1/1     100.0%  field:config#config.arena-rules@1.mobWaves.boss.king.learnRankMode
             1/1     100.0%  field:config#config.arena-rules@1.mobWaves.boss.king.situationalAiming
             1/1     100.0%  field:config#config.arena-rules@1.mobWaves.boss.lastHitMode
             1/1     100.0%  field:config#config.arena-rules@1.mobWaves.boss.levelCurve
             1/1     100.0%  field:config#config.arena-rules@1.mobWaves.boss.maxPerRound
             1/1     100.0%  field:config#config.arena-rules@1.mobWaves.boss.maxPerRoundScope
             1/1     100.0%  field:config#config.arena-rules@1.mobWaves.boss.moveSpeedMult
             1/1     100.0%  field:config#config.arena-rules@1.mobWaves.boss.noClip
             1/1     100.0%  field:config#config.arena-rules@1.mobWaves.boss.noClipObstacles
             1/1     100.0%  field:config#config.arena-rules@1.mobWaves.boss.noClipStayInside
             1/1     100.0%  field:config#config.arena-rules@1.mobWaves.boss.noClipUnits
             1/1     100.0%  field:config#config.arena-rules@1.mobWaves.boss.settlementTitle
             1/1     100.0%  field:config#config.arena-rules@1.mobWaves.boss.sizeMult
             1/1     100.0%  field:config#config.arena-rules@1.mobWaves.healthBar
             1/1     100.0%  field:config#config.arena-rules@1.mobWaves.mob.baseHp
             1/1     100.0%  field:config#config.arena-rules@1.mobWaves.mob.baseLevel
             1/1     100.0%  field:config#config.arena-rules@1.mobWaves.mob.baseRegen
             1/1     100.0%  field:config#config.arena-rules@1.mobWaves.mob.championId
             1/1     100.0%  field:config#config.arena-rules@1.mobWaves.mob.championSource
             1/1     100.0%  field:config#config.arena-rules@1.mobWaves.mob.groundRingDiameter
             1/1     100.0%  field:config#config.arena-rules@1.mobWaves.mob.groundRingSizeFollow
             1/1     100.0%  field:config#config.arena-rules@1.mobWaves.mob.hpPerLevel
             1/1     100.0%  field:config#config.arena-rules@1.mobWaves.mob.levelCurve
             1/1     100.0%  field:config#config.arena-rules@1.mobWaves.mob.levelPerRound
             1/1     100.0%  field:config#config.arena-rules@1.mobWaves.mob.moveSpeed
             1/1     100.0%  field:config#config.arena-rules@1.mobWaves.mob.regenPerLevel
             1/1     100.0%  field:config#config.arena-rules@1.mobWaves.mob.sizeMult
             1/1     100.0%  field:config#config.arena-rules@1.mobWaves.mob.tintStrength
             1/1     100.0%  field:config#config.arena-rules@1.mobWaves.normalMobShadow
             1/1     100.0%  field:config#config.arena-rules@1.mobWaves.roundHoldMobKinds
             1/1     100.0%  field:config#config.arena-rules@1.mobWaves.schedule
             1/1     100.0%  field:config#config.arena-rules@1.mobWaves.special
             1/1     100.0%  field:config#config.arena-rules@1.mobWaves.special.bountyGold
             1/1     100.0%  field:config#config.arena-rules@1.mobWaves.special.bountyLevels
             1/1     100.0%  field:config#config.arena-rules@1.mobWaves.special.bountyXp
             1/1     100.0%  field:config#config.arena-rules@1.mobWaves.special.championSource
             1/1     100.0%  field:config#config.arena-rules@1.mobWaves.special.countOverkill
             1/1     100.0%  field:config#config.arena-rules@1.mobWaves.special.countsAsChampion
             1/1     100.0%  field:config#config.arena-rules@1.mobWaves.special.heroDamageMult
             1/1     100.0%  field:config#config.arena-rules@1.mobWaves.special.heroHpMult
             1/1     100.0%  field:config#config.arena-rules@1.mobWaves.special.heroLevelSource
             1/1     100.0%  field:config#config.arena-rules@1.mobWaves.special.hpFlatBonus
             1/1     100.0%  field:config#config.arena-rules@1.mobWaves.special.lastHitMode
             1/1     100.0%  field:config#config.arena-rules@1.mobWaves.special.lastHitMultiplier
             1/1     100.0%  field:config#config.arena-rules@1.mobWaves.special.levelCurve
             1/1     100.0%  field:config#config.arena-rules@1.mobWaves.special.settlementMode
             1/1     100.0%  field:config#config.arena-rules@1.mobWaves.special.settlementTitle
             1/1     100.0%  field:config#config.arena-rules@1.mobWaves.special.sizeMult
             1/1     100.0%  field:config#config.arena-rules@1.mobWaves.special.splitByDamage
             1/1     100.0%  field:config#config.arena-rules@1.mobWaves.stopSpawnOnTeamWipe
             1/1     100.0%  field:config#config.arena-rules@1.postMatchLingerSec
             1/1     100.0%  field:config#config.arena-rules@1.retiredLootTables
             1/1     100.0%  field:config#config.arena-rules@1.reviveCircles
             1/1     100.0%  field:config#config.arena-rules@1.round11
             1/1     100.0%  field:config#config.arena-rules@1.rounds{}.augmentTier
             1/1     100.0%  field:config#config.arena-rules@1.rounds{}.autoLearn
             1/1     100.0%  field:config#config.arena-rules@1.rounds{}.draftBoth
             1/1     100.0%  field:config#config.arena-rules@1.rounds{}.grantGold
             1/1     100.0%  field:config#config.arena-rules@1.rounds{}.grantLevels
             1/1     100.0%  field:config#config.arena-rules@1.rounds{}.weaponDraftPct
             1/1     100.0%  field:config#config.arena-rules@1.rounds{}.weaponLootTable
             1/1     100.0%  field:config#config.arena-rules@1.ultUnlockRound
             1/1     100.0%  field:config#config.arena-rules@1.vision
             1/1     100.0%  field:config#config.arena-rules@1.vision.fullVision
             1/1     100.0%  field:config#config.arena-rules@1.vision.wallBlocksBasicAttack
             1/1     100.0%  field:config#config.arena-rules@1.weaponShelfOpen
             1/1     100.0%  field:config#config.arena-rules@1.weaponTiers
             1/1     100.0%  field:config#config.arena-rules@1.weaponTiers[].guaranteeAtD
             1/1     100.0%  field:config#config.arena-rules@1.weaponTiers[].maxRound
             1/1     100.0%  field:config#config.asset-cdn@1.note
             1/1     100.0%  field:config#config.asset-downloads@1.note
             1/1     100.0%  field:config#config.audio-map@1.bgm{}.gain
             1/1     100.0%  field:config#config.audio-map@1.castLayerCap
             1/1     100.0%  field:config#config.audio-map@1.mapBgm
             1/1     100.0%  field:config#config.audio-map@1.modelFxSound
             1/1     100.0%  field:config#config.audio-map@1.rankUpAudience
             1/1     100.0%  field:config#config.audio-map@1.sfx{}.cooldownMs
             1/1     100.0%  field:config#config.audio-map@1.sfx{}.gain
             1/1     100.0%  field:config#config.audio-map@1.sfx{}.maxConcurrent
             1/1     100.0%  field:config#config.audio-mix@1.note
             1/1     100.0%  field:config#config.audio-mix@1.voice.roundEndMachineVoice
             1/1     100.0%  field:config#config.audio-mix@1.voice.roundEndMinGapSec
             1/1     100.0%  field:config#config.augment-filter@1.note
             1/1     100.0%  field:config#config.authoring-rules@1.editor
             1/1     100.0%  field:config#config.authoring-rules@1.note
             1/1     100.0%  field:config#config.base-bonus@1.bonus.ad
             1/1     100.0%  field:config#config.base-bonus@1.bonus.manaRegen
             1/1     100.0%  field:config#config.base-bonus@1.bonus.maxHealth
             1/1     100.0%  field:config#config.base-bonus@1.bonus.maxMana
             1/1     100.0%  field:config#config.base-bonus@1.bonus.mr
             1/1     100.0%  field:config#config.berserk@1.note
             1/1     100.0%  field:config#config.block@1.chanceMult
             1/1     100.0%  field:config#config.block@1.note
             1/1     100.0%  field:config#config.body-scale@1.note
             1/1     100.0%  field:config#config.boss-intro@1.champions{}.authoringNote
             1/1     100.0%  field:config#config.boss-intro@1.champions{}.quote
             1/1     100.0%  field:config#config.boss-intro@1.champions{}.tips
             1/1     100.0%  field:config#config.boss-intro@1.champions{}.weaknesses
             1/1     100.0%  field:config#config.boss-intro@1.dropOrder
             1/1     100.0%  field:config#config.boss-intro@1.layout
             1/1     100.0%  field:config#config.boss-intro@1.note
             1/1     100.0%  field:config#config.camera@1.note
             1/1     100.0%  field:config#config.camera@1.zoom.defaultDolly
             1/1     100.0%  field:config#config.cast-approach@1.note
             1/1     100.0%  field:config#config.cast-time-tiers@1.note
             1/1     100.0%  field:config#config.cast-time@1.castTimeMaxSec
             1/1     100.0%  field:config#config.cast-time@1.comboWindowFrom
             1/1     100.0%  field:config#config.cast-time@1.note
             1/1     100.0%  field:config#config.champion-voices@1.champions{}.soundset
             1/1     100.0%  field:config#config.combat-env@1.multipliers.abilityDamage
             1/1     100.0%  field:config#config.combat-env@1.multipliers.abilityPower
             1/1     100.0%  field:config#config.combat-env@1.multipliers.abilityRange
             1/1     100.0%  field:config#config.combat-env@1.multipliers.agiToArmor
             1/1     100.0%  field:config#config.combat-env@1.multipliers.agiToAttackSpeed
             1/1     100.0%  field:config#config.combat-env@1.multipliers.agiToEvasion
             1/1     100.0%  field:config#config.combat-env@1.multipliers.attackDamage
             1/1     100.0%  field:config#config.combat-env@1.multipliers.attackRange
             1/1     100.0%  field:config#config.combat-env@1.multipliers.attackSpeed
             1/1     100.0%  field:config#config.combat-env@1.multipliers.cooldown
             1/1     100.0%  field:config#config.combat-env@1.multipliers.critChance
             1/1     100.0%  field:config#config.combat-env@1.multipliers.critDamage
             1/1     100.0%  field:config#config.combat-env@1.multipliers.damageDealt
             1/1     100.0%  field:config#config.combat-env@1.multipliers.defense
             1/1     100.0%  field:config#config.combat-env@1.multipliers.goldEliteKill
             1/1     100.0%  field:config#config.combat-env@1.multipliers.goldHeroKill
             1/1     100.0%  field:config#config.combat-env@1.multipliers.goldMobKill
             1/1     100.0%  field:config#config.combat-env@1.multipliers.goldQuest
             1/1     100.0%  field:config#config.combat-env@1.multipliers.goldRoundPayout
             1/1     100.0%  field:config#config.combat-env@1.multipliers.healing
             1/1     100.0%  field:config#config.combat-env@1.multipliers.healthRegen
             1/1     100.0%  field:config#config.combat-env@1.multipliers.intToAbilityPower
             1/1     100.0%  field:config#config.combat-env@1.multipliers.intToMagicResist
             1/1     100.0%  field:config#config.combat-env@1.multipliers.intToManaRegen
             1/1     100.0%  field:config#config.combat-env@1.multipliers.intToMaxMana
             1/1     100.0%  field:config#config.combat-env@1.multipliers.itemCooldown
             1/1     100.0%  field:config#config.combat-env@1.multipliers.lifesteal
             1/1     100.0%  field:config#config.combat-env@1.multipliers.magicResistMult
             1/1     100.0%  field:config#config.combat-env@1.multipliers.manaRegen
             1/1     100.0%  field:config#config.combat-env@1.multipliers.maxHealth
             1/1     100.0%  field:config#config.combat-env@1.multipliers.maxMana
             1/1     100.0%  field:config#config.combat-env@1.multipliers.moveSpeed
             1/1     100.0%  field:config#config.combat-env@1.multipliers.moveSpeedMelee
             1/1     100.0%  field:config#config.combat-env@1.multipliers.moveSpeedRanged
             1/1     100.0%  field:config#config.combat-env@1.multipliers.shield
             1/1     100.0%  field:config#config.combat-env@1.multipliers.strToAttackDamage
             1/1     100.0%  field:config#config.combat-env@1.multipliers.strToCritChance
             1/1     100.0%  field:config#config.combat-env@1.multipliers.strToHealthRegen
             1/1     100.0%  field:config#config.combat-env@1.multipliers.strToMaxHealth
             1/1     100.0%  field:config#config.combat-feel@1.aimAssist
             1/1     100.0%  field:config#config.combat-feel@1.autoEngage
             1/1     100.0%  field:config#config.combat-feel@1.autoEngage.acquireLeash
             1/1     100.0%  field:config#config.combat-feel@1.autoEngage.meleeAcquireFloor
             1/1     100.0%  field:config#config.combat-feel@1.autoEngage.threatWindowTicks
             1/1     100.0%  field:config#config.combat-feel@1.facing
             1/1     100.0%  field:config#config.combat-feel@1.hitstop
             1/1     100.0%  field:config#config.combat-feel@1.hitstop.holdsAttackerWalk
             1/1     100.0%  field:config#config.combat-feel@1.hitstop.holdsVictimWalk
             1/1     100.0%  field:config#config.combat-feel@1.hitstop.scale
             1/1     100.0%  field:config#config.combat-feel@1.hitstop.stuckGuard
             1/1     100.0%  field:config#config.combat-feel@1.hitstop.stuckGuard.enabled
             1/1     100.0%  field:config#config.combat-feel@1.hitstop.stuckGuard.releaseSec
             1/1     100.0%  field:config#config.combat-feel@1.hitstop.stuckGuard.thresholdSec
             1/1     100.0%  field:config#config.combat-feel@1.hitstop.stuckGuard.windowSec
             1/1     100.0%  field:config#config.combat-feel@1.impactFeel
             1/1     100.0%  field:config#config.combat-feel@1.impactFeel.blockCamKickMult
             1/1     100.0%  field:config#config.combat-feel@1.impactFeel.blockShakeMult
             1/1     100.0%  field:config#config.combat-feel@1.impactFeel.exCamKickFloor
             1/1     100.0%  field:config#config.combat-feel@1.impactFeel.exFreezeTicks
             1/1     100.0%  field:config#config.combat-feel@1.impactFeel.exShakeCap
             1/1     100.0%  field:config#config.combat-feel@1.impactFeel.exShakeMult
             1/1     100.0%  field:config#config.combat-feel@1.impactFeel.hitstopCounterCap
             1/1     100.0%  field:config#config.combat-feel@1.impactFeel.hitstopPerImpact
             1/1     100.0%  field:config#config.combat-feel@1.impactFeel.hitstunAdvantage
             1/1     100.0%  field:config#config.combat-feel@1.impactFeel.hitstunPerImpact
             1/1     100.0%  field:config#config.combat-feel@1.impactFeel.knockdownTicks
             1/1     100.0%  field:config#config.combat-feel@1.impactFeel.tierHeavyImpact
             1/1     100.0%  field:config#config.combat-feel@1.impactFeel.tierMediumImpact
             1/1     100.0%  field:config#config.combat-feel@1.knockback
             1/1     100.0%  field:config#config.combat-feel@1.manualOrder
             1/1     100.0%  field:config#config.combat-feel@1.manualOrder.attackMoveNearestToCursor
             1/1     100.0%  field:config#config.combat-feel@1.manualOrder.idleAutoEngageSec
             1/1     100.0%  field:config#config.combat-feel@1.manualOrder.recoveryCancelOnOrder
             1/1     100.0%  field:config#config.combat-feel@1.moveFeel
             1/1     100.0%  field:config#config.combat-feel@1.moveFeel.accelTicks
             1/1     100.0%  field:config#config.combat-feel@1.moveFeel.autoRangeBuffer
             1/1     100.0%  field:config#config.combat-feel@1.moveFeel.avoidMargin
             1/1     100.0%  field:config#config.combat-feel@1.moveFeel.chaosRerollTicks
             1/1     100.0%  field:config#config.combat-feel@1.moveFeel.flowerClearance
             1/1     100.0%  field:config#config.combat-feel@1.moveFeel.holdFraction
             1/1     100.0%  field:config#config.combat-feel@1.moveFeel.whiffLungeDist
             1/1     100.0%  field:config#config.combat-feel@1.predictionHold
             1/1     100.0%  field:config#config.combat-feel@1.predictionHold.flags
             1/1     100.0%  field:config#config.combat-feel@1.standstill
             1/1     100.0%  field:config#config.combat-feel@1.standstill.closingRatio
             1/1     100.0%  field:config#config.combat-feel@1.standstill.legacyAbsoluteClosing
             1/1     100.0%  field:config#config.combat-feel@1.standstill.stillEps
             1/1     100.0%  field:config#config.combat-feel@1.stuckEscape
             1/1     100.0%  field:config#config.combat-feel@1.stuckEscape.anchorRadius
             1/1     100.0%  field:config#config.combat-feel@1.stuckEscape.enabled
             1/1     100.0%  field:config#config.combat-feel@1.stuckEscape.releaseSec
             1/1     100.0%  field:config#config.combat-feel@1.stuckEscape.thresholdSec
             1/1     100.0%  field:config#config.combo-strikes@1.families[].rhythmUnknownWhy
             1/1     100.0%  field:config#config.combo-strikes@1.families[].steps
             1/1     100.0%  field:config#config.combo-strikes@1.families[].strikes
             1/1     100.0%  field:config#config.combo-strikes@1.families[].unresolvedReason
             1/1     100.0%  field:config#config.combo-strikes@1.note
             1/1     100.0%  field:config#config.combo-strikes@1.stepSplit
             1/1     100.0%  field:config#config.content-load@1.note
             1/1     100.0%  field:config#config.controller-scheme@1.note
             1/1     100.0%  field:config#config.controller-scheme@1.schemes{}.aim.switchThreshold
             1/1     100.0%  field:config#config.controller-scheme@1.schemes{}.aim.weights
             1/1     100.0%  field:config#config.controller-scheme@1.schemes{}.autoFarm.idleDelaySecOverride
             1/1     100.0%  field:config#config.controller-scheme@1.schemes{}.autoFarm.pveOnlyWaiverReason
             1/1     100.0%  field:config#config.cooldown-rules@1.hookMinSeconds
             1/1     100.0%  field:config#config.cooldown-rules@1.note
             1/1     100.0%  field:config#config.cooldown-tiers@1.note
             1/1     100.0%  field:config#config.crit@1.note
             1/1     100.0%  field:config#config.damage-colors@1.blockFlashMode
             1/1     100.0%  field:config#config.damage-colors@1.note
             1/1     100.0%  field:config#config.damage-rules@1.note
             1/1     100.0%  field:config#config.damage-rules@1.oneShotPctOfMaxHp
             1/1     100.0%  field:config#config.damage-rules@1.spreadMaxTargetsCap
             1/1     100.0%  field:config#config.damage-tier-exemptions@1.note
             1/1     100.0%  field:config#config.damage-tier-exemptions@1.rules[].docs
             1/1     100.0%  field:config#config.damage-tier-exemptions@1.rules[].kinds
             1/1     100.0%  field:config#config.damage-tier-exemptions@1.rules[].maxFlat
             1/1     100.0%  field:config#config.damage-tier-exemptions@1.rules[].perTrigger
             1/1     100.0%  field:config#config.damage-tier-exemptions@1.rules[].zeroOnly
             1/1     100.0%  field:config#config.damage-tiers@1.note
             1/1     100.0%  field:config#config.dispel@1.note
             1/1     100.0%  field:config#config.displacement-tiers@1.markedBlink
             1/1     100.0%  field:config#config.displacement-tiers@1.markedBlink.enabled
             1/1     100.0%  field:config#config.displacement-tiers@1.markedBlink.requireOwnMark
             1/1     100.0%  field:config#config.displacement-tiers@1.note
             1/1     100.0%  field:config#config.displacement-tiers@1.wallBlock
             1/1     100.0%  field:config#config.displacement-tiers@1.wallBlock.flightExempt
             1/1     100.0%  field:config#config.feel-fx@1.castCharge
             1/1     100.0%  field:config#config.feel-fx@1.cooldownPredict
             1/1     100.0%  field:config#config.feel-fx@1.exDim
             1/1     100.0%  field:config#config.feel-fx@1.impactDebris
             1/1     100.0%  field:config#config.feel-fx@1.impactSmokeLifeScale
             1/1     100.0%  field:config#config.feel-fx@1.note
             1/1     100.0%  field:config#config.form-visuals@1.forms{}.attachBone
             1/1     100.0%  field:config#config.form-visuals@1.forms{}.attachModelKey
             1/1     100.0%  field:config#config.form-visuals@1.forms{}.attachOffsetY
             1/1     100.0%  field:config#config.form-visuals@1.forms{}.attachScale
             1/1     100.0%  field:config#config.form-visuals@1.forms{}.note
             1/1     100.0%  field:config#config.form-visuals@1.forms{}.scaleMult
             1/1     100.0%  field:config#config.form-visuals@1.forms{}.tint
             1/1     100.0%  field:config#config.form-visuals@1.note
             1/1     100.0%  field:config#config.form-visuals@1.statusStrength
             1/1     100.0%  field:config#config.form-visuals@1.statuses
             1/1     100.0%  field:config#config.gamepad@1.note
             1/1     100.0%  field:config#config.hud-layout@1.note
             1/1     100.0%  field:config#config.icon-style@1.loras
             1/1     100.0%  field:config#config.icon-style@1.note
             1/1     100.0%  field:config#config.icon-upload@1.note
             1/1     100.0%  field:config#config.item-card@1.iconFillPct
             1/1     100.0%  field:config#config.item-card@1.note
             1/1     100.0%  field:config#config.lobby-layout@1.note
             1/1     100.0%  field:config#config.lobby-rally@1.note
             1/1     100.0%  field:config#config.mana-economy@1.note
             1/1     100.0%  field:config#config.mana-tiers@1.note
             1/1     100.0%  field:config#config.map-report@1.note
             1/1     100.0%  field:config#config.map-spec@1.cornerLabel
             1/1     100.0%  field:config#config.map-spec@1.intro
             1/1     100.0%  field:config#config.map-spec@1.nav
             1/1     100.0%  field:config#config.map-spec@1.nav.minSpawnRoomBodyRadii
             1/1     100.0%  field:config#config.map-spec@1.note
             1/1     100.0%  field:config#config.map-spec@1.spawn
             1/1     100.0%  field:config#config.mitigation@1.note
             1/1     100.0%  field:config#config.model-lod@1.adaptiveCostMode
             1/1     100.0%  field:config#config.model-lod@1.note
             1/1     100.0%  field:config#config.model-lod@1.platformPolicy
             1/1     100.0%  field:config#config.model-lod@1.platformPolicy.minDevice
             1/1     100.0%  field:config#config.model-lod@1.platformPolicy.phone
             1/1     100.0%  field:config#config.model-lod@1.platformPolicy.phoneHardBlock
             1/1     100.0%  field:config#config.model-lod@1.platformPolicy.phoneShortEdgePx
             1/1     100.0%  field:config#config.model-lod@1.platformPolicy.tabletFpsCap
             1/1     100.0%  field:config#config.move-speed-tiers@1.exemptions[].id
             1/1     100.0%  field:config#config.move-speed-tiers@1.exemptions[].op
             1/1     100.0%  field:config#config.move-speed-tiers@1.note
             1/1     100.0%  field:config#config.new-hero-checks@1.note
             1/1     100.0%  field:config#config.one-shot-clamp@1.note
             1/1     100.0%  field:config#config.origin-routes@1.note
             1/1     100.0%  field:config#config.owner-knobs@1.note
             1/1     100.0%  field:config#config.per-level-bonus@1.note
             1/1     100.0%  field:config#config.practice@1.note
             1/1     100.0%  field:config#config.range-guide@1.note
             1/1     100.0%  field:config#config.range-tiers@1.note
             1/1     100.0%  field:config#config.rank-growth@1.note
             1/1     100.0%  field:config#config.regen@1.note
             1/1     100.0%  field:config#config.replay@1.note
             1/1     100.0%  field:config#config.review-tuning@1.note
             1/1     100.0%  field:config#config.roster@1.hiddenChampions
             1/1     100.0%  field:config#config.roster@1.hiddenChampionsInMobPool
             1/1     100.0%  field:config#config.roster@1.note
             1/1     100.0%  field:config#config.screen-fx@1.note
             1/1     100.0%  field:config#config.shield@1.note
             1/1     100.0%  field:config#config.shield@1.spellWardBlocksWholeCast
             1/1     100.0%  field:config#config.skill-normalize@1.note
             1/1     100.0%  field:config#config.speed-growth-tiers@1.note
             1/1     100.0%  field:config#config.stat-caps@1.caps.ad
             1/1     100.0%  field:config#config.stat-caps@1.caps.ap
             1/1     100.0%  field:config#config.stat-caps@1.caps.armor
             1/1     100.0%  field:config#config.stat-caps@1.caps.as
             1/1     100.0%  field:config#config.stat-caps@1.caps.cdr
             1/1     100.0%  field:config#config.stat-caps@1.caps.healthRegen
             1/1     100.0%  field:config#config.stat-caps@1.caps.lifesteal
             1/1     100.0%  field:config#config.stat-caps@1.caps.manaRegen
             1/1     100.0%  field:config#config.stat-caps@1.caps.maxHealth
             1/1     100.0%  field:config#config.stat-caps@1.caps.maxMana
             1/1     100.0%  field:config#config.stat-caps@1.caps.mr
             1/1     100.0%  field:config#config.stat-caps@1.caps.ms
             1/1     100.0%  field:config#config.stat-caps@1.caps.range
             1/1     100.0%  field:config#config.stat-normalization@1.bandsByScale.range
             1/1     100.0%  field:config#config.stat-normalization@1.byOrigin.ad.坦克
             1/1     100.0%  field:config#config.stat-normalization@1.byOrigin.ad.射手
             1/1     100.0%  field:config#config.stat-normalization@1.byOrigin.ad.法刺
             1/1     100.0%  field:config#config.stat-normalization@1.byOrigin.ad.法師
             1/1     100.0%  field:config#config.stat-normalization@1.byOrigin.ad.法鬥
             1/1     100.0%  field:config#config.stat-normalization@1.byOrigin.ad.狂戰
             1/1     100.0%  field:config#config.stat-normalization@1.byOrigin.ad.砲手
             1/1     100.0%  field:config#config.stat-normalization@1.byOrigin.ad.硬輔
             1/1     100.0%  field:config#config.stat-normalization@1.byOrigin.ad.軟輔
             1/1     100.0%  field:config#config.stat-normalization@1.byOrigin.ad.鬥士
             1/1     100.0%  field:config#config.stat-normalization@1.byOrigin.ap.坦克
             1/1     100.0%  field:config#config.stat-normalization@1.byOrigin.ap.射手
             1/1     100.0%  field:config#config.stat-normalization@1.byOrigin.ap.法刺
             1/1     100.0%  field:config#config.stat-normalization@1.byOrigin.ap.法師
             1/1     100.0%  field:config#config.stat-normalization@1.byOrigin.ap.法鬥
             1/1     100.0%  field:config#config.stat-normalization@1.byOrigin.ap.狂戰
             1/1     100.0%  field:config#config.stat-normalization@1.byOrigin.ap.砲手
             1/1     100.0%  field:config#config.stat-normalization@1.byOrigin.ap.硬輔
             1/1     100.0%  field:config#config.stat-normalization@1.byOrigin.ap.軟輔
             1/1     100.0%  field:config#config.stat-normalization@1.byOrigin.ap.鬥士
             1/1     100.0%  field:config#config.stat-normalization@1.byOrigin.armor.坦克
             1/1     100.0%  field:config#config.stat-normalization@1.byOrigin.armor.射手
             1/1     100.0%  field:config#config.stat-normalization@1.byOrigin.armor.法刺
             1/1     100.0%  field:config#config.stat-normalization@1.byOrigin.armor.法師
             1/1     100.0%  field:config#config.stat-normalization@1.byOrigin.armor.法鬥
             1/1     100.0%  field:config#config.stat-normalization@1.byOrigin.armor.狂戰
             1/1     100.0%  field:config#config.stat-normalization@1.byOrigin.armor.砲手
             1/1     100.0%  field:config#config.stat-normalization@1.byOrigin.armor.硬輔
             1/1     100.0%  field:config#config.stat-normalization@1.byOrigin.armor.軟輔
             1/1     100.0%  field:config#config.stat-normalization@1.byOrigin.armor.鬥士
             1/1     100.0%  field:config#config.stat-normalization@1.byOrigin.as.坦克
             1/1     100.0%  field:config#config.stat-normalization@1.byOrigin.as.射手
             1/1     100.0%  field:config#config.stat-normalization@1.byOrigin.as.法刺
             1/1     100.0%  field:config#config.stat-normalization@1.byOrigin.as.法師
             1/1     100.0%  field:config#config.stat-normalization@1.byOrigin.as.法鬥
             1/1     100.0%  field:config#config.stat-normalization@1.byOrigin.as.狂戰
             1/1     100.0%  field:config#config.stat-normalization@1.byOrigin.as.砲手
             1/1     100.0%  field:config#config.stat-normalization@1.byOrigin.as.硬輔
             1/1     100.0%  field:config#config.stat-normalization@1.byOrigin.as.軟輔
             1/1     100.0%  field:config#config.stat-normalization@1.byOrigin.as.鬥士
             1/1     100.0%  field:config#config.stat-normalization@1.byOrigin.healthRegen.坦克
             1/1     100.0%  field:config#config.stat-normalization@1.byOrigin.healthRegen.射手
             1/1     100.0%  field:config#config.stat-normalization@1.byOrigin.healthRegen.法刺
             1/1     100.0%  field:config#config.stat-normalization@1.byOrigin.healthRegen.法師
             1/1     100.0%  field:config#config.stat-normalization@1.byOrigin.healthRegen.法鬥
             1/1     100.0%  field:config#config.stat-normalization@1.byOrigin.healthRegen.狂戰
             1/1     100.0%  field:config#config.stat-normalization@1.byOrigin.healthRegen.砲手
             1/1     100.0%  field:config#config.stat-normalization@1.byOrigin.healthRegen.硬輔
             1/1     100.0%  field:config#config.stat-normalization@1.byOrigin.healthRegen.軟輔
             1/1     100.0%  field:config#config.stat-normalization@1.byOrigin.healthRegen.鬥士
             1/1     100.0%  field:config#config.stat-normalization@1.byOrigin.manaRegen.坦克
             1/1     100.0%  field:config#config.stat-normalization@1.byOrigin.manaRegen.射手
             1/1     100.0%  field:config#config.stat-normalization@1.byOrigin.manaRegen.法刺
             1/1     100.0%  field:config#config.stat-normalization@1.byOrigin.manaRegen.法師
             1/1     100.0%  field:config#config.stat-normalization@1.byOrigin.manaRegen.法鬥
             1/1     100.0%  field:config#config.stat-normalization@1.byOrigin.manaRegen.狂戰
             1/1     100.0%  field:config#config.stat-normalization@1.byOrigin.manaRegen.砲手
             1/1     100.0%  field:config#config.stat-normalization@1.byOrigin.manaRegen.硬輔
             1/1     100.0%  field:config#config.stat-normalization@1.byOrigin.manaRegen.軟輔
             1/1     100.0%  field:config#config.stat-normalization@1.byOrigin.manaRegen.鬥士
             1/1     100.0%  field:config#config.stat-normalization@1.byOrigin.maxHealth.坦克
             1/1     100.0%  field:config#config.stat-normalization@1.byOrigin.maxHealth.射手
             1/1     100.0%  field:config#config.stat-normalization@1.byOrigin.maxHealth.法刺
             1/1     100.0%  field:config#config.stat-normalization@1.byOrigin.maxHealth.法師
             1/1     100.0%  field:config#config.stat-normalization@1.byOrigin.maxHealth.法鬥
             1/1     100.0%  field:config#config.stat-normalization@1.byOrigin.maxHealth.狂戰
             1/1     100.0%  field:config#config.stat-normalization@1.byOrigin.maxHealth.砲手
             1/1     100.0%  field:config#config.stat-normalization@1.byOrigin.maxHealth.硬輔
             1/1     100.0%  field:config#config.stat-normalization@1.byOrigin.maxHealth.軟輔
             1/1     100.0%  field:config#config.stat-normalization@1.byOrigin.maxHealth.鬥士
             1/1     100.0%  field:config#config.stat-normalization@1.byOrigin.maxMana.坦克
             1/1     100.0%  field:config#config.stat-normalization@1.byOrigin.maxMana.射手
             1/1     100.0%  field:config#config.stat-normalization@1.byOrigin.maxMana.法刺
             1/1     100.0%  field:config#config.stat-normalization@1.byOrigin.maxMana.法師
             1/1     100.0%  field:config#config.stat-normalization@1.byOrigin.maxMana.法鬥
             1/1     100.0%  field:config#config.stat-normalization@1.byOrigin.maxMana.狂戰
             1/1     100.0%  field:config#config.stat-normalization@1.byOrigin.maxMana.砲手
             1/1     100.0%  field:config#config.stat-normalization@1.byOrigin.maxMana.硬輔
             1/1     100.0%  field:config#config.stat-normalization@1.byOrigin.maxMana.軟輔
             1/1     100.0%  field:config#config.stat-normalization@1.byOrigin.maxMana.鬥士
             1/1     100.0%  field:config#config.stat-normalization@1.byOrigin.mr.坦克
             1/1     100.0%  field:config#config.stat-normalization@1.byOrigin.mr.射手
             1/1     100.0%  field:config#config.stat-normalization@1.byOrigin.mr.法刺
             1/1     100.0%  field:config#config.stat-normalization@1.byOrigin.mr.法師
             1/1     100.0%  field:config#config.stat-normalization@1.byOrigin.mr.法鬥
             1/1     100.0%  field:config#config.stat-normalization@1.byOrigin.mr.狂戰
             1/1     100.0%  field:config#config.stat-normalization@1.byOrigin.mr.砲手
             1/1     100.0%  field:config#config.stat-normalization@1.byOrigin.mr.硬輔
             1/1     100.0%  field:config#config.stat-normalization@1.byOrigin.mr.軟輔
             1/1     100.0%  field:config#config.stat-normalization@1.byOrigin.mr.鬥士
             1/1     100.0%  field:config#config.stat-normalization@1.byOrigin.ms.坦克
             1/1     100.0%  field:config#config.stat-normalization@1.byOrigin.ms.射手
             1/1     100.0%  field:config#config.stat-normalization@1.byOrigin.ms.法刺
             1/1     100.0%  field:config#config.stat-normalization@1.byOrigin.ms.法師
             1/1     100.0%  field:config#config.stat-normalization@1.byOrigin.ms.法鬥
             1/1     100.0%  field:config#config.stat-normalization@1.byOrigin.ms.狂戰
             1/1     100.0%  field:config#config.stat-normalization@1.byOrigin.ms.砲手
             1/1     100.0%  field:config#config.stat-normalization@1.byOrigin.ms.硬輔
             1/1     100.0%  field:config#config.stat-normalization@1.byOrigin.ms.軟輔
             1/1     100.0%  field:config#config.stat-normalization@1.byOrigin.ms.鬥士
             1/1     100.0%  field:config#config.stat-normalization@1.byOrigin.range.坦克
             1/1     100.0%  field:config#config.stat-normalization@1.byOrigin.range.射手
             1/1     100.0%  field:config#config.stat-normalization@1.byOrigin.range.法刺
             1/1     100.0%  field:config#config.stat-normalization@1.byOrigin.range.法師
             1/1     100.0%  field:config#config.stat-normalization@1.byOrigin.range.法鬥
             1/1     100.0%  field:config#config.stat-normalization@1.byOrigin.range.狂戰
             1/1     100.0%  field:config#config.stat-normalization@1.byOrigin.range.砲手
             1/1     100.0%  field:config#config.stat-normalization@1.byOrigin.range.硬輔
             1/1     100.0%  field:config#config.stat-normalization@1.byOrigin.range.軟輔
             1/1     100.0%  field:config#config.stat-normalization@1.byOrigin.range.鬥士
             1/1     100.0%  field:config#config.stat-normalization@1.note
             1/1     100.0%  field:config#config.stat-normalization@1.roleFromOrigin
             1/1     100.0%  field:config#config.stat-normalization@1.scaleByOrigin.range
             1/1     100.0%  field:config#config.stat-normalization@1.scaleByOrigin.range.坦克
             1/1     100.0%  field:config#config.stat-normalization@1.scaleByOrigin.range.射手
             1/1     100.0%  field:config#config.stat-normalization@1.scaleByOrigin.range.法刺
             1/1     100.0%  field:config#config.stat-normalization@1.scaleByOrigin.range.法師
             1/1     100.0%  field:config#config.stat-normalization@1.scaleByOrigin.range.法鬥
             1/1     100.0%  field:config#config.stat-normalization@1.scaleByOrigin.range.狂戰
             1/1     100.0%  field:config#config.stat-normalization@1.scaleByOrigin.range.砲手
             1/1     100.0%  field:config#config.stat-normalization@1.scaleByOrigin.range.硬輔
             1/1     100.0%  field:config#config.stat-normalization@1.scaleByOrigin.range.軟輔
             1/1     100.0%  field:config#config.stat-normalization@1.scaleByOrigin.range.鬥士
             1/1     100.0%  field:config#config.stat-normalization@1.transformInheritsOrigin
             1/1     100.0%  field:config#config.stealth@1.note
             1/1     100.0%  field:config#config.store@1.crystalRewards
             1/1     100.0%  field:config#config.store@1.crystalRewards.base
             1/1     100.0%  field:config#config.store@1.crystalRewards.maxMultiplier
             1/1     100.0%  field:config#config.store@1.crystalRewards.minHumans
             1/1     100.0%  field:config#config.store@1.crystalRewards.offset
             1/1     100.0%  field:config#config.store@1.randomPickOwnership
             1/1     100.0%  field:config#config.taunt@1.note
             1/1     100.0%  field:config#config.toggle-ability@1.note
             1/1     100.0%  field:config#config.ugc@1.note
             1/1     100.0%  field:config#config.ui-cues@1.commsWheel
             1/1     100.0%  field:config#config.ui-cues@1.draftShowStatPath
             1/1     100.0%  field:config#config.ui-cues@1.lobbyStore
             1/1     100.0%  field:config#config.ui-cues@1.lobbyStore.champions
             1/1     100.0%  field:config#config.ui-cues@1.lobbyStore.skins
             1/1     100.0%  field:config#config.ui-cues@1.mouseTwoStageCast
             1/1     100.0%  field:config#config.ui-cues@1.note
             1/1     100.0%  field:config#config.ui-cues@1.playerContent
             1/1     100.0%  field:config#config.ui-lexicon@1.note
             1/1     100.0%  field:config#config.unit-tints@1.transient[].alpha
             1/1     100.0%  field:config#config.unit-tints@1.transient[].erasesStaticTint
             1/1     100.0%  field:config#config.unit-tints@1.transient[].tint
             1/1     100.0%  field:config#config.unit-tints@1.units{}.championId
             1/1     100.0%  field:config#config.unit-tints@1.units{}.tint
             1/1     100.0%  field:config#config.unsafe-textures@1.note
             1/1     100.0%  field:config#config.valhalla-sandbox@1.note
             1/1     100.0%  field:config#config.vfx-ability-art@1.bindings{}.family
             1/1     100.0%  field:config#config.vfx-ability-art@1.bindings{}.family.anchor
             1/1     100.0%  field:config#config.vfx-ability-art@1.bindings{}.family.flyHeight
             1/1     100.0%  field:config#config.vfx-ability-art@1.bindings{}.family.paramSource
             1/1     100.0%  field:config#config.vfx-ability-art@1.bindings{}.family.scale
             1/1     100.0%  field:config#config.vfx-ability-art@1.bindings{}.family.tint
             1/1     100.0%  field:config#config.vfx-ability-art@1.bindings{}.owner
             1/1     100.0%  field:config#config.vfx-ability-art@1.bindings{}.owner.family
             1/1     100.0%  field:config#config.vfx-ability-art@1.bindings{}.prim
             1/1     100.0%  field:config#config.vfx-ability-art@1.bindings{}.prim.size
             1/1     100.0%  field:config#config.vfx-ability-art@1.bindings{}.promoted
             1/1     100.0%  field:config#config.vfx-budget@1.additiveOverflowBrightness
             1/1     100.0%  field:config#config.vfx-budget@1.maxConcurrentAdditive
             1/1     100.0%  field:config#config.vfx-budget@1.note
             1/1     100.0%  field:config#config.vfx-cleanup@1.castMoteEmitShare
             1/1     100.0%  field:config#config.vfx-cleanup@1.deathFxBurnSec
             1/1     100.0%  field:config#config.vfx-cleanup@1.deathFxCalmScale
             1/1     100.0%  field:config#config.vfx-cleanup@1.deathFxRelightOnChannel
             1/1     100.0%  field:config#config.vfx-cleanup@1.emitterSweepSec
             1/1     100.0%  field:config#config.vfx-cleanup@1.fxTintEmissiveFloor
             1/1     100.0%  field:config#config.vfx-cleanup@1.groundTextureCacheMax
             1/1     100.0%  field:config#config.vfx-cleanup@1.groundTextureCacheMaxMobile
             1/1     100.0%  field:config#config.vfx-cleanup@1.lifecycleGrowthMinDelta
             1/1     100.0%  field:config#config.vfx-cleanup@1.lifecycleLedgerEnabled
             1/1     100.0%  field:config#config.vfx-cleanup@1.lifecycleMaxAgeSec
             1/1     100.0%  field:config#config.vfx-cleanup@1.lifecycleRoundHistory
             1/1     100.0%  field:config#config.vfx-cleanup@1.lifecycleSampleSec
             1/1     100.0%  field:config#config.vfx-cleanup@1.maxActiveRibbons
             1/1     100.0%  field:config#config.vfx-cleanup@1.maxOneShotEmitters
             1/1     100.0%  field:config#config.vfx-cleanup@1.note
             1/1     100.0%  field:config#config.vfx-cleanup@1.purgeImpactPoolOnRoundEnd
             1/1     100.0%  field:config#config.vfx-cleanup@1.purgeVictoryFxOnCombatStart
             1/1     100.0%  field:config#config.vfx-cleanup@1.ribbonFadeBudgetSec
             1/1     100.0%  field:config#config.vfx-cleanup@1.roundPurgeMode
             1/1     100.0%  field:config#config.vfx-cleanup@1.stockGlowAdditive
             1/1     100.0%  field:config#config.vfx-cleanup@1.vfxDissipateMaxSec
             1/1     100.0%  field:config#config.vfx-cleanup@1.vfxFadeOutMaxSec
             1/1     100.0%  field:config#config.vfx-cleanup@1.vfxHardCapExemptPrefixes
             1/1     100.0%  field:config#config.vfx-cleanup@1.vfxHardCapScope
             1/1     100.0%  field:config#config.vfx-cleanup@1.vfxHardMaxLifeSec
             1/1     100.0%  field:config#config.vfx-families@1.abilities{}.anchor
             1/1     100.0%  field:config#config.vfx-families@1.abilities{}.family
             1/1     100.0%  field:config#config.vfx-families@1.abilities{}.flyHeight
             1/1     100.0%  field:config#config.vfx-families@1.abilities{}.pitchDeg
             1/1     100.0%  field:config#config.vfx-families@1.abilities{}.soundGain
             1/1     100.0%  field:config#config.vfx-families@1.abilities{}.soundImpact
             1/1     100.0%  field:config#config.vfx-families@1.abilities{}.soundLaunch
             1/1     100.0%  field:config#config.vfx-families@1.abilities{}.tint
             1/1     100.0%  field:config#config.vfx-families@1.abilities{}.w3xScale
             1/1     100.0%  field:config#config.vfx-families@1.beamAngleDeg
             1/1     100.0%  field:config#config.vfx-families@1.beamPitchDeg
             1/1     100.0%  field:config#config.vfx-families@1.boltAngleDeg
             1/1     100.0%  field:config#config.vfx-families@1.boltPitchDeg
             1/1     100.0%  field:config#config.vfx-families@1.castArcs
             1/1     100.0%  field:config#config.vfx-families@1.castHeightSource
             1/1     100.0%  field:config#config.vfx-families@1.dashAngleDeg
             1/1     100.0%  field:config#config.vfx-families@1.dashPitchDeg
             1/1     100.0%  field:config#config.vfx-families@1.families{}.groundDecal
             1/1     100.0%  field:config#config.vfx-families@1.families{}.soundDissipate
             1/1     100.0%  field:config#config.vfx-families@1.families{}.soundImpact
             1/1     100.0%  field:config#config.vfx-families@1.families{}.soundLaunch
             1/1     100.0%  field:config#config.vfx-families@1.families{}.soundLoop
             1/1     100.0%  field:config#config.vfx-families@1.familyPitchDefaults
             1/1     100.0%  field:config#config.vfx-families@1.impactRingAlpha
             1/1     100.0%  field:config#config.vfx-families@1.impactRingFadePow
             1/1     100.0%  field:config#config.vfx-families@1.impactRingLife
             1/1     100.0%  field:config#config.vfx-families@1.impactRingMaxLifeSec
             1/1     100.0%  field:config#config.vfx-families@1.impactRingRadius
             1/1     100.0%  field:config#config.vfx-families@1.impactRingTierSpeed
             1/1     100.0%  field:config#config.vfx-families@1.maxAbilityVfxLayers
             1/1     100.0%  field:config#config.vfx-families@1.maxConcurrentArcs
             1/1     100.0%  field:config#config.vfx-families@1.oneShotMaxLifeSec
             1/1     100.0%  field:config#config.vfx-families@1.projectileArtFromDoc
             1/1     100.0%  field:config#config.vfx-families@1.projectileFlyHeightY
             1/1     100.0%  field:config#config.vfx-families@1.projectileRadiusGain
             1/1     100.0%  field:config#config.vfx-families@1.slashAngleDeg
             1/1     100.0%  field:config#config.vfx-families@1.slashPitchDeg
             1/1     100.0%  field:config#config.vfx-families@1.soundEnabled
             1/1     100.0%  field:config#config.vfx-families@1.tornadoAngleDeg
             1/1     100.0%  field:config#config.vfx-families@1.tornadoPitchDeg
             1/1     100.0%  field:config#config.vfx-scripts@1.note
             1/1     100.0%  field:config#config.vfx-scripts@1.yieldDefaultCastFx
             1/1     100.0%  field:config#config.victory-fx@1.note
             1/1     100.0%  field:config#config.victory-podium@1.note
             1/1     100.0%  field:config#config.victory-podium@1.podiumSpacing
             1/1     100.0%  field:config#config.victory-podium@1.podiumZoneSource
             1/1     100.0%  field:config#config.victory-podium@1.roundCardCollapsed
             1/1     100.0%  field:config#config.victory-podium@1.roundPresentSec
             1/1     100.0%  field:config#config.victory-taunts@1.roundWin{}.source
             1/1     100.0%  field:config#config.voxel-barcodes@1.note
             1/1     100.0%  field:config#config.voxel-barcodes@1.slotOrder
             1/1     100.0%  field:config#config.voxel-bodies@1.note
             1/1     100.0%  field:config#config.voxel-look@1.note
             1/1     100.0%  field:config#config.weakness@1.note
             1/1     100.0%  field:config#config.weather@1.rainAlpha
             1/1     100.0%  field:config#config.weather@1.rainChance
             1/1     100.0%  field:config#config.weather@1.rainDropsAtFull
             1/1     100.0%  field:config#config.weather@1.rainEnabled
             1/1     100.0%  field:config#config.weather@1.rainFallSpeed
             1/1     100.0%  field:config#config.weather@1.rainStreak
             1/1     100.0%  field:config#config.weather@1.rainTiltDeg
             1/1     100.0%  field:config#config.world-cues@1.hud
             1/1     100.0%  field:config#config.world-cues@1.note
             1/1     100.0%  field:config#config.world-cues@1.zoneIsolation
             1/1     100.0%  field:config#config.wounds@1.note
             1/1     100.0%  field:config#config@1.economy.assistWindowTicks
             1/1     100.0%  field:config#config@1.economy.capstoneRoundGate
             1/1     100.0%  field:config#config@1.economy.killBounty
             1/1     100.0%  field:config#config@1.economy.legendaryOrbPrice
             1/1     100.0%  field:config#config@1.economy.statTickPrice
             1/1     100.0%  field:config#config@1.economy.statTickTarget
             1/1     100.0%  field:config#config@1.match.champSelectEarlyStartVsBot
             1/1     100.0%  field:config#config@1.match.champSelectSecVsBot
             1/1     100.0%  field:config#config@1.match.championLockEnforced
             1/1     100.0%  field:config#config@1.match.disposeEmptyChampSelect
             1/1     100.0%  field:config#config@1.match.fireRing
             1/1     100.0%  field:config#config@1.match.fireRing.boss
             1/1     100.0%  field:config#config@1.match.fireRing.boss.delayFireRingSec
             1/1     100.0%  field:config#config@1.match.fireRing.boss.extendCombatSec
             1/1     100.0%  field:config#config@1.match.fireRing.burnCurve
             1/1     100.0%  field:config#config@1.match.fireRing.lethalSaveApplies
             1/1     100.0%  field:config#config@1.match.fireRing.maxPctPerSec
             1/1     100.0%  field:config#config@1.match.fireRing.minRadius
             1/1     100.0%  field:config#config@1.match.fireRing.roundHardCapSec
             1/1     100.0%  field:config#config@1.match.fireRing.shrinkSec
             1/1     100.0%  field:config#config@1.match.fireRing.stage1Radius
             1/1     100.0%  field:config#config@1.match.fireRing.stage2ShrinkSec
             1/1     100.0%  field:config#config@1.match.fireRing.stage2StartSec
             1/1     100.0%  field:config#config@1.match.forceSettleVsBot
             1/1     100.0%  field:config#config@1.match.intermissionEarlyStartVsBot
             1/1     100.0%  field:config#config@1.match.maxRounds
             1/1     100.0%  field:config#config@1.match.roomCombatCapEnabled
             1/1     100.0%  field:config#config@1.match.roomCombatMaxSec
             1/1     100.0%  field:config#config@1.match.scoreCheatedMatches
             1/1     100.0%  field:config#config@1.match.settlementCardOnHealthSpent
             1/1     100.0%  field:config#config@1.progression.heroStartLevel
             1/1     100.0%  field:config#config@1.progression.roundGrantKeepsRemainder
             1/1     100.0%  field:config#config@1.rating
             1/1     100.0%  field:config#config@1.rating.ccTicks
             1/1     100.0%  field:config#config@1.rating.damage
             1/1     100.0%  field:config#config@1.rating.healed
             1/1     100.0%  field:config#config@1.rating.kda
             1/1     100.0%  field:config#config@1.rating.killParticipation
             1/1     100.0%  field:config#config@1.rating.objectives
             1/1     100.0%  field:config#config@1.rating.rescues
             1/1     100.0%  field:config#config@1.rating.tanked
             1/4      25.0%  field:items.auras[].scaleByNearby
             1/142     0.7%  field:items.critStrike
             1/86      1.2%  field:items.modifiers[].fromResource
             1/86      1.2%  field:items.modifiers[].requires
             1/5      20.0%  field:items.modifiers[].requires.mismatchScale
             1/77      1.3%  field:items.passive[].chanceFrom
             1/142     0.7%  field:items.penetration
             1/142     0.7%  field:items.typeStreakImmunity
             1/7      14.3%  field:maps.note
             1/7      14.3%  field:projectiles.flight.pitchDeg
             1/6      16.7%  field:vfx#attachment@1.anim
             1/6      16.7%  field:vfx#attachment@1.animLoop
             1/6      16.7%  field:vfx#attachment@1.follow
             1/6      16.7%  field:vfx#attachment@1.offsetY
             1/67      1.5%  field:vfx#ribbon@1.uvScrollPerSec
             1/629     0.2%  field:vfx#vfx@1.gore
             1/629     0.2%  field:vfx#vfx@1.tracks
             1/1     100.0%  field:vfx#vfx@1.tracks.*.interp
             1/1     100.0%  field:vfx#vfx@1.tracks.emission
             1/3      33.3%  field:vfx-scripts.segments[]|1#floatingText.riseSpeed
             1/9      11.1%  field:vfx-scripts.segments[]|1#modelFx.heightKeys
             1/4      25.0%  field:vfx-subtypes.params{}.values
             2/10     20.0%  field:abilities.augment.targets[].ops[].nodeKind
             2/421     0.5%  field:abilities.castTimeTier
             2/10     20.0%  field:abilities.effects[]#applyBuff.block.lethalBasis
             2/10     20.0%  field:abilities.effects[]#applyBuff.block.vfxId
             2/10     20.0%  field:abilities.effects[]#applyBuff.block.vfxScale
             2/10     20.0%  field:abilities.effects[]#applyBuff.block.vfxTint
             2/107     1.9%  field:abilities.effects[]#applyBuff.condition|0|2|0.other
             2/107     1.9%  field:abilities.effects[]#applyBuff.condition|0|2|1.other
             2/184     1.1%  field:abilities.effects[]#applyBuff.damageTypeOverride
             2/184     1.1%  field:abilities.effects[]#applyBuff.exclusiveOnExisting
             2/184     1.1%  field:abilities.effects[]#applyBuff.flight
             2/171     1.2%  field:abilities.effects[]#applyBuff.hooks[].consumeOn
             2/171     1.2%  field:abilities.effects[]#applyBuff.hooks[].critSource
             2/171     1.2%  field:abilities.effects[]#applyBuff.hooks[].internalCooldownScope
             2/171     1.2%  field:abilities.effects[]#applyBuff.hooks[].reflectedDamageSource
             2/171     1.2%  field:abilities.effects[]#applyBuff.hooks[].reflectedDamageType
             2/5      40.0%  field:abilities.effects[]#applyBuff.statusImmunity.charges
             2/6      33.3%  field:abilities.effects[]#applyBuff.vision.stealthFadeDelaySec
             2/3      66.7%  field:abilities.effects[]#applyStatus.grantMark.lethal.restoreMode
             2/163     1.2%  field:abilities.effects[]#applyStatus.refresh
             2/163     1.2%  field:abilities.effects[]#applyStatus.silenced
             2/24      8.3%  field:abilities.effects[]#blink.condition
             2/24      8.3%  field:abilities.effects[]#blink.markStatusId
             2/4      50.0%  field:abilities.effects[]#chainLightning.onHitTargets
             2/2     100.0%  field:abilities.effects[]#comboStrikes.family
             2/2     100.0%  field:abilities.effects[]#comboStrikes.finisher
             2/2     100.0%  field:abilities.effects[]#comboStrikes.strikeReposition
             2/258     0.8%  field:abilities.effects[]#damage.comboBonus
             2/258     0.8%  field:abilities.effects[]#damage.distanceScale
             2/13     15.4%  field:abilities.effects[]#damage.incomingPct.maxChainDepth
             2/258     0.8%  field:abilities.effects[]#damage.refund
             2/40      5.0%  field:abilities.effects[]#damageLine.canCrit
             2/40      5.0%  field:abilities.effects[]#damageLine.onHitTargetsMode
             2/18     11.1%  field:abilities.effects[]#dash.onEnd
             2/48      4.2%  field:abilities.effects[]#delayed.advance
             2/2     100.0%  field:abilities.effects[]#delayed.advance.dir
             2/48      4.2%  field:abilities.effects[]#delayed.hitOncePerTarget
             2/48      4.2%  field:abilities.effects[]#delayed.strikeReposition
             2/7      28.6%  field:abilities.effects[]#devour.maxTargets
             2/7      28.6%  field:abilities.effects[]#devour.radius
             2/7      28.6%  field:abilities.effects[]#devour.radiusTier
             2/7      28.6%  field:abilities.effects[]#devour.side
             2/26      7.7%  field:abilities.effects[]#dot.applyTo
             2/26      7.7%  field:abilities.effects[]#dot.resourcePctPhase
             2/2     100.0%  field:abilities.effects[]#extendBuff.perDamagePctOfMaxHealth
             2/2     100.0%  field:abilities.effects[]#extendBuff.who
             2/16     12.5%  field:abilities.effects[]#floatingText.driftAngleDeg
             2/16     12.5%  field:abilities.effects[]#floatingText.driftAngleStepDeg
             2/16     12.5%  field:abilities.effects[]#floatingText.driftFrom
             2/16     12.5%  field:abilities.effects[]#floatingText.driftSpeed
             2/7      28.6%  field:abilities.effects[]#grantAttribute.durationSec
             2/7      28.6%  field:abilities.effects[]#grantAttribute.maxSourceTotal
             2/7      28.6%  field:abilities.effects[]#grantAttribute.store
             2/25      8.0%  field:abilities.effects[]#knockback.applyTo
             2/25      8.0%  field:abilities.effects[]#knockback.condition
             2/25      8.0%  field:abilities.effects[]#knockback.subtractGap
             2/25      8.0%  field:abilities.effects[]#knockback.uncontrollable
             2/12     16.7%  field:abilities.effects[]#leap.dragToCaster
             2/17     11.8%  field:abilities.effects[]#modifyCooldown.basis
             2/2     100.0%  field:abilities.effects[]#shieldBreak.count
             2/2     100.0%  field:abilities.effects[]#shieldBreak.order
             2/90      2.2%  field:abilities.effects[]#spawnModelFx.spreadDeg
             2/9      22.2%  field:abilities.effects[]#spendMana.pctMaxMana
             2/4      50.0%  field:abilities.effects[]#taunt.maxTargets
             2/4      50.0%  field:abilities.effects[]#taunt.radiusTier
             2/421     0.5%  field:abilities.innateActivePassive
             2/131     1.5%  field:abilities.passive.ranks[].flight
             2/421     0.5%  field:abilities.recoverySec
             2/31      6.5%  field:abilities.vfxLayers[].timeScale
             2/91      2.2%  field:augments.block
             2/41      4.9%  field:augments.eligibility.prefersSelfMechanic
             2/41      4.9%  field:augments.eligibility.requiresAnyAbilitySlot
             2/71      2.8%  field:champions.abilities.*.persistentVfx
             2/7      28.6%  field:champions.passive.modifiers
             2/142     1.4%  field:items.damageTypeOverride
             2/142     1.4%  field:items.flight
             2/142     1.4%  field:items.marks
             2/5      40.0%  field:items.modifiers[].requires.primaryStat
             2/77      2.6%  field:items.passive[].maxTriggers
             2/142     1.4%  field:items.vision
             2/156     1.3%  field:models.fxTint
             2/3      66.7%  field:vfx-scripts.segments[]|1#floatingText.atMs
             2/3      66.7%  field:vfx-scripts.segments[]|1#floatingText.strikeIndex
             2/2     100.0%  field:vfx-scripts.segments[]|1#hideBody.at
             2/9      22.2%  field:vfx-scripts.segments[]|1#modelFx.clipTimeScale
             2/9      22.2%  field:vfx-scripts.segments[]|1#modelFx.tint
             2/4      50.0%  field:vfx-scripts.segments[]|1#screenShake.atMs
             2/2     100.0%  field:vfx-scripts.segments[]|1#sound.atMs
             2/2     100.0%  field:vfx-scripts.segments[]|1#sound.strikeIndex
             2/7      28.6%  field:vfx-scripts.segments[]|1#vfx.strikeIndex
             3/421     0.7%  field:abilities.cooldownShape
             3/7      42.9%  field:abilities.effects[]#applyBuff.damageTypeOverride.applyAt
             3/171     1.8%  field:abilities.effects[]#applyBuff.hooks[].damageCrit
             3/171     1.8%  field:abilities.effects[]#applyBuff.hooks[].onConsumed
             3/184     1.6%  field:abilities.effects[]#applyBuff.vision
             3/163     1.8%  field:abilities.effects[]#applyStatus.disarmed
             3/163     1.8%  field:abilities.effects[]#applyStatus.dispellable
             3/163     1.8%  field:abilities.effects[]#applyStatus.stacks
             3/26     11.5%  field:abilities.effects[]#damage.resourcePct.scale
             3/90      3.3%  field:abilities.effects[]#damageArea.onHitTargetsMode
             3/90      3.3%  field:abilities.effects[]#damageArea.resourcePct
             3/18     16.7%  field:abilities.effects[]#dash.distanceTier
             3/48      6.3%  field:abilities.effects[]#delayed.dropDeadTargets
             3/48      6.3%  field:abilities.effects[]#delayed.finalEffects
             3/7      42.9%  field:abilities.effects[]#devour.healPct
             3/26     11.5%  field:abilities.effects[]#dot.resourcePct
             3/4      75.0%  field:abilities.effects[]#grantGold.flat
             3/5      60.0%  field:abilities.effects[]#revive.manaPct
             3/9      33.3%  field:abilities.effects[]#spendMana.pctCurrentMana
             3/7      42.9%  field:abilities.effects[]#summon.championId
             3/7      42.9%  field:abilities.effects[]#summon.formation
             3/7      42.9%  field:abilities.effects[]#summon.spread
             3/12     25.0%  field:abilities.effects[]#weightedBranch.maxTargets
             3/3     100.0%  field:abilities.marks[].lethal
             3/91      3.3%  field:augments.damageTypeOverride
             3/71      4.2%  field:champions.abilities.*.cooldownShape
             3/142     2.1%  field:items.attributes
             3/86      3.5%  field:items.modifiers[].msBonusTier
             3/77      3.9%  field:items.passive[].abilitySlot
             3/142     2.1%  field:items.sets
             3/3     100.0%  field:items.sets[].name
             3/3     100.0%  field:loot-tables.name
             3/3     100.0%  field:loot-tables.note
             3/7      42.9%  field:projectiles.flight.rollDegPerUnit
             3/7      42.9%  field:projectiles.flight.yawOffsetDeg
             3/9      33.3%  field:vfx#vfx@1.orient.pitchDeg
             3/9      33.3%  field:vfx#vfx@1.orient.yawFrom
             3/3     100.0%  field:vfx-scripts.segments[]|1#anim.at
             3/3     100.0%  field:vfx-scripts.segments[]|1#anim.clipWindowMs
             3/3     100.0%  field:vfx-scripts.segments[]|1#floatingText.at
             3/3     100.0%  field:vfx-scripts.segments[]|1#floatingText.colorRgb
             3/3     100.0%  field:vfx-scripts.segments[]|1#floatingText.durationSec
             3/3     100.0%  field:vfx-scripts.segments[]|1#floatingText.sizeScale
             3/9      33.3%  field:vfx-scripts.segments[]|1#modelFx.alpha
             3/9      33.3%  field:vfx-scripts.segments[]|1#modelFx.atMs
             3/9      33.3%  field:vfx-scripts.segments[]|1#modelFx.strikeIndex
             3/4      75.0%  field:vfx-scripts.segments[]|1#screenShake.strikeIndex
             3/7      42.9%  field:vfx-scripts.segments[]|1#vfx.attach
             4/10     40.0%  field:abilities.effects[]#applyBuff.block.internalCooldown
             4/10     40.0%  field:abilities.effects[]#applyBuff.block.lethalOnly
             4/7      57.1%  field:abilities.effects[]#applyBuff.damageTypeOverride.impactType
             4/171     2.3%  field:abilities.effects[]#applyBuff.hooks[].damageSource
             4/171     2.3%  field:abilities.effects[]#applyBuff.hooks[].key
             4/171     2.3%  field:abilities.effects[]#applyBuff.hooks[].maxTriggers
             4/184     2.2%  field:abilities.effects[]#applyBuff.statusImmunity
             4/6      66.7%  field:abilities.effects[]#applyBuff.vision.trueSightRadius
             4/24     16.7%  field:abilities.effects[]#blink.distanceUnits
             4/370     1.1%  field:abilities.effects[]#chainLightning.amount.slotRankRatios
             4/4     100.0%  field:abilities.effects[]#chainLightning.centre
             4/4     100.0%  field:abilities.effects[]#chainLightning.damageType
             4/4     100.0%  field:abilities.effects[]#chainLightning.jumpIntervalSec
             4/4     100.0%  field:abilities.effects[]#chainLightning.maxSources
             4/4     100.0%  field:abilities.effects[]#chainLightning.radius
             4/4     100.0%  field:abilities.effects[]#chainLightning.radiusTier
             4/40     10.0%  field:abilities.effects[]#damageLine.maxTargets
             4/40     10.0%  field:abilities.effects[]#damageLine.resourcePct
             4/48      8.3%  field:abilities.effects[]#delayed.condition
             4/22     18.2%  field:abilities.effects[]#dispel.radiusTier
             4/26     15.4%  field:abilities.effects[]#dot.condition
             4/5      80.0%  field:abilities.effects[]#eventValueConversion.basis
             4/7      57.1%  field:abilities.effects[]#grantAttribute.everyNth
             4/4     100.0%  field:abilities.effects[]#grantGold.to
             4/13     30.8%  field:abilities.effects[]#heal.applyTo
             4/12     33.3%  field:abilities.effects[]#leap.throwDistance
             4/17     23.5%  field:abilities.effects[]#modifyCooldown.amount
             4/5      80.0%  field:abilities.effects[]#revive.hpPct
             4/5      80.0%  field:abilities.effects[]#revive.side
             4/5      80.0%  field:abilities.effects[]#revive.teamCharge
             4/28     14.3%  field:abilities.effects[]#screenShake.radius
             4/90      4.4%  field:abilities.effects[]#spawnModelFx.spacing
             4/90      4.4%  field:abilities.effects[]#spawnModelFx.touchOncePerTarget
             4/90      4.4%  field:abilities.effects[]#spawnModelFx.touchRadius
             4/90      4.4%  field:abilities.effects[]#spawnModelFx.touchSide
             4/7      57.1%  field:abilities.effects[]#summon.at
             4/7      57.1%  field:abilities.effects[]#summon.team
             4/4     100.0%  field:abilities.effects[]#taunt.radius
             4/12     33.3%  field:abilities.effects[]#weightedBranch.branches[].weightFrom
             4/5      80.0%  field:abilities.passive.ranks[].auras[].modifiers
             4/131     3.1%  field:abilities.passive.ranks[].block
             4/421     1.0%  field:abilities.persistentVfx
             4/31     12.9%  field:abilities.vfxLayers[].pitchDeg
             4/142     2.8%  field:items.auras
             4/4     100.0%  field:items.auras[].key
             4/4     100.0%  field:items.auras[].modifiers
             4/142     2.8%  field:items.block
             4/5      80.0%  field:items.modifiers[].requires.attackType
             4/5      80.0%  field:items.modifiers[].requires.onMismatch
             4/77      5.2%  field:items.passive[].requires
             4/156     2.6%  field:models.hiddenPrimitives
             4/9      44.4%  field:vfx-scripts.segments[]|1#modelFx.clip
             4/9      44.4%  field:vfx-scripts.segments[]|1#modelFx.offsetForwardU
             4/7      57.1%  field:vfx-scripts.segments[]|1#vfx.atMs
             4/4     100.0%  field:vfx-subtypes.notes
             4/4     100.0%  field:vfx-subtypes.params{}.max
             4/4     100.0%  field:vfx-subtypes.params{}.min
             5/12     41.7%  field:abilities.effects[]#applyBuff.attributes.agi
             5/184     2.7%  field:abilities.effects[]#applyBuff.condition
             5/184     2.7%  field:abilities.effects[]#applyBuff.maxStat
             5/5     100.0%  field:abilities.effects[]#applyBuff.maxStat.basis
             5/163     3.1%  field:abilities.effects[]#applyStatus.feared
             5/90      5.6%  field:abilities.effects[]#damageArea.condition
             5/48     10.4%  field:abilities.effects[]#delayed.stopOnCasterDeath
             5/22     22.7%  field:abilities.effects[]#dispel.order
             5/5     100.0%  field:abilities.effects[]#eventValueConversion.source
             5/5     100.0%  field:abilities.effects[]#eventValueConversion.to
             5/5     100.0%  field:abilities.effects[]#eventValueConversion.who
             5/7      71.4%  field:abilities.effects[]#grantAttribute.mode
             5/8      62.5%  field:abilities.effects[]#proxyCast.emitCastEvents
             5/8      62.5%  field:abilities.effects[]#proxyCast.maxDepth
             5/8      62.5%  field:abilities.effects[]#proxyCast.rankMode
             5/8      62.5%  field:abilities.effects[]#proxyCast.requireLearned
             5/9      55.6%  field:abilities.effects[]#screenFlash.scripted
             5/7      71.4%  field:abilities.effects[]#summon.onOwnerDeath
             5/12     41.7%  field:abilities.effects[]#weightedBranch.radius
             5/12     41.7%  field:abilities.effects[]#weightedBranch.radiusTier
             5/12     41.7%  field:abilities.effects[]#weightedBranch.side
             5/131     3.8%  field:abilities.passive.ranks[].auras
             5/5     100.0%  field:abilities.passive.ranks[].auras[].key
             5/7      71.4%  field:champions.passive.hooks
             5/77      6.5%  field:items.passive[].damageSource
             5/156     3.2%  field:models.fxSpawnHeight
             5/5     100.0%  field:skins.description
             5/9      55.6%  field:vfx-scripts.segments[]|1#modelFx.heightU
             6/12     50.0%  field:abilities.effects[]#applyBuff.attributes.int
             6/7      85.7%  field:abilities.effects[]#applyBuff.flight.hoverHeight
             6/171     3.5%  field:abilities.effects[]#applyBuff.hooks[].damageType
             6/258     2.3%  field:abilities.effects[]#damage.hpPct
             6/7      85.7%  field:abilities.effects[]#devour.onDevour
             6/16     37.5%  field:abilities.effects[]#dispel.pools.shields
             6/22     27.3%  field:abilities.effects[]#dispel.radius
             6/22     27.3%  field:abilities.effects[]#dispel.side
             6/8      75.0%  field:abilities.effects[]#proxyCast.targetMode
             6/17     35.3%  field:abilities.effects[]#shield.absorbs
             6/90      6.7%  field:abilities.effects[]#spawnModelFx.alpha
             6/90      6.7%  field:abilities.effects[]#spawnModelFx.spinDegPerSec
             6/86      7.0%  field:abilities.effects[]#spawnVfx.durationSec
             6/7      85.7%  field:abilities.effects[]#summon.hpMult
             6/131     4.6%  field:abilities.passive.ranks[].critStrike
             6/6     100.0%  field:abilities.persistentVfx[].attach
             6/31     19.4%  field:abilities.vfxLayers[].alpha
             6/41     14.6%  field:augments.eligibility.requiresMana
             6/156     3.8%  field:models.yawOffsetDeg
             6/6     100.0%  field:vfx#attachment@1.note
             6/6     100.0%  field:vfx#attachment@1.scale
             6/9      66.7%  field:vfx#vfx@1.orient.swirlDegPerSec
             7/7     100.0%  field:abilities.effects[]#applyBuff.flight.ignoreObstacles
             7/7     100.0%  field:abilities.effects[]#applyBuff.flight.ignoreUnits
             7/7     100.0%  field:abilities.effects[]#applyBuff.flight.stayInsideBoundary
             7/233     3.0%  field:abilities.effects[]#applyBuff.modifiers[].from
             7/184     3.8%  field:abilities.effects[]#applyBuff.stackVisual
             7/7     100.0%  field:abilities.effects[]#devour.throughShields
             7/7     100.0%  field:abilities.effects[]#devour.victim
             7/8      87.5%  field:abilities.effects[]#proxyCast.respectCooldown
             7/9      77.8%  field:abilities.effects[]#spendMana.applyTo
             7/7     100.0%  field:abilities.effects[]#summon.body
             7/7     100.0%  field:abilities.effects[]#summon.damageMult
             7/7     100.0%  field:abilities.effects[]#summon.durationSec
             7/13     53.8%  field:arenas.zones[].bounds
             7/13     53.8%  field:arenas.zones[].gates
             7/13     53.8%  field:arenas.zones[].interactions
             7/13     53.8%  field:arenas.zones[].nav
             7/7     100.0%  field:arenas.zones[].obstacles[]#box.gateGroup
             7/13     53.8%  field:arenas.zones[].regions
             7/41     17.1%  field:augments.eligibility.requiresAbilitySlots
             7/71      9.9%  field:champions.passive
             7/142     4.9%  field:items.requiresAttackType
             7/7     100.0%  field:maps.backdrop
             7/7     100.0%  field:maps.backgroundProps
             7/7     100.0%  field:maps.backgroundProps[].rotQuarter
             7/7     100.0%  field:maps.backgroundProps[].scale
             7/7     100.0%  field:maps.gimmick.gateGroups
             7/7     100.0%  field:maps.gimmick.schedule
             7/7     100.0%  field:maps.groundStyle
             7/7     100.0%  field:maps.interactions
             7/7     100.0%  field:maps.interactions[].params
             7/7     100.0%  field:maps.landmarkProps
             7/7     100.0%  field:maps.landmarkProps[].blocks
             7/7     100.0%  field:maps.landmarkProps[].rotQuarter
             7/7     100.0%  field:maps.landmarkProps[].scale
             7/7     100.0%  field:maps.scenery
             7/156     4.5%  field:models.fxLongAxis
             7/21     33.3%  field:projectiles.flight
             7/9      77.8%  field:vfx-scripts.segments[]|1#modelFx.scale
             7/7     100.0%  field:vfx-scripts.segments[]|1#vfx.at
             7/7     100.0%  field:vfx-scripts.segments[]|1#vfx.durationSec
             8/184     4.3%  field:abilities.effects[]#applyBuff.exclusiveGroup
             8/163     4.9%  field:abilities.effects[]#applyStatus.targetsAllies
             8/48     16.7%  field:abilities.effects[]#delayed.anchor
             8/22     36.4%  field:abilities.effects[]#dispel.count
             8/25     32.0%  field:abilities.effects[]#knockback.distanceTier
             8/8     100.0%  field:abilities.effects[]#proxyCast.payCosts
             8/8     100.0%  field:abilities.effects[]#proxyCast.slot
             8/90      8.9%  field:abilities.effects[]#spawnModelFx.clipTimeScale
             8/31     25.8%  field:abilities.vfxLayers[].w3xScale
             9/9     100.0%  field:abilities.effects[]#screenFlash.applyTo
             9/131     6.9%  field:abilities.passive.ranks[].attributes
             9/48     18.8%  field:ability-templates.params{}.inert
             9/13     69.2%  field:arenas.backdrop
             9/41     22.0%  field:augments.eligibility.requiresModeFeature
             9/71     12.7%  field:champions.missileSpeed
             9/156     5.8%  field:models.fxEmitters
             9/156     5.8%  field:models.teamTintMaterials
             9/629     1.4%  field:vfx#vfx@1.orient
             9/9     100.0%  field:vfx-scripts.segments[]|1#modelFx.anchor
             9/9     100.0%  field:vfx-scripts.segments[]|1#modelFx.lifeSec
            10/421     2.4%  field:abilities.augment
            10/12     83.3%  field:abilities.effects[]#applyBuff.attributes.str
            10/163     6.1%  field:abilities.effects[]#applyStatus.berserk
            10/163     6.1%  field:abilities.effects[]#applyStatus.condition
            10/258     3.9%  field:abilities.effects[]#damage.condition
            10/12     83.3%  field:abilities.effects[]#leap.landRadius
            10/12     83.3%  field:abilities.effects[]#leap.onLand
            10/10    100.0%  field:abilities.effects[]#randomArea.firstAtCast
            10/10    100.0%  field:abilities.effects[]#randomArea.stopOnCasterDeath
            10/10    100.0%  field:abilities.effects[]#randomArea.who
            10/131     7.6%  field:abilities.passive.ranks[].whileForm
            10/71     14.1%  field:champions.abilities.*.vfxLayers
            10/21     47.6%  field:projectiles.pierce
            10/10    100.0%  field:vfx-scripts.notes
            10/10    100.0%  field:vfx-scripts.yields
            11/258     4.3%  field:abilities.effects[]#damage.applyTo
            11/48     22.9%  field:abilities.effects[]#delayed.radiusTier
            11/71     15.5%  field:champions.tint
            12/163     7.4%  field:abilities.effects[]#applyStatus.missChance
            12/24     50.0%  field:abilities.effects[]#blink.onArrive
            12/24     50.0%  field:abilities.effects[]#blink.stopShortUnits
            12/13     92.3%  field:abilities.effects[]#damage.incomingPct.negateOriginal
            12/90     13.3%  field:abilities.effects[]#damageArea.maxTargets
            12/12    100.0%  field:abilities.effects[]#leap.applyTo
            12/90     13.3%  field:abilities.effects[]#spawnModelFx.onTouch
            12/90     13.3%  field:abilities.effects[]#spawnModelFx.speed
            12/86     14.0%  field:abilities.effects[]#spawnVfx.attach
            12/86     14.0%  field:abilities.effects[]#spawnVfx.boneOn
            13/163     8.0%  field:abilities.effects[]#applyStatus.applyTo
            13/370     3.5%  field:abilities.effects[]#chainLightning.amount.mult
            13/258     5.0%  field:abilities.effects[]#damage.incomingPct
            13/48     27.1%  field:abilities.effects[]#delayed.radius
            13/48     27.1%  field:abilities.effects[]#delayed.side
            13/16     81.3%  field:abilities.effects[]#dispel.pools.dot
            13/13    100.0%  field:arenas.decor
            13/13    100.0%  field:arenas.decor[].rotQuarter
            13/13    100.0%  field:arenas.decor[].scale
            13/13    100.0%  field:arenas.groundStyle
            13/13    100.0%  field:arenas.scenery
            13/20     65.0%  field:arenas.scenery.lighting.peakColor
            13/71     18.3%  field:champions.bodyScale
            13/77     16.9%  field:items.passive[].victim
            14/107    13.1%  field:abilities.effects[]#applyBuff.condition|0|4|0.minStacks
            14/184     7.6%  field:abilities.effects[]#applyBuff.permanentScope
            14/40     35.0%  field:abilities.effects[]#damageLine.onHitTargets
            14/48     29.2%  field:abilities.effects[]#delayed.targetMode
            14/16     87.5%  field:abilities.effects[]#dispel.pools.buffs
            14/90     15.6%  field:abilities.effects[]#spawnModelFx.anchor
            14/90     15.6%  field:abilities.effects[]#spawnModelFx.offsetForwardU
            14/90     15.6%  field:abilities.effects[]#spawnModelFx.path
            14/90     15.6%  field:abilities.effects[]#spawnModelFx.scaleAxis
            14/31     45.2%  field:abilities.vfxLayers[].delayMs
            15/163     9.2%  field:abilities.effects[]#applyStatus.root
            15/90     16.7%  field:abilities.effects[]#damageArea.victimCondition
            15/39     38.5%  field:abilities.effects[]#restore.manaPct
            15/41     36.6%  field:augments.eligibility.requiresSelfMechanic
            16/258     6.2%  field:abilities.effects[]#damage.resourcePct
            16/22     72.7%  field:abilities.effects[]#dispel.pools
            16/16    100.0%  field:abilities.effects[]#dispel.pools.status
            16/16    100.0%  field:abilities.effects[]#floatingText.applyTo
            16/16    100.0%  field:abilities.effects[]#floatingText.colorRgb
            16/16    100.0%  field:abilities.effects[]#floatingText.durationSec
            16/16    100.0%  field:abilities.effects[]#floatingText.riseSpeed
            16/16    100.0%  field:abilities.effects[]#floatingText.sizeScale
            16/17     94.1%  field:abilities.effects[]#modifyCooldown.slot
            16/16    100.0%  field:arenas.backdrop.layers
            16/16    100.0%  field:arenas.backdrop.layers[].alpha
            16/16    100.0%  field:arenas.backdrop.layers[].jitter
            16/16    100.0%  field:arenas.backdrop.layers[].rim
            16/16    100.0%  field:arenas.backdrop.layers[].segments
            16/77     20.8%  field:items.passive[].chance
            17/17    100.0%  field:abilities.effects[]#modifyCooldown.who
            18/233     7.7%  field:abilities.effects[]#applyBuff.modifiers[].msBonusTier
            18/184     9.8%  field:abilities.effects[]#applyBuff.perRank
            18/18    100.0%  field:abilities.effects[]#applyBuff.perRank[].duration
            18/22     81.8%  field:abilities.effects[]#dispel.polarity
            18/90     20.0%  field:abilities.effects[]#spawnModelFx.count
            19/171    11.1%  field:abilities.effects[]#applyBuff.hooks[].abilitySlot
            19/21     90.5%  field:abilities.effects[]#invulnerable.blocksTrueDamage
            19/71     26.8%  field:champions.abilities.*.hitFeel
            20/20    100.0%  field:arenas.scenery.lighting
            20/20    100.0%  field:arenas.scenery.lighting.fillIntensity
            20/20    100.0%  field:arenas.scenery.lighting.intensityAmp
            20/20    100.0%  field:arenas.scenery.lighting.keyColor
            20/20    100.0%  field:arenas.scenery.lighting.keyIntensity
            20/20    100.0%  field:arenas.scenery.lighting.keyPitchDeg
            20/20    100.0%  field:arenas.scenery.lighting.keyYawDeg
            20/20    100.0%  field:arenas.scenery.lighting.periodSec
            20/20    100.0%  field:arenas.scenery.lighting.wave
            20/20    100.0%  field:arenas.scenery.lighting.yawSweepDeg
            20/20    100.0%  field:arenas.scenery.palette
            20/20    100.0%  field:arenas.scenery.palette.floor
            20/20    100.0%  field:arenas.scenery.palette.ground
            20/20    100.0%  field:arenas.scenery.palette.sky
            20/20    100.0%  field:arenas.scenery.palette.void
            20/20    100.0%  field:arenas.scenery.palette.wall
            20/20    100.0%  field:arenas.scenery.props
            20/20    100.0%  field:arenas.scenery.props[].arcFromDeg
            20/20    100.0%  field:arenas.scenery.props[].arcSpanDeg
            20/20    100.0%  field:arenas.scenery.props[].bandFrom
            20/20    100.0%  field:arenas.scenery.props[].bandTo
            20/20    100.0%  field:arenas.scenery.props[].facing
            20/20    100.0%  field:arenas.scenery.props[].rotQuarter
            20/20    100.0%  field:arenas.scenery.props[].scaleMax
            20/20    100.0%  field:arenas.scenery.props[].scaleMin
            20/20    100.0%  field:arenas.scenery.props[].seed
            21/21    100.0%  field:abilities.effects[]#invulnerable.applyTo
            21/21    100.0%  field:abilities.effects[]#invulnerable.blocksControl
            21/21    100.0%  field:abilities.effects[]#invulnerable.blocksDamage
            21/421     5.0%  field:abilities.vfxLayers
            21/21    100.0%  field:projectiles.meshShape
            21/21    100.0%  field:projectiles.vfxKey
            22/107    20.6%  field:abilities.effects[]#applyBuff.condition|0|2|1.mode
            22/184    12.0%  field:abilities.effects[]#applyBuff.hooks
            22/370     5.9%  field:abilities.effects[]#chainLightning.amount.perRank
            22/77     28.6%  field:items.passive[].condition
            23/284     8.1%  field:abilities.effects[]#chainLightning.amount.ratios[].when
            23/40     57.5%  field:abilities.effects[]#damageLine.includeOrigin
            23/26     88.5%  field:abilities.effects[]#dot.stacking
            23/421     5.5%  field:abilities.hitFeel
            24/24    100.0%  field:abilities.effects[]#blink.applyTo
            24/31     77.4%  field:abilities.vfxLayers[].attachTo
            25/25    100.0%  field:abilities.effects[]#knockback.from
            26/26    100.0%  field:abilities.effects[]#dot.damageType
            26/91     28.6%  field:augments.modifiers
            26/26    100.0%  field:vfx#vfx@1.emitter#ring.fill
            26/26    100.0%  field:vfx#vfx@1.emitter#ring.spread
            26/26    100.0%  field:vfx#vfx@1.emitter#ring.thickness
            27/33     81.8%  field:abilities.effects[]#championForm.durationSec
            27/90     30.0%  field:abilities.effects[]#spawnModelFx.distance
            27/48     56.3%  field:ability-templates.params{}.origin
            28/184    15.2%  field:abilities.effects[]#applyBuff.permanent
            28/39     71.8%  field:abilities.effects[]#restore.applyTo
            28/28    100.0%  field:abilities.effects[]#screenShake.applyTo
            28/90     31.1%  field:abilities.effects[]#spawnModelFx.arriveSoundKey
            28/77     36.4%  field:items.passive[].internalCooldown
            29/39     74.4%  field:abilities.effects[]#restore.healthPct
            29/71     40.8%  field:champions.abilities.*.passive
            30/184    16.3%  field:abilities.effects[]#applyBuff.dispellable
            30/48     62.5%  field:abilities.effects[]#delayed.count
            30/48     62.5%  field:abilities.effects[]#delayed.intervalSec
            31/171    18.1%  field:abilities.effects[]#applyBuff.hooks[].victim
            31/71     43.7%  field:champions.abilities.*.radius
            31/71     43.7%  field:champions.attackDamagePoint
            31/77     40.3%  field:items.passive[].key
            32/184    17.4%  field:abilities.effects[]#applyBuff.statusId
            33/90     36.7%  field:abilities.effects[]#spawnModelFx.tint
            34/90     37.8%  field:abilities.effects[]#spawnModelFx.onArrive
            34/142    23.9%  field:items.recipe
            34/34    100.0%  field:items.recipe.book
            35/184    19.0%  field:abilities.effects[]#applyBuff.polarity
            36/171    21.1%  field:abilities.effects[]#applyBuff.hooks[].condition
            36/90     40.0%  field:abilities.effects[]#damageArea.onHitTargets
            36/40     90.0%  field:abilities.effects[]#damageLine.aim
            36/40     90.0%  field:abilities.effects[]#damageLine.fromCaster
            36/40     90.0%  field:champions.transform.triggerAbility.durationSec
            38/90     42.2%  field:abilities.effects[]#spawnModelFx.clip
            38/71     53.5%  field:champions.abilities.*.sfxKey
            38/40     95.0%  field:champions.transform.triggerAbility.cooldownSec
            39/90     43.3%  field:abilities.effects[]#spawnModelFx.lifeSec
            40/40    100.0%  field:abilities.effects[]#damageLine.damageType
            40/71     56.3%  field:champions.transform
            40/40    100.0%  field:champions.transform.alternateUnitRawcode
            40/40    100.0%  field:champions.transform.counterpartId
            40/40    100.0%  field:champions.transform.normalUnitRawcode
            40/40    100.0%  field:champions.transform.triggerAbility
            40/40    100.0%  field:champions.transform.triggerAbility.name
            41/91     45.1%  field:augments.eligibility
            41/77     53.2%  field:items.passive[].target
            42/171    24.6%  field:abilities.effects[]#applyBuff.hooks[].chance
            42/131    32.1%  field:abilities.passive.ranks[].modifiers
            43/94     45.7%  field:abilities.hitFeel.camKick
            43/94     45.7%  field:abilities.hitFeel.flashColor
            43/94     45.7%  field:abilities.hitFeel.flashMs
            43/94     45.7%  field:abilities.hitFeel.hitstunTicks
            43/94     45.7%  field:abilities.hitFeel.shakeStyle
            43/94     45.7%  field:abilities.hitFeel.sparkKind
            43/71     60.6%  field:champions.abilities.*.radiusTier
            44/184    23.9%  field:abilities.effects[]#applyBuff.applyTo
            44/184    23.9%  field:abilities.effects[]#applyBuff.maxStacks
            44/48     91.7%  field:ability-templates.params{}.values
            46/184    25.0%  field:abilities.effects[]#applyBuff.stackKey
            46/48     95.8%  field:ability-templates.params{}.optional
            47/48     97.9%  field:ability-templates.params{}.max
            47/48     97.9%  field:ability-templates.params{}.min
            47/48     97.9%  field:ability-templates.params{}.unit
            48/370    13.0%  field:abilities.effects[]#chainLightning.amount.damageTierPerRank
            48/48    100.0%  field:ability-templates.params{}.default
            49/71     69.0%  field:champions.msGrowthTier
            49/71     69.0%  field:champions.origin
            49/71     69.0%  field:champions.pitch
            49/71     69.0%  field:champions.playstyle
            51/51    100.0%  field:status-effects.description
            51/51    100.0%  field:status-effects.polarity
            51/51    100.0%  field:status-effects.tags
            54/163    33.1%  field:abilities.effects[]#applyStatus.moveSpeedMult
            55/71     77.5%  field:champions.abilities.*.template
            56/90     62.2%  field:abilities.effects[]#damageArea.includeOrigin
            56/90     62.2%  field:abilities.effects[]#spawnModelFx.soundKey
            57/163    35.0%  field:abilities.effects[]#applyStatus.stun
            57/421    13.5%  field:abilities.radius
            57/629     9.1%  field:vfx#vfx@1.ambient
            60/91     65.9%  field:augments.selectionSlot
            60/67     89.6%  field:vfx#ribbon@1.anchorBone
            63/71     88.7%  field:champions.description
            64/91     70.3%  field:augments.hooks
            65/71     91.5%  field:champions.abilities.*.manaCostTier
            65/67     97.0%  field:vfx#ribbon@1.texture
            66/71     93.0%  field:champions.abilities.*.rangeTier
            67/90     74.4%  field:abilities.effects[]#spawnModelFx.scale
            68/71     95.8%  field:champions.abilities.*.cooldownTier
            68/71     95.8%  field:champions.exAbility
            68/71     95.8%  field:champions.passiveAbility
            69/421    16.4%  field:abilities.innateKind
            69/71     97.2%  field:champions.abilities.*.description
            70/71     98.6%  field:champions.abilities.*.castTimeSec
            71/94     75.5%  field:abilities.hitFeel.knockbackMag
            71/71    100.0%  field:champions.abilities.*.icon
            71/71    100.0%  field:champions.abilities.*.provenance
            71/71    100.0%  field:champions.abilities.*.targetsEnemies
            71/71    100.0%  field:champions.abilities.*.vfxKey
            71/71    100.0%  field:champions.attributes
            71/71    100.0%  field:champions.hitFeel
            71/71    100.0%  field:champions.icon
            72/421    17.1%  field:abilities.sfxKey
            77/171    45.0%  field:abilities.effects[]#applyBuff.hooks[].internalCooldown
            77/142    54.2%  field:items.passive
            78/156    50.0%  field:models.attachPoints
            80/90     88.9%  field:abilities.effects[]#damageArea.radiusTier
            80/421    19.0%  field:abilities.radiusTier
            85/142    59.9%  field:items.modifiers
            86/90     95.6%  field:abilities.effects[]#spawnModelFx.modelKey
            86/86    100.0%  field:abilities.effects[]#spawnVfx.at
            86/86    100.0%  field:items.modifiers[].value
            87/90     96.7%  field:abilities.effects[]#spawnModelFx.preset
            89/90     98.9%  field:abilities.effects[]#damageArea.damageType
            90/142    63.4%  field:items.authoringNote
            91/91    100.0%  field:augments.icon
            92/131    70.2%  field:abilities.passive.ranks[].hooks
            94/94    100.0%  field:abilities.hitFeel.hitstopTicks
            94/94    100.0%  field:abilities.hitFeel.shakeMag
           100/370    27.0%  field:abilities.effects[]#chainLightning.amount.flat
           102/421    24.2%  field:abilities.passive
           131/131   100.0%  field:abilities.passive.name
           137/142    96.5%  field:items.description
           142/142   100.0%  field:items.craftRole
           142/142   100.0%  field:items.icon
           147/171    86.0%  field:abilities.effects[]#applyBuff.hooks[].target
           167/184    90.8%  field:abilities.effects[]#applyBuff.duration
           170/629    27.0%  field:vfx#vfx@1.anchorBone
           182/421    43.2%  field:abilities.rangeTier
           192/421    45.6%  field:abilities.manaCostTier
           205/370    55.4%  field:abilities.effects[]#chainLightning.amount.damageTier
           215/629    34.2%  field:vfx#vfx@1.stretched
           215/629    34.2%  field:vfx#vfx@1.tailLength
           225/421    53.4%  field:abilities.template
           229/233    98.3%  field:abilities.effects[]#applyBuff.modifiers[].value
           258/258   100.0%  field:abilities.effects[]#damage.damageType
           265/421    62.9%  field:abilities.targetsEnemies
           280/629    44.5%  field:vfx#vfx@1.burstCount
           288/629    45.8%  field:vfx#vfx@1.gravityY
           289/370    78.1%  field:abilities.effects[]#chainLightning.amount.ratios
           334/421    79.3%  field:abilities.cooldownTier
           336/421    79.8%  field:abilities.castTimeSec
           349/629    55.5%  field:vfx#vfx@1.rate
           385/421    91.4%  field:abilities.vfxKey
           413/421    98.1%  field:abilities.description
           421/421   100.0%  field:abilities.icon
           421/421   100.0%  field:abilities.provenance
           593/629    94.3%  field:vfx#vfx@1.speed
           627/629    99.7%  field:vfx#vfx@1.sizeStops
           629/629   100.0%  field:vfx#vfx@1.colorStops
           629/629   100.0%  field:vfx#vfx@1.texture

  ── enum (1999 reachable, 1063 at ZERO) ──
    ZERO     0/10      0.0%  enum:abilities.augment.targets[].ops[].op=modifierValue
    ZERO     0/10      0.0%  enum:abilities.augment.targets[].ops[].op=thresholdPct
    ZERO     0/2       0.0%  enum:abilities.castTimeTier=中
    ZERO     0/2       0.0%  enum:abilities.castTimeTier=大
    ZERO     0/2       0.0%  enum:abilities.castTimeTier=極大
    ZERO     0/2       0.0%  enum:abilities.castTimeTier=極小
    ZERO     0/6       0.0%  enum:abilities.cooldownShape=範圍
    ZERO     0/6       0.0%  enum:abilities.cooldownShape=變身
    ZERO     0/2       0.0%  enum:abilities.effects[]#applyBuff.block.lethalBasis=hp
    ZERO     0/13      0.0%  enum:abilities.effects[]#applyBuff.condition|0|10.form=base
    ZERO     0/28      0.0%  enum:abilities.effects[]#applyBuff.condition|0|2|0.op=!=
    ZERO     0/28      0.0%  enum:abilities.effects[]#applyBuff.condition|0|2|0.op===
    ZERO     0/26      0.0%  enum:abilities.effects[]#applyBuff.condition|0|2|1.stat=agi
    ZERO     0/26      0.0%  enum:abilities.effects[]#applyBuff.condition|0|2|1.stat=armor
    ZERO     0/26      0.0%  enum:abilities.effects[]#applyBuff.condition|0|2|1.stat=attackSpeed
    ZERO     0/26      0.0%  enum:abilities.effects[]#applyBuff.condition|0|2|1.stat=int
    ZERO     0/26      0.0%  enum:abilities.effects[]#applyBuff.condition|0|2|1.stat=magicResist
    ZERO     0/26      0.0%  enum:abilities.effects[]#applyBuff.condition|0|2|1.stat=moveSpeed
    ZERO     0/26      0.0%  enum:abilities.effects[]#applyBuff.condition|0|2|1.stat=str
    ZERO     0/3       0.0%  enum:abilities.effects[]#applyBuff.condition|0|3.is=guardian
    ZERO     0/3       0.0%  enum:abilities.effects[]#applyBuff.condition|0|3.is=mob
    ZERO     0/3       0.0%  enum:abilities.effects[]#applyBuff.condition|0|3.is=summon
    ZERO     0/7       0.0%  enum:abilities.effects[]#applyBuff.condition|0|6|1.slot=E
    ZERO     0/7       0.0%  enum:abilities.effects[]#applyBuff.condition|0|6|1.slot=PASSIVE
    ZERO     0/7       0.0%  enum:abilities.effects[]#applyBuff.condition|0|6|1.slot=R
    ZERO     0/7       0.0%  enum:abilities.effects[]#applyBuff.condition|0|6|1.slot=W
    ZERO     0/8       0.0%  enum:abilities.effects[]#applyBuff.condition|0|9.slot=E
    ZERO     0/8       0.0%  enum:abilities.effects[]#applyBuff.condition|0|9.slot=PASSIVE
    ZERO     0/8       0.0%  enum:abilities.effects[]#applyBuff.condition|0|9.slot=R
    ZERO     0/8       0.0%  enum:abilities.effects[]#applyBuff.condition|0|9.slot=W
    ZERO     0/1       0.0%  enum:abilities.effects[]#applyBuff.critStrike.empowers=everyCrit
    ZERO     0/1       0.0%  enum:abilities.effects[]#applyBuff.critStrike.lifestealMode=add
    ZERO     0/4       0.0%  enum:abilities.effects[]#applyBuff.damageTypeOverride.impactType=converted
    ZERO     0/7       0.0%  enum:abilities.effects[]#applyBuff.damageTypeOverride.scope=all
    ZERO     0/1       0.0%  enum:abilities.effects[]#applyBuff.deathWard.beneficiary=team
    ZERO     0/1       0.0%  enum:abilities.effects[]#applyBuff.deathWard.stacking=add
    ZERO     0/2       0.0%  enum:abilities.effects[]#applyBuff.exclusiveOnExisting=reject
    ZERO     0/1       0.0%  enum:abilities.effects[]#applyBuff.hooks[].chanceFrom.attr=int
    ZERO     0/1       0.0%  enum:abilities.effects[]#applyBuff.hooks[].chanceFrom.attr=str
    ZERO     0/1       0.0%  enum:abilities.effects[]#applyBuff.hooks[].chanceFrom.basis=base
    ZERO     0/2       0.0%  enum:abilities.effects[]#applyBuff.hooks[].critSource=any
    ZERO     0/3       0.0%  enum:abilities.effects[]#applyBuff.hooks[].damageCrit=any
    ZERO     0/3       0.0%  enum:abilities.effects[]#applyBuff.hooks[].damageCrit=nonCrit
    ZERO     0/9       0.0%  enum:abilities.effects[]#applyBuff.hooks[].damageSource=any
    ZERO     0/9       0.0%  enum:abilities.effects[]#applyBuff.hooks[].damageSource=nonBasic
    ZERO     0/9       0.0%  enum:abilities.effects[]#applyBuff.hooks[].damageSource=other
    ZERO     0/6       0.0%  enum:abilities.effects[]#applyBuff.hooks[].damageType=any
    ZERO     0/6       0.0%  enum:abilities.effects[]#applyBuff.hooks[].damageType=physical
    ZERO     0/6       0.0%  enum:abilities.effects[]#applyBuff.hooks[].damageType=true
    ZERO     0/2       0.0%  enum:abilities.effects[]#applyBuff.hooks[].internalCooldownScope=source
    ZERO     0/246     0.0%  enum:abilities.effects[]#applyBuff.hooks[].on=onAllyProtected
    ZERO     0/246     0.0%  enum:abilities.effects[]#applyBuff.hooks[].on=onAttackAttempt
    ZERO     0/246     0.0%  enum:abilities.effects[]#applyBuff.hooks[].on=onBlock
    ZERO     0/246     0.0%  enum:abilities.effects[]#applyBuff.hooks[].on=onBoundaryTouch
    ZERO     0/246     0.0%  enum:abilities.effects[]#applyBuff.hooks[].on=onCrowdControlApplied
    ZERO     0/246     0.0%  enum:abilities.effects[]#applyBuff.hooks[].on=onGuardianDown
    ZERO     0/246     0.0%  enum:abilities.effects[]#applyBuff.hooks[].on=onHeal
    ZERO     0/246     0.0%  enum:abilities.effects[]#applyBuff.hooks[].on=onLethalDamage
    ZERO     0/246     0.0%  enum:abilities.effects[]#applyBuff.hooks[].on=onObservedCombat
    ZERO     0/246     0.0%  enum:abilities.effects[]#applyBuff.hooks[].on=onProjectileExpire
    ZERO     0/246     0.0%  enum:abilities.effects[]#applyBuff.hooks[].on=onRoundEnd
    ZERO     0/246     0.0%  enum:abilities.effects[]#applyBuff.hooks[].on=onRoundStart
    ZERO     0/246     0.0%  enum:abilities.effects[]#applyBuff.hooks[].on=onShieldBroken
    ZERO     0/246     0.0%  enum:abilities.effects[]#applyBuff.hooks[].on=onShieldGained
    ZERO     0/246     0.0%  enum:abilities.effects[]#applyBuff.hooks[].on=onSummonHit
    ZERO     0/246     0.0%  enum:abilities.effects[]#applyBuff.hooks[].on=onUltimateHit
    ZERO     0/3       0.0%  enum:abilities.effects[]#applyBuff.hooks[].onConsumed=stop
    ZERO     0/2       0.0%  enum:abilities.effects[]#applyBuff.hooks[].reflectedDamageSource=any
    ZERO     0/2       0.0%  enum:abilities.effects[]#applyBuff.hooks[].reflectedDamageSource=basic
    ZERO     0/2       0.0%  enum:abilities.effects[]#applyBuff.hooks[].reflectedDamageSource=nonBasic
    ZERO     0/2       0.0%  enum:abilities.effects[]#applyBuff.hooks[].reflectedDamageSource=other
    ZERO     0/2       0.0%  enum:abilities.effects[]#applyBuff.hooks[].reflectedDamageType=any
    ZERO     0/2       0.0%  enum:abilities.effects[]#applyBuff.hooks[].reflectedDamageType=physical
    ZERO     0/2       0.0%  enum:abilities.effects[]#applyBuff.hooks[].reflectedDamageType=true
    ZERO     0/44      0.0%  enum:abilities.effects[]#applyBuff.hooks[].victim=allyChampion
    ZERO     0/1       0.0%  enum:abilities.effects[]#applyBuff.modifiers[].fromResource=hp
    ZERO     0/21      0.0%  enum:abilities.effects[]#applyBuff.modifiers[].msBonusTier=極大
    ZERO     0/1       0.0%  enum:abilities.effects[]#applyBuff.penetration.scope=ability
    ZERO     0/1       0.0%  enum:abilities.effects[]#applyBuff.penetration.scope=all
    ZERO     0/2       0.0%  enum:abilities.effects[]#applyStatus.grantMark.lethal.restoreMode=clamp
    ZERO     0/24      0.0%  enum:abilities.effects[]#blink.applyTo=target
    ZERO     0/24      0.0%  enum:abilities.effects[]#blink.shape=circle
    ZERO     0/24      0.0%  enum:abilities.effects[]#blink.to=caster
    ZERO     0/1       0.0%  enum:abilities.effects[]#carry.onCarrierDeath=drop
    ZERO     0/1       0.0%  enum:abilities.effects[]#carry.shape=single
    ZERO     0/1       0.0%  enum:abilities.effects[]#carry.side=enemies
    ZERO     0/1       0.0%  enum:abilities.effects[]#chainLightning.amount.attrRatios[].attr=agi
    ZERO     0/1       0.0%  enum:abilities.effects[]#chainLightning.amount.attrRatios[].attr=int
    ZERO     0/1       0.0%  enum:abilities.effects[]#chainLightning.amount.attrRatios[].basis=base
    ZERO     0/48      0.0%  enum:abilities.effects[]#chainLightning.amount.damageTierPerRank[]=極大
    ZERO     0/2       0.0%  enum:abilities.effects[]#chainLightning.amount.slotRankRatios[].slot=EX
    ZERO     0/2       0.0%  enum:abilities.effects[]#chainLightning.amount.slotRankRatios[].slot=PASSIVE
    ZERO     0/2       0.0%  enum:abilities.effects[]#chainLightning.amount.slotRankRatios[].slot=R
    ZERO     0/4       0.0%  enum:abilities.effects[]#chainLightning.centre=target
    ZERO     0/4       0.0%  enum:abilities.effects[]#chainLightning.shape=single
    ZERO     0/33      0.0%  enum:abilities.effects[]#championForm.to=base
    ZERO     0/2       0.0%  enum:abilities.effects[]#comboStrikes.shape=circle
    ZERO     0/2       0.0%  enum:abilities.effects[]#comboStrikes.strikeReposition.who=victim
    ZERO     0/1       0.0%  enum:abilities.effects[]#convertTeam.shape=circle
    ZERO     0/1       0.0%  enum:abilities.effects[]#convertTeam.until=duration
    ZERO     0/1       0.0%  enum:abilities.effects[]#convertTeam.until=roundEnd
    ZERO     0/1       0.0%  enum:abilities.effects[]#cycleBuff.applyTo=target
    ZERO     0/1       0.0%  enum:abilities.effects[]#damage.refund.basis=mitigated
    ZERO     0/11      0.0%  enum:abilities.effects[]#dash.distanceTier=中
    ZERO     0/11      0.0%  enum:abilities.effects[]#dash.distanceTier=小
    ZERO     0/2       0.0%  enum:abilities.effects[]#delayed.advance.dir=target
    ZERO     0/8       0.0%  enum:abilities.effects[]#delayed.anchor=point
    ZERO     0/2       0.0%  enum:abilities.effects[]#delayed.strikeReposition.who=caster
    ZERO     0/2       0.0%  enum:abilities.effects[]#devour.side=allies
    ZERO     0/5       0.0%  enum:abilities.effects[]#dispel.order=oldest
    ZERO     0/18      0.0%  enum:abilities.effects[]#dispel.polarity=any
    ZERO     0/2       0.0%  enum:abilities.effects[]#dot.resourcePctPhase=onApply
    ZERO     0/23      0.0%  enum:abilities.effects[]#dot.stacking=stack
    ZERO     0/4       0.0%  enum:abilities.effects[]#eventValueConversion.basis=mitigated
    ZERO     0/4       0.0%  enum:abilities.effects[]#eventValueConversion.basis=raw
    ZERO     0/5       0.0%  enum:abilities.effects[]#eventValueConversion.shape=circle
    ZERO     0/5       0.0%  enum:abilities.effects[]#eventValueConversion.source=targetCurrentHealth
    ZERO     0/5       0.0%  enum:abilities.effects[]#eventValueConversion.who=target
    ZERO     0/2       0.0%  enum:abilities.effects[]#extendBuff.shape=circle
    ZERO     0/2       0.0%  enum:abilities.effects[]#extendBuff.who=target
    ZERO     0/2       0.0%  enum:abilities.effects[]#floatingText.driftFrom=world
    ZERO     0/16      0.0%  enum:abilities.effects[]#floatingText.shape=circle
    ZERO     0/2       0.0%  enum:abilities.effects[]#grantAttribute.store=champion
    ZERO     0/4       0.0%  enum:abilities.effects[]#grantGold.to=target
    ZERO     0/1       0.0%  enum:abilities.effects[]#grantXp.to=target
    ZERO     0/21      0.0%  enum:abilities.effects[]#invulnerable.applyTo=target
    ZERO     0/21      0.0%  enum:abilities.effects[]#invulnerable.blocksDamage=magic
    ZERO     0/21      0.0%  enum:abilities.effects[]#invulnerable.blocksDamage=physical
    ZERO     0/2       0.0%  enum:abilities.effects[]#knockback.applyTo=self
    ZERO     0/25      0.0%  enum:abilities.effects[]#knockback.from=facing
    ZERO     0/1       0.0%  enum:abilities.effects[]#manaBarrier.shape=circle
    ZERO     0/1       0.0%  enum:abilities.effects[]#manaBarrier.who=target
    ZERO     0/2       0.0%  enum:abilities.effects[]#modifyCooldown.basis=base
    ZERO     0/1       0.0%  enum:abilities.effects[]#modifyCooldown.hookScope=allSources
    ZERO     0/17      0.0%  enum:abilities.effects[]#modifyCooldown.mode=reduceFlat
    ZERO     0/17      0.0%  enum:abilities.effects[]#modifyCooldown.shape=circle
    ZERO     0/1       0.0%  enum:abilities.effects[]#modifyCooldown.target=abilitySlot
    ZERO     0/17      0.0%  enum:abilities.effects[]#modifyCooldown.who=target
    ZERO     0/8       0.0%  enum:abilities.effects[]#proxyCast.payCosts=mana
    ZERO     0/8       0.0%  enum:abilities.effects[]#proxyCast.payCosts=manaAndCooldown
    ZERO     0/5       0.0%  enum:abilities.effects[]#proxyCast.rankMode=fixed
    ZERO     0/8       0.0%  enum:abilities.effects[]#proxyCast.shape=circle
    ZERO     0/10      0.0%  enum:abilities.effects[]#randomArea.who=target
    ZERO     0/4       0.0%  enum:abilities.effects[]#revive.side=any
    ZERO     0/4       0.0%  enum:abilities.effects[]#revive.teamCharge=requireAndSpend
    ZERO     0/9       0.0%  enum:abilities.effects[]#screenFlash.shape=circle
    ZERO     0/28      0.0%  enum:abilities.effects[]#screenShake.applyTo=self
    ZERO     0/28      0.0%  enum:abilities.effects[]#screenShake.applyTo=victim
    ZERO     0/6       0.0%  enum:abilities.effects[]#shield.absorbs=physical
    ZERO     0/6       0.0%  enum:abilities.effects[]#shield.absorbs=true
    ZERO     0/2       0.0%  enum:abilities.effects[]#shieldBreak.order=oldest
    ZERO     0/2       0.0%  enum:abilities.effects[]#shieldBreak.shape=circle
    ZERO     0/23      0.0%  enum:abilities.effects[]#spawnModelFx.anchor=bone
    ZERO     0/23      0.0%  enum:abilities.effects[]#spawnModelFx.anchor=point
    ZERO     0/14      0.0%  enum:abilities.effects[]#spawnModelFx.path=radial
    ZERO     0/14      0.0%  enum:abilities.effects[]#spawnModelFx.path=static
    ZERO     0/90      0.0%  enum:abilities.effects[]#spawnModelFx.shape=circle
    ZERO     0/4       0.0%  enum:abilities.effects[]#spawnModelFx.touchSide=allies
    ZERO     0/12      0.0%  enum:abilities.effects[]#spawnVfx.boneOn=caster
    ZERO     0/4       0.0%  enum:abilities.effects[]#summon.at=self
    ZERO     0/4       0.0%  enum:abilities.effects[]#summon.at=target
    ZERO     0/7       0.0%  enum:abilities.effects[]#summon.body=champion
    ZERO     0/3       0.0%  enum:abilities.effects[]#summon.formation=line
    ZERO     0/3       0.0%  enum:abilities.effects[]#summon.formation=scatter
    ZERO     0/5       0.0%  enum:abilities.effects[]#summon.onOwnerDeath=persist
    ZERO     0/4       0.0%  enum:abilities.effects[]#summon.team=neutral
    ZERO     0/1       0.0%  enum:abilities.effects[]#swapResource.resource=mana
    ZERO     0/1       0.0%  enum:abilities.effects[]#swapResource.shape=circle
    ZERO     0/1       0.0%  enum:abilities.effects[]#taunt.forcedTarget=caster
    ZERO     0/1       0.0%  enum:abilities.effects[]#taunt.side=enemies
    ZERO     0/4       0.0%  enum:abilities.effects[]#weightedBranch.branches[].weightFrom.attr=int
    ZERO     0/4       0.0%  enum:abilities.effects[]#weightedBranch.branches[].weightFrom.attr=str
    ZERO     0/43      0.0%  enum:abilities.hitFeel.sparkKind=counter
    ZERO     0/43      0.0%  enum:abilities.hitFeel.sparkKind=hit
    ZERO     0/2       0.0%  enum:abilities.innateActivePassive=skip
    ZERO     0/2       0.0%  enum:abilities.interruptOn=damageOrMove
    ZERO     0/2       0.0%  enum:abilities.interruptOn=none
    ZERO     0/257     0.0%  enum:abilities.manaCostTier=極大
    ZERO     0/3       0.0%  enum:abilities.marks[].resetOn=never
    ZERO     0/9       0.0%  enum:abilities.passive.ranks[].auras[].affects=all
    ZERO     0/1       0.0%  enum:abilities.passive.ranks[].auras[].scaleByNearby.count=all
    ZERO     0/1       0.0%  enum:abilities.passive.ranks[].auras[].scaleByNearby.count=enemy
    ZERO     0/10      0.0%  enum:abilities.passive.ranks[].whileForm=any
    ZERO     0/10      0.0%  enum:abilities.passive.ranks[].whileForm=base
    ZERO     0/492     0.0%  enum:abilities.provenance=editor-json
    ZERO     0/492     0.0%  enum:abilities.provenance=jass-verified
    ZERO     0/492     0.0%  enum:abilities.provenance=w3x-tooltip
    ZERO     0/2       0.0%  enum:abilities.toggle.upkeepCadence=none
    ZERO     0/2       0.0%  enum:abilities.toggle.upkeepCadence=perSecond
    ZERO     0/24      0.0%  enum:abilities.vfxLayers[].attachTo=caster
    ZERO     0/16      0.0%  enum:arenas.backdrop.layers[].profile=waves
    ZERO     0/20      0.0%  enum:arenas.scenery.lighting.wave=none
    ZERO     0/1       0.0%  enum:arenas.zones[].gateHolds[].mode=close
    ZERO     0/7       0.0%  enum:arenas.zones[].interactions[].kind=channel
    ZERO     0/1       0.0%  enum:augments.eligibility.onlyAttackType=melee
    ZERO     0/49      0.0%  enum:champions.msGrowthTier=中
    ZERO     0/49      0.0%  enum:champions.msGrowthTier=大
    ZERO     0/49      0.0%  enum:champions.msGrowthTier=小
    ZERO     0/49      0.0%  enum:champions.msGrowthTier=極大
    ZERO     0/1       0.0%  enum:config#config.ambient-vfx@1.bindings{}[].whileToggle=E
    ZERO     0/1       0.0%  enum:config#config.ambient-vfx@1.bindings{}[].whileToggle=EX
    ZERO     0/1       0.0%  enum:config#config.ambient-vfx@1.bindings{}[].whileToggle=PASSIVE
    ZERO     0/1       0.0%  enum:config#config.ambient-vfx@1.bindings{}[].whileToggle=Q
    ZERO     0/1       0.0%  enum:config#config.ambient-vfx@1.bindings{}[].whileToggle=R
    ZERO     0/1       0.0%  enum:config#config.ap-damage-scaling@1.apRatioMode=replace
    ZERO     0/1       0.0%  enum:config#config.ap-damage-scaling@1.scope=all
    ZERO     0/1       0.0%  enum:config#config.ap-damage-scaling@1.scope=basic
    ZERO     0/1       0.0%  enum:config#config.arena-rules@1.augmentTiers[].limitScope=team
    ZERO     0/1       0.0%  enum:config#config.arena-rules@1.augmentTiers[].table=silver
    ZERO     0/1       0.0%  enum:config#config.arena-rules@1.draftConflict=alternate
    ZERO     0/1       0.0%  enum:config#config.arena-rules@1.draftConflict=both
    ZERO     0/1       0.0%  enum:config#config.arena-rules@1.draftConflict=grail-wins
    ZERO     0/1       0.0%  enum:config#config.arena-rules@1.draftConflict=weapon-wins
    ZERO     0/1       0.0%  enum:config#config.arena-rules@1.grailDraft.legacyPool=include
    ZERO     0/1       0.0%  enum:config#config.arena-rules@1.itemDraft.shortPoolMode=duplicate
    ZERO     0/1       0.0%  enum:config#config.arena-rules@1.itemDraft.shortPoolMode=fallback
    ZERO     0/1       0.0%  enum:config#config.arena-rules@1.mobWaves.boss.championSource=inherit
    ZERO     0/1       0.0%  enum:config#config.arena-rules@1.mobWaves.boss.healthBarAnchor=bottom
    ZERO     0/1       0.0%  enum:config#config.arena-rules@1.mobWaves.boss.healthBarReveal=sighted
    ZERO     0/1       0.0%  enum:config#config.arena-rules@1.mobWaves.boss.heroLevelSource=fixed
    ZERO     0/1       0.0%  enum:config#config.arena-rules@1.mobWaves.boss.heroLevelSource=matchHighest
    ZERO     0/1       0.0%  enum:config#config.arena-rules@1.mobWaves.boss.heroLevelSource=round
    ZERO     0/1       0.0%  enum:config#config.arena-rules@1.mobWaves.boss.king.learnRankMode=fixed
    ZERO     0/1       0.0%  enum:config#config.arena-rules@1.mobWaves.boss.king.targetPreference=nearest
    ZERO     0/1       0.0%  enum:config#config.arena-rules@1.mobWaves.boss.lastHitMode=weight
    ZERO     0/1       0.0%  enum:config#config.arena-rules@1.mobWaves.boss.maxPerRoundScope=match
    ZERO     0/1       0.0%  enum:config#config.arena-rules@1.mobWaves.roundHoldMobKinds=any
    ZERO     0/1       0.0%  enum:config#config.arena-rules@1.mobWaves.roundHoldMobKinds=bossAndSpecial
    ZERO     0/1       0.0%  enum:config#config.arena-rules@1.mobWaves.roundHoldMobKinds=none
    ZERO     0/1       0.0%  enum:config#config.arena-rules@1.mobWaves.special.lastHitMode=weight
    ZERO     0/1       0.0%  enum:config#config.arena-rules@1.mobWaves.special.settlementMode=off
    ZERO     0/1       0.0%  enum:config#config.arena-rules@1.mobWaves.special.settlementMode=toast
    ZERO     0/1       0.0%  enum:config#config.audio-map@1.rankUpAudience=all
    ZERO     0/1       0.0%  enum:config#config.audio-mix@1.voice.roundEndMachineVoice=fallback
    ZERO     0/1       0.0%  enum:config#config.audio-mix@1.voice.roundEndMachineVoice=on
    ZERO     0/1       0.0%  enum:config#config.authoring-rules@1.proportionality.minDamageTier.單體.中=大
    ZERO     0/1       0.0%  enum:config#config.authoring-rules@1.proportionality.minDamageTier.單體.中=小
    ZERO     0/1       0.0%  enum:config#config.authoring-rules@1.proportionality.minDamageTier.單體.中=極大
    ZERO     0/1       0.0%  enum:config#config.authoring-rules@1.proportionality.minDamageTier.單體.中=極小
    ZERO     0/1       0.0%  enum:config#config.authoring-rules@1.proportionality.minDamageTier.單體.大=中
    ZERO     0/1       0.0%  enum:config#config.authoring-rules@1.proportionality.minDamageTier.單體.大=小
    ZERO     0/1       0.0%  enum:config#config.authoring-rules@1.proportionality.minDamageTier.單體.大=極大
    ZERO     0/1       0.0%  enum:config#config.authoring-rules@1.proportionality.minDamageTier.單體.大=極小
    ZERO     0/1       0.0%  enum:config#config.authoring-rules@1.proportionality.minDamageTier.單體.小=中
    ZERO     0/1       0.0%  enum:config#config.authoring-rules@1.proportionality.minDamageTier.單體.小=大
    ZERO     0/1       0.0%  enum:config#config.authoring-rules@1.proportionality.minDamageTier.單體.小=極大
    ZERO     0/1       0.0%  enum:config#config.authoring-rules@1.proportionality.minDamageTier.單體.小=極小
    ZERO     0/1       0.0%  enum:config#config.authoring-rules@1.proportionality.minDamageTier.單體.極大=中
    ZERO     0/1       0.0%  enum:config#config.authoring-rules@1.proportionality.minDamageTier.單體.極大=大
    ZERO     0/1       0.0%  enum:config#config.authoring-rules@1.proportionality.minDamageTier.單體.極大=小
    ZERO     0/1       0.0%  enum:config#config.authoring-rules@1.proportionality.minDamageTier.單體.極大=極小
    ZERO     0/1       0.0%  enum:config#config.authoring-rules@1.proportionality.minDamageTier.單體.極小=中
    ZERO     0/1       0.0%  enum:config#config.authoring-rules@1.proportionality.minDamageTier.單體.極小=大
    ZERO     0/1       0.0%  enum:config#config.authoring-rules@1.proportionality.minDamageTier.單體.極小=小
    ZERO     0/1       0.0%  enum:config#config.authoring-rules@1.proportionality.minDamageTier.單體.極小=極大
    ZERO     0/1       0.0%  enum:config#config.authoring-rules@1.proportionality.minDamageTier.範圍.中=大
    ZERO     0/1       0.0%  enum:config#config.authoring-rules@1.proportionality.minDamageTier.範圍.中=小
    ZERO     0/1       0.0%  enum:config#config.authoring-rules@1.proportionality.minDamageTier.範圍.中=極大
    ZERO     0/1       0.0%  enum:config#config.authoring-rules@1.proportionality.minDamageTier.範圍.中=極小
    ZERO     0/1       0.0%  enum:config#config.authoring-rules@1.proportionality.minDamageTier.範圍.大=中
    ZERO     0/1       0.0%  enum:config#config.authoring-rules@1.proportionality.minDamageTier.範圍.大=小
    ZERO     0/1       0.0%  enum:config#config.authoring-rules@1.proportionality.minDamageTier.範圍.大=極大
    ZERO     0/1       0.0%  enum:config#config.authoring-rules@1.proportionality.minDamageTier.範圍.大=極小
    ZERO     0/1       0.0%  enum:config#config.authoring-rules@1.proportionality.minDamageTier.範圍.小=大
    ZERO     0/1       0.0%  enum:config#config.authoring-rules@1.proportionality.minDamageTier.範圍.小=小
    ZERO     0/1       0.0%  enum:config#config.authoring-rules@1.proportionality.minDamageTier.範圍.小=極大
    ZERO     0/1       0.0%  enum:config#config.authoring-rules@1.proportionality.minDamageTier.範圍.小=極小
    ZERO     0/1       0.0%  enum:config#config.authoring-rules@1.proportionality.minDamageTier.範圍.極大=中
    ZERO     0/1       0.0%  enum:config#config.authoring-rules@1.proportionality.minDamageTier.範圍.極大=大
    ZERO     0/1       0.0%  enum:config#config.authoring-rules@1.proportionality.minDamageTier.範圍.極大=小
    ZERO     0/1       0.0%  enum:config#config.authoring-rules@1.proportionality.minDamageTier.範圍.極大=極小
    ZERO     0/1       0.0%  enum:config#config.authoring-rules@1.proportionality.minDamageTier.範圍.極小=中
    ZERO     0/1       0.0%  enum:config#config.authoring-rules@1.proportionality.minDamageTier.範圍.極小=大
    ZERO     0/1       0.0%  enum:config#config.authoring-rules@1.proportionality.minDamageTier.範圍.極小=極大
    ZERO     0/1       0.0%  enum:config#config.authoring-rules@1.proportionality.minDamageTier.範圍.極小=極小
    ZERO     0/1       0.0%  enum:config#config.authoring-rules@1.proportionality.minDamageTier.變身.中=中
    ZERO     0/1       0.0%  enum:config#config.authoring-rules@1.proportionality.minDamageTier.變身.中=大
    ZERO     0/1       0.0%  enum:config#config.authoring-rules@1.proportionality.minDamageTier.變身.中=小
    ZERO     0/1       0.0%  enum:config#config.authoring-rules@1.proportionality.minDamageTier.變身.中=極大
    ZERO     0/1       0.0%  enum:config#config.authoring-rules@1.proportionality.minDamageTier.變身.大=中
    ZERO     0/1       0.0%  enum:config#config.authoring-rules@1.proportionality.minDamageTier.變身.大=大
    ZERO     0/1       0.0%  enum:config#config.authoring-rules@1.proportionality.minDamageTier.變身.大=小
    ZERO     0/1       0.0%  enum:config#config.authoring-rules@1.proportionality.minDamageTier.變身.大=極大
    ZERO     0/1       0.0%  enum:config#config.authoring-rules@1.proportionality.minDamageTier.變身.小=中
    ZERO     0/1       0.0%  enum:config#config.authoring-rules@1.proportionality.minDamageTier.變身.小=大
    ZERO     0/1       0.0%  enum:config#config.authoring-rules@1.proportionality.minDamageTier.變身.小=小
    ZERO     0/1       0.0%  enum:config#config.authoring-rules@1.proportionality.minDamageTier.變身.小=極大
    ZERO     0/1       0.0%  enum:config#config.authoring-rules@1.proportionality.minDamageTier.變身.極大=中
    ZERO     0/1       0.0%  enum:config#config.authoring-rules@1.proportionality.minDamageTier.變身.極大=大
    ZERO     0/1       0.0%  enum:config#config.authoring-rules@1.proportionality.minDamageTier.變身.極大=小
    ZERO     0/1       0.0%  enum:config#config.authoring-rules@1.proportionality.minDamageTier.變身.極大=極大
    ZERO     0/1       0.0%  enum:config#config.authoring-rules@1.proportionality.minDamageTier.變身.極小=中
    ZERO     0/1       0.0%  enum:config#config.authoring-rules@1.proportionality.minDamageTier.變身.極小=大
    ZERO     0/1       0.0%  enum:config#config.authoring-rules@1.proportionality.minDamageTier.變身.極小=小
    ZERO     0/1       0.0%  enum:config#config.authoring-rules@1.proportionality.minDamageTier.變身.極小=極大
    ZERO     0/1       0.0%  enum:config#config.authoring-rules@1.proportionality.model=aimRisk
    ZERO     0/1       0.0%  enum:config#config.authoring-rules@1.proportionality.model=custom
    ZERO     0/1       0.0%  enum:config#config.authoring-rules@1.proportionality.model=ownerCell
    ZERO     0/1       0.0%  enum:config#config.berserk@1.trigger=off
    ZERO     0/1       0.0%  enum:config#config.block@1.stacking=best
    ZERO     0/1       0.0%  enum:config#config.cast-time@1.comboWindowFrom=resolve
    ZERO     0/1       0.0%  enum:config#config.content-load@1.policy=fail-closed
    ZERO     0/1       0.0%  enum:config#config.controller-scheme@1.schemes{}.bindings.*=none
    ZERO     0/1       0.0%  enum:config#config.crit@1.stackMode=add
    ZERO     0/1       0.0%  enum:config#config.crit@1.stackMode=max
    ZERO     0/1       0.0%  enum:config#config.damage-colors@1.blockFlashMode=damage
    ZERO     0/1       0.0%  enum:config#config.damage-colors@1.blockFlashMode=none
    ZERO     0/1       0.0%  enum:config#config.damage-colors@1.outline.mode=off
    ZERO     0/1       0.0%  enum:config#config.damage-colors@1.outline.mode=taken
    ZERO     0/1       0.0%  enum:config#config.damage-colors@1.textAxis=relation
    ZERO     0/1       0.0%  enum:config#config.damage-rules@1.defaultAbilityDamageType=physical
    ZERO     0/1       0.0%  enum:config#config.damage-rules@1.defaultAbilityDamageType=true
    ZERO     0/1       0.0%  enum:config#config.dispel@1.defaultOrder=oldest
    ZERO     0/1       0.0%  enum:config#config.displacement-tiers@1.wallBlock.blink=allow
    ZERO     0/1       0.0%  enum:config#config.displacement-tiers@1.wallBlock.blink=cancel
    ZERO     0/1       0.0%  enum:config#config.displacement-tiers@1.wallBlock.leap=allow
    ZERO     0/1       0.0%  enum:config#config.displacement-tiers@1.wallBlock.leap=cancel
    ZERO     0/1       0.0%  enum:config#config.gore@1.championStyles{}=off
    ZERO     0/1       0.0%  enum:config#config.gore@1.style=off
    ZERO     0/1       0.0%  enum:config#config.gore@1.style=stylized
    ZERO     0/1       0.0%  enum:config#config.hud-layout@1.goldLevelTouchLayout=column
    ZERO     0/1       0.0%  enum:config#config.hud-layout@1.heroPortrait=base-form
    ZERO     0/1       0.0%  enum:config#config.hud-layout@1.heroPortrait=none
    ZERO     0/1       0.0%  enum:config#config.lobby-layout@1.alreadyFriendMode=hide-row
    ZERO     0/1       0.0%  enum:config#config.lobby-layout@1.friendSort=name
    ZERO     0/1       0.0%  enum:config#config.lobby-layout@1.nemesisSort=bane
    ZERO     0/1       0.0%  enum:config#config.lobby-layout@1.nemesisSort=rivalry
    ZERO     0/1       0.0%  enum:config#config.lobby-rally@1.joinMode=opt-in
    ZERO     0/1       0.0%  enum:config#config.map-report@1.maps[].issues[].kind=hard
    ZERO     0/1       0.0%  enum:config#config.map-report@1.maps[].issues[].severity=error
    ZERO     0/1       0.0%  enum:config#config.map-report@1.maps[].issues[].severity=off
    ZERO     0/1       0.0%  enum:config#config.map-spec@1.severity.chokepoints=error
    ZERO     0/1       0.0%  enum:config#config.map-spec@1.severity.chokepoints=off
    ZERO     0/1       0.0%  enum:config#config.map-spec@1.severity.deadEnds=error
    ZERO     0/1       0.0%  enum:config#config.map-spec@1.severity.deadEnds=off
    ZERO     0/1       0.0%  enum:config#config.map-spec@1.severity.interactions=error
    ZERO     0/1       0.0%  enum:config#config.map-spec@1.severity.interactions=off
    ZERO     0/1       0.0%  enum:config#config.map-spec@1.severity.loops=error
    ZERO     0/1       0.0%  enum:config#config.map-spec@1.severity.loops=off
    ZERO     0/1       0.0%  enum:config#config.map-spec@1.severity.shortcuts=error
    ZERO     0/1       0.0%  enum:config#config.map-spec@1.severity.shortcuts=off
    ZERO     0/1       0.0%  enum:config#config.map-spec@1.severity.traversal=error
    ZERO     0/1       0.0%  enum:config#config.map-spec@1.severity.traversal=off
    ZERO     0/1       0.0%  enum:config#config.model-lod@1.adaptiveCostMode=work
    ZERO     0/1       0.0%  enum:config#config.model-lod@1.platformPolicy.phone=supported
    ZERO     0/1       0.0%  enum:config#config.model-lod@1.presetTiers.auto=mid
    ZERO     0/1       0.0%  enum:config#config.model-lod@1.presetTiers.auto=small
    ZERO     0/1       0.0%  enum:config#config.model-lod@1.presetTiers.high=mid
    ZERO     0/1       0.0%  enum:config#config.model-lod@1.presetTiers.high=small
    ZERO     0/1       0.0%  enum:config#config.model-lod@1.presetTiers.low=high
    ZERO     0/1       0.0%  enum:config#config.model-lod@1.presetTiers.low=mid
    ZERO     0/1       0.0%  enum:config#config.model-lod@1.presetTiers.medium=high
    ZERO     0/1       0.0%  enum:config#config.model-lod@1.presetTiers.medium=small
    ZERO     0/1       0.0%  enum:config#config.per-level-bonus@1.perLevel{}.appliesTo=nonPrimary
    ZERO     0/1       0.0%  enum:config#config.per-level-bonus@1.perLevel{}.appliesTo=primary
    ZERO     0/1       0.0%  enum:config#config.regen@1.drainFloorMode=clamp
    ZERO     0/1       0.0%  enum:config#config.regen@1.pctMode=add
    ZERO     0/1       0.0%  enum:config#config.screen-fx@1.reducedMotionMode=ignore
    ZERO     0/1       0.0%  enum:config#config.screen-fx@1.reducedMotionMode=off
    ZERO     0/1       0.0%  enum:config#config.shield@1.absorbOrder=generalFirst
    ZERO     0/1       0.0%  enum:config#config.shield@1.absorbOrder=insertionOrder
    ZERO     0/1       0.0%  enum:config#config.shield@1.spellWardBlocksWholeCast=status-only
    ZERO     0/1       0.0%  enum:config#config.skill-normalize@1.damageColumnBasis=total
    ZERO     0/1       0.0%  enum:config#config.skill-normalize@1.damageLeafScope=all-leaves
    ZERO     0/1       0.0%  enum:config#config.skill-normalize@1.radiusColumnBasis=max-coverage
    ZERO     0/1       0.0%  enum:config#config.skill-normalize@1.snapPolicy=down
    ZERO     0/1       0.0%  enum:config#config.skill-normalize@1.snapPolicy=up
    ZERO     0/1       0.0%  enum:config#config.speed-growth-tiers@1.ladder=B
    ZERO     0/1       0.0%  enum:config#config.stat-normalization@1.byArchetype.ad.fighter=大
    ZERO     0/1       0.0%  enum:config#config.stat-normalization@1.byArchetype.ad.fighter=小
    ZERO     0/1       0.0%  enum:config#config.stat-normalization@1.byArchetype.ad.fighter=極大
    ZERO     0/1       0.0%  enum:config#config.stat-normalization@1.byArchetype.ad.fighter=極小
    ZERO     0/1       0.0%  enum:config#config.stat-normalization@1.byArchetype.ad.mage=大
    ZERO     0/1       0.0%  enum:config#config.stat-normalization@1.byArchetype.ad.mage=小
    ZERO     0/1       0.0%  enum:config#config.stat-normalization@1.byArchetype.ad.mage=極大
    ZERO     0/1       0.0%  enum:config#config.stat-normalization@1.byArchetype.ad.mage=極小
    ZERO     0/1       0.0%  enum:config#config.stat-normalization@1.byArchetype.ad.marksman=大
    ZERO     0/1       0.0%  enum:config#config.stat-normalization@1.byArchetype.ad.marksman=小
    ZERO     0/1       0.0%  enum:config#config.stat-normalization@1.byArchetype.ad.marksman=極大
    ZERO     0/1       0.0%  enum:config#config.stat-normalization@1.byArchetype.ad.marksman=極小
    ZERO     0/1       0.0%  enum:config#config.stat-normalization@1.byArchetype.ad.tank=大
    ZERO     0/1       0.0%  enum:config#config.stat-normalization@1.byArchetype.ad.tank=小
    ZERO     0/1       0.0%  enum:config#config.stat-normalization@1.byArchetype.ad.tank=極大
    ZERO     0/1       0.0%  enum:config#config.stat-normalization@1.byArchetype.ad.tank=極小
    ZERO     0/1       0.0%  enum:config#config.stat-normalization@1.byArchetype.ap.fighter=大
    ZERO     0/1       0.0%  enum:config#config.stat-normalization@1.byArchetype.ap.fighter=小
    ZERO     0/1       0.0%  enum:config#config.stat-normalization@1.byArchetype.ap.fighter=極大
    ZERO     0/1       0.0%  enum:config#config.stat-normalization@1.byArchetype.ap.fighter=極小
    ZERO     0/1       0.0%  enum:config#config.stat-normalization@1.byArchetype.ap.mage=大
    ZERO     0/1       0.0%  enum:config#config.stat-normalization@1.byArchetype.ap.mage=小
    ZERO     0/1       0.0%  enum:config#config.stat-normalization@1.byArchetype.ap.mage=極大
    ZERO     0/1       0.0%  enum:config#config.stat-normalization@1.byArchetype.ap.mage=極小
    ZERO     0/1       0.0%  enum:config#config.stat-normalization@1.byArchetype.ap.marksman=大
    ZERO     0/1       0.0%  enum:config#config.stat-normalization@1.byArchetype.ap.marksman=小
    ZERO     0/1       0.0%  enum:config#config.stat-normalization@1.byArchetype.ap.marksman=極大
    ZERO     0/1       0.0%  enum:config#config.stat-normalization@1.byArchetype.ap.marksman=極小
    ZERO     0/1       0.0%  enum:config#config.stat-normalization@1.byArchetype.ap.tank=大
    ZERO     0/1       0.0%  enum:config#config.stat-normalization@1.byArchetype.ap.tank=小
    ZERO     0/1       0.0%  enum:config#config.stat-normalization@1.byArchetype.ap.tank=極大
    ZERO     0/1       0.0%  enum:config#config.stat-normalization@1.byArchetype.ap.tank=極小
    ZERO     0/1       0.0%  enum:config#config.stat-normalization@1.byArchetype.armor.fighter=大
    ZERO     0/1       0.0%  enum:config#config.stat-normalization@1.byArchetype.armor.fighter=小
    ZERO     0/1       0.0%  enum:config#config.stat-normalization@1.byArchetype.armor.fighter=極大
    ZERO     0/1       0.0%  enum:config#config.stat-normalization@1.byArchetype.armor.fighter=極小
    ZERO     0/1       0.0%  enum:config#config.stat-normalization@1.byArchetype.armor.mage=中
    ZERO     0/1       0.0%  enum:config#config.stat-normalization@1.byArchetype.armor.mage=大
    ZERO     0/1       0.0%  enum:config#config.stat-normalization@1.byArchetype.armor.mage=極大
    ZERO     0/1       0.0%  enum:config#config.stat-normalization@1.byArchetype.armor.mage=極小
    ZERO     0/1       0.0%  enum:config#config.stat-normalization@1.byArchetype.armor.marksman=中
    ZERO     0/1       0.0%  enum:config#config.stat-normalization@1.byArchetype.armor.marksman=大
    ZERO     0/1       0.0%  enum:config#config.stat-normalization@1.byArchetype.armor.marksman=極大
    ZERO     0/1       0.0%  enum:config#config.stat-normalization@1.byArchetype.armor.marksman=極小
    ZERO     0/1       0.0%  enum:config#config.stat-normalization@1.byArchetype.armor.tank=中
    ZERO     0/1       0.0%  enum:config#config.stat-normalization@1.byArchetype.armor.tank=小
    ZERO     0/1       0.0%  enum:config#config.stat-normalization@1.byArchetype.armor.tank=極大
    ZERO     0/1       0.0%  enum:config#config.stat-normalization@1.byArchetype.armor.tank=極小
    ZERO     0/1       0.0%  enum:config#config.stat-normalization@1.byArchetype.as.fighter=大
    ZERO     0/1       0.0%  enum:config#config.stat-normalization@1.byArchetype.as.fighter=小
    ZERO     0/1       0.0%  enum:config#config.stat-normalization@1.byArchetype.as.fighter=極大
    ZERO     0/1       0.0%  enum:config#config.stat-normalization@1.byArchetype.as.fighter=極小
    ZERO     0/1       0.0%  enum:config#config.stat-normalization@1.byArchetype.as.mage=大
    ZERO     0/1       0.0%  enum:config#config.stat-normalization@1.byArchetype.as.mage=小
    ZERO     0/1       0.0%  enum:config#config.stat-normalization@1.byArchetype.as.mage=極大
    ZERO     0/1       0.0%  enum:config#config.stat-normalization@1.byArchetype.as.mage=極小
    ZERO     0/1       0.0%  enum:config#config.stat-normalization@1.byArchetype.as.marksman=大
    ZERO     0/1       0.0%  enum:config#config.stat-normalization@1.byArchetype.as.marksman=小
    ZERO     0/1       0.0%  enum:config#config.stat-normalization@1.byArchetype.as.marksman=極大
    ZERO     0/1       0.0%  enum:config#config.stat-normalization@1.byArchetype.as.marksman=極小
    ZERO     0/1       0.0%  enum:config#config.stat-normalization@1.byArchetype.as.tank=大
    ZERO     0/1       0.0%  enum:config#config.stat-normalization@1.byArchetype.as.tank=小
    ZERO     0/1       0.0%  enum:config#config.stat-normalization@1.byArchetype.as.tank=極大
    ZERO     0/1       0.0%  enum:config#config.stat-normalization@1.byArchetype.as.tank=極小
    ZERO     0/1       0.0%  enum:config#config.stat-normalization@1.byArchetype.healthRegen.fighter=大
    ZERO     0/1       0.0%  enum:config#config.stat-normalization@1.byArchetype.healthRegen.fighter=小
    ZERO     0/1       0.0%  enum:config#config.stat-normalization@1.byArchetype.healthRegen.fighter=極大
    ZERO     0/1       0.0%  enum:config#config.stat-normalization@1.byArchetype.healthRegen.fighter=極小
    ZERO     0/1       0.0%  enum:config#config.stat-normalization@1.byArchetype.healthRegen.mage=大
    ZERO     0/1       0.0%  enum:config#config.stat-normalization@1.byArchetype.healthRegen.mage=小
    ZERO     0/1       0.0%  enum:config#config.stat-normalization@1.byArchetype.healthRegen.mage=極大
    ZERO     0/1       0.0%  enum:config#config.stat-normalization@1.byArchetype.healthRegen.mage=極小
    ZERO     0/1       0.0%  enum:config#config.stat-normalization@1.byArchetype.healthRegen.marksman=大
    ZERO     0/1       0.0%  enum:config#config.stat-normalization@1.byArchetype.healthRegen.marksman=小
    ZERO     0/1       0.0%  enum:config#config.stat-normalization@1.byArchetype.healthRegen.marksman=極大
    ZERO     0/1       0.0%  enum:config#config.stat-normalization@1.byArchetype.healthRegen.marksman=極小
    ZERO     0/1       0.0%  enum:config#config.stat-normalization@1.byArchetype.healthRegen.tank=大
    ZERO     0/1       0.0%  enum:config#config.stat-normalization@1.byArchetype.healthRegen.tank=小
    ZERO     0/1       0.0%  enum:config#config.stat-normalization@1.byArchetype.healthRegen.tank=極大
    ZERO     0/1       0.0%  enum:config#config.stat-normalization@1.byArchetype.healthRegen.tank=極小
    ZERO     0/1       0.0%  enum:config#config.stat-normalization@1.byArchetype.manaRegen.fighter=大
    ZERO     0/1       0.0%  enum:config#config.stat-normalization@1.byArchetype.manaRegen.fighter=小
    ZERO     0/1       0.0%  enum:config#config.stat-normalization@1.byArchetype.manaRegen.fighter=極大
    ZERO     0/1       0.0%  enum:config#config.stat-normalization@1.byArchetype.manaRegen.fighter=極小
    ZERO     0/1       0.0%  enum:config#config.stat-normalization@1.byArchetype.manaRegen.mage=大
    ZERO     0/1       0.0%  enum:config#config.stat-normalization@1.byArchetype.manaRegen.mage=小
    ZERO     0/1       0.0%  enum:config#config.stat-normalization@1.byArchetype.manaRegen.mage=極大
    ZERO     0/1       0.0%  enum:config#config.stat-normalization@1.byArchetype.manaRegen.mage=極小
    ZERO     0/1       0.0%  enum:config#config.stat-normalization@1.byArchetype.manaRegen.marksman=大
    ZERO     0/1       0.0%  enum:config#config.stat-normalization@1.byArchetype.manaRegen.marksman=小
    ZERO     0/1       0.0%  enum:config#config.stat-normalization@1.byArchetype.manaRegen.marksman=極大
    ZERO     0/1       0.0%  enum:config#config.stat-normalization@1.byArchetype.manaRegen.marksman=極小
    ZERO     0/1       0.0%  enum:config#config.stat-normalization@1.byArchetype.manaRegen.tank=大
    ZERO     0/1       0.0%  enum:config#config.stat-normalization@1.byArchetype.manaRegen.tank=小
    ZERO     0/1       0.0%  enum:config#config.stat-normalization@1.byArchetype.manaRegen.tank=極大
    ZERO     0/1       0.0%  enum:config#config.stat-normalization@1.byArchetype.manaRegen.tank=極小
    ZERO     0/1       0.0%  enum:config#config.stat-normalization@1.byArchetype.maxHealth.fighter=大
    ZERO     0/1       0.0%  enum:config#config.stat-normalization@1.byArchetype.maxHealth.fighter=小
    ZERO     0/1       0.0%  enum:config#config.stat-normalization@1.byArchetype.maxHealth.fighter=極大
    ZERO     0/1       0.0%  enum:config#config.stat-normalization@1.byArchetype.maxHealth.fighter=極小
    ZERO     0/1       0.0%  enum:config#config.stat-normalization@1.byArchetype.maxHealth.mage=大
    ZERO     0/1       0.0%  enum:config#config.stat-normalization@1.byArchetype.maxHealth.mage=小
    ZERO     0/1       0.0%  enum:config#config.stat-normalization@1.byArchetype.maxHealth.mage=極大
    ZERO     0/1       0.0%  enum:config#config.stat-normalization@1.byArchetype.maxHealth.mage=極小
    ZERO     0/1       0.0%  enum:config#config.stat-normalization@1.byArchetype.maxHealth.marksman=大
    ZERO     0/1       0.0%  enum:config#config.stat-normalization@1.byArchetype.maxHealth.marksman=小
    ZERO     0/1       0.0%  enum:config#config.stat-normalization@1.byArchetype.maxHealth.marksman=極大
    ZERO     0/1       0.0%  enum:config#config.stat-normalization@1.byArchetype.maxHealth.marksman=極小
    ZERO     0/1       0.0%  enum:config#config.stat-normalization@1.byArchetype.maxHealth.tank=大
    ZERO     0/1       0.0%  enum:config#config.stat-normalization@1.byArchetype.maxHealth.tank=小
    ZERO     0/1       0.0%  enum:config#config.stat-normalization@1.byArchetype.maxHealth.tank=極大
    ZERO     0/1       0.0%  enum:config#config.stat-normalization@1.byArchetype.maxHealth.tank=極小
    ZERO     0/1       0.0%  enum:config#config.stat-normalization@1.byArchetype.maxMana.fighter=大
    ZERO     0/1       0.0%  enum:config#config.stat-normalization@1.byArchetype.maxMana.fighter=小
    ZERO     0/1       0.0%  enum:config#config.stat-normalization@1.byArchetype.maxMana.fighter=極大
    ZERO     0/1       0.0%  enum:config#config.stat-normalization@1.byArchetype.maxMana.fighter=極小
    ZERO     0/1       0.0%  enum:config#config.stat-normalization@1.byArchetype.maxMana.mage=大
    ZERO     0/1       0.0%  enum:config#config.stat-normalization@1.byArchetype.maxMana.mage=小
    ZERO     0/1       0.0%  enum:config#config.stat-normalization@1.byArchetype.maxMana.mage=極大
    ZERO     0/1       0.0%  enum:config#config.stat-normalization@1.byArchetype.maxMana.mage=極小
    ZERO     0/1       0.0%  enum:config#config.stat-normalization@1.byArchetype.maxMana.marksman=大
    ZERO     0/1       0.0%  enum:config#config.stat-normalization@1.byArchetype.maxMana.marksman=小
    ZERO     0/1       0.0%  enum:config#config.stat-normalization@1.byArchetype.maxMana.marksman=極大
    ZERO     0/1       0.0%  enum:config#config.stat-normalization@1.byArchetype.maxMana.marksman=極小
    ZERO     0/1       0.0%  enum:config#config.stat-normalization@1.byArchetype.maxMana.tank=大
    ZERO     0/1       0.0%  enum:config#config.stat-normalization@1.byArchetype.maxMana.tank=小
    ZERO     0/1       0.0%  enum:config#config.stat-normalization@1.byArchetype.maxMana.tank=極大
    ZERO     0/1       0.0%  enum:config#config.stat-normalization@1.byArchetype.maxMana.tank=極小
    ZERO     0/1       0.0%  enum:config#config.stat-normalization@1.byArchetype.mr.fighter=大
    ZERO     0/1       0.0%  enum:config#config.stat-normalization@1.byArchetype.mr.fighter=小
    ZERO     0/1       0.0%  enum:config#config.stat-normalization@1.byArchetype.mr.fighter=極大
    ZERO     0/1       0.0%  enum:config#config.stat-normalization@1.byArchetype.mr.fighter=極小
    ZERO     0/1       0.0%  enum:config#config.stat-normalization@1.byArchetype.mr.mage=中
    ZERO     0/1       0.0%  enum:config#config.stat-normalization@1.byArchetype.mr.mage=小
    ZERO     0/1       0.0%  enum:config#config.stat-normalization@1.byArchetype.mr.mage=極大
    ZERO     0/1       0.0%  enum:config#config.stat-normalization@1.byArchetype.mr.mage=極小
    ZERO     0/1       0.0%  enum:config#config.stat-normalization@1.byArchetype.mr.marksman=中
    ZERO     0/1       0.0%  enum:config#config.stat-normalization@1.byArchetype.mr.marksman=大
    ZERO     0/1       0.0%  enum:config#config.stat-normalization@1.byArchetype.mr.marksman=極大
    ZERO     0/1       0.0%  enum:config#config.stat-normalization@1.byArchetype.mr.marksman=極小
    ZERO     0/1       0.0%  enum:config#config.stat-normalization@1.byArchetype.mr.tank=中
    ZERO     0/1       0.0%  enum:config#config.stat-normalization@1.byArchetype.mr.tank=大
    ZERO     0/1       0.0%  enum:config#config.stat-normalization@1.byArchetype.mr.tank=極大
    ZERO     0/1       0.0%  enum:config#config.stat-normalization@1.byArchetype.mr.tank=極小
    ZERO     0/1       0.0%  enum:config#config.stat-normalization@1.byArchetype.ms.fighter=中
    ZERO     0/1       0.0%  enum:config#config.stat-normalization@1.byArchetype.ms.fighter=小
    ZERO     0/1       0.0%  enum:config#config.stat-normalization@1.byArchetype.ms.fighter=極大
    ZERO     0/1       0.0%  enum:config#config.stat-normalization@1.byArchetype.ms.fighter=極小
    ZERO     0/1       0.0%  enum:config#config.stat-normalization@1.byArchetype.ms.mage=中
    ZERO     0/1       0.0%  enum:config#config.stat-normalization@1.byArchetype.ms.mage=大
    ZERO     0/1       0.0%  enum:config#config.stat-normalization@1.byArchetype.ms.mage=極大
    ZERO     0/1       0.0%  enum:config#config.stat-normalization@1.byArchetype.ms.mage=極小
    ZERO     0/1       0.0%  enum:config#config.stat-normalization@1.byArchetype.ms.marksman=大
    ZERO     0/1       0.0%  enum:config#config.stat-normalization@1.byArchetype.ms.marksman=小
    ZERO     0/1       0.0%  enum:config#config.stat-normalization@1.byArchetype.ms.marksman=極大
    ZERO     0/1       0.0%  enum:config#config.stat-normalization@1.byArchetype.ms.marksman=極小
    ZERO     0/1       0.0%  enum:config#config.stat-normalization@1.byArchetype.ms.tank=中
    ZERO     0/1       0.0%  enum:config#config.stat-normalization@1.byArchetype.ms.tank=大
    ZERO     0/1       0.0%  enum:config#config.stat-normalization@1.byArchetype.ms.tank=極大
    ZERO     0/1       0.0%  enum:config#config.stat-normalization@1.byArchetype.ms.tank=極小
    ZERO     0/1       0.0%  enum:config#config.stat-normalization@1.byArchetype.range.fighter=大
    ZERO     0/1       0.0%  enum:config#config.stat-normalization@1.byArchetype.range.fighter=小
    ZERO     0/1       0.0%  enum:config#config.stat-normalization@1.byArchetype.range.fighter=極大
    ZERO     0/1       0.0%  enum:config#config.stat-normalization@1.byArchetype.range.fighter=極小
    ZERO     0/1       0.0%  enum:config#config.stat-normalization@1.byArchetype.range.mage=大
    ZERO     0/1       0.0%  enum:config#config.stat-normalization@1.byArchetype.range.mage=小
    ZERO     0/1       0.0%  enum:config#config.stat-normalization@1.byArchetype.range.mage=極大
    ZERO     0/1       0.0%  enum:config#config.stat-normalization@1.byArchetype.range.mage=極小
    ZERO     0/1       0.0%  enum:config#config.stat-normalization@1.byArchetype.range.marksman=中
    ZERO     0/1       0.0%  enum:config#config.stat-normalization@1.byArchetype.range.marksman=小
    ZERO     0/1       0.0%  enum:config#config.stat-normalization@1.byArchetype.range.marksman=極大
    ZERO     0/1       0.0%  enum:config#config.stat-normalization@1.byArchetype.range.marksman=極小
    ZERO     0/1       0.0%  enum:config#config.stat-normalization@1.byArchetype.range.tank=大
    ZERO     0/1       0.0%  enum:config#config.stat-normalization@1.byArchetype.range.tank=小
    ZERO     0/1       0.0%  enum:config#config.stat-normalization@1.byArchetype.range.tank=極大
    ZERO     0/1       0.0%  enum:config#config.stat-normalization@1.byArchetype.range.tank=極小
    ZERO     0/1       0.0%  enum:config#config.stat-normalization@1.byOrigin.ad.坦克=中
    ZERO     0/1       0.0%  enum:config#config.stat-normalization@1.byOrigin.ad.坦克=大
    ZERO     0/1       0.0%  enum:config#config.stat-normalization@1.byOrigin.ad.坦克=極大
    ZERO     0/1       0.0%  enum:config#config.stat-normalization@1.byOrigin.ad.坦克=極小
    ZERO     0/1       0.0%  enum:config#config.stat-normalization@1.byOrigin.ad.射手=中
    ZERO     0/1       0.0%  enum:config#config.stat-normalization@1.byOrigin.ad.射手=大
    ZERO     0/1       0.0%  enum:config#config.stat-normalization@1.byOrigin.ad.射手=小
    ZERO     0/1       0.0%  enum:config#config.stat-normalization@1.byOrigin.ad.射手=極小
    ZERO     0/1       0.0%  enum:config#config.stat-normalization@1.byOrigin.ad.法刺=中
    ZERO     0/1       0.0%  enum:config#config.stat-normalization@1.byOrigin.ad.法刺=大
    ZERO     0/1       0.0%  enum:config#config.stat-normalization@1.byOrigin.ad.法刺=小
    ZERO     0/1       0.0%  enum:config#config.stat-normalization@1.byOrigin.ad.法刺=極大
    ZERO     0/1       0.0%  enum:config#config.stat-normalization@1.byOrigin.ad.法師=中
    ZERO     0/1       0.0%  enum:config#config.stat-normalization@1.byOrigin.ad.法師=大
    ZERO     0/1       0.0%  enum:config#config.stat-normalization@1.byOrigin.ad.法師=極大
    ZERO     0/1       0.0%  enum:config#config.stat-normalization@1.byOrigin.ad.法師=極小
    ZERO     0/1       0.0%  enum:config#config.stat-normalization@1.byOrigin.ad.法鬥=中
    ZERO     0/1       0.0%  enum:config#config.stat-normalization@1.byOrigin.ad.法鬥=小
    ZERO     0/1       0.0%  enum:config#config.stat-normalization@1.byOrigin.ad.法鬥=極大
    ZERO     0/1       0.0%  enum:config#config.stat-normalization@1.byOrigin.ad.法鬥=極小
    ZERO     0/1       0.0%  enum:config#config.stat-normalization@1.byOrigin.ad.狂戰=中
    ZERO     0/1       0.0%  enum:config#config.stat-normalization@1.byOrigin.ad.狂戰=小
    ZERO     0/1       0.0%  enum:config#config.stat-normalization@1.byOrigin.ad.狂戰=極大
    ZERO     0/1       0.0%  enum:config#config.stat-normalization@1.byOrigin.ad.狂戰=極小
    ZERO     0/1       0.0%  enum:config#config.stat-normalization@1.byOrigin.ad.砲手=中
    ZERO     0/1       0.0%  enum:config#config.stat-normalization@1.byOrigin.ad.砲手=大
    ZERO     0/1       0.0%  enum:config#config.stat-normalization@1.byOrigin.ad.砲手=小
    ZERO     0/1       0.0%  enum:config#config.stat-normalization@1.byOrigin.ad.砲手=極小
    ZERO     0/1       0.0%  enum:config#config.stat-normalization@1.byOrigin.ad.硬輔=中
    ZERO     0/1       0.0%  enum:config#config.stat-normalization@1.byOrigin.ad.硬輔=大
    ZERO     0/1       0.0%  enum:config#config.stat-normalization@1.byOrigin.ad.硬輔=極大
    ZERO     0/1       0.0%  enum:config#config.stat-normalization@1.byOrigin.ad.硬輔=極小
    ZERO     0/1       0.0%  enum:config#config.stat-normalization@1.byOrigin.ad.軟輔=中
    ZERO     0/1       0.0%  enum:config#config.stat-normalization@1.byOrigin.ad.軟輔=大
    ZERO     0/1       0.0%  enum:config#config.stat-normalization@1.byOrigin.ad.軟輔=極大
    ZERO     0/1       0.0%  enum:config#config.stat-normalization@1.byOrigin.ad.軟輔=極小
    ZERO     0/1       0.0%  enum:config#config.stat-normalization@1.byOrigin.ad.鬥士=中
    ZERO     0/1       0.0%  enum:config#config.stat-normalization@1.byOrigin.ad.鬥士=小
    ZERO     0/1       0.0%  enum:config#config.stat-normalization@1.byOrigin.ad.鬥士=極大
    ZERO     0/1       0.0%  enum:config#config.stat-normalization@1.byOrigin.ad.鬥士=極小
    ZERO     0/1       0.0%  enum:config#config.stat-normalization@1.byOrigin.ap.坦克=中
    ZERO     0/1       0.0%  enum:config#config.stat-normalization@1.byOrigin.ap.坦克=大
    ZERO     0/1       0.0%  enum:config#config.stat-normalization@1.byOrigin.ap.坦克=極大
    ZERO     0/1       0.0%  enum:config#config.stat-normalization@1.byOrigin.ap.坦克=極小
    ZERO     0/1       0.0%  enum:config#config.stat-normalization@1.byOrigin.ap.射手=中
    ZERO     0/1       0.0%  enum:config#config.stat-normalization@1.byOrigin.ap.射手=大
    ZERO     0/1       0.0%  enum:config#config.stat-normalization@1.byOrigin.ap.射手=小
    ZERO     0/1       0.0%  enum:config#config.stat-normalization@1.byOrigin.ap.射手=極大
    ZERO     0/1       0.0%  enum:config#config.stat-normalization@1.byOrigin.ap.法刺=中
    ZERO     0/1       0.0%  enum:config#config.stat-normalization@1.byOrigin.ap.法刺=大
    ZERO     0/1       0.0%  enum:config#config.stat-normalization@1.byOrigin.ap.法刺=小
    ZERO     0/1       0.0%  enum:config#config.stat-normalization@1.byOrigin.ap.法刺=極小
    ZERO     0/1       0.0%  enum:config#config.stat-normalization@1.byOrigin.ap.法師=中
    ZERO     0/1       0.0%  enum:config#config.stat-normalization@1.byOrigin.ap.法師=小
    ZERO     0/1       0.0%  enum:config#config.stat-normalization@1.byOrigin.ap.法師=極大
    ZERO     0/1       0.0%  enum:config#config.stat-normalization@1.byOrigin.ap.法師=極小
    ZERO     0/1       0.0%  enum:config#config.stat-normalization@1.byOrigin.ap.法鬥=中
    ZERO     0/1       0.0%  enum:config#config.stat-normalization@1.byOrigin.ap.法鬥=小
    ZERO     0/1       0.0%  enum:config#config.stat-normalization@1.byOrigin.ap.法鬥=極大
    ZERO     0/1       0.0%  enum:config#config.stat-normalization@1.byOrigin.ap.法鬥=極小
    ZERO     0/1       0.0%  enum:config#config.stat-normalization@1.byOrigin.ap.狂戰=中
    ZERO     0/1       0.0%  enum:config#config.stat-normalization@1.byOrigin.ap.狂戰=大
    ZERO     0/1       0.0%  enum:config#config.stat-normalization@1.byOrigin.ap.狂戰=極大
    ZERO     0/1       0.0%  enum:config#config.stat-normalization@1.byOrigin.ap.狂戰=極小
    ZERO     0/1       0.0%  enum:config#config.stat-normalization@1.byOrigin.ap.砲手=中
    ZERO     0/1       0.0%  enum:config#config.stat-normalization@1.byOrigin.ap.砲手=大
    ZERO     0/1       0.0%  enum:config#config.stat-normalization@1.byOrigin.ap.砲手=極大
    ZERO     0/1       0.0%  enum:config#config.stat-normalization@1.byOrigin.ap.砲手=極小
    ZERO     0/1       0.0%  enum:config#config.stat-normalization@1.byOrigin.ap.硬輔=中
    ZERO     0/1       0.0%  enum:config#config.stat-normalization@1.byOrigin.ap.硬輔=小
    ZERO     0/1       0.0%  enum:config#config.stat-normalization@1.byOrigin.ap.硬輔=極大
    ZERO     0/1       0.0%  enum:config#config.stat-normalization@1.byOrigin.ap.硬輔=極小
    ZERO     0/1       0.0%  enum:config#config.stat-normalization@1.byOrigin.ap.軟輔=中
    ZERO     0/1       0.0%  enum:config#config.stat-normalization@1.byOrigin.ap.軟輔=小
    ZERO     0/1       0.0%  enum:config#config.stat-normalization@1.byOrigin.ap.軟輔=極大
    ZERO     0/1       0.0%  enum:config#config.stat-normalization@1.byOrigin.ap.軟輔=極小
    ZERO     0/1       0.0%  enum:config#config.stat-normalization@1.byOrigin.ap.鬥士=中
    ZERO     0/1       0.0%  enum:config#config.stat-normalization@1.byOrigin.ap.鬥士=大
    ZERO     0/1       0.0%  enum:config#config.stat-normalization@1.byOrigin.ap.鬥士=極大
    ZERO     0/1       0.0%  enum:config#config.stat-normalization@1.byOrigin.ap.鬥士=極小
    ZERO     0/1       0.0%  enum:config#config.stat-normalization@1.byOrigin.armor.坦克=中
    ZERO     0/1       0.0%  enum:config#config.stat-normalization@1.byOrigin.armor.坦克=大
    ZERO     0/1       0.0%  enum:config#config.stat-normalization@1.byOrigin.armor.坦克=小
    ZERO     0/1       0.0%  enum:config#config.stat-normalization@1.byOrigin.armor.坦克=極小
    ZERO     0/1       0.0%  enum:config#config.stat-normalization@1.byOrigin.armor.射手=中
    ZERO     0/1       0.0%  enum:config#config.stat-normalization@1.byOrigin.armor.射手=大
    ZERO     0/1       0.0%  enum:config#config.stat-normalization@1.byOrigin.armor.射手=小
    ZERO     0/1       0.0%  enum:config#config.stat-normalization@1.byOrigin.armor.射手=極大
    ZERO     0/1       0.0%  enum:config#config.stat-normalization@1.byOrigin.armor.法刺=中
    ZERO     0/1       0.0%  enum:config#config.stat-normalization@1.byOrigin.armor.法刺=大
    ZERO     0/1       0.0%  enum:config#config.stat-normalization@1.byOrigin.armor.法刺=小
    ZERO     0/1       0.0%  enum:config#config.stat-normalization@1.byOrigin.armor.法刺=極大
    ZERO     0/1       0.0%  enum:config#config.stat-normalization@1.byOrigin.armor.法師=中
    ZERO     0/1       0.0%  enum:config#config.stat-normalization@1.byOrigin.armor.法師=大
    ZERO     0/1       0.0%  enum:config#config.stat-normalization@1.byOrigin.armor.法師=極大
    ZERO     0/1       0.0%  enum:config#config.stat-normalization@1.byOrigin.armor.法師=極小
    ZERO     0/1       0.0%  enum:config#config.stat-normalization@1.byOrigin.armor.法鬥=中
    ZERO     0/1       0.0%  enum:config#config.stat-normalization@1.byOrigin.armor.法鬥=大
    ZERO     0/1       0.0%  enum:config#config.stat-normalization@1.byOrigin.armor.法鬥=極大
    ZERO     0/1       0.0%  enum:config#config.stat-normalization@1.byOrigin.armor.法鬥=極小
    ZERO     0/1       0.0%  enum:config#config.stat-normalization@1.byOrigin.armor.狂戰=中
    ZERO     0/1       0.0%  enum:config#config.stat-normalization@1.byOrigin.armor.狂戰=大
    ZERO     0/1       0.0%  enum:config#config.stat-normalization@1.byOrigin.armor.狂戰=極大
    ZERO     0/1       0.0%  enum:config#config.stat-normalization@1.byOrigin.armor.狂戰=極小
    ZERO     0/1       0.0%  enum:config#config.stat-normalization@1.byOrigin.armor.砲手=中
    ZERO     0/1       0.0%  enum:config#config.stat-normalization@1.byOrigin.armor.砲手=大
    ZERO     0/1       0.0%  enum:config#config.stat-normalization@1.byOrigin.armor.砲手=小
    ZERO     0/1       0.0%  enum:config#config.stat-normalization@1.byOrigin.armor.砲手=極大
    ZERO     0/1       0.0%  enum:config#config.stat-normalization@1.byOrigin.armor.硬輔=中
    ZERO     0/1       0.0%  enum:config#config.stat-normalization@1.byOrigin.armor.硬輔=小
    ZERO     0/1       0.0%  enum:config#config.stat-normalization@1.byOrigin.armor.硬輔=極大
    ZERO     0/1       0.0%  enum:config#config.stat-normalization@1.byOrigin.armor.硬輔=極小
    ZERO     0/1       0.0%  enum:config#config.stat-normalization@1.byOrigin.armor.軟輔=中
    ZERO     0/1       0.0%  enum:config#config.stat-normalization@1.byOrigin.armor.軟輔=大
    ZERO     0/1       0.0%  enum:config#config.stat-normalization@1.byOrigin.armor.軟輔=極大
    ZERO     0/1       0.0%  enum:config#config.stat-normalization@1.byOrigin.armor.軟輔=極小
    ZERO     0/1       0.0%  enum:config#config.stat-normalization@1.byOrigin.armor.鬥士=大
    ZERO     0/1       0.0%  enum:config#config.stat-normalization@1.byOrigin.armor.鬥士=小
    ZERO     0/1       0.0%  enum:config#config.stat-normalization@1.byOrigin.armor.鬥士=極大
    ZERO     0/1       0.0%  enum:config#config.stat-normalization@1.byOrigin.armor.鬥士=極小
    ZERO     0/1       0.0%  enum:config#config.stat-normalization@1.byOrigin.as.坦克=中
    ZERO     0/1       0.0%  enum:config#config.stat-normalization@1.byOrigin.as.坦克=大
    ZERO     0/1       0.0%  enum:config#config.stat-normalization@1.byOrigin.as.坦克=極大
    ZERO     0/1       0.0%  enum:config#config.stat-normalization@1.byOrigin.as.坦克=極小
    ZERO     0/1       0.0%  enum:config#config.stat-normalization@1.byOrigin.as.射手=中
    ZERO     0/1       0.0%  enum:config#config.stat-normalization@1.byOrigin.as.射手=小
    ZERO     0/1       0.0%  enum:config#config.stat-normalization@1.byOrigin.as.射手=極大
    ZERO     0/1       0.0%  enum:config#config.stat-normalization@1.byOrigin.as.射手=極小
    ZERO     0/1       0.0%  enum:config#config.stat-normalization@1.byOrigin.as.法刺=中
    ZERO     0/1       0.0%  enum:config#config.stat-normalization@1.byOrigin.as.法刺=大
    ZERO     0/1       0.0%  enum:config#config.stat-normalization@1.byOrigin.as.法刺=小
    ZERO     0/1       0.0%  enum:config#config.stat-normalization@1.byOrigin.as.法刺=極大
    ZERO     0/1       0.0%  enum:config#config.stat-normalization@1.byOrigin.as.法師=中
    ZERO     0/1       0.0%  enum:config#config.stat-normalization@1.byOrigin.as.法師=大
    ZERO     0/1       0.0%  enum:config#config.stat-normalization@1.byOrigin.as.法師=極大
    ZERO     0/1       0.0%  enum:config#config.stat-normalization@1.byOrigin.as.法師=極小
    ZERO     0/1       0.0%  enum:config#config.stat-normalization@1.byOrigin.as.法鬥=中
    ZERO     0/1       0.0%  enum:config#config.stat-normalization@1.byOrigin.as.法鬥=大
    ZERO     0/1       0.0%  enum:config#config.stat-normalization@1.byOrigin.as.法鬥=極大
    ZERO     0/1       0.0%  enum:config#config.stat-normalization@1.byOrigin.as.法鬥=極小
    ZERO     0/1       0.0%  enum:config#config.stat-normalization@1.byOrigin.as.狂戰=中
    ZERO     0/1       0.0%  enum:config#config.stat-normalization@1.byOrigin.as.狂戰=大
    ZERO     0/1       0.0%  enum:config#config.stat-normalization@1.byOrigin.as.狂戰=小
    ZERO     0/1       0.0%  enum:config#config.stat-normalization@1.byOrigin.as.狂戰=極小
    ZERO     0/1       0.0%  enum:config#config.stat-normalization@1.byOrigin.as.砲手=中
    ZERO     0/1       0.0%  enum:config#config.stat-normalization@1.byOrigin.as.砲手=大
    ZERO     0/1       0.0%  enum:config#config.stat-normalization@1.byOrigin.as.砲手=極大
    ZERO     0/1       0.0%  enum:config#config.stat-normalization@1.byOrigin.as.砲手=極小
    ZERO     0/1       0.0%  enum:config#config.stat-normalization@1.byOrigin.as.硬輔=中
    ZERO     0/1       0.0%  enum:config#config.stat-normalization@1.byOrigin.as.硬輔=大
    ZERO     0/1       0.0%  enum:config#config.stat-normalization@1.byOrigin.as.硬輔=極大
    ZERO     0/1       0.0%  enum:config#config.stat-normalization@1.byOrigin.as.硬輔=極小
    ZERO     0/1       0.0%  enum:config#config.stat-normalization@1.byOrigin.as.軟輔=中
    ZERO     0/1       0.0%  enum:config#config.stat-normalization@1.byOrigin.as.軟輔=大
    ZERO     0/1       0.0%  enum:config#config.stat-normalization@1.byOrigin.as.軟輔=極大
    ZERO     0/1       0.0%  enum:config#config.stat-normalization@1.byOrigin.as.軟輔=極小
    ZERO     0/1       0.0%  enum:config#config.stat-normalization@1.byOrigin.as.鬥士=大
    ZERO     0/1       0.0%  enum:config#config.stat-normalization@1.byOrigin.as.鬥士=小
    ZERO     0/1       0.0%  enum:config#config.stat-normalization@1.byOrigin.as.鬥士=極大
    ZERO     0/1       0.0%  enum:config#config.stat-normalization@1.byOrigin.as.鬥士=極小
    ZERO     0/1       0.0%  enum:config#config.stat-normalization@1.byOrigin.healthRegen.坦克=中
    ZERO     0/1       0.0%  enum:config#config.stat-normalization@1.byOrigin.healthRegen.坦克=小
    ZERO     0/1       0.0%  enum:config#config.stat-normalization@1.byOrigin.healthRegen.坦克=極大
    ZERO     0/1       0.0%  enum:config#config.stat-normalization@1.byOrigin.healthRegen.坦克=極小
    ZERO     0/1       0.0%  enum:config#config.stat-normalization@1.byOrigin.healthRegen.射手=中
    ZERO     0/1       0.0%  enum:config#config.stat-normalization@1.byOrigin.healthRegen.射手=大
    ZERO     0/1       0.0%  enum:config#config.stat-normalization@1.byOrigin.healthRegen.射手=極大
    ZERO     0/1       0.0%  enum:config#config.stat-normalization@1.byOrigin.healthRegen.射手=極小
    ZERO     0/1       0.0%  enum:config#config.stat-normalization@1.byOrigin.healthRegen.法刺=中
    ZERO     0/1       0.0%  enum:config#config.stat-normalization@1.byOrigin.healthRegen.法刺=大
    ZERO     0/1       0.0%  enum:config#config.stat-normalization@1.byOrigin.healthRegen.法刺=極大
    ZERO     0/1       0.0%  enum:config#config.stat-normalization@1.byOrigin.healthRegen.法刺=極小
    ZERO     0/1       0.0%  enum:config#config.stat-normalization@1.byOrigin.healthRegen.法師=大
    ZERO     0/1       0.0%  enum:config#config.stat-normalization@1.byOrigin.healthRegen.法師=小
    ZERO     0/1       0.0%  enum:config#config.stat-normalization@1.byOrigin.healthRegen.法師=極大
    ZERO     0/1       0.0%  enum:config#config.stat-normalization@1.byOrigin.healthRegen.法師=極小
    ZERO     0/1       0.0%  enum:config#config.stat-normalization@1.byOrigin.healthRegen.法鬥=大
    ZERO     0/1       0.0%  enum:config#config.stat-normalization@1.byOrigin.healthRegen.法鬥=小
    ZERO     0/1       0.0%  enum:config#config.stat-normalization@1.byOrigin.healthRegen.法鬥=極大
    ZERO     0/1       0.0%  enum:config#config.stat-normalization@1.byOrigin.healthRegen.法鬥=極小
    ZERO     0/1       0.0%  enum:config#config.stat-normalization@1.byOrigin.healthRegen.狂戰=中
    ZERO     0/1       0.0%  enum:config#config.stat-normalization@1.byOrigin.healthRegen.狂戰=大
    ZERO     0/1       0.0%  enum:config#config.stat-normalization@1.byOrigin.healthRegen.狂戰=小
    ZERO     0/1       0.0%  enum:config#config.stat-normalization@1.byOrigin.healthRegen.狂戰=極小
    ZERO     0/1       0.0%  enum:config#config.stat-normalization@1.byOrigin.healthRegen.砲手=中
    ZERO     0/1       0.0%  enum:config#config.stat-normalization@1.byOrigin.healthRegen.砲手=大
    ZERO     0/1       0.0%  enum:config#config.stat-normalization@1.byOrigin.healthRegen.砲手=極大
    ZERO     0/1       0.0%  enum:config#config.stat-normalization@1.byOrigin.healthRegen.砲手=極小
    ZERO     0/1       0.0%  enum:config#config.stat-normalization@1.byOrigin.healthRegen.硬輔=中
    ZERO     0/1       0.0%  enum:config#config.stat-normalization@1.byOrigin.healthRegen.硬輔=大
    ZERO     0/1       0.0%  enum:config#config.stat-normalization@1.byOrigin.healthRegen.硬輔=極大
    ZERO     0/1       0.0%  enum:config#config.stat-normalization@1.byOrigin.healthRegen.硬輔=極小
    ZERO     0/1       0.0%  enum:config#config.stat-normalization@1.byOrigin.healthRegen.軟輔=中
    ZERO     0/1       0.0%  enum:config#config.stat-normalization@1.byOrigin.healthRegen.軟輔=小
    ZERO     0/1       0.0%  enum:config#config.stat-normalization@1.byOrigin.healthRegen.軟輔=極大
    ZERO     0/1       0.0%  enum:config#config.stat-normalization@1.byOrigin.healthRegen.軟輔=極小
    ZERO     0/1       0.0%  enum:config#config.stat-normalization@1.byOrigin.healthRegen.鬥士=中
    ZERO     0/1       0.0%  enum:config#config.stat-normalization@1.byOrigin.healthRegen.鬥士=小
    ZERO     0/1       0.0%  enum:config#config.stat-normalization@1.byOrigin.healthRegen.鬥士=極大
    ZERO     0/1       0.0%  enum:config#config.stat-normalization@1.byOrigin.healthRegen.鬥士=極小
    ZERO     0/1       0.0%  enum:config#config.stat-normalization@1.byOrigin.manaRegen.坦克=中
    ZERO     0/1       0.0%  enum:config#config.stat-normalization@1.byOrigin.manaRegen.坦克=大
    ZERO     0/1       0.0%  enum:config#config.stat-normalization@1.byOrigin.manaRegen.坦克=小
    ZERO     0/1       0.0%  enum:config#config.stat-normalization@1.byOrigin.manaRegen.坦克=極大
    ZERO     0/1       0.0%  enum:config#config.stat-normalization@1.byOrigin.manaRegen.射手=大
    ZERO     0/1       0.0%  enum:config#config.stat-normalization@1.byOrigin.manaRegen.射手=小
    ZERO     0/1       0.0%  enum:config#config.stat-normalization@1.byOrigin.manaRegen.射手=極大
    ZERO     0/1       0.0%  enum:config#config.stat-normalization@1.byOrigin.manaRegen.射手=極小
    ZERO     0/1       0.0%  enum:config#config.stat-normalization@1.byOrigin.manaRegen.法刺=中
    ZERO     0/1       0.0%  enum:config#config.stat-normalization@1.byOrigin.manaRegen.法刺=大
    ZERO     0/1       0.0%  enum:config#config.stat-normalization@1.byOrigin.manaRegen.法刺=極大
    ZERO     0/1       0.0%  enum:config#config.stat-normalization@1.byOrigin.manaRegen.法刺=極小
    ZERO     0/1       0.0%  enum:config#config.stat-normalization@1.byOrigin.manaRegen.法師=大
    ZERO     0/1       0.0%  enum:config#config.stat-normalization@1.byOrigin.manaRegen.法師=小
    ZERO     0/1       0.0%  enum:config#config.stat-normalization@1.byOrigin.manaRegen.法師=極大
    ZERO     0/1       0.0%  enum:config#config.stat-normalization@1.byOrigin.manaRegen.法師=極小
    ZERO     0/1       0.0%  enum:config#config.stat-normalization@1.byOrigin.manaRegen.法鬥=大
    ZERO     0/1       0.0%  enum:config#config.stat-normalization@1.byOrigin.manaRegen.法鬥=小
    ZERO     0/1       0.0%  enum:config#config.stat-normalization@1.byOrigin.manaRegen.法鬥=極大
    ZERO     0/1       0.0%  enum:config#config.stat-normalization@1.byOrigin.manaRegen.法鬥=極小
    ZERO     0/1       0.0%  enum:config#config.stat-normalization@1.byOrigin.manaRegen.狂戰=中
    ZERO     0/1       0.0%  enum:config#config.stat-normalization@1.byOrigin.manaRegen.狂戰=大
    ZERO     0/1       0.0%  enum:config#config.stat-normalization@1.byOrigin.manaRegen.狂戰=小
    ZERO     0/1       0.0%  enum:config#config.stat-normalization@1.byOrigin.manaRegen.狂戰=極大
    ZERO     0/1       0.0%  enum:config#config.stat-normalization@1.byOrigin.manaRegen.砲手=中
    ZERO     0/1       0.0%  enum:config#config.stat-normalization@1.byOrigin.manaRegen.砲手=大
    ZERO     0/1       0.0%  enum:config#config.stat-normalization@1.byOrigin.manaRegen.砲手=極大
    ZERO     0/1       0.0%  enum:config#config.stat-normalization@1.byOrigin.manaRegen.砲手=極小
    ZERO     0/1       0.0%  enum:config#config.stat-normalization@1.byOrigin.manaRegen.硬輔=中
    ZERO     0/1       0.0%  enum:config#config.stat-normalization@1.byOrigin.manaRegen.硬輔=大
    ZERO     0/1       0.0%  enum:config#config.stat-normalization@1.byOrigin.manaRegen.硬輔=極大
    ZERO     0/1       0.0%  enum:config#config.stat-normalization@1.byOrigin.manaRegen.硬輔=極小
    ZERO     0/1       0.0%  enum:config#config.stat-normalization@1.byOrigin.manaRegen.軟輔=中
    ZERO     0/1       0.0%  enum:config#config.stat-normalization@1.byOrigin.manaRegen.軟輔=小
    ZERO     0/1       0.0%  enum:config#config.stat-normalization@1.byOrigin.manaRegen.軟輔=極大
    ZERO     0/1       0.0%  enum:config#config.stat-normalization@1.byOrigin.manaRegen.軟輔=極小
    ZERO     0/1       0.0%  enum:config#config.stat-normalization@1.byOrigin.manaRegen.鬥士=大
    ZERO     0/1       0.0%  enum:config#config.stat-normalization@1.byOrigin.manaRegen.鬥士=小
    ZERO     0/1       0.0%  enum:config#config.stat-normalization@1.byOrigin.manaRegen.鬥士=極大
    ZERO     0/1       0.0%  enum:config#config.stat-normalization@1.byOrigin.manaRegen.鬥士=極小
    ZERO     0/1       0.0%  enum:config#config.stat-normalization@1.byOrigin.maxHealth.坦克=中
    ZERO     0/1       0.0%  enum:config#config.stat-normalization@1.byOrigin.maxHealth.坦克=小
    ZERO     0/1       0.0%  enum:config#config.stat-normalization@1.byOrigin.maxHealth.坦克=極大
    ZERO     0/1       0.0%  enum:config#config.stat-normalization@1.byOrigin.maxHealth.坦克=極小
    ZERO     0/1       0.0%  enum:config#config.stat-normalization@1.byOrigin.maxHealth.射手=中
    ZERO     0/1       0.0%  enum:config#config.stat-normalization@1.byOrigin.maxHealth.射手=大
    ZERO     0/1       0.0%  enum:config#config.stat-normalization@1.byOrigin.maxHealth.射手=極大
    ZERO     0/1       0.0%  enum:config#config.stat-normalization@1.byOrigin.maxHealth.射手=極小
    ZERO     0/1       0.0%  enum:config#config.stat-normalization@1.byOrigin.maxHealth.法刺=中
    ZERO     0/1       0.0%  enum:config#config.stat-normalization@1.byOrigin.maxHealth.法刺=大
    ZERO     0/1       0.0%  enum:config#config.stat-normalization@1.byOrigin.maxHealth.法刺=小
    ZERO     0/1       0.0%  enum:config#config.stat-normalization@1.byOrigin.maxHealth.法刺=極大
    ZERO     0/1       0.0%  enum:config#config.stat-normalization@1.byOrigin.maxHealth.法師=大
    ZERO     0/1       0.0%  enum:config#config.stat-normalization@1.byOrigin.maxHealth.法師=小
    ZERO     0/1       0.0%  enum:config#config.stat-normalization@1.byOrigin.maxHealth.法師=極大
    ZERO     0/1       0.0%  enum:config#config.stat-normalization@1.byOrigin.maxHealth.法師=極小
    ZERO     0/1       0.0%  enum:config#config.stat-normalization@1.byOrigin.maxHealth.法鬥=大
    ZERO     0/1       0.0%  enum:config#config.stat-normalization@1.byOrigin.maxHealth.法鬥=小
    ZERO     0/1       0.0%  enum:config#config.stat-normalization@1.byOrigin.maxHealth.法鬥=極大
    ZERO     0/1       0.0%  enum:config#config.stat-normalization@1.byOrigin.maxHealth.法鬥=極小
    ZERO     0/1       0.0%  enum:config#config.stat-normalization@1.byOrigin.maxHealth.狂戰=中
    ZERO     0/1       0.0%  enum:config#config.stat-normalization@1.byOrigin.maxHealth.狂戰=大
    ZERO     0/1       0.0%  enum:config#config.stat-normalization@1.byOrigin.maxHealth.狂戰=極大
    ZERO     0/1       0.0%  enum:config#config.stat-normalization@1.byOrigin.maxHealth.狂戰=極小
    ZERO     0/1       0.0%  enum:config#config.stat-normalization@1.byOrigin.maxHealth.砲手=中
    ZERO     0/1       0.0%  enum:config#config.stat-normalization@1.byOrigin.maxHealth.砲手=大
    ZERO     0/1       0.0%  enum:config#config.stat-normalization@1.byOrigin.maxHealth.砲手=小
    ZERO     0/1       0.0%  enum:config#config.stat-normalization@1.byOrigin.maxHealth.砲手=極大
    ZERO     0/1       0.0%  enum:config#config.stat-normalization@1.byOrigin.maxHealth.硬輔=中
    ZERO     0/1       0.0%  enum:config#config.stat-normalization@1.byOrigin.maxHealth.硬輔=小
    ZERO     0/1       0.0%  enum:config#config.stat-normalization@1.byOrigin.maxHealth.硬輔=極大
    ZERO     0/1       0.0%  enum:config#config.stat-normalization@1.byOrigin.maxHealth.硬輔=極小
    ZERO     0/1       0.0%  enum:config#config.stat-normalization@1.byOrigin.maxHealth.軟輔=中
    ZERO     0/1       0.0%  enum:config#config.stat-normalization@1.byOrigin.maxHealth.軟輔=大
    ZERO     0/1       0.0%  enum:config#config.stat-normalization@1.byOrigin.maxHealth.軟輔=極大
    ZERO     0/1       0.0%  enum:config#config.stat-normalization@1.byOrigin.maxHealth.軟輔=極小
    ZERO     0/1       0.0%  enum:config#config.stat-normalization@1.byOrigin.maxHealth.鬥士=大
    ZERO     0/1       0.0%  enum:config#config.stat-normalization@1.byOrigin.maxHealth.鬥士=小
    ZERO     0/1       0.0%  enum:config#config.stat-normalization@1.byOrigin.maxHealth.鬥士=極大
    ZERO     0/1       0.0%  enum:config#config.stat-normalization@1.byOrigin.maxHealth.鬥士=極小
    ZERO     0/1       0.0%  enum:config#config.stat-normalization@1.byOrigin.maxMana.坦克=中
    ZERO     0/1       0.0%  enum:config#config.stat-normalization@1.byOrigin.maxMana.坦克=大
    ZERO     0/1       0.0%  enum:config#config.stat-normalization@1.byOrigin.maxMana.坦克=小
    ZERO     0/1       0.0%  enum:config#config.stat-normalization@1.byOrigin.maxMana.坦克=極大
    ZERO     0/1       0.0%  enum:config#config.stat-normalization@1.byOrigin.maxMana.射手=大
    ZERO     0/1       0.0%  enum:config#config.stat-normalization@1.byOrigin.maxMana.射手=小
    ZERO     0/1       0.0%  enum:config#config.stat-normalization@1.byOrigin.maxMana.射手=極大
    ZERO     0/1       0.0%  enum:config#config.stat-normalization@1.byOrigin.maxMana.射手=極小
    ZERO     0/1       0.0%  enum:config#config.stat-normalization@1.byOrigin.maxMana.法刺=中
    ZERO     0/1       0.0%  enum:config#config.stat-normalization@1.byOrigin.maxMana.法刺=大
    ZERO     0/1       0.0%  enum:config#config.stat-normalization@1.byOrigin.maxMana.法刺=極大
    ZERO     0/1       0.0%  enum:config#config.stat-normalization@1.byOrigin.maxMana.法刺=極小
    ZERO     0/1       0.0%  enum:config#config.stat-normalization@1.byOrigin.maxMana.法師=大
    ZERO     0/1       0.0%  enum:config#config.stat-normalization@1.byOrigin.maxMana.法師=小
    ZERO     0/1       0.0%  enum:config#config.stat-normalization@1.byOrigin.maxMana.法師=極大
    ZERO     0/1       0.0%  enum:config#config.stat-normalization@1.byOrigin.maxMana.法師=極小
    ZERO     0/1       0.0%  enum:config#config.stat-normalization@1.byOrigin.maxMana.法鬥=大
    ZERO     0/1       0.0%  enum:config#config.stat-normalization@1.byOrigin.maxMana.法鬥=小
    ZERO     0/1       0.0%  enum:config#config.stat-normalization@1.byOrigin.maxMana.法鬥=極大
    ZERO     0/1       0.0%  enum:config#config.stat-normalization@1.byOrigin.maxMana.法鬥=極小
    ZERO     0/1       0.0%  enum:config#config.stat-normalization@1.byOrigin.maxMana.狂戰=中
    ZERO     0/1       0.0%  enum:config#config.stat-normalization@1.byOrigin.maxMana.狂戰=大
    ZERO     0/1       0.0%  enum:config#config.stat-normalization@1.byOrigin.maxMana.狂戰=小
    ZERO     0/1       0.0%  enum:config#config.stat-normalization@1.byOrigin.maxMana.狂戰=極大
    ZERO     0/1       0.0%  enum:config#config.stat-normalization@1.byOrigin.maxMana.砲手=中
    ZERO     0/1       0.0%  enum:config#config.stat-normalization@1.byOrigin.maxMana.砲手=大
    ZERO     0/1       0.0%  enum:config#config.stat-normalization@1.byOrigin.maxMana.砲手=極大
    ZERO     0/1       0.0%  enum:config#config.stat-normalization@1.byOrigin.maxMana.砲手=極小
    ZERO     0/1       0.0%  enum:config#config.stat-normalization@1.byOrigin.maxMana.硬輔=中
    ZERO     0/1       0.0%  enum:config#config.stat-normalization@1.byOrigin.maxMana.硬輔=大
    ZERO     0/1       0.0%  enum:config#config.stat-normalization@1.byOrigin.maxMana.硬輔=極大
    ZERO     0/1       0.0%  enum:config#config.stat-normalization@1.byOrigin.maxMana.硬輔=極小
    ZERO     0/1       0.0%  enum:config#config.stat-normalization@1.byOrigin.maxMana.軟輔=中
    ZERO     0/1       0.0%  enum:config#config.stat-normalization@1.byOrigin.maxMana.軟輔=大
    ZERO     0/1       0.0%  enum:config#config.stat-normalization@1.byOrigin.maxMana.軟輔=極大
    ZERO     0/1       0.0%  enum:config#config.stat-normalization@1.byOrigin.maxMana.軟輔=極小
    ZERO     0/1       0.0%  enum:config#config.stat-normalization@1.byOrigin.maxMana.鬥士=大
    ZERO     0/1       0.0%  enum:config#config.stat-normalization@1.byOrigin.maxMana.鬥士=小
    ZERO     0/1       0.0%  enum:config#config.stat-normalization@1.byOrigin.maxMana.鬥士=極大
    ZERO     0/1       0.0%  enum:config#config.stat-normalization@1.byOrigin.maxMana.鬥士=極小
    ZERO     0/1       0.0%  enum:config#config.stat-normalization@1.byOrigin.mr.坦克=中
    ZERO     0/1       0.0%  enum:config#config.stat-normalization@1.byOrigin.mr.坦克=大
    ZERO     0/1       0.0%  enum:config#config.stat-normalization@1.byOrigin.mr.坦克=小
    ZERO     0/1       0.0%  enum:config#config.stat-normalization@1.byOrigin.mr.坦克=極小
    ZERO     0/1       0.0%  enum:config#config.stat-normalization@1.byOrigin.mr.射手=中
    ZERO     0/1       0.0%  enum:config#config.stat-normalization@1.byOrigin.mr.射手=大
    ZERO     0/1       0.0%  enum:config#config.stat-normalization@1.byOrigin.mr.射手=小
    ZERO     0/1       0.0%  enum:config#config.stat-normalization@1.byOrigin.mr.射手=極大
    ZERO     0/1       0.0%  enum:config#config.stat-normalization@1.byOrigin.mr.法刺=中
    ZERO     0/1       0.0%  enum:config#config.stat-normalization@1.byOrigin.mr.法刺=大
    ZERO     0/1       0.0%  enum:config#config.stat-normalization@1.byOrigin.mr.法刺=小
    ZERO     0/1       0.0%  enum:config#config.stat-normalization@1.byOrigin.mr.法刺=極大
    ZERO     0/1       0.0%  enum:config#config.stat-normalization@1.byOrigin.mr.法師=中
    ZERO     0/1       0.0%  enum:config#config.stat-normalization@1.byOrigin.mr.法師=大
    ZERO     0/1       0.0%  enum:config#config.stat-normalization@1.byOrigin.mr.法師=極大
    ZERO     0/1       0.0%  enum:config#config.stat-normalization@1.byOrigin.mr.法師=極小
    ZERO     0/1       0.0%  enum:config#config.stat-normalization@1.byOrigin.mr.法鬥=中
    ZERO     0/1       0.0%  enum:config#config.stat-normalization@1.byOrigin.mr.法鬥=大
    ZERO     0/1       0.0%  enum:config#config.stat-normalization@1.byOrigin.mr.法鬥=極大
    ZERO     0/1       0.0%  enum:config#config.stat-normalization@1.byOrigin.mr.法鬥=極小
    ZERO     0/1       0.0%  enum:config#config.stat-normalization@1.byOrigin.mr.狂戰=中
    ZERO     0/1       0.0%  enum:config#config.stat-normalization@1.byOrigin.mr.狂戰=大
    ZERO     0/1       0.0%  enum:config#config.stat-normalization@1.byOrigin.mr.狂戰=極大
    ZERO     0/1       0.0%  enum:config#config.stat-normalization@1.byOrigin.mr.狂戰=極小
    ZERO     0/1       0.0%  enum:config#config.stat-normalization@1.byOrigin.mr.砲手=中
    ZERO     0/1       0.0%  enum:config#config.stat-normalization@1.byOrigin.mr.砲手=大
    ZERO     0/1       0.0%  enum:config#config.stat-normalization@1.byOrigin.mr.砲手=小
    ZERO     0/1       0.0%  enum:config#config.stat-normalization@1.byOrigin.mr.砲手=極大
    ZERO     0/1       0.0%  enum:config#config.stat-normalization@1.byOrigin.mr.硬輔=中
    ZERO     0/1       0.0%  enum:config#config.stat-normalization@1.byOrigin.mr.硬輔=小
    ZERO     0/1       0.0%  enum:config#config.stat-normalization@1.byOrigin.mr.硬輔=極大
    ZERO     0/1       0.0%  enum:config#config.stat-normalization@1.byOrigin.mr.硬輔=極小
    ZERO     0/1       0.0%  enum:config#config.stat-normalization@1.byOrigin.mr.軟輔=中
    ZERO     0/1       0.0%  enum:config#config.stat-normalization@1.byOrigin.mr.軟輔=大
    ZERO     0/1       0.0%  enum:config#config.stat-normalization@1.byOrigin.mr.軟輔=極大
    ZERO     0/1       0.0%  enum:config#config.stat-normalization@1.byOrigin.mr.軟輔=極小
    ZERO     0/1       0.0%  enum:config#config.stat-normalization@1.byOrigin.mr.鬥士=大
    ZERO     0/1       0.0%  enum:config#config.stat-normalization@1.byOrigin.mr.鬥士=小
    ZERO     0/1       0.0%  enum:config#config.stat-normalization@1.byOrigin.mr.鬥士=極大
    ZERO     0/1       0.0%  enum:config#config.stat-normalization@1.byOrigin.mr.鬥士=極小
    ZERO     0/1       0.0%  enum:config#config.stat-normalization@1.byOrigin.ms.坦克=中
    ZERO     0/1       0.0%  enum:config#config.stat-normalization@1.byOrigin.ms.坦克=大
    ZERO     0/1       0.0%  enum:config#config.stat-normalization@1.byOrigin.ms.坦克=極大
    ZERO     0/1       0.0%  enum:config#config.stat-normalization@1.byOrigin.ms.坦克=極小
    ZERO     0/1       0.0%  enum:config#config.stat-normalization@1.byOrigin.ms.射手=大
    ZERO     0/1       0.0%  enum:config#config.stat-normalization@1.byOrigin.ms.射手=小
    ZERO     0/1       0.0%  enum:config#config.stat-normalization@1.byOrigin.ms.射手=極大
    ZERO     0/1       0.0%  enum:config#config.stat-normalization@1.byOrigin.ms.射手=極小
    ZERO     0/1       0.0%  enum:config#config.stat-normalization@1.byOrigin.ms.法刺=中
    ZERO     0/1       0.0%  enum:config#config.stat-normalization@1.byOrigin.ms.法刺=小
    ZERO     0/1       0.0%  enum:config#config.stat-normalization@1.byOrigin.ms.法刺=極大
    ZERO     0/1       0.0%  enum:config#config.stat-normalization@1.byOrigin.ms.法刺=極小
    ZERO     0/1       0.0%  enum:config#config.stat-normalization@1.byOrigin.ms.法師=大
    ZERO     0/1       0.0%  enum:config#config.stat-normalization@1.byOrigin.ms.法師=小
    ZERO     0/1       0.0%  enum:config#config.stat-normalization@1.byOrigin.ms.法師=極大
    ZERO     0/1       0.0%  enum:config#config.stat-normalization@1.byOrigin.ms.法師=極小
    ZERO     0/1       0.0%  enum:config#config.stat-normalization@1.byOrigin.ms.法鬥=中
    ZERO     0/1       0.0%  enum:config#config.stat-normalization@1.byOrigin.ms.法鬥=大
    ZERO     0/1       0.0%  enum:config#config.stat-normalization@1.byOrigin.ms.法鬥=極大
    ZERO     0/1       0.0%  enum:config#config.stat-normalization@1.byOrigin.ms.法鬥=極小
    ZERO     0/1       0.0%  enum:config#config.stat-normalization@1.byOrigin.ms.狂戰=中
    ZERO     0/1       0.0%  enum:config#config.stat-normalization@1.byOrigin.ms.狂戰=小
    ZERO     0/1       0.0%  enum:config#config.stat-normalization@1.byOrigin.ms.狂戰=極大
    ZERO     0/1       0.0%  enum:config#config.stat-normalization@1.byOrigin.ms.狂戰=極小
    ZERO     0/1       0.0%  enum:config#config.stat-normalization@1.byOrigin.ms.砲手=中
    ZERO     0/1       0.0%  enum:config#config.stat-normalization@1.byOrigin.ms.砲手=小
    ZERO     0/1       0.0%  enum:config#config.stat-normalization@1.byOrigin.ms.砲手=極大
    ZERO     0/1       0.0%  enum:config#config.stat-normalization@1.byOrigin.ms.砲手=極小
    ZERO     0/1       0.0%  enum:config#config.stat-normalization@1.byOrigin.ms.硬輔=中
    ZERO     0/1       0.0%  enum:config#config.stat-normalization@1.byOrigin.ms.硬輔=大
    ZERO     0/1       0.0%  enum:config#config.stat-normalization@1.byOrigin.ms.硬輔=極大
    ZERO     0/1       0.0%  enum:config#config.stat-normalization@1.byOrigin.ms.硬輔=極小
    ZERO     0/1       0.0%  enum:config#config.stat-normalization@1.byOrigin.ms.軟輔=中
    ZERO     0/1       0.0%  enum:config#config.stat-normalization@1.byOrigin.ms.軟輔=大
    ZERO     0/1       0.0%  enum:config#config.stat-normalization@1.byOrigin.ms.軟輔=極大
    ZERO     0/1       0.0%  enum:config#config.stat-normalization@1.byOrigin.ms.軟輔=極小
    ZERO     0/1       0.0%  enum:config#config.stat-normalization@1.byOrigin.ms.鬥士=大
    ZERO     0/1       0.0%  enum:config#config.stat-normalization@1.byOrigin.ms.鬥士=小
    ZERO     0/1       0.0%  enum:config#config.stat-normalization@1.byOrigin.ms.鬥士=極大
    ZERO     0/1       0.0%  enum:config#config.stat-normalization@1.byOrigin.ms.鬥士=極小
    ZERO     0/1       0.0%  enum:config#config.stat-normalization@1.byOrigin.range.坦克=中
    ZERO     0/1       0.0%  enum:config#config.stat-normalization@1.byOrigin.range.坦克=大
    ZERO     0/1       0.0%  enum:config#config.stat-normalization@1.byOrigin.range.坦克=極大
    ZERO     0/1       0.0%  enum:config#config.stat-normalization@1.byOrigin.range.坦克=極小
    ZERO     0/1       0.0%  enum:config#config.stat-normalization@1.byOrigin.range.射手=大
    ZERO     0/1       0.0%  enum:config#config.stat-normalization@1.byOrigin.range.射手=小
    ZERO     0/1       0.0%  enum:config#config.stat-normalization@1.byOrigin.range.射手=極大
    ZERO     0/1       0.0%  enum:config#config.stat-normalization@1.byOrigin.range.射手=極小
    ZERO     0/1       0.0%  enum:config#config.stat-normalization@1.byOrigin.range.法刺=中
    ZERO     0/1       0.0%  enum:config#config.stat-normalization@1.byOrigin.range.法刺=大
    ZERO     0/1       0.0%  enum:config#config.stat-normalization@1.byOrigin.range.法刺=極大
    ZERO     0/1       0.0%  enum:config#config.stat-normalization@1.byOrigin.range.法刺=極小
    ZERO     0/1       0.0%  enum:config#config.stat-normalization@1.byOrigin.range.法師=大
    ZERO     0/1       0.0%  enum:config#config.stat-normalization@1.byOrigin.range.法師=小
    ZERO     0/1       0.0%  enum:config#config.stat-normalization@1.byOrigin.range.法師=極大
    ZERO     0/1       0.0%  enum:config#config.stat-normalization@1.byOrigin.range.法師=極小
    ZERO     0/1       0.0%  enum:config#config.stat-normalization@1.byOrigin.range.法鬥=大
    ZERO     0/1       0.0%  enum:config#config.stat-normalization@1.byOrigin.range.法鬥=小
    ZERO     0/1       0.0%  enum:config#config.stat-normalization@1.byOrigin.range.法鬥=極大
    ZERO     0/1       0.0%  enum:config#config.stat-normalization@1.byOrigin.range.法鬥=極小
    ZERO     0/1       0.0%  enum:config#config.stat-normalization@1.byOrigin.range.狂戰=中
    ZERO     0/1       0.0%  enum:config#config.stat-normalization@1.byOrigin.range.狂戰=大
    ZERO     0/1       0.0%  enum:config#config.stat-normalization@1.byOrigin.range.狂戰=極大
    ZERO     0/1       0.0%  enum:config#config.stat-normalization@1.byOrigin.range.狂戰=極小
    ZERO     0/1       0.0%  enum:config#config.stat-normalization@1.byOrigin.range.砲手=中
    ZERO     0/1       0.0%  enum:config#config.stat-normalization@1.byOrigin.range.砲手=大
    ZERO     0/1       0.0%  enum:config#config.stat-normalization@1.byOrigin.range.砲手=小
    ZERO     0/1       0.0%  enum:config#config.stat-normalization@1.byOrigin.range.砲手=極小
    ZERO     0/1       0.0%  enum:config#config.stat-normalization@1.byOrigin.range.硬輔=大
    ZERO     0/1       0.0%  enum:config#config.stat-normalization@1.byOrigin.range.硬輔=小
    ZERO     0/1       0.0%  enum:config#config.stat-normalization@1.byOrigin.range.硬輔=極大
    ZERO     0/1       0.0%  enum:config#config.stat-normalization@1.byOrigin.range.硬輔=極小
    ZERO     0/1       0.0%  enum:config#config.stat-normalization@1.byOrigin.range.軟輔=大
    ZERO     0/1       0.0%  enum:config#config.stat-normalization@1.byOrigin.range.軟輔=小
    ZERO     0/1       0.0%  enum:config#config.stat-normalization@1.byOrigin.range.軟輔=極大
    ZERO     0/1       0.0%  enum:config#config.stat-normalization@1.byOrigin.range.軟輔=極小
    ZERO     0/1       0.0%  enum:config#config.stat-normalization@1.byOrigin.range.鬥士=大
    ZERO     0/1       0.0%  enum:config#config.stat-normalization@1.byOrigin.range.鬥士=小
    ZERO     0/1       0.0%  enum:config#config.stat-normalization@1.byOrigin.range.鬥士=極大
    ZERO     0/1       0.0%  enum:config#config.stat-normalization@1.byOrigin.range.鬥士=極小
    ZERO     0/1       0.0%  enum:config#config.stat-normalization@1.channel.ad=baseStats
    ZERO     0/1       0.0%  enum:config#config.stat-normalization@1.channel.ap=baseStats
    ZERO     0/1       0.0%  enum:config#config.stat-normalization@1.channel.armor=baseStats
    ZERO     0/1       0.0%  enum:config#config.stat-normalization@1.channel.as=baseStats
    ZERO     0/1       0.0%  enum:config#config.stat-normalization@1.channel.healthRegen=baseStats
    ZERO     0/1       0.0%  enum:config#config.stat-normalization@1.channel.manaRegen=baseStats
    ZERO     0/1       0.0%  enum:config#config.stat-normalization@1.channel.maxHealth=baseStats
    ZERO     0/1       0.0%  enum:config#config.stat-normalization@1.channel.maxMana=baseStats
    ZERO     0/1       0.0%  enum:config#config.stat-normalization@1.channel.mr=baseStats
    ZERO     0/1       0.0%  enum:config#config.stat-normalization@1.channel.ms=growth
    ZERO     0/1       0.0%  enum:config#config.stat-normalization@1.channel.range=growth
    ZERO     0/1       0.0%  enum:config#config.stat-normalization@1.mode=legacy
    ZERO     0/1       0.0%  enum:config#config.stat-normalization@1.scaleByOrigin.range.坦克=ranged
    ZERO     0/1       0.0%  enum:config#config.stat-normalization@1.scaleByOrigin.range.射手=melee
    ZERO     0/1       0.0%  enum:config#config.stat-normalization@1.scaleByOrigin.range.法刺=ranged
    ZERO     0/1       0.0%  enum:config#config.stat-normalization@1.scaleByOrigin.range.法師=melee
    ZERO     0/1       0.0%  enum:config#config.stat-normalization@1.scaleByOrigin.range.法鬥=ranged
    ZERO     0/1       0.0%  enum:config#config.stat-normalization@1.scaleByOrigin.range.狂戰=ranged
    ZERO     0/1       0.0%  enum:config#config.stat-normalization@1.scaleByOrigin.range.砲手=melee
    ZERO     0/1       0.0%  enum:config#config.stat-normalization@1.scaleByOrigin.range.硬輔=ranged
    ZERO     0/1       0.0%  enum:config#config.stat-normalization@1.scaleByOrigin.range.軟輔=melee
    ZERO     0/1       0.0%  enum:config#config.stat-normalization@1.scaleByOrigin.range.鬥士=ranged
    ZERO     0/1       0.0%  enum:config#config.store@1.randomPickOwnership=whitelist
    ZERO     0/1       0.0%  enum:config#config.taunt@1.capOrder=id
    ZERO     0/1       0.0%  enum:config#config.taunt@1.capOrder=lowestHp
    ZERO     0/1       0.0%  enum:config#config.taunt@1.conflictMode=longest
    ZERO     0/1       0.0%  enum:config#config.taunt@1.mobTauntMode=nearestFirst
    ZERO     0/1       0.0%  enum:config#config.taunt@1.priority=aboveThreatOnly
    ZERO     0/1       0.0%  enum:config#config.ugc@1.publishMode=next-match
    ZERO     0/1       0.0%  enum:config#config.ui-cues@1.coinThrowButtonMode=grey-when-poor
    ZERO     0/1       0.0%  enum:config#config.ui-cues@1.telegraphGroundShape=circle
    ZERO     0/1       0.0%  enum:config#config.unsafe-textures@1.textures[].status=quarantined
    ZERO     0/1       0.0%  enum:config#config.valhalla-sandbox@1.movementLock=input
    ZERO     0/1       0.0%  enum:config#config.vfx-ability-art@1.bindings{}.prim.size=lg
    ZERO     0/1       0.0%  enum:config#config.vfx-ability-art@1.bindings{}.prim.size=md
    ZERO     0/1       0.0%  enum:config#config.vfx-cleanup@1.roundPurgeMode=off
    ZERO     0/1       0.0%  enum:config#config.vfx-cleanup@1.roundPurgeMode=soft
    ZERO     0/1       0.0%  enum:config#config.vfx-cleanup@1.vfxHardCapScope=managed
    ZERO     0/1       0.0%  enum:config#config.vfx-cleanup@1.vfxHardCapScope=off
    ZERO     0/1       0.0%  enum:config#config.vfx-families@1.castHeightSource=family
    ZERO     0/1       0.0%  enum:config#config.vfx-families@1.castHeightSource=flat
    ZERO     0/1       0.0%  enum:config#config.vfx-families@1.families{}.groundDecal=dirt
    ZERO     0/1       0.0%  enum:config#config.vfx-families@1.families{}.groundDecal=none
    ZERO     0/1       0.0%  enum:config#config.vfx-families@1.families{}.groundDecal=scorch
    ZERO     0/2       0.0%  enum:config#config.vfx-families@1.families{}.primitive=summon
    ZERO     0/1       0.0%  enum:config#config.victory-podium@1.clipBronze=celebrate
    ZERO     0/1       0.0%  enum:config#config.victory-podium@1.clipBronze=death
    ZERO     0/1       0.0%  enum:config#config.victory-podium@1.clipGold=death
    ZERO     0/1       0.0%  enum:config#config.victory-podium@1.clipGold=idle
    ZERO     0/1       0.0%  enum:config#config.victory-podium@1.clipSilver=celebrate
    ZERO     0/1       0.0%  enum:config#config.victory-podium@1.clipSilver=death
    ZERO     0/1       0.0%  enum:config#config.victory-podium@1.podiumFill=opponents
    ZERO     0/1       0.0%  enum:config#config.victory-podium@1.podiumLayout=rank
    ZERO     0/1       0.0%  enum:config#config.victory-podium@1.podiumLayout=soloWinner
    ZERO     0/1       0.0%  enum:config#config.victory-podium@1.podiumScope=allFought
    ZERO     0/1       0.0%  enum:config#config.victory-podium@1.podiumZoneSource=spectated
    ZERO     0/1       0.0%  enum:config#config.victory-podium@1.roundWinLine=quote
    ZERO     0/1       0.0%  enum:config#config.victory-podium@1.roundWinLine=taunt
    ZERO     0/1       0.0%  enum:config#config.wounds@1.stackMode=multiply
    ZERO     0/142     0.0%  enum:items.craftRole=direct
    ZERO     0/142     0.0%  enum:items.craftRole=token
    ZERO     0/2       0.0%  enum:items.modifiers[].requires.primaryStat=AGI
    ZERO     0/7       0.0%  enum:maps.gimmick.kind=none
    ZERO     0/7       0.0%  enum:maps.groundStyle=sand
    ZERO     0/7       0.0%  enum:maps.interactions[].kind=channel
    ZERO     0/7       0.0%  enum:models.fxLongAxis=z
    ZERO     0/3       0.0%  enum:vfx#vfx@1.orient.yawFrom=world
    ZERO     0/10      0.0%  enum:vfx-scripts.segments[]|1#anim.on=projectileHit
    ZERO     0/10      0.0%  enum:vfx-scripts.segments[]|1#anim.on=projectileSpawn
    ZERO     0/10      0.0%  enum:vfx-scripts.segments[]|1#anim.on=reflectSuccess
    ZERO     0/3       0.0%  enum:vfx-scripts.segments[]|1#anim.pulse=attack
    ZERO     0/3       0.0%  enum:vfx-scripts.segments[]|1#anim.pulse=dodge
    ZERO     0/3       0.0%  enum:vfx-scripts.segments[]|1#anim.pulse=guard
    ZERO     0/3       0.0%  enum:vfx-scripts.segments[]|1#floatingText.at=caster
    ZERO     0/2       0.0%  enum:vfx-scripts.segments[]|1#hideBody.at=target
    ZERO     0/9       0.0%  enum:vfx-scripts.segments[]|1#modelFx.path=forward
    ZERO     0/9       0.0%  enum:vfx-scripts.segments[]|1#modelFx.path=orbit
    ZERO     0/9       0.0%  enum:vfx-scripts.segments[]|1#modelFx.path=radial
    ZERO     0/9       0.0%  enum:vfx-scripts.segments[]|1#modelFx.path=toTarget
             1/10     10.0%  enum:abilities.augment.targets[].ops[].mode=set
             1/10     10.0%  enum:abilities.augment.targets[].ops[].op=durationSec
             1/10     10.0%  enum:abilities.augment.targets[].ops[].op=procChance
             1/26      3.8%  enum:abilities.effects[]#applyBuff.condition|0|2|1.stat=ap
             1/26      3.8%  enum:abilities.effects[]#applyBuff.condition|0|2|1.stat=level
             1/3      33.3%  enum:abilities.effects[]#applyBuff.condition|0|3.is=mobBoss
             1/3      33.3%  enum:abilities.effects[]#applyBuff.condition|0|3.is=mobSpecial
             1/7      14.3%  enum:abilities.effects[]#applyBuff.condition|0|6|1.slot=Q
             1/8      12.5%  enum:abilities.effects[]#applyBuff.condition|0|9.slot=Q
             1/1     100.0%  enum:abilities.effects[]#applyBuff.critStrike.empowers=ownProcOnly
             1/1     100.0%  enum:abilities.effects[]#applyBuff.critStrike.lifestealMode=replace
             1/3      33.3%  enum:abilities.effects[]#applyBuff.damageTypeOverride.applyAt=beforeGates
             1/7      14.3%  enum:abilities.effects[]#applyBuff.damageTypeOverride.becomes=magic
             1/7      14.3%  enum:abilities.effects[]#applyBuff.damageTypeOverride.becomes=physical
             1/1     100.0%  enum:abilities.effects[]#applyBuff.deathWard.beneficiary=owner
             1/1     100.0%  enum:abilities.effects[]#applyBuff.deathWard.stacking=max
             1/1     100.0%  enum:abilities.effects[]#applyBuff.hooks[].chanceFrom.attr=agi
             1/1     100.0%  enum:abilities.effects[]#applyBuff.hooks[].chanceFrom.basis=total
             1/246     0.4%  enum:abilities.effects[]#applyBuff.hooks[].on=onAllyDamaged
             1/246     0.4%  enum:abilities.effects[]#applyBuff.hooks[].on=onBossSpawn
             1/246     0.4%  enum:abilities.effects[]#applyBuff.hooks[].on=onCrowdControlReceived
             1/246     0.4%  enum:abilities.effects[]#applyBuff.hooks[].on=onDashOrBlink
             1/246     0.4%  enum:abilities.effects[]#applyBuff.hooks[].on=onFireRingIgnite
             1/246     0.4%  enum:abilities.effects[]#applyBuff.hooks[].on=onOverheal
             1/246     0.4%  enum:abilities.effects[]#applyBuff.hooks[].on=onUltimateCast
             1/3      33.3%  enum:abilities.effects[]#applyBuff.maxStat.basis=final
             1/553     0.2%  enum:abilities.effects[]#applyBuff.maxStat.stat=maxHitPctMaxHp
             1/553     0.2%  enum:abilities.effects[]#applyBuff.maxStat.stat=unavoidablePct
             1/1     100.0%  enum:abilities.effects[]#applyBuff.modifiers[].fromResource=mp
             1/1     100.0%  enum:abilities.effects[]#applyBuff.penetration.scope=basic
             1/14      7.1%  enum:abilities.effects[]#applyBuff.permanentScope=match
             1/2      50.0%  enum:abilities.effects[]#applyStatus.refresh=extend
             1/2      50.0%  enum:abilities.effects[]#applyStatus.refresh=keep
             1/1     100.0%  enum:abilities.effects[]#carry.onCarrierDeath=release
             1/1     100.0%  enum:abilities.effects[]#carry.shape=circle
             1/1     100.0%  enum:abilities.effects[]#carry.side=allies
             1/1     100.0%  enum:abilities.effects[]#chainLightning.amount.attrRatios[].attr=str
             1/1     100.0%  enum:abilities.effects[]#chainLightning.amount.attrRatios[].basis=total
             1/5      20.0%  enum:abilities.effects[]#chainLightning.onHitTargetsMode=batch
             1/1     100.0%  enum:abilities.effects[]#convertTeam.shape=single
             1/1     100.0%  enum:abilities.effects[]#convertTeam.until=death
             1/1     100.0%  enum:abilities.effects[]#cycleBuff.applyTo=self
             1/1     100.0%  enum:abilities.effects[]#damage.refund.basis=hpLost
             1/2      50.0%  enum:abilities.effects[]#damage.refund.resource=health
             1/2      50.0%  enum:abilities.effects[]#damage.refund.resource=mana
             1/26      3.8%  enum:abilities.effects[]#damage.resourcePct.basis=missing
             1/3      33.3%  enum:abilities.effects[]#damage.resourcePct.scale=points
             1/37      2.7%  enum:abilities.effects[]#damageLine.fromSummonSlot=PASSIVE
             1/14      7.1%  enum:abilities.effects[]#delayed.targetMode=frozen
             1/7      14.3%  enum:abilities.effects[]#devour.victim=champion
             1/23      4.3%  enum:abilities.effects[]#dot.stacking=independent
             1/5      20.0%  enum:abilities.effects[]#eventValueConversion.to=health
             1/1     100.0%  enum:abilities.effects[]#grantXp.to=self
             1/1     100.0%  enum:abilities.effects[]#manaBarrier.shape=single
             1/1     100.0%  enum:abilities.effects[]#manaBarrier.who=self
             1/1     100.0%  enum:abilities.effects[]#modifyCooldown.hookScope=originSource
             1/1     100.0%  enum:abilities.effects[]#modifyCooldown.target=hookInternalCooldown
             1/1     100.0%  enum:abilities.effects[]#swapResource.resource=health
             1/1     100.0%  enum:abilities.effects[]#swapResource.shape=single
             1/1     100.0%  enum:abilities.effects[]#taunt.forcedTarget=target
             1/1     100.0%  enum:abilities.effects[]#taunt.side=allies
             1/3      33.3%  enum:abilities.marks[].resetOn=match
             1/1     100.0%  enum:abilities.passive.ranks[].auras[].scaleByNearby.count=ally
             1/52      1.9%  enum:ability-templates.params{}.type=applyBuff
             1/52      1.9%  enum:ability-templates.params{}.type=boolean
             1/52      1.9%  enum:ability-templates.params{}.type=buffPerRank
             1/52      1.9%  enum:ability-templates.params{}.type=hooks
             1/52      1.9%  enum:ability-templates.params{}.type=recast
             1/52      1.9%  enum:ability-templates.params{}.type=spawnModelFx
             1/52      1.9%  enum:ability-templates.params{}.type=text
             1/13      7.7%  enum:arenas.groundStyle=obsidian
             1/13      7.7%  enum:arenas.groundStyle=sand
             1/13      7.7%  enum:arenas.groundStyle=tatami
             1/13      7.7%  enum:arenas.groundStyle=wood
             1/20      5.0%  enum:arenas.scenery.props[].facing=fixed
             1/1     100.0%  enum:arenas.zones[].gateHolds[].mode=open
             1/7      14.3%  enum:arenas.zones[].interactions[].kind=toggleGate
             1/19      5.3%  enum:augments.eligibility.excludeSelfMechanic[]=burn
             1/19      5.3%  enum:augments.eligibility.excludeSelfMechanic[]=flight
             1/19      5.3%  enum:augments.eligibility.excludeSelfMechanic[]=shield
             1/1     100.0%  enum:augments.eligibility.onlyAttackType=ranged
             1/9      11.1%  enum:augments.eligibility.requiresModeFeature[]=boss
             1/9      11.1%  enum:augments.eligibility.requiresModeFeature[]=fireRing
             1/9      11.1%  enum:augments.eligibility.requiresModeFeature[]=mobs
             1/9      11.1%  enum:augments.eligibility.requiresModeFeature[]=neutralObjects
             1/49      2.0%  enum:champions.origin=砲手
             1/1     100.0%  enum:config#config.ambient-vfx@1.bindings{}[].whileToggle=W
             1/1     100.0%  enum:config#config.ap-damage-scaling@1.apRatioMode=stack
             1/1     100.0%  enum:config#config.ap-damage-scaling@1.scope=ability
             1/1     100.0%  enum:config#config.arena-rules@1.augmentTiers[].limitScope=champion
             1/1     100.0%  enum:config#config.arena-rules@1.augmentTiers[].table=gold
             1/1     100.0%  enum:config#config.arena-rules@1.augmentTiers[].table=prismatic
             1/1     100.0%  enum:config#config.arena-rules@1.draftConflict=round-roll
             1/1     100.0%  enum:config#config.arena-rules@1.grailDraft.legacyPool=exclude
             1/1     100.0%  enum:config#config.arena-rules@1.itemDraft.shortPoolMode=short
             1/1     100.0%  enum:config#config.arena-rules@1.mobWaves.boss.championSource=fixed
             1/1     100.0%  enum:config#config.arena-rules@1.mobWaves.boss.championSource=random
             1/1     100.0%  enum:config#config.arena-rules@1.mobWaves.boss.healthBarAnchor=top
             1/1     100.0%  enum:config#config.arena-rules@1.mobWaves.boss.healthBarReveal=summon
             1/1     100.0%  enum:config#config.arena-rules@1.mobWaves.boss.heroLevelSource=curve
             1/1     100.0%  enum:config#config.arena-rules@1.mobWaves.boss.king.learnRankMode=max
             1/1     100.0%  enum:config#config.arena-rules@1.mobWaves.boss.king.targetPreference=players
             1/1     100.0%  enum:config#config.arena-rules@1.mobWaves.boss.lastHitMode=bonus
             1/1     100.0%  enum:config#config.arena-rules@1.mobWaves.boss.maxPerRoundScope=zone
             1/1     100.0%  enum:config#config.arena-rules@1.mobWaves.roundHoldMobKinds=boss
             1/1     100.0%  enum:config#config.arena-rules@1.mobWaves.special.lastHitMode=bonus
             1/1     100.0%  enum:config#config.arena-rules@1.mobWaves.special.settlementMode=panel
             1/1     100.0%  enum:config#config.arena-rules@1.round11.waveTable.events[].kind=bombardment
             1/1     100.0%  enum:config#config.arena-rules@1.round11.waveTable.events[].kind=boss
             1/1     100.0%  enum:config#config.arena-rules@1.round11.waveTable.events[].kind=normal
             1/1     100.0%  enum:config#config.arena-rules@1.round11.waveTable.events[].kind=reviveCircle
             1/1     100.0%  enum:config#config.arena-rules@1.round11.waveTable.events[].kind=special
             1/1     100.0%  enum:config#config.audio-map@1.rankUpAudience=self
             1/1     100.0%  enum:config#config.audio-mix@1.voice.roundEndMachineVoice=off
             1/1     100.0%  enum:config#config.authoring-rules@1.proportionality.minDamageTier.單體.中=中
             1/1     100.0%  enum:config#config.authoring-rules@1.proportionality.minDamageTier.單體.大=大
             1/1     100.0%  enum:config#config.authoring-rules@1.proportionality.minDamageTier.單體.小=小
             1/1     100.0%  enum:config#config.authoring-rules@1.proportionality.minDamageTier.單體.極大=極大
             1/1     100.0%  enum:config#config.authoring-rules@1.proportionality.minDamageTier.單體.極小=極小
             1/1     100.0%  enum:config#config.authoring-rules@1.proportionality.minDamageTier.範圍.中=中
             1/1     100.0%  enum:config#config.authoring-rules@1.proportionality.minDamageTier.範圍.大=大
             1/1     100.0%  enum:config#config.authoring-rules@1.proportionality.minDamageTier.範圍.小=中
             1/1     100.0%  enum:config#config.authoring-rules@1.proportionality.minDamageTier.範圍.極大=極大
             1/1     100.0%  enum:config#config.authoring-rules@1.proportionality.minDamageTier.範圍.極小=小
             1/1     100.0%  enum:config#config.authoring-rules@1.proportionality.minDamageTier.變身.中=極小
             1/1     100.0%  enum:config#config.authoring-rules@1.proportionality.minDamageTier.變身.大=極小
             1/1     100.0%  enum:config#config.authoring-rules@1.proportionality.minDamageTier.變身.小=極小
             1/1     100.0%  enum:config#config.authoring-rules@1.proportionality.minDamageTier.變身.極大=極小
             1/1     100.0%  enum:config#config.authoring-rules@1.proportionality.minDamageTier.變身.極小=極小
             1/1     100.0%  enum:config#config.authoring-rules@1.proportionality.model=formula
             1/1     100.0%  enum:config#config.berserk@1.trigger=berserkGrantors
             1/1     100.0%  enum:config#config.block@1.stacking=independent
             1/1     100.0%  enum:config#config.boss-intro@1.dropOrder[]=description
             1/1     100.0%  enum:config#config.boss-intro@1.dropOrder[]=tips
             1/1     100.0%  enum:config#config.boss-intro@1.dropOrder[]=weaknesses
             1/1     100.0%  enum:config#config.cast-time@1.comboWindowFrom=commit
             1/1     100.0%  enum:config#config.champion-voices@1.champions{}.source=map-quip
             1/1     100.0%  enum:config#config.champion-voices@1.champions{}.source=none
             1/1     100.0%  enum:config#config.combo-strikes@1.families[].ownerKind=ability
             1/1     100.0%  enum:config#config.combo-strikes@1.families[].ownerKind=item
             1/1     100.0%  enum:config#config.combo-strikes@1.families[].ownerKind=map-mechanic
             1/1     100.0%  enum:config#config.combo-strikes@1.families[].ownerKind=orphan
             1/1     100.0%  enum:config#config.combo-strikes@1.families[].ownerKind=unit
             1/1     100.0%  enum:config#config.combo-strikes@1.families[].rhythm=literal-waits
             1/1     100.0%  enum:config#config.combo-strikes@1.families[].rhythm=loop-count-only
             1/1     100.0%  enum:config#config.combo-strikes@1.families[].rhythm=loop-expr
             1/1     100.0%  enum:config#config.combo-strikes@1.families[].shape=loop
             1/1     100.0%  enum:config#config.combo-strikes@1.families[].shape=per-step
             1/1     100.0%  enum:config#config.combo-strikes@1.families[].shape=tail
             1/1     100.0%  enum:config#config.content-load@1.policy=quarantine
             1/1     100.0%  enum:config#config.controller-scheme@1.schemes{}.aim.manualScoring=legacy-nearest-enemy
             1/1     100.0%  enum:config#config.controller-scheme@1.schemes{}.aim.manualScoring=weighted
             1/1     100.0%  enum:config#config.controller-scheme@1.schemes{}.bindings.*=ability:E
             1/1     100.0%  enum:config#config.controller-scheme@1.schemes{}.bindings.*=ability:EX
             1/1     100.0%  enum:config#config.controller-scheme@1.schemes{}.bindings.*=ability:PASSIVE
             1/1     100.0%  enum:config#config.controller-scheme@1.schemes{}.bindings.*=ability:Q
             1/1     100.0%  enum:config#config.controller-scheme@1.schemes{}.bindings.*=ability:R
             1/1     100.0%  enum:config#config.controller-scheme@1.schemes{}.bindings.*=ability:W
             1/1     100.0%  enum:config#config.controller-scheme@1.schemes{}.bindings.*=attackMove
             1/1     100.0%  enum:config#config.controller-scheme@1.schemes{}.bindings.*=basicAttack
             1/1     100.0%  enum:config#config.controller-scheme@1.schemes{}.bindings.*=cameraFollowToggle
             1/1     100.0%  enum:config#config.controller-scheme@1.schemes{}.bindings.*=cameraZoomStep
             1/1     100.0%  enum:config#config.controller-scheme@1.schemes{}.bindings.*=pvpFocus
             1/1     100.0%  enum:config#config.crit@1.stackMode=multiply
             1/1     100.0%  enum:config#config.damage-colors@1.blockFlashMode=steel
             1/1     100.0%  enum:config#config.damage-colors@1.outline.mode=incoming
             1/1     100.0%  enum:config#config.damage-colors@1.textAxis=damageType
             1/1     100.0%  enum:config#config.damage-rules@1.defaultAbilityDamageType=magic
             1/1     100.0%  enum:config#config.dispel@1.defaultOrder=newest
             1/1     100.0%  enum:config#config.displacement-tiers@1.wallBlock.blink=clamp
             1/1     100.0%  enum:config#config.displacement-tiers@1.wallBlock.leap=clamp
             1/1     100.0%  enum:config#config.gore@1.championStyles{}=stylized
             1/1     100.0%  enum:config#config.gore@1.style=blood
             1/1     100.0%  enum:config#config.hud-layout@1.goldLevelTouchLayout=strip
             1/1     100.0%  enum:config#config.hud-layout@1.heroPortrait=current-form
             1/1     100.0%  enum:config#config.item-card@1.markers{}=active
             1/1     100.0%  enum:config#config.item-card@1.markers{}=debuff
             1/1     100.0%  enum:config#config.item-card@1.markers{}=passive
             1/1     100.0%  enum:config#config.item-card@1.markers{}=stat
             1/1     100.0%  enum:config#config.lobby-layout@1.alreadyFriendMode=greyed-button
             1/1     100.0%  enum:config#config.lobby-layout@1.friendSort=online-first
             1/1     100.0%  enum:config#config.lobby-layout@1.nemesisSort=played
             1/1     100.0%  enum:config#config.lobby-layout@1.splitOrder[]=friends
             1/1     100.0%  enum:config#config.lobby-layout@1.splitOrder[]=leaderboard
             1/1     100.0%  enum:config#config.lobby-layout@1.splitOrder[]=nemesis
             1/1     100.0%  enum:config#config.lobby-layout@1.splitOrder[]=online
             1/1     100.0%  enum:config#config.lobby-layout@1.stackOrder[]=friends
             1/1     100.0%  enum:config#config.lobby-layout@1.stackOrder[]=leaderboard
             1/1     100.0%  enum:config#config.lobby-layout@1.stackOrder[]=nemesis
             1/1     100.0%  enum:config#config.lobby-layout@1.stackOrder[]=online
             1/1     100.0%  enum:config#config.lobby-rally@1.joinMode=opt-out
             1/1     100.0%  enum:config#config.map-report@1.maps[].issues[].kind=soft
             1/1     100.0%  enum:config#config.map-report@1.maps[].issues[].severity=warn
             1/1     100.0%  enum:config#config.map-spec@1.severity.chokepoints=warn
             1/1     100.0%  enum:config#config.map-spec@1.severity.deadEnds=warn
             1/1     100.0%  enum:config#config.map-spec@1.severity.interactions=warn
             1/1     100.0%  enum:config#config.map-spec@1.severity.loops=warn
             1/1     100.0%  enum:config#config.map-spec@1.severity.shortcuts=warn
             1/1     100.0%  enum:config#config.map-spec@1.severity.traversal=warn
             1/1     100.0%  enum:config#config.model-lod@1.adaptiveCostMode=frame
             1/1     100.0%  enum:config#config.model-lod@1.platformPolicy.phone=unsupported
             1/1     100.0%  enum:config#config.model-lod@1.presetTiers.auto=high
             1/1     100.0%  enum:config#config.model-lod@1.presetTiers.high=high
             1/1     100.0%  enum:config#config.model-lod@1.presetTiers.low=small
             1/1     100.0%  enum:config#config.model-lod@1.presetTiers.medium=mid
             1/1     100.0%  enum:config#config.per-level-bonus@1.perLevel{}.appliesTo=all
             1/1     100.0%  enum:config#config.regen@1.drainFloorMode=stop
             1/1     100.0%  enum:config#config.regen@1.pctMode=replace
             1/1     100.0%  enum:config#config.screen-fx@1.reducedMotionMode=weaken
             1/1     100.0%  enum:config#config.shield@1.absorbOrder=specificFirst
             1/1     100.0%  enum:config#config.shield@1.spellWardBlocksWholeCast=whole
             1/1     100.0%  enum:config#config.skill-normalize@1.damageColumnBasis=leaf
             1/1     100.0%  enum:config#config.skill-normalize@1.damageLeafScope=cast-amount
             1/1     100.0%  enum:config#config.skill-normalize@1.radiusColumnBasis=authored-node
             1/1     100.0%  enum:config#config.skill-normalize@1.snapPolicy=nearest
             1/1     100.0%  enum:config#config.speed-growth-tiers@1.ladder=A
             1/1     100.0%  enum:config#config.stat-normalization@1.appliesTo[]=ad
             1/1     100.0%  enum:config#config.stat-normalization@1.appliesTo[]=ap
             1/1     100.0%  enum:config#config.stat-normalization@1.appliesTo[]=armor
             1/1     100.0%  enum:config#config.stat-normalization@1.appliesTo[]=as
             1/1     100.0%  enum:config#config.stat-normalization@1.appliesTo[]=healthRegen
             1/1     100.0%  enum:config#config.stat-normalization@1.appliesTo[]=manaRegen
             1/1     100.0%  enum:config#config.stat-normalization@1.appliesTo[]=maxHealth
             1/1     100.0%  enum:config#config.stat-normalization@1.appliesTo[]=maxMana
             1/1     100.0%  enum:config#config.stat-normalization@1.appliesTo[]=mr
             1/1     100.0%  enum:config#config.stat-normalization@1.appliesTo[]=ms
             1/1     100.0%  enum:config#config.stat-normalization@1.appliesTo[]=range
             1/1     100.0%  enum:config#config.stat-normalization@1.byArchetype.ad.fighter=中
             1/1     100.0%  enum:config#config.stat-normalization@1.byArchetype.ad.mage=中
             1/1     100.0%  enum:config#config.stat-normalization@1.byArchetype.ad.marksman=中
             1/1     100.0%  enum:config#config.stat-normalization@1.byArchetype.ad.tank=中
             1/1     100.0%  enum:config#config.stat-normalization@1.byArchetype.ap.fighter=中
             1/1     100.0%  enum:config#config.stat-normalization@1.byArchetype.ap.mage=中
             1/1     100.0%  enum:config#config.stat-normalization@1.byArchetype.ap.marksman=中
             1/1     100.0%  enum:config#config.stat-normalization@1.byArchetype.ap.tank=中
             1/1     100.0%  enum:config#config.stat-normalization@1.byArchetype.armor.fighter=中
             1/1     100.0%  enum:config#config.stat-normalization@1.byArchetype.armor.mage=小
             1/1     100.0%  enum:config#config.stat-normalization@1.byArchetype.armor.marksman=小
             1/1     100.0%  enum:config#config.stat-normalization@1.byArchetype.armor.tank=大
             1/1     100.0%  enum:config#config.stat-normalization@1.byArchetype.as.fighter=中
             1/1     100.0%  enum:config#config.stat-normalization@1.byArchetype.as.mage=中
             1/1     100.0%  enum:config#config.stat-normalization@1.byArchetype.as.marksman=中
             1/1     100.0%  enum:config#config.stat-normalization@1.byArchetype.as.tank=中
             1/1     100.0%  enum:config#config.stat-normalization@1.byArchetype.healthRegen.fighter=中
             1/1     100.0%  enum:config#config.stat-normalization@1.byArchetype.healthRegen.mage=中
             1/1     100.0%  enum:config#config.stat-normalization@1.byArchetype.healthRegen.marksman=中
             1/1     100.0%  enum:config#config.stat-normalization@1.byArchetype.healthRegen.tank=中
             1/1     100.0%  enum:config#config.stat-normalization@1.byArchetype.manaRegen.fighter=中
             1/1     100.0%  enum:config#config.stat-normalization@1.byArchetype.manaRegen.mage=中
             1/1     100.0%  enum:config#config.stat-normalization@1.byArchetype.manaRegen.marksman=中
             1/1     100.0%  enum:config#config.stat-normalization@1.byArchetype.manaRegen.tank=中
             1/1     100.0%  enum:config#config.stat-normalization@1.byArchetype.maxHealth.fighter=中
             1/1     100.0%  enum:config#config.stat-normalization@1.byArchetype.maxHealth.mage=中
             1/1     100.0%  enum:config#config.stat-normalization@1.byArchetype.maxHealth.marksman=中
             1/1     100.0%  enum:config#config.stat-normalization@1.byArchetype.maxHealth.tank=中
             1/1     100.0%  enum:config#config.stat-normalization@1.byArchetype.maxMana.fighter=中
             1/1     100.0%  enum:config#config.stat-normalization@1.byArchetype.maxMana.mage=中
             1/1     100.0%  enum:config#config.stat-normalization@1.byArchetype.maxMana.marksman=中
             1/1     100.0%  enum:config#config.stat-normalization@1.byArchetype.maxMana.tank=中
             1/1     100.0%  enum:config#config.stat-normalization@1.byArchetype.mr.fighter=中
             1/1     100.0%  enum:config#config.stat-normalization@1.byArchetype.mr.mage=大
             1/1     100.0%  enum:config#config.stat-normalization@1.byArchetype.mr.marksman=小
             1/1     100.0%  enum:config#config.stat-normalization@1.byArchetype.mr.tank=小
             1/1     100.0%  enum:config#config.stat-normalization@1.byArchetype.ms.fighter=大
             1/1     100.0%  enum:config#config.stat-normalization@1.byArchetype.ms.mage=小
             1/1     100.0%  enum:config#config.stat-normalization@1.byArchetype.ms.marksman=中
             1/1     100.0%  enum:config#config.stat-normalization@1.byArchetype.ms.tank=小
             1/1     100.0%  enum:config#config.stat-normalization@1.byArchetype.range.fighter=中
             1/1     100.0%  enum:config#config.stat-normalization@1.byArchetype.range.mage=中
             1/1     100.0%  enum:config#config.stat-normalization@1.byArchetype.range.marksman=大
             1/1     100.0%  enum:config#config.stat-normalization@1.byArchetype.range.tank=中
             1/1     100.0%  enum:config#config.stat-normalization@1.byOrigin.ad.坦克=小
             1/1     100.0%  enum:config#config.stat-normalization@1.byOrigin.ad.射手=極大
             1/1     100.0%  enum:config#config.stat-normalization@1.byOrigin.ad.法刺=極小
             1/1     100.0%  enum:config#config.stat-normalization@1.byOrigin.ad.法師=小
             1/1     100.0%  enum:config#config.stat-normalization@1.byOrigin.ad.法鬥=大
             1/1     100.0%  enum:config#config.stat-normalization@1.byOrigin.ad.狂戰=大
             1/1     100.0%  enum:config#config.stat-normalization@1.byOrigin.ad.砲手=極大
             1/1     100.0%  enum:config#config.stat-normalization@1.byOrigin.ad.硬輔=小
             1/1     100.0%  enum:config#config.stat-normalization@1.byOrigin.ad.軟輔=小
             1/1     100.0%  enum:config#config.stat-normalization@1.byOrigin.ad.鬥士=大
             1/1     100.0%  enum:config#config.stat-normalization@1.byOrigin.ap.坦克=小
             1/1     100.0%  enum:config#config.stat-normalization@1.byOrigin.ap.射手=極小
             1/1     100.0%  enum:config#config.stat-normalization@1.byOrigin.ap.法刺=極大
             1/1     100.0%  enum:config#config.stat-normalization@1.byOrigin.ap.法師=大
             1/1     100.0%  enum:config#config.stat-normalization@1.byOrigin.ap.法鬥=大
             1/1     100.0%  enum:config#config.stat-normalization@1.byOrigin.ap.狂戰=小
             1/1     100.0%  enum:config#config.stat-normalization@1.byOrigin.ap.砲手=小
             1/1     100.0%  enum:config#config.stat-normalization@1.byOrigin.ap.硬輔=大
             1/1     100.0%  enum:config#config.stat-normalization@1.byOrigin.ap.軟輔=大
             1/1     100.0%  enum:config#config.stat-normalization@1.byOrigin.ap.鬥士=小
             1/1     100.0%  enum:config#config.stat-normalization@1.byOrigin.armor.坦克=極大
             1/1     100.0%  enum:config#config.stat-normalization@1.byOrigin.armor.射手=極小
             1/1     100.0%  enum:config#config.stat-normalization@1.byOrigin.armor.法刺=極小
             1/1     100.0%  enum:config#config.stat-normalization@1.byOrigin.armor.法師=小
             1/1     100.0%  enum:config#config.stat-normalization@1.byOrigin.armor.法鬥=小
             1/1     100.0%  enum:config#config.stat-normalization@1.byOrigin.armor.狂戰=小
             1/1     100.0%  enum:config#config.stat-normalization@1.byOrigin.armor.砲手=極小
             1/1     100.0%  enum:config#config.stat-normalization@1.byOrigin.armor.硬輔=大
             1/1     100.0%  enum:config#config.stat-normalization@1.byOrigin.armor.軟輔=小
             1/1     100.0%  enum:config#config.stat-normalization@1.byOrigin.armor.鬥士=中
             1/1     100.0%  enum:config#config.stat-normalization@1.byOrigin.as.坦克=小
             1/1     100.0%  enum:config#config.stat-normalization@1.byOrigin.as.射手=大
             1/1     100.0%  enum:config#config.stat-normalization@1.byOrigin.as.法刺=極小
             1/1     100.0%  enum:config#config.stat-normalization@1.byOrigin.as.法師=小
             1/1     100.0%  enum:config#config.stat-normalization@1.byOrigin.as.法鬥=小
             1/1     100.0%  enum:config#config.stat-normalization@1.byOrigin.as.狂戰=極大
             1/1     100.0%  enum:config#config.stat-normalization@1.byOrigin.as.砲手=小
             1/1     100.0%  enum:config#config.stat-normalization@1.byOrigin.as.硬輔=小
             1/1     100.0%  enum:config#config.stat-normalization@1.byOrigin.as.軟輔=小
             1/1     100.0%  enum:config#config.stat-normalization@1.byOrigin.as.鬥士=中
             1/1     100.0%  enum:config#config.stat-normalization@1.byOrigin.healthRegen.坦克=大
             1/1     100.0%  enum:config#config.stat-normalization@1.byOrigin.healthRegen.射手=小
             1/1     100.0%  enum:config#config.stat-normalization@1.byOrigin.healthRegen.法刺=小
             1/1     100.0%  enum:config#config.stat-normalization@1.byOrigin.healthRegen.法師=中
             1/1     100.0%  enum:config#config.stat-normalization@1.byOrigin.healthRegen.法鬥=中
             1/1     100.0%  enum:config#config.stat-normalization@1.byOrigin.healthRegen.狂戰=極大
             1/1     100.0%  enum:config#config.stat-normalization@1.byOrigin.healthRegen.砲手=小
             1/1     100.0%  enum:config#config.stat-normalization@1.byOrigin.healthRegen.硬輔=小
             1/1     100.0%  enum:config#config.stat-normalization@1.byOrigin.healthRegen.軟輔=大
             1/1     100.0%  enum:config#config.stat-normalization@1.byOrigin.healthRegen.鬥士=大
             1/1     100.0%  enum:config#config.stat-normalization@1.byOrigin.manaRegen.坦克=極小
             1/1     100.0%  enum:config#config.stat-normalization@1.byOrigin.manaRegen.射手=中
             1/1     100.0%  enum:config#config.stat-normalization@1.byOrigin.manaRegen.法刺=小
             1/1     100.0%  enum:config#config.stat-normalization@1.byOrigin.manaRegen.法師=中
             1/1     100.0%  enum:config#config.stat-normalization@1.byOrigin.manaRegen.法鬥=中
             1/1     100.0%  enum:config#config.stat-normalization@1.byOrigin.manaRegen.狂戰=極小
             1/1     100.0%  enum:config#config.stat-normalization@1.byOrigin.manaRegen.砲手=小
             1/1     100.0%  enum:config#config.stat-normalization@1.byOrigin.manaRegen.硬輔=小
             1/1     100.0%  enum:config#config.stat-normalization@1.byOrigin.manaRegen.軟輔=大
             1/1     100.0%  enum:config#config.stat-normalization@1.byOrigin.manaRegen.鬥士=中
             1/1     100.0%  enum:config#config.stat-normalization@1.byOrigin.maxHealth.坦克=大
             1/1     100.0%  enum:config#config.stat-normalization@1.byOrigin.maxHealth.射手=小
             1/1     100.0%  enum:config#config.stat-normalization@1.byOrigin.maxHealth.法刺=極小
             1/1     100.0%  enum:config#config.stat-normalization@1.byOrigin.maxHealth.法師=中
             1/1     100.0%  enum:config#config.stat-normalization@1.byOrigin.maxHealth.法鬥=中
             1/1     100.0%  enum:config#config.stat-normalization@1.byOrigin.maxHealth.狂戰=小
             1/1     100.0%  enum:config#config.stat-normalization@1.byOrigin.maxHealth.砲手=極小
             1/1     100.0%  enum:config#config.stat-normalization@1.byOrigin.maxHealth.硬輔=大
             1/1     100.0%  enum:config#config.stat-normalization@1.byOrigin.maxHealth.軟輔=小
             1/1     100.0%  enum:config#config.stat-normalization@1.byOrigin.maxHealth.鬥士=中
             1/1     100.0%  enum:config#config.stat-normalization@1.byOrigin.maxMana.坦克=極小
             1/1     100.0%  enum:config#config.stat-normalization@1.byOrigin.maxMana.射手=中
             1/1     100.0%  enum:config#config.stat-normalization@1.byOrigin.maxMana.法刺=小
             1/1     100.0%  enum:config#config.stat-normalization@1.byOrigin.maxMana.法師=中
             1/1     100.0%  enum:config#config.stat-normalization@1.byOrigin.maxMana.法鬥=中
             1/1     100.0%  enum:config#config.stat-normalization@1.byOrigin.maxMana.狂戰=極小
             1/1     100.0%  enum:config#config.stat-normalization@1.byOrigin.maxMana.砲手=小
             1/1     100.0%  enum:config#config.stat-normalization@1.byOrigin.maxMana.硬輔=小
             1/1     100.0%  enum:config#config.stat-normalization@1.byOrigin.maxMana.軟輔=小
             1/1     100.0%  enum:config#config.stat-normalization@1.byOrigin.maxMana.鬥士=中
             1/1     100.0%  enum:config#config.stat-normalization@1.byOrigin.mr.坦克=極大
             1/1     100.0%  enum:config#config.stat-normalization@1.byOrigin.mr.射手=極小
             1/1     100.0%  enum:config#config.stat-normalization@1.byOrigin.mr.法刺=極小
             1/1     100.0%  enum:config#config.stat-normalization@1.byOrigin.mr.法師=小
             1/1     100.0%  enum:config#config.stat-normalization@1.byOrigin.mr.法鬥=小
             1/1     100.0%  enum:config#config.stat-normalization@1.byOrigin.mr.狂戰=小
             1/1     100.0%  enum:config#config.stat-normalization@1.byOrigin.mr.砲手=極小
             1/1     100.0%  enum:config#config.stat-normalization@1.byOrigin.mr.硬輔=大
             1/1     100.0%  enum:config#config.stat-normalization@1.byOrigin.mr.軟輔=小
             1/1     100.0%  enum:config#config.stat-normalization@1.byOrigin.mr.鬥士=中
             1/1     100.0%  enum:config#config.stat-normalization@1.byOrigin.ms.坦克=小
             1/1     100.0%  enum:config#config.stat-normalization@1.byOrigin.ms.射手=中
             1/1     100.0%  enum:config#config.stat-normalization@1.byOrigin.ms.法刺=大
             1/1     100.0%  enum:config#config.stat-normalization@1.byOrigin.ms.法師=中
             1/1     100.0%  enum:config#config.stat-normalization@1.byOrigin.ms.法鬥=小
             1/1     100.0%  enum:config#config.stat-normalization@1.byOrigin.ms.狂戰=大
             1/1     100.0%  enum:config#config.stat-normalization@1.byOrigin.ms.砲手=大
             1/1     100.0%  enum:config#config.stat-normalization@1.byOrigin.ms.硬輔=小
             1/1     100.0%  enum:config#config.stat-normalization@1.byOrigin.ms.軟輔=小
             1/1     100.0%  enum:config#config.stat-normalization@1.byOrigin.ms.鬥士=中
             1/1     100.0%  enum:config#config.stat-normalization@1.byOrigin.range.坦克=小
             1/1     100.0%  enum:config#config.stat-normalization@1.byOrigin.range.射手=中
             1/1     100.0%  enum:config#config.stat-normalization@1.byOrigin.range.法刺=小
             1/1     100.0%  enum:config#config.stat-normalization@1.byOrigin.range.法師=中
             1/1     100.0%  enum:config#config.stat-normalization@1.byOrigin.range.法鬥=中
             1/1     100.0%  enum:config#config.stat-normalization@1.byOrigin.range.狂戰=小
             1/1     100.0%  enum:config#config.stat-normalization@1.byOrigin.range.砲手=極大
             1/1     100.0%  enum:config#config.stat-normalization@1.byOrigin.range.硬輔=中
             1/1     100.0%  enum:config#config.stat-normalization@1.byOrigin.range.軟輔=中
             1/1     100.0%  enum:config#config.stat-normalization@1.byOrigin.range.鬥士=中
             1/1     100.0%  enum:config#config.stat-normalization@1.channel.ad=growth
             1/1     100.0%  enum:config#config.stat-normalization@1.channel.ap=growth
             1/1     100.0%  enum:config#config.stat-normalization@1.channel.armor=growth
             1/1     100.0%  enum:config#config.stat-normalization@1.channel.as=growth
             1/1     100.0%  enum:config#config.stat-normalization@1.channel.healthRegen=growth
             1/1     100.0%  enum:config#config.stat-normalization@1.channel.manaRegen=growth
             1/1     100.0%  enum:config#config.stat-normalization@1.channel.maxHealth=growth
             1/1     100.0%  enum:config#config.stat-normalization@1.channel.maxMana=growth
             1/1     100.0%  enum:config#config.stat-normalization@1.channel.mr=growth
             1/1     100.0%  enum:config#config.stat-normalization@1.channel.ms=baseStats
             1/1     100.0%  enum:config#config.stat-normalization@1.channel.range=baseStats
             1/1     100.0%  enum:config#config.stat-normalization@1.mode=normalized
             1/1     100.0%  enum:config#config.stat-normalization@1.scaleByOrigin.range.坦克=melee
             1/1     100.0%  enum:config#config.stat-normalization@1.scaleByOrigin.range.射手=ranged
             1/1     100.0%  enum:config#config.stat-normalization@1.scaleByOrigin.range.法刺=melee
             1/1     100.0%  enum:config#config.stat-normalization@1.scaleByOrigin.range.法師=ranged
             1/1     100.0%  enum:config#config.stat-normalization@1.scaleByOrigin.range.法鬥=melee
             1/1     100.0%  enum:config#config.stat-normalization@1.scaleByOrigin.range.狂戰=melee
             1/1     100.0%  enum:config#config.stat-normalization@1.scaleByOrigin.range.砲手=ranged
             1/1     100.0%  enum:config#config.stat-normalization@1.scaleByOrigin.range.硬輔=melee
             1/1     100.0%  enum:config#config.stat-normalization@1.scaleByOrigin.range.軟輔=ranged
             1/1     100.0%  enum:config#config.stat-normalization@1.scaleByOrigin.range.鬥士=melee
             1/1     100.0%  enum:config#config.store@1.randomPickOwnership=block
             1/1     100.0%  enum:config#config.taunt@1.capOrder=nearest
             1/1     100.0%  enum:config#config.taunt@1.conflictMode=newest
             1/1     100.0%  enum:config#config.taunt@1.mobTauntMode=replace
             1/1     100.0%  enum:config#config.taunt@1.priority=absolute
             1/1     100.0%  enum:config#config.ugc@1.publishMode=immediate
             1/1     100.0%  enum:config#config.ui-cues@1.coinThrowButtonMode=always-enabled
             1/1     100.0%  enum:config#config.ui-cues@1.telegraphGroundShape=line
             1/1     100.0%  enum:config#config.unit-tints@1.units{}.source=slk-inherited
             1/1     100.0%  enum:config#config.unit-tints@1.units{}.source=w3u-base-inherited
             1/1     100.0%  enum:config#config.unit-tints@1.units{}.source=w3u-static
             1/1     100.0%  enum:config#config.unsafe-textures@1.textures[].safeBlendModes[]=additive
             1/1     100.0%  enum:config#config.unsafe-textures@1.textures[].safeBlendModes[]=alpha
             1/1     100.0%  enum:config#config.unsafe-textures@1.textures[].safeBlendModes[]=alphaKey
             1/1     100.0%  enum:config#config.unsafe-textures@1.textures[].safeBlendModes[]=modulate
             1/1     100.0%  enum:config#config.unsafe-textures@1.textures[].status=safe
             1/1     100.0%  enum:config#config.valhalla-sandbox@1.movementLock=anchor
             1/1     100.0%  enum:config#config.vfx-ability-art@1.bindings{}.family.paramSource=model
             1/1     100.0%  enum:config#config.vfx-ability-art@1.bindings{}.family.paramSource=ref
             1/1     100.0%  enum:config#config.vfx-ability-art@1.bindings{}.family.provenance=jass-literal
             1/1     100.0%  enum:config#config.vfx-ability-art@1.bindings{}.family.provenance=jass-spawn
             1/1     100.0%  enum:config#config.vfx-ability-art@1.bindings{}.family.provenance=stock-inherited
             1/1     100.0%  enum:config#config.vfx-ability-art@1.bindings{}.family.provenance=w3a-override
             1/1     100.0%  enum:config#config.vfx-ability-art@1.bindings{}.family.provenance=w3h-override
             1/1     100.0%  enum:config#config.vfx-ability-art@1.bindings{}.prim.size=sm
             1/1     100.0%  enum:config#config.vfx-ability-art@1.bindings{}.promoted.provenance=jass-literal
             1/1     100.0%  enum:config#config.vfx-ability-art@1.bindings{}.promoted.provenance=w3a-override
             1/1     100.0%  enum:config#config.vfx-ability-art@1.bindings{}.promoted.provenance=w3h-override
             1/1     100.0%  enum:config#config.vfx-cleanup@1.roundPurgeMode=full
             1/1     100.0%  enum:config#config.vfx-cleanup@1.vfxHardCapScope=scene
             1/2      50.0%  enum:config#config.vfx-families@1.abilities{}.family=blood
             1/2      50.0%  enum:config#config.vfx-families@1.abilities{}.family=missile
             1/2      50.0%  enum:config#config.vfx-families@1.abilities{}.family=portal
             1/2      50.0%  enum:config#config.vfx-families@1.abilities{}.family=starfall
             1/1     100.0%  enum:config#config.vfx-families@1.castHeightSource=ground
             1/2      50.0%  enum:config#config.vfx-families@1.families{}.element=ice
             1/2      50.0%  enum:config#config.vfx-families@1.families{}.element=ki
             1/2      50.0%  enum:config#config.vfx-families@1.families{}.element=nature
             1/2      50.0%  enum:config#config.vfx-families@1.families{}.element=physical
             1/2      50.0%  enum:config#config.vfx-families@1.families{}.element=sound
             1/1     100.0%  enum:config#config.vfx-families@1.families{}.groundDecal=crack
             1/2      50.0%  enum:config#config.vfx-families@1.families{}.primitive=column
             1/2      50.0%  enum:config#config.vfx-families@1.families{}.primitive=fall
             1/2      50.0%  enum:config#config.vfx-families@1.families{}.primitive=slash
             1/1     100.0%  enum:config#config.victory-podium@1.clipBronze=idle
             1/1     100.0%  enum:config#config.victory-podium@1.clipGold=celebrate
             1/1     100.0%  enum:config#config.victory-podium@1.clipSilver=idle
             1/1     100.0%  enum:config#config.victory-podium@1.podiumFill=shrink
             1/1     100.0%  enum:config#config.victory-podium@1.podiumLayout=centreFirst
             1/1     100.0%  enum:config#config.victory-podium@1.podiumScope=winnerTeam
             1/1     100.0%  enum:config#config.victory-podium@1.podiumZoneSource=localSeat
             1/1     100.0%  enum:config#config.victory-podium@1.roundWinLine=both
             1/1     100.0%  enum:config#config.victory-taunts@1.matchWin[].langs[]=en
             1/1     100.0%  enum:config#config.victory-taunts@1.matchWin[].langs[]=ja
             1/1     100.0%  enum:config#config.victory-taunts@1.matchWin[].langs[]=zh
             1/1     100.0%  enum:config#config.weather@1.arenas{}=clear
             1/1     100.0%  enum:config#config.weather@1.arenas{}=fog
             1/1     100.0%  enum:config#config.weather@1.arenas{}=indoor-damp
             1/1     100.0%  enum:config#config.weather@1.arenas{}=indoor-dry
             1/1     100.0%  enum:config#config.weather@1.arenas{}=rain
             1/1     100.0%  enum:config#config.weather@1.arenas{}=storm
             1/1     100.0%  enum:config#config.wounds@1.stackMode=max
             1/4      25.0%  enum:items.modifiers[].requires.onMismatch=reduced
             1/2      50.0%  enum:items.modifiers[].requires.primaryStat=INT
             1/2      50.0%  enum:items.modifiers[].requires.primaryStat=STR
             1/7      14.3%  enum:items.requiresAttackType=ranged
             1/7      14.3%  enum:maps.groundStyle=dirt
             1/7      14.3%  enum:maps.groundStyle=grass
             1/7      14.3%  enum:maps.groundStyle=obsidian
             1/7      14.3%  enum:maps.groundStyle=tatami
             1/7      14.3%  enum:maps.groundStyle=wood
             1/7      14.3%  enum:maps.interactions[].kind=toggleGate
             1/7      14.3%  enum:maps.template=ARENA_RING
             1/7      14.3%  enum:maps.template=CROSS_RING
             1/3      33.3%  enum:vfx-scripts.segments[]|1#anim.at=caster
             1/3      33.3%  enum:vfx-scripts.segments[]|1#anim.pulse=cast
             2/2     100.0%  enum:abilities.castTimeTier=小
             2/2     100.0%  enum:abilities.effects[]#applyBuff.block.lethalBasis=hpAndShields
             2/3      66.7%  enum:abilities.effects[]#applyBuff.condition|0|3.is=champion
             2/3      66.7%  enum:abilities.effects[]#applyBuff.damageTypeOverride.applyAt=afterGates
             2/2     100.0%  enum:abilities.effects[]#applyBuff.exclusiveOnExisting=replace
             2/2     100.0%  enum:abilities.effects[]#applyBuff.hooks[].consumeOn=fire
             2/2     100.0%  enum:abilities.effects[]#applyBuff.hooks[].critSource=thisSource
             2/9      22.2%  enum:abilities.effects[]#applyBuff.hooks[].damageSource=ability
             2/2     100.0%  enum:abilities.effects[]#applyBuff.hooks[].internalCooldownScope=perAbilitySlot
             2/246     0.8%  enum:abilities.effects[]#applyBuff.hooks[].on=onDeath
             2/246     0.8%  enum:abilities.effects[]#applyBuff.hooks[].on=onRevive
             2/246     0.8%  enum:abilities.effects[]#applyBuff.hooks[].on=onStatCapReached
             2/246     0.8%  enum:abilities.effects[]#applyBuff.hooks[].on=onStunned
             2/2     100.0%  enum:abilities.effects[]#applyBuff.hooks[].reflectedDamageSource=ability
             2/2     100.0%  enum:abilities.effects[]#applyBuff.hooks[].reflectedDamageType=magic
             2/44      4.5%  enum:abilities.effects[]#applyBuff.hooks[].victim=mob
             2/3      66.7%  enum:abilities.effects[]#applyBuff.maxStat.basis=thisSource
             2/553     0.4%  enum:abilities.effects[]#applyBuff.maxStat.stat=cooldownDrainRate
             2/21      9.5%  enum:abilities.effects[]#applyBuff.modifiers[].msBonusTier=中
             2/305     0.7%  enum:abilities.effects[]#applyBuff.modifiers[].op=capRaisePct
             2/2     100.0%  enum:abilities.effects[]#applyStatus.grantMark.lethal.restoreMode=restore
             2/24      8.3%  enum:abilities.effects[]#blink.to=markedUnit
             2/202     1.0%  enum:abilities.effects[]#chainLightning.amount.damageTier=極大
             2/2     100.0%  enum:abilities.effects[]#chainLightning.amount.slotRankRatios[].slot=E
             2/2     100.0%  enum:abilities.effects[]#chainLightning.amount.slotRankRatios[].slot=Q
             2/2     100.0%  enum:abilities.effects[]#chainLightning.amount.slotRankRatios[].slot=W
             2/4      50.0%  enum:abilities.effects[]#chainLightning.centre=caster
             2/4      50.0%  enum:abilities.effects[]#chainLightning.centre=point
             2/2     100.0%  enum:abilities.effects[]#comboStrikes.shape=single
             2/2     100.0%  enum:abilities.effects[]#comboStrikes.strikeReposition.who=caster
             2/3      66.7%  enum:abilities.effects[]#damage.resourcePct.scale=ratio
             2/11     18.2%  enum:abilities.effects[]#dash.distanceTier=大
             2/2     100.0%  enum:abilities.effects[]#delayed.advance.dir=facing
             2/2     100.0%  enum:abilities.effects[]#delayed.strikeReposition.who=victim
             2/7      28.6%  enum:abilities.effects[]#devour.shape=circle
             2/2     100.0%  enum:abilities.effects[]#devour.side=enemies
             2/6      33.3%  enum:abilities.effects[]#dispel.side=allies
             2/2     100.0%  enum:abilities.effects[]#dot.resourcePctPhase=onTick
             2/2     100.0%  enum:abilities.effects[]#extendBuff.shape=single
             2/2     100.0%  enum:abilities.effects[]#extendBuff.who=self
             2/2     100.0%  enum:abilities.effects[]#floatingText.driftFrom=casterFacing
             2/5      40.0%  enum:abilities.effects[]#grantAttribute.mode=pctOfCurrent
             2/2     100.0%  enum:abilities.effects[]#grantAttribute.store=source
             2/2     100.0%  enum:abilities.effects[]#knockback.applyTo=target
             2/12     16.7%  enum:abilities.effects[]#leap.applyTo=target
             2/12     16.7%  enum:abilities.effects[]#leap.mode=inPlace
             2/2     100.0%  enum:abilities.effects[]#modifyCooldown.basis=remaining
             2/6      33.3%  enum:abilities.effects[]#proxyCast.targetMode=inherit
             2/28      7.1%  enum:abilities.effects[]#restore.applyTo=target
             2/6      33.3%  enum:abilities.effects[]#shield.absorbs=all
             2/2     100.0%  enum:abilities.effects[]#shieldBreak.order=newest
             2/2     100.0%  enum:abilities.effects[]#shieldBreak.shape=single
             2/14     14.3%  enum:abilities.effects[]#spawnModelFx.path=fan
             2/14     14.3%  enum:abilities.effects[]#spawnModelFx.path=toTarget
             2/5      40.0%  enum:abilities.effects[]#weightedBranch.side=enemies
             2/43      4.7%  enum:abilities.hitFeel.sparkKind=block
             2/2     100.0%  enum:abilities.innateActivePassive=attach
             2/2     100.0%  enum:abilities.interruptOn=damage
             2/3      66.7%  enum:abilities.marks[].resetOn=round
             2/2     100.0%  enum:abilities.toggle.upkeepCadence=perAttack
             2/52      3.8%  enum:ability-templates.params{}.type=condition
             2/52      3.8%  enum:ability-templates.params{}.type=dot
             2/52      3.8%  enum:ability-templates.params{}.type=spawnVfx
             2/16     12.5%  enum:arenas.backdrop.layers[].profile=lightning
             2/16     12.5%  enum:arenas.backdrop.layers[].profile=sakura
             2/13     15.4%  enum:arenas.groundStyle=dirt
             2/13     15.4%  enum:arenas.groundStyle=grass
             2/9      22.2%  enum:augments.eligibility.requiresModeFeature[]=revive
             2/49      4.1%  enum:champions.origin=射手
             2/49      4.1%  enum:champions.origin=硬輔
             2/2     100.0%  enum:config#config.vfx-families@1.abilities{}.family=blink
             2/2     100.0%  enum:config#config.vfx-families@1.abilities{}.family=boltStrike
             2/2     100.0%  enum:config#config.vfx-families@1.abilities{}.family=breath
             2/2     100.0%  enum:config#config.vfx-families@1.abilities{}.family=burst
             2/2     100.0%  enum:config#config.vfx-families@1.abilities{}.family=cloud
             2/2     100.0%  enum:config#config.vfx-families@1.abilities{}.family=dissipate
             2/2     100.0%  enum:config#config.vfx-families@1.abilities{}.family=flamePillar
             2/2     100.0%  enum:config#config.vfx-families@1.abilities{}.family=groundDust
             2/2     100.0%  enum:config#config.vfx-families@1.abilities{}.family=levelUp
             2/2     100.0%  enum:config#config.vfx-families@1.abilities{}.family=lightColumn
             2/2     100.0%  enum:config#config.vfx-families@1.abilities{}.family=mark
             2/2     100.0%  enum:config#config.vfx-families@1.abilities{}.family=mirrorImage
             2/2     100.0%  enum:config#config.vfx-families@1.abilities{}.family=resurrect
             2/2     100.0%  enum:config#config.vfx-families@1.abilities{}.family=shine
             2/2     100.0%  enum:config#config.vfx-families@1.abilities{}.family=shockwaveRing
             2/2     100.0%  enum:config#config.vfx-families@1.abilities{}.family=tornado
             2/2     100.0%  enum:config#config.vfx-families@1.abilities{}.family=uncategorised
             2/2     100.0%  enum:config#config.vfx-families@1.families{}.element=arcane
             2/2     100.0%  enum:config#config.vfx-families@1.families{}.element=blood
             2/2     100.0%  enum:config#config.vfx-families@1.families{}.element=earth
             2/2     100.0%  enum:config#config.vfx-families@1.families{}.element=fire
             2/2     100.0%  enum:config#config.vfx-families@1.families{}.element=holy
             2/2     100.0%  enum:config#config.vfx-families@1.families{}.element=lightning
             2/2     100.0%  enum:config#config.vfx-families@1.families{}.element=void
             2/2     100.0%  enum:config#config.vfx-families@1.families{}.element=wind
             2/2     100.0%  enum:config#config.vfx-families@1.families{}.primitive=beam
             2/2     100.0%  enum:config#config.vfx-families@1.families{}.primitive=bolt
             2/2     100.0%  enum:config#config.vfx-families@1.families{}.primitive=dash
             2/2     100.0%  enum:config#config.vfx-families@1.families{}.primitive=explosion
             2/2     100.0%  enum:config#config.vfx-families@1.families{}.primitive=nova
             2/2     100.0%  enum:config#config.vfx-families@1.families{}.primitive=pulse
             2/2     100.0%  enum:config#config.vfx-families@1.families{}.primitive=shockwave
             2/2     100.0%  enum:config#config.vfx-families@1.families{}.primitive=swarm
             2/2     100.0%  enum:config#config.vfx-families@1.families{}.primitive=tornado
             2/142     1.4%  enum:items.craftRole=service
             2/4      50.0%  enum:items.modifiers[].requires.attackType=ranged
             2/7      28.6%  enum:maps.groundStyle=stone
             2/7      28.6%  enum:maps.template=DOUBLE_LOOP
             2/7      28.6%  enum:models.fxLongAxis=x
             2/2     100.0%  enum:vfx-scripts.segments[]|1#hideBody.at=caster
             3/26     11.5%  enum:abilities.effects[]#applyBuff.condition|0|2|1.stat=ad
             3/7      42.9%  enum:abilities.effects[]#applyBuff.damageTypeOverride.scope=ability
             3/3     100.0%  enum:abilities.effects[]#applyBuff.hooks[].damageCrit=crit
             3/3     100.0%  enum:abilities.effects[]#applyBuff.hooks[].onConsumed=detachSource
             3/553     0.5%  enum:abilities.effects[]#applyBuff.maxStat.stat=spellVamp
             3/13     23.1%  enum:abilities.effects[]#applyStatus.applyTo=target
             3/6      50.0%  enum:abilities.effects[]#damage.hpPct.basis=current
             3/6      50.0%  enum:abilities.effects[]#damage.hpPct.basis=max
             3/11     27.3%  enum:abilities.effects[]#dash.distanceTier=極小
             3/5      60.0%  enum:abilities.effects[]#grantAttribute.mode=flat
             3/21     14.3%  enum:abilities.effects[]#invulnerable.blocksDamage=none
             3/25     12.0%  enum:abilities.effects[]#knockback.from=pull
             3/7      42.9%  enum:abilities.effects[]#spendMana.applyTo=target
             3/3     100.0%  enum:abilities.effects[]#summon.formation=ring
             3/5      60.0%  enum:abilities.effects[]#weightedBranch.side=allies
             3/9      33.3%  enum:abilities.passive.ranks[].auras[].affects=ally
             3/52      5.8%  enum:ability-templates.params{}.type=effects
             3/52      5.8%  enum:ability-templates.params{}.type=statModifiers
             3/47      6.4%  enum:ability-templates.params{}.unit=wc3h
             3/16     18.8%  enum:arenas.backdrop.layers[].profile=peaks
             3/20     15.0%  enum:arenas.scenery.lighting.wave=flicker
             3/20     15.0%  enum:arenas.scenery.lighting.wave=storm
             3/9      33.3%  enum:augments.eligibility.requiresModeFeature[]=team
             3/71      4.2%  enum:champions.attributes.source=authored
             3/4      75.0%  enum:items.modifiers[].requires.attackType=melee
             3/4      75.0%  enum:items.modifiers[].requires.onMismatch=block
             3/7      42.9%  enum:maps.template=CENTRAL_RING
             3/696     0.4%  enum:vfx#ribbon@1.blendMode=alphaKey
             3/3     100.0%  enum:vfx#vfx@1.orient.yawFrom=aim
             3/3     100.0%  enum:vfx-scripts.segments[]|1#anim.at=target
             3/10     30.0%  enum:vfx-scripts.segments[]|1#anim.on=strike
             3/3     100.0%  enum:vfx-scripts.segments[]|1#anim.pulse=hurt
             3/3     100.0%  enum:vfx-scripts.segments[]|1#floatingText.at=target
             4/492     0.8%  enum:abilities.castType=dash
             4/22     18.2%  enum:abilities.effects[]#applyBuff.condition|0|2|0.mode=absolute
             4/4     100.0%  enum:abilities.effects[]#applyBuff.damageTypeOverride.impactType=original
             4/7      57.1%  enum:abilities.effects[]#applyBuff.damageTypeOverride.scope=basic
             4/186     2.2%  enum:abilities.effects[]#applyBuff.hooks[].target=allies
             4/202     2.0%  enum:abilities.effects[]#chainLightning.amount.damageTier=中
             4/5      80.0%  enum:abilities.effects[]#chainLightning.onHitTargetsMode=perTarget
             4/4     100.0%  enum:abilities.effects[]#chainLightning.shape=circle
             4/37     10.8%  enum:abilities.effects[]#damageLine.fromSummonSlot=EX
             4/13     30.8%  enum:abilities.effects[]#delayed.side=allies
             4/6      66.7%  enum:abilities.effects[]#dispel.side=enemies
             4/4     100.0%  enum:abilities.effects[]#eventValueConversion.basis=hpLost
             4/5      80.0%  enum:abilities.effects[]#eventValueConversion.to=mana
             4/16     25.0%  enum:abilities.effects[]#floatingText.applyTo=victim
             4/4     100.0%  enum:abilities.effects[]#grantGold.to=self
             4/17     23.5%  enum:abilities.effects[]#modifyCooldown.mode=reduce
             4/6      66.7%  enum:abilities.effects[]#proxyCast.targetMode=reresolve
             4/4     100.0%  enum:abilities.effects[]#revive.side=ally
             4/4     100.0%  enum:abilities.effects[]#revive.teamCharge=ignore
             4/28     14.3%  enum:abilities.effects[]#screenShake.applyTo=nearby
             4/28     14.3%  enum:abilities.effects[]#screenShake.shape=circle
             4/6      66.7%  enum:abilities.effects[]#shield.absorbs=magic
             4/14     28.6%  enum:abilities.effects[]#spawnModelFx.path=forward
             4/4     100.0%  enum:abilities.effects[]#spawnModelFx.touchSide=enemies
             4/7      57.1%  enum:abilities.effects[]#spendMana.applyTo=self
             4/4     100.0%  enum:abilities.effects[]#summon.at=point
             4/4     100.0%  enum:abilities.effects[]#summon.team=owner
             4/4     100.0%  enum:abilities.effects[]#weightedBranch.branches[].weightFrom.attr=agi
             4/43      9.3%  enum:abilities.hitFeel.sparkKind=ice
             4/16     25.0%  enum:arenas.backdrop.layers[].profile=pagoda
             4/16     25.0%  enum:arenas.backdrop.layers[].profile=torii
             4/49      8.2%  enum:champions.origin=坦克
             4/49      8.2%  enum:champions.origin=法刺
             4/49      8.2%  enum:champions.origin=狂戰
             4/49      8.2%  enum:champions.origin=軟輔
             4/4     100.0%  enum:vfx-scripts.yields[]=caster.castFx
             5/28     17.9%  enum:abilities.effects[]#applyBuff.condition|0|2|0.op=>
             5/7      71.4%  enum:abilities.effects[]#applyBuff.damageTypeOverride.becomes=true
             5/246     2.0%  enum:abilities.effects[]#applyBuff.hooks[].on=onAllyDeath
             5/246     2.0%  enum:abilities.effects[]#applyBuff.hooks[].on=onStatusApplied
             5/100     5.0%  enum:abilities.effects[]#blink.radiusTier=極大
             5/7      71.4%  enum:abilities.effects[]#devour.shape=single
             5/5     100.0%  enum:abilities.effects[]#dispel.order=newest
             5/5     100.0%  enum:abilities.effects[]#eventValueConversion.shape=single
             5/5     100.0%  enum:abilities.effects[]#eventValueConversion.source=incomingDamage
             5/5     100.0%  enum:abilities.effects[]#eventValueConversion.who=self
             5/7      71.4%  enum:abilities.effects[]#grantAttribute.attr=str
             5/5     100.0%  enum:abilities.effects[]#proxyCast.rankMode=casterRank
             5/9      55.6%  enum:abilities.effects[]#screenFlash.applyTo=all
             5/5     100.0%  enum:abilities.effects[]#summon.onOwnerDeath=despawn
             5/12     41.7%  enum:abilities.effects[]#weightedBranch.shape=circle
             5/123     4.1%  enum:abilities.radiusTier=極大
             5/16     31.3%  enum:arenas.backdrop.layers[].profile=shards
             5/13     38.5%  enum:arenas.groundStyle=stone
             5/7      71.4%  enum:maps.regions[].role=platform
             5/7      71.4%  enum:models.fxLongAxis=y
             5/21     23.8%  enum:projectiles.meshShape=orb
             5/10     50.0%  enum:vfx-scripts.segments[]|1#anim.on=castEffect
             5/10     50.0%  enum:vfx-scripts.segments[]|1#anim.on=castStart
             6/6     100.0%  enum:abilities.cooldownShape=單體
             6/28     21.4%  enum:abilities.effects[]#applyBuff.condition|0|2|0.op=<
             6/26     23.1%  enum:abilities.effects[]#applyBuff.condition|0|2|0.stat=mp
             6/6     100.0%  enum:abilities.effects[]#applyBuff.hooks[].damageType=magic
             6/44     13.6%  enum:abilities.effects[]#applyBuff.hooks[].victim=any
             6/21     28.6%  enum:abilities.effects[]#applyBuff.modifiers[].msBonusTier=大
             6/33     18.2%  enum:abilities.effects[]#championForm.to=toggle
             6/26     23.1%  enum:abilities.effects[]#damage.resourcePct.resource=mana
             6/11     54.5%  enum:abilities.effects[]#dash.distanceTier=極大
             6/18     33.3%  enum:abilities.effects[]#dash.mode=toPoint
             6/7      85.7%  enum:abilities.effects[]#devour.victim=any
             6/22     27.3%  enum:abilities.effects[]#dispel.shape=circle
             6/7      85.7%  enum:abilities.effects[]#grantAttribute.attr=agi
             6/7      85.7%  enum:abilities.effects[]#grantAttribute.attr=int
             6/9      66.7%  enum:abilities.effects[]#screenFlash.applyTo=self
             6/9      66.7%  enum:abilities.effects[]#screenFlash.applyTo=victim
             6/9      66.7%  enum:abilities.passive.ranks[].auras[].affects=enemy
             6/16     37.5%  enum:arenas.backdrop.layers[].profile=towers
             6/20     30.0%  enum:arenas.scenery.lighting.wave=breathe
             6/19     31.6%  enum:augments.eligibility.excludeSelfMechanic[]=evasion
             6/19     31.6%  enum:augments.eligibility.excludeSelfMechanic[]=reflect
             6/9      66.7%  enum:augments.eligibility.requiresAbilitySlots[]=E
             6/9      66.7%  enum:augments.eligibility.requiresAbilitySlots[]=Q
             6/9      66.7%  enum:augments.eligibility.requiresAbilitySlots[]=W
             6/49     12.2%  enum:champions.origin=法師
             6/142     4.2%  enum:items.craftRole=quest
             6/7      85.7%  enum:items.requiresAttackType=melee
             6/7      85.7%  enum:maps.regions[].role=outer
             7/7     100.0%  enum:abilities.effects[]#applyBuff.condition|0|6|1.slot=EX
             7/9      77.8%  enum:abilities.effects[]#applyBuff.hooks[].damageSource=basic
             7/246     2.8%  enum:abilities.effects[]#applyBuff.hooks[].on=onDamageDealt
             7/44     15.9%  enum:abilities.effects[]#applyBuff.hooks[].victim=enemy
             7/21     33.3%  enum:abilities.effects[]#applyBuff.modifiers[].msBonusTier=極小
             7/18     38.9%  enum:abilities.effects[]#dispel.polarity=buff
             7/23     30.4%  enum:abilities.effects[]#spawnModelFx.anchor=target
             7/7     100.0%  enum:abilities.effects[]#summon.body=self
             7/12     58.3%  enum:abilities.effects[]#weightedBranch.shape=single
             7/52     13.5%  enum:ability-templates.params{}.type=applyStatus
             7/52     13.5%  enum:ability-templates.params{}.type=rgb
             7/7     100.0%  enum:arenas.zones[].interactions[].kind=capture
             7/7     100.0%  enum:arenas.zones[].interactions[].kind=pickup
             7/7     100.0%  enum:maps.gimmick.kind=routeSwap
             7/7     100.0%  enum:maps.interactions[].kind=capture
             7/7     100.0%  enum:maps.interactions[].kind=pickup
             7/7     100.0%  enum:maps.regions[].role=corridor
             7/7     100.0%  enum:maps.regions[].role=court
             7/7     100.0%  enum:maps.regions[].role=landmark
             7/21     33.3%  enum:projectiles.meshShape=shard
             8/58     13.8%  enum:abilities.effects[]#applyBuff.applyTo=target
             8/28     28.6%  enum:abilities.effects[]#applyBuff.condition|0|2|0.op=>=
             8/8     100.0%  enum:abilities.effects[]#applyBuff.condition|0|9.slot=EX
             8/44     18.2%  enum:abilities.effects[]#applyBuff.hooks[].victim=champion
             8/553     1.4%  enum:abilities.effects[]#applyBuff.maxStat.stat=outputDamagePct
             8/553     1.4%  enum:abilities.effects[]#applyBuff.maxStat.stat=outputHealingPct
             8/553     1.4%  enum:abilities.effects[]#applyBuff.maxStat.stat=outputShieldPct
             8/21     38.1%  enum:abilities.effects[]#applyBuff.modifiers[].msBonusTier=小
             8/305     2.6%  enum:abilities.effects[]#applyBuff.modifiers[].op=percentOf
             8/48     16.7%  enum:abilities.effects[]#chainLightning.amount.damageTierPerRank[]=大
             8/8     100.0%  enum:abilities.effects[]#delayed.anchor=caster
             8/8     100.0%  enum:abilities.effects[]#proxyCast.payCosts=none
             8/8     100.0%  enum:abilities.effects[]#proxyCast.shape=single
             8/16     50.0%  enum:arenas.backdrop.layers[].profile=cloudSea
             8/20     40.0%  enum:arenas.scenery.lighting.wave=sweep
             8/9      88.9%  enum:augments.eligibility.requiresAbilitySlots[]=R
             9/10     90.0%  enum:abilities.augment.targets[].ops[].mode=add
             9/10     90.0%  enum:abilities.augment.targets[].ops[].op=damageCoeffAp
             9/305     3.0%  enum:abilities.effects[]#applyBuff.modifiers[].op=capRaise
             9/26     34.6%  enum:abilities.effects[]#damage.resourcePct.subject=self
             9/13     69.2%  enum:abilities.effects[]#delayed.side=enemies
             9/9     100.0%  enum:abilities.effects[]#screenFlash.shape=single
             9/257     3.5%  enum:abilities.manaCostTier=大
             9/49     18.4%  enum:champions.origin=法鬥
             9/21     42.9%  enum:projectiles.meshShape=bolt
             9/9     100.0%  enum:vfx-scripts.segments[]|1#modelFx.path=static
            10/246     4.1%  enum:abilities.effects[]#applyBuff.hooks[].on=onEvade
            10/35     28.6%  enum:abilities.effects[]#applyBuff.polarity=buff
            10/13     76.9%  enum:abilities.effects[]#applyStatus.applyTo=self
            10/36     27.8%  enum:abilities.effects[]#damageLine.aim=facing
            10/12     83.3%  enum:abilities.effects[]#leap.applyTo=self
            10/12     83.3%  enum:abilities.effects[]#leap.mode=toPoint
            10/10    100.0%  enum:abilities.effects[]#randomArea.who=self
            10/10    100.0%  enum:abilities.passive.ranks[].whileForm=alternate
            10/19     52.6%  enum:augments.eligibility.excludeSelfMechanic[]=abilityDamage
            10/60     16.7%  enum:augments.selectionSlot=generic
            10/10    100.0%  enum:vfx-scripts.schema=vfx-script@1
            11/24     45.8%  enum:abilities.effects[]#blink.to=point
            11/18     61.1%  enum:abilities.effects[]#dispel.polarity=debuff
            11/58     19.0%  enum:ability-templates.status=draft
            12/28     42.9%  enum:abilities.effects[]#applyBuff.condition|0|2|0.op=<=
            12/305     3.9%  enum:abilities.effects[]#applyBuff.modifiers[].op=override
            12/24     50.0%  enum:abilities.effects[]#blink.to=targetUnit
            12/26     46.2%  enum:abilities.effects[]#damage.resourcePct.basis=current
            12/18     66.7%  enum:abilities.effects[]#dash.mode=forward
            12/16     75.0%  enum:abilities.effects[]#floatingText.applyTo=self
            12/14     85.7%  enum:abilities.effects[]#spawnModelFx.path=orbit
            12/12    100.0%  enum:abilities.effects[]#spawnVfx.boneOn=victim
            12/43     27.9%  enum:abilities.hitFeel.shakeStyle=directional
            12/43     27.9%  enum:abilities.hitFeel.sparkKind=magic
            12/47     25.5%  enum:ability-templates.params{}.unit=count
            13/13    100.0%  enum:abilities.effects[]#applyBuff.condition|0|10.form=alternate
            13/14     92.9%  enum:abilities.effects[]#applyBuff.permanentScope=round
            13/26     50.0%  enum:abilities.effects[]#damage.resourcePct.basis=max
            13/48     27.1%  enum:abilities.effects[]#delayed.shape=circle
            13/14     92.9%  enum:abilities.effects[]#delayed.targetMode=reresolve
            13/17     76.5%  enum:abilities.effects[]#modifyCooldown.mode=reset
            13/49     26.5%  enum:champions.origin=鬥士
            14/248     5.6%  enum:abilities.rangeTier=極小
            14/696     2.0%  enum:vfx#ribbon@1.blendMode=modulate
            15/93     16.1%  enum:abilities.effects[]#spawnVfx.at=bone
            16/26     61.5%  enum:abilities.effects[]#applyBuff.condition|0|2|0.stat=hp
            16/16    100.0%  enum:abilities.effects[]#floatingText.shape=single
            16/93     17.2%  enum:abilities.effects[]#spawnVfx.at=target
            16/248     6.5%  enum:abilities.rangeTier=小
            16/47     34.0%  enum:ability-templates.params{}.unit=ratio
            16/16    100.0%  enum:arenas.backdrop.layers[].profile=flat
            16/142    11.3%  enum:items.craftRole=component
            17/246     6.9%  enum:abilities.effects[]#applyBuff.hooks[].on=onReflectSuccess
            17/17    100.0%  enum:abilities.effects[]#modifyCooldown.shape=single
            17/17    100.0%  enum:abilities.effects[]#modifyCooldown.who=self
            18/22     81.8%  enum:abilities.effects[]#applyBuff.condition|0|2|0.mode=percent
            18/100    18.0%  enum:abilities.effects[]#blink.radiusTier=大
            18/26     69.2%  enum:abilities.effects[]#damage.resourcePct.subject=target
            18/37     48.6%  enum:abilities.effects[]#damageLine.fromSummonSlot=R
            18/22     81.8%  enum:abilities.effects[]#dispel.shape=single
            18/21     85.7%  enum:abilities.effects[]#invulnerable.blocksDamage=all
            18/47     38.3%  enum:ability-templates.params{}.unit=wc3u
            18/51     35.3%  enum:status-effects.polarity=buff
            19/100    19.0%  enum:abilities.effects[]#blink.radiusTier=極小
            19/23     82.6%  enum:abilities.effects[]#spawnModelFx.anchor=self
            19/123    15.4%  enum:abilities.radiusTier=大
            19/20     95.0%  enum:arenas.scenery.props[].facing=faceIn
            19/71     26.8%  enum:champions.attributes.primary=INT
            20/202     9.9%  enum:abilities.effects[]#chainLightning.amount.damageTier=大
            20/26     76.9%  enum:abilities.effects[]#damage.resourcePct.resource=health
            20/123    16.3%  enum:abilities.radiusTier=極小
            20/20    100.0%  enum:arenas.scenery.props[].facing=random
            20/71     28.2%  enum:champions.attackType=ranged
            20/40     50.0%  enum:champions.transform.role=alternate
            20/40     50.0%  enum:champions.transform.role=base
            21/37     56.8%  enum:abilities.effects[]#damageLine.fromSummonSlot=E
            21/21    100.0%  enum:abilities.effects[]#invulnerable.applyTo=self
            21/123    17.1%  enum:abilities.radiusTier=小
            22/246     8.9%  enum:abilities.effects[]#applyBuff.hooks[].on=onInterval
            22/246     8.9%  enum:abilities.effects[]#applyBuff.hooks[].on=onKill
            22/48     45.8%  enum:abilities.effects[]#chainLightning.amount.damageTierPerRank[]=中
            22/37     59.5%  enum:abilities.effects[]#damageLine.fromSummonSlot=Q
            22/23     95.7%  enum:abilities.effects[]#dot.stacking=refresh
            24/246     9.8%  enum:abilities.effects[]#applyBuff.hooks[].on=onAbilityCast
            24/246     9.8%  enum:abilities.effects[]#applyBuff.hooks[].on=onAbilityHit
            24/44     54.5%  enum:abilities.effects[]#applyBuff.hooks[].victim=enemyChampion
            24/553     4.3%  enum:abilities.effects[]#applyBuff.maxStat.stat=evasion
            24/24    100.0%  enum:abilities.effects[]#blink.applyTo=self
            24/24    100.0%  enum:abilities.effects[]#blink.shape=single
            24/25     96.0%  enum:abilities.effects[]#knockback.from=caster
            24/28     85.7%  enum:abilities.effects[]#screenShake.applyTo=all
            24/28     85.7%  enum:abilities.effects[]#screenShake.shape=single
            24/24    100.0%  enum:abilities.vfxLayers[].attachTo=point
            24/52     46.2%  enum:ability-templates.params{}.type=docRef
            24/52     46.2%  enum:ability-templates.params{}.type=scaling
            24/71     33.8%  enum:champions.attributes.primary=STR
            25/35     71.4%  enum:abilities.effects[]#applyBuff.polarity=debuff
            25/43     58.1%  enum:abilities.hitFeel.sparkKind=heavy
            25/60     41.7%  enum:augments.selectionSlot=pivot
            25/60     41.7%  enum:augments.selectionSlot=synergy
            26/36     72.2%  enum:abilities.effects[]#damageLine.aim=target
            26/37     70.3%  enum:abilities.effects[]#damageLine.fromSummonSlot=W
            27/33     81.8%  enum:abilities.effects[]#championForm.to=alternate
            27/28     96.4%  enum:abilities.effects[]#restore.applyTo=self
            27/93     29.0%  enum:abilities.effects[]#spawnVfx.at=self
            27/92     29.3%  enum:augments.tier=silver
            28/359     7.8%  enum:abilities.effects[]#chainLightning.damageType=true
            28/71     39.4%  enum:champions.attributes.primary=AGI
            29/48     60.4%  enum:abilities.effects[]#chainLightning.amount.damageTierPerRank[]=極小
            29/92     31.5%  enum:augments.tier=gold
            31/202    15.3%  enum:abilities.effects[]#chainLightning.amount.damageTier=極小
            33/100    33.0%  enum:abilities.effects[]#blink.radiusTier=小
            33/43     76.7%  enum:abilities.hitFeel.shakeStyle=omni
            33/51     64.7%  enum:status-effects.polarity=debuff
            34/100    34.0%  enum:abilities.effects[]#blink.radiusTier=中
            34/69     49.3%  enum:abilities.innateKind=active
            35/48     72.9%  enum:abilities.effects[]#delayed.shape=single
            35/69     50.7%  enum:abilities.innateKind=passive
            37/305    12.1%  enum:abilities.effects[]#applyBuff.modifiers[].op=pctMult
            37/248    14.9%  enum:abilities.rangeTier=中
            38/92     41.3%  enum:augments.tier=prismatic
            42/246    17.1%  enum:abilities.effects[]#applyBuff.hooks[].on=onDamageTaken
            42/142    29.6%  enum:items.craftRole=final
            45/52     86.5%  enum:ability-templates.params{}.type=enum
            47/47    100.0%  enum:ability-templates.params{}.unit=s
            47/58     81.0%  enum:ability-templates.status=enabled
            48/48    100.0%  enum:abilities.effects[]#chainLightning.amount.damageTierPerRank[]=小
            49/107    45.8%  enum:abilities.effects[]#applyBuff.condition|0|0.subject=target
            49/257    19.1%  enum:abilities.manaCostTier=中
            49/49    100.0%  enum:champions.msGrowthTier=極小
            51/52     98.1%  enum:ability-templates.params{}.type=number
            51/71     71.8%  enum:champions.attackType=melee
            52/492    10.6%  enum:abilities.castType=skillshot
            52/58     89.7%  enum:abilities.effects[]#applyBuff.applyTo=self
            55/93     59.1%  enum:abilities.effects[]#spawnVfx.at=point
            63/248    25.4%  enum:abilities.rangeTier=大
            63/696     9.1%  enum:vfx#ribbon@1.blendMode=alpha
            68/492    13.8%  enum:abilities.slot=EX
            68/71     95.8%  enum:champions.attributes.source=w3x
            69/492    14.0%  enum:abilities.slot=PASSIVE
            70/107    65.4%  enum:abilities.effects[]#applyBuff.condition|0|0.subject=self
            71/72     98.6%  enum:champions.skillOrder[]=R
            72/123    58.5%  enum:abilities.radiusTier=中
            72/72    100.0%  enum:champions.skillOrder[]=E
            72/72    100.0%  enum:champions.skillOrder[]=Q
            72/72    100.0%  enum:champions.skillOrder[]=W
            74/402    18.4%  enum:abilities.cooldownTier=大
            76/553    13.7%  enum:abilities.effects[]#applyBuff.maxStat.stat=range
            76/142    53.5%  enum:items.craftRole=none
            78/402    19.4%  enum:abilities.cooldownTier=小
            78/553    14.1%  enum:abilities.effects[]#applyBuff.maxStat.stat=cdr
            79/186    42.5%  enum:abilities.effects[]#applyBuff.hooks[].target=event
            82/553    14.8%  enum:abilities.effects[]#applyBuff.maxStat.stat=critDamage
            84/553    15.2%  enum:abilities.effects[]#applyBuff.maxStat.stat=critChance
            89/553    16.1%  enum:abilities.effects[]#applyBuff.maxStat.stat=lifesteal
            89/553    16.1%  enum:abilities.effects[]#applyBuff.maxStat.stat=manaRegen
            89/553    16.1%  enum:abilities.effects[]#applyBuff.maxStat.stat=mr
            90/553    16.3%  enum:abilities.effects[]#applyBuff.maxStat.stat=healthRegen
            90/90    100.0%  enum:abilities.effects[]#spawnModelFx.shape=single
            92/402    22.9%  enum:abilities.cooldownTier=極小
            99/359    27.6%  enum:abilities.effects[]#chainLightning.damageType=physical
           106/402    26.4%  enum:abilities.cooldownTier=中
           106/492    21.5%  enum:abilities.provenance=owner-spec
           107/553    19.3%  enum:abilities.effects[]#applyBuff.maxStat.stat=maxMana
           109/246    44.3%  enum:abilities.effects[]#applyBuff.hooks[].on=onBasicAttack
           110/553    19.9%  enum:abilities.effects[]#applyBuff.maxStat.stat=ms
           112/553    20.3%  enum:abilities.effects[]#applyBuff.maxStat.stat=armor
           116/553    21.0%  enum:abilities.effects[]#applyBuff.maxStat.stat=maxHealth
           119/492    24.2%  enum:abilities.castType=ground
           120/186    64.5%  enum:abilities.effects[]#applyBuff.hooks[].target=self
           123/257    47.9%  enum:abilities.manaCostTier=小
           134/257    52.1%  enum:abilities.manaCostTier=極小
           141/553    25.5%  enum:abilities.effects[]#applyBuff.maxStat.stat=as
           142/492    28.9%  enum:abilities.slot=E
           142/492    28.9%  enum:abilities.slot=Q
           142/492    28.9%  enum:abilities.slot=R
           142/492    28.9%  enum:abilities.slot=W
           148/305    48.5%  enum:abilities.effects[]#applyBuff.modifiers[].op=pctAdd
           149/492    30.3%  enum:abilities.castType=targeted
           155/202    76.7%  enum:abilities.effects[]#chainLightning.amount.damageTier=小
           157/248    63.3%  enum:abilities.rangeTier=極大
           172/402    42.8%  enum:abilities.cooldownTier=極大
           186/305    61.0%  enum:abilities.effects[]#applyBuff.modifiers[].op=flat
           216/553    39.1%  enum:abilities.effects[]#applyBuff.maxStat.stat=ad
           266/359    74.1%  enum:abilities.effects[]#chainLightning.damageType=magic
           269/492    54.7%  enum:abilities.castType=self
           280/629    44.5%  enum:vfx#vfx@1.mode=burst
           282/553    51.0%  enum:abilities.effects[]#applyBuff.maxStat.stat=ap
           349/629    55.5%  enum:vfx#vfx@1.mode=continuous
           386/492    78.5%  enum:abilities.provenance=w3x-import
           616/696    88.5%  enum:vfx#ribbon@1.blendMode=additive

  ── variant (176 reachable, 10 at ZERO) ──
    ZERO     0/593     0.0%  variant:abilities.effects[]#consumeStatus
    ZERO     0/593     0.0%  variant:abilities.effects[]#evasion
    ZERO     0/593     0.0%  variant:abilities.effects[]#interruptCast
    ZERO     0/593     0.0%  variant:abilities.effects[]#pull
    ZERO     0/593     0.0%  variant:abilities.effects[]#spendHealth
    ZERO     0/593     0.0%  variant:abilities.effects[]#timeStop
    ZERO     0/593     0.0%  variant:abilities.effects[]#trap
    ZERO     0/7       0.0%  variant:arenas.zones[].bounds#disc
    ZERO     0/10      0.0%  variant:vfx-scripts.segments[]|1#bodyMove
    ZERO     0/10      0.0%  variant:vfx-scripts.segments[]|1#screenFlash
             1/593     0.2%  variant:abilities.effects[]#carry
             1/593     0.2%  variant:abilities.effects[]#convertTeam
             1/593     0.2%  variant:abilities.effects[]#cycleBuff
             1/593     0.2%  variant:abilities.effects[]#grantXp
             1/593     0.2%  variant:abilities.effects[]#manaBarrier
             1/593     0.2%  variant:abilities.effects[]#swapResource
             1/13      7.7%  variant:arenas.zones[].obstacles[]#segment
             1/103     1.0%  variant:config#config.ability-vfx-bindings@1
             1/103     1.0%  variant:config#config.admin-friend@1
             1/103     1.0%  variant:config#config.ambient-vfx@1
             1/103     1.0%  variant:config#config.aoe-tiers@1
             1/103     1.0%  variant:config#config.ap-coefficient@1
             1/103     1.0%  variant:config#config.ap-damage-scaling@1
             1/103     1.0%  variant:config#config.arena-pool@1
             1/103     1.0%  variant:config#config.arena-rules@1
             1/103     1.0%  variant:config#config.asset-cdn@1
             1/103     1.0%  variant:config#config.asset-downloads@1
             1/103     1.0%  variant:config#config.audio-map@1
             1/103     1.0%  variant:config#config.audio-mix@1
             1/103     1.0%  variant:config#config.augment-filter@1
             1/103     1.0%  variant:config#config.authoring-rules@1
             1/103     1.0%  variant:config#config.base-bonus@1
             1/103     1.0%  variant:config#config.berserk@1
             1/103     1.0%  variant:config#config.block@1
             1/103     1.0%  variant:config#config.body-scale@1
             1/103     1.0%  variant:config#config.boss-intro@1
             1/103     1.0%  variant:config#config.camera@1
             1/103     1.0%  variant:config#config.cast-approach@1
             1/103     1.0%  variant:config#config.cast-time-tiers@1
             1/103     1.0%  variant:config#config.cast-time@1
             1/103     1.0%  variant:config#config.champion-voices@1
             1/103     1.0%  variant:config#config.combat-env@1
             1/103     1.0%  variant:config#config.combat-feel@1
             1/103     1.0%  variant:config#config.combo-strikes@1
             1/103     1.0%  variant:config#config.content-load@1
             1/103     1.0%  variant:config#config.controller-scheme@1
             1/103     1.0%  variant:config#config.cooldown-rules@1
             1/103     1.0%  variant:config#config.cooldown-tiers@1
             1/103     1.0%  variant:config#config.crit@1
             1/103     1.0%  variant:config#config.damage-colors@1
             1/103     1.0%  variant:config#config.damage-rules@1
             1/103     1.0%  variant:config#config.damage-tier-exemptions@1
             1/103     1.0%  variant:config#config.damage-tiers@1
             1/103     1.0%  variant:config#config.dispel@1
             1/103     1.0%  variant:config#config.displacement-tiers@1
             1/103     1.0%  variant:config#config.feel-fx@1
             1/103     1.0%  variant:config#config.form-visuals@1
             1/103     1.0%  variant:config#config.gamepad@1
             1/103     1.0%  variant:config#config.gore@1
             1/103     1.0%  variant:config#config.hud-layout@1
             1/103     1.0%  variant:config#config.icon-plan@1
             1/103     1.0%  variant:config#config.icon-style@1
             1/103     1.0%  variant:config#config.icon-upload@1
             1/103     1.0%  variant:config#config.item-card@1
             1/103     1.0%  variant:config#config.lobby-layout@1
             1/103     1.0%  variant:config#config.lobby-rally@1
             1/103     1.0%  variant:config#config.mana-economy@1
             1/103     1.0%  variant:config#config.mana-tiers@1
             1/103     1.0%  variant:config#config.map-report@1
             1/103     1.0%  variant:config#config.map-spec@1
             1/103     1.0%  variant:config#config.mitigation@1
             1/103     1.0%  variant:config#config.model-lod@1
             1/103     1.0%  variant:config#config.move-speed-tiers@1
             1/103     1.0%  variant:config#config.new-hero-checks@1
             1/103     1.0%  variant:config#config.one-shot-clamp@1
             1/103     1.0%  variant:config#config.origin-routes@1
             1/103     1.0%  variant:config#config.owner-knobs@1
             1/103     1.0%  variant:config#config.per-level-bonus@1
             1/103     1.0%  variant:config#config.practice@1
             1/103     1.0%  variant:config#config.range-guide@1
             1/103     1.0%  variant:config#config.range-tiers@1
             1/103     1.0%  variant:config#config.rank-growth@1
             1/103     1.0%  variant:config#config.ranking@1
             1/103     1.0%  variant:config#config.regen@1
             1/103     1.0%  variant:config#config.replay@1
             1/103     1.0%  variant:config#config.review-tuning@1
             1/103     1.0%  variant:config#config.roster@1
             1/103     1.0%  variant:config#config.round-grade@1
             1/103     1.0%  variant:config#config.screen-fx@1
             1/103     1.0%  variant:config#config.shield@1
             1/103     1.0%  variant:config#config.skill-normalize@1
             1/103     1.0%  variant:config#config.speed-growth-tiers@1
             1/103     1.0%  variant:config#config.stat-caps@1
             1/103     1.0%  variant:config#config.stat-normalization@1
             1/103     1.0%  variant:config#config.stealth@1
             1/103     1.0%  variant:config#config.store@1
             1/103     1.0%  variant:config#config.taunt@1
             1/103     1.0%  variant:config#config.toggle-ability@1
             1/103     1.0%  variant:config#config.ugc@1
             1/103     1.0%  variant:config#config.ui-cues@1
             1/103     1.0%  variant:config#config.ui-lexicon@1
             1/103     1.0%  variant:config#config.unit-tints@1
             1/103     1.0%  variant:config#config.unsafe-textures@1
             1/103     1.0%  variant:config#config.valhalla-sandbox@1
             1/103     1.0%  variant:config#config.vfx-ability-art@1
             1/103     1.0%  variant:config#config.vfx-budget@1
             1/103     1.0%  variant:config#config.vfx-cleanup@1
             1/103     1.0%  variant:config#config.vfx-families@1
             1/103     1.0%  variant:config#config.vfx-scripts@1
             1/103     1.0%  variant:config#config.victory-fx@1
             1/103     1.0%  variant:config#config.victory-podium@1
             1/103     1.0%  variant:config#config.victory-taunts@1
             1/103     1.0%  variant:config#config.voxel-barcodes@1
             1/103     1.0%  variant:config#config.voxel-bodies@1
             1/103     1.0%  variant:config#config.voxel-look@1
             1/103     1.0%  variant:config#config.weakness@1
             1/103     1.0%  variant:config#config.weather@1
             1/103     1.0%  variant:config#config.world-cues@1
             1/103     1.0%  variant:config#config.wounds@1
             1/103     1.0%  variant:config#config@1
             2/593     0.3%  variant:abilities.effects[]#comboStrikes
             2/593     0.3%  variant:abilities.effects[]#extendBuff
             2/593     0.3%  variant:abilities.effects[]#shieldBreak
             2/10     20.0%  variant:vfx-scripts.segments[]|1#hideBody
             2/10     20.0%  variant:vfx-scripts.segments[]|1#sound
             3/10     30.0%  variant:vfx-scripts.segments[]|1#anim
             3/10     30.0%  variant:vfx-scripts.segments[]|1#floatingText
             4/593     0.7%  variant:abilities.effects[]#chainLightning
             4/593     0.7%  variant:abilities.effects[]#grantGold
             4/593     0.7%  variant:abilities.effects[]#taunt
             4/10     40.0%  variant:vfx-scripts.segments[]|1#screenShake
             5/593     0.8%  variant:abilities.effects[]#eventValueConversion
             5/593     0.8%  variant:abilities.effects[]#revive
             6/13     46.2%  variant:arenas.zones[].obstacles[]#circle
             6/702     0.9%  variant:vfx#attachment@1
             7/593     1.2%  variant:abilities.effects[]#devour
             7/593     1.2%  variant:abilities.effects[]#grantAttribute
             7/593     1.2%  variant:abilities.effects[]#summon
             7/7     100.0%  variant:arenas.zones[].bounds#rect
             7/13     53.8%  variant:arenas.zones[].obstacles[]#box
             7/629     1.1%  variant:vfx#vfx@1.emitter#point
             7/10     70.0%  variant:vfx-scripts.segments[]|1#vfx
             8/593     1.3%  variant:abilities.effects[]#proxyCast
             9/593     1.5%  variant:abilities.effects[]#screenFlash
             9/593     1.5%  variant:abilities.effects[]#spendMana
             9/10     90.0%  variant:vfx-scripts.segments[]|1#modelFx
            10/593     1.7%  variant:abilities.effects[]#randomArea
            12/593     2.0%  variant:abilities.effects[]#leap
            12/593     2.0%  variant:abilities.effects[]#weightedBranch
            13/593     2.2%  variant:abilities.effects[]#heal
            16/593     2.7%  variant:abilities.effects[]#floatingText
            17/593     2.9%  variant:abilities.effects[]#modifyCooldown
            17/593     2.9%  variant:abilities.effects[]#shield
            18/593     3.0%  variant:abilities.effects[]#dash
            21/593     3.5%  variant:abilities.effects[]#invulnerable
            22/593     3.7%  variant:abilities.effects[]#dispel
            23/593     3.9%  variant:abilities.effects[]#spawnProjectile
            24/593     4.0%  variant:abilities.effects[]#blink
            26/629     4.1%  variant:vfx#vfx@1.emitter#ring
            27/593     4.6%  variant:abilities.effects[]#knockback
            28/593     4.7%  variant:abilities.effects[]#dot
            28/593     4.7%  variant:abilities.effects[]#screenShake
            33/593     5.6%  variant:abilities.effects[]#championForm
            39/593     6.6%  variant:abilities.effects[]#restore
            40/593     6.7%  variant:abilities.effects[]#damageLine
            50/593     8.4%  variant:abilities.effects[]#delayed
            67/702     9.5%  variant:vfx#ribbon@1
            87/593    14.7%  variant:abilities.effects[]#spawnVfx
            90/593    15.2%  variant:abilities.effects[]#spawnModelFx
            92/593    15.5%  variant:abilities.effects[]#damageArea
           115/629    18.3%  variant:vfx#vfx@1.emitter#sphere
           163/593    27.5%  variant:abilities.effects[]#applyStatus
           184/593    31.0%  variant:abilities.effects[]#applyBuff
           258/593    43.5%  variant:abilities.effects[]#damage
           481/629    76.5%  variant:vfx#vfx@1.emitter#cone
           629/702    89.6%  variant:vfx#vfx@1

  ── tag (9 reachable, 1 at ZERO) ──
    ZERO     0/71      0.0%  tag:weaponClass=gun
             4/71      5.6%  tag:weaponClass=bow
             4/71      5.6%  tag:weaponClass=greatsword
             4/71      5.6%  tag:weaponClass=thrown
             5/71      7.0%  tag:weaponClass=claw
            12/71     16.9%  tag:weaponClass=fist
            12/71     16.9%  tag:weaponClass=sword
            13/71     18.3%  tag:weaponClass=katana
            17/71     23.9%  tag:weaponClass=magic

ACCEPTED-COMMUNITY GAMEPLAY SAMPLES — 259 compiled docs; no formal-deployment claim
static docs | accepted-community docs | key | community examples
0 | 0 | enum:abilities.augment.targets[].ops[].op=modifierValue | 
0 | 0 | enum:abilities.augment.targets[].ops[].op=thresholdPct | 
0 | 0 | enum:abilities.cooldownShape=範圍 | 
0 | 0 | enum:abilities.cooldownShape=變身 | 
0 | 0 | enum:abilities.effects[]#applyBuff.condition|0|10.form=base | 
0 | 0 | enum:abilities.effects[]#applyBuff.condition|0|2|0.op=!= | 
0 | 0 | enum:abilities.effects[]#applyBuff.condition|0|2|0.op=== | 
0 | 0 | enum:abilities.effects[]#applyBuff.condition|0|2|1.stat=agi | 
0 | 0 | enum:abilities.effects[]#applyBuff.condition|0|2|1.stat=armor | 
0 | 0 | enum:abilities.effects[]#applyBuff.condition|0|2|1.stat=attackSpeed | 
0 | 0 | enum:abilities.effects[]#applyBuff.condition|0|2|1.stat=int | 
0 | 0 | enum:abilities.effects[]#applyBuff.condition|0|2|1.stat=magicResist | 
0 | 0 | enum:abilities.effects[]#applyBuff.condition|0|2|1.stat=moveSpeed | 
0 | 0 | enum:abilities.effects[]#applyBuff.condition|0|2|1.stat=str | 
0 | 0 | enum:abilities.effects[]#applyBuff.condition|0|3.is=guardian | 
0 | 0 | enum:abilities.effects[]#applyBuff.condition|0|3.is=mob | 
0 | 0 | enum:abilities.effects[]#applyBuff.condition|0|3.is=summon | 
0 | 4 | enum:abilities.effects[]#applyBuff.condition|0|6|1.slot=E | abilities/community-review-08-20260907.q, abilities/community-review-29-20260907.w, champions/community-review-08-20260907
0 | 0 | enum:abilities.effects[]#applyBuff.condition|0|6|1.slot=PASSIVE | 
0 | 0 | enum:abilities.effects[]#applyBuff.condition|0|6|1.slot=R | 
0 | 16 | enum:abilities.effects[]#applyBuff.condition|0|6|1.slot=W | abilities/community-review-05-20260907.passive, abilities/community-review-08-20260907.r, abilities/community-review-10-20260907.r
0 | 4 | enum:abilities.effects[]#applyBuff.condition|0|9.slot=E | abilities/community-review-08-20260907.q, abilities/community-review-29-20260907.w, champions/community-review-08-20260907
0 | 0 | enum:abilities.effects[]#applyBuff.condition|0|9.slot=PASSIVE | 
0 | 0 | enum:abilities.effects[]#applyBuff.condition|0|9.slot=R | 
0 | 16 | enum:abilities.effects[]#applyBuff.condition|0|9.slot=W | abilities/community-review-05-20260907.passive, abilities/community-review-08-20260907.r, abilities/community-review-10-20260907.r
0 | 0 | enum:abilities.effects[]#applyBuff.damageTypeOverride.impactType=converted | 
0 | 0 | enum:abilities.effects[]#applyBuff.damageTypeOverride.scope=all | 
0 | 0 | enum:abilities.effects[]#applyBuff.hooks[].damageCrit=any | 
0 | 0 | enum:abilities.effects[]#applyBuff.hooks[].damageCrit=nonCrit | 
0 | 0 | enum:abilities.effects[]#applyBuff.hooks[].damageSource=any | 
0 | 0 | enum:abilities.effects[]#applyBuff.hooks[].damageSource=nonBasic | 
0 | 0 | enum:abilities.effects[]#applyBuff.hooks[].damageSource=other | 
0 | 0 | enum:abilities.effects[]#applyBuff.hooks[].damageType=any | 
0 | 1 | enum:abilities.effects[]#applyBuff.hooks[].damageType=physical | abilities/community-review-11-20260907.passive
0 | 0 | enum:abilities.effects[]#applyBuff.hooks[].damageType=true | 
0 | 1 | enum:abilities.effects[]#applyBuff.hooks[].on=onAllyProtected | abilities/community-review-21-20260907.passive
0 | 2 | enum:abilities.effects[]#applyBuff.hooks[].on=onAttackAttempt | abilities/community-review-23-20260907.passive, abilities/community-review-24-20260907.passive
0 | 10 | enum:abilities.effects[]#applyBuff.hooks[].on=onBlock | abilities/community-review-02-20260907.w, abilities/community-review-04-20260907.e, abilities/community-review-23-20260907.e
0 | 0 | enum:abilities.effects[]#applyBuff.hooks[].on=onBoundaryTouch | 
0 | 2 | enum:abilities.effects[]#applyBuff.hooks[].on=onCrowdControlApplied | abilities/community-review-07-20260907.passive, abilities/community-review-14-20260907.passive
0 | 0 | enum:abilities.effects[]#applyBuff.hooks[].on=onGuardianDown | 
0 | 1 | enum:abilities.effects[]#applyBuff.hooks[].on=onHeal | abilities/community-review-29-20260907.passive
0 | 0 | enum:abilities.effects[]#applyBuff.hooks[].on=onLethalDamage | 
0 | 1 | enum:abilities.effects[]#applyBuff.hooks[].on=onObservedCombat | abilities/community-review-26-20260907.passive
0 | 0 | enum:abilities.effects[]#applyBuff.hooks[].on=onProjectileExpire | 
0 | 0 | enum:abilities.effects[]#applyBuff.hooks[].on=onRoundEnd | 
0 | 1 | enum:abilities.effects[]#applyBuff.hooks[].on=onRoundStart | abilities/community-review-35-20260907.passive
0 | 1 | enum:abilities.effects[]#applyBuff.hooks[].on=onShieldBroken | abilities/community-review-12-20260907.passive
0 | 0 | enum:abilities.effects[]#applyBuff.hooks[].on=onShieldGained | 
0 | 1 | enum:abilities.effects[]#applyBuff.hooks[].on=onSummonHit | abilities/community-review-01-20260907.passive
0 | 0 | enum:abilities.effects[]#applyBuff.hooks[].on=onUltimateHit | 
0 | 0 | enum:abilities.effects[]#applyBuff.hooks[].onConsumed=stop | 
0 | 0 | enum:abilities.effects[]#applyBuff.hooks[].victim=allyChampion | 
0 | 0 | enum:abilities.effects[]#applyBuff.modifiers[].msBonusTier=極大 | 
0 | 0 | enum:abilities.effects[]#blink.applyTo=target | 
0 | 0 | enum:abilities.effects[]#blink.shape=circle | 
0 | 0 | enum:abilities.effects[]#blink.to=caster | 
0 | 0 | enum:abilities.effects[]#chainLightning.amount.damageTierPerRank[]=極大 | 
0 | 0 | enum:abilities.effects[]#chainLightning.centre=target | 
0 | 2 | enum:abilities.effects[]#chainLightning.shape=single | abilities/community-review-20-20260907.w, champions/community-review-20-20260907
0 | 0 | enum:abilities.effects[]#championForm.to=base | 
0 | 0 | enum:abilities.effects[]#dash.distanceTier=中 | 
0 | 2 | enum:abilities.effects[]#dash.distanceTier=小 | abilities/community-review-27-20260907.q, champions/community-review-27-20260907
0 | 12 | enum:abilities.effects[]#delayed.anchor=point | abilities/community-review-06-20260907.r, abilities/community-review-21-20260907.r, abilities/community-review-24-20260907.q
0 | 0 | enum:abilities.effects[]#dispel.order=oldest | 
0 | 0 | enum:abilities.effects[]#dispel.polarity=any | 
0 | 0 | enum:abilities.effects[]#dot.stacking=stack | 
0 | 0 | enum:abilities.effects[]#eventValueConversion.basis=mitigated | 
0 | 0 | enum:abilities.effects[]#eventValueConversion.basis=raw | 
0 | 0 | enum:abilities.effects[]#eventValueConversion.shape=circle | 
0 | 0 | enum:abilities.effects[]#eventValueConversion.source=targetCurrentHealth | 
0 | 0 | enum:abilities.effects[]#eventValueConversion.who=target | 
0 | 0 | enum:abilities.effects[]#floatingText.shape=circle | 
0 | 0 | enum:abilities.effects[]#grantGold.to=target | 
0 | 0 | enum:abilities.effects[]#invulnerable.applyTo=target | 
0 | 0 | enum:abilities.effects[]#invulnerable.blocksDamage=magic | 
0 | 0 | enum:abilities.effects[]#invulnerable.blocksDamage=physical | 
0 | 0 | enum:abilities.effects[]#knockback.from=facing | 
0 | 1 | enum:abilities.effects[]#modifyCooldown.mode=reduceFlat | abilities/community-review-19-20260907.passive
0 | 0 | enum:abilities.effects[]#modifyCooldown.shape=circle | 
0 | 0 | enum:abilities.effects[]#modifyCooldown.who=target | 
0 | 0 | enum:abilities.effects[]#proxyCast.payCosts=mana | 
0 | 0 | enum:abilities.effects[]#proxyCast.payCosts=manaAndCooldown | 
0 | 0 | enum:abilities.effects[]#proxyCast.rankMode=fixed | 
0 | 0 | enum:abilities.effects[]#proxyCast.shape=circle | 
0 | 0 | enum:abilities.effects[]#randomArea.who=target | 
0 | 0 | enum:abilities.effects[]#revive.side=any | 
0 | 0 | enum:abilities.effects[]#revive.teamCharge=requireAndSpend | 
0 | 0 | enum:abilities.effects[]#screenFlash.shape=circle | 
0 | 0 | enum:abilities.effects[]#screenShake.applyTo=self | 
0 | 0 | enum:abilities.effects[]#screenShake.applyTo=victim | 
0 | 0 | enum:abilities.effects[]#shield.absorbs=physical | 
0 | 0 | enum:abilities.effects[]#shield.absorbs=true | 
0 | 0 | enum:abilities.effects[]#spawnModelFx.anchor=bone | 
0 | 0 | enum:abilities.effects[]#spawnModelFx.anchor=point | 
0 | 0 | enum:abilities.effects[]#spawnModelFx.path=radial | 
0 | 0 | enum:abilities.effects[]#spawnModelFx.path=static | 
0 | 0 | enum:abilities.effects[]#spawnModelFx.shape=circle | 
0 | 0 | enum:abilities.effects[]#spawnModelFx.touchSide=allies | 
0 | 0 | enum:abilities.effects[]#spawnVfx.boneOn=caster | 
0 | 0 | enum:abilities.effects[]#summon.at=self | 
0 | 0 | enum:abilities.effects[]#summon.at=target | 
0 | 0 | enum:abilities.effects[]#summon.body=champion | 
0 | 0 | enum:abilities.effects[]#summon.formation=line | 
0 | 0 | enum:abilities.effects[]#summon.formation=scatter | 
0 | 0 | enum:abilities.effects[]#summon.onOwnerDeath=persist | 
0 | 0 | enum:abilities.effects[]#summon.team=neutral | 
0 | 0 | enum:abilities.effects[]#weightedBranch.branches[].weightFrom.attr=int | 
0 | 0 | enum:abilities.effects[]#weightedBranch.branches[].weightFrom.attr=str | 
0 | 0 | enum:abilities.hitFeel.sparkKind=counter | 
0 | 0 | enum:abilities.hitFeel.sparkKind=hit | 
0 | 0 | enum:abilities.manaCostTier=極大 | 
0 | 0 | enum:abilities.marks[].resetOn=never | 
0 | 0 | enum:abilities.passive.ranks[].auras[].affects=all | 
0 | 0 | enum:abilities.passive.ranks[].whileForm=any | 
0 | 0 | enum:abilities.passive.ranks[].whileForm=base | 
0 | 259 | enum:abilities.provenance=editor-json | abilities/community-review-01-20260907.e, abilities/community-review-01-20260907.ex, abilities/community-review-01-20260907.passive
0 | 0 | enum:abilities.provenance=jass-verified | 
0 | 0 | enum:abilities.provenance=w3x-tooltip | 
0 | 0 | enum:abilities.vfxLayers[].attachTo=caster | 
0 | 0 | enum:arenas.backdrop.layers[].profile=waves | 
0 | 0 | enum:arenas.scenery.lighting.wave=none | 
0 | 0 | enum:arenas.zones[].interactions[].kind=channel | 
0 | 0 | enum:champions.msGrowthTier=中 | 
0 | 0 | enum:champions.msGrowthTier=大 | 
0 | 0 | enum:champions.msGrowthTier=小 | 
0 | 0 | enum:champions.msGrowthTier=極大 | 
0 | 0 | enum:items.craftRole=direct | 
0 | 0 | enum:items.craftRole=token | 
0 | 0 | enum:maps.gimmick.kind=none | 
0 | 0 | enum:maps.groundStyle=sand | 
0 | 0 | enum:maps.interactions[].kind=channel | 
0 | 0 | enum:models.fxLongAxis=z | 
0 | 0 | enum:vfx#vfx@1.orient.yawFrom=world | 
0 | 0 | enum:vfx-scripts.segments[]|1#anim.on=projectileHit | 
0 | 0 | enum:vfx-scripts.segments[]|1#anim.on=projectileSpawn | 
0 | 0 | enum:vfx-scripts.segments[]|1#anim.on=reflectSuccess | 
0 | 0 | enum:vfx-scripts.segments[]|1#anim.pulse=attack | 
0 | 0 | enum:vfx-scripts.segments[]|1#anim.pulse=dodge | 
0 | 0 | enum:vfx-scripts.segments[]|1#anim.pulse=guard | 
0 | 0 | enum:vfx-scripts.segments[]|1#floatingText.at=caster | 
0 | 0 | enum:vfx-scripts.segments[]|1#modelFx.path=forward | 
0 | 0 | enum:vfx-scripts.segments[]|1#modelFx.path=orbit | 
0 | 0 | enum:vfx-scripts.segments[]|1#modelFx.path=radial | 
0 | 0 | enum:vfx-scripts.segments[]|1#modelFx.path=toTarget | 
0 | 9 | field:abilities.allowApproach | abilities/community-review-02-20260907.ex, abilities/community-review-04-20260907.ex, abilities/community-review-04-20260907.q
0 | 0 | field:abilities.augment.targets[].condition | 
0 | 0 | field:abilities.augment.targets[].ops[].hookOn | 
0 | 0 | field:abilities.augment.targets[].ops[].scope | 
0 | 0 | field:abilities.augment.targets[].ops[].stat | 
0 | 0 | field:abilities.effects[]#applyBuff.attackType | 
0 | 0 | field:abilities.effects[]#applyBuff.attributes | 
0 | 8 | field:abilities.effects[]#applyBuff.block | abilities/community-review-02-20260907.w, abilities/community-review-04-20260907.e, abilities/community-review-23-20260907.e
0 | 2 | field:abilities.effects[]#applyBuff.block.facingArcDegrees | abilities/community-review-04-20260907.e, champions/community-review-04-20260907
0 | 15 | field:abilities.effects[]#applyBuff.condition|0|4|0.appliedBy | abilities/community-review-01-20260907.passive, abilities/community-review-02-20260907.passive, abilities/community-review-04-20260907.passive
0 | 0 | field:abilities.effects[]#applyBuff.critStrike | 
0 | 0 | field:abilities.effects[]#applyBuff.deathWard | 
0 | 2 | field:abilities.effects[]#applyBuff.drive | abilities/community-review-26-20260907.e, champions/community-review-26-20260907
0 | 2 | field:abilities.effects[]#applyBuff.evasionScope | abilities/community-review-31-20260907.w, champions/community-review-31-20260907
0 | 8 | field:abilities.effects[]#applyBuff.hooks[].blockSource | abilities/community-review-02-20260907.w, abilities/community-review-04-20260907.e, abilities/community-review-23-20260907.e
0 | 0 | field:abilities.effects[]#applyBuff.hooks[].chanceFrom | 
0 | 15 | field:abilities.effects[]#applyBuff.hooks[].damageConnected | abilities/community-review-02-20260907.passive, abilities/community-review-02-20260907.r, abilities/community-review-03-20260907.ex
0 | 2 | field:abilities.effects[]#applyBuff.hooks[].evadeChannel | abilities/community-review-24-20260907.r, champions/community-review-24-20260907
0 | 2 | field:abilities.effects[]#applyBuff.hooks[].evadeDuring | abilities/community-review-31-20260907.w, champions/community-review-31-20260907
0 | 7 | field:abilities.effects[]#applyBuff.hooks[].evadeSource | abilities/community-review-24-20260907.r, abilities/community-review-24-20260907.w, abilities/community-review-31-20260907.passive
0 | 1 | field:abilities.effects[]#applyBuff.hooks[].observedEvent | abilities/community-review-26-20260907.passive
0 | 12 | field:abilities.effects[]#applyBuff.hooks[].oncePerCast | abilities/community-review-01-20260907.passive, abilities/community-review-02-20260907.passive, abilities/community-review-02-20260907.r
0 | 0 | field:abilities.effects[]#applyBuff.hooks[].perTarget | 
0 | 3 | field:abilities.effects[]#applyBuff.hooks[].stationaryForSec | abilities/community-review-30-20260907.passive, abilities/community-review-35-20260907.e, champions/community-review-35-20260907
0 | 0 | field:abilities.effects[]#applyBuff.immobile | 
0 | 0 | field:abilities.effects[]#applyBuff.modifiers[].fromResource | 
0 | 0 | field:abilities.effects[]#applyBuff.modifiers[].scopeAbilityId | 
0 | 0 | field:abilities.effects[]#applyBuff.modifiers[].scopeSlot | 
0 | 0 | field:abilities.effects[]#applyBuff.penetration | 
0 | 0 | field:abilities.effects[]#applyBuff.primaryAttribute | 
0 | 32 | field:abilities.effects[]#applyBuff.sourceScope | abilities/community-review-02-20260907.r, abilities/community-review-02-20260907.w, abilities/community-review-03-20260907.e
0 | 0 | field:abilities.effects[]#applyBuff.typeStreakImmunity | 
0 | 3 | field:abilities.effects[]#applyBuff.vision.revealed | abilities/community-review-26-20260907.r, abilities/community-review-35-20260907.passive, champions/community-review-26-20260907
0 | 2 | field:abilities.effects[]#applyStatus.breakOnDamage | abilities/community-review-26-20260907.w, champions/community-review-26-20260907
0 | 0 | field:abilities.effects[]#applyStatus.breakOnDamageMin | 
0 | 0 | field:abilities.effects[]#applyStatus.clipTimeScale | 
0 | 0 | field:abilities.effects[]#applyStatus.forceClip | 
0 | 6 | field:abilities.effects[]#applyStatus.grantMark | abilities/community-review-21-20260907.ex, abilities/community-review-23-20260907.e, abilities/community-review-23-20260907.passive
0 | 1 | field:abilities.effects[]#applyStatus.grantMark.lethal.maxSavesPerRound | abilities/community-review-21-20260907.ex
0 | 63 | field:abilities.effects[]#applyStatus.sourceScope | abilities/community-review-01-20260907.passive, abilities/community-review-01-20260907.w, abilities/community-review-02-20260907.passive
0 | 0 | field:abilities.effects[]#blink.maxTargets | 
0 | 0 | field:abilities.effects[]#blink.radius | 
0 | 0 | field:abilities.effects[]#blink.radiusTier | 
0 | 0 | field:abilities.effects[]#blink.side | 
0 | 0 | field:abilities.effects[]#chainLightning.amount.conditionTier | 
0 | 0 | field:abilities.effects[]#chainLightning.canCrit | 
0 | 0 | field:abilities.effects[]#chainLightning.condition | 
0 | 2 | field:abilities.effects[]#chainLightning.maxTotalJumps | abilities/community-review-20-20260907.w, champions/community-review-20-20260907
0 | 0 | field:abilities.effects[]#chainLightning.onHitTargetsMode | 
0 | 2 | field:abilities.effects[]#chainLightning.retargetOnLost | abilities/community-review-20-20260907.w, champions/community-review-20-20260907
0 | 2 | field:abilities.effects[]#chainLightning.revisit | abilities/community-review-20-20260907.w, champions/community-review-20-20260907
0 | 0 | field:abilities.effects[]#chainLightning.runOnEmptyHit | 
0 | 0 | field:abilities.effects[]#championForm.condition | 
0 | 0 | field:abilities.effects[]#damage.canCrit | 
0 | 0 | field:abilities.effects[]#damage.incomingPct.applyGlobalDamageMult | 
0 | 0 | field:abilities.effects[]#damage.incomingPct.basis | 
0 | 0 | field:abilities.effects[]#damage.incomingPct.whenTooLate | 
0 | 11 | field:abilities.effects[]#damageArea.arcHalfAngleCos | abilities/community-review-02-20260907.e, abilities/community-review-03-20260907.w, abilities/community-review-23-20260907.q
0 | 12 | field:abilities.effects[]#damageArea.fromCaster | abilities/community-review-02-20260907.e, abilities/community-review-02-20260907.w, abilities/community-review-03-20260907.w
0 | 0 | field:abilities.effects[]#damageArea.maxTargetsCounts | 
0 | 0 | field:abilities.effects[]#damageArea.runOnEmptyHit | 
0 | 0 | field:abilities.effects[]#damageLine.condition | 
0 | 1 | field:abilities.effects[]#damageLine.fromSummonSlot | abilities/community-review-01-20260907.ex
0 | 0 | field:abilities.effects[]#damageLine.maxTargetsCounts | 
0 | 0 | field:abilities.effects[]#damageLine.runOnEmptyHit | 
0 | 0 | field:abilities.effects[]#damageLine.victimCondition | 
0 | 0 | field:abilities.effects[]#dash.condition | 
0 | 3 | field:abilities.effects[]#dash.onEndOn | abilities/community-review-03-20260907.e, abilities/community-review-03-20260907.r, champions/community-review-03-20260907
0 | 0 | field:abilities.effects[]#dash.onEndWhenDead | 
0 | 6 | field:abilities.effects[]#dash.onHit | abilities/community-review-02-20260907.r, abilities/community-review-03-20260907.r, abilities/community-review-28-20260907.r
0 | 8 | field:abilities.effects[]#dash.onTouch | abilities/community-review-03-20260907.e, abilities/community-review-08-20260907.w, abilities/community-review-34-20260907.q
0 | 7 | field:abilities.effects[]#dash.stopOnHit | abilities/community-review-02-20260907.r, abilities/community-review-03-20260907.r, abilities/community-review-28-20260907.e
0 | 4 | field:abilities.effects[]#dash.touchScope | abilities/community-review-03-20260907.e, abilities/community-review-35-20260907.w, champions/community-review-03-20260907
0 | 0 | field:abilities.effects[]#delayed.maxTargets | 
0 | 0 | field:abilities.effects[]#devour.condition | 
0 | 0 | field:abilities.effects[]#devour.onDevourPer | 
0 | 0 | field:abilities.effects[]#dispel.maxTargets | 
0 | 1 | field:abilities.effects[]#dispel.statusTag | abilities/community-review-37-20260907.ex
0 | 0 | field:abilities.effects[]#dot.dispellable | 
0 | 0 | field:abilities.effects[]#dot.maxStacks | 
0 | 0 | field:abilities.effects[]#dot.onCasterDeath | 
0 | 2 | field:abilities.effects[]#dot.tickOnApply | abilities/community-review-12-20260907.r, champions/community-review-12-20260907
0 | 0 | field:abilities.effects[]#eventValueConversion.condition | 
0 | 0 | field:abilities.effects[]#eventValueConversion.maxTargets | 
0 | 0 | field:abilities.effects[]#eventValueConversion.radius | 
0 | 0 | field:abilities.effects[]#eventValueConversion.radiusTier | 
0 | 0 | field:abilities.effects[]#eventValueConversion.side | 
0 | 2 | field:abilities.effects[]#floatingText.condition | abilities/community-review-30-20260907.w, champions/community-review-30-20260907
0 | 0 | field:abilities.effects[]#floatingText.maxTargets | 
0 | 0 | field:abilities.effects[]#floatingText.radius | 
0 | 0 | field:abilities.effects[]#floatingText.side | 
0 | 0 | field:abilities.effects[]#floatingText.velocityAngle | 
0 | 0 | field:abilities.effects[]#grantAttribute.condition | 
0 | 0 | field:abilities.effects[]#grantAttribute.maxAttributeBasis | 
0 | 0 | field:abilities.effects[]#grantGold.condition | 
0 | 0 | field:abilities.effects[]#grantGold.fallbackLevel | 
0 | 0 | field:abilities.effects[]#grantGold.mobLevelSource | 
0 | 13 | field:abilities.effects[]#heal.condition | abilities/community-review-09-20260907.e, abilities/community-review-15-20260907.r, abilities/community-review-19-20260907.ex
0 | 0 | field:abilities.effects[]#invulnerable.condition | 
0 | 0 | field:abilities.effects[]#knockback.getupTicks | 
0 | 0 | field:abilities.effects[]#knockback.hpBasis | 
0 | 0 | field:abilities.effects[]#knockback.impactPower | 
0 | 0 | field:abilities.effects[]#knockback.launchDistance | 
0 | 0 | field:abilities.effects[]#knockback.launchHeight | 
0 | 0 | field:abilities.effects[]#leap.condition | 
0 | 0 | field:abilities.effects[]#modifyCooldown.abilityId | 
0 | 0 | field:abilities.effects[]#modifyCooldown.maxTargets | 
0 | 0 | field:abilities.effects[]#modifyCooldown.radius | 
0 | 0 | field:abilities.effects[]#modifyCooldown.radiusTier | 
0 | 0 | field:abilities.effects[]#modifyCooldown.side | 
0 | 0 | field:abilities.effects[]#proxyCast.abilityId | 
0 | 0 | field:abilities.effects[]#proxyCast.condition | 
0 | 0 | field:abilities.effects[]#proxyCast.fixedRank | 
0 | 0 | field:abilities.effects[]#proxyCast.maxTargets | 
0 | 0 | field:abilities.effects[]#proxyCast.radius | 
0 | 0 | field:abilities.effects[]#proxyCast.radiusTier | 
0 | 0 | field:abilities.effects[]#proxyCast.side | 
0 | 0 | field:abilities.effects[]#randomArea.condition | 
0 | 0 | field:abilities.effects[]#revive.condition | 
0 | 0 | field:abilities.effects[]#screenFlash.condition | 
0 | 0 | field:abilities.effects[]#screenFlash.maxTargets | 
0 | 0 | field:abilities.effects[]#screenFlash.radius | 
0 | 0 | field:abilities.effects[]#screenFlash.side | 
0 | 0 | field:abilities.effects[]#screenShake.condition | 
0 | 0 | field:abilities.effects[]#screenShake.maxTargets | 
0 | 0 | field:abilities.effects[]#screenShake.side | 
0 | 1 | field:abilities.effects[]#shield.breakOnMove | abilities/community-review-30-20260907.ex
0 | 6 | field:abilities.effects[]#shield.condition | abilities/community-review-18-20260907.w, abilities/community-review-29-20260907.w, abilities/community-review-36-20260907.r
0 | 40 | field:abilities.effects[]#shield.onExisting | abilities/community-review-05-20260907.ex, abilities/community-review-05-20260907.passive, abilities/community-review-07-20260907.passive
0 | 40 | field:abilities.effects[]#shield.stackKey | abilities/community-review-05-20260907.ex, abilities/community-review-05-20260907.passive, abilities/community-review-07-20260907.passive
0 | 0 | field:abilities.effects[]#spawnModelFx.attach | 
0 | 0 | field:abilities.effects[]#spawnModelFx.boneOn | 
0 | 0 | field:abilities.effects[]#spawnModelFx.condition | 
0 | 0 | field:abilities.effects[]#spawnModelFx.maxTargets | 
0 | 0 | field:abilities.effects[]#spawnModelFx.radius | 
0 | 0 | field:abilities.effects[]#spawnModelFx.side | 
0 | 0 | field:abilities.effects[]#spawnProjectile.condition | 
0 | 4 | field:abilities.effects[]#spawnVfx.condition | abilities/community-review-27-20260907.q, abilities/community-review-35-20260907.q, champions/community-review-27-20260907
0 | 0 | field:abilities.effects[]#spendMana.condition | 
0 | 0 | field:abilities.effects[]#summon.autoTargetable | 
0 | 0 | field:abilities.effects[]#summon.bountyGold | 
0 | 0 | field:abilities.effects[]#summon.burnsInFireRing | 
0 | 0 | field:abilities.effects[]#summon.capScope | 
0 | 0 | field:abilities.effects[]#summon.condition | 
0 | 0 | field:abilities.effects[]#summon.killCredit | 
0 | 0 | field:abilities.effects[]#summon.level | 
0 | 0 | field:abilities.effects[]#summon.manualTargetable | 
0 | 5 | field:abilities.effects[]#summon.maxAlive | abilities/community-review-01-20260907.q, abilities/community-review-01-20260907.w, abilities/community-review-17-20260907.e
0 | 0 | field:abilities.effects[]#summon.mobTargetable | 
0 | 3 | field:abilities.effects[]#summon.onCap | abilities/community-review-01-20260907.q, abilities/community-review-01-20260907.w, champions/community-review-01-20260907
0 | 3 | field:abilities.effects[]#summon.targetOnSpawn | abilities/community-review-01-20260907.q, abilities/community-review-01-20260907.w, champions/community-review-01-20260907
0 | 0 | field:abilities.effects[]#summon.targetPriority | 
0 | 0 | field:abilities.effects[]#taunt.condition | 
0 | 0 | field:abilities.effects[]#weightedBranch.branches[].weightFrom.basis | 
0 | 0 | field:abilities.hitFeel.exFreeze | 
0 | 0 | field:abilities.interruptible | 
0 | 0 | field:abilities.marks[].roundDelta | 
0 | 0 | field:abilities.passive.ranks[].attackType | 
0 | 0 | field:abilities.passive.ranks[].auras[].lingerSec | 
0 | 0 | field:abilities.passive.ranks[].auras[].scaleByNearby | 
0 | 0 | field:abilities.passive.ranks[].damageTypeOverride | 
0 | 0 | field:abilities.passive.ranks[].drive | 
0 | 0 | field:abilities.passive.ranks[].evasionScope | 
0 | 0 | field:abilities.passive.ranks[].immobile | 
0 | 0 | field:abilities.passive.ranks[].penetration | 
0 | 0 | field:abilities.passive.ranks[].primaryAttribute | 
0 | 0 | field:abilities.passive.ranks[].typeStreakImmunity | 
0 | 0 | field:abilities.passive.ranks[].whileStatus | 
0 | 0 | field:abilities.persistentVfx[].alpha | 
0 | 0 | field:abilities.persistentVfx[].scale | 
0 | 0 | field:abilities.persistentVfx[].when | 
0 | 1 | field:abilities.recast | abilities/community-review-02-20260907.e
0 | 0 | field:abilities.recoveryRoots | 
0 | 1 | field:abilities.requiredSummonSlot | abilities/community-review-01-20260907.ex
0 | 2 | field:abilities.requiredTargetStatus | abilities/community-review-28-20260907.ex, abilities/community-review-31-20260907.ex
0 | 2 | field:abilities.rootWhileCasting | abilities/community-review-23-20260907.w, abilities/community-review-37-20260907.e
0 | 16 | field:abilities.statusCost | abilities/community-review-01-20260907.ex, abilities/community-review-20-20260907.ex, abilities/community-review-23-20260907.w
0 | 259 | field:abilities.template|0.cards[].contentSha256 | abilities/community-review-01-20260907.e, abilities/community-review-01-20260907.ex, abilities/community-review-01-20260907.passive
0 | 0 | field:abilities.template|0.cards[].inheritDefaults | 
0 | 0 | field:abilities.template|0.cards[].version | 
0 | 41 | field:abilities.template|0.onConflict | abilities/community-review-01-20260907.passive, abilities/community-review-01-20260907.w, abilities/community-review-02-20260907.w
0 | 0 | field:abilities.vfxLayers[].enabled | 
0 | 0 | field:abilities.vfxLayers[].facingDeg | 
0 | 0 | field:abilities.vfxLayers[].flyHeight | 
0 | 0 | field:abilities.vfxLayers[].tint | 
0 | 0 | field:arenas.decor[].y | 
0 | 0 | field:arenas.zones[].obstacles[]#circle.gateGroup | 
0 | 0 | field:augments.attackType | 
0 | 0 | field:augments.attributes | 
0 | 0 | field:augments.critStrike | 
0 | 0 | field:augments.deathWard | 
0 | 0 | field:augments.drive | 
0 | 0 | field:augments.evasionScope | 
0 | 0 | field:augments.immobile | 
0 | 0 | field:augments.penetration | 
0 | 0 | field:augments.primaryAttribute | 
0 | 0 | field:augments.statusImmunity | 
0 | 0 | field:augments.typeStreakImmunity | 
0 | 0 | field:augments.vision | 
0 | 2 | field:champions.abilities.*.allowApproach | champions/community-review-04-20260907, champions/community-review-35-20260907
0 | 0 | field:champions.abilities.*.augment | 
0 | 4 | field:champions.abilities.*.castTimeTier | champions/community-review-20-20260907, champions/community-review-21-20260907, champions/community-review-27-20260907
0 | 0 | field:champions.abilities.*.innateActivePassive | 
0 | 0 | field:champions.abilities.*.innateKind | 
0 | 0 | field:champions.abilities.*.interruptible | 
0 | 0 | field:champions.abilities.*.marks | 
0 | 0 | field:champions.abilities.*.rangeUnlimited | 
0 | 1 | field:champions.abilities.*.recast | champions/community-review-02-20260907
0 | 0 | field:champions.abilities.*.recoveryRoots | 
0 | 0 | field:champions.abilities.*.requiredSummonSlot | 
0 | 0 | field:champions.abilities.*.requiredTargetStatus | 
0 | 2 | field:champions.abilities.*.rootWhileCasting | champions/community-review-23-20260907, champions/community-review-37-20260907
0 | 4 | field:champions.abilities.*.statusCost | champions/community-review-23-20260907, champions/community-review-24-20260907, champions/community-review-26-20260907
0 | 0 | field:champions.alpha | 
0 | 37 | field:champions.archetype | champions/community-review-01-20260907, champions/community-review-02-20260907, champions/community-review-03-20260907
0 | 0 | field:champions.asGrowthTier | 
0 | 0 | field:champions.baseAttackTime | 
0 | 0 | field:champions.healthRegenPctOfMax | 
0 | 0 | field:champions.modelVersions | 
0 | 0 | field:champions.statOverrides | 
0 | 0 | field:champions.transform.reenter | 
0 | 0 | field:items.auras[].hooks | 
0 | 0 | field:items.auras[].includeSelf | 
0 | 0 | field:items.auras[].lingerSec | 
0 | 0 | field:items.draftEligible | 
0 | 0 | field:items.iconKey | 
0 | 0 | field:items.modifiers[].from | 
0 | 0 | field:items.modifiers[].scopeAbilityId | 
0 | 0 | field:items.modifiers[].scopeSlot | 
0 | 0 | field:items.passive[].blockSource | 
0 | 0 | field:items.passive[].consumeOn | 
0 | 0 | field:items.passive[].critSource | 
0 | 0 | field:items.passive[].damageConnected | 
0 | 0 | field:items.passive[].damageCrit | 
0 | 0 | field:items.passive[].damageType | 
0 | 0 | field:items.passive[].evadeChannel | 
0 | 0 | field:items.passive[].evadeDuring | 
0 | 0 | field:items.passive[].evadeSource | 
0 | 0 | field:items.passive[].internalCooldownScope | 
0 | 0 | field:items.passive[].observedEvent | 
0 | 0 | field:items.passive[].onConsumed | 
0 | 0 | field:items.passive[].oncePerCast | 
0 | 0 | field:items.passive[].perTarget | 
0 | 0 | field:items.passive[].reflectedDamageSource | 
0 | 0 | field:items.passive[].reflectedDamageType | 
0 | 0 | field:items.passive[].stationaryForSec | 
0 | 0 | field:items.sets[].countDuplicates | 
0 | 0 | field:items.sets[].enabled | 
0 | 0 | field:items.sets[].requiredPieces | 
0 | 0 | field:items.unique | 
0 | 0 | field:maps.backgroundProps[].y | 
0 | 0 | field:maps.landmarkProps[].y | 
0 | 0 | field:models.bodyVersion | 
0 | 0 | field:models.fxAlpha | 
0 | 0 | field:models.heroBody | 
0 | 0 | field:models.voxel | 
0 | 0 | field:skins.alpha | 
0 | 0 | field:skins.tint | 
0 | 0 | field:status-effects.alpha | 
0 | 0 | field:status-effects.iconKey | 
0 | 0 | field:status-effects.tint | 
0 | 0 | field:vfx#vfx@1.orient.yawDeg | 
0 | 0 | field:vfx#vfx@1.presentation | 
0 | 0 | field:vfx#vfx@1.spriteSheet | 
0 | 0 | field:vfx-scripts.segments[]|1#anim.atMs | 
0 | 0 | field:vfx-scripts.segments[]|1#anim.replaces | 
0 | 0 | field:vfx-scripts.segments[]|1#anim.replacesForMs | 
0 | 0 | field:vfx-scripts.segments[]|1#anim.strikeIndex | 
0 | 0 | field:vfx-scripts.segments[]|1#floatingText.driftAngleDeg | 
0 | 0 | field:vfx-scripts.segments[]|1#floatingText.driftAngleStepDeg | 
0 | 0 | field:vfx-scripts.segments[]|1#floatingText.driftFrom | 
0 | 0 | field:vfx-scripts.segments[]|1#floatingText.driftSpeed | 
0 | 0 | field:vfx-scripts.segments[]|1#floatingText.replaces | 
0 | 0 | field:vfx-scripts.segments[]|1#floatingText.replacesForMs | 
0 | 0 | field:vfx-scripts.segments[]|1#modelFx.count | 
0 | 0 | field:vfx-scripts.segments[]|1#modelFx.distance | 
0 | 0 | field:vfx-scripts.segments[]|1#modelFx.offsetSideU | 
0 | 0 | field:vfx-scripts.segments[]|1#modelFx.replaces | 
0 | 0 | field:vfx-scripts.segments[]|1#modelFx.replacesForMs | 
0 | 0 | field:vfx-scripts.segments[]|1#modelFx.scaleAxis | 
0 | 0 | field:vfx-scripts.segments[]|1#modelFx.soundKey | 
0 | 0 | field:vfx-scripts.segments[]|1#modelFx.spacing | 
0 | 0 | field:vfx-scripts.segments[]|1#modelFx.speed | 
0 | 0 | field:vfx-scripts.segments[]|1#modelFx.spinDegPerSec | 
0 | 0 | field:vfx-scripts.segments[]|1#modelFx.trailIntervalSec | 
0 | 0 | field:vfx-scripts.segments[]|1#modelFx.trailVfxId | 
0 | 0 | field:vfx-scripts.segments[]|1#modelFx.yawOffsetDeg | 
0 | 0 | field:vfx-scripts.segments[]|1#screenShake.replaces | 
0 | 0 | field:vfx-scripts.segments[]|1#screenShake.replacesForMs | 
0 | 0 | field:vfx-scripts.segments[]|1#vfx.alpha | 
0 | 0 | field:vfx-scripts.segments[]|1#vfx.facingDeg | 
0 | 0 | field:vfx-scripts.segments[]|1#vfx.flyHeight | 
0 | 0 | field:vfx-scripts.segments[]|1#vfx.offsetForwardU | 
0 | 0 | field:vfx-scripts.segments[]|1#vfx.offsetSideU | 
0 | 0 | field:vfx-scripts.segments[]|1#vfx.pitchDeg | 
0 | 0 | field:vfx-scripts.segments[]|1#vfx.replaces | 
0 | 0 | field:vfx-scripts.segments[]|1#vfx.replacesForMs | 
0 | 0 | field:vfx-scripts.segments[]|1#vfx.timeScale | 
0 | 0 | field:vfx-scripts.segments[]|1#vfx.tint | 
0 | 0 | field:vfx-scripts.segments[]|1#vfx.w3xScale | 
0 | 0 | tag:weaponClass=gun | 
0 | 50 | variant:abilities.effects[]#consumeStatus | abilities/community-review-02-20260907.ex, abilities/community-review-03-20260907.passive, abilities/community-review-04-20260907.q
0 | 0 | variant:abilities.effects[]#evasion | 
0 | 1 | variant:abilities.effects[]#interruptCast | abilities/community-review-23-20260907.ex
0 | 7 | variant:abilities.effects[]#pull | abilities/community-review-06-20260907.q, abilities/community-review-07-20260907.w, abilities/community-review-15-20260907.q
0 | 6 | variant:abilities.effects[]#spendHealth | abilities/community-review-09-20260907.w, abilities/community-review-22-20260907.w, abilities/community-review-32-20260907.r
0 | 2 | variant:abilities.effects[]#timeStop | abilities/community-review-04-20260907.r, champions/community-review-04-20260907
0 | 2 | variant:abilities.effects[]#trap | abilities/community-review-01-20260907.e, champions/community-review-01-20260907
0 | 0 | variant:arenas.zones[].bounds#disc | 
0 | 0 | variant:vfx-scripts.segments[]|1#bodyMove | 
0 | 0 | variant:vfx-scripts.segments[]|1#screenFlash | 


  ══════════════════════════════════════════════════════════════════════════
  KNOWN DEAD MECHANISMS — 49 registered features that never happen in a match.
  These are ACCEPTED FAILURES, not passing checks. They print every run on purpose.
  ══════════════════════════════════════════════════════════════════════════
   • field:abilities.effects[]#applyBuff.modifiers[].fromResource
     同一個欄位落在共用的 zStatModifierFields 上,所以普查會在道具與技能 applyBuff 兩個節點各看到一次。道具那一側**已經採用**(光魔杖 godie-i027 就是它存在的理由);技能這一側是零,而且零是誠實的 —— 樹上還沒有任何一個 buff 想要一條會隨資源縮水的屬性項。分開兩份 schema 只為了讓其中一邊閉嘴,會讓「percentOf 一定要有來源」這條規則變成兩份(見 schema/common.ts 檔頭對這一點的警告)。機制在 sim/stats/resourceStats.ts。 ⚠️ ⭐ 2026-09-01 改判 `landing` → `debt`（30 天到期，閘要求「⛔ 一個新欄位不可以永遠是新的」）：⭐ 這三格的零**不是一次沒做完的遷移**，是「**這一側今天沒有客戶**」——而道具那一側**早就採用了**（機制因此不在零）。⛔ 把它們留在 `landing` 等於承諾一個**沒有人在做**的遷移，⭐ 而 `debt` 是誠實的那個字。
   • field:abilities.effects[]#applyBuff.critStrike
     ⛔ 2026-09-09 —— `landing` 的 30 天寬限**到期了**（filed 2026-08-09，31 天）。⭐ 到期本身就是答案：一個月過去，內容遷移沒有發生 ⇒ 誠實的狀態是 `debt`，⛔ 不是再展延一次 —— 那會讓這一格永遠是 `landing`，而 `landing` 的用途正好相反。⭐ `debt` 讓它**每一次執行都印在橫幅上**，⛔ 而不是被一個到期的寬限藏起來。⚠️ 這一批 24 筆同一天報備、同一天到期；13 筆是**條件葉**家族 —— 它們的第一份採用者會是**外部編輯器產出的內容**，而社群英雄那條路今天還沒進出貨名單。

── ⭐ 以下是原本的理由，⛔ 一個字都沒有刪（第一·五守則：另存，⛔ 不是壓縮取代）──
同上,暴擊那一半:「這支大招期間 20% 機率 3 倍」在此之前完全沒有形狀。rankedGrants 本來就在跳過過期的 source,所以限時不需要第二個時鐘。
   • field:augments.critStrike
     ⛔ 2026-09-09 —— `landing` 的 30 天寬限**到期了**（filed 2026-08-09，31 天）。⭐ 到期本身就是答案：一個月過去，內容遷移沒有發生 ⇒ 誠實的狀態是 `debt`，⛔ 不是再展延一次 —— 那會讓這一格永遠是 `landing`，而 `landing` 的用途正好相反。⭐ `debt` 讓它**每一次執行都印在橫幅上**，⛔ 而不是被一個到期的寬限藏起來。⚠️ 這一批 24 筆同一天報備、同一天到期；13 筆是**條件葉**家族 —— 它們的第一份採用者會是**外部編輯器產出的內容**，而社群英雄那條路今天還沒進出貨名單。

── ⭐ 以下是原本的理由，⛔ 一個字都沒有刪（第一·五守則：另存，⛔ 不是壓縮取代）──
引擎側已通。⭐ 這一格是 critRules.stackMode:"multiply"(owner 2026-08-09)的理由指向的東西:那條規則存在就是為了「玩家的第二張暴擊卡不可以是廢牌」,而在這一格之前一張卡根本沒有辦法**成為**第二條獨立的暴擊來源(只能加聚合屬性)。零採用是內容決定,不是機制缺席。
   • field:champions.abilities.*.augment
     同上,而且是**鏡像側**:同步方向永遠 standalone→embedded,所以它結構上不可能早於 field:abilities.augment 有採用。兩格要一起刪。 ⚠️ ⭐ 2026-09-08 改判 `landing` → `debt`（30 天到期，閘要求「⛔ 一個新欄位不可以永遠是新的」）：⭐ 這一格的零是**結構性的**（鏡射方向永遠 standalone→embedded，而內嵌側只放 Q/W/E/R）⇒ ⛔ 它**不會**因為時間過去就被採用，`landing` 是一句到期的承諾。⭐ `debt` 是誠實的字：它每一輪都出現在橫幅上，⛔ 而不是假裝有一次遷移正在進行。
   • field:abilities.effects[]#applyBuff.attributes
     ⛔ 2026-09-09 —— `landing` 的 30 天寬限**到期了**（filed 2026-08-09，31 天）。⭐ 到期本身就是答案：一個月過去，內容遷移沒有發生 ⇒ 誠實的狀態是 `debt`，⛔ 不是再展延一次 —— 那會讓這一格永遠是 `landing`，而 `landing` 的用途正好相反。⭐ `debt` 讓它**每一次執行都印在橫幅上**，⛔ 而不是被一個到期的寬限藏起來。⚠️ 這一批 24 筆同一天報備、同一天到期；13 筆是**條件葉**家族 —— 它們的第一份採用者會是**外部編輯器產出的內容**，而社群英雄那條路今天還沒進出貨名單。

── ⭐ 以下是原本的理由，⛔ 一個字都沒有刪（第一·五守則：另存，⛔ 不是壓縮取代）──
限時三圍（「這支大招期間力量 +30」）。以前只有道具授予得起，所以這句話在編輯器上沒有形狀。到期走這份 buff 自己的 expiresAtTick（`sourceAttrGrants` 已經在跳過過期來源），沒有第二個時鐘。
   • field:abilities.passive.ranks[].damageTypeOverride
     ⛔ 2026-09-09 —— `landing` 的 30 天寬限**到期了**（filed 2026-08-09，31 天）。⭐ 到期本身就是答案：一個月過去，內容遷移沒有發生 ⇒ 誠實的狀態是 `debt`，⛔ 不是再展延一次 —— 那會讓這一格永遠是 `landing`，而 `landing` 的用途正好相反。⭐ `debt` 讓它**每一次執行都印在橫幅上**，⛔ 而不是被一個到期的寬限藏起來。⚠️ 這一批 24 筆同一天報備、同一天到期；13 筆是**條件葉**家族 —— 它們的第一份採用者會是**外部編輯器產出的內容**，而社群英雄那條路今天還沒進出貨名單。

── ⭐ 以下是原本的理由，⛔ 一個字都沒有刪（第一·五守則：另存，⛔ 不是壓縮取代）──
天生技授予傷害型別轉換（「這位英雄的普攻無視防禦」在此之前只能靠一件裝備）。與道具同一格、同一個解析器、同一組 scope 語意。
   • field:augments.attributes
     ⛔ 2026-09-09 —— `landing` 的 30 天寬限**到期了**（filed 2026-08-09，31 天）。⭐ 到期本身就是答案：一個月過去，內容遷移沒有發生 ⇒ 誠實的狀態是 `debt`，⛔ 不是再展延一次 —— 那會讓這一格永遠是 `landing`，而 `landing` 的用途正好相反。⭐ `debt` 讓它**每一次執行都印在橫幅上**，⛔ 而不是被一個到期的寬限藏起來。⚠️ 這一批 24 筆同一天報備、同一天到期；13 筆是**條件葉**家族 —— 它們的第一份採用者會是**外部編輯器產出的內容**，而社群英雄那條路今天還沒進出貨名單。

── ⭐ 以下是原本的理由，⛔ 一個字都沒有刪（第一·五守則：另存，⛔ 不是壓縮取代）──
三選一增益卡授予三圍。⚠️ 與 #260 的「能力屬性強化」**不是**同一條路：那張卡走 `ChampionComp.attrBonus`（永久累加），這一格騎在 source 上（卡片被移除就跟著消失），兩者由 `sourceAttrGrants` 折在同一個地方，下游分不出來。
   • field:champions.abilities.*.marks
     具名標記（十二道試煉／風王結界／縮地）剛上架。standalone 那一半已經有使用者（`abilities.marks` = 1/696，`godie-hapm.passive`），紅的是 **champion 文件裡的內嵌鏡像**。⚠️ 這一格的零採用是**結構性的、預期永遠成立的**，不是「還沒有人用」：champion doc 的 `abilities` 只內嵌 Q/W/E/R，PASSIVE 與 EX 走 `passiveAbility`/`exAbility` 兩個字串參照（見 `content/champions/godie-hapm.json`）。而標記天生屬於天生技那一族 —— 它是「這個英雄整場帶著的東西」。所以要讓這一格自然變綠，需要的是一支把標記掛在 Q/W/E/R 上的技能（完全合法，例如「Q 命中累積層數，滿 5 層強化 R」），而不是把十二道試煉搬進鏡像。⛔ 若三十天後仍是 0，正確的處置是問「Q/W/E/R 標記到底該不該存在」，不是延長這筆豁免。 ⚠️ ⭐ 2026-09-08 改判 `landing` → `debt`（30 天到期，閘要求「⛔ 一個新欄位不可以永遠是新的」）：⭐ 這一格的零是**結構性的**（鏡射方向永遠 standalone→embedded，而內嵌側只放 Q/W/E/R）⇒ ⛔ 它**不會**因為時間過去就被採用，`landing` 是一句到期的承諾。⭐ `debt` 是誠實的字：它每一輪都出現在橫幅上，⛔ 而不是假裝有一次遷移正在進行。
   • field:items.auras[].lingerSec
     WC3's aura buff-tail. There is NO number to port — `Dur`/`HeroDur` is 0 on all 32 stock aura rows (see zAuraDef.lingerSec), so an authored value is a design choice or the anti-flicker knob. The three item auras shipped today are all pure in/out, which is the intended resting state.
   • field:abilities.passive.ranks[].auras[].lingerSec
     MEASURED, there is no number to port: `Dur1`/`HeroDur1` is 0 on all 32 stock aura rows AND on both imported auras (`A0GM`, `A0ID`). WC3's tail is ENGINE behaviour; authoring one would be inventing content. If we ever want it, it is uniform across every aura and belongs in a 後台-tunable default, not per-doc.
   • enum:abilities.passive.ranks[].auras[].affects=all
     A DECISION, not a migration. No teamless unit can receive an aura under any value of `affects` (`world.stats.set` is called only in spawnChampion.ts / auraCarrier.ts), and 0 of the 86 aura-derived map abilities target friend and enemy together. Either author the first friend-and-foe aura or DELETE the member together with `AuraAffects` and the `affects === "all"` early-return in `affectsTarget`.
   • enum:abilities.effects[]#invulnerable.applyTo=target
     Has REAL JASS provenance — war3map.j:51731 (52-02 蹂躪編年史) and :52065 (52-002 射殺百頭) both add 'Avul' to the spell TARGET — plus the AoE form 29-03 有功夫無懦夫「統統進入無敵狀態」. Not bound yet because in the source the victim's Avul is a mechanic shield removed (:51835) before the ability's own damage lands; porting it literally would make the skill refuse its own damage. Needs an owner decision (fidelity vs. the simpler self-window), which is why the 30-day clock is the right pressure here.
   • enum:abilities.effects[]#invulnerable.blocksDamage=physical
     No 物理免疫-only ability is known in this map; the enum member exists for symmetry. If this is still empty when the grace expires, the honest outcome is `debt` or removing the member.
   • enum:abilities.effects[]#championForm.to=base
     `to: "base"` is a MANUAL cancel — 'drop the form now, before it expires'. No w3x ability asks for one: all 26 metamorphoses either time out on `ahdu` or are toggles, and the automatic reverts (expiry, death, combat end) go through `revertToBaseForm` in ChampionFormSystem, not through an authored effect. It is exercised by championFormContent.test.ts on all 26 pairs, so the direction works; what is missing is a DESIGN decision that some hero should be able to cancel early. Resolve by authoring it on that hero, or reclassify to "runtime-authored" once the owner rules that no hero ever will.
   • enum:abilities.effects[]#shield.absorbs=physical
     the sim honours it (sim/effects/shieldAbsorb.test.ts drives a real step for every member) but NO shipped doc is a physical-only barrier: the map's three shield spells are 破法對咒 (magic, now authored), 守護之光 「阻擋任何傷害」 and 機警 「可抵擋90%傷害」, both genuinely all-type. The member exists because the enum mirrors `DamageType` — the seam's stated reason (sim/effects/effect.ts) — not because content asked. Kept `debt` rather than `landing` so it stays in the banner instead of expiring into silence; delete this entry when a physical-only barrier is imported, or narrow the enum to `"all" | "magic"` if owner rules none ever will be.
   • enum:abilities.effects[]#shield.absorbs=true
     same story as the physical member, one step further: a true-damage-absorbing pool would also eat the arena fire ring (#270 made the burn true damage), which is a balance decision nobody has made. Live in the sim, unused by content, deliberately visible here until it is either authored or removed.
   • field:models.voxel
     task #229's 鑄形工坊 studio authors this block and task #226's `pnpm voxel:gen` consumes it; the field is the seam BETWEEN the two, so it lands with the schema and is populated when the first generated model doc is written (the studio's own save, or #226's five archetype docs). Zero adoption today is correct — no generated model exists yet — and NOT permanent: `packages/shared/src/voxel/doc.test.ts` proves a populated doc validates, so the only thing missing is a saved character. Delete this entry the moment one lands. ⚠️ 2026-08-26: re-filed from `landing` to `debt` — the 30-day grace expired and no generated model doc has been written since 2026-07-26. Nothing about the seam changed; what changed is the honesty of the label: `landing` promised imminent adoption and that promise is a month old. `debt` keeps it visible in the banner every run instead of expiring into silence.
   • field:champions.baseAttackTime
     task #144 (per-champion w3x movement/attack speed) is still pending, so all 113 champions use BasicAttackSystem.ts:173's `?? 1.0` and every hero attacks at the same base cadence — the w3x per-hero values were never imported.
   • field:items.passive[].damageType
     ⏳ 2026-09-05 —— landing 到期（31 天）⇒ 誠實改成 debt。⭐ 遷移沒有發生，而**理由沒有變**：天堂之劍仍然是這一格最接近的第一個採用者，卡住它的與 `damageCrit` 是同一件事（缺「治療觸發這一發的 X%」原語）。⛔ 不再續一次 landing —— 那會讓寬限變成一個可以無限展期的東西，而它存在的意義正好相反。（原文）同上,道具那一面的同一格。天堂之劍正是一件道具,所以它會是這一格的第一個採用者。
   • field:items.passive[].damageCrit
     ⏳ 2026-09-05 —— landing 到期（31 天）⇒ 誠實改成 debt。⭐ 缺的原語仍然是「治療觸發這一發的 X%」（`heal` 只吃 zScaling，對稱的 `damage.incoming` 那一半還沒有）。⛔ 不續 landing。（原文）道具那一面的【暴擊時】。這四格裡它是最接近被採用的一格 —— 天堂之劍 godie-i01n 是一件道具,它的文案「暴擊時吸血回復100%傷害」就是這一格的第一個消費者,卡住它的是缺一個「治療觸發這一發的 X%」原語(`heal` 只吃 zScaling,對稱的 `damage.incomingPct` 是傷害不是治療)。
   • enum:items.craftRole=direct
     extract_item_roles.py recovers 7 roles from the map triggers and assigned `direct` to nothing across 214 items. Either the extractor never emits it (a recovery gap worth checking against the JASS) or the role is redundant and should leave the enum.
   • field:abilities.template|0.cards[].version
     the §5 breaking-migration hook. zAbilityTemplateCard accepts it, but NOTHING reads it — normalizeTemplateBinding/expandStack never branch on a card version, so a doc that set it would be inert (the same shape as the onLevelUp hook above). Resolve by implementing version-aware re-expansion or by deleting the member — do not 'adopt' it.
   • variant:abilities.effects[]#evasion
     GH#289 lane P5 landed the MECHANISM (sim/effects/evasion.ts + the DECISION-5 ability channel in combat/evasion.ts); the content half is a separate lane and content/ is a single-threaded domain this session. NOT 'nobody needs it' — the source map has named abilities waiting: the timed-dodge shape is 12-00 感應意脈 (+20% 迴避), 74-00 JENOVA (15%), 92-00 憂鬱的眼神 (18%). Note the STAT half is already adopted (13 content files author `stat: evasion` on 3 champion docs, 8 ability docs and the phantom-step augment), so what is unadopted is specifically the TIMED-GRANT effect variant, not the evasion axis. Resolve by porting one of those three onto an `evasion` effect with an explicit durationSec; the 30-day expiry is the reminder, because 'the primitive landed, the content did not' is exactly the S8 this census exists to catch.
   • enum:abilities.effects[]#applyBuff.condition|0|2|0.op=!=
     比較運算子,鑄技工坊 ConditionEditor 的下拉選單成員之一(apps/editor/src/forge/ConditionEditor.tsx)。出貨的條件卡都是門檻式(`<=` / `>`),沒有一張需要相等比較。第一個自然的採用者是「等級剛好 N」或「層數 == 上限」這種整數比較 —— 目前沒有這種卡。若 30 天後仍是 0,誠實的結論是這兩個成員該從 zCondition 拿掉,而不是硬編一張卡去餵它。
   • enum:abilities.effects[]#applyBuff.condition|0|2|0.op===
     同上。相等比較在整數軸(level / 層數)才有意義,而條件目前唯一被授權的整數軸是 level,還沒有卡用它。
   • enum:abilities.effects[]#applyBuff.condition|0|2|1.stat=agi
     同 stat=ad。三圍軸(str/agi/int)在 #248 之後才真的活起來(三圍→AD/攻速/AP),條件讀它是下一步而不是這一步。
   • enum:abilities.effects[]#applyBuff.condition|0|2|1.stat=armor
     條件的防禦軸。同一條 `stat` 分支,已由 hp 證明會動。防禦門檻的自然客戶是穿透類:「對防禦高於 N 的目標改走真實傷害」—— 這正是 owner 2026-07-30 講的「>=< 某個常數或某個數值條件」在坦克向上的讀法,所以是 landing 不是 debt。
   • enum:abilities.effects[]#applyBuff.condition|0|2|1.stat=attackSpeed
     條件的攻速軸。同一條 `stat` 分支。自然客戶是攻速流的「攻速達上限後把溢出換成傷害」—— 要等 #286(攻速解鎖上限 10.0)落地才有意義,所以它排在那張票後面。
   • enum:abilities.effects[]#applyBuff.condition|0|2|1.stat=int
     條件的智力軸。三圍(str/agi/int)在 #248 之後才真的活起來(三圍→AD/攻速/AP),而條件讀三圍是再下一步:今天所有「智力達 X」的敘述都寫在描述文字裡,沒有一支變成可判定的門檻。
   • enum:abilities.effects[]#applyBuff.condition|0|2|1.stat=magicResist
     條件的魔抗軸。同 armor,兩者在 w3x 的敘述裡幾乎總是成對出現(「防禦或魔抗高於 N」),所以它們會同時被採用或同時留在 0。
   • enum:abilities.effects[]#applyBuff.condition|0|2|1.stat=moveSpeed
     條件的移速軸。同一條 `stat` 分支。自然客戶是追擊類的「目標移速低於 N 時追加傷害」(配合減速),w3x 有這個家族但今天都只做了減速那一半。
   • enum:abilities.effects[]#applyBuff.condition|0|2|1.stat=str
     條件的力量軸。同 int:三圍在 #248 之後才活,而條件讀三圍還沒有任何一張卡。力量門檻的自然客戶是「力量高於 N 時擊退距離加倍」這種近戰卡。
   • enum:abilities.effects[]#applyBuff.hooks[].damageSource=nonBasic
     「只吃**非**普攻的那一發」。`"basic"` 出貨當天就有客戶(反射之盾 godie-i03m 的「反彈普通攻擊傷害 200%」),反向的還沒有。自然的第一個客戶是 w3x 的**法術**反傷/吸收家族(魔法護盾一類:普攻照打、技能才反彈),GGD 今天把那一族全部做成 `shield` 或 `invulnerable.blocksDamage`,沒有一支走 onDamageTaken 的封包過濾。30 天後仍為 0 的話,要問的是「那一族該不該改用這條路」,不是把這一條續期。 ⚠️ ⭐ 2026-09-01 改判 `landing` → `debt`（30 天到期，閘要求「⛔ 一個新欄位不可以永遠是新的」）：⭐ 這三格的零**不是一次沒做完的遷移**，是「**這一側今天沒有客戶**」——而道具那一側**早就採用了**（機制因此不在零）。⛔ 把它們留在 `landing` 等於承諾一個**沒有人在做**的遷移，⭐ 而 `debt` 是誠實的那個字。
   • enum:abilities.passive.ranks[].whileForm=base
     「只有本體形態才生效」的天生技。第三個成員裡唯一沒有客戶的一個:出貨的變身天生技都是「變身後才有」(alternate),還沒有一支是「變身後就失去」。w3x 裡這種存在(本體的被動在 Emeu 那半邊沒有被登記),所以這是待補的內容不是多餘的成員。
   • field:champions.healthRegenPctOfMax
     8/1 做的「每秒回最大生命的 N%」機制還活著、還可調、還有行為守衛(`sim/berserkerPctRegen.test.ts` 用手寫夾具跑真世界),但 8/2 之後**沒有任何一位出貨英雄填它**。留著而不是刪掉是刻意的:owner 在 24 小時內把這件事翻過一次面,下一次翻回來時它必須是「英雄卡上填一個數字」,不是一次 schema 改動 + rebuild + 部署(CLAUDE.md 第一守則)。⚠️ 這條豁免說的是「今天 0 筆是對的」,不是「這個機制不用測」——`berserkerPctRegen.test.ts` 另有一條掃全 119 份英雄卡的守衛釘住「真的沒有人填」,所以第一位採用者出現的那一天,那一條會紅,而**這條豁免就該被刪掉**。
   • field:abilities.effects[]#applyStatus.breakOnDamageMin
     ⏳ 2026-09-05 —— landing 到期（31 天）⇒ 誠實改成 debt。⭐ 與 `breakOnDamage` 同一批；省略 = 0 = WC3 沉睡的語意，所以**零採用正是它該有的樣子**。（原文）睡眠的打醒門檻。省略 = 0 = 任何傷害都醒(WC3 沉睡的語意),所以**零採用正是** 它該有的樣子。它存在的理由是第 3 回合之後場上到處是 DoT:一個「被燃燒每 tick 3 點打醒」的睡眠等於沒有睡眠,而那是設計決定不是常數。與 `breakOnDamage` 同一批。
   • enum:abilities.effects[]#applyBuff.hooks[].on=onGuardianDown
     ⏳ 2026-09-06 —— landing 到期（31 天）⇒ 誠實改成 debt（閘要求「一個新欄位不可以永遠是新的」）。⭐ 這一側今天沒有內容客戶：沒有任何一支技能在守衛塔倒下時要觸發什麼，⛔ 不是一次沒做完的遷移。守衛塔倒下(世界廣播)。⚠️ 打倒守衛塔**不發 `onKill`**(獎勵由 GuardianSystem 自己付),所以在這個成員之前,「塔倒了」在內容側完全接不到。⭐ 它同時是 GH#263(拆塔即勝)的掛載點。
   • field:abilities.effects[]#championForm.condition
     ⛔ 2026-09-09 —— `landing` 的 30 天寬限**到期了**（filed 2026-08-09，31 天）。⭐ 到期本身就是答案：一個月過去，內容遷移沒有發生 ⇒ 誠實的狀態是 `debt`，⛔ 不是再展延一次 —— 那會讓這一格永遠是 `landing`，而 `landing` 的用途正好相反。⭐ `debt` 讓它**每一次執行都印在橫幅上**，⛔ 而不是被一個到期的寬限藏起來。⚠️ 這一批 24 筆同一天報備、同一天到期；13 筆是**條件葉**家族 —— 它們的第一份採用者會是**外部編輯器產出的內容**，而社群英雄那條路今天還沒進出貨名單。

── ⭐ 以下是原本的理由，⛔ 一個字都沒有刪（第一·五守則：另存，⛔ 不是壓縮取代）──
效果上的觸發條件（owner 2026-08-09 裁決，GH#300）。共用 EFFECT_COMMON_SHAPE 的**同一格**，普查在 19 個 kind 節點各看到一次；型別/求值器/葉子與 hook 上的那一格逐字相同。零採用＝owner 手動重製中的 90 支技能還沒進 content/abilities/，⛔ 不是機制缺席。⚠️ 求值端（逐一過濾目標）由 lane A 接。
   • field:abilities.effects[]#damageLine.condition
     ⛔ 2026-09-09 —— `landing` 的 30 天寬限**到期了**（filed 2026-08-09，31 天）。⭐ 到期本身就是答案：一個月過去，內容遷移沒有發生 ⇒ 誠實的狀態是 `debt`，⛔ 不是再展延一次 —— 那會讓這一格永遠是 `landing`，而 `landing` 的用途正好相反。⭐ `debt` 讓它**每一次執行都印在橫幅上**，⛔ 而不是被一個到期的寬限藏起來。⚠️ 這一批 24 筆同一天報備、同一天到期；13 筆是**條件葉**家族 —— 它們的第一份採用者會是**外部編輯器產出的內容**，而社群英雄那條路今天還沒進出貨名單。

── ⭐ 以下是原本的理由，⛔ 一個字都沒有刪（第一·五守則：另存，⛔ 不是壓縮取代）──
效果上的觸發條件（owner 2026-08-09 裁決，GH#300）。共用 EFFECT_COMMON_SHAPE 的**同一格**，普查在 19 個 kind 節點各看到一次；型別/求值器/葉子與 hook 上的那一格逐字相同。零採用＝owner 手動重製中的 90 支技能還沒進 content/abilities/，⛔ 不是機制缺席。⚠️ 求值端（逐一過濾目標）由 lane A 接。
   • field:abilities.effects[]#dash.condition
     ⛔ 2026-09-09 —— `landing` 的 30 天寬限**到期了**（filed 2026-08-09，31 天）。⭐ 到期本身就是答案：一個月過去，內容遷移沒有發生 ⇒ 誠實的狀態是 `debt`，⛔ 不是再展延一次 —— 那會讓這一格永遠是 `landing`，而 `landing` 的用途正好相反。⭐ `debt` 讓它**每一次執行都印在橫幅上**，⛔ 而不是被一個到期的寬限藏起來。⚠️ 這一批 24 筆同一天報備、同一天到期；13 筆是**條件葉**家族 —— 它們的第一份採用者會是**外部編輯器產出的內容**，而社群英雄那條路今天還沒進出貨名單。

── ⭐ 以下是原本的理由，⛔ 一個字都沒有刪（第一·五守則：另存，⛔ 不是壓縮取代）──
效果上的觸發條件（owner 2026-08-09 裁決，GH#300）。共用 EFFECT_COMMON_SHAPE 的**同一格**，普查在 19 個 kind 節點各看到一次；型別/求值器/葉子與 hook 上的那一格逐字相同。零採用＝owner 手動重製中的 90 支技能還沒進 content/abilities/，⛔ 不是機制缺席。⚠️ 求值端（逐一過濾目標）由 lane A 接。
   • field:abilities.effects[]#grantAttribute.condition
     ⛔ 2026-09-09 —— `landing` 的 30 天寬限**到期了**（filed 2026-08-09，31 天）。⭐ 到期本身就是答案：一個月過去，內容遷移沒有發生 ⇒ 誠實的狀態是 `debt`，⛔ 不是再展延一次 —— 那會讓這一格永遠是 `landing`，而 `landing` 的用途正好相反。⭐ `debt` 讓它**每一次執行都印在橫幅上**，⛔ 而不是被一個到期的寬限藏起來。⚠️ 這一批 24 筆同一天報備、同一天到期；13 筆是**條件葉**家族 —— 它們的第一份採用者會是**外部編輯器產出的內容**，而社群英雄那條路今天還沒進出貨名單。

── ⭐ 以下是原本的理由，⛔ 一個字都沒有刪（第一·五守則：另存，⛔ 不是壓縮取代）──
效果上的觸發條件（owner 2026-08-09 裁決，GH#300）。共用 EFFECT_COMMON_SHAPE 的**同一格**，普查在 19 個 kind 節點各看到一次；型別/求值器/葉子與 hook 上的那一格逐字相同。零採用＝owner 手動重製中的 90 支技能還沒進 content/abilities/，⛔ 不是機制缺席。⚠️ 求值端（逐一過濾目標）由 lane A 接。
   • field:abilities.effects[]#invulnerable.condition
     ⛔ 2026-09-09 —— `landing` 的 30 天寬限**到期了**（filed 2026-08-09，31 天）。⭐ 到期本身就是答案：一個月過去，內容遷移沒有發生 ⇒ 誠實的狀態是 `debt`，⛔ 不是再展延一次 —— 那會讓這一格永遠是 `landing`，而 `landing` 的用途正好相反。⭐ `debt` 讓它**每一次執行都印在橫幅上**，⛔ 而不是被一個到期的寬限藏起來。⚠️ 這一批 24 筆同一天報備、同一天到期；13 筆是**條件葉**家族 —— 它們的第一份採用者會是**外部編輯器產出的內容**，而社群英雄那條路今天還沒進出貨名單。

── ⭐ 以下是原本的理由，⛔ 一個字都沒有刪（第一·五守則：另存，⛔ 不是壓縮取代）──
效果上的觸發條件（owner 2026-08-09 裁決，GH#300）。共用 EFFECT_COMMON_SHAPE 的**同一格**，普查在 19 個 kind 節點各看到一次；型別/求值器/葉子與 hook 上的那一格逐字相同。零採用＝owner 手動重製中的 90 支技能還沒進 content/abilities/，⛔ 不是機制缺席。⚠️ 求值端（逐一過濾目標）由 lane A 接。
   • field:abilities.effects[]#leap.condition
     ⛔ 2026-09-09 —— `landing` 的 30 天寬限**到期了**（filed 2026-08-09，31 天）。⭐ 到期本身就是答案：一個月過去，內容遷移沒有發生 ⇒ 誠實的狀態是 `debt`，⛔ 不是再展延一次 —— 那會讓這一格永遠是 `landing`，而 `landing` 的用途正好相反。⭐ `debt` 讓它**每一次執行都印在橫幅上**，⛔ 而不是被一個到期的寬限藏起來。⚠️ 這一批 24 筆同一天報備、同一天到期；13 筆是**條件葉**家族 —— 它們的第一份採用者會是**外部編輯器產出的內容**，而社群英雄那條路今天還沒進出貨名單。

── ⭐ 以下是原本的理由，⛔ 一個字都沒有刪（第一·五守則：另存，⛔ 不是壓縮取代）──
效果上的觸發條件（owner 2026-08-09 裁決，GH#300）。共用 EFFECT_COMMON_SHAPE 的**同一格**，普查在 19 個 kind 節點各看到一次；型別/求值器/葉子與 hook 上的那一格逐字相同。零採用＝owner 手動重製中的 90 支技能還沒進 content/abilities/，⛔ 不是機制缺席。⚠️ 求值端（逐一過濾目標）由 lane A 接。
   • field:abilities.effects[]#spawnProjectile.condition
     ⛔ 2026-09-09 —— `landing` 的 30 天寬限**到期了**（filed 2026-08-09，31 天）。⭐ 到期本身就是答案：一個月過去，內容遷移沒有發生 ⇒ 誠實的狀態是 `debt`，⛔ 不是再展延一次 —— 那會讓這一格永遠是 `landing`，而 `landing` 的用途正好相反。⭐ `debt` 讓它**每一次執行都印在橫幅上**，⛔ 而不是被一個到期的寬限藏起來。⚠️ 這一批 24 筆同一天報備、同一天到期；13 筆是**條件葉**家族 —— 它們的第一份採用者會是**外部編輯器產出的內容**，而社群英雄那條路今天還沒進出貨名單。

── ⭐ 以下是原本的理由，⛔ 一個字都沒有刪（第一·五守則：另存，⛔ 不是壓縮取代）──
效果上的觸發條件（owner 2026-08-09 裁決，GH#300）。共用 EFFECT_COMMON_SHAPE 的**同一格**，普查在 19 個 kind 節點各看到一次；型別/求值器/葉子與 hook 上的那一格逐字相同。零採用＝owner 手動重製中的 90 支技能還沒進 content/abilities/，⛔ 不是機制缺席。⚠️ 求值端（逐一過濾目標）由 lane A 接。
   • field:abilities.effects[]#spendMana.condition
     ⛔ 2026-09-09 —— `landing` 的 30 天寬限**到期了**（filed 2026-08-09，31 天）。⭐ 到期本身就是答案：一個月過去，內容遷移沒有發生 ⇒ 誠實的狀態是 `debt`，⛔ 不是再展延一次 —— 那會讓這一格永遠是 `landing`，而 `landing` 的用途正好相反。⭐ `debt` 讓它**每一次執行都印在橫幅上**，⛔ 而不是被一個到期的寬限藏起來。⚠️ 這一批 24 筆同一天報備、同一天到期；13 筆是**條件葉**家族 —— 它們的第一份採用者會是**外部編輯器產出的內容**，而社群英雄那條路今天還沒進出貨名單。

── ⭐ 以下是原本的理由，⛔ 一個字都沒有刪（第一·五守則：另存，⛔ 不是壓縮取代）──
效果上的觸發條件（owner 2026-08-09 裁決，GH#300）。共用 EFFECT_COMMON_SHAPE 的**同一格**，普查在 19 個 kind 節點各看到一次；型別/求值器/葉子與 hook 上的那一格逐字相同。零採用＝owner 手動重製中的 90 支技能還沒進 content/abilities/，⛔ 不是機制缺席。⚠️ 求值端（逐一過濾目標）由 lane A 接。
   • field:abilities.effects[]#knockback.launchDistance
     ⛔ 2026-09-09 —— `landing` 的 30 天寬限**到期了**（filed 2026-08-09，31 天）。⭐ 到期本身就是答案：一個月過去，內容遷移沒有發生 ⇒ 誠實的狀態是 `debt`，⛔ 不是再展延一次 —— 那會讓這一格永遠是 `landing`，而 `landing` 的用途正好相反。⭐ `debt` 讓它**每一次執行都印在橫幅上**，⛔ 而不是被一個到期的寬限藏起來。⚠️ 這一批 24 筆同一天報備、同一天到期；13 筆是**條件葉**家族 —— 它們的第一份採用者會是**外部編輯器產出的內容**，而社群英雄那條路今天還沒進出貨名單。

── ⭐ 以下是原本的理由，⛔ 一個字都沒有刪（第一·五守則：另存，⛔ 不是壓縮取代）──
擊飛四檔落點（owner 2026-08-09，GH#301-1：「應該要可以[指定落點]，但簡化成 一小段/預設/一大段/到底部 四種」）。省略＝default＝今天的推算行為，所以既有 5 份文件一格都不用改。⭐ 引擎側**已經落地**（`sim/effects/knockback.ts` 的 `tierDistance`），四檔的實際距離住在 `config.combat-feel@1` 的 `knockback.launchShortUnits` / `launchLongUnits` / `launchEdgeUsesFireRing`（⛔ 不是引擎常數，第一守則）。零採用＝owner 手動重製中的技能還沒挑這一格。
   • enum:abilities.effects[]#applyBuff.hooks[].on=onShieldGained
     ⛔ 2026-09-09 —— `landing` 的 30 天寬限**到期了**（filed 2026-08-09，31 天）。⭐ 到期本身就是答案：一個月過去，內容遷移沒有發生 ⇒ 誠實的狀態是 `debt`，⛔ 不是再展延一次 —— 那會讓這一格永遠是 `landing`，而 `landing` 的用途正好相反。⭐ `debt` 讓它**每一次執行都印在橫幅上**，⛔ 而不是被一個到期的寬限藏起來。⚠️ 這一批 24 筆同一天報備、同一天到期；13 筆是**條件葉**家族 —— 它們的第一份採用者會是**外部編輯器產出的內容**，而社群英雄那條路今天還沒進出貨名單。

── ⭐ 以下是原本的理由，⛔ 一個字都沒有刪（第一·五守則：另存，⛔ 不是壓縮取代）──
護盾產生時。持有者＝拿到護盾的人,target＝給護盾的人。✅ 發射點已接（GH#300）：`effects/shield.ts` 每一次 `addShield` 發一則 `shieldGained`，`systems/WorldHookSystem.ts` 那張表轉成 hook。⚠️ 口徑是「新出現一片盾」不是「這個人身上的盾變多了」——一發 AoE 給三個人＝三則。零採用＝owner 手動重製中的技能還沒進 content/abilities/。
   • field:abilities.effects[]#devour.condition
     ⛔ 2026-09-09 —— `landing` 的 30 天寬限**到期了**（filed 2026-08-09，31 天）。⭐ 到期本身就是答案：一個月過去，內容遷移沒有發生 ⇒ 誠實的狀態是 `debt`，⛔ 不是再展延一次 —— 那會讓這一格永遠是 `landing`，而 `landing` 的用途正好相反。⭐ `debt` 讓它**每一次執行都印在橫幅上**，⛔ 而不是被一個到期的寬限藏起來。⚠️ 這一批 24 筆同一天報備、同一天到期；13 筆是**條件葉**家族 —— 它們的第一份採用者會是**外部編輯器產出的內容**，而社群英雄那條路今天還沒進出貨名單。

── ⭐ 以下是原本的理由，⛔ 一個字都沒有刪（第一·五守則：另存，⛔ 不是壓縮取代）──
效果上的觸發條件（owner 2026-08-09 裁決，GH#300）。共用 EFFECT_COMMON_SHAPE 的**同一格**，普查在每一個 kind 節點各看到一次；型別/求值器/葉子與 hook 上的那一格逐字相同。⚠️ 這一個 kind 的節點是 2026-08-12 才**第一次可回報**的（父 variant 被採用，reach 跨過 MIN_REACH），所以 since 跟著機制落地的那天走，與另外 19 筆同一個時鐘、同一天到期。零採用＝重製那一批沒有一支需要逐目標過濾，⛔ 不是機制缺席。
   • field:abilities.effects[]#randomArea.condition
     ⛔ 2026-09-09 —— `landing` 的 30 天寬限**到期了**（filed 2026-08-09，31 天）。⭐ 到期本身就是答案：一個月過去，內容遷移沒有發生 ⇒ 誠實的狀態是 `debt`，⛔ 不是再展延一次 —— 那會讓這一格永遠是 `landing`，而 `landing` 的用途正好相反。⭐ `debt` 讓它**每一次執行都印在橫幅上**，⛔ 而不是被一個到期的寬限藏起來。⚠️ 這一批 24 筆同一天報備、同一天到期；13 筆是**條件葉**家族 —— 它們的第一份採用者會是**外部編輯器產出的內容**，而社群英雄那條路今天還沒進出貨名單。

── ⭐ 以下是原本的理由，⛔ 一個字都沒有刪（第一·五守則：另存，⛔ 不是壓縮取代）──
效果上的觸發條件（owner 2026-08-09 裁決，GH#300）。共用 EFFECT_COMMON_SHAPE 的**同一格**，普查在每一個 kind 節點各看到一次；型別/求值器/葉子與 hook 上的那一格逐字相同。⚠️ 這一個 kind 的節點是 2026-08-12 才**第一次可回報**的（父 variant 被採用，reach 跨過 MIN_REACH），所以 since 跟著機制落地的那天走，與另外 19 筆同一個時鐘、同一天到期。零採用＝重製那一批沒有一支需要逐目標過濾，⛔ 不是機制缺席。


 ✓ packages/shared/src/content/fieldAdoption.test.ts (10 tests) 2412ms
   ✓ field adoption census (recipe S8: mechanism shipped, content 0) > the census is deterministic — same store, same rows, same order 506ms

 Test Files  1 passed (1)
      Tests  10 passed (10)
   Start at  00:37:56
   Duration  5.98s (transform 1.97s, setup 0ms, collect 2.90s, tests 2.41s, environment 0ms, prepare 107ms)

