2026-09-09T17:07:41.4995365Z Current runner version: '2.337.0'
2026-09-09T17:07:41.5022296Z ##[group]Runner Image Provisioner
2026-09-09T17:07:41.5023361Z Hosted Compute Agent
2026-09-09T17:07:41.5023963Z Version: 20260828.587
2026-09-09T17:07:41.5024642Z Commit: abac92662cab4cc7352de4f9f9d2e2419aad9c29
2026-09-09T17:07:41.5025500Z Build Date: 2026-08-28T16:44:25Z
2026-09-09T17:07:41.5026238Z Worker ID: {9e227b68-503d-4f5d-a1cc-93dfa1f6b56b}
2026-09-09T17:07:41.5027006Z Azure Region: westus
2026-09-09T17:07:41.5027567Z ##[endgroup]
2026-09-09T17:07:41.5029135Z ##[group]Operating System
2026-09-09T17:07:41.5029890Z Ubuntu
2026-09-09T17:07:41.5030484Z 24.04.5
2026-09-09T17:07:41.5031098Z LTS
2026-09-09T17:07:41.5031615Z ##[endgroup]
2026-09-09T17:07:41.5032532Z ##[group]Runner Image
2026-09-09T17:07:41.5033259Z Image: ubuntu-24.04
2026-09-09T17:07:41.5033885Z Version: 20260907.300.1
2026-09-09T17:07:41.5035197Z Included Software: https://github.com/actions/runner-images/blob/ubuntu24/20260907.300/images/ubuntu/Ubuntu2404-Readme.md
2026-09-09T17:07:41.5036794Z Image Release: https://github.com/actions/runner-images/releases/tag/ubuntu24%2F20260907.300
2026-09-09T17:07:41.5037887Z ##[endgroup]
2026-09-09T17:07:41.5039115Z ##[group]GITHUB_TOKEN Permissions
2026-09-09T17:07:41.5041099Z Contents: read
2026-09-09T17:07:41.5041735Z Metadata: read
2026-09-09T17:07:41.5042607Z Packages: read
2026-09-09T17:07:41.5043226Z ##[endgroup]
2026-09-09T17:07:41.5045403Z Secret source: Actions
2026-09-09T17:07:41.5046601Z Prepare workflow directory
2026-09-09T17:07:41.5497147Z Prepare all required actions
2026-09-09T17:07:41.5558515Z Getting action download info
2026-09-09T17:07:41.9726324Z Download action repository 'actions/checkout@v4' (SHA:11d5960a326750d5838078e36cf38b85af677262)
2026-09-09T17:07:42.0960257Z Download action repository 'pnpm/action-setup@v4' (SHA:b906affcce14559ad1aafd4ab0e942779e9f58b1)
2026-09-09T17:07:42.6327231Z Download action repository 'actions/setup-node@v4' (SHA:49933ea5288caeca8642d1e84afbd3f7d6820020)
2026-09-09T17:07:42.7226079Z Download action repository 'actions/setup-go@v5' (SHA:40f1582b2485089dde7abd97c1529aa768e1baff)
2026-09-09T17:07:43.2007924Z Download action repository 'actions/upload-artifact@v4' (SHA:ea165f8d65b6e75b540449e92b4886f43607fa02)
2026-09-09T17:07:43.4202231Z Complete job name: unit
2026-09-09T17:07:43.5227234Z Node 20 is being deprecated. This workflow is running with Node 24 by default. If you need to temporarily use Node 20, you can set the ACTIONS_ALLOW_USE_UNSECURE_NODE_VERSION=true environment variable. For more information see: https://github.blog/changelog/2025-09-19-deprecation-of-node-20-on-github-actions-runners/
2026-09-09T17:07:43.5235985Z ##[group]Run actions/checkout@v4
2026-09-09T17:07:43.5236789Z with:
2026-09-09T17:07:43.5237210Z   fetch-depth: 0
2026-09-09T17:07:43.5237554Z   repository: adms/GGD
2026-09-09T17:07:43.5240836Z   token: ***
2026-09-09T17:07:43.5241175Z   ssh-strict: true
2026-09-09T17:07:43.5241498Z   ssh-user: git
2026-09-09T17:07:43.5241833Z   persist-credentials: true
2026-09-09T17:07:43.5242427Z   clean: true
2026-09-09T17:07:43.5242767Z   sparse-checkout-cone-mode: true
2026-09-09T17:07:43.5243163Z   fetch-tags: false
2026-09-09T17:07:43.5243500Z   show-progress: true
2026-09-09T17:07:43.5243830Z   lfs: false
2026-09-09T17:07:43.5244188Z   submodules: false
2026-09-09T17:07:43.5244525Z   set-safe-directory: true
2026-09-09T17:07:43.5244907Z   allow-unsafe-pr-checkout: false
2026-09-09T17:07:43.5245558Z env:
2026-09-09T17:07:43.5245881Z   GO_VERSION: 1.25.14
2026-09-09T17:07:43.5246213Z ##[endgroup]
2026-09-09T17:07:43.6382838Z Syncing repository: adms/GGD
2026-09-09T17:07:43.6385342Z ##[group]Getting Git version info
2026-09-09T17:07:43.6386266Z Working directory is '/home/runner/work/GGD/GGD'
2026-09-09T17:07:43.6387629Z [command]/usr/bin/git version
2026-09-09T17:07:43.6514552Z git version 2.55.0
2026-09-09T17:07:43.6547131Z ##[endgroup]
2026-09-09T17:07:43.6555668Z Temporarily overriding HOME='/home/runner/work/_temp/665a9fc4-7368-491f-ac03-4125f70a3545' before making global git config changes
2026-09-09T17:07:43.6557000Z Adding repository directory to the temporary git global config as a safe directory
2026-09-09T17:07:43.6562278Z [command]/usr/bin/git config --global --add safe.directory /home/runner/work/GGD/GGD
2026-09-09T17:07:43.6623902Z Deleting the contents of '/home/runner/work/GGD/GGD'
2026-09-09T17:07:43.6625281Z ##[group]Initializing the repository
2026-09-09T17:07:43.6626129Z [command]/usr/bin/git init /home/runner/work/GGD/GGD
2026-09-09T17:07:43.6742479Z hint: Using 'master' as the name for the initial branch. This default branch name
2026-09-09T17:07:43.6746345Z hint: will change to "main" in Git 3.0. To configure the initial branch name
2026-09-09T17:07:43.6747547Z hint: to use in all of your new repositories, which will suppress this warning,
2026-09-09T17:07:43.6748542Z hint: call:
2026-09-09T17:07:43.6749103Z hint:
2026-09-09T17:07:43.6749812Z hint: 	git config --global init.defaultBranch <name>
2026-09-09T17:07:43.6750550Z hint:
2026-09-09T17:07:43.6751262Z hint: Names commonly chosen instead of 'master' are 'main', 'trunk' and
2026-09-09T17:07:43.6752657Z hint: 'development'. The just-created branch can be renamed via this command:
2026-09-09T17:07:43.6753597Z hint:
2026-09-09T17:07:43.6754174Z hint: 	git branch -m <name>
2026-09-09T17:07:43.6754773Z hint:
2026-09-09T17:07:43.6755545Z hint: Disable this message with "git config set advice.defaultBranchName false"
2026-09-09T17:07:43.6756724Z Initialized empty Git repository in /home/runner/work/GGD/GGD/.git/
2026-09-09T17:07:43.6760538Z [command]/usr/bin/git remote add origin https://github.com/adms/GGD
2026-09-09T17:07:43.6812790Z ##[endgroup]
2026-09-09T17:07:43.6813771Z ##[group]Disabling automatic garbage collection
2026-09-09T17:07:43.6817509Z [command]/usr/bin/git config --local gc.auto 0
2026-09-09T17:07:43.6861270Z ##[endgroup]
2026-09-09T17:07:43.6863882Z ##[group]Setting up auth
2026-09-09T17:07:43.6868812Z [command]/usr/bin/git config --local --name-only --get-regexp core\.sshCommand
2026-09-09T17:07:43.6907030Z [command]/usr/bin/git submodule foreach --recursive sh -c "git config --local --name-only --get-regexp 'core\.sshCommand' && git config --local --unset-all 'core.sshCommand' || :"
2026-09-09T17:07:43.7302756Z [command]/usr/bin/git config --local --name-only --get-regexp http\.https\:\/\/github\.com\/\.extraheader
2026-09-09T17:07:43.7343175Z [command]/usr/bin/git submodule foreach --recursive sh -c "git config --local --name-only --get-regexp 'http\.https\:\/\/github\.com\/\.extraheader' && git config --local --unset-all 'http.https://github.com/.extraheader' || :"
2026-09-09T17:07:43.7587529Z [command]/usr/bin/git config --local --name-only --get-regexp ^includeIf\.gitdir:
2026-09-09T17:07:43.7630915Z [command]/usr/bin/git submodule foreach --recursive git config --local --show-origin --name-only --get-regexp remote.origin.url
2026-09-09T17:07:43.7867603Z [command]/usr/bin/git config --local http.https://github.com/.extraheader AUTHORIZATION: basic ***
2026-09-09T17:07:43.7911574Z ##[endgroup]
2026-09-09T17:07:43.7913058Z ##[group]Fetching the repository
2026-09-09T17:07:43.7924011Z [command]/usr/bin/git -c protocol.version=2 fetch --prune --no-recurse-submodules origin +refs/heads/*:refs/remotes/origin/* +refs/tags/*:refs/tags/* +a7d76f7fe16ea9cbccefec407c2e766fbd9f57a0:refs/remotes/pull/1153/merge
2026-09-09T17:09:19.4318697Z From https://github.com/adms/GGD
2026-09-09T17:09:19.4320381Z  * [new branch]          codex/asset-library-management -> origin/codex/asset-library-management
2026-09-09T17:09:19.4322312Z  * [new branch]          codex/community-batch2-integration -> origin/codex/community-batch2-integration
2026-09-09T17:09:19.4323832Z  * [new branch]          codex/community-hero-forge-integration -> origin/codex/community-hero-forge-integration
2026-09-09T17:09:19.4325143Z  * [new branch]          codex/community-hero-forge-plan -> origin/codex/community-hero-forge-plan
2026-09-09T17:09:19.4326348Z  * [new branch]          codex/community-hero-forge-release -> origin/codex/community-hero-forge-release
2026-09-09T17:09:19.4328264Z  * [new branch]          codex/community-hero-forge-release-materials -> origin/codex/community-hero-forge-release-materials
2026-09-09T17:09:19.4329089Z  * [new branch]          codex/community-hero-forge-s3 -> origin/codex/community-hero-forge-s3
2026-09-09T17:09:19.4329804Z  * [new branch]          codex/hero-finetune-research-delivery -> origin/codex/hero-finetune-research-delivery
2026-09-09T17:09:19.4330545Z  * [new branch]          codex/hero-model-library-options -> origin/codex/hero-model-library-options
2026-09-09T17:09:19.4331172Z  * [new branch]          codex/hero-status-inventory -> origin/codex/hero-status-inventory
2026-09-09T17:09:19.4331815Z  * [new branch]          codex/hero-validation-batch2-37 -> origin/codex/hero-validation-batch2-37
2026-09-09T17:09:19.4333433Z  * [new branch]          codex/teacher-mechanism-corrections -> origin/codex/teacher-mechanism-corrections
2026-09-09T17:09:19.4334449Z  * [new branch]          main       -> origin/main
2026-09-09T17:09:19.4335076Z  * [new tag]             v0.1.0     -> v0.1.0
2026-09-09T17:09:19.4335834Z  * [new tag]             v0.10.0    -> v0.10.0
2026-09-09T17:09:19.4336649Z  * [new tag]             v0.10.1    -> v0.10.1
2026-09-09T17:09:19.4337252Z  * [new tag]             v0.11.0    -> v0.11.0
2026-09-09T17:09:19.4337722Z  * [new tag]             v0.11.1    -> v0.11.1
2026-09-09T17:09:19.4338225Z  * [new tag]             v0.12.0    -> v0.12.0
2026-09-09T17:09:19.4338705Z  * [new tag]             v0.12.1    -> v0.12.1
2026-09-09T17:09:19.4339106Z  * [new tag]             v0.12.2    -> v0.12.2
2026-09-09T17:09:19.4339400Z  * [new tag]             v0.13.0    -> v0.13.0
2026-09-09T17:09:19.4339881Z  * [new tag]             v0.13.1    -> v0.13.1
2026-09-09T17:09:19.4340168Z  * [new tag]             v0.13.2    -> v0.13.2
2026-09-09T17:09:19.4340450Z  * [new tag]             v0.13.3    -> v0.13.3
2026-09-09T17:09:19.4340734Z  * [new tag]             v0.14.0    -> v0.14.0
2026-09-09T17:09:19.4341019Z  * [new tag]             v0.14.1    -> v0.14.1
2026-09-09T17:09:19.4341321Z  * [new tag]             v0.14.2    -> v0.14.2
2026-09-09T17:09:19.4341740Z  * [new tag]             v0.14.3    -> v0.14.3
2026-09-09T17:09:19.4342478Z  * [new tag]             v0.14.4    -> v0.14.4
2026-09-09T17:09:19.4343036Z  * [new tag]             v0.14.5    -> v0.14.5
2026-09-09T17:09:19.4343373Z  * [new tag]             v0.14.6    -> v0.14.6
2026-09-09T17:09:19.4343664Z  * [new tag]             v0.15.0    -> v0.15.0
2026-09-09T17:09:19.4343956Z  * [new tag]             v0.15.1    -> v0.15.1
2026-09-09T17:09:19.4344238Z  * [new tag]             v0.15.2    -> v0.15.2
2026-09-09T17:09:19.4344542Z  * [new tag]             v0.15.3    -> v0.15.3
2026-09-09T17:09:19.4344840Z  * [new tag]             v0.15.4    -> v0.15.4
2026-09-09T17:09:19.4345125Z  * [new tag]             v0.15.5    -> v0.15.5
2026-09-09T17:09:19.4345409Z  * [new tag]             v0.15.6    -> v0.15.6
2026-09-09T17:09:19.4345718Z  * [new tag]             v0.15.7    -> v0.15.7
2026-09-09T17:09:19.4346008Z  * [new tag]             v0.15.8    -> v0.15.8
2026-09-09T17:09:19.4346297Z  * [new tag]             v0.16.0    -> v0.16.0
2026-09-09T17:09:19.4346580Z  * [new tag]             v0.16.1    -> v0.16.1
2026-09-09T17:09:19.4347086Z  * [new tag]             v0.16.10   -> v0.16.10
2026-09-09T17:09:19.4347609Z  * [new tag]             v0.16.2    -> v0.16.2
2026-09-09T17:09:19.4348109Z  * [new tag]             v0.16.3    -> v0.16.3
2026-09-09T17:09:19.4348608Z  * [new tag]             v0.16.4    -> v0.16.4
2026-09-09T17:09:19.4349099Z  * [new tag]             v0.16.5    -> v0.16.5
2026-09-09T17:09:19.4349624Z  * [new tag]             v0.16.6    -> v0.16.6
2026-09-09T17:09:19.4350115Z  * [new tag]             v0.16.7    -> v0.16.7
2026-09-09T17:09:19.4350614Z  * [new tag]             v0.16.8    -> v0.16.8
2026-09-09T17:09:19.4351104Z  * [new tag]             v0.16.9    -> v0.16.9
2026-09-09T17:09:19.4351651Z  * [new tag]             v0.17.0    -> v0.17.0
2026-09-09T17:09:19.4352405Z  * [new tag]             v0.18.0    -> v0.18.0
2026-09-09T17:09:19.4353205Z  * [new tag]             v0.18.1    -> v0.18.1
2026-09-09T17:09:19.4353774Z  * [new tag]             v0.18.2    -> v0.18.2
2026-09-09T17:09:19.4354350Z  * [new tag]             v0.18.3    -> v0.18.3
2026-09-09T17:09:19.4354884Z  * [new tag]             v0.18.4    -> v0.18.4
2026-09-09T17:09:19.4355423Z  * [new tag]             v0.19.0    -> v0.19.0
2026-09-09T17:09:19.4355956Z  * [new tag]             v0.19.1    -> v0.19.1
2026-09-09T17:09:19.4356492Z  * [new tag]             v0.19.2    -> v0.19.2
2026-09-09T17:09:19.4357033Z  * [new tag]             v0.19.3    -> v0.19.3
2026-09-09T17:09:19.4357605Z  * [new tag]             v0.19.4    -> v0.19.4
2026-09-09T17:09:19.4357907Z  * [new tag]             v0.2.0     -> v0.2.0
2026-09-09T17:09:19.4358222Z  * [new tag]             v0.20.0    -> v0.20.0
2026-09-09T17:09:19.4358549Z  * [new tag]             v0.20.1    -> v0.20.1
2026-09-09T17:09:19.4358827Z  * [new tag]             v0.20.2    -> v0.20.2
2026-09-09T17:09:19.4359119Z  * [new tag]             v0.20.3    -> v0.20.3
2026-09-09T17:09:19.4364143Z  * [new tag]             v0.20.4    -> v0.20.4
2026-09-09T17:09:19.4364725Z  * [new tag]             v0.20.5    -> v0.20.5
2026-09-09T17:09:19.4365308Z  * [new tag]             v0.20.6    -> v0.20.6
2026-09-09T17:09:19.4365817Z  * [new tag]             v0.21.0    -> v0.21.0
2026-09-09T17:09:19.4366368Z  * [new tag]             v0.21.1    -> v0.21.1
2026-09-09T17:09:19.4366915Z  * [new tag]             v0.21.2    -> v0.21.2
2026-09-09T17:09:19.4367520Z  * [new tag]             v0.21.3    -> v0.21.3
2026-09-09T17:09:19.4368041Z  * [new tag]             v0.21.4    -> v0.21.4
2026-09-09T17:09:19.4368574Z  * [new tag]             v0.22.0    -> v0.22.0
2026-09-09T17:09:19.4369086Z  * [new tag]             v0.22.1    -> v0.22.1
2026-09-09T17:09:19.4369600Z  * [new tag]             v0.22.2    -> v0.22.2
2026-09-09T17:09:19.4370114Z  * [new tag]             v0.22.3    -> v0.22.3
2026-09-09T17:09:19.4370618Z  * [new tag]             v0.22.4    -> v0.22.4
2026-09-09T17:09:19.4371151Z  * [new tag]             v0.23.0    -> v0.23.0
2026-09-09T17:09:19.4371653Z  * [new tag]             v0.23.1    -> v0.23.1
2026-09-09T17:09:19.4372517Z  * [new tag]             v0.24.0    -> v0.24.0
2026-09-09T17:09:19.4373242Z  * [new tag]             v0.24.1    -> v0.24.1
2026-09-09T17:09:19.4373763Z  * [new tag]             v0.24.2    -> v0.24.2
2026-09-09T17:09:19.4374272Z  * [new tag]             v0.24.3    -> v0.24.3
2026-09-09T17:09:19.4374788Z  * [new tag]             v0.24.4    -> v0.24.4
2026-09-09T17:09:19.4375299Z  * [new tag]             v0.24.5    -> v0.24.5
2026-09-09T17:09:19.4375801Z  * [new tag]             v0.24.6    -> v0.24.6
2026-09-09T17:09:19.4376301Z  * [new tag]             v0.24.7    -> v0.24.7
2026-09-09T17:09:19.4376798Z  * [new tag]             v0.24.8    -> v0.24.8
2026-09-09T17:09:19.4377290Z  * [new tag]             v0.25.0    -> v0.25.0
2026-09-09T17:09:19.4378011Z  * [new tag]             v0.25.1    -> v0.25.1
2026-09-09T17:09:19.4378665Z  * [new tag]             v0.25.2    -> v0.25.2
2026-09-09T17:09:19.4378967Z  * [new tag]             v0.25.3    -> v0.25.3
2026-09-09T17:09:19.4379257Z  * [new tag]             v0.25.4    -> v0.25.4
2026-09-09T17:09:19.4379564Z  * [new tag]             v0.25.5    -> v0.25.5
2026-09-09T17:09:19.4379853Z  * [new tag]             v0.25.6    -> v0.25.6
2026-09-09T17:09:19.4380147Z  * [new tag]             v0.25.7    -> v0.25.7
2026-09-09T17:09:19.4380435Z  * [new tag]             v0.25.8    -> v0.25.8
2026-09-09T17:09:19.4380724Z  * [new tag]             v0.26.0    -> v0.26.0
2026-09-09T17:09:19.4381012Z  * [new tag]             v0.26.1    -> v0.26.1
2026-09-09T17:09:19.4381300Z  * [new tag]             v0.26.2    -> v0.26.2
2026-09-09T17:09:19.4381590Z  * [new tag]             v0.26.3    -> v0.26.3
2026-09-09T17:09:19.4381878Z  * [new tag]             v0.26.4    -> v0.26.4
2026-09-09T17:09:19.4382677Z  * [new tag]             v0.27.0    -> v0.27.0
2026-09-09T17:09:19.4383191Z  * [new tag]             v0.27.1    -> v0.27.1
2026-09-09T17:09:19.4383483Z  * [new tag]             v0.27.2    -> v0.27.2
2026-09-09T17:09:19.4383770Z  * [new tag]             v0.27.3    -> v0.27.3
2026-09-09T17:09:19.4384068Z  * [new tag]             v0.27.4    -> v0.27.4
2026-09-09T17:09:19.4384387Z  * [new tag]             v0.27.5    -> v0.27.5
2026-09-09T17:09:19.4384696Z  * [new tag]             v0.27.6    -> v0.27.6
2026-09-09T17:09:19.4384987Z  * [new tag]             v0.27.7    -> v0.27.7
2026-09-09T17:09:19.4385276Z  * [new tag]             v0.28.0    -> v0.28.0
2026-09-09T17:09:19.4385564Z  * [new tag]             v0.28.1    -> v0.28.1
2026-09-09T17:09:19.4385862Z  * [new tag]             v0.28.2    -> v0.28.2
2026-09-09T17:09:19.4386154Z  * [new tag]             v0.28.3    -> v0.28.3
2026-09-09T17:09:19.4386444Z  * [new tag]             v0.28.4    -> v0.28.4
2026-09-09T17:09:19.4386738Z  * [new tag]             v0.28.5    -> v0.28.5
2026-09-09T17:09:19.4387025Z  * [new tag]             v0.28.6    -> v0.28.6
2026-09-09T17:09:19.4387322Z  * [new tag]             v0.29.0    -> v0.29.0
2026-09-09T17:09:19.4387792Z  * [new tag]             v0.29.1    -> v0.29.1
2026-09-09T17:09:19.4388302Z  * [new tag]             v0.29.2    -> v0.29.2
2026-09-09T17:09:19.4388825Z  * [new tag]             v0.29.3    -> v0.29.3
2026-09-09T17:09:19.4389373Z  * [new tag]             v0.29.4    -> v0.29.4
2026-09-09T17:09:19.4389918Z  * [new tag]             v0.29.5    -> v0.29.5
2026-09-09T17:09:19.4390327Z  * [new tag]             v0.29.6    -> v0.29.6
2026-09-09T17:09:19.4390626Z  * [new tag]             v0.29.7    -> v0.29.7
2026-09-09T17:09:19.4390918Z  * [new tag]             v0.29.8    -> v0.29.8
2026-09-09T17:09:19.4391216Z  * [new tag]             v0.3.0     -> v0.3.0
2026-09-09T17:09:19.4391524Z  * [new tag]             v0.30.0    -> v0.30.0
2026-09-09T17:09:19.4391826Z  * [new tag]             v0.30.1    -> v0.30.1
2026-09-09T17:09:19.4392515Z  * [new tag]             v0.30.2    -> v0.30.2
2026-09-09T17:09:19.4392835Z  * [new tag]             v0.30.3    -> v0.30.3
2026-09-09T17:09:19.4393134Z  * [new tag]             v0.30.4    -> v0.30.4
2026-09-09T17:09:19.4393434Z  * [new tag]             v0.31.0    -> v0.31.0
2026-09-09T17:09:19.4393918Z  * [new tag]             v0.31.1    -> v0.31.1
2026-09-09T17:09:19.4394233Z  * [new tag]             v0.31.2    -> v0.31.2
2026-09-09T17:09:19.4394529Z  * [new tag]             v0.31.3    -> v0.31.3
2026-09-09T17:09:19.4394820Z  * [new tag]             v0.31.4    -> v0.31.4
2026-09-09T17:09:19.4395112Z  * [new tag]             v0.31.5    -> v0.31.5
2026-09-09T17:09:19.4395402Z  * [new tag]             v0.31.6    -> v0.31.6
2026-09-09T17:09:19.4395693Z  * [new tag]             v0.31.7    -> v0.31.7
2026-09-09T17:09:19.4395988Z  * [new tag]             v0.31.8    -> v0.31.8
2026-09-09T17:09:19.4396281Z  * [new tag]             v0.31.9    -> v0.31.9
2026-09-09T17:09:19.4396572Z  * [new tag]             v0.32.0    -> v0.32.0
2026-09-09T17:09:19.4396868Z  * [new tag]             v0.32.1    -> v0.32.1
2026-09-09T17:09:19.4397174Z  * [new tag]             v0.32.10   -> v0.32.10
2026-09-09T17:09:19.4397486Z  * [new tag]             v0.32.11   -> v0.32.11
2026-09-09T17:09:19.4397785Z  * [new tag]             v0.32.12   -> v0.32.12
2026-09-09T17:09:19.4398092Z  * [new tag]             v0.32.2    -> v0.32.2
2026-09-09T17:09:19.4398389Z  * [new tag]             v0.32.3    -> v0.32.3
2026-09-09T17:09:19.4398688Z  * [new tag]             v0.32.4    -> v0.32.4
2026-09-09T17:09:19.4398984Z  * [new tag]             v0.32.5    -> v0.32.5
2026-09-09T17:09:19.4399276Z  * [new tag]             v0.32.6    -> v0.32.6
2026-09-09T17:09:19.4399571Z  * [new tag]             v0.32.7    -> v0.32.7
2026-09-09T17:09:19.4399865Z  * [new tag]             v0.32.8    -> v0.32.8
2026-09-09T17:09:19.4400157Z  * [new tag]             v0.32.9    -> v0.32.9
2026-09-09T17:09:19.4400448Z  * [new tag]             v0.33.0    -> v0.33.0
2026-09-09T17:09:19.4400740Z  * [new tag]             v0.33.1    -> v0.33.1
2026-09-09T17:09:19.4401195Z  * [new tag]             v0.33.2    -> v0.33.2
2026-09-09T17:09:19.4401490Z  * [new tag]             v0.33.3    -> v0.33.3
2026-09-09T17:09:19.4401791Z  * [new tag]             v0.33.4    -> v0.33.4
2026-09-09T17:09:19.4402384Z  * [new tag]             v0.34.0    -> v0.34.0
2026-09-09T17:09:19.4402682Z  * [new tag]             v0.34.1    -> v0.34.1
2026-09-09T17:09:19.4402990Z  * [new tag]             v0.34.10   -> v0.34.10
2026-09-09T17:09:19.4403299Z  * [new tag]             v0.34.11   -> v0.34.11
2026-09-09T17:09:19.4403603Z  * [new tag]             v0.34.12   -> v0.34.12
2026-09-09T17:09:19.4403902Z  * [new tag]             v0.34.13   -> v0.34.13
2026-09-09T17:09:19.4404194Z  * [new tag]             v0.34.14   -> v0.34.14
2026-09-09T17:09:19.4404485Z  * [new tag]             v0.34.15   -> v0.34.15
2026-09-09T17:09:19.4404799Z  * [new tag]             v0.34.16   -> v0.34.16
2026-09-09T17:09:19.4405104Z  * [new tag]             v0.34.17   -> v0.34.17
2026-09-09T17:09:19.4405398Z  * [new tag]             v0.34.18   -> v0.34.18
2026-09-09T17:09:19.4405693Z  * [new tag]             v0.34.19   -> v0.34.19
2026-09-09T17:09:19.4405987Z  * [new tag]             v0.34.2    -> v0.34.2
2026-09-09T17:09:19.4406278Z  * [new tag]             v0.34.20   -> v0.34.20
2026-09-09T17:09:19.4406576Z  * [new tag]             v0.34.21   -> v0.34.21
2026-09-09T17:09:19.4406866Z  * [new tag]             v0.34.22   -> v0.34.22
2026-09-09T17:09:19.4407152Z  * [new tag]             v0.34.23   -> v0.34.23
2026-09-09T17:09:19.4407450Z  * [new tag]             v0.34.24   -> v0.34.24
2026-09-09T17:09:19.4407792Z  * [new tag]             v0.34.25   -> v0.34.25
2026-09-09T17:09:19.4408336Z  * [new tag]             v0.34.26   -> v0.34.26
2026-09-09T17:09:19.4408908Z  * [new tag]             v0.34.27   -> v0.34.27
2026-09-09T17:09:19.4409488Z  * [new tag]             v0.34.28   -> v0.34.28
2026-09-09T17:09:19.4410092Z  * [new tag]             v0.34.3    -> v0.34.3
2026-09-09T17:09:19.4410656Z  * [new tag]             v0.34.4    -> v0.34.4
2026-09-09T17:09:19.4411230Z  * [new tag]             v0.34.5    -> v0.34.5
2026-09-09T17:09:19.4411842Z  * [new tag]             v0.34.6    -> v0.34.6
2026-09-09T17:09:19.4412709Z  * [new tag]             v0.34.7    -> v0.34.7
2026-09-09T17:09:19.4413541Z  * [new tag]             v0.34.8    -> v0.34.8
2026-09-09T17:09:19.4414187Z  * [new tag]             v0.34.9    -> v0.34.9
2026-09-09T17:09:19.4414724Z  * [new tag]             v0.35.0    -> v0.35.0
2026-09-09T17:09:19.4415241Z  * [new tag]             v0.35.1    -> v0.35.1
2026-09-09T17:09:19.4415777Z  * [new tag]             v0.35.10   -> v0.35.10
2026-09-09T17:09:19.4416306Z  * [new tag]             v0.35.11   -> v0.35.11
2026-09-09T17:09:19.4416825Z  * [new tag]             v0.35.12   -> v0.35.12
2026-09-09T17:09:19.4417363Z  * [new tag]             v0.35.13   -> v0.35.13
2026-09-09T17:09:19.4417953Z  * [new tag]             v0.35.14   -> v0.35.14
2026-09-09T17:09:19.4418551Z  * [new tag]             v0.35.15   -> v0.35.15
2026-09-09T17:09:19.4419154Z  * [new tag]             v0.35.16   -> v0.35.16
2026-09-09T17:09:19.4419711Z  * [new tag]             v0.35.17   -> v0.35.17
2026-09-09T17:09:19.4420244Z  * [new tag]             v0.35.18   -> v0.35.18
2026-09-09T17:09:19.4420807Z  * [new tag]             v0.35.19   -> v0.35.19
2026-09-09T17:09:19.4421337Z  * [new tag]             v0.35.2    -> v0.35.2
2026-09-09T17:09:19.4421858Z  * [new tag]             v0.35.20   -> v0.35.20
2026-09-09T17:09:19.4422720Z  * [new tag]             v0.35.21   -> v0.35.21
2026-09-09T17:09:19.4423240Z  * [new tag]             v0.35.22   -> v0.35.22
2026-09-09T17:09:19.4423751Z  * [new tag]             v0.35.23   -> v0.35.23
2026-09-09T17:09:19.4424264Z  * [new tag]             v0.35.24   -> v0.35.24
2026-09-09T17:09:19.4424780Z  * [new tag]             v0.35.25   -> v0.35.25
2026-09-09T17:09:19.4425291Z  * [new tag]             v0.35.26   -> v0.35.26
2026-09-09T17:09:19.4425805Z  * [new tag]             v0.35.3    -> v0.35.3
2026-09-09T17:09:19.4426319Z  * [new tag]             v0.35.4    -> v0.35.4
2026-09-09T17:09:19.4427096Z  * [new tag]             v0.35.5    -> v0.35.5
2026-09-09T17:09:19.4427608Z  * [new tag]             v0.35.6    -> v0.35.6
2026-09-09T17:09:19.4428116Z  * [new tag]             v0.35.7    -> v0.35.7
2026-09-09T17:09:19.4428767Z  * [new tag]             v0.35.8    -> v0.35.8
2026-09-09T17:09:19.4429483Z  * [new tag]             v0.35.9    -> v0.35.9
2026-09-09T17:09:19.4429820Z  * [new tag]             v0.36.0    -> v0.36.0
2026-09-09T17:09:19.4430110Z  * [new tag]             v0.36.1    -> v0.36.1
2026-09-09T17:09:19.4430397Z  * [new tag]             v0.36.2    -> v0.36.2
2026-09-09T17:09:19.4430693Z  * [new tag]             v0.36.3    -> v0.36.3
2026-09-09T17:09:19.4430996Z  * [new tag]             v0.36.4    -> v0.36.4
2026-09-09T17:09:19.4431294Z  * [new tag]             v0.36.5    -> v0.36.5
2026-09-09T17:09:19.4431585Z  * [new tag]             v0.36.6    -> v0.36.6
2026-09-09T17:09:19.4431876Z  * [new tag]             v0.37.0    -> v0.37.0
2026-09-09T17:09:19.4432534Z  * [new tag]             v0.37.1    -> v0.37.1
2026-09-09T17:09:19.4432821Z  * [new tag]             v0.37.2    -> v0.37.2
2026-09-09T17:09:19.4433105Z  * [new tag]             v0.38.0    -> v0.38.0
2026-09-09T17:09:19.4433410Z  * [new tag]             v0.38.1    -> v0.38.1
2026-09-09T17:09:19.4433702Z  * [new tag]             v0.38.2    -> v0.38.2
2026-09-09T17:09:19.4433995Z  * [new tag]             v0.39.0    -> v0.39.0
2026-09-09T17:09:19.4434284Z  * [new tag]             v0.39.1    -> v0.39.1
2026-09-09T17:09:19.4434571Z  * [new tag]             v0.39.2    -> v0.39.2
2026-09-09T17:09:19.4434860Z  * [new tag]             v0.39.3    -> v0.39.3
2026-09-09T17:09:19.4435148Z  * [new tag]             v0.39.4    -> v0.39.4
2026-09-09T17:09:19.4435447Z  * [new tag]             v0.4.0     -> v0.4.0
2026-09-09T17:09:19.4435745Z  * [new tag]             v0.4.1     -> v0.4.1
2026-09-09T17:09:19.4436035Z  * [new tag]             v0.4.2     -> v0.4.2
2026-09-09T17:09:19.4436325Z  * [new tag]             v0.4.3     -> v0.4.3
2026-09-09T17:09:19.4436623Z  * [new tag]             v0.4.4     -> v0.4.4
2026-09-09T17:09:19.4436906Z  * [new tag]             v0.4.5     -> v0.4.5
2026-09-09T17:09:19.4437193Z  * [new tag]             v0.4.6     -> v0.4.6
2026-09-09T17:09:19.4437675Z  * [new tag]             v0.4.7     -> v0.4.7
2026-09-09T17:09:19.4438126Z  * [new tag]             v0.4.8     -> v0.4.8
2026-09-09T17:09:19.4438631Z  * [new tag]             v0.4.9     -> v0.4.9
2026-09-09T17:09:19.4439161Z  * [new tag]             v0.40.0    -> v0.40.0
2026-09-09T17:09:19.4439728Z  * [new tag]             v0.40.1    -> v0.40.1
2026-09-09T17:09:19.4440275Z  * [new tag]             v0.40.2    -> v0.40.2
2026-09-09T17:09:19.4440590Z  * [new tag]             v0.40.3    -> v0.40.3
2026-09-09T17:09:19.4440885Z  * [new tag]             v0.40.4    -> v0.40.4
2026-09-09T17:09:19.4441174Z  * [new tag]             v0.40.5    -> v0.40.5
2026-09-09T17:09:19.4441463Z  * [new tag]             v0.40.6    -> v0.40.6
2026-09-09T17:09:19.4441762Z  * [new tag]             v0.40.7    -> v0.40.7
2026-09-09T17:09:19.4442435Z  * [new tag]             v0.40.8    -> v0.40.8
2026-09-09T17:09:19.4442739Z  * [new tag]             v0.41.0    -> v0.41.0
2026-09-09T17:09:19.4443029Z  * [new tag]             v0.41.1    -> v0.41.1
2026-09-09T17:09:19.4443319Z  * [new tag]             v0.41.2    -> v0.41.2
2026-09-09T17:09:19.4443613Z  * [new tag]             v0.41.3    -> v0.41.3
2026-09-09T17:09:19.4443901Z  * [new tag]             v0.41.4    -> v0.41.4
2026-09-09T17:09:19.4444186Z  * [new tag]             v0.41.5    -> v0.41.5
2026-09-09T17:09:19.4444480Z  * [new tag]             v0.42.0    -> v0.42.0
2026-09-09T17:09:19.4444766Z  * [new tag]             v0.42.1    -> v0.42.1
2026-09-09T17:09:19.4445064Z  * [new tag]             v0.42.10   -> v0.42.10
2026-09-09T17:09:19.4445369Z  * [new tag]             v0.42.11   -> v0.42.11
2026-09-09T17:09:19.4445664Z  * [new tag]             v0.42.12   -> v0.42.12
2026-09-09T17:09:19.4445958Z  * [new tag]             v0.42.13   -> v0.42.13
2026-09-09T17:09:19.4446458Z  * [new tag]             v0.42.14   -> v0.42.14
2026-09-09T17:09:19.4446765Z  * [new tag]             v0.42.15   -> v0.42.15
2026-09-09T17:09:19.4447055Z  * [new tag]             v0.42.16   -> v0.42.16
2026-09-09T17:09:19.4447350Z  * [new tag]             v0.42.17   -> v0.42.17
2026-09-09T17:09:19.4447642Z  * [new tag]             v0.42.18   -> v0.42.18
2026-09-09T17:09:19.4447931Z  * [new tag]             v0.42.19   -> v0.42.19
2026-09-09T17:09:19.4448222Z  * [new tag]             v0.42.2    -> v0.42.2
2026-09-09T17:09:19.4448513Z  * [new tag]             v0.42.20   -> v0.42.20
2026-09-09T17:09:19.4448804Z  * [new tag]             v0.42.21   -> v0.42.21
2026-09-09T17:09:19.4449097Z  * [new tag]             v0.42.22   -> v0.42.22
2026-09-09T17:09:19.4449395Z  * [new tag]             v0.42.23   -> v0.42.23
2026-09-09T17:09:19.4449681Z  * [new tag]             v0.42.24   -> v0.42.24
2026-09-09T17:09:19.4449972Z  * [new tag]             v0.42.25   -> v0.42.25
2026-09-09T17:09:19.4450269Z  * [new tag]             v0.42.26   -> v0.42.26
2026-09-09T17:09:19.4450703Z  * [new tag]             v0.42.27   -> v0.42.27
2026-09-09T17:09:19.4451276Z  * [new tag]             v0.42.3    -> v0.42.3
2026-09-09T17:09:19.4452119Z  * [new tag]             v0.42.4    -> v0.42.4
2026-09-09T17:09:19.4452762Z  * [new tag]             v0.42.5    -> v0.42.5
2026-09-09T17:09:19.4453343Z  * [new tag]             v0.42.6    -> v0.42.6
2026-09-09T17:09:19.4453945Z  * [new tag]             v0.42.7    -> v0.42.7
2026-09-09T17:09:19.4454524Z  * [new tag]             v0.42.8    -> v0.42.8
2026-09-09T17:09:19.4455094Z  * [new tag]             v0.42.9    -> v0.42.9
2026-09-09T17:09:19.4455663Z  * [new tag]             v0.43.0    -> v0.43.0
2026-09-09T17:09:19.4456203Z  * [new tag]             v0.43.1    -> v0.43.1
2026-09-09T17:09:19.4456727Z  * [new tag]             v0.43.2    -> v0.43.2
2026-09-09T17:09:19.4457252Z  * [new tag]             v0.5.0     -> v0.5.0
2026-09-09T17:09:19.4457779Z  * [new tag]             v0.5.1     -> v0.5.1
2026-09-09T17:09:19.4458299Z  * [new tag]             v0.5.10    -> v0.5.10
2026-09-09T17:09:19.4458833Z  * [new tag]             v0.5.11    -> v0.5.11
2026-09-09T17:09:19.4459420Z  * [new tag]             v0.5.12    -> v0.5.12
2026-09-09T17:09:19.4460306Z  * [new tag]             v0.5.13    -> v0.5.13
2026-09-09T17:09:19.4460964Z  * [new tag]             v0.5.14    -> v0.5.14
2026-09-09T17:09:19.4461533Z  * [new tag]             v0.5.15    -> v0.5.15
2026-09-09T17:09:19.4462368Z  * [new tag]             v0.5.16    -> v0.5.16
2026-09-09T17:09:19.4462917Z  * [new tag]             v0.5.17    -> v0.5.17
2026-09-09T17:09:19.4463446Z  * [new tag]             v0.5.18    -> v0.5.18
2026-09-09T17:09:19.4463948Z  * [new tag]             v0.5.19    -> v0.5.19
2026-09-09T17:09:19.4464477Z  * [new tag]             v0.5.2     -> v0.5.2
2026-09-09T17:09:19.4464994Z  * [new tag]             v0.5.20    -> v0.5.20
2026-09-09T17:09:19.4465497Z  * [new tag]             v0.5.21    -> v0.5.21
2026-09-09T17:09:19.4466011Z  * [new tag]             v0.5.22    -> v0.5.22
2026-09-09T17:09:19.4466514Z  * [new tag]             v0.5.3     -> v0.5.3
2026-09-09T17:09:19.4467016Z  * [new tag]             v0.5.4     -> v0.5.4
2026-09-09T17:09:19.4467606Z  * [new tag]             v0.5.5     -> v0.5.5
2026-09-09T17:09:19.4468110Z  * [new tag]             v0.5.6     -> v0.5.6
2026-09-09T17:09:19.4468619Z  * [new tag]             v0.5.7     -> v0.5.7
2026-09-09T17:09:19.4469125Z  * [new tag]             v0.5.8     -> v0.5.8
2026-09-09T17:09:19.4469641Z  * [new tag]             v0.5.9     -> v0.5.9
2026-09-09T17:09:19.4470131Z  * [new tag]             v0.6.0     -> v0.6.0
2026-09-09T17:09:19.4470829Z  * [new tag]             v0.6.1     -> v0.6.1
2026-09-09T17:09:19.4471453Z  * [new tag]             v0.6.2     -> v0.6.2
2026-09-09T17:09:19.4471748Z  * [new tag]             v0.6.3     -> v0.6.3
2026-09-09T17:09:19.4472393Z  * [new tag]             v0.7.0     -> v0.7.0
2026-09-09T17:09:19.4472690Z  * [new tag]             v0.7.1     -> v0.7.1
2026-09-09T17:09:19.4473206Z  * [new tag]             v0.8.0     -> v0.8.0
2026-09-09T17:09:19.4473515Z  * [new tag]             v0.9.0     -> v0.9.0
2026-09-09T17:09:19.4473809Z  * [new tag]             v0.9.1     -> v0.9.1
2026-09-09T17:09:19.4474115Z  * [new tag]             v0.9.10    -> v0.9.10
2026-09-09T17:09:19.4474418Z  * [new tag]             v0.9.11    -> v0.9.11
2026-09-09T17:09:19.4474710Z  * [new tag]             v0.9.12    -> v0.9.12
2026-09-09T17:09:19.4475013Z  * [new tag]             v0.9.13    -> v0.9.13
2026-09-09T17:09:19.4475312Z  * [new tag]             v0.9.15    -> v0.9.15
2026-09-09T17:09:19.4475613Z  * [new tag]             v0.9.16    -> v0.9.16
2026-09-09T17:09:19.4475905Z  * [new tag]             v0.9.17    -> v0.9.17
2026-09-09T17:09:19.4476197Z  * [new tag]             v0.9.18    -> v0.9.18
2026-09-09T17:09:19.4476490Z  * [new tag]             v0.9.19    -> v0.9.19
2026-09-09T17:09:19.4476791Z  * [new tag]             v0.9.2     -> v0.9.2
2026-09-09T17:09:19.4477089Z  * [new tag]             v0.9.20    -> v0.9.20
2026-09-09T17:09:19.4477378Z  * [new tag]             v0.9.21    -> v0.9.21
2026-09-09T17:09:19.4477666Z  * [new tag]             v0.9.22    -> v0.9.22
2026-09-09T17:09:19.4477957Z  * [new tag]             v0.9.23    -> v0.9.23
2026-09-09T17:09:19.4478241Z  * [new tag]             v0.9.24    -> v0.9.24
2026-09-09T17:09:19.4478528Z  * [new tag]             v0.9.25    -> v0.9.25
2026-09-09T17:09:19.4478815Z  * [new tag]             v0.9.26    -> v0.9.26
2026-09-09T17:09:19.4479102Z  * [new tag]             v0.9.27    -> v0.9.27
2026-09-09T17:09:19.4479588Z  * [new tag]             v0.9.28    -> v0.9.28
2026-09-09T17:09:19.4480097Z  * [new tag]             v0.9.29    -> v0.9.29
2026-09-09T17:09:19.4480633Z  * [new tag]             v0.9.3     -> v0.9.3
2026-09-09T17:09:19.4481187Z  * [new tag]             v0.9.30    -> v0.9.30
2026-09-09T17:09:19.4481693Z  * [new tag]             v0.9.31    -> v0.9.31
2026-09-09T17:09:19.4482286Z  * [new tag]             v0.9.32    -> v0.9.32
2026-09-09T17:09:19.4482599Z  * [new tag]             v0.9.33    -> v0.9.33
2026-09-09T17:09:19.4482893Z  * [new tag]             v0.9.34    -> v0.9.34
2026-09-09T17:09:19.4483177Z  * [new tag]             v0.9.35    -> v0.9.35
2026-09-09T17:09:19.4483640Z  * [new tag]             v0.9.36    -> v0.9.36
2026-09-09T17:09:19.4483963Z  * [new tag]             v0.9.37    -> v0.9.37
2026-09-09T17:09:19.4484251Z  * [new tag]             v0.9.38    -> v0.9.38
2026-09-09T17:09:19.4484537Z  * [new tag]             v0.9.39    -> v0.9.39
2026-09-09T17:09:19.4484821Z  * [new tag]             v0.9.4     -> v0.9.4
2026-09-09T17:09:19.4485105Z  * [new tag]             v0.9.40    -> v0.9.40
2026-09-09T17:09:19.4485393Z  * [new tag]             v0.9.41    -> v0.9.41
2026-09-09T17:09:19.4485679Z  * [new tag]             v0.9.42    -> v0.9.42
2026-09-09T17:09:19.4485967Z  * [new tag]             v0.9.43    -> v0.9.43
2026-09-09T17:09:19.4486256Z  * [new tag]             v0.9.44    -> v0.9.44
2026-09-09T17:09:19.4486552Z  * [new tag]             v0.9.45    -> v0.9.45
2026-09-09T17:09:19.4486842Z  * [new tag]             v0.9.5     -> v0.9.5
2026-09-09T17:09:19.4487130Z  * [new tag]             v0.9.6     -> v0.9.6
2026-09-09T17:09:19.4487424Z  * [new tag]             v0.9.7     -> v0.9.7
2026-09-09T17:09:19.4487707Z  * [new tag]             v0.9.8     -> v0.9.8
2026-09-09T17:09:19.4487989Z  * [new tag]             v0.9.9     -> v0.9.9
2026-09-09T17:09:19.4488404Z  * [new ref]             a7d76f7fe16ea9cbccefec407c2e766fbd9f57a0 -> pull/1153/merge
2026-09-09T17:09:19.4490980Z ##[endgroup]
2026-09-09T17:09:19.4491505Z ##[group]Determining the checkout info
2026-09-09T17:09:19.4492241Z ##[endgroup]
2026-09-09T17:09:19.4492562Z [command]/usr/bin/git sparse-checkout disable
2026-09-09T17:09:19.4493536Z [command]/usr/bin/git config --local --unset-all extensions.worktreeConfig
2026-09-09T17:09:19.4494468Z ##[group]Checking out the ref
2026-09-09T17:09:19.4495007Z [command]/usr/bin/git checkout --progress --force refs/remotes/pull/1153/merge
2026-09-09T17:09:20.5026442Z Updating files:  30% (8169/26565)
2026-09-09T17:09:20.5125161Z Updating files:  31% (8236/26565)
2026-09-09T17:09:20.5231360Z Updating files:  32% (8501/26565)
2026-09-09T17:09:20.5339902Z Updating files:  33% (8767/26565)
2026-09-09T17:09:20.5448227Z Updating files:  34% (9033/26565)
2026-09-09T17:09:20.5559277Z Updating files:  35% (9298/26565)
2026-09-09T17:09:20.5659698Z Updating files:  36% (9564/26565)
2026-09-09T17:09:20.5763932Z Updating files:  37% (9830/26565)
2026-09-09T17:09:20.5871517Z Updating files:  38% (10095/26565)
2026-09-09T17:09:20.6353253Z Updating files:  39% (10361/26565)
2026-09-09T17:09:20.7981222Z Updating files:  40% (10626/26565)
2026-09-09T17:09:20.8717669Z Updating files:  41% (10892/26565)
2026-09-09T17:09:20.9021721Z Updating files:  42% (11158/26565)
2026-09-09T17:09:20.9177677Z Updating files:  43% (11423/26565)
2026-09-09T17:09:20.9287613Z Updating files:  44% (11689/26565)
2026-09-09T17:09:20.9387062Z Updating files:  45% (11955/26565)
2026-09-09T17:09:20.9487031Z Updating files:  46% (12220/26565)
2026-09-09T17:09:20.9805707Z Updating files:  47% (12486/26565)
2026-09-09T17:09:21.0139432Z Updating files:  48% (12752/26565)
2026-09-09T17:09:21.0751148Z Updating files:  49% (13017/26565)
2026-09-09T17:09:21.1149120Z Updating files:  50% (13283/26565)
2026-09-09T17:09:21.1686086Z Updating files:  51% (13549/26565)
2026-09-09T17:09:21.2207296Z Updating files:  52% (13814/26565)
2026-09-09T17:09:21.2799384Z Updating files:  53% (14080/26565)
2026-09-09T17:09:21.3171229Z Updating files:  54% (14346/26565)
2026-09-09T17:09:21.3277449Z Updating files:  55% (14611/26565)
2026-09-09T17:09:21.3496647Z Updating files:  56% (14877/26565)
2026-09-09T17:09:21.4157878Z Updating files:  57% (15143/26565)
2026-09-09T17:09:21.4359219Z Updating files:  58% (15408/26565)
2026-09-09T17:09:21.4540822Z Updating files:  59% (15674/26565)
2026-09-09T17:09:21.4661399Z Updating files:  60% (15939/26565)
2026-09-09T17:09:21.4899048Z Updating files:  61% (16205/26565)
2026-09-09T17:09:21.4913827Z Updating files:  61% (16447/26565)
2026-09-09T17:09:21.5084666Z Updating files:  62% (16471/26565)
2026-09-09T17:09:21.5745312Z Updating files:  63% (16736/26565)
2026-09-09T17:09:21.6408245Z Updating files:  64% (17002/26565)
2026-09-09T17:09:21.7067154Z Updating files:  65% (17268/26565)
2026-09-09T17:09:22.0504698Z Updating files:  66% (17533/26565)
2026-09-09T17:09:22.0607110Z Updating files:  67% (17799/26565)
2026-09-09T17:09:22.0965093Z Updating files:  68% (18065/26565)
2026-09-09T17:09:22.1829517Z Updating files:  69% (18330/26565)
2026-09-09T17:09:22.2513293Z Updating files:  70% (18596/26565)
2026-09-09T17:09:22.3183390Z Updating files:  71% (18862/26565)
2026-09-09T17:09:22.3853849Z Updating files:  72% (19127/26565)
2026-09-09T17:09:22.4503655Z Updating files:  73% (19393/26565)
2026-09-09T17:09:22.4900898Z Updating files:  74% (19659/26565)
2026-09-09T17:09:22.5162777Z Updating files:  74% (19816/26565)
2026-09-09T17:09:22.5900242Z Updating files:  75% (19924/26565)
2026-09-09T17:09:22.6574261Z Updating files:  76% (20190/26565)
2026-09-09T17:09:22.7235944Z Updating files:  77% (20456/26565)
2026-09-09T17:09:22.7771233Z Updating files:  78% (20721/26565)
2026-09-09T17:09:22.8639826Z Updating files:  79% (20987/26565)
2026-09-09T17:09:22.9015537Z Updating files:  80% (21252/26565)
2026-09-09T17:09:22.9586915Z Updating files:  81% (21518/26565)
2026-09-09T17:09:22.9789066Z Updating files:  82% (21784/26565)
2026-09-09T17:09:22.9995790Z Updating files:  83% (22049/26565)
2026-09-09T17:09:23.0245240Z Updating files:  84% (22315/26565)
2026-09-09T17:09:23.0437967Z Updating files:  85% (22581/26565)
2026-09-09T17:09:23.0684716Z Updating files:  86% (22846/26565)
2026-09-09T17:09:23.0912686Z Updating files:  87% (23112/26565)
2026-09-09T17:09:23.1180316Z Updating files:  88% (23378/26565)
2026-09-09T17:09:23.5193549Z Updating files:  89% (23643/26565)
2026-09-09T17:09:23.5379944Z Updating files:  89% (23795/26565)
2026-09-09T17:09:23.5710314Z Updating files:  90% (23909/26565)
2026-09-09T17:09:23.6203733Z Updating files:  91% (24175/26565)
2026-09-09T17:09:23.6486513Z Updating files:  92% (24440/26565)
2026-09-09T17:09:23.7361754Z Updating files:  93% (24706/26565)
2026-09-09T17:09:23.7781847Z Updating files:  94% (24972/26565)
2026-09-09T17:09:23.8025722Z Updating files:  95% (25237/26565)
2026-09-09T17:09:23.8365013Z Updating files:  96% (25503/26565)
2026-09-09T17:09:23.8758677Z Updating files:  97% (25769/26565)
2026-09-09T17:09:23.8988539Z Updating files:  98% (26034/26565)
2026-09-09T17:09:23.9260251Z Updating files:  99% (26300/26565)
2026-09-09T17:09:23.9260745Z Updating files: 100% (26565/26565)
2026-09-09T17:09:23.9261190Z Updating files: 100% (26565/26565), done.
2026-09-09T17:09:23.9671213Z Note: switching to 'refs/remotes/pull/1153/merge'.
2026-09-09T17:09:23.9671597Z 
2026-09-09T17:09:23.9672275Z You are in 'detached HEAD' state. You can look around, make experimental
2026-09-09T17:09:23.9673060Z changes and commit them, and you can discard any commits you make in this
2026-09-09T17:09:23.9673723Z state without impacting any branches by switching back to a branch.
2026-09-09T17:09:23.9674090Z 
2026-09-09T17:09:23.9674333Z If you want to create a new branch to retain commits you create, you may
2026-09-09T17:09:23.9674926Z do so (now or later) by using -c with the switch command. Example:
2026-09-09T17:09:23.9675278Z 
2026-09-09T17:09:23.9675428Z   git switch -c <new-branch-name>
2026-09-09T17:09:23.9675663Z 
2026-09-09T17:09:23.9675788Z Or undo this operation with:
2026-09-09T17:09:23.9675997Z 
2026-09-09T17:09:23.9676103Z   git switch -
2026-09-09T17:09:23.9676276Z 
2026-09-09T17:09:23.9676551Z Turn off this advice by setting config variable advice.detachedHead to false
2026-09-09T17:09:23.9676962Z 
2026-09-09T17:09:23.9677441Z HEAD is now at a7d76f7fe Merge 0bf7b5344478ea980fef1159c3242574e63d617b into bbc62a06df8eb7910e7a30304770f3fb03f01f2f
2026-09-09T17:09:23.9828430Z ##[endgroup]
2026-09-09T17:09:23.9883478Z [command]/usr/bin/git log -1 --format=%H
2026-09-09T17:09:23.9917467Z a7d76f7fe16ea9cbccefec407c2e766fbd9f57a0
2026-09-09T17:09:24.0156210Z Node 20 is being deprecated. This workflow is running with Node 24 by default. If you need to temporarily use Node 20, you can set the ACTIONS_ALLOW_USE_UNSECURE_NODE_VERSION=true environment variable. For more information see: https://github.blog/changelog/2025-09-19-deprecation-of-node-20-on-github-actions-runners/
2026-09-09T17:09:24.0158239Z ##[group]Run pnpm/action-setup@v4
2026-09-09T17:09:24.0158500Z with:
2026-09-09T17:09:24.0158700Z   dest: ~/setup-pnpm
2026-09-09T17:09:24.0158921Z   run_install: null
2026-09-09T17:09:24.0159129Z   cache: false
2026-09-09T17:09:24.0159350Z   cache_dependency_path: pnpm-lock.yaml
2026-09-09T17:09:24.0159640Z   package_json_file: package.json
2026-09-09T17:09:24.0159905Z   standalone: false
2026-09-09T17:09:24.0160101Z env:
2026-09-09T17:09:24.0160281Z   GO_VERSION: 1.25.14
2026-09-09T17:09:24.0160488Z ##[endgroup]
2026-09-09T17:09:24.1665942Z ##[group]Running self-installer...
2026-09-09T17:09:24.5838519Z (node:2284) [DEP0169] DeprecationWarning: `url.parse()` behavior is not standardized and prone to errors that have security implications. Use the WHATWG URL API instead. CVEs are not issued for `url.parse()` vulnerabilities.
2026-09-09T17:09:24.5840344Z (Use `node --trace-deprecation ...` to show where the warning was created)
2026-09-09T17:09:24.7194222Z Progress: resolved 1, reused 0, downloaded 0, added 0
2026-09-09T17:09:24.7291766Z Packages: +1
2026-09-09T17:09:24.7292823Z +
2026-09-09T17:09:25.1136168Z Progress: resolved 1, reused 0, downloaded 1, added 1, done
2026-09-09T17:09:25.2612787Z 
2026-09-09T17:09:25.2613486Z dependencies:
2026-09-09T17:09:25.2613882Z + pnpm 9.15.9 (12.3.4 is available)
2026-09-09T17:09:25.2614142Z 
2026-09-09T17:09:25.2640036Z Done in 913ms
2026-09-09T17:09:25.2828192Z ##[endgroup]
2026-09-09T17:09:25.2828592Z Installation Completed!
2026-09-09T17:09:25.3017129Z Node 20 is being deprecated. This workflow is running with Node 24 by default. If you need to temporarily use Node 20, you can set the ACTIONS_ALLOW_USE_UNSECURE_NODE_VERSION=true environment variable. For more information see: https://github.blog/changelog/2025-09-19-deprecation-of-node-20-on-github-actions-runners/
2026-09-09T17:09:25.3018713Z ##[group]Run actions/setup-node@v4
2026-09-09T17:09:25.3018968Z with:
2026-09-09T17:09:25.3019159Z   node-version: 22
2026-09-09T17:09:25.3019363Z   cache: pnpm
2026-09-09T17:09:25.3019566Z   always-auth: false
2026-09-09T17:09:25.3019782Z   check-latest: false
2026-09-09T17:09:25.3022813Z   token: ***
2026-09-09T17:09:25.3023021Z env:
2026-09-09T17:09:25.3023208Z   GO_VERSION: 1.25.14
2026-09-09T17:09:25.3023495Z   PNPM_HOME: /home/runner/setup-pnpm/node_modules/.bin
2026-09-09T17:09:25.3023813Z ##[endgroup]
2026-09-09T17:09:25.4500638Z Found in cache @ /opt/hostedtoolcache/node/22.23.2/x64
2026-09-09T17:09:25.4505486Z (node:2298) [DEP0040] DeprecationWarning: The `punycode` module is deprecated. Please use a userland alternative instead.
2026-09-09T17:09:25.4506366Z (Use `node --trace-deprecation ...` to show where the warning was created)
2026-09-09T17:09:25.4508763Z ##[group]Environment details
2026-09-09T17:09:28.6631387Z node: v22.23.2
2026-09-09T17:09:28.6631800Z npm: 10.9.8
2026-09-09T17:09:28.6632365Z yarn: 1.22.22
2026-09-09T17:09:28.6633752Z ##[endgroup]
2026-09-09T17:09:28.6656140Z [command]/home/runner/setup-pnpm/node_modules/.bin/pnpm store path --silent
2026-09-09T17:09:29.2886968Z /home/runner/setup-pnpm/node_modules/.bin/store/v3
2026-09-09T17:09:29.5793166Z Cache hit for: node-cache-Linux-x64-pnpm-a3e105357dd64569ba5cfbe6d3760562f3068a285a1d08c35527077fb2d47652
2026-09-09T17:09:29.5927212Z (node:2298) [DEP0169] DeprecationWarning: `url.parse()` behavior is not standardized and prone to errors that have security implications. Use the WHATWG URL API instead. CVEs are not issued for `url.parse()` vulnerabilities.
2026-09-09T17:09:30.8954285Z Received 0 of 232640200 (0.0%), 0.0 MBs/sec
2026-09-09T17:09:31.9023248Z Received 113246208 of 232640200 (48.7%), 53.9 MBs/sec
2026-09-09T17:09:32.9003537Z Received 218103808 of 232640200 (93.8%), 69.2 MBs/sec
2026-09-09T17:09:33.0277773Z Received 232640200 of 232640200 (100.0%), 70.8 MBs/sec
2026-09-09T17:09:33.0278994Z Cache Size: ~222 MB (232640200 B)
2026-09-09T17:09:33.0398921Z [command]/usr/bin/tar -xf /home/runner/work/_temp/260219df-d3cb-411e-9af1-0a64e4f211a7/cache.tzst -P -C /home/runner/work/GGD/GGD --use-compress-program unzstd
2026-09-09T17:09:35.0415709Z Cache restored successfully
2026-09-09T17:09:35.0519432Z Cache restored from key: node-cache-Linux-x64-pnpm-a3e105357dd64569ba5cfbe6d3760562f3068a285a1d08c35527077fb2d47652
2026-09-09T17:09:35.0702411Z Node 20 is being deprecated. This workflow is running with Node 24 by default. If you need to temporarily use Node 20, you can set the ACTIONS_ALLOW_USE_UNSECURE_NODE_VERSION=true environment variable. For more information see: https://github.blog/changelog/2025-09-19-deprecation-of-node-20-on-github-actions-runners/
2026-09-09T17:09:35.0703769Z ##[group]Run actions/setup-go@v5
2026-09-09T17:09:35.0704028Z with:
2026-09-09T17:09:35.0704225Z   go-version: 1.25.14
2026-09-09T17:09:35.0704497Z   cache-dependency-path: tools/testrunner/go.sum
2026-09-09T17:09:35.0704819Z   check-latest: false
2026-09-09T17:09:35.0707535Z   token: ***
2026-09-09T17:09:35.0707742Z   cache: true
2026-09-09T17:09:35.0707945Z env:
2026-09-09T17:09:35.0708133Z   GO_VERSION: 1.25.14
2026-09-09T17:09:35.0708419Z   PNPM_HOME: /home/runner/setup-pnpm/node_modules/.bin
2026-09-09T17:09:35.0708747Z ##[endgroup]
2026-09-09T17:09:35.2028416Z Setup go version spec 1.25.14
2026-09-09T17:09:35.2234858Z Found in cache @ /opt/hostedtoolcache/go/1.25.14/x64
2026-09-09T17:09:35.2237877Z (node:2352) [DEP0040] DeprecationWarning: The `punycode` module is deprecated. Please use a userland alternative instead.
2026-09-09T17:09:35.2240169Z (Use `node --trace-deprecation ...` to show where the warning was created)
2026-09-09T17:09:35.2243229Z Added go to the path
2026-09-09T17:09:35.2248287Z Successfully set up Go version 1.25.14
2026-09-09T17:09:36.3434482Z [command]/opt/hostedtoolcache/go/1.25.14/x64/bin/go env GOMODCACHE
2026-09-09T17:09:36.3472713Z [command]/opt/hostedtoolcache/go/1.25.14/x64/bin/go env GOCACHE
2026-09-09T17:09:36.3540794Z /home/runner/go/pkg/mod
2026-09-09T17:09:36.3554534Z /home/runner/.cache/go-build
2026-09-09T17:09:36.6483779Z Cache hit for: setup-go-Linux-x64-ubuntu24-go-1.25.14-fa4d7fe1e344d15c8ed0d8dd5714657c5ed9a5f42e1663c599d8674bf38af263
2026-09-09T17:09:36.6591218Z (node:2352) [DEP0169] DeprecationWarning: `url.parse()` behavior is not standardized and prone to errors that have security implications. Use the WHATWG URL API instead. CVEs are not issued for `url.parse()` vulnerabilities.
2026-09-09T17:09:37.9543091Z Received 4194304 of 419322663 (1.0%), 4.0 MBs/sec
2026-09-09T17:09:38.9549383Z Received 109051904 of 419322663 (26.0%), 52.0 MBs/sec
2026-09-09T17:09:39.9552618Z Received 230686720 of 419322663 (55.0%), 73.3 MBs/sec
2026-09-09T17:09:40.9549260Z Received 364904448 of 419322663 (87.0%), 87.0 MBs/sec
2026-09-09T17:09:41.4553866Z Received 419322663 of 419322663 (100.0%), 88.8 MBs/sec
2026-09-09T17:09:41.4555119Z Cache Size: ~400 MB (419322663 B)
2026-09-09T17:09:41.4594070Z [command]/usr/bin/tar -xf /home/runner/work/_temp/08eb738e-e9d8-4bc7-b570-7a110c528a98/cache.tzst -P -C /home/runner/work/GGD/GGD --use-compress-program unzstd
2026-09-09T17:09:44.6084031Z Cache restored successfully
2026-09-09T17:09:45.2578189Z Cache restored from key: setup-go-Linux-x64-ubuntu24-go-1.25.14-fa4d7fe1e344d15c8ed0d8dd5714657c5ed9a5f42e1663c599d8674bf38af263
2026-09-09T17:09:45.2584954Z go version go1.25.14 linux/amd64
2026-09-09T17:09:45.2585410Z 
2026-09-09T17:09:45.2586085Z ##[group]go env
2026-09-09T17:09:46.0422275Z AR='ar'
2026-09-09T17:09:46.0422981Z CC='gcc'
2026-09-09T17:09:46.0423574Z CGO_CFLAGS='-O2 -g'
2026-09-09T17:09:46.0424298Z CGO_CPPFLAGS=''
2026-09-09T17:09:46.0439880Z CGO_CXXFLAGS='-O2 -g'
2026-09-09T17:09:46.0440186Z CGO_ENABLED='1'
2026-09-09T17:09:46.0440511Z CGO_FFLAGS='-O2 -g'
2026-09-09T17:09:46.0440791Z CGO_LDFLAGS='-O2 -g'
2026-09-09T17:09:46.0441039Z CXX='g++'
2026-09-09T17:09:46.0441270Z GCCGO='gccgo'
2026-09-09T17:09:46.0441502Z GO111MODULE=''
2026-09-09T17:09:46.0441728Z GOAMD64='v1'
2026-09-09T17:09:46.0442490Z GOARCH='amd64'
2026-09-09T17:09:46.0443092Z GOAUTH='netrc'
2026-09-09T17:09:46.0443507Z GOBIN=''
2026-09-09T17:09:46.0444121Z GOCACHE='/home/runner/.cache/go-build'
2026-09-09T17:09:46.0444754Z GOCACHEPROG=''
2026-09-09T17:09:46.0445182Z GODEBUG=''
2026-09-09T17:09:46.0445746Z GOENV='/home/runner/.config/go/env'
2026-09-09T17:09:46.0446338Z GOEXE=''
2026-09-09T17:09:46.0447121Z GOEXPERIMENT=''
2026-09-09T17:09:46.0447610Z GOFIPS140='off'
2026-09-09T17:09:46.0448014Z GOFLAGS=''
2026-09-09T17:09:46.0449649Z GOGCCFLAGS='-fPIC -m64 -pthread -Wl,--no-gc-sections -fmessage-length=0 -ffile-prefix-map=/tmp/go-build1896523465=/tmp/go-build -gno-record-gcc-switches'
2026-09-09T17:09:46.0451006Z GOHOSTARCH='amd64'
2026-09-09T17:09:46.0451447Z GOHOSTOS='linux'
2026-09-09T17:09:46.0451843Z GOINSECURE=''
2026-09-09T17:09:46.0452538Z GOMOD='/dev/null'
2026-09-09T17:09:46.0453060Z GOMODCACHE='/home/runner/go/pkg/mod'
2026-09-09T17:09:46.0453583Z GONOPROXY=''
2026-09-09T17:09:46.0453972Z GONOSUMDB=''
2026-09-09T17:09:46.0454333Z GOOS='linux'
2026-09-09T17:09:46.0454806Z GOPATH='/home/runner/go'
2026-09-09T17:09:46.0455308Z GOPRIVATE=''
2026-09-09T17:09:46.0455984Z GOPROXY='https://proxy.golang.org,direct'
2026-09-09T17:09:46.0456936Z GOROOT='/opt/hostedtoolcache/go/1.25.14/x64'
2026-09-09T17:09:46.0457690Z GOSUMDB='sum.golang.org'
2026-09-09T17:09:46.0458289Z GOTELEMETRY='local'
2026-09-09T17:09:46.0459050Z GOTELEMETRYDIR='/home/runner/.config/go/telemetry'
2026-09-09T17:09:46.0459790Z GOTMPDIR=''
2026-09-09T17:09:46.0460301Z GOTOOLCHAIN='auto'
2026-09-09T17:09:46.0461203Z GOTOOLDIR='/opt/hostedtoolcache/go/1.25.14/x64/pkg/tool/linux_amd64'
2026-09-09T17:09:46.0462297Z GOVCS=''
2026-09-09T17:09:46.0462845Z GOVERSION='go1.25.14'
2026-09-09T17:09:46.0463873Z GOWORK=''
2026-09-09T17:09:46.0464491Z PKG_CONFIG='pkg-config'
2026-09-09T17:09:46.0464945Z 
2026-09-09T17:09:46.0465681Z ##[endgroup]
2026-09-09T17:09:46.0626963Z ##[group]Run pnpm install --frozen-lockfile
2026-09-09T17:09:46.0627388Z [36;1mpnpm install --frozen-lockfile[0m
2026-09-09T17:09:46.0922624Z shell: /usr/bin/bash -e {0}
2026-09-09T17:09:46.0923084Z env:
2026-09-09T17:09:46.0923489Z   GO_VERSION: 1.25.14
2026-09-09T17:09:46.0924000Z   PNPM_HOME: /home/runner/setup-pnpm/node_modules/.bin
2026-09-09T17:09:46.0924353Z ##[endgroup]
2026-09-09T17:09:46.6513271Z Scope: all 21 workspace projects
2026-09-09T17:09:46.9058235Z Lockfile is up to date, resolution step is skipped
2026-09-09T17:09:47.2003654Z Progress: resolved 1, reused 0, downloaded 0, added 0
2026-09-09T17:09:47.3342227Z Packages: +685
2026-09-09T17:09:47.3342777Z ++++++++++++++++++++++++++++++++++++++++++++++++++++++++++++++++++++++++++++++++
2026-09-09T17:09:48.2007129Z Progress: resolved 685, reused 685, downloaded 0, added 72
2026-09-09T17:09:48.8646991Z Progress: resolved 685, reused 685, downloaded 0, added 685, done
2026-09-09T17:09:49.5770228Z 
2026-09-09T17:09:49.5770932Z devDependencies:
2026-09-09T17:09:49.5771486Z + @eslint/js 10.0.1
2026-09-09T17:09:49.5772245Z + eslint 10.8.0
2026-09-09T17:09:49.5772829Z + eslint-plugin-react-hooks 7.1.1
2026-09-09T17:09:49.5773392Z + globals 17.8.0
2026-09-09T17:09:49.5773799Z + tsx 4.23.1
2026-09-09T17:09:49.5774220Z + typescript 5.9.3
2026-09-09T17:09:49.5774713Z + typescript-eslint 8.65.0
2026-09-09T17:09:49.5775201Z + vitest 2.1.9
2026-09-09T17:09:49.5775447Z 
2026-09-09T17:09:49.7233413Z Done in 3.5s using pnpm v9.15.9
2026-09-09T17:09:49.7436635Z ##[group]Run sudo apt-get update && sudo apt-get install -y webp && cwebp -version
2026-09-09T17:09:49.7437266Z [36;1msudo apt-get update && sudo apt-get install -y webp && cwebp -version[0m
2026-09-09T17:09:49.7474816Z shell: /usr/bin/bash -e {0}
2026-09-09T17:09:49.7475087Z env:
2026-09-09T17:09:49.7475285Z   GO_VERSION: 1.25.14
2026-09-09T17:09:49.7475604Z   PNPM_HOME: /home/runner/setup-pnpm/node_modules/.bin
2026-09-09T17:09:49.7475956Z ##[endgroup]
2026-09-09T17:09:49.9278695Z Get:1 file:/etc/apt/apt-mirrors.txt Mirrorlist [144 B]
2026-09-09T17:09:49.9513907Z Get:6 https://packages.microsoft.com/ubuntu/24.04/prod noble InRelease [3600 B]
2026-09-09T17:09:49.9826476Z Hit:2 http://azure.archive.ubuntu.com/ubuntu noble InRelease
2026-09-09T17:09:49.9864921Z Get:3 http://azure.archive.ubuntu.com/ubuntu noble-updates InRelease [126 kB]
2026-09-09T17:09:49.9943236Z Get:4 http://azure.archive.ubuntu.com/ubuntu noble-backports InRelease [126 kB]
2026-09-09T17:09:49.9988870Z Get:5 http://azure.archive.ubuntu.com/ubuntu noble-security InRelease [126 kB]
2026-09-09T17:09:50.0745669Z Get:7 https://dl.google.com/linux/chrome-stable/deb stable InRelease [2548 B]
2026-09-09T17:09:50.1235197Z Get:8 https://packages.microsoft.com/ubuntu/24.04/prod noble/main arm64 Packages [406 kB]
2026-09-09T17:09:50.1347238Z Get:9 https://packages.microsoft.com/ubuntu/24.04/prod noble/main amd64 Packages [454 kB]
2026-09-09T17:09:50.2603276Z Get:10 http://azure.archive.ubuntu.com/ubuntu noble-updates/main amd64 Packages [1260 kB]
2026-09-09T17:09:50.2676225Z Get:11 http://azure.archive.ubuntu.com/ubuntu noble-updates/main amd64 Components [181 kB]
2026-09-09T17:09:50.2684791Z Get:12 http://azure.archive.ubuntu.com/ubuntu noble-updates/universe amd64 Packages [1690 kB]
2026-09-09T17:09:50.2914863Z Get:13 http://azure.archive.ubuntu.com/ubuntu noble-updates/universe amd64 Components [388 kB]
2026-09-09T17:09:50.2944604Z Get:14 http://azure.archive.ubuntu.com/ubuntu noble-updates/restricted amd64 Packages [1536 kB]
2026-09-09T17:09:50.3053742Z Get:15 http://azure.archive.ubuntu.com/ubuntu noble-updates/multiverse amd64 Components [940 B]
2026-09-09T17:09:50.3223804Z Get:16 http://azure.archive.ubuntu.com/ubuntu noble-backports/main amd64 Components [5760 B]
2026-09-09T17:09:50.3225588Z Get:17 http://azure.archive.ubuntu.com/ubuntu noble-backports/universe amd64 Components [12.6 kB]
2026-09-09T17:09:50.3747254Z Get:18 http://azure.archive.ubuntu.com/ubuntu noble-security/main amd64 Packages [1005 kB]
2026-09-09T17:09:50.3813439Z Get:19 http://azure.archive.ubuntu.com/ubuntu noble-security/main Translation-en [213 kB]
2026-09-09T17:09:50.4235295Z Get:20 http://azure.archive.ubuntu.com/ubuntu noble-security/main amd64 Components [46.5 kB]
2026-09-09T17:09:50.4244508Z Get:21 http://azure.archive.ubuntu.com/ubuntu noble-security/universe amd64 Components [76.3 kB]
2026-09-09T17:09:50.4283592Z Get:22 http://azure.archive.ubuntu.com/ubuntu noble-security/restricted amd64 Packages [1441 kB]
2026-09-09T17:09:50.4345305Z Get:23 http://azure.archive.ubuntu.com/ubuntu noble-security/restricted Translation-en [334 kB]
2026-09-09T17:09:50.4857464Z Get:24 https://dl.google.com/linux/chrome-stable/deb stable/main amd64 Packages [1405 B]
2026-09-09T17:09:58.1189057Z Fetched 9436 kB in 1s (7888 kB/s)
2026-09-09T17:09:58.9514873Z Reading package lists...
2026-09-09T17:09:58.9841466Z Reading package lists...
2026-09-09T17:09:59.1543467Z Building dependency tree...
2026-09-09T17:09:59.1550737Z Reading state information...
2026-09-09T17:09:59.2972908Z The following additional packages will be installed:
2026-09-09T17:09:59.2977145Z   libgif7 libglut3.12 libopengl0
2026-09-09T17:09:59.3288915Z The following NEW packages will be installed:
2026-09-09T17:09:59.3293840Z   libgif7 libglut3.12 libopengl0 webp
2026-09-09T17:09:59.3466881Z 0 upgraded, 4 newly installed, 0 to remove and 3 not upgraded.
2026-09-09T17:09:59.3467496Z Need to get 269 kB of archives.
2026-09-09T17:09:59.3468312Z After this operation, 1033 kB of additional disk space will be used.
2026-09-09T17:09:59.3468876Z Get:1 file:/etc/apt/apt-mirrors.txt Mirrorlist [144 B]
2026-09-09T17:09:59.5168702Z Get:2 http://azure.archive.ubuntu.com/ubuntu noble-updates/main amd64 libgif7 amd64 5.2.2-1ubuntu1.2 [35.6 kB]
2026-09-09T17:09:59.6827074Z Get:3 http://azure.archive.ubuntu.com/ubuntu noble/universe amd64 libglut3.12 amd64 3.4.0-1build1 [98.0 kB]
2026-09-09T17:09:59.8782414Z Get:4 http://azure.archive.ubuntu.com/ubuntu noble/main amd64 libopengl0 amd64 1.7.0-1build1 [32.8 kB]
2026-09-09T17:09:59.9602990Z Get:5 http://azure.archive.ubuntu.com/ubuntu noble/universe amd64 webp amd64 1.3.2-0.4build3 [103 kB]
2026-09-09T17:10:00.3122722Z Fetched 269 kB in 1s (402 kB/s)
2026-09-09T17:10:00.3799834Z Selecting previously unselected package libgif7:amd64.
2026-09-09T17:10:00.4349561Z (Reading database ... 
2026-09-09T17:10:00.4350356Z (Reading database ... 5%
2026-09-09T17:10:00.4351167Z (Reading database ... 10%
2026-09-09T17:10:00.4351652Z (Reading database ... 15%
2026-09-09T17:10:00.4352276Z (Reading database ... 20%
2026-09-09T17:10:00.4352666Z (Reading database ... 25%
2026-09-09T17:10:00.4353038Z (Reading database ... 30%
2026-09-09T17:10:00.4353405Z (Reading database ... 35%
2026-09-09T17:10:00.4353791Z (Reading database ... 40%
2026-09-09T17:10:00.4354162Z (Reading database ... 45%
2026-09-09T17:10:00.4354534Z (Reading database ... 50%
2026-09-09T17:10:00.4996224Z (Reading database ... 55%
2026-09-09T17:10:00.9528501Z (Reading database ... 60%
2026-09-09T17:10:01.2687560Z (Reading database ... 65%
2026-09-09T17:10:01.5617774Z (Reading database ... 70%
2026-09-09T17:10:01.8854764Z (Reading database ... 75%
2026-09-09T17:10:02.5129622Z (Reading database ... 80%
2026-09-09T17:10:03.1048515Z (Reading database ... 85%
2026-09-09T17:10:03.7738927Z (Reading database ... 90%
2026-09-09T17:10:04.5973385Z (Reading database ... 95%
2026-09-09T17:10:04.5974012Z (Reading database ... 100%
2026-09-09T17:10:04.5974763Z (Reading database ... 201818 files and directories currently installed.)
2026-09-09T17:10:04.6018059Z Preparing to unpack .../libgif7_5.2.2-1ubuntu1.2_amd64.deb ...
2026-09-09T17:10:04.6115671Z Unpacking libgif7:amd64 (5.2.2-1ubuntu1.2) ...
2026-09-09T17:10:04.6690626Z Selecting previously unselected package libglut3.12:amd64.
2026-09-09T17:10:04.6816892Z Preparing to unpack .../libglut3.12_3.4.0-1build1_amd64.deb ...
2026-09-09T17:10:04.6826310Z Unpacking libglut3.12:amd64 (3.4.0-1build1) ...
2026-09-09T17:10:04.7054306Z Selecting previously unselected package libopengl0:amd64.
2026-09-09T17:10:04.7185847Z Preparing to unpack .../libopengl0_1.7.0-1build1_amd64.deb ...
2026-09-09T17:10:04.7195706Z Unpacking libopengl0:amd64 (1.7.0-1build1) ...
2026-09-09T17:10:04.7512944Z Selecting previously unselected package webp.
2026-09-09T17:10:04.7639190Z Preparing to unpack .../webp_1.3.2-0.4build3_amd64.deb ...
2026-09-09T17:10:04.7655148Z Unpacking webp (1.3.2-0.4build3) ...
2026-09-09T17:10:04.8478560Z Setting up libopengl0:amd64 (1.7.0-1build1) ...
2026-09-09T17:10:04.8504880Z Setting up libglut3.12:amd64 (3.4.0-1build1) ...
2026-09-09T17:10:04.8526592Z Setting up libgif7:amd64 (5.2.2-1ubuntu1.2) ...
2026-09-09T17:10:04.8547036Z Setting up webp (1.3.2-0.4build3) ...
2026-09-09T17:10:04.8585720Z Processing triggers for man-db (2.12.0-4build2) ...
2026-09-09T17:10:04.8609247Z Not building database; man-db/auto-update is not 'true'.
2026-09-09T17:10:04.8622720Z Processing triggers for libc-bin (2.39-0ubuntu8.8) ...
2026-09-09T17:10:06.2334535Z 
2026-09-09T17:10:06.2335247Z Running kernel seems to be up-to-date.
2026-09-09T17:10:06.2335591Z 
2026-09-09T17:10:06.2335806Z No services need to be restarted.
2026-09-09T17:10:06.2336064Z 
2026-09-09T17:10:06.2362988Z No containers need to be restarted.
2026-09-09T17:10:06.2363411Z 
2026-09-09T17:10:06.2363824Z No user sessions are running outdated binaries.
2026-09-09T17:10:06.2364290Z 
2026-09-09T17:10:06.2364948Z No VM guests are running outdated hypervisor (qemu) binaries on this host.
2026-09-09T17:10:07.1466435Z 1.3.2
2026-09-09T17:10:07.1467427Z libsharpyuv: 0.2.1
2026-09-09T17:10:07.1503219Z ##[group]Run python3 -m pip install --quiet --break-system-packages Pillow mpyq
2026-09-09T17:10:07.1503867Z [36;1mpython3 -m pip install --quiet --break-system-packages Pillow mpyq[0m
2026-09-09T17:10:07.1504391Z [36;1mpython3 -c "import PIL, mpyq; print(PIL.__version__)"[0m
2026-09-09T17:10:07.1540886Z shell: /usr/bin/bash -e {0}
2026-09-09T17:10:07.1541162Z env:
2026-09-09T17:10:07.1541363Z   GO_VERSION: 1.25.14
2026-09-09T17:10:07.1541660Z   PNPM_HOME: /home/runner/setup-pnpm/node_modules/.bin
2026-09-09T17:10:07.1542153Z ##[endgroup]
2026-09-09T17:10:09.9484054Z 12.3.0
2026-09-09T17:10:09.9561214Z ##[group]Run pnpm todo:check
2026-09-09T17:10:09.9561771Z [36;1mpnpm todo:check[0m
2026-09-09T17:10:09.9599930Z shell: /usr/bin/bash -e {0}
2026-09-09T17:10:09.9600209Z env:
2026-09-09T17:10:09.9600410Z   GO_VERSION: 1.25.14
2026-09-09T17:10:09.9600709Z   PNPM_HOME: /home/runner/setup-pnpm/node_modules/.bin
2026-09-09T17:10:09.9601051Z ##[endgroup]
2026-09-09T17:10:10.3715377Z 
2026-09-09T17:10:10.3716183Z > ggd@0.0.0 todo:check /home/runner/work/GGD/GGD
2026-09-09T17:10:10.3717049Z > tsx tools/todo-check/src/cli.ts --static
2026-09-09T17:10:10.3717463Z 
2026-09-09T17:10:10.6006042Z todo-check: 1514 items  [done:1413  deferred:32  pending:56  withdrawn:4  in-progress:9]
2026-09-09T17:10:10.6007505Z ✓ static: every item has a unique id + test_id
2026-09-09T17:10:10.6589058Z ##[group]Run pnpm lint
2026-09-09T17:10:10.6589537Z [36;1mpnpm lint[0m
2026-09-09T17:10:10.6637771Z shell: /usr/bin/bash -e {0}
2026-09-09T17:10:10.6638104Z env:
2026-09-09T17:10:10.6638488Z   GO_VERSION: 1.25.14
2026-09-09T17:10:10.6639026Z   PNPM_HOME: /home/runner/setup-pnpm/node_modules/.bin
2026-09-09T17:10:10.6639605Z ##[endgroup]
2026-09-09T17:10:11.0794452Z 
2026-09-09T17:10:11.0795251Z > ggd@0.0.0 lint /home/runner/work/GGD/GGD
2026-09-09T17:10:11.0796285Z > NODE_OPTIONS=--max-old-space-size=8192 eslint apps packages tools
2026-09-09T17:10:11.0796789Z 
2026-09-09T17:14:25.1204530Z 
2026-09-09T17:14:25.1205619Z /home/runner/work/GGD/GGD/apps/admin/src/config.ts
2026-09-09T17:14:25.1245793Z ##[warning]  256:7  warning  The value assigned to 'clientHost' is not used in subsequent statements  no-useless-assignment
2026-09-09T17:14:25.1254740Z ##[warning]  257:7  warning  The value assigned to 'adminHost' is not used in subsequent statements   no-useless-assignment
2026-09-09T17:14:25.1256080Z 
2026-09-09T17:14:25.1256356Z /home/runner/work/GGD/GGD/apps/admin/src/contentApi.ts
2026-09-09T17:14:25.1257428Z ##[warning]  202:7  warning  The value assigned to 'parsed' is not used in subsequent statements  no-useless-assignment
2026-09-09T17:14:25.1259027Z ##[warning]  261:5  warning  There is no `cause` attached to the symptom error being thrown       preserve-caught-error
2026-09-09T17:14:25.1259863Z 
2026-09-09T17:14:25.1260176Z /home/runner/work/GGD/GGD/apps/admin/src/ui/AbilityLayersEditor.tsx
2026-09-09T17:14:25.1262588Z ##[warning]  152:9  warning  The 'rows' logical expression could make the dependencies of useMemo Hook (at line 153) change on every render. To fix this, wrap the initialization of 'rows' in its own useMemo() Hook  react-hooks/exhaustive-deps
2026-09-09T17:14:25.1263894Z 
2026-09-09T17:14:25.1264208Z /home/runner/work/GGD/GGD/apps/admin/src/ui/AbilityNodesPage.tsx
2026-09-09T17:14:25.1265110Z   198:5  warning  Unused eslint-disable directive (no problems were reported from 'react-hooks/exhaustive-deps')
2026-09-09T17:14:25.1265566Z 
2026-09-09T17:14:25.1265814Z /home/runner/work/GGD/GGD/apps/admin/src/ui/AuditPage.tsx
2026-09-09T17:14:25.1266664Z   44:5  warning  Unused eslint-disable directive (no problems were reported from 'react-hooks/exhaustive-deps')
2026-09-09T17:14:25.1267108Z 
2026-09-09T17:14:25.1267407Z /home/runner/work/GGD/GGD/apps/admin/src/ui/ChampionDataVersions.tsx
2026-09-09T17:14:25.1269925Z ##[warning]  14:89  warning  The ref value 'request.current' will likely have changed by the time this effect cleanup function runs. If this ref points to a node rendered by React, copy 'request.current' to a variable inside the effect, and use that variable in the cleanup function  react-hooks/exhaustive-deps
2026-09-09T17:14:25.1273440Z ##[warning]  22:94  warning  React Hook useEffect has a missing dependency: 'reload'. Either include it or remove the dependency array                                                                                                                                                      react-hooks/exhaustive-deps
2026-09-09T17:14:25.1276418Z ##[warning]  31:6   warning  React Hook useEffect has a missing dependency: 'service'. Either include it or remove the dependency array                                                                                                                                                     react-hooks/exhaustive-deps
2026-09-09T17:14:25.1277680Z 
2026-09-09T17:14:25.1277984Z /home/runner/work/GGD/GGD/apps/admin/src/ui/ContentOverlayPage.tsx
2026-09-09T17:14:25.1280584Z ##[warning]  183:35  warning  The ref value 'versionRequest.current' will likely have changed by the time this effect cleanup function runs. If this ref points to a node rendered by React, copy 'versionRequest.current' to a variable inside the effect, and use that variable in the cleanup function  react-hooks/exhaustive-deps
2026-09-09T17:14:25.1282505Z 
2026-09-09T17:14:25.1283050Z /home/runner/work/GGD/GGD/apps/admin/src/ui/PlayersPage.tsx
2026-09-09T17:14:25.1283947Z   149:5  warning  Unused eslint-disable directive (no problems were reported from 'react-hooks/exhaustive-deps')
2026-09-09T17:14:25.1284395Z 
2026-09-09T17:14:25.1284685Z /home/runner/work/GGD/GGD/apps/admin/src/ui/QuickApprovalPage.tsx
2026-09-09T17:14:25.1286673Z ##[warning]  359:9  warning  The 'rows' logical expression could make the dependencies of useMemo Hook (at line 360) change on every render. To fix this, wrap the initialization of 'rows' in its own useMemo() Hook  react-hooks/exhaustive-deps
2026-09-09T17:14:25.1287952Z 
2026-09-09T17:14:25.1288267Z /home/runner/work/GGD/GGD/apps/admin/src/ui/live/SkillAuthoringPage.tsx
2026-09-09T17:14:25.1289387Z ##[warning]  153:7  warning  The value assigned to 'body' is not used in subsequent statements  no-useless-assignment
2026-09-09T17:14:25.1290266Z 
2026-09-09T17:14:25.1290510Z /home/runner/work/GGD/GGD/apps/admin/src/ui/navGroups.ts
2026-09-09T17:14:25.1291460Z ##[warning]  92:7  warning  The value assigned to 'raw' is not used in subsequent statements  no-useless-assignment
2026-09-09T17:14:25.1292667Z 
2026-09-09T17:14:25.1292933Z /home/runner/work/GGD/GGD/apps/admin/src/voice/useVoiceGen.ts
2026-09-09T17:14:25.1294064Z ##[warning]  437:13  warning  The value assigned to 'quotes' is not used in subsequent statements  no-useless-assignment
2026-09-09T17:14:25.1294935Z 
2026-09-09T17:14:25.1295207Z /home/runner/work/GGD/GGD/apps/client/scripts/_measure_tmp.mjs
2026-09-09T17:14:25.1296133Z ##[warning]  12:7   warning  'bmin' is never reassigned. Use 'const' instead  prefer-const
2026-09-09T17:14:25.1297428Z ##[warning]  12:27  warning  'bmax' is never reassigned. Use 'const' instead  prefer-const
2026-09-09T17:14:25.1298681Z ##[warning]  13:7   warning  'smin' is never reassigned. Use 'const' instead  prefer-const
2026-09-09T17:14:25.1299921Z ##[warning]  13:27  warning  'smax' is never reassigned. Use 'const' instead  prefer-const
2026-09-09T17:14:25.1301152Z ##[warning]  24:66  warning  Empty block statement                            no-empty
2026-09-09T17:14:25.1302038Z 
2026-09-09T17:14:25.1302374Z /home/runner/work/GGD/GGD/apps/client/scripts/guardian-occluder-sweep.mjs
2026-09-09T17:14:25.1303223Z ##[warning]  283:7   warning  'min' is never reassigned. Use 'const' instead  prefer-const
2026-09-09T17:14:25.1304491Z ##[warning]  283:45  warning  'max' is never reassigned. Use 'const' instead  prefer-const
2026-09-09T17:14:25.1305843Z ##[warning]  435:15  warning  'x' is never reassigned. Use 'const' instead    prefer-const
2026-09-09T17:14:25.1307081Z ##[warning]  436:15  warning  'y' is never reassigned. Use 'const' instead    prefer-const
2026-09-09T17:14:25.1308304Z ##[warning]  437:15  warning  'z' is never reassigned. Use 'const' instead    prefer-const
2026-09-09T17:14:25.1309031Z 
2026-09-09T17:14:25.1309353Z /home/runner/work/GGD/GGD/apps/client/scripts/guardian-render-probe.mjs
2026-09-09T17:14:25.1310364Z ##[warning]   27:5   warning  'nmin' is never reassigned. Use 'const' instead                        prefer-const
2026-09-09T17:14:25.1311849Z ##[warning]   27:44  warning  'nmax' is never reassigned. Use 'const' instead                        prefer-const
2026-09-09T17:14:25.1313936Z ##[warning]  116:59  warning  Expected an assignment or function call and instead saw an expression  @typescript-eslint/no-unused-expressions
2026-09-09T17:14:25.1314873Z 
2026-09-09T17:14:25.1315163Z /home/runner/work/GGD/GGD/apps/client/scripts/probeModelSizing.ts
2026-09-09T17:14:25.1316143Z ##[warning]  251:7  warning  The value assigned to 'out' is not used in subsequent statements  no-useless-assignment
2026-09-09T17:14:25.1316961Z 
2026-09-09T17:14:25.1317185Z /home/runner/work/GGD/GGD/apps/client/src/GameApp.ts
2026-09-09T17:14:25.1318157Z ##[warning]  3876:11  warning  Unexpected aliasing of 'this' to local variable  @typescript-eslint/no-this-alias
2026-09-09T17:14:25.1319037Z 
2026-09-09T17:14:25.1319545Z /home/runner/work/GGD/GGD/apps/client/src/audio/AudioSystem.ts
2026-09-09T17:14:25.1322071Z ##[warning]   774:11  warning  Expected non-Promise value in a boolean conditional               @typescript-eslint/no-misused-promises
2026-09-09T17:14:25.1324906Z ##[warning]  1735:9   warning  The value assigned to 'ctx' is not used in subsequent statements  no-useless-assignment
2026-09-09T17:14:25.1326368Z 
2026-09-09T17:14:25.1326850Z /home/runner/work/GGD/GGD/apps/client/src/audio/audioSettings.ts
2026-09-09T17:14:25.1328522Z ##[warning]  71:9  warning  The value assigned to 'raw' is not used in subsequent statements  no-useless-assignment
2026-09-09T17:14:25.1329970Z 
2026-09-09T17:14:25.1330476Z /home/runner/work/GGD/GGD/apps/client/src/audio/beatSynth.test.ts
2026-09-09T17:14:25.1332367Z ##[warning]  226:14  warning  The value assigned to 't' is not used in subsequent statements  no-useless-assignment
2026-09-09T17:14:25.1333830Z 
2026-09-09T17:14:25.1334300Z /home/runner/work/GGD/GGD/apps/client/src/audio/beatSynth.ts
2026-09-09T17:14:25.1336013Z ##[warning]  607:9   warning  The value assigned to 'ctx' is not used in subsequent statements  no-useless-assignment
2026-09-09T17:14:25.1339061Z ##[warning]  664:13  warning  Expected non-Promise value in a boolean conditional               @typescript-eslint/no-misused-promises
2026-09-09T17:14:25.1340516Z 
2026-09-09T17:14:25.1341011Z /home/runner/work/GGD/GGD/apps/client/src/cursor/cursorSettings.ts
2026-09-09T17:14:25.1343079Z ##[warning]  62:9  warning  The value assigned to 'raw' is not used in subsequent statements  no-useless-assignment
2026-09-09T17:14:25.1344583Z 
2026-09-09T17:14:25.1345140Z /home/runner/work/GGD/GGD/apps/client/src/net/roomLifecycleTeardown.test.ts
2026-09-09T17:14:25.1348138Z ##[warning]  56:5  warning  Promises must be awaited, end with a call to .catch, end with a call to .then with a rejection handler or be explicitly marked as ignored with the `void` operator  @typescript-eslint/no-floating-promises
2026-09-09T17:14:25.1349406Z 
2026-09-09T17:14:25.1349786Z /home/runner/work/GGD/GGD/apps/client/src/render/intermission/IntermissionScene.ts
2026-09-09T17:14:25.1350709Z   391:5  warning  Unused eslint-disable directive (no problems were reported from 'no-console')
2026-09-09T17:14:25.1351564Z   396:5  warning  Unused eslint-disable directive (no problems were reported from 'no-console')
2026-09-09T17:14:25.1352088Z 
2026-09-09T17:14:25.1352633Z /home/runner/work/GGD/GGD/apps/client/src/render/intermission/assetReuse.test.ts
2026-09-09T17:14:25.1353462Z   162:5  warning  Unused eslint-disable directive (no problems were reported from 'no-console')
2026-09-09T17:14:25.1353842Z 
2026-09-09T17:14:25.1354212Z /home/runner/work/GGD/GGD/apps/client/src/render/intermission/purchaseLines.test.ts
2026-09-09T17:14:25.1355640Z ##[warning]  63:9  warning  The value assigned to 'current' is not used in subsequent statements  no-useless-assignment
2026-09-09T17:14:25.1356555Z 
2026-09-09T17:14:25.1356929Z /home/runner/work/GGD/GGD/apps/client/src/render/presentationTriggersWired.test.ts
2026-09-09T17:14:25.1358159Z ##[warning]  35:3  warning  Expected an assignment or function call and instead saw an expression  @typescript-eslint/no-unused-expressions
2026-09-09T17:14:25.1359090Z 
2026-09-09T17:14:25.1359415Z /home/runner/work/GGD/GGD/apps/client/src/render/roundFxRegistry.test.ts
2026-09-09T17:14:25.1360422Z ##[warning]  139:5  warning  The value assigned to 'now' is not used in subsequent statements  no-useless-assignment
2026-09-09T17:14:25.1361255Z 
2026-09-09T17:14:25.1361552Z /home/runner/work/GGD/GGD/apps/client/src/render/roundPurge.test.ts
2026-09-09T17:14:25.1363530Z ##[warning]  113:5  warning  Promises must be awaited, end with a call to .catch, end with a call to .then with a rejection handler or be explicitly marked as ignored with the `void` operator  @typescript-eslint/no-floating-promises
2026-09-09T17:14:25.1366225Z ##[warning]  114:5  warning  Promises must be awaited, end with a call to .catch, end with a call to .then with a rejection handler or be explicitly marked as ignored with the `void` operator  @typescript-eslint/no-floating-promises
2026-09-09T17:14:25.1369053Z ##[warning]  115:5  warning  Promises must be awaited, end with a call to .catch, end with a call to .then with a rejection handler or be explicitly marked as ignored with the `void` operator  @typescript-eslint/no-floating-promises
2026-09-09T17:14:25.1370258Z 
2026-09-09T17:14:25.1370560Z /home/runner/work/GGD/GGD/apps/client/src/render/safeRenderLoop.ts
2026-09-09T17:14:25.1371331Z   52:9  warning  Unused eslint-disable directive (no problems were reported from 'no-console')
2026-09-09T17:14:25.1371709Z 
2026-09-09T17:14:25.1372593Z /home/runner/work/GGD/GGD/apps/client/src/render/vfx/W3xEmitterRig.ts
2026-09-09T17:14:25.1373801Z ##[warning]  389:11  warning  Unexpected aliasing of 'this' to local variable  @typescript-eslint/no-this-alias
2026-09-09T17:14:25.1374711Z 
2026-09-09T17:14:25.1375047Z /home/runner/work/GGD/GGD/apps/client/src/render/vfx/abilityArtContent.ts
2026-09-09T17:14:25.1376002Z ##[warning]  31:5  warning  'derivedCaches' is never reassigned. Use 'const' instead  prefer-const
2026-09-09T17:14:25.1376982Z 
2026-09-09T17:14:25.1377262Z /home/runner/work/GGD/GGD/apps/client/src/ui/TouchControls.tsx
2026-09-09T17:14:25.1378952Z ##[warning]  153:7  warning  React Hook useEffect has a complex expression in the dependency array. Extract it to a separate variable so it can be statically checked  react-hooks/exhaustive-deps
2026-09-09T17:14:25.1380056Z 
2026-09-09T17:14:25.1380359Z /home/runner/work/GGD/GGD/apps/client/src/ui/codex/CodexEditPanel.tsx
2026-09-09T17:14:25.1381847Z ##[warning]  300:6  warning  React Hook useCallback has a missing dependency: 'available'. Either include it or remove the dependency array  react-hooks/exhaustive-deps
2026-09-09T17:14:25.1384187Z ##[warning]  335:6  warning  React Hook useCallback has a missing dependency: 'available'. Either include it or remove the dependency array  react-hooks/exhaustive-deps
2026-09-09T17:14:25.1386294Z ##[warning]  361:6  warning  React Hook useCallback has a missing dependency: 'available'. Either include it or remove the dependency array  react-hooks/exhaustive-deps
2026-09-09T17:14:25.1388389Z ##[warning]  366:6  warning  React Hook useCallback has a missing dependency: 'available'. Either include it or remove the dependency array  react-hooks/exhaustive-deps
2026-09-09T17:14:25.1389391Z 
2026-09-09T17:14:25.1389668Z /home/runner/work/GGD/GGD/apps/client/src/ui/codex/codexEdit.ts
2026-09-09T17:14:25.1390678Z ##[warning]  145:7  warning  The value assigned to 'parsed' is not used in subsequent statements  no-useless-assignment
2026-09-09T17:14:25.1391519Z 
2026-09-09T17:14:25.1391788Z /home/runner/work/GGD/GGD/apps/client/src/ui/codex/useCodex.ts
2026-09-09T17:14:25.1393769Z ##[warning]  114:5  warning  Promises must be awaited, end with a call to .catch, end with a call to .then with a rejection handler or be explicitly marked as ignored with the `void` operator  @typescript-eslint/no-floating-promises
2026-09-09T17:14:25.1394997Z 
2026-09-09T17:14:25.1395326Z /home/runner/work/GGD/GGD/apps/client/src/ui/padSixStageCoverage.test.ts
2026-09-09T17:14:25.1396141Z ##[warning]  68:71  warning  Unnecessary escape character: \`  no-useless-escape
2026-09-09T17:14:25.1396854Z 
2026-09-09T17:14:25.1397170Z /home/runner/work/GGD/GGD/apps/client/src/ui/panels/ChampSelectPanel.tsx
2026-09-09T17:14:25.1398650Z ##[warning]  152:55  warning  React Hook useMemo has an unnecessary dependency: 'roster'. Either exclude it or remove the dependency array  react-hooks/exhaustive-deps
2026-09-09T17:14:25.1400712Z ##[warning]  157:53  warning  React Hook useMemo has an unnecessary dependency: 'roster'. Either exclude it or remove the dependency array  react-hooks/exhaustive-deps
2026-09-09T17:14:25.1401710Z 
2026-09-09T17:14:25.1402384Z /home/runner/work/GGD/GGD/apps/client/src/ui/panels/MatchEndPanel.tsx
2026-09-09T17:14:25.1404554Z ##[warning]  510:9  warning  The 'players' conditional could make the dependencies of useMemo Hook (at line 732) change on every render. To fix this, wrap the initialization of 'players' in its own useMemo() Hook  react-hooks/exhaustive-deps
2026-09-09T17:14:25.1405860Z 
2026-09-09T17:14:25.1406239Z /home/runner/work/GGD/GGD/apps/client/src/ui/panels/champselect/briefingGate.test.ts
2026-09-09T17:14:25.1407207Z ##[warning]  82:9  warning  's' is never reassigned. Use 'const' instead  prefer-const
2026-09-09T17:14:25.1408440Z ##[warning]  92:9  warning  's' is never reassigned. Use 'const' instead  prefer-const
2026-09-09T17:14:25.1409165Z 
2026-09-09T17:14:25.1409464Z /home/runner/work/GGD/GGD/apps/client/src/ui/platform/AuthScreen.tsx
2026-09-09T17:14:25.1410972Z ##[warning]  317:6  warning  React Hook useEffect has a missing dependency: 'returnFromApp'. Either include it or remove the dependency array  react-hooks/exhaustive-deps
2026-09-09T17:14:25.1413069Z ##[warning]  379:9  warning  'fb' is never reassigned. Use 'const' instead                                                                     prefer-const
2026-09-09T17:14:25.1413954Z 
2026-09-09T17:14:25.1414290Z /home/runner/work/GGD/GGD/apps/client/src/ui/platform/ChampionMarquee.tsx
2026-09-09T17:14:25.1415900Z ##[warning]  238:5  warning  React Hook useMemo has an unnecessary dependency: 'contentReady'. Either exclude it or remove the dependency array  react-hooks/exhaustive-deps
2026-09-09T17:14:25.1416926Z 
2026-09-09T17:14:25.1417259Z /home/runner/work/GGD/GGD/apps/client/src/ui/platform/LeaderboardPanel.tsx
2026-09-09T17:14:25.1418690Z ##[warning]  706:5  warning  React Hook useMemo has an unnecessary dependency: 'contentReady'. Either exclude it or remove the dependency array  react-hooks/exhaustive-deps
2026-09-09T17:14:25.1419709Z 
2026-09-09T17:14:25.1420011Z /home/runner/work/GGD/GGD/apps/client/src/ui/platform/StoreScreen.tsx
2026-09-09T17:14:25.1421434Z ##[warning]  407:5  warning  React Hook useMemo has an unnecessary dependency: 'contentReady'. Either exclude it or remove the dependency array  react-hooks/exhaustive-deps
2026-09-09T17:14:25.1423775Z ##[warning]  420:6  warning  React Hook useMemo has an unnecessary dependency: 'contentReady'. Either exclude it or remove the dependency array  react-hooks/exhaustive-deps
2026-09-09T17:14:25.1424800Z 
2026-09-09T17:14:25.1425065Z /home/runner/work/GGD/GGD/apps/client/src/ui/platform/maps.ts
2026-09-09T17:14:25.1426396Z ##[warning]  98:40  warning  React Hook useMemo has an unnecessary dependency: 'ready'. Either exclude it or remove the dependency array  react-hooks/exhaustive-deps
2026-09-09T17:14:25.1427376Z 
2026-09-09T17:14:25.1427678Z /home/runner/work/GGD/GGD/apps/client/src/ui/rangeGuideWiring.test.ts
2026-09-09T17:14:25.1428810Z ##[warning]  58:5  warning  Expected an assignment or function call and instead saw an expression  @typescript-eslint/no-unused-expressions
2026-09-09T17:14:25.1429726Z 
2026-09-09T17:14:25.1430045Z /home/runner/work/GGD/GGD/apps/client/src/ui/scroll/useAutoScrollToRow.ts
2026-09-09T17:14:25.1432741Z ##[warning]  175:27  warning  The ref value 'guard.current' will likely have changed by the time this effect cleanup function runs. If this ref points to a node rendered by React, copy 'guard.current' to a variable inside the effect, and use that variable in the cleanup function  react-hooks/exhaustive-deps
2026-09-09T17:14:25.1434208Z 
2026-09-09T17:14:25.1434486Z /home/runner/work/GGD/GGD/apps/client/src/vfx/AmbientVfx.test.ts
2026-09-09T17:14:25.1435583Z ##[warning]  285:5  warning  The value assigned to 't' is not used in subsequent statements  no-useless-assignment
2026-09-09T17:14:25.1436411Z 
2026-09-09T17:14:25.1436738Z /home/runner/work/GGD/GGD/apps/client/src/vfx/VfxSystem.roundReset.test.ts
2026-09-09T17:14:25.1437750Z ##[warning]  161:5  warning  The value assigned to 'now' is not used in subsequent statements  no-useless-assignment
2026-09-09T17:14:25.1439244Z ##[warning]  263:5  warning  The value assigned to 'now' is not used in subsequent statements  no-useless-assignment
2026-09-09T17:14:25.1440060Z 
2026-09-09T17:14:25.1440377Z /home/runner/work/GGD/GGD/apps/client/src/vfx/gh270EmitterBudget.test.ts
2026-09-09T17:14:25.1441497Z ##[warning]  270:5  warning  The value assigned to 'now' is not used in subsequent statements  no-useless-assignment
2026-09-09T17:14:25.1442493Z 
2026-09-09T17:14:25.1442791Z /home/runner/work/GGD/GGD/apps/client/src/vfx/probe.scratch.test.ts
2026-09-09T17:14:25.1443572Z   55:5  warning  Unused eslint-disable directive (no problems were reported from 'no-console')
2026-09-09T17:14:25.1443945Z 
2026-09-09T17:14:25.1444260Z /home/runner/work/GGD/GGD/apps/client/src/vfx/telegraphCoverage.test.ts
2026-09-09T17:14:25.1445123Z ##[warning]  99:5  warning  'cells' is never reassigned. Use 'const' instead  prefer-const
2026-09-09T17:14:25.1445878Z 
2026-09-09T17:14:25.1446192Z /home/runner/work/GGD/GGD/apps/client/src/vfx/telegraphPoolLeak.test.ts
2026-09-09T17:14:25.1447180Z ##[warning]  138:5  warning  The value assigned to 'now' is not used in subsequent statements  no-useless-assignment
2026-09-09T17:14:25.1447993Z 
2026-09-09T17:14:25.1448376Z /home/runner/work/GGD/GGD/apps/client/src/vfx/telegraphSharedTextureSurvives.test.ts
2026-09-09T17:14:25.1449584Z ##[warning]  102:5  warning  The value assigned to 'now' is not used in subsequent statements  no-useless-assignment
2026-09-09T17:14:25.1450417Z 
2026-09-09T17:14:25.1450689Z /home/runner/work/GGD/GGD/apps/client/src/vfx/vfxScriptStudio.ts
2026-09-09T17:14:25.1451690Z ##[warning]  459:9  warning  The value assigned to 'control' is not used in subsequent statements  no-useless-assignment
2026-09-09T17:14:25.1453398Z 
2026-09-09T17:14:25.1453678Z /home/runner/work/GGD/GGD/apps/editor-desktop/src/preload.ts
2026-09-09T17:14:25.1455003Z ##[warning]  24:40  warning  Promise returned in function argument where a void return was expected  @typescript-eslint/no-misused-promises
2026-09-09T17:14:25.1456838Z ##[warning]  29:54  warning  Promise returned in function argument where a void return was expected  @typescript-eslint/no-misused-promises
2026-09-09T17:14:25.1457748Z 
2026-09-09T17:14:25.1458048Z /home/runner/work/GGD/GGD/apps/editor-desktop/src/saveBeforeClose.ts
2026-09-09T17:14:25.1459191Z ##[warning]  13:7  warning  Expected an assignment or function call and instead saw an expression  @typescript-eslint/no-unused-expressions
2026-09-09T17:14:25.1460099Z 
2026-09-09T17:14:25.1460395Z /home/runner/work/GGD/GGD/apps/editor/src/drafts/CloudHeroLibrary.tsx
2026-09-09T17:14:25.1463240Z ##[warning]  43:31  warning  The ref value 'generation.current' will likely have changed by the time this effect cleanup function runs. If this ref points to a node rendered by React, copy 'generation.current' to a variable inside the effect, and use that variable in the cleanup function  react-hooks/exhaustive-deps
2026-09-09T17:14:25.1466449Z ##[warning]  44:6   warning  React Hook useEffect has a missing dependency: 'refresh'. Either include it or remove the dependency array                                                                                                                                                           react-hooks/exhaustive-deps
2026-09-09T17:14:25.1467646Z 
2026-09-09T17:14:25.1467930Z /home/runner/work/GGD/GGD/apps/editor/src/forge/ForgeStudio.tsx
2026-09-09T17:14:25.1469456Z ##[warning]  246:6  warning  React Hook useEffect has a missing dependency: 'editHistory'. Either include it or remove the dependency array             react-hooks/exhaustive-deps
2026-09-09T17:14:25.1471659Z ##[warning]  322:6  warning  React Hook useEffect has a missing dependency: 'editHistory'. Either include it or remove the dependency array             react-hooks/exhaustive-deps
2026-09-09T17:14:25.1474099Z ##[warning]  429:6  warning  React Hook useEffect has a missing dependency: 'editHistory'. Either include it or remove the dependency array             react-hooks/exhaustive-deps
2026-09-09T17:14:25.1476268Z ##[warning]  435:6  warning  React Hook useEffect has a missing dependency: 'editHistory'. Either include it or remove the dependency array             react-hooks/exhaustive-deps
2026-09-09T17:14:25.1478621Z ##[warning]  608:6  warning  React Hook useMemo has an unnecessary dependency: 'previewContent.data'. Either exclude it or remove the dependency array  react-hooks/exhaustive-deps
2026-09-09T17:14:25.1479731Z 
2026-09-09T17:14:25.1480040Z /home/runner/work/GGD/GGD/apps/editor/src/hero/HeroCommunityPanel.tsx
2026-09-09T17:14:25.1482711Z ##[warning]  34:189  warning  React Hook useEffect has missing dependencies: 'account' and 'readPolicy'. Either include them or remove the dependency array                                                                                                                                                                                                                               react-hooks/exhaustive-deps
2026-09-09T17:14:25.1487141Z ##[warning]  35:89   warning  React Hook useEffect has a missing dependency: 'value.submission?.allowAttributionRemix'. Either include it or remove the dependency array. If 'setAllowRemix' needs the current value of 'value.submission.allowAttributionRemix', you can also switch to useReducer instead of useState and read 'value.submission.allowAttributionRemix' in the reducer  react-hooks/exhaustive-deps
2026-09-09T17:14:25.1491231Z ##[warning]  40:188  warning  React Hook useEffect has missing dependencies: 'account' and 'readReview'. Either include them or remove the dependency array                                                                                                                                                                                                                               react-hooks/exhaustive-deps
2026-09-09T17:14:25.1493035Z 
2026-09-09T17:14:25.1493369Z /home/runner/work/GGD/GGD/apps/editor/src/hero/HeroDraftConflictView.tsx
2026-09-09T17:14:25.1494755Z ##[warning]  52:64  warning  React Hook useMemo has a missing dependency: 'local'. Either include it or remove the dependency array    react-hooks/exhaustive-deps
2026-09-09T17:14:25.1496760Z ##[warning]  60:6   warning  React Hook useEffect has a missing dependency: 'local'. Either include it or remove the dependency array  react-hooks/exhaustive-deps
2026-09-09T17:14:25.1497748Z 
2026-09-09T17:14:25.1498075Z /home/runner/work/GGD/GGD/apps/editor/src/hero/HeroDraftVersionsPanel.tsx
2026-09-09T17:14:25.1500540Z ##[warning]  34:28  warning  The ref value 'request.current' will likely have changed by the time this effect cleanup function runs. If this ref points to a node rendered by React, copy 'request.current' to a variable inside the effect, and use that variable in the cleanup function  react-hooks/exhaustive-deps
2026-09-09T17:14:25.1504706Z ##[warning]  35:6   warning  React Hook useEffect has a missing dependency: 'load'. Either include it or remove the dependency array                                                                                                                                                        react-hooks/exhaustive-deps
2026-09-09T17:14:25.1506143Z 
2026-09-09T17:14:25.1506491Z /home/runner/work/GGD/GGD/apps/editor/src/hero/HeroModelUploadPanel.tsx
2026-09-09T17:14:25.1508100Z ##[warning]  26:6  warning  React Hook useEffect has missing dependencies: 'draft' and 'summary?.sha256'. Either include them or remove the dependency array  react-hooks/exhaustive-deps
2026-09-09T17:14:25.1509196Z 
2026-09-09T17:14:25.1509499Z /home/runner/work/GGD/GGD/apps/editor/src/hero/HeroWithdrawAction.tsx
2026-09-09T17:14:25.1512210Z ##[warning]  11:87  warning  The ref value 'generation.current' will likely have changed by the time this effect cleanup function runs. If this ref points to a node rendered by React, copy 'generation.current' to a variable inside the effect, and use that variable in the cleanup function  react-hooks/exhaustive-deps
2026-09-09T17:14:25.1513724Z 
2026-09-09T17:14:25.1514036Z /home/runner/work/GGD/GGD/apps/editor/src/hero/useUploadedHeroModel.ts
2026-09-09T17:14:25.1515500Z ##[warning]  31:6    warning  React Hook useEffect has a missing dependency: 'model'. Either include it or remove the dependency array                react-hooks/exhaustive-deps
2026-09-09T17:14:25.1517866Z ##[warning]  33:241  warning  React Hook useMemo has missing dependencies: 'model' and 'project'. Either include them or remove the dependency array  react-hooks/exhaustive-deps
2026-09-09T17:14:25.1518931Z 
2026-09-09T17:14:25.1519228Z /home/runner/work/GGD/GGD/apps/editor/src/preview/PreviewPanel.tsx
2026-09-09T17:14:25.1520730Z ##[warning]   55:6  warning  React Hook useMemo has a missing dependency: 'parsed.data'. Either include it or remove the dependency array  react-hooks/exhaustive-deps
2026-09-09T17:14:25.1522985Z ##[warning]  100:6  warning  React Hook useMemo has a missing dependency: 'parsed.data'. Either include it or remove the dependency array  react-hooks/exhaustive-deps
2026-09-09T17:14:25.1525044Z ##[warning]  153:6  warning  React Hook useMemo has a missing dependency: 'parsed.data'. Either include it or remove the dependency array  react-hooks/exhaustive-deps
2026-09-09T17:14:25.1526025Z 
2026-09-09T17:14:25.1526319Z /home/runner/work/GGD/GGD/apps/editor/src/preview3d/ModelPanel.tsx
2026-09-09T17:14:25.1527939Z ##[warning]  150:6  warning  React Hook useEffect has a missing dependency: 'appearance'. Either include it or remove the dependency array                             react-hooks/exhaustive-deps
2026-09-09T17:14:25.1530488Z ##[warning]  156:5  warning  React Hook useEffect has a complex expression in the dependency array. Extract it to a separate variable so it can be statically checked  react-hooks/exhaustive-deps
2026-09-09T17:14:25.1533302Z ##[warning]  157:5  warning  React Hook useEffect has a complex expression in the dependency array. Extract it to a separate variable so it can be statically checked  react-hooks/exhaustive-deps
2026-09-09T17:14:25.1535769Z ##[warning]  158:5  warning  React Hook useEffect has a complex expression in the dependency array. Extract it to a separate variable so it can be statically checked  react-hooks/exhaustive-deps
2026-09-09T17:14:25.1536871Z 
2026-09-09T17:14:25.1537110Z /home/runner/work/GGD/GGD/apps/game-server/src/index.ts
2026-09-09T17:14:25.1538533Z ##[warning]  503:9  warning  Do not assign to the exception parameter                                                                                                                            no-ex-assign
2026-09-09T17:14:25.1540981Z ##[warning]  523:1  warning  Promises must be awaited, end with a call to .catch, end with a call to .then with a rejection handler or be explicitly marked as ignored with the `void` operator  @typescript-eslint/no-floating-promises
2026-09-09T17:14:25.1542376Z 
2026-09-09T17:14:25.1542698Z /home/runner/work/GGD/GGD/apps/game-server/src/net/wsCompression.test.ts
2026-09-09T17:14:25.1543659Z    50:1  warning  Unused eslint-disable directive (no problems were reported from '@typescript-eslint/no-explicit-any')
2026-09-09T17:14:25.1544737Z   108:1  warning  Unused eslint-disable directive (no problems were reported from '@typescript-eslint/no-explicit-any')
2026-09-09T17:14:25.1545190Z 
2026-09-09T17:14:25.1545482Z /home/runner/work/GGD/GGD/packages/shared/scripts/deriveCastTimes.ts
2026-09-09T17:14:25.1546481Z ##[warning]  241:42  warning  Unnecessary escape character: \s  no-useless-escape
2026-09-09T17:14:25.1547714Z ##[warning]  241:72  warning  Unnecessary escape character: \}  no-useless-escape
2026-09-09T17:14:25.1548904Z ##[warning]  245:56  warning  Unnecessary escape character: \}  no-useless-escape
2026-09-09T17:14:25.1549632Z 
2026-09-09T17:14:25.1549943Z /home/runner/work/GGD/GGD/packages/shared/scripts/probeSlotResolve.ts
2026-09-09T17:14:25.1551099Z ##[warning]  119:3  warning  Expected an assignment or function call and instead saw an expression  @typescript-eslint/no-unused-expressions
2026-09-09T17:14:25.1552236Z 
2026-09-09T17:14:25.1552625Z /home/runner/work/GGD/GGD/packages/shared/src/content/championCardSkillLine.test.ts
2026-09-09T17:14:25.1553879Z ##[warning]  44:9  warning  The value assigned to 'out' is not used in subsequent statements  no-useless-assignment
2026-09-09T17:14:25.1554786Z 
2026-09-09T17:14:25.1555140Z /home/runner/work/GGD/GGD/packages/shared/src/content/descriptionClaims.test.ts
2026-09-09T17:14:25.1556246Z ##[warning]  65:7  warning  'open' is never reassigned. Use 'const' instead  prefer-const
2026-09-09T17:14:25.1557026Z 
2026-09-09T17:14:25.1557369Z /home/runner/work/GGD/GGD/packages/shared/src/content/fieldAdoption.test.ts
2026-09-09T17:14:25.1558188Z   256:5  warning  Unused eslint-disable directive (no problems were reported from 'no-console')
2026-09-09T17:14:25.1559039Z   261:7  warning  Unused eslint-disable directive (no problems were reported from 'no-console')
2026-09-09T17:14:25.1559436Z 
2026-09-09T17:14:25.1559772Z /home/runner/work/GGD/GGD/packages/shared/src/content/import/packageSchema.ts
2026-09-09T17:14:25.1560692Z ##[warning]  114:35  warning  Unnecessary escape character: \-  no-useless-escape
2026-09-09T17:14:25.1561426Z 
2026-09-09T17:14:25.1561772Z /home/runner/work/GGD/GGD/packages/shared/src/content/import/validatePackage.ts
2026-09-09T17:14:25.1563088Z ##[warning]  265:9  warning  The value assigned to 'edges' is not used in subsequent statements  no-useless-assignment
2026-09-09T17:14:25.1564118Z 
2026-09-09T17:14:25.1564397Z /home/runner/work/GGD/GGD/packages/shared/src/content/sha256.ts
2026-09-09T17:14:25.1565145Z   7:1  warning  Unused eslint-disable directive (no problems were reported from 'no-bitwise')
2026-09-09T17:14:25.1565535Z 
2026-09-09T17:14:25.1565875Z /home/runner/work/GGD/GGD/packages/shared/src/content/speedGrowthTiers.test.ts
2026-09-09T17:14:25.1566707Z   163:7  warning  Unused eslint-disable directive (no problems were reported from 'no-console')
2026-09-09T17:14:25.1567090Z 
2026-09-09T17:14:25.1567434Z /home/runner/work/GGD/GGD/packages/shared/src/content/vfxBricksConverge.test.ts
2026-09-09T17:14:25.1568258Z ##[warning]  72:56  warning  Unnecessary escape character: \-  no-useless-escape
2026-09-09T17:14:25.1568980Z 
2026-09-09T17:14:25.1569287Z /home/runner/work/GGD/GGD/packages/shared/src/ops/acceptanceN3.test.ts
2026-09-09T17:14:25.1570443Z ##[warning]  261:7  warning  The value assigned to 'sourceId' is not used in subsequent statements  no-useless-assignment
2026-09-09T17:14:25.1571316Z 
2026-09-09T17:14:25.1571673Z /home/runner/work/GGD/GGD/packages/shared/src/ops/aiPromoteGuardIsArmed.test.ts
2026-09-09T17:14:25.1573186Z ##[warning]  74:5  warning  There is no `cause` attached to the symptom error being thrown  preserve-caught-error
2026-09-09T17:14:25.1574069Z 
2026-09-09T17:14:25.1574426Z /home/runner/work/GGD/GGD/packages/shared/src/ops/codexContractNumbers.test.ts
2026-09-09T17:14:25.1575450Z ##[warning]  65:7  warning  There is no `cause` attached to the symptom error being thrown  preserve-caught-error
2026-09-09T17:14:25.1576272Z 
2026-09-09T17:14:25.1576619Z /home/runner/work/GGD/GGD/packages/shared/src/ops/editorCoverageFresh.test.ts
2026-09-09T17:14:25.1577646Z ##[warning]  54:9  warning  The value assigned to 'out' is not used in subsequent statements  no-useless-assignment
2026-09-09T17:14:25.1578478Z 
2026-09-09T17:14:25.1578785Z /home/runner/work/GGD/GGD/packages/shared/src/ops/jassComboTable.test.ts
2026-09-09T17:14:25.1579777Z ##[warning]  46:9  warning  The value assigned to 'out' is not used in subsequent statements  no-useless-assignment
2026-09-09T17:14:25.1580595Z 
2026-09-09T17:14:25.1580963Z /home/runner/work/GGD/GGD/packages/shared/src/ops/jassExtractionCoverage.test.ts
2026-09-09T17:14:25.1582182Z ##[warning]  83:11  warning  The value assigned to 'out' is not used in subsequent statements  no-useless-assignment
2026-09-09T17:14:25.1583038Z 
2026-09-09T17:14:25.1583410Z /home/runner/work/GGD/GGD/packages/shared/src/ops/laneVDryRunWritesNothing.test.ts
2026-09-09T17:14:25.1584463Z ##[warning]  71:9  warning  The value assigned to 'out' is not used in subsequent statements  no-useless-assignment
2026-09-09T17:14:25.1585289Z 
2026-09-09T17:14:25.1585614Z /home/runner/work/GGD/GGD/packages/shared/src/ops/nginxTokenScrub.test.ts
2026-09-09T17:14:25.1586406Z ##[warning]  59:15  warning  Spaces are hard to count. Use {4}  no-regex-spaces
2026-09-09T17:14:25.1587120Z 
2026-09-09T17:14:25.1587696Z /home/runner/work/GGD/GGD/packages/shared/src/ops/quarantineOrphansAndEntrypoints.test.ts
2026-09-09T17:14:25.1588822Z ##[warning]  128:9  warning  The value assigned to 'out' is not used in subsequent statements  no-useless-assignment
2026-09-09T17:14:25.1589658Z 
2026-09-09T17:14:25.1589975Z /home/runner/work/GGD/GGD/packages/shared/src/ops/ruleSlipLedger.test.ts
2026-09-09T17:14:25.1590960Z ##[warning]  39:9  warning  The value assigned to 'out' is not used in subsequent statements  no-useless-assignment
2026-09-09T17:14:25.1591783Z 
2026-09-09T17:14:25.1592339Z /home/runner/work/GGD/GGD/packages/shared/src/ops/sceneryCc0Provenance.test.ts
2026-09-09T17:14:25.1593396Z ##[warning]  63:9  warning  The value assigned to 'out' is not used in subsequent statements  no-useless-assignment
2026-09-09T17:14:25.1594233Z 
2026-09-09T17:14:25.1594585Z /home/runner/work/GGD/GGD/packages/shared/src/ops/skillRemakeDocsFresh.test.ts
2026-09-09T17:14:25.1595618Z ##[warning]  37:9  warning  The value assigned to 'out' is not used in subsequent statements  no-useless-assignment
2026-09-09T17:14:25.1596603Z 
2026-09-09T17:14:25.1596924Z /home/runner/work/GGD/GGD/packages/shared/src/ops/ugcGateIsArmed.test.ts
2026-09-09T17:14:25.1597925Z ##[warning]  103:5  warning  There is no `cause` attached to the symptom error being thrown  preserve-caught-error
2026-09-09T17:14:25.1598748Z 
2026-09-09T17:14:25.1599161Z /home/runner/work/GGD/GGD/packages/shared/src/ops/zipSafetyWiredWhenImporterLands.test.ts
2026-09-09T17:14:25.1600242Z ##[warning]  36:7  warning  The value assigned to 'out' is not used in subsequent statements  no-useless-assignment
2026-09-09T17:14:25.1601056Z 
2026-09-09T17:14:25.1601401Z /home/runner/work/GGD/GGD/packages/shared/src/sim/championFormContent.test.ts
2026-09-09T17:14:25.1602798Z ##[warning]  298:11  warning  The value assigned to 'modelKey' is not used in subsequent statements  no-useless-assignment
2026-09-09T17:14:25.1603686Z 
2026-09-09T17:14:25.1604047Z /home/runner/work/GGD/GGD/packages/shared/src/sim/content/registryContext.test.ts
2026-09-09T17:14:25.1605340Z ##[warning]  44:53  warning  Promise returned in function argument where a void return was expected  @typescript-eslint/no-misused-promises
2026-09-09T17:14:25.1606279Z 
2026-09-09T17:14:25.1606594Z /home/runner/work/GGD/GGD/packages/shared/src/sim/effects/applyStatus.ts
2026-09-09T17:14:25.1607769Z ##[warning]  224:11  warning  The value assigned to 'addedTicks' is not used in subsequent statements  no-useless-assignment
2026-09-09T17:14:25.1608637Z 
2026-09-09T17:14:25.1608995Z /home/runner/work/GGD/GGD/packages/shared/src/sim/effects/chainLightning.test.ts
2026-09-09T17:14:25.1609825Z   207:7  warning  Unused eslint-disable directive (no problems were reported from 'no-console')
2026-09-09T17:14:25.1610213Z 
2026-09-09T17:14:25.1610499Z /home/runner/work/GGD/GGD/packages/shared/src/sim/efurKit.test.ts
2026-09-09T17:14:25.1611559Z ##[warning]  219:9  warning  The value assigned to 'armorWithAll' is not used in subsequent statements  no-useless-assignment
2026-09-09T17:14:25.1612881Z 
2026-09-09T17:14:25.1613204Z /home/runner/work/GGD/GGD/packages/shared/src/sim/stuckEscape.test.ts
2026-09-09T17:14:25.1614102Z ##[warning]  168:9  warning  'escaped' is never reassigned. Use 'const' instead  prefer-const
2026-09-09T17:14:25.1614863Z 
2026-09-09T17:14:25.1615209Z /home/runner/work/GGD/GGD/packages/shared/src/sim/systems/BasicAttackSystem.ts
2026-09-09T17:14:25.1616181Z ##[warning]  501:7  warning  'amount' is never reassigned. Use 'const' instead  prefer-const
2026-09-09T17:14:25.1616943Z 
2026-09-09T17:14:25.1617295Z /home/runner/work/GGD/GGD/packages/shared/src/sim/systems/GuardianSystem.test.ts
2026-09-09T17:14:25.1618120Z ##[warning]  167:16  warning  Unexpected empty array pattern  no-empty-pattern
2026-09-09T17:14:25.1618839Z 
2026-09-09T17:14:25.1619186Z /home/runner/work/GGD/GGD/packages/shared/src/sim/weaponClassCoverage.test.ts
2026-09-09T17:14:25.1620002Z   180:5  warning  Unused eslint-disable directive (no problems were reported from 'no-console')
2026-09-09T17:14:25.1620385Z 
2026-09-09T17:14:25.1620850Z /home/runner/work/GGD/GGD/packages/shared/testkit/balancePopulation.ts
2026-09-09T17:14:25.1622135Z ##[warning]  144:7  warning  There is no `cause` attached to the symptom error being thrown  preserve-caught-error
2026-09-09T17:14:25.1623009Z 
2026-09-09T17:14:25.1623284Z /home/runner/work/GGD/GGD/packages/shared/testkit/headlessUi.ts
2026-09-09T17:14:25.1625056Z ##[warning]  166:28  warning  React Hook useMemo was passed a dependency list that is not an array literal. This means we can't statically verify whether you've passed the correct dependencies  react-hooks/exhaustive-deps
2026-09-09T17:14:25.1627546Z ##[warning]  166:28  warning  React Hook useMemo has a missing dependency: 'fn'. Either include it or remove the dependency array                                                                 react-hooks/exhaustive-deps
2026-09-09T17:14:25.1628728Z 
2026-09-09T17:14:25.1629020Z /home/runner/work/GGD/GGD/packages/shared/testkit/starterRoster.ts
2026-09-09T17:14:25.1630166Z ##[warning]  68:5  warning  There is no `cause` attached to the symptom error being thrown  preserve-caught-error
2026-09-09T17:14:25.1631002Z 
2026-09-09T17:14:25.1631298Z /home/runner/work/GGD/GGD/tools/admin-live/datasets/mdl-families.mjs
2026-09-09T17:14:25.1632690Z ##[warning]  186:15  warning  The value assigned to 'vk' is not used in subsequent statements  no-useless-assignment
2026-09-09T17:14:25.1633571Z 
2026-09-09T17:14:25.1633884Z /home/runner/work/GGD/GGD/tools/admin-live/datasets/parallel-board.mjs
2026-09-09T17:14:25.1634956Z ##[warning]  101:9  warning  The value assigned to 'time' is not used in subsequent statements        no-useless-assignment
2026-09-09T17:14:25.1636541Z ##[warning]  102:9  warning  The value assigned to 'quote' is not used in subsequent statements       no-useless-assignment
2026-09-09T17:14:25.1638112Z ##[warning]  103:9  warning  The value assigned to 'ticketCell' is not used in subsequent statements  no-useless-assignment
2026-09-09T17:14:25.1638973Z 
2026-09-09T17:14:25.1639305Z /home/runner/work/GGD/GGD/tools/admin-live/datasets/skill-authoring.mjs
2026-09-09T17:14:25.1640332Z ##[warning]  204:9   warning  The value assigned to 'files' is not used in subsequent statements  no-useless-assignment
2026-09-09T17:14:25.1641845Z ##[warning]  219:70  warning  Unnecessary escape character: \[                                    no-useless-escape
2026-09-09T17:14:25.1643531Z ##[warning]  371:40  warning  Unnecessary escape character: \[                                    no-useless-escape
2026-09-09T17:14:25.1644349Z 
2026-09-09T17:14:25.1644607Z /home/runner/work/GGD/GGD/tools/balance-alert/echoLoop.ts
2026-09-09T17:14:25.1645794Z ##[warning]  199:12  warning  Expected an assignment or function call and instead saw an expression  @typescript-eslint/no-unused-expressions
2026-09-09T17:14:25.1646731Z 
2026-09-09T17:14:25.1646970Z /home/runner/work/GGD/GGD/tools/balance-anchors/gen.ts
2026-09-09T17:14:25.1647979Z ##[warning]  434:7  warning  The value assigned to 'have' is not used in subsequent statements  no-useless-assignment
2026-09-09T17:14:25.1648839Z 
2026-09-09T17:14:25.1649059Z /home/runner/work/GGD/GGD/tools/brick-census/gen.ts
2026-09-09T17:14:25.1650048Z ##[warning]  296:9  warning  The value assigned to 'cur' is not used in subsequent statements  no-useless-assignment
2026-09-09T17:14:25.1651152Z 
2026-09-09T17:14:25.1651615Z /home/runner/work/GGD/GGD/tools/card-prose/gen_card_prose.ts
2026-09-09T17:14:25.1652791Z   358:3  warning  Unused eslint-disable directive (no problems were reported from 'no-console')
2026-09-09T17:14:25.1653192Z 
2026-09-09T17:14:25.1653467Z /home/runner/work/GGD/GGD/tools/deploy/test/ggd-backup.test.ts
2026-09-09T17:14:25.1654469Z ##[warning]  53:5  warning  'boxes' is never reassigned. Use 'const' instead  prefer-const
2026-09-09T17:14:25.1655327Z 
2026-09-09T17:14:25.1655728Z /home/runner/work/GGD/GGD/tools/hero-archetypes/build.ts
2026-09-09T17:14:25.1656752Z ##[warning]  309:169  warning  Unnecessary escape character: \`  no-useless-escape
2026-09-09T17:14:25.1683723Z ##[warning]  309:180  warning  Unnecessary escape character: \`  no-useless-escape
2026-09-09T17:14:25.1684880Z 
2026-09-09T17:14:25.1685178Z /home/runner/work/GGD/GGD/tools/model-budget/emit_report.ts
2026-09-09T17:14:25.1686501Z ##[warning]  349:40  warning  Expected an assignment or function call and instead saw an expression  @typescript-eslint/no-unused-expressions
2026-09-09T17:14:25.1687471Z 
2026-09-09T17:14:25.1687767Z /home/runner/work/GGD/GGD/tools/parallel-gates/force-writes.mjs
2026-09-09T17:14:25.1688847Z ##[warning]  54:7  warning  The value assigned to 'out' is not used in subsequent statements  no-useless-assignment
2026-09-09T17:14:25.1689701Z 
2026-09-09T17:14:25.1689951Z /home/runner/work/GGD/GGD/tools/parallel-gates/trace.mjs
2026-09-09T17:14:25.1690915Z ##[warning]  343:7  warning  The value assigned to 'out' is not used in subsequent statements  no-useless-assignment
2026-09-09T17:14:25.1692917Z ##[warning]  353:7  warning  The value assigned to 'top' is not used in subsequent statements  no-useless-assignment
2026-09-09T17:14:25.1693989Z 
2026-09-09T17:14:25.1694233Z /home/runner/work/GGD/GGD/tools/roster-guard/check.ts
2026-09-09T17:14:25.1695324Z ##[warning]  720:11  warning  The value assigned to 'isDir' is not used in subsequent statements  no-useless-assignment
2026-09-09T17:14:25.1696185Z 
2026-09-09T17:14:25.1696523Z /home/runner/work/GGD/GGD/tools/skill-forge/build-visual-review-packet.mjs
2026-09-09T17:14:25.1697523Z ##[warning]  60:5  warning  'advisoryById' is never reassigned. Use 'const' instead  prefer-const
2026-09-09T17:14:25.1698328Z 
2026-09-09T17:14:25.1698581Z /home/runner/work/GGD/GGD/tools/stat-caps/gen_stat_caps.ts
2026-09-09T17:14:25.1699597Z ##[warning]  348:7  warning  The value assigned to 'have' is not used in subsequent statements  no-useless-assignment
2026-09-09T17:14:25.1700442Z 
2026-09-09T17:14:25.1700684Z /home/runner/work/GGD/GGD/tools/ttk-sim/src/goldCurve.ts
2026-09-09T17:14:25.1701817Z ##[warning]  109:7  warning  The value assigned to 'combatSecOut' is not used in subsequent statements  no-useless-assignment
2026-09-09T17:14:25.1702908Z 
2026-09-09T17:14:25.1703138Z /home/runner/work/GGD/GGD/tools/ttk-sim/src/retune.ts
2026-09-09T17:14:25.1704238Z ##[warning]  59:33  warning  Expected an assignment or function call and instead saw an expression  @typescript-eslint/no-unused-expressions
2026-09-09T17:14:25.1705982Z ##[warning]  60:34  warning  Expected an assignment or function call and instead saw an expression  @typescript-eslint/no-unused-expressions
2026-09-09T17:14:25.1707713Z ##[warning]  61:33  warning  Expected an assignment or function call and instead saw an expression  @typescript-eslint/no-unused-expressions
2026-09-09T17:14:25.1709437Z ##[warning]  62:34  warning  Expected an assignment or function call and instead saw an expression  @typescript-eslint/no-unused-expressions
2026-09-09T17:14:25.1711163Z ##[warning]  63:34  warning  Expected an assignment or function call and instead saw an expression  @typescript-eslint/no-unused-expressions
2026-09-09T17:14:25.1713120Z ##[warning]  64:31  warning  Expected an assignment or function call and instead saw an expression  @typescript-eslint/no-unused-expressions
2026-09-09T17:14:25.1714043Z 
2026-09-09T17:14:25.1714264Z /home/runner/work/GGD/GGD/tools/ttk-sim/src/sweep.ts
2026-09-09T17:14:25.1715319Z ##[warning]  43:33  warning  Expected an assignment or function call and instead saw an expression  @typescript-eslint/no-unused-expressions
2026-09-09T17:14:25.1717032Z ##[warning]  44:33  warning  Expected an assignment or function call and instead saw an expression  @typescript-eslint/no-unused-expressions
2026-09-09T17:14:25.1718737Z ##[warning]  45:34  warning  Expected an assignment or function call and instead saw an expression  @typescript-eslint/no-unused-expressions
2026-09-09T17:14:25.1720442Z ##[warning]  46:34  warning  Expected an assignment or function call and instead saw an expression  @typescript-eslint/no-unused-expressions
2026-09-09T17:14:25.1722448Z ##[warning]  47:31  warning  Expected an assignment or function call and instead saw an expression  @typescript-eslint/no-unused-expressions
2026-09-09T17:14:25.1723493Z 
2026-09-09T17:14:25.1723754Z /home/runner/work/GGD/GGD/tools/type-catalog/gen.ts
2026-09-09T17:14:25.1724582Z ##[warning]  148:42  warning  Unnecessary escape character: \-  no-useless-escape
2026-09-09T17:14:25.1725323Z 
2026-09-09T17:14:25.1725579Z /home/runner/work/GGD/GGD/tools/uptime-probe/src/config.ts
2026-09-09T17:14:25.1726630Z ##[warning]  313:5  warning  There is no `cause` attached to the symptom error being thrown  preserve-caught-error
2026-09-09T17:14:25.1727464Z 
2026-09-09T17:14:25.1727732Z /home/runner/work/GGD/GGD/tools/uptime-probe/src/notify.test.ts
2026-09-09T17:14:25.1728479Z ##[warning]  236:87  warning  Spaces are hard to count. Use {2}  no-regex-spaces
2026-09-09T17:14:25.1729191Z 
2026-09-09T17:14:25.1729437Z /home/runner/work/GGD/GGD/tools/voice-gen/src/serve.mjs
2026-09-09T17:14:25.1730675Z ##[warning]  595:9  warning  Expected an assignment or function call and instead saw an expression  @typescript-eslint/no-unused-expressions
2026-09-09T17:14:25.1731782Z 
2026-09-09T17:14:25.1732454Z /home/runner/work/GGD/GGD/tools/voxel-gen/barcodeExtract.ts
2026-09-09T17:14:25.1733703Z ##[warning]  94:11  warning  An interface declaring no members is equivalent to its supertype  @typescript-eslint/no-empty-object-type
2026-09-09T17:14:25.1734658Z 
2026-09-09T17:14:25.1734913Z /home/runner/work/GGD/GGD/tools/w3x-import/mesh_audit.mts
2026-09-09T17:14:25.1735653Z ##[warning]  297:11  warning  Empty block statement  no-empty
2026-09-09T17:14:25.1736357Z 
2026-09-09T17:14:25.1736618Z /home/runner/work/GGD/GGD/tools/w3x-import/model_audit_61.mjs
2026-09-09T17:14:25.1737262Z ##[warning]  121:115  warning  Empty block statement  no-empty
2026-09-09T17:14:25.1737918Z 
2026-09-09T17:14:25.1738206Z /home/runner/work/GGD/GGD/tools/w3x-import/model_size_audit_150.mjs
2026-09-09T17:14:25.1739024Z ##[warning]  80:7  warning  'out' is never reassigned. Use 'const' instead  prefer-const
2026-09-09T17:14:25.1739779Z 
2026-09-09T17:14:25.1740089Z /home/runner/work/GGD/GGD/tools/w3x-import/test/particles_regen.test.ts
2026-09-09T17:14:25.1741146Z ##[warning]  57:9  warning  The value assigned to 'out' is not used in subsequent statements  no-useless-assignment
2026-09-09T17:14:25.1742173Z 
2026-09-09T17:14:25.1742522Z /home/runner/work/GGD/GGD/tools/w3x-import/test/shippedVfxIsCurrent.test.ts
2026-09-09T17:14:25.1743570Z ##[warning]  398:11  warning  The value assigned to 'out' is not used in subsequent statements  no-useless-assignment
2026-09-09T17:14:25.1744414Z 
2026-09-09T17:14:25.1744825Z ✖ 197 problems (0 errors, 197 warnings)
2026-09-09T17:14:25.1745324Z   0 errors and 36 warnings potentially fixable with the `--fix` option.
2026-09-09T17:14:25.1745622Z 
2026-09-09T17:14:26.1174081Z ##[group]Run pnpm -r --if-present typecheck
2026-09-09T17:14:26.1174480Z [36;1mpnpm -r --if-present typecheck[0m
2026-09-09T17:14:26.1213050Z shell: /usr/bin/bash -e {0}
2026-09-09T17:14:26.1213350Z env:
2026-09-09T17:14:26.1213553Z   GO_VERSION: 1.25.14
2026-09-09T17:14:26.1213857Z   PNPM_HOME: /home/runner/setup-pnpm/node_modules/.bin
2026-09-09T17:14:26.1214200Z ##[endgroup]
2026-09-09T17:14:26.5633158Z Scope: 20 of 21 workspace projects
2026-09-09T17:14:26.5653140Z apps/test-dashboard typecheck$ tsc --noEmit -p tsconfig.json
2026-09-09T17:14:26.5695162Z packages/shared typecheck$ tsc --noEmit -p tsconfig.json
2026-09-09T17:14:26.5700374Z tools/capability-export typecheck$ tsc --noEmit -p tsconfig.json
2026-09-09T17:14:26.5707816Z tools/model-budget typecheck$ tsc --noEmit -p tsconfig.json
2026-09-09T17:14:31.6224689Z apps/test-dashboard typecheck: Done
2026-09-09T17:14:31.6232459Z tools/todo-check typecheck$ tsc --noEmit -p tsconfig.json
2026-09-09T17:14:34.8063628Z tools/todo-check typecheck: Done
2026-09-09T17:14:34.8134492Z tools/tts-gen typecheck$ node --check src/generate.mjs && node --check src/build-champ-names.mjs && node --check src/build-champ-quotes.mjs
2026-09-09T17:14:35.0354671Z tools/tts-gen typecheck: Done
2026-09-09T17:14:35.0365724Z tools/uptime-probe typecheck$ tsc --noEmit -p tsconfig.json
2026-09-09T17:14:38.5835240Z tools/uptime-probe typecheck: Done
2026-09-09T17:14:38.5873572Z tools/vfx-visual-review typecheck$ tsc --noEmit -p tsconfig.json
2026-09-09T17:14:43.1060157Z tools/vfx-visual-review typecheck: Done
2026-09-09T17:14:50.4144057Z tools/capability-export typecheck: Done
2026-09-09T17:14:54.0810092Z tools/model-budget typecheck: Done
2026-09-09T17:15:03.1983483Z packages/shared typecheck: Done
2026-09-09T17:15:03.1991339Z apps/admin typecheck$ tsc --noEmit -p tsconfig.json
2026-09-09T17:15:03.1994663Z apps/client typecheck$ tsc --noEmit -p tsconfig.json
2026-09-09T17:15:03.1997492Z apps/content-api typecheck$ tsc --noEmit -p tsconfig.json
2026-09-09T17:15:03.2000054Z apps/editor typecheck$ tsc --noEmit -p tsconfig.json
2026-09-09T17:15:36.9269826Z apps/content-api typecheck: Done
2026-09-09T17:15:36.9299585Z apps/editor-desktop typecheck$ tsc --noEmit -p tsconfig.json
2026-09-09T17:16:00.6163401Z apps/editor typecheck: Done
2026-09-09T17:16:00.6203174Z apps/game-server typecheck$ tsc --noEmit -p tsconfig.json
2026-09-09T17:16:04.4827250Z apps/editor-desktop typecheck: Done
2026-09-09T17:16:04.4858950Z tools/anime-arena-map typecheck$ tsc --noEmit -p tsconfig.json
2026-09-09T17:16:14.0263301Z apps/admin typecheck: Done
2026-09-09T17:16:14.0333336Z tools/role-classify typecheck$ tsc --noEmit -p tsconfig.json
2026-09-09T17:16:20.3984313Z apps/client typecheck: Done
2026-09-09T17:16:20.3985863Z tools/voxel-gen typecheck$ tsc --noEmit -p tsconfig.json
2026-09-09T17:16:29.3411534Z tools/anime-arena-map typecheck: Done
2026-09-09T17:16:35.0102282Z apps/game-server typecheck: Done
2026-09-09T17:16:35.5792942Z tools/role-classify typecheck: Done
2026-09-09T17:16:38.0877639Z tools/voxel-gen typecheck: Done
2026-09-09T17:16:38.0882210Z tools/ttk-sim typecheck$ tsc --noEmit -p tsconfig.json
2026-09-09T17:16:49.0776056Z tools/ttk-sim typecheck: Done
2026-09-09T17:16:49.0939376Z ##[group]Run set -o pipefail
2026-09-09T17:16:49.0939748Z [36;1mset -o pipefail[0m
2026-09-09T17:16:49.0940224Z [36;1mforks="${GGD_VITEST_FORKS_PER_PACKAGE:-$(nproc)}"[0m
2026-09-09T17:16:49.0940862Z [36;1mecho "nproc=$(nproc)  workspace-concurrency=${GGD_WORKSPACE_TEST_CONCURRENCY}  forks-per-package=${forks}"[0m
2026-09-09T17:16:49.0941619Z [36;1mpnpm -r --workspace-concurrency="${GGD_WORKSPACE_TEST_CONCURRENCY}" --if-present test \[0m
2026-09-09T17:16:49.0942582Z [36;1m  -- --poolOptions.forks.maxForks "${forks}" --poolOptions.forks.minForks 1 \[0m
2026-09-09T17:16:49.0943073Z [36;1m  2>&1 | tee "${RUNNER_TEMP}/vitest-unit.log"[0m
2026-09-09T17:16:49.0982182Z shell: /usr/bin/bash --noprofile --norc -e -o pipefail {0}
2026-09-09T17:16:49.0982555Z env:
2026-09-09T17:16:49.0982761Z   GO_VERSION: 1.25.14
2026-09-09T17:16:49.0983056Z   PNPM_HOME: /home/runner/setup-pnpm/node_modules/.bin
2026-09-09T17:16:49.0983538Z   GGD_COVERAGE_FILE: /home/runner/work/_temp/coverage-unit.ndjson
2026-09-09T17:16:49.0983944Z   GGD_WORKSPACE_TEST_CONCURRENCY: 1
2026-09-09T17:16:49.0984230Z   GGD_VITEST_FORKS_PER_PACKAGE: 
2026-09-09T17:16:49.0984484Z ##[endgroup]
2026-09-09T17:16:49.1120244Z nproc=4  workspace-concurrency=1  forks-per-package=4
2026-09-09T17:16:49.5604395Z Scope: 20 of 21 workspace projects
2026-09-09T17:16:49.5663553Z ##[group]@ggd/test-dashboard@0.0.0 : test apps/test-dashboard
2026-09-09T17:16:49.5682299Z 
2026-09-09T17:16:49.5683006Z > @ggd/test-dashboard@0.0.0 test /home/runner/work/GGD/GGD/apps/test-dashboard
2026-09-09T17:16:49.5683761Z > vitest run --poolOptions.forks.maxForks 4 --poolOptions.forks.minForks 1
2026-09-09T17:16:49.5684115Z 
2026-09-09T17:16:49.8625582Z 
2026-09-09T17:16:49.8627822Z [1m[7m[36m RUN [39m[27m[22m [36mv2.1.9 [39m[90m/home/runner/work/GGD/GGD/apps/test-dashboard[39m
2026-09-09T17:16:49.8628699Z 
2026-09-09T17:16:50.1890957Z  [32m✓[39m src/store.test.ts [2m([22m[2m7 tests[22m[2m)[22m[90m 27[2mms[22m[39m
2026-09-09T17:16:50.2046519Z 
2026-09-09T17:16:50.2057787Z [2m Test Files [22m [1m[32m1 passed[39m[22m[90m (1)[39m
2026-09-09T17:16:50.2059320Z [2m      Tests [22m [1m[32m7 passed[39m[22m[90m (7)[39m
2026-09-09T17:16:50.2060444Z [2m   Start at [22m 17:16:49
2026-09-09T17:16:50.2061852Z [2m   Duration [22m 342ms[2m (transform 86ms, setup 0ms, collect 98ms, tests 27ms, environment 0ms, prepare 61ms)[22m
2026-09-09T17:16:50.2072463Z 
2026-09-09T17:16:50.2219378Z ##[endgroup]
2026-09-09T17:16:50.2224052Z ##[group]@ggd/shared@0.0.0 : test packages/shared
2026-09-09T17:16:50.2233378Z 
2026-09-09T17:16:50.2234071Z > @ggd/shared@0.0.0 test /home/runner/work/GGD/GGD/packages/shared
2026-09-09T17:16:50.2235083Z > vitest run --poolOptions.forks.maxForks 4 --poolOptions.forks.minForks 1
2026-09-09T17:16:50.2235540Z 
2026-09-09T17:16:50.5337531Z 
2026-09-09T17:16:50.5339741Z [1m[7m[36m RUN [39m[27m[22m [36mv2.1.9 [39m[90m/home/runner/work/GGD/GGD/packages/shared[39m
2026-09-09T17:16:50.5340417Z 
2026-09-09T17:16:55.0243207Z  [32m✓[39m src/sim/autoEngageStalledWalk.test.ts [2m([22m[2m26 tests[22m[2m)[22m[33m 1099[2mms[22m[39m
2026-09-09T17:16:55.1915023Z  [32m✓[39m src/sim/mobs.boss.test.ts [2m([22m[2m43 tests[22m[2m)[22m[90m 152[2mms[22m[39m
2026-09-09T17:16:56.1409021Z  [32m✓[39m src/ops/skillsSyncCoversGenerators.test.ts [2m([22m[2m6 tests[22m[2m)[22m[33m 709[2mms[22m[39m
2026-09-09T17:16:56.1413792Z    [33m[2m✓[22m[39m skills:sync / skills:check 涵蓋所有產生器[2m > [22m每一支寫 docs/ 或 content/ 產物的產生器,目錄都在聚合指令的視野裡 [33m541[2mms[22m[39m
2026-09-09T17:16:56.6734141Z  [32m✓[39m src/content/noOpModifierClaims.test.ts [2m([22m[2m10 tests[22m[2m)[22m[33m 617[2mms[22m[39m
2026-09-09T17:16:56.7667625Z  [32m✓[39m src/sim/economy/legendaryClaims.test.ts [2m([22m[2m5 tests[22m[2m)[22m[33m 1664[2mms[22m[39m
2026-09-09T17:16:57.7082485Z  [32m✓[39m src/sim/effects/invulnerable.test.ts [2m([22m[2m39 tests[22m[2m)[22m[90m 208[2mms[22m[39m
2026-09-09T17:16:58.0787899Z  [32m✓[39m src/sim/combat/damageTypeOverride.test.ts [2m([22m[2m29 tests[22m[2m)[22m[90m 70[2mms[22m[39m
2026-09-09T17:16:58.5744148Z  [32m✓[39m src/sim/leapJassFidelity.test.ts [2m([22m[2m16 tests[22m[2m)[22m[90m 75[2mms[22m[39m
2026-09-09T17:17:00.1654172Z  [32m✓[39m src/sim/castabilitySweep.test.ts [2m([22m[2m2 tests[22m[2m)[22m[33m 4843[2mms[22m[39m
2026-09-09T17:17:00.1656903Z    [33m[2m✓[22m[39m task #128 — in-game castability coverage sweep[2m > [22mspawns every whitelisted champion and fires every slot, writing docs/_castability-128.md [33m2635[2mms[22m[39m
2026-09-09T17:17:00.4846975Z  [32m✓[39m src/sim/combat/block.test.ts [2m([22m[2m35 tests[22m[2m)[22m[90m 128[2mms[22m[39m
2026-09-09T17:17:02.4934199Z  [32m✓[39m src/sim/effects/evasion.test.ts [2m([22m[2m31 tests[22m[2m)[22m[33m 1038[2mms[22m[39m
2026-09-09T17:17:02.4964724Z    [33m[2m✓[22m[39m the `evasion` EffectDef grants a dodge the sim actually consumes[2m > [22mEND-TO-END: the granted dodge measurably reduces hp lost in a stepped fight [33m318[2mms[22m[39m
2026-09-09T17:17:02.6094402Z  [32m✓[39m src/sim/effects/incomingReflect.test.ts [2m([22m[2m31 tests[22m[2m)[22m[33m 2571[2mms[22m[39m
2026-09-09T17:17:03.7774349Z  [32m✓[39m src/sim/abilities/nativeFidelity.test.ts [2m([22m[2m18 tests[22m[2m)[22m[33m 3806[2mms[22m[39m
2026-09-09T17:17:03.7804360Z    [33m[2m✓[22m[39m WC3 permanent passives are permanent (task #78)[2m > [22m染血的柴刀's crit multiplier is what basic attacks actually crit for [33m509[2mms[22m[39m
2026-09-09T17:17:03.7904561Z    [33m[2m✓[22m[39m WC3 permanent passives are permanent (task #78)[2m > [22m鋼鐵尾巴 AHbh procs ON ATTACK at the map's 10 % chance for the map's bonus damage [33m661[2mms[22m[39m
2026-09-09T17:17:04.2052754Z  [32m✓[39m src/sim/effects/onHitTerms.shipped.test.ts [2m([22m[2m40 tests[22m[2m)[22m[33m 2115[2mms[22m[39m
2026-09-09T17:17:04.2073878Z    [33m[2m✓[22m[39m §2C 朗基努斯之槍 —— 機率讀總敏捷,傷害讀總力量[2m > [22m觸發率 ≈ 總敏捷 %,而且會隨敏捷一起上升 [33m702[2mms[22m[39m
2026-09-09T17:17:04.4721624Z  [32m✓[39m src/sim/mobs.level.test.ts [2m([22m[2m26 tests[22m[2m)[22m[90m 106[2mms[22m[39m
2026-09-09T17:17:05.6724130Z  [32m✓[39m src/sim/pipeline.test.ts [2m([22m[2m24 tests[22m[2m)[22m[33m 429[2mms[22m[39m
2026-09-09T17:17:05.9274321Z  [32m✓[39m src/sim/effects/shieldAbsorb.test.ts [2m([22m[2m35 tests[22m[2m)[22m[90m 79[2mms[22m[39m
2026-09-09T17:17:06.1494485Z  [32m✓[39m src/sim/economy/goldPayoutMultipliers.test.ts [2m([22m[2m31 tests[22m[2m)[22m[90m 135[2mms[22m[39m
2026-09-09T17:17:07.5615684Z  [32m✓[39m src/sim/efurKit.test.ts [2m([22m[2m10 tests[22m[2m)[22m[33m 2843[2mms[22m[39m
2026-09-09T17:17:08.3076212Z  [32m✓[39m src/sim/content/condition.test.ts [2m([22m[2m46 tests[22m[2m)[22m[33m 899[2mms[22m[39m
2026-09-09T17:17:08.3081046Z    [33m[2m✓[22m[39m ④ 機率是一種條件[2m > [22m★ p=0.25 跑 400 次 → 觸發次數落在 3σ 區間內（不是「有觸發過」） [33m435[2mms[22m[39m
2026-09-09T17:17:09.3099999Z  [32m✓[39m src/sim/aura/aura.test.ts [2m([22m[2m33 tests[22m[2m)[22m[33m 513[2mms[22m[39m
2026-09-09T17:17:10.5774331Z  [32m✓[39m src/ops/acceptanceN4.test.ts [2m([22m[2m5 tests[22m[2m)[22m[33m 2670[2mms[22m[39m
2026-09-09T17:17:11.4231836Z  [32m✓[39m src/sim/economy/itemTiers.test.ts [2m([22m[2m20 tests[22m[2m)[22m[33m 4041[2mms[22m[39m
2026-09-09T17:17:11.4234005Z    [33m[2m✓[22m[39m legendary is DRAFT-ONLY[2m > [22m而且 0 元是「沒有自己的標價」不是「不能賣」—— 收的是統一價 [33m2392[2mms[22m[39m
2026-09-09T17:17:12.4704861Z  [32m✓[39m src/content/schema/effects/modelFxStagingContract.test.ts [2m([22m[2m7 tests[22m[2m)[22m[33m 2511[2mms[22m[39m
2026-09-09T17:17:14.3707016Z  [32m✓[39m src/ops/acceptanceN5.test.ts [2m([22m[2m5 tests[22m[2m)[22m[33m 3592[2mms[22m[39m
2026-09-09T17:17:14.3715377Z    [33m[2m✓[22m[39m 46 份驗收 · 批5 生成與隨機（GH#963）[2m > [22m★★ ⑤ 執行時一套治具跑 5 份 ＋ ⭐ 決定性（同種子逐位元同 · **換種子必須不同**） [33m1514[2mms[22m[39m
2026-09-09T17:17:17.3382110Z  [32m✓[39m src/sim/economy/questDraftGate.test.ts [2m([22m[2m9 tests[22m[2m)[22m[33m 3239[2mms[22m[39m
2026-09-09T17:17:17.3396597Z    [33m[2m✓[22m[39m 天堂之劍是 10 倍暴擊,不是 50 倍 (eco-heaven-sword-crit)[2m > [22m★ proc 的那一刀 ÷ 平常那一刀 = 10.0(讀木樁掉的血,不是讀欄位) [33m487[2mms[22m[39m
2026-09-09T17:17:18.9834479Z  [32m✓[39m src/sim/berserkOwnerSpec.test.ts [2m([22m[2m15 tests[22m[2m)[22m[33m 3098[2mms[22m[39m
2026-09-09T17:17:18.9836523Z    [33m[2m✓[22m[39m 59-00 暴走(天生技·被動·自動觸發)—— owner 2026-08-12 重製規格[2m > [22m內部冷卻走完之前不會再觸發,走完之後次數無限 [33m604[2mms[22m[39m
2026-09-09T17:17:20.2407856Z  [32m✓[39m src/sim/combatJuice.test.ts [2m([22m[2m27 tests[22m[2m)[22m[90m 130[2mms[22m[39m
2026-09-09T17:17:21.4277674Z  [32m✓[39m src/sim/leap.test.ts [2m([22m[2m21 tests[22m[2m)[22m[33m 2445[2mms[22m[39m
2026-09-09T17:17:22.1217378Z  [32m✓[39m src/content/championIdentity.test.ts [2m([22m[2m14 tests[22m[2m)[22m[90m 138[2mms[22m[39m
2026-09-09T17:17:22.5451333Z  [32m✓[39m src/ops/configDecorationCensus.test.ts [2m([22m[2m4 tests[22m[2m)[22m[33m 1833[2mms[22m[39m
2026-09-09T17:17:22.5454454Z    [33m[2m✓[22m[39m 🔍 設定裝飾欄位普查 (config-decoration-census)[2m > [22m② sentinel —— 已知裝飾的量得到 **且** 已知正常的量不到（⭐ 兩個方向） [33m1815[2mms[22m[39m
2026-09-09T17:17:24.4915244Z  [32m✓[39m src/sim/abilities/innateActive.test.ts [2m([22m[2m20 tests[22m[2m)[22m[33m 2730[2mms[22m[39m
2026-09-09T17:17:25.3943758Z  [32m✓[39m src/sim/windOrbAndFormBuffs.test.ts [2m([22m[2m7 tests[22m[2m)[22m[33m 1433[2mms[22m[39m
2026-09-09T17:17:25.9045465Z  [32m✓[39m src/sim/killTriggerItems.test.ts [2m([22m[2m22 tests[22m[2m)[22m[90m 263[2mms[22m[39m
2026-09-09T17:17:26.0145801Z  [32m✓[39m src/content/voxelSkin/generate.test.ts [2m([22m[2m30 tests[22m[2m)[22m[90m 90[2mms[22m[39m
2026-09-09T17:17:27.1946027Z  [32m✓[39m src/sim/tauntDecisionFields.test.ts [2m([22m[2m28 tests[22m[2m)[22m[90m 67[2mms[22m[39m
2026-09-09T17:17:27.8049496Z  [32m✓[39m src/ops/codeOnlyKnobs.test.ts [2m([22m[2m4 tests[22m[2m)[22m[90m 169[2mms[22m[39m
2026-09-09T17:17:28.8147078Z  [32m✓[39m src/sim/mobSpecialBounty.test.ts [2m([22m[2m19 tests[22m[2m)[22m[90m 76[2mms[22m[39m
2026-09-09T17:17:29.1369182Z  [32m✓[39m src/sim/laneB.innates.test.ts [2m([22m[2m16 tests[22m[2m)[22m[33m 1825[2mms[22m[39m
2026-09-09T17:17:29.1372458Z    [33m[2m✓[22m[39m ① 92-00 憂鬱的眼神 (godie-h02v) — 打草泥馬的人自己開始揮空[2m > [22mthe curse actually makes the CURSED unit's basic attacks miss a third of the time [33m911[2mms[22m[39m
2026-09-09T17:17:29.5324090Z  [32m✓[39m src/sim/autoAcquire.test.ts [2m([22m[2m29 tests[22m[2m)[22m[33m 569[2mms[22m[39m
2026-09-09T17:17:30.8751379Z  [32m✓[39m src/sim/effects/dot.test.ts [2m([22m[2m24 tests[22m[2m)[22m[90m 186[2mms[22m[39m
2026-09-09T17:17:31.1583851Z  [32m✓[39m src/content/bundle.test.ts [2m([22m[2m15 tests[22m[2m)[22m[33m 18474[2mms[22m[39m
2026-09-09T17:17:31.1591777Z    [33m[2m✓[22m[39m content bundle — emission[2m > [22memits a bundle holding every doc the per-doc path would load [33m1545[2mms[22m[39m
2026-09-09T17:17:31.1594660Z    [33m[2m✓[22m[39m content bundle — emission[2m > [22mtwo builds of identical content are byte-identical [33m1195[2mms[22m[39m
2026-09-09T17:17:31.1596906Z    [33m[2m✓[22m[39m content bundle — emission[2m > [22memitting the bundle cannot move contentVersion [33m853[2mms[22m[39m
2026-09-09T17:17:31.1599226Z    [33m[2m✓[22m[39m content bundle — emission[2m > [22mdeleteContentBundle removes it (the content-api staleness guard) [33m556[2mms[22m[39m
2026-09-09T17:17:31.1601820Z    [33m[2m✓[22m[39m content bundle — consumption[2m > [22ma bundle-backed load produces the SAME store as a per-doc load [33m2329[2mms[22m[39m
2026-09-09T17:17:31.1610656Z    [33m[2m✓[22m[39m content bundle — consumption[2m > [22mcosts exactly ONE request [33m510[2mms[22m[39m
2026-09-09T17:17:31.1613380Z    [33m[2m✓[22m[39m content bundle — fallback[2m > [22muses the bundle when it is there (no per-doc reads at all) [33m556[2mms[22m[39m
2026-09-09T17:17:31.1615554Z    [33m[2m✓[22m[39m content bundle — fallback[2m > [22mfalls back to per-doc when the bundle 404s [33m2738[2mms[22m[39m
2026-09-09T17:17:31.1617690Z    [33m[2m✓[22m[39m content bundle — fallback[2m > [22mfalls back when the bundle is CORRUPT, not just missing [33m1434[2mms[22m[39m
2026-09-09T17:17:31.1619941Z    [33m[2m✓[22m[39m content bundle — fallback[2m > [22mfalls back when the payload is valid JSON of the WRONG shape [33m1029[2mms[22m[39m
2026-09-09T17:17:31.1624800Z    [33m[2m✓[22m[39m content bundle — fallback[2m > [22mfalls back on a schema-version bump it does not understand [33m1507[2mms[22m[39m
2026-09-09T17:17:31.1627202Z    [33m[2m✓[22m[39m content bundle — fallback[2m > [22mthe fallback still yields the same store as the bundle would have [33m1856[2mms[22m[39m
2026-09-09T17:17:31.1629858Z    [33m[2m✓[22m[39m content bundle — the ONE value the round trip normalizes[2m > [22m-0 becomes 0 — the same normalization hashDoc already applies [33m328[2mms[22m[39m
2026-09-09T17:17:31.3623438Z  [32m✓[39m src/ops/acceptanceN3.test.ts [2m([22m[2m6 tests[22m[2m)[22m[33m 812[2mms[22m[39m
2026-09-09T17:17:33.2893940Z  [32m✓[39m src/content/vertexTint.test.ts [2m([22m[2m7 tests[22m[2m)[22m[33m 742[2mms[22m[39m
2026-09-09T17:17:35.3758127Z  [32m✓[39m src/sim/balanceTuning.test.ts [2m([22m[2m15 tests[22m[2m)[22m[33m 665[2mms[22m[39m
2026-09-09T17:17:35.3760404Z    [33m[2m✓[22m[39m 攻速:面板寫多少就給多少 (balance-267-melee-as)[2m > [22m⭐ 面板 2.5 / 3 / 4 都真的拿得到 —— 不再卡在 2.7 [33m431[2mms[22m[39m
2026-09-09T17:17:35.6426113Z  [32m✓[39m src/sim/laneA.innates.test.ts [2m([22m[2m9 tests[22m[2m)[22m[33m 2646[2mms[22m[39m
2026-09-09T17:17:35.6463796Z  [32m✓[39m src/sim/economy/legendaryTags.test.ts [2m([22m[2m27 tests[22m[2m)[22m[33m 2595[2mms[22m[39m
2026-09-09T17:17:37.2362425Z  [32m✓[39m src/sim/effects/hookVocabulary.test.ts [2m([22m[2m25 tests[22m[2m)[22m[90m 198[2mms[22m[39m
2026-09-09T17:17:37.8448788Z [90mstdout[2m | src/content/fieldAdoption.test.ts[2m > [22m[2mfield adoption census (recipe S8: mechanism shipped, content 0)[2m > [22m[2mprints the census — this is the owner-facing report
2026-09-09T17:17:37.8473503Z [22m[39m
2026-09-09T17:17:37.8474356Z FIELD ADOPTION CENSUS — 1858 docs, 4204 registered keys, 2480 ms
2026-09-09T17:17:37.8474900Z 
2026-09-09T17:17:37.8475353Z   ── field (1743 reachable, 402 at ZERO) ──
2026-09-09T17:17:37.8476263Z     ZERO     0/10      0.0%  field:abilities.augment.targets[].condition
2026-09-09T17:17:37.8477277Z     ZERO     0/10      0.0%  field:abilities.augment.targets[].ops[].hookOn
2026-09-09T17:17:37.8478270Z     ZERO     0/10      0.0%  field:abilities.augment.targets[].ops[].scope
2026-09-09T17:17:37.8479285Z     ZERO     0/10      0.0%  field:abilities.augment.targets[].ops[].stat
2026-09-09T17:17:37.8480617Z     ZERO     0/184     0.0%  field:abilities.effects[]#applyBuff.attackType
2026-09-09T17:17:37.8481625Z     ZERO     0/184     0.0%  field:abilities.effects[]#applyBuff.attributes
2026-09-09T17:17:37.8482829Z     ZERO     0/184     0.0%  field:abilities.effects[]#applyBuff.block
2026-09-09T17:17:37.8483947Z     ZERO     0/107     0.0%  field:abilities.effects[]#applyBuff.condition|0|3|0.appliedBy
2026-09-09T17:17:37.8485046Z     ZERO     0/184     0.0%  field:abilities.effects[]#applyBuff.critStrike
2026-09-09T17:17:37.8486035Z     ZERO     0/184     0.0%  field:abilities.effects[]#applyBuff.deathWard
2026-09-09T17:17:37.8487098Z     ZERO     0/171     0.0%  field:abilities.effects[]#applyBuff.hooks[].chanceFrom
2026-09-09T17:17:37.8488247Z     ZERO     0/1       0.0%  field:abilities.effects[]#applyBuff.hooks[].chanceFrom.flat
2026-09-09T17:17:37.8489397Z     ZERO     0/171     0.0%  field:abilities.effects[]#applyBuff.hooks[].oncePerCast
2026-09-09T17:17:37.8490693Z     ZERO     0/171     0.0%  field:abilities.effects[]#applyBuff.hooks[].perTarget
2026-09-09T17:17:37.8491731Z     ZERO     0/184     0.0%  field:abilities.effects[]#applyBuff.immobile
2026-09-09T17:17:37.8509978Z     ZERO     0/233     0.0%  field:abilities.effects[]#applyBuff.modifiers[].fromResource
2026-09-09T17:17:37.8511371Z     ZERO     0/233     0.0%  field:abilities.effects[]#applyBuff.modifiers[].scopeAbilityId
2026-09-09T17:17:37.8512964Z     ZERO     0/233     0.0%  field:abilities.effects[]#applyBuff.modifiers[].scopeSlot
2026-09-09T17:17:37.8514154Z     ZERO     0/184     0.0%  field:abilities.effects[]#applyBuff.penetration
2026-09-09T17:17:37.8515415Z     ZERO     0/1       0.0%  field:abilities.effects[]#applyBuff.penetration.armorFlat
2026-09-09T17:17:37.8516650Z     ZERO     0/1       0.0%  field:abilities.effects[]#applyBuff.penetration.mrFlat
2026-09-09T17:17:37.8517865Z     ZERO     0/1       0.0%  field:abilities.effects[]#applyBuff.penetration.mrPct
2026-09-09T17:17:37.8519092Z     ZERO     0/184     0.0%  field:abilities.effects[]#applyBuff.primaryAttribute
2026-09-09T17:17:37.8520240Z     ZERO     0/184     0.0%  field:abilities.effects[]#applyBuff.sourceScope
2026-09-09T17:17:37.8521402Z     ZERO     0/184     0.0%  field:abilities.effects[]#applyBuff.typeStreakImmunity
2026-09-09T17:17:37.8522936Z     ZERO     0/1       0.0%  field:abilities.effects[]#applyBuff.typeStreakImmunity.resetMode
2026-09-09T17:17:37.8524425Z     ZERO     0/1       0.0%  field:abilities.effects[]#applyBuff.typeStreakImmunity.streakTimeoutSec
2026-09-09T17:17:37.8525793Z     ZERO     0/163     0.0%  field:abilities.effects[]#applyStatus.breakOnDamage
2026-09-09T17:17:37.8527043Z     ZERO     0/163     0.0%  field:abilities.effects[]#applyStatus.breakOnDamageMin
2026-09-09T17:17:37.8528203Z     ZERO     0/163     0.0%  field:abilities.effects[]#applyStatus.clipTimeScale
2026-09-09T17:17:37.8529363Z     ZERO     0/163     0.0%  field:abilities.effects[]#applyStatus.forceClip
2026-09-09T17:17:37.8530529Z     ZERO     0/163     0.0%  field:abilities.effects[]#applyStatus.sourceScope
2026-09-09T17:17:37.8531686Z     ZERO     0/24      0.0%  field:abilities.effects[]#blink.maxTargets
2026-09-09T17:17:37.8563166Z     ZERO     0/24      0.0%  field:abilities.effects[]#blink.radius
2026-09-09T17:17:37.8564170Z     ZERO     0/24      0.0%  field:abilities.effects[]#blink.radiusTier
2026-09-09T17:17:37.8565092Z     ZERO     0/24      0.0%  field:abilities.effects[]#blink.side
2026-09-09T17:17:37.8566107Z     ZERO     0/1       0.0%  field:abilities.effects[]#carry.condition
2026-09-09T17:17:37.8567345Z     ZERO     0/370     0.0%  field:abilities.effects[]#chainLightning.amount.conditionTier
2026-09-09T17:17:37.8568465Z     ZERO     0/4       0.0%  field:abilities.effects[]#chainLightning.canCrit
2026-09-09T17:17:37.8569492Z     ZERO     0/4       0.0%  field:abilities.effects[]#chainLightning.condition
2026-09-09T17:17:37.8570583Z     ZERO     0/4       0.0%  field:abilities.effects[]#chainLightning.maxTotalJumps
2026-09-09T17:17:37.8572326Z     ZERO     0/4       0.0%  field:abilities.effects[]#chainLightning.onHitTargetsMode
2026-09-09T17:17:37.8573538Z     ZERO     0/4       0.0%  field:abilities.effects[]#chainLightning.revisit
2026-09-09T17:17:37.8574677Z     ZERO     0/4       0.0%  field:abilities.effects[]#chainLightning.runOnEmptyHit
2026-09-09T17:17:37.8575749Z     ZERO     0/33      0.0%  field:abilities.effects[]#championForm.condition
2026-09-09T17:17:37.8576704Z     ZERO     0/2       0.0%  field:abilities.effects[]#comboStrikes.condition
2026-09-09T17:17:37.8577720Z     ZERO     0/2       0.0%  field:abilities.effects[]#comboStrikes.dropDeadTargets
2026-09-09T17:17:37.8578763Z     ZERO     0/2       0.0%  field:abilities.effects[]#comboStrikes.finisherDelaySec
2026-09-09T17:17:37.8579815Z     ZERO     0/2       0.0%  field:abilities.effects[]#comboStrikes.intervalJitter
2026-09-09T17:17:37.8580839Z     ZERO     0/2       0.0%  field:abilities.effects[]#comboStrikes.intervalSec
2026-09-09T17:17:37.8582398Z     ZERO     0/2       0.0%  field:abilities.effects[]#comboStrikes.maxTargets
2026-09-09T17:17:37.8583710Z     ZERO     0/2       0.0%  field:abilities.effects[]#comboStrikes.perStrikeSoundKey
2026-09-09T17:17:37.8584855Z     ZERO     0/2       0.0%  field:abilities.effects[]#comboStrikes.radius
2026-09-09T17:17:37.8585869Z     ZERO     0/2       0.0%  field:abilities.effects[]#comboStrikes.side
2026-09-09T17:17:37.8586912Z     ZERO     0/2       0.0%  field:abilities.effects[]#comboStrikes.steps
2026-09-09T17:17:37.8588089Z     ZERO     0/2       0.0%  field:abilities.effects[]#comboStrikes.stopOnCasterDeath
2026-09-09T17:17:37.8589367Z     ZERO     0/2       0.0%  field:abilities.effects[]#comboStrikes.strikes
2026-09-09T17:17:37.8590475Z     ZERO     0/2       0.0%  field:abilities.effects[]#comboStrikes.targetMode
2026-09-09T17:17:37.8591586Z     ZERO     0/1       0.0%  field:abilities.effects[]#convertTeam.condition
2026-09-09T17:17:37.8593168Z     ZERO     0/1       0.0%  field:abilities.effects[]#convertTeam.countsForOriginalTeam
2026-09-09T17:17:37.8594330Z     ZERO     0/1       0.0%  field:abilities.effects[]#convertTeam.durationSec
2026-09-09T17:17:37.8595337Z     ZERO     0/1       0.0%  field:abilities.effects[]#convertTeam.radius
2026-09-09T17:17:37.8596333Z     ZERO     0/1       0.0%  field:abilities.effects[]#convertTeam.radiusTier
2026-09-09T17:17:37.8597337Z     ZERO     0/1       0.0%  field:abilities.effects[]#cycleBuff.condition
2026-09-09T17:17:37.8598300Z     ZERO     0/258     0.0%  field:abilities.effects[]#damage.canCrit
2026-09-09T17:17:37.8599513Z     ZERO     0/13      0.0%  field:abilities.effects[]#damage.incomingPct.applyGlobalDamageMult
2026-09-09T17:17:37.8600712Z     ZERO     0/13      0.0%  field:abilities.effects[]#damage.incomingPct.basis
2026-09-09T17:17:37.8601875Z     ZERO     0/13      0.0%  field:abilities.effects[]#damage.incomingPct.whenTooLate
2026-09-09T17:17:37.8603347Z     ZERO     0/90      0.0%  field:abilities.effects[]#damageArea.maxTargetsCounts
2026-09-09T17:17:37.8604488Z     ZERO     0/90      0.0%  field:abilities.effects[]#damageArea.runOnEmptyHit
2026-09-09T17:17:37.8605605Z     ZERO     0/40      0.0%  field:abilities.effects[]#damageLine.condition
2026-09-09T17:17:37.8606692Z     ZERO     0/40      0.0%  field:abilities.effects[]#damageLine.maxTargetsCounts
2026-09-09T17:17:37.8607780Z     ZERO     0/40      0.0%  field:abilities.effects[]#damageLine.runOnEmptyHit
2026-09-09T17:17:37.8608868Z     ZERO     0/40      0.0%  field:abilities.effects[]#damageLine.victimCondition
2026-09-09T17:17:37.8609876Z     ZERO     0/18      0.0%  field:abilities.effects[]#dash.condition
2026-09-09T17:17:37.8610805Z     ZERO     0/18      0.0%  field:abilities.effects[]#dash.onEndOn
2026-09-09T17:17:37.8611768Z     ZERO     0/18      0.0%  field:abilities.effects[]#dash.onEndWhenDead
2026-09-09T17:17:37.8613046Z     ZERO     0/2       0.0%  field:abilities.effects[]#delayed.advance.startDist
2026-09-09T17:17:37.8614044Z     ZERO     0/48      0.0%  field:abilities.effects[]#delayed.maxTargets
2026-09-09T17:17:37.8615389Z     ZERO     0/7       0.0%  field:abilities.effects[]#devour.condition
2026-09-09T17:17:37.8616364Z     ZERO     0/7       0.0%  field:abilities.effects[]#devour.onDevourPer
2026-09-09T17:17:37.8617375Z     ZERO     0/22      0.0%  field:abilities.effects[]#dispel.maxTargets
2026-09-09T17:17:37.8618270Z     ZERO     0/26      0.0%  field:abilities.effects[]#dot.dispellable
2026-09-09T17:17:37.8619143Z     ZERO     0/26      0.0%  field:abilities.effects[]#dot.maxStacks
2026-09-09T17:17:37.8620026Z     ZERO     0/26      0.0%  field:abilities.effects[]#dot.onCasterDeath
2026-09-09T17:17:37.8620953Z     ZERO     0/26      0.0%  field:abilities.effects[]#dot.tickOnApply
2026-09-09T17:17:37.8622317Z     ZERO     0/5       0.0%  field:abilities.effects[]#eventValueConversion.condition
2026-09-09T17:17:37.8623438Z     ZERO     0/5       0.0%  field:abilities.effects[]#eventValueConversion.maxTargets
2026-09-09T17:17:37.8624673Z     ZERO     0/5       0.0%  field:abilities.effects[]#eventValueConversion.radius
2026-09-09T17:17:37.8625823Z     ZERO     0/5       0.0%  field:abilities.effects[]#eventValueConversion.radiusTier
2026-09-09T17:17:37.8626866Z     ZERO     0/5       0.0%  field:abilities.effects[]#eventValueConversion.side
2026-09-09T17:17:37.8627816Z     ZERO     0/2       0.0%  field:abilities.effects[]#extendBuff.basis
2026-09-09T17:17:37.8628719Z     ZERO     0/2       0.0%  field:abilities.effects[]#extendBuff.condition
2026-09-09T17:17:37.8629671Z     ZERO     0/2       0.0%  field:abilities.effects[]#extendBuff.maxTargets
2026-09-09T17:17:37.8630627Z     ZERO     0/2       0.0%  field:abilities.effects[]#extendBuff.perDamageFlat
2026-09-09T17:17:37.8631575Z     ZERO     0/2       0.0%  field:abilities.effects[]#extendBuff.radius
2026-09-09T17:17:37.8632885Z     ZERO     0/2       0.0%  field:abilities.effects[]#extendBuff.radiusTier
2026-09-09T17:17:37.8633872Z     ZERO     0/2       0.0%  field:abilities.effects[]#extendBuff.side
2026-09-09T17:17:37.8634894Z     ZERO     0/16      0.0%  field:abilities.effects[]#floatingText.condition
2026-09-09T17:17:37.8635955Z     ZERO     0/16      0.0%  field:abilities.effects[]#floatingText.maxTargets
2026-09-09T17:17:37.8636975Z     ZERO     0/16      0.0%  field:abilities.effects[]#floatingText.radius
2026-09-09T17:17:37.8637974Z     ZERO     0/16      0.0%  field:abilities.effects[]#floatingText.side
2026-09-09T17:17:37.8639032Z     ZERO     0/16      0.0%  field:abilities.effects[]#floatingText.velocityAngle
2026-09-09T17:17:37.8640122Z     ZERO     0/7       0.0%  field:abilities.effects[]#grantAttribute.condition
2026-09-09T17:17:37.8641267Z     ZERO     0/7       0.0%  field:abilities.effects[]#grantAttribute.maxAttributeBasis
2026-09-09T17:17:37.8642612Z     ZERO     0/4       0.0%  field:abilities.effects[]#grantGold.condition
2026-09-09T17:17:37.8643690Z     ZERO     0/4       0.0%  field:abilities.effects[]#grantGold.fallbackLevel
2026-09-09T17:17:37.8644788Z     ZERO     0/4       0.0%  field:abilities.effects[]#grantGold.mobLevelSource
2026-09-09T17:17:37.8645842Z     ZERO     0/1       0.0%  field:abilities.effects[]#grantXp.condition
2026-09-09T17:17:37.8646846Z     ZERO     0/13      0.0%  field:abilities.effects[]#heal.condition
2026-09-09T17:17:37.8647966Z     ZERO     0/21      0.0%  field:abilities.effects[]#invulnerable.condition
2026-09-09T17:17:37.8648995Z     ZERO     0/25      0.0%  field:abilities.effects[]#knockback.getupTicks
2026-09-09T17:17:37.8649989Z     ZERO     0/25      0.0%  field:abilities.effects[]#knockback.hpBasis
2026-09-09T17:17:37.8650999Z     ZERO     0/25      0.0%  field:abilities.effects[]#knockback.impactPower
2026-09-09T17:17:37.8652449Z     ZERO     0/25      0.0%  field:abilities.effects[]#knockback.launchDistance
2026-09-09T17:17:37.8653561Z     ZERO     0/25      0.0%  field:abilities.effects[]#knockback.launchHeight
2026-09-09T17:17:37.8654583Z     ZERO     0/12      0.0%  field:abilities.effects[]#leap.condition
2026-09-09T17:17:37.8655646Z     ZERO     0/1       0.0%  field:abilities.effects[]#manaBarrier.condition
2026-09-09T17:17:37.8657029Z     ZERO     0/1       0.0%  field:abilities.effects[]#manaBarrier.maxTargets
2026-09-09T17:17:37.8658087Z     ZERO     0/1       0.0%  field:abilities.effects[]#manaBarrier.radius
2026-09-09T17:17:37.8659140Z     ZERO     0/1       0.0%  field:abilities.effects[]#manaBarrier.radiusTier
2026-09-09T17:17:37.8660173Z     ZERO     0/1       0.0%  field:abilities.effects[]#manaBarrier.side
2026-09-09T17:17:37.8661214Z     ZERO     0/17      0.0%  field:abilities.effects[]#modifyCooldown.abilityId
2026-09-09T17:17:37.8662630Z     ZERO     0/17      0.0%  field:abilities.effects[]#modifyCooldown.maxTargets
2026-09-09T17:17:37.8663720Z     ZERO     0/17      0.0%  field:abilities.effects[]#modifyCooldown.radius
2026-09-09T17:17:37.8664845Z     ZERO     0/17      0.0%  field:abilities.effects[]#modifyCooldown.radiusTier
2026-09-09T17:17:37.8666202Z     ZERO     0/17      0.0%  field:abilities.effects[]#modifyCooldown.side
2026-09-09T17:17:37.8667232Z     ZERO     0/8       0.0%  field:abilities.effects[]#proxyCast.abilityId
2026-09-09T17:17:37.8668158Z     ZERO     0/8       0.0%  field:abilities.effects[]#proxyCast.condition
2026-09-09T17:17:37.8669070Z     ZERO     0/8       0.0%  field:abilities.effects[]#proxyCast.fixedRank
2026-09-09T17:17:37.8669988Z     ZERO     0/8       0.0%  field:abilities.effects[]#proxyCast.maxTargets
2026-09-09T17:17:37.8670915Z     ZERO     0/8       0.0%  field:abilities.effects[]#proxyCast.radius
2026-09-09T17:17:37.8671829Z     ZERO     0/8       0.0%  field:abilities.effects[]#proxyCast.radiusTier
2026-09-09T17:17:37.8672991Z     ZERO     0/8       0.0%  field:abilities.effects[]#proxyCast.side
2026-09-09T17:17:37.8673956Z     ZERO     0/10      0.0%  field:abilities.effects[]#randomArea.condition
2026-09-09T17:17:37.8703298Z     ZERO     0/5       0.0%  field:abilities.effects[]#revive.condition
2026-09-09T17:17:37.8704364Z     ZERO     0/9       0.0%  field:abilities.effects[]#screenFlash.condition
2026-09-09T17:17:37.8705443Z     ZERO     0/9       0.0%  field:abilities.effects[]#screenFlash.maxTargets
2026-09-09T17:17:37.8706466Z     ZERO     0/9       0.0%  field:abilities.effects[]#screenFlash.radius
2026-09-09T17:17:37.8707466Z     ZERO     0/9       0.0%  field:abilities.effects[]#screenFlash.side
2026-09-09T17:17:37.8708488Z     ZERO     0/28      0.0%  field:abilities.effects[]#screenShake.condition
2026-09-09T17:17:37.8709597Z     ZERO     0/28      0.0%  field:abilities.effects[]#screenShake.maxTargets
2026-09-09T17:17:37.8710646Z     ZERO     0/28      0.0%  field:abilities.effects[]#screenShake.side
2026-09-09T17:17:37.8711627Z     ZERO     0/17      0.0%  field:abilities.effects[]#shield.condition
2026-09-09T17:17:37.8712853Z     ZERO     0/17      0.0%  field:abilities.effects[]#shield.onExisting
2026-09-09T17:17:37.8713833Z     ZERO     0/17      0.0%  field:abilities.effects[]#shield.stackKey
2026-09-09T17:17:37.8714973Z     ZERO     0/2       0.0%  field:abilities.effects[]#shieldBreak.condition
2026-09-09T17:17:37.8716047Z     ZERO     0/2       0.0%  field:abilities.effects[]#shieldBreak.maxTargets
2026-09-09T17:17:37.8717093Z     ZERO     0/2       0.0%  field:abilities.effects[]#shieldBreak.radius
2026-09-09T17:17:37.8718179Z     ZERO     0/2       0.0%  field:abilities.effects[]#shieldBreak.radiusTier
2026-09-09T17:17:37.8719196Z     ZERO     0/2       0.0%  field:abilities.effects[]#shieldBreak.side
2026-09-09T17:17:37.8720223Z     ZERO     0/90      0.0%  field:abilities.effects[]#spawnModelFx.attach
2026-09-09T17:17:37.8721272Z     ZERO     0/90      0.0%  field:abilities.effects[]#spawnModelFx.boneOn
2026-09-09T17:17:37.8723201Z     ZERO     0/90      0.0%  field:abilities.effects[]#spawnModelFx.condition
2026-09-09T17:17:37.8724220Z     ZERO     0/90      0.0%  field:abilities.effects[]#spawnModelFx.maxTargets
2026-09-09T17:17:37.8752989Z     ZERO     0/90      0.0%  field:abilities.effects[]#spawnModelFx.radius
2026-09-09T17:17:37.8754109Z     ZERO     0/90      0.0%  field:abilities.effects[]#spawnModelFx.side
2026-09-09T17:17:37.8755489Z     ZERO     0/23      0.0%  field:abilities.effects[]#spawnProjectile.condition
2026-09-09T17:17:37.8756616Z     ZERO     0/86      0.0%  field:abilities.effects[]#spawnVfx.condition
2026-09-09T17:17:37.8757693Z     ZERO     0/9       0.0%  field:abilities.effects[]#spendMana.condition
2026-09-09T17:17:37.8758784Z     ZERO     0/7       0.0%  field:abilities.effects[]#summon.autoTargetable
2026-09-09T17:17:37.8759836Z     ZERO     0/7       0.0%  field:abilities.effects[]#summon.bountyGold
2026-09-09T17:17:37.8760913Z     ZERO     0/7       0.0%  field:abilities.effects[]#summon.burnsInFireRing
2026-09-09T17:17:37.8762212Z     ZERO     0/7       0.0%  field:abilities.effects[]#summon.capScope
2026-09-09T17:17:37.8763265Z     ZERO     0/7       0.0%  field:abilities.effects[]#summon.condition
2026-09-09T17:17:37.8764295Z     ZERO     0/7       0.0%  field:abilities.effects[]#summon.killCredit
2026-09-09T17:17:37.8765491Z     ZERO     0/7       0.0%  field:abilities.effects[]#summon.level
2026-09-09T17:17:37.8766570Z     ZERO     0/7       0.0%  field:abilities.effects[]#summon.manualTargetable
2026-09-09T17:17:37.8767610Z     ZERO     0/7       0.0%  field:abilities.effects[]#summon.maxAlive
2026-09-09T17:17:37.8768629Z     ZERO     0/7       0.0%  field:abilities.effects[]#summon.mobTargetable
2026-09-09T17:17:37.8769626Z     ZERO     0/7       0.0%  field:abilities.effects[]#summon.onCap
2026-09-09T17:17:37.8770637Z     ZERO     0/7       0.0%  field:abilities.effects[]#summon.targetPriority
2026-09-09T17:17:37.8771712Z     ZERO     0/1       0.0%  field:abilities.effects[]#swapResource.condition
2026-09-09T17:17:37.8773030Z     ZERO     0/1       0.0%  field:abilities.effects[]#swapResource.maxTargets
2026-09-09T17:17:37.8774185Z     ZERO     0/1       0.0%  field:abilities.effects[]#swapResource.onInvalidTarget
2026-09-09T17:17:37.8775276Z     ZERO     0/1       0.0%  field:abilities.effects[]#swapResource.radius
2026-09-09T17:17:37.8776341Z     ZERO     0/1       0.0%  field:abilities.effects[]#swapResource.radiusTier
2026-09-09T17:17:37.8777399Z     ZERO     0/1       0.0%  field:abilities.effects[]#swapResource.side
2026-09-09T17:17:37.8778401Z     ZERO     0/4       0.0%  field:abilities.effects[]#taunt.condition
2026-09-09T17:17:37.8779651Z     ZERO     0/4       0.0%  field:abilities.effects[]#weightedBranch.branches[].weightFrom.basis
2026-09-09T17:17:37.8780781Z     ZERO     0/94      0.0%  field:abilities.hitFeel.exFreeze
2026-09-09T17:17:37.8781679Z     ZERO     0/3       0.0%  field:abilities.marks[].roundDelta
2026-09-09T17:17:37.8794957Z     ZERO     0/131     0.0%  field:abilities.passive.ranks[].attackType
2026-09-09T17:17:37.8796052Z     ZERO     0/5       0.0%  field:abilities.passive.ranks[].auras[].lingerSec
2026-09-09T17:17:37.8797169Z     ZERO     0/5       0.0%  field:abilities.passive.ranks[].auras[].scaleByNearby
2026-09-09T17:17:37.8798449Z     ZERO     0/1       0.0%  field:abilities.passive.ranks[].auras[].scaleByNearby.includeSelf
2026-09-09T17:17:37.8799716Z     ZERO     0/1       0.0%  field:abilities.passive.ranks[].auras[].scaleByNearby.min
2026-09-09T17:17:37.8800913Z     ZERO     0/1       0.0%  field:abilities.passive.ranks[].auras[].scaleByNearby.radius
2026-09-09T17:17:37.8802375Z     ZERO     0/131     0.0%  field:abilities.passive.ranks[].damageTypeOverride
2026-09-09T17:17:37.8803418Z     ZERO     0/131     0.0%  field:abilities.passive.ranks[].immobile
2026-09-09T17:17:37.8804420Z     ZERO     0/131     0.0%  field:abilities.passive.ranks[].penetration
2026-09-09T17:17:37.8805433Z     ZERO     0/131     0.0%  field:abilities.passive.ranks[].primaryAttribute
2026-09-09T17:17:37.8806389Z     ZERO     0/131     0.0%  field:abilities.passive.ranks[].typeStreakImmunity
2026-09-09T17:17:37.8807340Z     ZERO     0/131     0.0%  field:abilities.passive.ranks[].whileStatus
2026-09-09T17:17:37.8808296Z     ZERO     0/6       0.0%  field:abilities.persistentVfx[].alpha
2026-09-09T17:17:37.8809215Z     ZERO     0/6       0.0%  field:abilities.persistentVfx[].scale
2026-09-09T17:17:37.8810359Z     ZERO     0/6       0.0%  field:abilities.persistentVfx[].when
2026-09-09T17:17:37.8811236Z     ZERO     0/421     0.0%  field:abilities.recoveryRoots
2026-09-09T17:17:37.8812199Z     ZERO     0/421     0.0%  field:abilities.rootWhileCasting
2026-09-09T17:17:37.8812964Z     ZERO     0/421     0.0%  field:abilities.statusCost
2026-09-09T17:17:37.8813901Z     ZERO     0/280     0.0%  field:abilities.template|0.cards[].contentSha256
2026-09-09T17:17:37.8815029Z     ZERO     0/280     0.0%  field:abilities.template|0.cards[].inheritDefaults
2026-09-09T17:17:37.8816003Z     ZERO     0/280     0.0%  field:abilities.template|0.cards[].version
2026-09-09T17:17:37.8816915Z     ZERO     0/280     0.0%  field:abilities.template|0.onConflict
2026-09-09T17:17:37.8817813Z     ZERO     0/2       0.0%  field:abilities.toggle.cooldownOnExit
2026-09-09T17:17:37.8818691Z     ZERO     0/2       0.0%  field:abilities.toggle.costOnExit
2026-09-09T17:17:37.8819857Z     ZERO     0/2       0.0%  field:abilities.toggle.exitOnResourceEmpty
2026-09-09T17:17:37.8820927Z     ZERO     0/2       0.0%  field:abilities.toggle.upkeepIntervalSec
2026-09-09T17:17:37.8822323Z     ZERO     0/2       0.0%  field:abilities.toggle.upkeepResource
2026-09-09T17:17:37.8823300Z     ZERO     0/2       0.0%  field:abilities.toggle.whileOn
2026-09-09T17:17:37.8824266Z     ZERO     0/2       0.0%  field:abilities.toggle.whileOnDuringExit
2026-09-09T17:17:37.8825272Z     ZERO     0/31      0.0%  field:abilities.vfxLayers[].enabled
2026-09-09T17:17:37.8826229Z     ZERO     0/31      0.0%  field:abilities.vfxLayers[].facingDeg
2026-09-09T17:17:37.8827169Z     ZERO     0/31      0.0%  field:abilities.vfxLayers[].flyHeight
2026-09-09T17:17:37.8828069Z     ZERO     0/31      0.0%  field:abilities.vfxLayers[].tint
2026-09-09T17:17:37.8828885Z     ZERO     0/13      0.0%  field:arenas.decor[].y
2026-09-09T17:17:37.8829884Z     ZERO     0/6       0.0%  field:arenas.zones[].obstacles[]#circle.gateGroup
2026-09-09T17:17:37.8830975Z     ZERO     0/1       0.0%  field:arenas.zones[].obstacles[]#segment.gateGroup
2026-09-09T17:17:37.8832160Z     ZERO     0/91      0.0%  field:augments.attackType
2026-09-09T17:17:37.8833028Z     ZERO     0/91      0.0%  field:augments.attributes
2026-09-09T17:17:37.8833845Z     ZERO     0/91      0.0%  field:augments.critStrike
2026-09-09T17:17:37.8834606Z     ZERO     0/91      0.0%  field:augments.deathWard
2026-09-09T17:17:37.8835389Z     ZERO     0/91      0.0%  field:augments.immobile
2026-09-09T17:17:37.8836179Z     ZERO     0/91      0.0%  field:augments.penetration
2026-09-09T17:17:37.8837017Z     ZERO     0/91      0.0%  field:augments.primaryAttribute
2026-09-09T17:17:37.8837892Z     ZERO     0/91      0.0%  field:augments.statusImmunity
2026-09-09T17:17:37.8838807Z     ZERO     0/91      0.0%  field:augments.typeStreakImmunity
2026-09-09T17:17:37.8839658Z     ZERO     0/91      0.0%  field:augments.vision
2026-09-09T17:17:37.8840566Z     ZERO     0/71      0.0%  field:champions.abilities.*.augment
2026-09-09T17:17:37.8841554Z     ZERO     0/71      0.0%  field:champions.abilities.*.castTimeTier
2026-09-09T17:17:37.8842870Z     ZERO     0/71      0.0%  field:champions.abilities.*.innateActivePassive
2026-09-09T17:17:37.8843927Z     ZERO     0/71      0.0%  field:champions.abilities.*.innateKind
2026-09-09T17:17:37.8854235Z     ZERO     0/71      0.0%  field:champions.abilities.*.marks
2026-09-09T17:17:37.8855289Z     ZERO     0/71      0.0%  field:champions.abilities.*.rangeUnlimited
2026-09-09T17:17:37.8856368Z     ZERO     0/71      0.0%  field:champions.abilities.*.recoveryRoots
2026-09-09T17:17:37.8857439Z     ZERO     0/71      0.0%  field:champions.abilities.*.rootWhileCasting
2026-09-09T17:17:37.8858457Z     ZERO     0/71      0.0%  field:champions.abilities.*.statusCost
2026-09-09T17:17:37.8859325Z     ZERO     0/71      0.0%  field:champions.alpha
2026-09-09T17:17:37.8860144Z     ZERO     0/71      0.0%  field:champions.archetype
2026-09-09T17:17:37.8860994Z     ZERO     0/71      0.0%  field:champions.asGrowthTier
2026-09-09T17:17:37.8862382Z     ZERO     0/71      0.0%  field:champions.baseAttackTime
2026-09-09T17:17:37.8863300Z     ZERO     0/71      0.0%  field:champions.healthRegenPctOfMax
2026-09-09T17:17:37.8864235Z     ZERO     0/71      0.0%  field:champions.modelVersions
2026-09-09T17:17:37.8865107Z     ZERO     0/71      0.0%  field:champions.statOverrides
2026-09-09T17:17:37.8866007Z     ZERO     0/40      0.0%  field:champions.transform.reenter
2026-09-09T17:17:37.8867070Z     ZERO     0/1       0.0%  field:config#config.ambient-vfx@1.bindings{}[].enabled
2026-09-09T17:17:37.8868293Z     ZERO     0/1       0.0%  field:config#config.arena-rules@1.augmentTiers[].guaranteeAtD
2026-09-09T17:17:37.8869488Z     ZERO     0/1       0.0%  field:config#config.arena-rules@1.augmentTiers[].maxRound
2026-09-09T17:17:37.8870545Z     ZERO     0/1       0.0%  field:config#config.arena-rules@1.gacha
2026-09-09T17:17:37.8871865Z     ZERO     0/1       0.0%  field:config#config.arena-rules@1.mobWaves.boss.championId
2026-09-09T17:17:37.8873344Z     ZERO     0/1       0.0%  field:config#config.arena-rules@1.mobWaves.boss.modelKey
2026-09-09T17:17:37.8874488Z     ZERO     0/1       0.0%  field:config#config.arena-rules@1.mobWaves.mob.modelKey
2026-09-09T17:17:37.8875707Z     ZERO     0/1       0.0%  field:config#config.arena-rules@1.mobWaves.schedule[].championId
2026-09-09T17:17:37.8876987Z     ZERO     0/1       0.0%  field:config#config.arena-rules@1.mobWaves.special.championId
2026-09-09T17:17:37.8878244Z     ZERO     0/1       0.0%  field:config#config.arena-rules@1.mobWaves.special.heroLevel
2026-09-09T17:17:37.8879458Z     ZERO     0/1       0.0%  field:config#config.arena-rules@1.mobWaves.special.modelKey
2026-09-09T17:17:37.8880544Z     ZERO     0/1       0.0%  field:config#config.arena-rules@1.overflow
2026-09-09T17:17:37.8881515Z     ZERO     0/1       0.0%  field:config#config.base-bonus@1.bonus.ap
2026-09-09T17:17:37.8882899Z     ZERO     0/1       0.0%  field:config#config.base-bonus@1.bonus.armor
2026-09-09T17:17:37.8883866Z     ZERO     0/1       0.0%  field:config#config.base-bonus@1.bonus.as
2026-09-09T17:17:37.8884815Z     ZERO     0/1       0.0%  field:config#config.base-bonus@1.bonus.cdr
2026-09-09T17:17:37.8885874Z     ZERO     0/1       0.0%  field:config#config.base-bonus@1.bonus.cooldownDrainRate
2026-09-09T17:17:37.8886914Z     ZERO     0/1       0.0%  field:config#config.base-bonus@1.bonus.critChance
2026-09-09T17:17:37.8887852Z     ZERO     0/1       0.0%  field:config#config.base-bonus@1.bonus.critDamage
2026-09-09T17:17:37.8888827Z     ZERO     0/1       0.0%  field:config#config.base-bonus@1.bonus.evasion
2026-09-09T17:17:37.8889854Z     ZERO     0/1       0.0%  field:config#config.base-bonus@1.bonus.healthRegen
2026-09-09T17:17:37.8890873Z     ZERO     0/1       0.0%  field:config#config.base-bonus@1.bonus.lifesteal
2026-09-09T17:17:37.8892064Z     ZERO     0/1       0.0%  field:config#config.base-bonus@1.bonus.maxHitPctMaxHp
2026-09-09T17:17:37.8893031Z     ZERO     0/1       0.0%  field:config#config.base-bonus@1.bonus.ms
2026-09-09T17:17:37.8894009Z     ZERO     0/1       0.0%  field:config#config.base-bonus@1.bonus.outputDamagePct
2026-09-09T17:17:37.8895058Z     ZERO     0/1       0.0%  field:config#config.base-bonus@1.bonus.outputHealingPct
2026-09-09T17:17:37.8896111Z     ZERO     0/1       0.0%  field:config#config.base-bonus@1.bonus.outputShieldPct
2026-09-09T17:17:37.8897069Z     ZERO     0/1       0.0%  field:config#config.base-bonus@1.bonus.range
2026-09-09T17:17:37.8898007Z     ZERO     0/1       0.0%  field:config#config.base-bonus@1.bonus.spellVamp
2026-09-09T17:17:37.8899035Z     ZERO     0/1       0.0%  field:config#config.base-bonus@1.bonus.unavoidablePct
2026-09-09T17:17:37.8900083Z     ZERO     0/1       0.0%  field:config#config.combat-feel@1.knockback.authoredWins
2026-09-09T17:17:37.8901256Z     ZERO     0/1       0.0%  field:config#config.combat-feel@1.knockback.launchEdgeUsesFireRing
2026-09-09T17:17:37.8902595Z     ZERO     0/1       0.0%  field:config#config.combat-feel@1.knockback.launchLongUnits
2026-09-09T17:17:37.8903966Z     ZERO     0/1       0.0%  field:config#config.combat-feel@1.knockback.launchShortUnits
2026-09-09T17:17:37.8905112Z     ZERO     0/1       0.0%  field:config#config.combat-feel@1.knockback.longerDamageWins
2026-09-09T17:17:37.8906417Z     ZERO     0/1       0.0%  field:config#config.controller-scheme@1.schemes{}.autoFarm.overrideReason
2026-09-09T17:17:37.8907525Z     ZERO     0/1       0.0%  field:config#config.feel-fx@1.orderFeedback
2026-09-09T17:17:37.8908490Z     ZERO     0/1       0.0%  field:config#config.form-visuals@1.forms{}.modelKey
2026-09-09T17:17:37.8909535Z     ZERO     0/1       0.0%  field:config#config.icon-plan@1.missingSurfaceFiles
2026-09-09T17:17:37.8910512Z     ZERO     0/1       0.0%  field:config#config.ranking@1.note
2026-09-09T17:17:37.8911525Z     ZERO     0/1       0.0%  field:config#config.stat-caps@1.caps.cooldownDrainRate
2026-09-09T17:17:37.8913128Z     ZERO     0/1       0.0%  field:config#config.stat-caps@1.caps.critChance
2026-09-09T17:17:37.8914259Z     ZERO     0/1       0.0%  field:config#config.stat-caps@1.caps.critDamage
2026-09-09T17:17:37.8915506Z     ZERO     0/1       0.0%  field:config#config.stat-caps@1.caps.evasion
2026-09-09T17:17:37.8916578Z     ZERO     0/1       0.0%  field:config#config.stat-caps@1.caps.maxHitPctMaxHp
2026-09-09T17:17:37.8917718Z     ZERO     0/1       0.0%  field:config#config.stat-caps@1.caps.outputDamagePct
2026-09-09T17:17:37.8918856Z     ZERO     0/1       0.0%  field:config#config.stat-caps@1.caps.outputHealingPct
2026-09-09T17:17:37.8919974Z     ZERO     0/1       0.0%  field:config#config.stat-caps@1.caps.outputShieldPct
2026-09-09T17:17:37.8921091Z     ZERO     0/1       0.0%  field:config#config.stat-caps@1.caps.spellVamp
2026-09-09T17:17:37.8922480Z     ZERO     0/1       0.0%  field:config#config.stat-caps@1.caps.unavoidablePct
2026-09-09T17:17:37.8923582Z     ZERO     0/1       0.0%  field:config#config.ugc@1.heroModelMaxBytes
2026-09-09T17:17:37.8924690Z     ZERO     0/1       0.0%  field:config#config.ugc@1.heroModelUploadsEnabled
2026-09-09T17:17:37.8925802Z     ZERO     0/1       0.0%  field:config#config.ugc@1.powerUserQuotaPerDay
2026-09-09T17:17:37.8926895Z     ZERO     0/1       0.0%  field:config#config.ui-cues@1.lobbyStore.enabled
2026-09-09T17:17:37.8927932Z     ZERO     0/1       0.0%  field:config#config.unit-tints@1.units{}.alpha
2026-09-09T17:17:37.8929104Z     ZERO     0/1       0.0%  field:config#config.vfx-ability-art@1.bindings{}.owner.anchor
2026-09-09T17:17:37.8930397Z     ZERO     0/1       0.0%  field:config#config.vfx-ability-art@1.bindings{}.owner.flyHeight
2026-09-09T17:17:37.8931661Z     ZERO     0/1       0.0%  field:config#config.vfx-ability-art@1.bindings{}.owner.scale
2026-09-09T17:17:37.8936055Z     ZERO     0/1       0.0%  field:config#config.vfx-ability-art@1.bindings{}.owner.tint
2026-09-09T17:17:37.8937345Z     ZERO     0/1       0.0%  field:config#config.vfx-cleanup@1.modelFxEmittersEnabled
2026-09-09T17:17:37.8938521Z     ZERO     0/1       0.0%  field:config#config.vfx-families@1.abilities{}.alpha
2026-09-09T17:17:37.8939643Z     ZERO     0/1       0.0%  field:config#config.vfx-families@1.abilities{}.enabled
2026-09-09T17:17:37.8940758Z     ZERO     0/1       0.0%  field:config#config.vfx-families@1.abilities{}.facingDeg
2026-09-09T17:17:37.8942289Z     ZERO     0/1       0.0%  field:config#config.vfx-families@1.abilities{}.soundDissipate
2026-09-09T17:17:37.8943381Z     ZERO     0/1       0.0%  field:config#config.vfx-families@1.abilities{}.soundLoop
2026-09-09T17:17:37.8944525Z     ZERO     0/1       0.0%  field:config#config.vfx-families@1.abilities{}.timeScale
2026-09-09T17:17:37.8945634Z     ZERO     0/1       0.0%  field:config#config.vfx-families@1.families{}.models
2026-09-09T17:17:37.8946728Z     ZERO     0/1       0.0%  field:config#config.vfx-families@1.families{}.soundGain
2026-09-09T17:17:37.8947773Z     ZERO     0/1       0.0%  field:config#config.vfx-families@1.families{}.soundLoopMaxMs
2026-09-09T17:17:37.8949160Z     ZERO     0/1       0.0%  field:config#config.vfx-families@1.families{}.soundLoopMs
2026-09-09T17:17:37.8950171Z     ZERO     0/1       0.0%  field:config#config.weather@1.note
2026-09-09T17:17:37.8950987Z     ZERO     0/4       0.0%  field:items.auras[].hooks
2026-09-09T17:17:37.8951773Z     ZERO     0/4       0.0%  field:items.auras[].includeSelf
2026-09-09T17:17:37.8952746Z     ZERO     0/4       0.0%  field:items.auras[].lingerSec
2026-09-09T17:17:37.8953452Z     ZERO     0/142     0.0%  field:items.draftEligible
2026-09-09T17:17:37.8954112Z     ZERO     0/142     0.0%  field:items.iconKey
2026-09-09T17:17:37.8954802Z     ZERO     0/86      0.0%  field:items.modifiers[].from
2026-09-09T17:17:37.8955645Z     ZERO     0/86      0.0%  field:items.modifiers[].scopeAbilityId
2026-09-09T17:17:37.8956520Z     ZERO     0/86      0.0%  field:items.modifiers[].scopeSlot
2026-09-09T17:17:37.8957361Z     ZERO     0/77      0.0%  field:items.passive[].consumeOn
2026-09-09T17:17:37.8958368Z     ZERO     0/77      0.0%  field:items.passive[].critSource
2026-09-09T17:17:37.8959205Z     ZERO     0/77      0.0%  field:items.passive[].damageCrit
2026-09-09T17:17:37.8959945Z     ZERO     0/77      0.0%  field:items.passive[].damageType
2026-09-09T17:17:37.8960769Z     ZERO     0/77      0.0%  field:items.passive[].internalCooldownScope
2026-09-09T17:17:37.8961586Z     ZERO     0/77      0.0%  field:items.passive[].onConsumed
2026-09-09T17:17:37.8962627Z     ZERO     0/77      0.0%  field:items.passive[].oncePerCast
2026-09-09T17:17:37.8963506Z     ZERO     0/77      0.0%  field:items.passive[].perTarget
2026-09-09T17:17:37.8964448Z     ZERO     0/77      0.0%  field:items.passive[].reflectedDamageSource
2026-09-09T17:17:37.8965462Z     ZERO     0/77      0.0%  field:items.passive[].reflectedDamageType
2026-09-09T17:17:37.8966416Z     ZERO     0/3       0.0%  field:items.sets[].countDuplicates
2026-09-09T17:17:37.8967264Z     ZERO     0/3       0.0%  field:items.sets[].enabled
2026-09-09T17:17:37.8968148Z     ZERO     0/3       0.0%  field:items.sets[].requiredPieces
2026-09-09T17:17:37.8968943Z     ZERO     0/142     0.0%  field:items.unique
2026-09-09T17:17:37.8969774Z     ZERO     0/7       0.0%  field:maps.backgroundProps[].y
2026-09-09T17:17:37.8970635Z     ZERO     0/7       0.0%  field:maps.landmarkProps[].y
2026-09-09T17:17:37.9053104Z     ZERO     0/156     0.0%  field:models.bodyVersion
2026-09-09T17:17:37.9053891Z     ZERO     0/156     0.0%  field:models.fxAlpha
2026-09-09T17:17:37.9054628Z     ZERO     0/156     0.0%  field:models.heroBody
2026-09-09T17:17:37.9055374Z     ZERO     0/156     0.0%  field:models.voxel
2026-09-09T17:17:37.9056065Z     ZERO     0/5       0.0%  field:skins.alpha
2026-09-09T17:17:37.9056708Z     ZERO     0/5       0.0%  field:skins.tint
2026-09-09T17:17:37.9057377Z     ZERO     0/51      0.0%  field:status-effects.alpha
2026-09-09T17:17:37.9058161Z     ZERO     0/51      0.0%  field:status-effects.iconKey
2026-09-09T17:17:37.9058959Z     ZERO     0/51      0.0%  field:status-effects.tint
2026-09-09T17:17:37.9059764Z     ZERO     0/9       0.0%  field:vfx#vfx@1.orient.yawDeg
2026-09-09T17:17:37.9060520Z     ZERO     0/629     0.0%  field:vfx#vfx@1.presentation
2026-09-09T17:17:37.9061246Z     ZERO     0/629     0.0%  field:vfx#vfx@1.spriteSheet
2026-09-09T17:17:37.9062275Z     ZERO     0/1       0.0%  field:vfx#vfx@1.tracks.*.globalSeq
2026-09-09T17:17:37.9063116Z     ZERO     0/1       0.0%  field:vfx#vfx@1.tracks.gravity
2026-09-09T17:17:37.9063919Z     ZERO     0/1       0.0%  field:vfx#vfx@1.tracks.latitude
2026-09-09T17:17:37.9064708Z     ZERO     0/1       0.0%  field:vfx#vfx@1.tracks.length
2026-09-09T17:17:37.9065503Z     ZERO     0/1       0.0%  field:vfx#vfx@1.tracks.lifespan
2026-09-09T17:17:37.9066288Z     ZERO     0/1       0.0%  field:vfx#vfx@1.tracks.speed
2026-09-09T17:17:37.9067048Z     ZERO     0/1       0.0%  field:vfx#vfx@1.tracks.visibility
2026-09-09T17:17:37.9067769Z     ZERO     0/1       0.0%  field:vfx#vfx@1.tracks.width
2026-09-09T17:17:37.9068881Z     ZERO     0/3       0.0%  field:vfx-scripts.segments[]|1#anim.atMs
2026-09-09T17:17:37.9069840Z     ZERO     0/3       0.0%  field:vfx-scripts.segments[]|1#anim.replaces
2026-09-09T17:17:37.9070847Z     ZERO     0/3       0.0%  field:vfx-scripts.segments[]|1#anim.replacesForMs
2026-09-09T17:17:37.9071868Z     ZERO     0/3       0.0%  field:vfx-scripts.segments[]|1#anim.strikeIndex
2026-09-09T17:17:37.9073168Z     ZERO     0/3       0.0%  field:vfx-scripts.segments[]|1#floatingText.driftAngleDeg
2026-09-09T17:17:37.9074294Z     ZERO     0/3       0.0%  field:vfx-scripts.segments[]|1#floatingText.driftAngleStepDeg
2026-09-09T17:17:37.9075392Z     ZERO     0/3       0.0%  field:vfx-scripts.segments[]|1#floatingText.driftFrom
2026-09-09T17:17:37.9076505Z     ZERO     0/3       0.0%  field:vfx-scripts.segments[]|1#floatingText.driftSpeed
2026-09-09T17:17:37.9077595Z     ZERO     0/3       0.0%  field:vfx-scripts.segments[]|1#floatingText.replaces
2026-09-09T17:17:37.9078881Z     ZERO     0/3       0.0%  field:vfx-scripts.segments[]|1#floatingText.replacesForMs
2026-09-09T17:17:37.9079904Z     ZERO     0/2       0.0%  field:vfx-scripts.segments[]|1#hideBody.atMs
2026-09-09T17:17:37.9080876Z     ZERO     0/2       0.0%  field:vfx-scripts.segments[]|1#hideBody.replaces
2026-09-09T17:17:37.9122297Z     ZERO     0/2       0.0%  field:vfx-scripts.segments[]|1#hideBody.replacesForMs
2026-09-09T17:17:37.9123607Z     ZERO     0/2       0.0%  field:vfx-scripts.segments[]|1#hideBody.strikeIndex
2026-09-09T17:17:37.9124735Z     ZERO     0/9       0.0%  field:vfx-scripts.segments[]|1#modelFx.count
2026-09-09T17:17:37.9125824Z     ZERO     0/9       0.0%  field:vfx-scripts.segments[]|1#modelFx.distance
2026-09-09T17:17:37.9126941Z     ZERO     0/9       0.0%  field:vfx-scripts.segments[]|1#modelFx.offsetSideU
2026-09-09T17:17:37.9128038Z     ZERO     0/9       0.0%  field:vfx-scripts.segments[]|1#modelFx.replaces
2026-09-09T17:17:37.9129172Z     ZERO     0/9       0.0%  field:vfx-scripts.segments[]|1#modelFx.replacesForMs
2026-09-09T17:17:37.9130334Z     ZERO     0/9       0.0%  field:vfx-scripts.segments[]|1#modelFx.scaleAxis
2026-09-09T17:17:37.9131415Z     ZERO     0/9       0.0%  field:vfx-scripts.segments[]|1#modelFx.soundKey
2026-09-09T17:17:37.9132760Z     ZERO     0/9       0.0%  field:vfx-scripts.segments[]|1#modelFx.spacing
2026-09-09T17:17:37.9133825Z     ZERO     0/9       0.0%  field:vfx-scripts.segments[]|1#modelFx.speed
2026-09-09T17:17:37.9134938Z     ZERO     0/9       0.0%  field:vfx-scripts.segments[]|1#modelFx.spinDegPerSec
2026-09-09T17:17:37.9136118Z     ZERO     0/9       0.0%  field:vfx-scripts.segments[]|1#modelFx.trailIntervalSec
2026-09-09T17:17:37.9137247Z     ZERO     0/9       0.0%  field:vfx-scripts.segments[]|1#modelFx.trailVfxId
2026-09-09T17:17:37.9138377Z     ZERO     0/9       0.0%  field:vfx-scripts.segments[]|1#modelFx.yawOffsetDeg
2026-09-09T17:17:37.9139509Z     ZERO     0/4       0.0%  field:vfx-scripts.segments[]|1#screenShake.replaces
2026-09-09T17:17:37.9140705Z     ZERO     0/4       0.0%  field:vfx-scripts.segments[]|1#screenShake.replacesForMs
2026-09-09T17:17:37.9141833Z     ZERO     0/2       0.0%  field:vfx-scripts.segments[]|1#sound.replaces
2026-09-09T17:17:37.9143168Z     ZERO     0/2       0.0%  field:vfx-scripts.segments[]|1#sound.replacesForMs
2026-09-09T17:17:37.9144197Z     ZERO     0/7       0.0%  field:vfx-scripts.segments[]|1#vfx.alpha
2026-09-09T17:17:37.9145197Z     ZERO     0/7       0.0%  field:vfx-scripts.segments[]|1#vfx.facingDeg
2026-09-09T17:17:37.9146239Z     ZERO     0/7       0.0%  field:vfx-scripts.segments[]|1#vfx.flyHeight
2026-09-09T17:17:37.9147306Z     ZERO     0/7       0.0%  field:vfx-scripts.segments[]|1#vfx.offsetForwardU
2026-09-09T17:17:37.9148349Z     ZERO     0/7       0.0%  field:vfx-scripts.segments[]|1#vfx.offsetSideU
2026-09-09T17:17:37.9149294Z     ZERO     0/7       0.0%  field:vfx-scripts.segments[]|1#vfx.pitchDeg
2026-09-09T17:17:37.9150200Z     ZERO     0/7       0.0%  field:vfx-scripts.segments[]|1#vfx.replaces
2026-09-09T17:17:37.9151435Z     ZERO     0/7       0.0%  field:vfx-scripts.segments[]|1#vfx.replacesForMs
2026-09-09T17:17:37.9158425Z     ZERO     0/7       0.0%  field:vfx-scripts.segments[]|1#vfx.timeScale
2026-09-09T17:17:37.9159347Z     ZERO     0/7       0.0%  field:vfx-scripts.segments[]|1#vfx.tint
2026-09-09T17:17:37.9160238Z     ZERO     0/7       0.0%  field:vfx-scripts.segments[]|1#vfx.w3xScale
2026-09-09T17:17:37.9161620Z              1/2      50.0%  field:abilities.effects[]#applyBuff.condition|0|1|0.other.scale
2026-09-09T17:17:37.9163326Z              1/2      50.0%  field:abilities.effects[]#applyBuff.condition|0|1|0.other.stat
2026-09-09T17:17:37.9164866Z              1/2      50.0%  field:abilities.effects[]#applyBuff.condition|0|1|1.other.scale
2026-09-09T17:17:37.9166302Z              1/2      50.0%  field:abilities.effects[]#applyBuff.condition|0|1|1.other.stat
2026-09-09T17:17:37.9167694Z              1/7      14.3%  field:abilities.effects[]#applyBuff.critStrike.empowers
2026-09-09T17:17:37.9169295Z              1/7      14.3%  field:abilities.effects[]#applyBuff.critStrike.lifestealMode
2026-09-09T17:17:37.9170748Z              1/1     100.0%  field:abilities.effects[]#applyBuff.deathWard.modelKey
2026-09-09T17:17:37.9172392Z              1/1     100.0%  field:abilities.effects[]#applyBuff.hooks[].chanceFrom.basis
2026-09-09T17:17:37.9173812Z              1/1     100.0%  field:abilities.effects[]#applyBuff.penetration.armorPct
2026-09-09T17:17:37.9175086Z              1/163     0.6%  field:abilities.effects[]#applyStatus.healingTakenMult
2026-09-09T17:17:37.9176414Z              1/163     0.6%  field:abilities.effects[]#applyStatus.lifestealMult
2026-09-09T17:17:37.9177696Z              1/163     0.6%  field:abilities.effects[]#applyStatus.regenMult
2026-09-09T17:17:37.9178892Z              1/1     100.0%  field:abilities.effects[]#carry.maxTargets
2026-09-09T17:17:37.9180041Z              1/1     100.0%  field:abilities.effects[]#carry.onCarrierDeath
2026-09-09T17:17:37.9181167Z              1/1     100.0%  field:abilities.effects[]#carry.onHitTargets
2026-09-09T17:17:37.9182619Z              1/1     100.0%  field:abilities.effects[]#carry.radius
2026-09-09T17:17:37.9183763Z              1/1     100.0%  field:abilities.effects[]#carry.radiusTier
2026-09-09T17:17:37.9184885Z              1/1     100.0%  field:abilities.effects[]#carry.side
2026-09-09T17:17:37.9186015Z              1/1     100.0%  field:abilities.effects[]#carry.untargetable
2026-09-09T17:17:37.9187215Z              1/1     100.0%  field:abilities.effects[]#carry.untargetable.abilityAoe
2026-09-09T17:17:37.9188566Z              1/1     100.0%  field:abilities.effects[]#carry.untargetable.autoAcquire
2026-09-09T17:17:37.9189984Z              1/1     100.0%  field:abilities.effects[]#carry.untargetable.manualTarget
2026-09-09T17:17:37.9191385Z              1/1     100.0%  field:abilities.effects[]#carry.untargetable.mobAggro
2026-09-09T17:17:37.9192815Z              1/1     100.0%  field:abilities.effects[]#carry.victimCondition
2026-09-09T17:17:37.9194136Z              1/370     0.3%  field:abilities.effects[]#chainLightning.amount.attrRatios
2026-09-09T17:17:37.9195714Z              1/1     100.0%  field:abilities.effects[]#chainLightning.amount.attrRatios[].basis
2026-09-09T17:17:37.9197042Z              1/1     100.0%  field:abilities.effects[]#convertTeam.maxHeld
2026-09-09T17:17:37.9198385Z              1/1     100.0%  field:abilities.effects[]#convertTeam.oncePerRoundPerVictim
2026-09-09T17:17:37.9199607Z              1/1     100.0%  field:abilities.effects[]#convertTeam.until
2026-09-09T17:17:37.9200716Z              1/1     100.0%  field:abilities.effects[]#cycleBuff.applyTo
2026-09-09T17:17:37.9201846Z              1/258     0.4%  field:abilities.effects[]#damage.bankedBonus
2026-09-09T17:17:37.9203265Z              1/2      50.0%  field:abilities.effects[]#damage.refund.basis
2026-09-09T17:17:37.9204532Z              1/90      1.1%  field:abilities.effects[]#damageArea.canCrit
2026-09-09T17:17:37.9205772Z              1/90      1.1%  field:abilities.effects[]#damageArea.falloff
2026-09-09T17:17:37.9207312Z              1/22      4.5%  field:abilities.effects[]#dispel.condition
2026-09-09T17:17:37.9208650Z              1/5      20.0%  field:abilities.effects[]#eventValueConversion.buff
2026-09-09T17:17:37.9210264Z              1/1     100.0%  field:abilities.effects[]#eventValueConversion.buff.ratio
2026-09-09T17:17:37.9211749Z              1/7      14.3%  field:abilities.effects[]#grantAttribute.maxAttribute
2026-09-09T17:17:37.9213686Z              1/4      25.0%  field:abilities.effects[]#grantGold.perTargetLevel
2026-09-09T17:17:37.9214990Z              1/1     100.0%  field:abilities.effects[]#grantXp.to
2026-09-09T17:17:37.9216284Z              1/1     100.0%  field:abilities.effects[]#manaBarrier.durationSec
2026-09-09T17:17:37.9217632Z              1/1     100.0%  field:abilities.effects[]#manaBarrier.minManaReserve
2026-09-09T17:17:37.9218778Z              1/1     100.0%  field:abilities.effects[]#manaBarrier.who
2026-09-09T17:17:37.9220215Z              1/17      5.9%  field:abilities.effects[]#modifyCooldown.condition
2026-09-09T17:17:37.9221472Z              1/17      5.9%  field:abilities.effects[]#modifyCooldown.hookKey
2026-09-09T17:17:37.9222949Z              1/17      5.9%  field:abilities.effects[]#modifyCooldown.hookScope
2026-09-09T17:17:37.9224142Z              1/17      5.9%  field:abilities.effects[]#modifyCooldown.target
2026-09-09T17:17:37.9225284Z              1/39      2.6%  field:abilities.effects[]#restore.condition
2026-09-09T17:17:37.9254287Z              1/9      11.1%  field:abilities.effects[]#spendMana.bankAs
2026-09-09T17:17:37.9255807Z              1/1     100.0%  field:abilities.effects[]#swapResource.clampMin
2026-09-09T17:17:37.9257117Z              1/1     100.0%  field:abilities.effects[]#swapResource.resource
2026-09-09T17:17:37.9258355Z              1/4      25.0%  field:abilities.effects[]#taunt.forcedTarget
2026-09-09T17:17:37.9259529Z              1/4      25.0%  field:abilities.effects[]#taunt.includeNeutrals
2026-09-09T17:17:37.9260568Z              1/4      25.0%  field:abilities.effects[]#taunt.side
2026-09-09T17:17:37.9261798Z              1/12      8.3%  field:abilities.effects[]#weightedBranch.condition
2026-09-09T17:17:37.9263103Z              1/421     0.2%  field:abilities.interruptOn
2026-09-09T17:17:37.9264011Z              1/421     0.2%  field:abilities.marks
2026-09-09T17:17:37.9265038Z              1/3      33.3%  field:abilities.marks[].perStackLost
2026-09-09T17:17:37.9266168Z              1/5      20.0%  field:abilities.passive.ranks[].auras[].hooks
2026-09-09T17:17:37.9267347Z              1/5      20.0%  field:abilities.passive.ranks[].auras[].includeSelf
2026-09-09T17:17:37.9268542Z              1/131     0.8%  field:abilities.passive.ranks[].deathWard
2026-09-09T17:17:37.9269701Z              1/131     0.8%  field:abilities.passive.ranks[].statusImmunity
2026-09-09T17:17:37.9270810Z              1/131     0.8%  field:abilities.passive.ranks[].vision
2026-09-09T17:17:37.9271795Z              1/421     0.2%  field:abilities.rangeUnlimited
2026-09-09T17:17:37.9272923Z              1/421     0.2%  field:abilities.toggle
2026-09-09T17:17:37.9273815Z              1/13      7.7%  field:arenas.zones[].gateHolds
2026-09-09T17:17:37.9274903Z              1/41      2.4%  field:augments.eligibility.excludeSelfMechanic
2026-09-09T17:17:37.9276051Z              1/41      2.4%  field:augments.eligibility.onlyAttackType
2026-09-09T17:17:37.9277233Z              1/41      2.4%  field:augments.eligibility.requiresEnemyMechanic
2026-09-09T17:17:37.9278180Z              1/91      1.1%  field:augments.flight
2026-09-09T17:17:37.9279184Z              1/71      1.4%  field:champions.abilities.*.interruptOn
2026-09-09T17:17:37.9280237Z              1/71      1.4%  field:champions.abilities.*.recoverySec
2026-09-09T17:17:37.9281245Z              1/71      1.4%  field:champions.abilities.*.toggle
2026-09-09T17:17:37.9282480Z              1/71      1.4%  field:champions.healthDrainPctOfMax
2026-09-09T17:17:37.9283434Z              1/71      1.4%  field:champions.immobile
2026-09-09T17:17:37.9284720Z              1/1     100.0%  field:config#config.admin-friend@1.note
2026-09-09T17:17:37.9285815Z              1/1     100.0%  field:config#config.ambient-vfx@1.arenaFire
2026-09-09T17:17:37.9286955Z              1/1     100.0%  field:config#config.ambient-vfx@1.attackTrail
2026-09-09T17:17:37.9288379Z              1/1     100.0%  field:config#config.ambient-vfx@1.attackTrail.byWeaponTag[].y
2026-09-09T17:17:37.9289679Z              1/1     100.0%  field:config#config.ambient-vfx@1.backdrop
2026-09-09T17:17:37.9290952Z              1/1     100.0%  field:config#config.ambient-vfx@1.bindings{}[].note
2026-09-09T17:17:37.9292460Z              1/1     100.0%  field:config#config.ambient-vfx@1.bindings{}[].whileToggle
2026-09-09T17:17:37.9293635Z              1/1     100.0%  field:config#config.ambient-vfx@1.hitCues
2026-09-09T17:17:37.9295145Z              1/1     100.0%  field:config#config.ambient-vfx@1.hitCues.shieldGained
2026-09-09T17:17:37.9296396Z              1/1     100.0%  field:config#config.ambient-vfx@1.scenery
2026-09-09T17:17:37.9297710Z              1/1     100.0%  field:config#config.ambient-vfx@1.scenery.outlineShells
2026-09-09T17:17:37.9298799Z              1/1     100.0%  field:config#config.aoe-tiers@1.note
2026-09-09T17:17:37.9300032Z              1/1     100.0%  field:config#config.ap-coefficient@1.keepAuthoredPerRankAp
2026-09-09T17:17:37.9301303Z              1/1     100.0%  field:config#config.ap-coefficient@1.note
2026-09-09T17:17:37.9302734Z              1/1     100.0%  field:config#config.ap-damage-scaling@1.note
2026-09-09T17:17:37.9303881Z              1/1     100.0%  field:config#config.arena-pool@1.note
2026-09-09T17:17:37.9305005Z              1/1     100.0%  field:config#config.arena-rules@1.augmentTiers
2026-09-09T17:17:37.9306247Z              1/1     100.0%  field:config#config.arena-rules@1.autoSpendSkillPoints
2026-09-09T17:17:37.9307663Z              1/1     100.0%  field:config#config.arena-rules@1.botOnlyRingAccelEnabled
2026-09-09T17:17:37.9309064Z              1/1     100.0%  field:config#config.arena-rules@1.botOnlyRingAccelSec
2026-09-09T17:17:37.9310273Z              1/1     100.0%  field:config#config.arena-rules@1.botShop
2026-09-09T17:17:37.9311476Z              1/1     100.0%  field:config#config.arena-rules@1.bothDraftsExtraSec
2026-09-09T17:17:37.9312942Z              1/1     100.0%  field:config#config.arena-rules@1.disadvantageWeights
2026-09-09T17:17:37.9314277Z              1/1     100.0%  field:config#config.arena-rules@1.draftConflict
2026-09-09T17:17:37.9315597Z              1/1     100.0%  field:config#config.arena-rules@1.exUnlockRound
2026-09-09T17:17:37.9316806Z              1/1     100.0%  field:config#config.arena-rules@1.finalRound
2026-09-09T17:17:37.9317958Z              1/1     100.0%  field:config#config.arena-rules@1.flowers
2026-09-09T17:17:37.9319069Z              1/1     100.0%  field:config#config.arena-rules@1.goldDrop
2026-09-09T17:17:37.9320174Z              1/1     100.0%  field:config#config.arena-rules@1.grailDraft
2026-09-09T17:17:37.9321435Z              1/1     100.0%  field:config#config.arena-rules@1.guardianTower
2026-09-09T17:17:37.9323009Z              1/1     100.0%  field:config#config.arena-rules@1.humanSeatsFromRound
2026-09-09T17:17:37.9324268Z              1/1     100.0%  field:config#config.arena-rules@1.itemDraft
2026-09-09T17:17:37.9325690Z              1/1     100.0%  field:config#config.arena-rules@1.itemDraft.excludedCraftRoles
2026-09-09T17:17:37.9326986Z              1/1     100.0%  field:config#config.arena-rules@1.legendaryShelf
2026-09-09T17:17:37.9328470Z              1/1     100.0%  field:config#config.arena-rules@1.legendaryShelf.randomOnlyTables
2026-09-09T17:17:37.9330132Z              1/1     100.0%  field:config#config.arena-rules@1.legendaryShelf.sellRefundPct
2026-09-09T17:17:37.9331718Z              1/1     100.0%  field:config#config.arena-rules@1.legendaryShelf.swapWhenFull
2026-09-09T17:17:37.9333449Z              1/1     100.0%  field:config#config.arena-rules@1.mobWaves
2026-09-09T17:17:37.9334986Z              1/1     100.0%  field:config#config.arena-rules@1.mobWaves.boss
2026-09-09T17:17:37.9336427Z              1/1     100.0%  field:config#config.arena-rules@1.mobWaves.boss.aggroRank
2026-09-09T17:17:37.9338016Z              1/1     100.0%  field:config#config.arena-rules@1.mobWaves.boss.championSource
2026-09-09T17:17:37.9339632Z              1/1     100.0%  field:config#config.arena-rules@1.mobWaves.boss.countOverkill
2026-09-09T17:17:37.9341273Z              1/1     100.0%  field:config#config.arena-rules@1.mobWaves.boss.countsAsChampion
2026-09-09T17:17:37.9343085Z              1/1     100.0%  field:config#config.arena-rules@1.mobWaves.boss.healthBar
2026-09-09T17:17:37.9344613Z              1/1     100.0%  field:config#config.arena-rules@1.mobWaves.boss.healthBarAnchor
2026-09-09T17:17:37.9346096Z              1/1     100.0%  field:config#config.arena-rules@1.mobWaves.boss.healthBarReveal
2026-09-09T17:17:37.9347776Z              1/1     100.0%  field:config#config.arena-rules@1.mobWaves.boss.heroDamageMult
2026-09-09T17:17:37.9349196Z              1/1     100.0%  field:config#config.arena-rules@1.mobWaves.boss.heroHpMult
2026-09-09T17:17:37.9350572Z              1/1     100.0%  field:config#config.arena-rules@1.mobWaves.boss.heroLevel
2026-09-09T17:17:37.9352250Z              1/1     100.0%  field:config#config.arena-rules@1.mobWaves.boss.heroLevelSource
2026-09-09T17:17:37.9353701Z              1/1     100.0%  field:config#config.arena-rules@1.mobWaves.boss.hpFlatBonus
2026-09-09T17:17:37.9355021Z              1/1     100.0%  field:config#config.arena-rules@1.mobWaves.boss.hpMult
2026-09-09T17:17:37.9356300Z              1/1     100.0%  field:config#config.arena-rules@1.mobWaves.boss.king
2026-09-09T17:17:37.9357794Z              1/1     100.0%  field:config#config.arena-rules@1.mobWaves.boss.king.areaMinTargets
2026-09-09T17:17:37.9359399Z              1/1     100.0%  field:config#config.arena-rules@1.mobWaves.boss.king.learnRankMode
2026-09-09T17:17:37.9361098Z              1/1     100.0%  field:config#config.arena-rules@1.mobWaves.boss.king.situationalAiming
2026-09-09T17:17:37.9362943Z              1/1     100.0%  field:config#config.arena-rules@1.mobWaves.boss.lastHitMode
2026-09-09T17:17:37.9364533Z              1/1     100.0%  field:config#config.arena-rules@1.mobWaves.boss.levelCurve
2026-09-09T17:17:37.9365872Z              1/1     100.0%  field:config#config.arena-rules@1.mobWaves.boss.maxPerRound
2026-09-09T17:17:37.9367356Z              1/1     100.0%  field:config#config.arena-rules@1.mobWaves.boss.maxPerRoundScope
2026-09-09T17:17:37.9368898Z              1/1     100.0%  field:config#config.arena-rules@1.mobWaves.boss.moveSpeedMult
2026-09-09T17:17:37.9370318Z              1/1     100.0%  field:config#config.arena-rules@1.mobWaves.boss.noClip
2026-09-09T17:17:37.9371705Z              1/1     100.0%  field:config#config.arena-rules@1.mobWaves.boss.noClipObstacles
2026-09-09T17:17:37.9373429Z              1/1     100.0%  field:config#config.arena-rules@1.mobWaves.boss.noClipStayInside
2026-09-09T17:17:37.9375031Z              1/1     100.0%  field:config#config.arena-rules@1.mobWaves.boss.noClipUnits
2026-09-09T17:17:37.9376656Z              1/1     100.0%  field:config#config.arena-rules@1.mobWaves.boss.settlementTitle
2026-09-09T17:17:37.9378154Z              1/1     100.0%  field:config#config.arena-rules@1.mobWaves.boss.sizeMult
2026-09-09T17:17:37.9379573Z              1/1     100.0%  field:config#config.arena-rules@1.mobWaves.healthBar
2026-09-09T17:17:37.9381018Z              1/1     100.0%  field:config#config.arena-rules@1.mobWaves.mob.baseHp
2026-09-09T17:17:37.9382954Z              1/1     100.0%  field:config#config.arena-rules@1.mobWaves.mob.baseLevel
2026-09-09T17:17:37.9384453Z              1/1     100.0%  field:config#config.arena-rules@1.mobWaves.mob.baseRegen
2026-09-09T17:17:37.9385959Z              1/1     100.0%  field:config#config.arena-rules@1.mobWaves.mob.championId
2026-09-09T17:17:37.9387827Z              1/1     100.0%  field:config#config.arena-rules@1.mobWaves.mob.championSource
2026-09-09T17:17:37.9389565Z              1/1     100.0%  field:config#config.arena-rules@1.mobWaves.mob.groundRingDiameter
2026-09-09T17:17:37.9391370Z              1/1     100.0%  field:config#config.arena-rules@1.mobWaves.mob.groundRingSizeFollow
2026-09-09T17:17:37.9403405Z              1/1     100.0%  field:config#config.arena-rules@1.mobWaves.mob.hpPerLevel
2026-09-09T17:17:37.9404783Z              1/1     100.0%  field:config#config.arena-rules@1.mobWaves.mob.levelCurve
2026-09-09T17:17:37.9406171Z              1/1     100.0%  field:config#config.arena-rules@1.mobWaves.mob.levelPerRound
2026-09-09T17:17:37.9407522Z              1/1     100.0%  field:config#config.arena-rules@1.mobWaves.mob.moveSpeed
2026-09-09T17:17:37.9408909Z              1/1     100.0%  field:config#config.arena-rules@1.mobWaves.mob.regenPerLevel
2026-09-09T17:17:37.9410471Z              1/1     100.0%  field:config#config.arena-rules@1.mobWaves.mob.sizeMult
2026-09-09T17:17:37.9412025Z              1/1     100.0%  field:config#config.arena-rules@1.mobWaves.mob.tintStrength
2026-09-09T17:17:37.9416421Z              1/1     100.0%  field:config#config.arena-rules@1.mobWaves.normalMobShadow
2026-09-09T17:17:37.9418638Z              1/1     100.0%  field:config#config.arena-rules@1.mobWaves.roundHoldMobKinds
2026-09-09T17:17:37.9424508Z              1/1     100.0%  field:config#config.arena-rules@1.mobWaves.schedule
2026-09-09T17:17:37.9425849Z              1/1     100.0%  field:config#config.arena-rules@1.mobWaves.special
2026-09-09T17:17:37.9427292Z              1/1     100.0%  field:config#config.arena-rules@1.mobWaves.special.bountyGold
2026-09-09T17:17:37.9428846Z              1/1     100.0%  field:config#config.arena-rules@1.mobWaves.special.bountyLevels
2026-09-09T17:17:37.9430339Z              1/1     100.0%  field:config#config.arena-rules@1.mobWaves.special.bountyXp
2026-09-09T17:17:37.9432139Z              1/1     100.0%  field:config#config.arena-rules@1.mobWaves.special.championSource
2026-09-09T17:17:37.9434257Z              1/1     100.0%  field:config#config.arena-rules@1.mobWaves.special.countOverkill
2026-09-09T17:17:37.9442516Z              1/1     100.0%  field:config#config.arena-rules@1.mobWaves.special.countsAsChampion
2026-09-09T17:17:37.9444096Z              1/1     100.0%  field:config#config.arena-rules@1.mobWaves.special.heroDamageMult
2026-09-09T17:17:37.9450627Z              1/1     100.0%  field:config#config.arena-rules@1.mobWaves.special.heroHpMult
2026-09-09T17:17:37.9452910Z              1/1     100.0%  field:config#config.arena-rules@1.mobWaves.special.heroLevelSource
2026-09-09T17:17:37.9454448Z              1/1     100.0%  field:config#config.arena-rules@1.mobWaves.special.hpFlatBonus
2026-09-09T17:17:37.9455906Z              1/1     100.0%  field:config#config.arena-rules@1.mobWaves.special.lastHitMode
2026-09-09T17:17:37.9457469Z              1/1     100.0%  field:config#config.arena-rules@1.mobWaves.special.lastHitMultiplier
2026-09-09T17:17:37.9459038Z              1/1     100.0%  field:config#config.arena-rules@1.mobWaves.special.levelCurve
2026-09-09T17:17:37.9460625Z              1/1     100.0%  field:config#config.arena-rules@1.mobWaves.special.settlementMode
2026-09-09T17:17:37.9462441Z              1/1     100.0%  field:config#config.arena-rules@1.mobWaves.special.settlementTitle
2026-09-09T17:17:37.9463957Z              1/1     100.0%  field:config#config.arena-rules@1.mobWaves.special.sizeMult
2026-09-09T17:17:37.9465497Z              1/1     100.0%  field:config#config.arena-rules@1.mobWaves.special.splitByDamage
2026-09-09T17:17:37.9467052Z              1/1     100.0%  field:config#config.arena-rules@1.mobWaves.stopSpawnOnTeamWipe
2026-09-09T17:17:37.9468451Z              1/1     100.0%  field:config#config.arena-rules@1.postMatchLingerSec
2026-09-09T17:17:37.9469774Z              1/1     100.0%  field:config#config.arena-rules@1.retiredLootTables
2026-09-09T17:17:37.9471039Z              1/1     100.0%  field:config#config.arena-rules@1.reviveCircles
2026-09-09T17:17:37.9475437Z              1/1     100.0%  field:config#config.arena-rules@1.round11
2026-09-09T17:17:37.9479237Z              1/1     100.0%  field:config#config.arena-rules@1.rounds{}.augmentTier
2026-09-09T17:17:37.9480574Z              1/1     100.0%  field:config#config.arena-rules@1.rounds{}.autoLearn
2026-09-09T17:17:37.9481833Z              1/1     100.0%  field:config#config.arena-rules@1.rounds{}.draftBoth
2026-09-09T17:17:37.9484144Z              1/1     100.0%  field:config#config.arena-rules@1.rounds{}.grantGold
2026-09-09T17:17:37.9487692Z              1/1     100.0%  field:config#config.arena-rules@1.rounds{}.grantLevels
2026-09-09T17:17:37.9489041Z              1/1     100.0%  field:config#config.arena-rules@1.rounds{}.weaponDraftPct
2026-09-09T17:17:37.9493729Z              1/1     100.0%  field:config#config.arena-rules@1.rounds{}.weaponLootTable
2026-09-09T17:17:37.9495235Z              1/1     100.0%  field:config#config.arena-rules@1.ultUnlockRound
2026-09-09T17:17:37.9496377Z              1/1     100.0%  field:config#config.arena-rules@1.vision
2026-09-09T17:17:37.9498737Z              1/1     100.0%  field:config#config.arena-rules@1.vision.fullVision
2026-09-09T17:17:37.9507989Z              1/1     100.0%  field:config#config.arena-rules@1.vision.wallBlocksBasicAttack
2026-09-09T17:17:37.9509392Z              1/1     100.0%  field:config#config.arena-rules@1.weaponShelfOpen
2026-09-09T17:17:37.9510602Z              1/1     100.0%  field:config#config.arena-rules@1.weaponTiers
2026-09-09T17:17:37.9512246Z              1/1     100.0%  field:config#config.arena-rules@1.weaponTiers[].guaranteeAtD
2026-09-09T17:17:37.9513713Z              1/1     100.0%  field:config#config.arena-rules@1.weaponTiers[].maxRound
2026-09-09T17:17:37.9514973Z              1/1     100.0%  field:config#config.asset-cdn@1.note
2026-09-09T17:17:37.9516111Z              1/1     100.0%  field:config#config.asset-downloads@1.note
2026-09-09T17:17:37.9517289Z              1/1     100.0%  field:config#config.audio-map@1.bgm{}.gain
2026-09-09T17:17:37.9518454Z              1/1     100.0%  field:config#config.audio-map@1.castLayerCap
2026-09-09T17:17:37.9519577Z              1/1     100.0%  field:config#config.audio-map@1.mapBgm
2026-09-09T17:17:37.9520718Z              1/1     100.0%  field:config#config.audio-map@1.modelFxSound
2026-09-09T17:17:37.9523004Z              1/1     100.0%  field:config#config.audio-map@1.rankUpAudience
2026-09-09T17:17:37.9559918Z              1/1     100.0%  field:config#config.audio-map@1.sfx{}.cooldownMs
2026-09-09T17:17:37.9561158Z              1/1     100.0%  field:config#config.audio-map@1.sfx{}.gain
2026-09-09T17:17:37.9562714Z              1/1     100.0%  field:config#config.audio-map@1.sfx{}.maxConcurrent
2026-09-09T17:17:37.9563874Z              1/1     100.0%  field:config#config.audio-mix@1.note
2026-09-09T17:17:37.9565175Z              1/1     100.0%  field:config#config.audio-mix@1.voice.roundEndMachineVoice
2026-09-09T17:17:37.9566532Z              1/1     100.0%  field:config#config.audio-mix@1.voice.roundEndMinGapSec
2026-09-09T17:17:37.9567699Z              1/1     100.0%  field:config#config.augment-filter@1.note
2026-09-09T17:17:37.9568802Z              1/1     100.0%  field:config#config.authoring-rules@1.editor
2026-09-09T17:17:37.9569918Z              1/1     100.0%  field:config#config.authoring-rules@1.note
2026-09-09T17:17:37.9571006Z              1/1     100.0%  field:config#config.base-bonus@1.bonus.ad
2026-09-09T17:17:37.9572371Z              1/1     100.0%  field:config#config.base-bonus@1.bonus.manaRegen
2026-09-09T17:17:37.9573563Z              1/1     100.0%  field:config#config.base-bonus@1.bonus.maxHealth
2026-09-09T17:17:37.9574769Z              1/1     100.0%  field:config#config.base-bonus@1.bonus.maxMana
2026-09-09T17:17:37.9575923Z              1/1     100.0%  field:config#config.base-bonus@1.bonus.mr
2026-09-09T17:17:37.9576982Z              1/1     100.0%  field:config#config.berserk@1.note
2026-09-09T17:17:37.9578324Z              1/1     100.0%  field:config#config.block@1.chanceMult
2026-09-09T17:17:37.9579340Z              1/1     100.0%  field:config#config.block@1.note
2026-09-09T17:17:37.9580400Z              1/1     100.0%  field:config#config.body-scale@1.note
2026-09-09T17:17:37.9581709Z              1/1     100.0%  field:config#config.boss-intro@1.champions{}.authoringNote
2026-09-09T17:17:37.9595311Z              1/1     100.0%  field:config#config.boss-intro@1.champions{}.quote
2026-09-09T17:17:37.9613009Z              1/1     100.0%  field:config#config.boss-intro@1.champions{}.tips
2026-09-09T17:17:37.9614416Z              1/1     100.0%  field:config#config.boss-intro@1.champions{}.weaknesses
2026-09-09T17:17:37.9615701Z              1/1     100.0%  field:config#config.boss-intro@1.dropOrder
2026-09-09T17:17:37.9616768Z              1/1     100.0%  field:config#config.boss-intro@1.layout
2026-09-09T17:17:37.9618060Z              1/1     100.0%  field:config#config.boss-intro@1.note
2026-09-09T17:17:37.9619148Z              1/1     100.0%  field:config#config.camera@1.note
2026-09-09T17:17:37.9620325Z              1/1     100.0%  field:config#config.camera@1.zoom.defaultDolly
2026-09-09T17:17:37.9621415Z              1/1     100.0%  field:config#config.cast-approach@1.note
2026-09-09T17:17:37.9622734Z              1/1     100.0%  field:config#config.cast-time-tiers@1.note
2026-09-09T17:17:37.9623892Z              1/1     100.0%  field:config#config.cast-time@1.castTimeMaxSec
2026-09-09T17:17:37.9625057Z              1/1     100.0%  field:config#config.cast-time@1.comboWindowFrom
2026-09-09T17:17:37.9626085Z              1/1     100.0%  field:config#config.cast-time@1.note
2026-09-09T17:17:37.9627338Z              1/1     100.0%  field:config#config.champion-voices@1.champions{}.soundset
2026-09-09T17:17:37.9628689Z              1/1     100.0%  field:config#config.combat-env@1.multipliers.abilityDamage
2026-09-09T17:17:37.9630020Z              1/1     100.0%  field:config#config.combat-env@1.multipliers.abilityPower
2026-09-09T17:17:37.9631408Z              1/1     100.0%  field:config#config.combat-env@1.multipliers.abilityRange
2026-09-09T17:17:37.9636415Z              1/1     100.0%  field:config#config.combat-env@1.multipliers.agiToArmor
2026-09-09T17:17:37.9638833Z              1/1     100.0%  field:config#config.combat-env@1.multipliers.agiToAttackSpeed
2026-09-09T17:17:37.9643437Z              1/1     100.0%  field:config#config.combat-env@1.multipliers.agiToEvasion
2026-09-09T17:17:37.9644871Z              1/1     100.0%  field:config#config.combat-env@1.multipliers.attackDamage
2026-09-09T17:17:37.9649479Z              1/1     100.0%  field:config#config.combat-env@1.multipliers.attackRange
2026-09-09T17:17:37.9656561Z              1/1     100.0%  field:config#config.combat-env@1.multipliers.attackSpeed
2026-09-09T17:17:37.9658057Z              1/1     100.0%  field:config#config.combat-env@1.multipliers.cooldown
2026-09-09T17:17:37.9659484Z              1/1     100.0%  field:config#config.combat-env@1.multipliers.critChance
2026-09-09T17:17:37.9660854Z              1/1     100.0%  field:config#config.combat-env@1.multipliers.critDamage
2026-09-09T17:17:37.9662395Z              1/1     100.0%  field:config#config.combat-env@1.multipliers.damageDealt
2026-09-09T17:17:37.9663818Z              1/1     100.0%  field:config#config.combat-env@1.multipliers.defense
2026-09-09T17:17:37.9665248Z              1/1     100.0%  field:config#config.combat-env@1.multipliers.goldEliteKill
2026-09-09T17:17:37.9666702Z              1/1     100.0%  field:config#config.combat-env@1.multipliers.goldHeroKill
2026-09-09T17:17:37.9668041Z              1/1     100.0%  field:config#config.combat-env@1.multipliers.goldMobKill
2026-09-09T17:17:37.9669369Z              1/1     100.0%  field:config#config.combat-env@1.multipliers.goldQuest
2026-09-09T17:17:37.9670778Z              1/1     100.0%  field:config#config.combat-env@1.multipliers.goldRoundPayout
2026-09-09T17:17:37.9672772Z              1/1     100.0%  field:config#config.combat-env@1.multipliers.healing
2026-09-09T17:17:37.9674386Z              1/1     100.0%  field:config#config.combat-env@1.multipliers.healthRegen
2026-09-09T17:17:37.9675804Z              1/1     100.0%  field:config#config.combat-env@1.multipliers.intToAbilityPower
2026-09-09T17:17:37.9677266Z              1/1     100.0%  field:config#config.combat-env@1.multipliers.intToMagicResist
2026-09-09T17:17:37.9678670Z              1/1     100.0%  field:config#config.combat-env@1.multipliers.intToManaRegen
2026-09-09T17:17:37.9680028Z              1/1     100.0%  field:config#config.combat-env@1.multipliers.intToMaxMana
2026-09-09T17:17:37.9681377Z              1/1     100.0%  field:config#config.combat-env@1.multipliers.itemCooldown
2026-09-09T17:17:37.9682910Z              1/1     100.0%  field:config#config.combat-env@1.multipliers.lifesteal
2026-09-09T17:17:37.9684291Z              1/1     100.0%  field:config#config.combat-env@1.multipliers.magicResistMult
2026-09-09T17:17:37.9685951Z              1/1     100.0%  field:config#config.combat-env@1.multipliers.manaRegen
2026-09-09T17:17:37.9687297Z              1/1     100.0%  field:config#config.combat-env@1.multipliers.maxHealth
2026-09-09T17:17:37.9688527Z              1/1     100.0%  field:config#config.combat-env@1.multipliers.maxMana
2026-09-09T17:17:37.9689821Z              1/1     100.0%  field:config#config.combat-env@1.multipliers.moveSpeed
2026-09-09T17:17:37.9691251Z              1/1     100.0%  field:config#config.combat-env@1.multipliers.moveSpeedMelee
2026-09-09T17:17:37.9693432Z              1/1     100.0%  field:config#config.combat-env@1.multipliers.moveSpeedRanged
2026-09-09T17:17:37.9694841Z              1/1     100.0%  field:config#config.combat-env@1.multipliers.shield
2026-09-09T17:17:37.9696184Z              1/1     100.0%  field:config#config.combat-env@1.multipliers.strToAttackDamage
2026-09-09T17:17:37.9697709Z              1/1     100.0%  field:config#config.combat-env@1.multipliers.strToCritChance
2026-09-09T17:17:37.9699225Z              1/1     100.0%  field:config#config.combat-env@1.multipliers.strToHealthRegen
2026-09-09T17:17:37.9700657Z              1/1     100.0%  field:config#config.combat-env@1.multipliers.strToMaxHealth
2026-09-09T17:17:37.9701842Z              1/1     100.0%  field:config#config.combat-feel@1.aimAssist
2026-09-09T17:17:37.9703390Z              1/1     100.0%  field:config#config.combat-feel@1.autoEngage
2026-09-09T17:17:37.9704749Z              1/1     100.0%  field:config#config.combat-feel@1.autoEngage.acquireLeash
2026-09-09T17:17:37.9706241Z              1/1     100.0%  field:config#config.combat-feel@1.autoEngage.meleeAcquireFloor
2026-09-09T17:17:37.9707647Z              1/1     100.0%  field:config#config.combat-feel@1.autoEngage.threatWindowTicks
2026-09-09T17:17:37.9708817Z              1/1     100.0%  field:config#config.combat-feel@1.facing
2026-09-09T17:17:37.9709957Z              1/1     100.0%  field:config#config.combat-feel@1.hitstop
2026-09-09T17:17:37.9711325Z              1/1     100.0%  field:config#config.combat-feel@1.hitstop.holdsAttackerWalk
2026-09-09T17:17:37.9712938Z              1/1     100.0%  field:config#config.combat-feel@1.hitstop.holdsVictimWalk
2026-09-09T17:17:37.9714134Z              1/1     100.0%  field:config#config.combat-feel@1.hitstop.scale
2026-09-09T17:17:37.9715441Z              1/1     100.0%  field:config#config.combat-feel@1.hitstop.stuckGuard
2026-09-09T17:17:37.9716892Z              1/1     100.0%  field:config#config.combat-feel@1.hitstop.stuckGuard.enabled
2026-09-09T17:17:37.9718341Z              1/1     100.0%  field:config#config.combat-feel@1.hitstop.stuckGuard.releaseSec
2026-09-09T17:17:37.9719840Z              1/1     100.0%  field:config#config.combat-feel@1.hitstop.stuckGuard.thresholdSec
2026-09-09T17:17:37.9721311Z              1/1     100.0%  field:config#config.combat-feel@1.hitstop.stuckGuard.windowSec
2026-09-09T17:17:37.9734684Z              1/1     100.0%  field:config#config.combat-feel@1.impactFeel
2026-09-09T17:17:37.9739784Z              1/1     100.0%  field:config#config.combat-feel@1.impactFeel.blockCamKickMult
2026-09-09T17:17:37.9741497Z              1/1     100.0%  field:config#config.combat-feel@1.impactFeel.blockShakeMult
2026-09-09T17:17:37.9743194Z              1/1     100.0%  field:config#config.combat-feel@1.impactFeel.exCamKickFloor
2026-09-09T17:17:37.9744648Z              1/1     100.0%  field:config#config.combat-feel@1.impactFeel.exFreezeTicks
2026-09-09T17:17:37.9745970Z              1/1     100.0%  field:config#config.combat-feel@1.impactFeel.exShakeCap
2026-09-09T17:17:37.9747247Z              1/1     100.0%  field:config#config.combat-feel@1.impactFeel.exShakeMult
2026-09-09T17:17:37.9748726Z              1/1     100.0%  field:config#config.combat-feel@1.impactFeel.hitstopCounterCap
2026-09-09T17:17:37.9750253Z              1/1     100.0%  field:config#config.combat-feel@1.impactFeel.hitstopPerImpact
2026-09-09T17:17:37.9752037Z              1/1     100.0%  field:config#config.combat-feel@1.impactFeel.hitstunAdvantage
2026-09-09T17:17:37.9753477Z              1/1     100.0%  field:config#config.combat-feel@1.impactFeel.hitstunPerImpact
2026-09-09T17:17:37.9754954Z              1/1     100.0%  field:config#config.combat-feel@1.impactFeel.knockdownTicks
2026-09-09T17:17:37.9756432Z              1/1     100.0%  field:config#config.combat-feel@1.impactFeel.tierHeavyImpact
2026-09-09T17:17:37.9757915Z              1/1     100.0%  field:config#config.combat-feel@1.impactFeel.tierMediumImpact
2026-09-09T17:17:37.9759094Z              1/1     100.0%  field:config#config.combat-feel@1.knockback
2026-09-09T17:17:37.9760183Z              1/1     100.0%  field:config#config.combat-feel@1.manualOrder
2026-09-09T17:17:37.9761711Z              1/1     100.0%  field:config#config.combat-feel@1.manualOrder.attackMoveNearestToCursor
2026-09-09T17:17:37.9786002Z              1/1     100.0%  field:config#config.combat-feel@1.manualOrder.idleAutoEngageSec
2026-09-09T17:17:37.9787745Z              1/1     100.0%  field:config#config.combat-feel@1.manualOrder.recoveryCancelOnOrder
2026-09-09T17:17:37.9789105Z              1/1     100.0%  field:config#config.combat-feel@1.moveFeel
2026-09-09T17:17:37.9790465Z              1/1     100.0%  field:config#config.combat-feel@1.moveFeel.accelTicks
2026-09-09T17:17:37.9791736Z              1/1     100.0%  field:config#config.combat-feel@1.moveFeel.autoRangeBuffer
2026-09-09T17:17:37.9793232Z              1/1     100.0%  field:config#config.combat-feel@1.moveFeel.avoidMargin
2026-09-09T17:17:37.9794574Z              1/1     100.0%  field:config#config.combat-feel@1.moveFeel.chaosRerollTicks
2026-09-09T17:17:37.9795884Z              1/1     100.0%  field:config#config.combat-feel@1.moveFeel.flowerClearance
2026-09-09T17:17:37.9797191Z              1/1     100.0%  field:config#config.combat-feel@1.moveFeel.holdFraction
2026-09-09T17:17:37.9798465Z              1/1     100.0%  field:config#config.combat-feel@1.moveFeel.whiffLungeDist
2026-09-09T17:17:37.9799700Z              1/1     100.0%  field:config#config.combat-feel@1.predictionHold
2026-09-09T17:17:37.9800955Z              1/1     100.0%  field:config#config.combat-feel@1.predictionHold.flags
2026-09-09T17:17:37.9802292Z              1/1     100.0%  field:config#config.combat-feel@1.standstill
2026-09-09T17:17:37.9803584Z              1/1     100.0%  field:config#config.combat-feel@1.standstill.closingRatio
2026-09-09T17:17:37.9805100Z              1/1     100.0%  field:config#config.combat-feel@1.standstill.legacyAbsoluteClosing
2026-09-09T17:17:37.9806564Z              1/1     100.0%  field:config#config.combat-feel@1.standstill.stillEps
2026-09-09T17:17:37.9807835Z              1/1     100.0%  field:config#config.combat-feel@1.stuckEscape
2026-09-09T17:17:37.9809164Z              1/1     100.0%  field:config#config.combat-feel@1.stuckEscape.anchorRadius
2026-09-09T17:17:37.9810514Z              1/1     100.0%  field:config#config.combat-feel@1.stuckEscape.enabled
2026-09-09T17:17:37.9811794Z              1/1     100.0%  field:config#config.combat-feel@1.stuckEscape.releaseSec
2026-09-09T17:17:37.9827946Z              1/1     100.0%  field:config#config.combat-feel@1.stuckEscape.thresholdSec
2026-09-09T17:17:37.9840258Z              1/1     100.0%  field:config#config.combo-strikes@1.families[].rhythmUnknownWhy
2026-09-09T17:17:37.9841800Z              1/1     100.0%  field:config#config.combo-strikes@1.families[].steps
2026-09-09T17:17:37.9843576Z              1/1     100.0%  field:config#config.combo-strikes@1.families[].strikes
2026-09-09T17:17:37.9845252Z              1/1     100.0%  field:config#config.combo-strikes@1.families[].unresolvedReason
2026-09-09T17:17:37.9846756Z              1/1     100.0%  field:config#config.combo-strikes@1.note
2026-09-09T17:17:37.9848080Z              1/1     100.0%  field:config#config.combo-strikes@1.stepSplit
2026-09-09T17:17:37.9849410Z              1/1     100.0%  field:config#config.content-load@1.note
2026-09-09T17:17:37.9851503Z              1/1     100.0%  field:config#config.controller-scheme@1.note
2026-09-09T17:17:37.9858666Z              1/1     100.0%  field:config#config.controller-scheme@1.schemes{}.aim.switchThreshold
2026-09-09T17:17:37.9859585Z              1/1     100.0%  field:config#config.controller-scheme@1.schemes{}.aim.weights
2026-09-09T17:17:37.9860567Z              1/1     100.0%  field:config#config.controller-scheme@1.schemes{}.autoFarm.idleDelaySecOverride
2026-09-09T17:17:37.9861629Z              1/1     100.0%  field:config#config.controller-scheme@1.schemes{}.autoFarm.pveOnlyWaiverReason
2026-09-09T17:17:37.9862733Z              1/1     100.0%  field:config#config.cooldown-rules@1.hookMinSeconds
2026-09-09T17:17:37.9863402Z              1/1     100.0%  field:config#config.cooldown-rules@1.note
2026-09-09T17:17:37.9864045Z              1/1     100.0%  field:config#config.cooldown-tiers@1.note
2026-09-09T17:17:37.9864632Z              1/1     100.0%  field:config#config.crit@1.note
2026-09-09T17:17:37.9865312Z              1/1     100.0%  field:config#config.damage-colors@1.blockFlashMode
2026-09-09T17:17:37.9865978Z              1/1     100.0%  field:config#config.damage-colors@1.note
2026-09-09T17:17:37.9866580Z              1/1     100.0%  field:config#config.damage-rules@1.note
2026-09-09T17:17:37.9867266Z              1/1     100.0%  field:config#config.damage-rules@1.oneShotPctOfMaxHp
2026-09-09T17:17:37.9867997Z              1/1     100.0%  field:config#config.damage-rules@1.spreadMaxTargetsCap
2026-09-09T17:17:37.9868723Z              1/1     100.0%  field:config#config.damage-tier-exemptions@1.note
2026-09-09T17:17:37.9869478Z              1/1     100.0%  field:config#config.damage-tier-exemptions@1.rules[].docs
2026-09-09T17:17:37.9870275Z              1/1     100.0%  field:config#config.damage-tier-exemptions@1.rules[].kinds
2026-09-09T17:17:37.9871080Z              1/1     100.0%  field:config#config.damage-tier-exemptions@1.rules[].maxFlat
2026-09-09T17:17:37.9872034Z              1/1     100.0%  field:config#config.damage-tier-exemptions@1.rules[].perTrigger
2026-09-09T17:17:37.9872869Z              1/1     100.0%  field:config#config.damage-tier-exemptions@1.rules[].zeroOnly
2026-09-09T17:17:37.9873552Z              1/1     100.0%  field:config#config.damage-tiers@1.note
2026-09-09T17:17:37.9874128Z              1/1     100.0%  field:config#config.dispel@1.note
2026-09-09T17:17:37.9875302Z              1/1     100.0%  field:config#config.displacement-tiers@1.markedBlink
2026-09-09T17:17:37.9876837Z              1/1     100.0%  field:config#config.displacement-tiers@1.markedBlink.enabled
2026-09-09T17:17:37.9878305Z              1/1     100.0%  field:config#config.displacement-tiers@1.markedBlink.requireOwnMark
2026-09-09T17:17:37.9879560Z              1/1     100.0%  field:config#config.displacement-tiers@1.note
2026-09-09T17:17:37.9880802Z              1/1     100.0%  field:config#config.displacement-tiers@1.wallBlock
2026-09-09T17:17:37.9882423Z              1/1     100.0%  field:config#config.displacement-tiers@1.wallBlock.flightExempt
2026-09-09T17:17:37.9883647Z              1/1     100.0%  field:config#config.feel-fx@1.castCharge
2026-09-09T17:17:37.9884988Z              1/1     100.0%  field:config#config.feel-fx@1.cooldownPredict
2026-09-09T17:17:37.9886013Z              1/1     100.0%  field:config#config.feel-fx@1.exDim
2026-09-09T17:17:37.9887038Z              1/1     100.0%  field:config#config.feel-fx@1.impactDebris
2026-09-09T17:17:37.9888221Z              1/1     100.0%  field:config#config.feel-fx@1.impactSmokeLifeScale
2026-09-09T17:17:37.9889294Z              1/1     100.0%  field:config#config.feel-fx@1.note
2026-09-09T17:17:37.9890448Z              1/1     100.0%  field:config#config.form-visuals@1.forms{}.attachBone
2026-09-09T17:17:37.9891778Z              1/1     100.0%  field:config#config.form-visuals@1.forms{}.attachModelKey
2026-09-09T17:17:37.9893508Z              1/1     100.0%  field:config#config.form-visuals@1.forms{}.attachOffsetY
2026-09-09T17:17:37.9895253Z              1/1     100.0%  field:config#config.form-visuals@1.forms{}.attachScale
2026-09-09T17:17:37.9896762Z              1/1     100.0%  field:config#config.form-visuals@1.forms{}.note
2026-09-09T17:17:37.9898174Z              1/1     100.0%  field:config#config.form-visuals@1.forms{}.scaleMult
2026-09-09T17:17:37.9899556Z              1/1     100.0%  field:config#config.form-visuals@1.forms{}.tint
2026-09-09T17:17:37.9900852Z              1/1     100.0%  field:config#config.form-visuals@1.note
2026-09-09T17:17:37.9902448Z              1/1     100.0%  field:config#config.form-visuals@1.statusStrength
2026-09-09T17:17:37.9903745Z              1/1     100.0%  field:config#config.form-visuals@1.statuses
2026-09-09T17:17:37.9904987Z              1/1     100.0%  field:config#config.gamepad@1.note
2026-09-09T17:17:37.9906113Z              1/1     100.0%  field:config#config.hud-layout@1.note
2026-09-09T17:17:37.9907259Z              1/1     100.0%  field:config#config.icon-style@1.loras
2026-09-09T17:17:37.9930585Z              1/1     100.0%  field:config#config.icon-style@1.note
2026-09-09T17:17:37.9931691Z              1/1     100.0%  field:config#config.icon-upload@1.note
2026-09-09T17:17:37.9933209Z              1/1     100.0%  field:config#config.item-card@1.iconFillPct
2026-09-09T17:17:37.9934451Z              1/1     100.0%  field:config#config.item-card@1.note
2026-09-09T17:17:37.9935632Z              1/1     100.0%  field:config#config.lobby-layout@1.note
2026-09-09T17:17:37.9936872Z              1/1     100.0%  field:config#config.lobby-rally@1.note
2026-09-09T17:17:37.9938130Z              1/1     100.0%  field:config#config.mana-economy@1.note
2026-09-09T17:17:37.9939324Z              1/1     100.0%  field:config#config.mana-tiers@1.note
2026-09-09T17:17:37.9940466Z              1/1     100.0%  field:config#config.map-report@1.note
2026-09-09T17:17:37.9941678Z              1/1     100.0%  field:config#config.map-spec@1.cornerLabel
2026-09-09T17:17:37.9943158Z              1/1     100.0%  field:config#config.map-spec@1.intro
2026-09-09T17:17:37.9944194Z              1/1     100.0%  field:config#config.map-spec@1.nav
2026-09-09T17:17:37.9945469Z              1/1     100.0%  field:config#config.map-spec@1.nav.minSpawnRoomBodyRadii
2026-09-09T17:17:37.9946651Z              1/1     100.0%  field:config#config.map-spec@1.note
2026-09-09T17:17:37.9947737Z              1/1     100.0%  field:config#config.map-spec@1.spawn
2026-09-09T17:17:37.9948843Z              1/1     100.0%  field:config#config.mitigation@1.note
2026-09-09T17:17:37.9950058Z              1/1     100.0%  field:config#config.model-lod@1.adaptiveCostMode
2026-09-09T17:17:37.9951200Z              1/1     100.0%  field:config#config.model-lod@1.note
2026-09-09T17:17:37.9982833Z              1/1     100.0%  field:config#config.model-lod@1.platformPolicy
2026-09-09T17:17:37.9984399Z              1/1     100.0%  field:config#config.model-lod@1.platformPolicy.minDevice
2026-09-09T17:17:37.9985942Z              1/1     100.0%  field:config#config.model-lod@1.platformPolicy.phone
2026-09-09T17:17:37.9987507Z              1/1     100.0%  field:config#config.model-lod@1.platformPolicy.phoneHardBlock
2026-09-09T17:17:37.9989571Z              1/1     100.0%  field:config#config.model-lod@1.platformPolicy.phoneShortEdgePx
2026-09-09T17:17:37.9991228Z              1/1     100.0%  field:config#config.model-lod@1.platformPolicy.tabletFpsCap
2026-09-09T17:17:37.9993025Z              1/1     100.0%  field:config#config.move-speed-tiers@1.exemptions[].id
2026-09-09T17:17:37.9994573Z              1/1     100.0%  field:config#config.move-speed-tiers@1.exemptions[].op
2026-09-09T17:17:38.0008315Z              1/1     100.0%  field:config#config.move-speed-tiers@1.note
2026-09-09T17:17:38.0009602Z              1/1     100.0%  field:config#config.new-hero-checks@1.note
2026-09-09T17:17:38.0010753Z              1/1     100.0%  field:config#config.one-shot-clamp@1.note
2026-09-09T17:17:38.0012240Z              1/1     100.0%  field:config#config.origin-routes@1.note
2026-09-09T17:17:38.0013585Z              1/1     100.0%  field:config#config.owner-knobs@1.note
2026-09-09T17:17:38.0014812Z              1/1     100.0%  field:config#config.per-level-bonus@1.note
2026-09-09T17:17:38.0015961Z              1/1     100.0%  field:config#config.practice@1.note
2026-09-09T17:17:38.0017068Z              1/1     100.0%  field:config#config.range-guide@1.note
2026-09-09T17:17:38.0018177Z              1/1     100.0%  field:config#config.range-tiers@1.note
2026-09-09T17:17:38.0019303Z              1/1     100.0%  field:config#config.rank-growth@1.note
2026-09-09T17:17:38.0020395Z              1/1     100.0%  field:config#config.regen@1.note
2026-09-09T17:17:38.0021455Z              1/1     100.0%  field:config#config.replay@1.note
2026-09-09T17:17:38.0022877Z              1/1     100.0%  field:config#config.review-tuning@1.note
2026-09-09T17:17:38.0024139Z              1/1     100.0%  field:config#config.roster@1.hiddenChampions
2026-09-09T17:17:38.0025599Z              1/1     100.0%  field:config#config.roster@1.hiddenChampionsInMobPool
2026-09-09T17:17:38.0026823Z              1/1     100.0%  field:config#config.roster@1.note
2026-09-09T17:17:38.0027968Z              1/1     100.0%  field:config#config.screen-fx@1.note
2026-09-09T17:17:38.0029009Z              1/1     100.0%  field:config#config.shield@1.note
2026-09-09T17:17:38.0030252Z              1/1     100.0%  field:config#config.shield@1.spellWardBlocksWholeCast
2026-09-09T17:17:38.0031465Z              1/1     100.0%  field:config#config.skill-normalize@1.note
2026-09-09T17:17:38.0065254Z              1/1     100.0%  field:config#config.speed-growth-tiers@1.note
2026-09-09T17:17:38.0066468Z              1/1     100.0%  field:config#config.stat-caps@1.caps.ad
2026-09-09T17:17:38.0067592Z              1/1     100.0%  field:config#config.stat-caps@1.caps.ap
2026-09-09T17:17:38.0068732Z              1/1     100.0%  field:config#config.stat-caps@1.caps.armor
2026-09-09T17:17:38.0069857Z              1/1     100.0%  field:config#config.stat-caps@1.caps.as
2026-09-09T17:17:38.0070977Z              1/1     100.0%  field:config#config.stat-caps@1.caps.cdr
2026-09-09T17:17:38.0072461Z              1/1     100.0%  field:config#config.stat-caps@1.caps.healthRegen
2026-09-09T17:17:38.0073692Z              1/1     100.0%  field:config#config.stat-caps@1.caps.lifesteal
2026-09-09T17:17:38.0074933Z              1/1     100.0%  field:config#config.stat-caps@1.caps.manaRegen
2026-09-09T17:17:38.0076277Z              1/1     100.0%  field:config#config.stat-caps@1.caps.maxHealth
2026-09-09T17:17:38.0077494Z              1/1     100.0%  field:config#config.stat-caps@1.caps.maxMana
2026-09-09T17:17:38.0078636Z              1/1     100.0%  field:config#config.stat-caps@1.caps.mr
2026-09-09T17:17:38.0079778Z              1/1     100.0%  field:config#config.stat-caps@1.caps.ms
2026-09-09T17:17:38.0080911Z              1/1     100.0%  field:config#config.stat-caps@1.caps.range
2026-09-09T17:17:38.0082551Z              1/1     100.0%  field:config#config.stat-normalization@1.bandsByScale.range
2026-09-09T17:17:38.0084546Z              1/1     100.0%  field:config#config.stat-normalization@1.byOrigin.ad.坦克
2026-09-09T17:17:38.0086626Z              1/1     100.0%  field:config#config.stat-normalization@1.byOrigin.ad.射手
2026-09-09T17:17:38.0088341Z              1/1     100.0%  field:config#config.stat-normalization@1.byOrigin.ad.法刺
2026-09-09T17:17:38.0089916Z              1/1     100.0%  field:config#config.stat-normalization@1.byOrigin.ad.法師
2026-09-09T17:17:38.0091600Z              1/1     100.0%  field:config#config.stat-normalization@1.byOrigin.ad.法鬥
2026-09-09T17:17:38.0107678Z              1/1     100.0%  field:config#config.stat-normalization@1.byOrigin.ad.狂戰
2026-09-09T17:17:38.0109429Z              1/1     100.0%  field:config#config.stat-normalization@1.byOrigin.ad.砲手
2026-09-09T17:17:38.0111093Z              1/1     100.0%  field:config#config.stat-normalization@1.byOrigin.ad.硬輔
2026-09-09T17:17:38.0113083Z              1/1     100.0%  field:config#config.stat-normalization@1.byOrigin.ad.軟輔
2026-09-09T17:17:38.0115059Z              1/1     100.0%  field:config#config.stat-normalization@1.byOrigin.ad.鬥士
2026-09-09T17:17:38.0116609Z              1/1     100.0%  field:config#config.stat-normalization@1.byOrigin.ap.坦克
2026-09-09T17:17:38.0126269Z              1/1     100.0%  field:config#config.stat-normalization@1.byOrigin.ap.射手
2026-09-09T17:17:38.0130578Z              1/1     100.0%  field:config#config.stat-normalization@1.byOrigin.ap.法刺
2026-09-09T17:17:38.0156741Z              1/1     100.0%  field:config#config.stat-normalization@1.byOrigin.ap.法師
2026-09-09T17:17:38.0158467Z              1/1     100.0%  field:config#config.stat-normalization@1.byOrigin.ap.法鬥
2026-09-09T17:17:38.0160243Z              1/1     100.0%  field:config#config.stat-normalization@1.byOrigin.ap.狂戰
2026-09-09T17:17:38.0161836Z              1/1     100.0%  field:config#config.stat-normalization@1.byOrigin.ap.砲手
2026-09-09T17:17:38.0194141Z              1/1     100.0%  field:config#config.stat-normalization@1.byOrigin.ap.硬輔
2026-09-09T17:17:38.0195962Z              1/1     100.0%  field:config#config.stat-normalization@1.byOrigin.ap.軟輔
2026-09-09T17:17:38.0197748Z              1/1     100.0%  field:config#config.stat-normalization@1.byOrigin.ap.鬥士
2026-09-09T17:17:38.0199488Z              1/1     100.0%  field:config#config.stat-normalization@1.byOrigin.armor.坦克
2026-09-09T17:17:38.0201319Z              1/1     100.0%  field:config#config.stat-normalization@1.byOrigin.armor.射手
2026-09-09T17:17:38.0203352Z              1/1     100.0%  field:config#config.stat-normalization@1.byOrigin.armor.法刺
2026-09-09T17:17:38.0205111Z              1/1     100.0%  field:config#config.stat-normalization@1.byOrigin.armor.法師
2026-09-09T17:17:38.0206820Z              1/1     100.0%  field:config#config.stat-normalization@1.byOrigin.armor.法鬥
2026-09-09T17:17:38.0208428Z              1/1     100.0%  field:config#config.stat-normalization@1.byOrigin.armor.狂戰
2026-09-09T17:17:38.0209994Z              1/1     100.0%  field:config#config.stat-normalization@1.byOrigin.armor.砲手
2026-09-09T17:17:38.0211622Z              1/1     100.0%  field:config#config.stat-normalization@1.byOrigin.armor.硬輔
2026-09-09T17:17:38.0213500Z              1/1     100.0%  field:config#config.stat-normalization@1.byOrigin.armor.軟輔
2026-09-09T17:17:38.0215206Z              1/1     100.0%  field:config#config.stat-normalization@1.byOrigin.armor.鬥士
2026-09-09T17:17:38.0216887Z              1/1     100.0%  field:config#config.stat-normalization@1.byOrigin.as.坦克
2026-09-09T17:17:38.0218465Z              1/1     100.0%  field:config#config.stat-normalization@1.byOrigin.as.射手
2026-09-09T17:17:38.0220005Z              1/1     100.0%  field:config#config.stat-normalization@1.byOrigin.as.法刺
2026-09-09T17:17:38.0221461Z              1/1     100.0%  field:config#config.stat-normalization@1.byOrigin.as.法師
2026-09-09T17:17:38.0229860Z              1/1     100.0%  field:config#config.stat-normalization@1.byOrigin.as.法鬥
2026-09-09T17:17:38.0231399Z              1/1     100.0%  field:config#config.stat-normalization@1.byOrigin.as.狂戰
2026-09-09T17:17:38.0233347Z              1/1     100.0%  field:config#config.stat-normalization@1.byOrigin.as.砲手
2026-09-09T17:17:38.0235550Z              1/1     100.0%  field:config#config.stat-normalization@1.byOrigin.as.硬輔
2026-09-09T17:17:38.0237267Z              1/1     100.0%  field:config#config.stat-normalization@1.byOrigin.as.軟輔
2026-09-09T17:17:38.0238984Z              1/1     100.0%  field:config#config.stat-normalization@1.byOrigin.as.鬥士
2026-09-09T17:17:38.0240839Z              1/1     100.0%  field:config#config.stat-normalization@1.byOrigin.healthRegen.坦克
2026-09-09T17:17:38.0243016Z              1/1     100.0%  field:config#config.stat-normalization@1.byOrigin.healthRegen.射手
2026-09-09T17:17:38.0244930Z              1/1     100.0%  field:config#config.stat-normalization@1.byOrigin.healthRegen.法刺
2026-09-09T17:17:38.0246857Z              1/1     100.0%  field:config#config.stat-normalization@1.byOrigin.healthRegen.法師
2026-09-09T17:17:38.0249068Z              1/1     100.0%  field:config#config.stat-normalization@1.byOrigin.healthRegen.法鬥
2026-09-09T17:17:38.0251028Z              1/1     100.0%  field:config#config.stat-normalization@1.byOrigin.healthRegen.狂戰
2026-09-09T17:17:38.0253177Z              1/1     100.0%  field:config#config.stat-normalization@1.byOrigin.healthRegen.砲手
2026-09-09T17:17:38.0255078Z              1/1     100.0%  field:config#config.stat-normalization@1.byOrigin.healthRegen.硬輔
2026-09-09T17:17:38.0256992Z              1/1     100.0%  field:config#config.stat-normalization@1.byOrigin.healthRegen.軟輔
2026-09-09T17:17:38.0258888Z              1/1     100.0%  field:config#config.stat-normalization@1.byOrigin.healthRegen.鬥士
2026-09-09T17:17:38.0260790Z              1/1     100.0%  field:config#config.stat-normalization@1.byOrigin.manaRegen.坦克
2026-09-09T17:17:38.0262670Z              1/1     100.0%  field:config#config.stat-normalization@1.byOrigin.manaRegen.射手
2026-09-09T17:17:38.0264312Z              1/1     100.0%  field:config#config.stat-normalization@1.byOrigin.manaRegen.法刺
2026-09-09T17:17:38.0265986Z              1/1     100.0%  field:config#config.stat-normalization@1.byOrigin.manaRegen.法師
2026-09-09T17:17:38.0267706Z              1/1     100.0%  field:config#config.stat-normalization@1.byOrigin.manaRegen.法鬥
2026-09-09T17:17:38.0269396Z              1/1     100.0%  field:config#config.stat-normalization@1.byOrigin.manaRegen.狂戰
2026-09-09T17:17:38.0271065Z              1/1     100.0%  field:config#config.stat-normalization@1.byOrigin.manaRegen.砲手
2026-09-09T17:17:38.0272979Z              1/1     100.0%  field:config#config.stat-normalization@1.byOrigin.manaRegen.硬輔
2026-09-09T17:17:38.0274659Z              1/1     100.0%  field:config#config.stat-normalization@1.byOrigin.manaRegen.軟輔
2026-09-09T17:17:38.0276345Z              1/1     100.0%  field:config#config.stat-normalization@1.byOrigin.manaRegen.鬥士
2026-09-09T17:17:38.0278034Z              1/1     100.0%  field:config#config.stat-normalization@1.byOrigin.maxHealth.坦克
2026-09-09T17:17:38.0279710Z              1/1     100.0%  field:config#config.stat-normalization@1.byOrigin.maxHealth.射手
2026-09-09T17:17:38.0281649Z              1/1     100.0%  field:config#config.stat-normalization@1.byOrigin.maxHealth.法刺
2026-09-09T17:17:38.0283716Z              1/1     100.0%  field:config#config.stat-normalization@1.byOrigin.maxHealth.法師
2026-09-09T17:17:38.0285602Z              1/1     100.0%  field:config#config.stat-normalization@1.byOrigin.maxHealth.法鬥
2026-09-09T17:17:38.0287478Z              1/1     100.0%  field:config#config.stat-normalization@1.byOrigin.maxHealth.狂戰
2026-09-09T17:17:38.0289363Z              1/1     100.0%  field:config#config.stat-normalization@1.byOrigin.maxHealth.砲手
2026-09-09T17:17:38.0291246Z              1/1     100.0%  field:config#config.stat-normalization@1.byOrigin.maxHealth.硬輔
2026-09-09T17:17:38.0293359Z              1/1     100.0%  field:config#config.stat-normalization@1.byOrigin.maxHealth.軟輔
2026-09-09T17:17:38.0295249Z              1/1     100.0%  field:config#config.stat-normalization@1.byOrigin.maxHealth.鬥士
2026-09-09T17:17:38.0297436Z              1/1     100.0%  field:config#config.stat-normalization@1.byOrigin.maxMana.坦克
2026-09-09T17:17:38.0299361Z              1/1     100.0%  field:config#config.stat-normalization@1.byOrigin.maxMana.射手
2026-09-09T17:17:38.0301248Z              1/1     100.0%  field:config#config.stat-normalization@1.byOrigin.maxMana.法刺
2026-09-09T17:17:38.0303325Z              1/1     100.0%  field:config#config.stat-normalization@1.byOrigin.maxMana.法師
2026-09-09T17:17:38.0305174Z              1/1     100.0%  field:config#config.stat-normalization@1.byOrigin.maxMana.法鬥
2026-09-09T17:17:38.0306940Z              1/1     100.0%  field:config#config.stat-normalization@1.byOrigin.maxMana.狂戰
2026-09-09T17:17:38.0308579Z              1/1     100.0%  field:config#config.stat-normalization@1.byOrigin.maxMana.砲手
2026-09-09T17:17:38.0310197Z              1/1     100.0%  field:config#config.stat-normalization@1.byOrigin.maxMana.硬輔
2026-09-09T17:17:38.0311870Z              1/1     100.0%  field:config#config.stat-normalization@1.byOrigin.maxMana.軟輔
2026-09-09T17:17:38.0313796Z              1/1     100.0%  field:config#config.stat-normalization@1.byOrigin.maxMana.鬥士
2026-09-09T17:17:38.0315492Z              1/1     100.0%  field:config#config.stat-normalization@1.byOrigin.mr.坦克
2026-09-09T17:17:38.0317027Z              1/1     100.0%  field:config#config.stat-normalization@1.byOrigin.mr.射手
2026-09-09T17:17:38.0318550Z              1/1     100.0%  field:config#config.stat-normalization@1.byOrigin.mr.法刺
2026-09-09T17:17:38.0320059Z              1/1     100.0%  field:config#config.stat-normalization@1.byOrigin.mr.法師
2026-09-09T17:17:38.0321581Z              1/1     100.0%  field:config#config.stat-normalization@1.byOrigin.mr.法鬥
2026-09-09T17:17:38.0323328Z              1/1     100.0%  field:config#config.stat-normalization@1.byOrigin.mr.狂戰
2026-09-09T17:17:38.0324869Z              1/1     100.0%  field:config#config.stat-normalization@1.byOrigin.mr.砲手
2026-09-09T17:17:38.0326378Z              1/1     100.0%  field:config#config.stat-normalization@1.byOrigin.mr.硬輔
2026-09-09T17:17:38.0327885Z              1/1     100.0%  field:config#config.stat-normalization@1.byOrigin.mr.軟輔
2026-09-09T17:17:38.0329364Z              1/1     100.0%  field:config#config.stat-normalization@1.byOrigin.mr.鬥士
2026-09-09T17:17:38.0330859Z              1/1     100.0%  field:config#config.stat-normalization@1.byOrigin.ms.坦克
2026-09-09T17:17:38.0332613Z              1/1     100.0%  field:config#config.stat-normalization@1.byOrigin.ms.射手
2026-09-09T17:17:38.0334320Z              1/1     100.0%  field:config#config.stat-normalization@1.byOrigin.ms.法刺
2026-09-09T17:17:38.0336057Z              1/1     100.0%  field:config#config.stat-normalization@1.byOrigin.ms.法師
2026-09-09T17:17:38.0337809Z              1/1     100.0%  field:config#config.stat-normalization@1.byOrigin.ms.法鬥
2026-09-09T17:17:38.0339530Z              1/1     100.0%  field:config#config.stat-normalization@1.byOrigin.ms.狂戰
2026-09-09T17:17:38.0341272Z              1/1     100.0%  field:config#config.stat-normalization@1.byOrigin.ms.砲手
2026-09-09T17:17:38.0343565Z              1/1     100.0%  field:config#config.stat-normalization@1.byOrigin.ms.硬輔
2026-09-09T17:17:38.0345285Z              1/1     100.0%  field:config#config.stat-normalization@1.byOrigin.ms.軟輔
2026-09-09T17:17:38.0347023Z              1/1     100.0%  field:config#config.stat-normalization@1.byOrigin.ms.鬥士
2026-09-09T17:17:38.0348806Z              1/1     100.0%  field:config#config.stat-normalization@1.byOrigin.range.坦克
2026-09-09T17:17:38.0350608Z              1/1     100.0%  field:config#config.stat-normalization@1.byOrigin.range.射手
2026-09-09T17:17:38.0352629Z              1/1     100.0%  field:config#config.stat-normalization@1.byOrigin.range.法刺
2026-09-09T17:17:38.0354436Z              1/1     100.0%  field:config#config.stat-normalization@1.byOrigin.range.法師
2026-09-09T17:17:38.0356225Z              1/1     100.0%  field:config#config.stat-normalization@1.byOrigin.range.法鬥
2026-09-09T17:17:38.0358108Z              1/1     100.0%  field:config#config.stat-normalization@1.byOrigin.range.狂戰
2026-09-09T17:17:38.0359716Z              1/1     100.0%  field:config#config.stat-normalization@1.byOrigin.range.砲手
2026-09-09T17:17:38.0361296Z              1/1     100.0%  field:config#config.stat-normalization@1.byOrigin.range.硬輔
2026-09-09T17:17:38.0363133Z              1/1     100.0%  field:config#config.stat-normalization@1.byOrigin.range.軟輔
2026-09-09T17:17:38.0364919Z              1/1     100.0%  field:config#config.stat-normalization@1.byOrigin.range.鬥士
2026-09-09T17:17:38.0366369Z              1/1     100.0%  field:config#config.stat-normalization@1.note
2026-09-09T17:17:38.0367864Z              1/1     100.0%  field:config#config.stat-normalization@1.roleFromOrigin
2026-09-09T17:17:38.0369408Z              1/1     100.0%  field:config#config.stat-normalization@1.scaleByOrigin.range
2026-09-09T17:17:38.0371147Z              1/1     100.0%  field:config#config.stat-normalization@1.scaleByOrigin.range.坦克
2026-09-09T17:17:38.0373128Z              1/1     100.0%  field:config#config.stat-normalization@1.scaleByOrigin.range.射手
2026-09-09T17:17:38.0374957Z              1/1     100.0%  field:config#config.stat-normalization@1.scaleByOrigin.range.法刺
2026-09-09T17:17:38.0376724Z              1/1     100.0%  field:config#config.stat-normalization@1.scaleByOrigin.range.法師
2026-09-09T17:17:38.0378408Z              1/1     100.0%  field:config#config.stat-normalization@1.scaleByOrigin.range.法鬥
2026-09-09T17:17:38.0380154Z              1/1     100.0%  field:config#config.stat-normalization@1.scaleByOrigin.range.狂戰
2026-09-09T17:17:38.0382257Z              1/1     100.0%  field:config#config.stat-normalization@1.scaleByOrigin.range.砲手
2026-09-09T17:17:38.0384187Z              1/1     100.0%  field:config#config.stat-normalization@1.scaleByOrigin.range.硬輔
2026-09-09T17:17:38.0386048Z              1/1     100.0%  field:config#config.stat-normalization@1.scaleByOrigin.range.軟輔
2026-09-09T17:17:38.0387982Z              1/1     100.0%  field:config#config.stat-normalization@1.scaleByOrigin.range.鬥士
2026-09-09T17:17:38.0389645Z              1/1     100.0%  field:config#config.stat-normalization@1.transformInheritsOrigin
2026-09-09T17:17:38.0391013Z              1/1     100.0%  field:config#config.stealth@1.note
2026-09-09T17:17:38.0397962Z              1/1     100.0%  field:config#config.store@1.crystalRewards
2026-09-09T17:17:38.0399282Z              1/1     100.0%  field:config#config.store@1.crystalRewards.base
2026-09-09T17:17:38.0400713Z              1/1     100.0%  field:config#config.store@1.crystalRewards.maxMultiplier
2026-09-09T17:17:38.0402416Z              1/1     100.0%  field:config#config.store@1.crystalRewards.minHumans
2026-09-09T17:17:38.0403755Z              1/1     100.0%  field:config#config.store@1.crystalRewards.offset
2026-09-09T17:17:38.0405038Z              1/1     100.0%  field:config#config.store@1.randomPickOwnership
2026-09-09T17:17:38.0406122Z              1/1     100.0%  field:config#config.taunt@1.note
2026-09-09T17:17:38.0407252Z              1/1     100.0%  field:config#config.toggle-ability@1.note
2026-09-09T17:17:38.0408662Z              1/1     100.0%  field:config#config.ugc@1.note
2026-09-09T17:17:38.0409781Z              1/1     100.0%  field:config#config.ui-cues@1.commsWheel
2026-09-09T17:17:38.0411014Z              1/1     100.0%  field:config#config.ui-cues@1.draftShowStatPath
2026-09-09T17:17:38.0412577Z              1/1     100.0%  field:config#config.ui-cues@1.lobbyStore
2026-09-09T17:17:38.0413883Z              1/1     100.0%  field:config#config.ui-cues@1.lobbyStore.champions
2026-09-09T17:17:38.0415287Z              1/1     100.0%  field:config#config.ui-cues@1.lobbyStore.skins
2026-09-09T17:17:38.0416627Z              1/1     100.0%  field:config#config.ui-cues@1.mouseTwoStageCast
2026-09-09T17:17:38.0417855Z              1/1     100.0%  field:config#config.ui-cues@1.note
2026-09-09T17:17:38.0419037Z              1/1     100.0%  field:config#config.ui-cues@1.playerContent
2026-09-09T17:17:38.0420514Z              1/1     100.0%  field:config#config.ui-lexicon@1.note
2026-09-09T17:17:38.0421876Z              1/1     100.0%  field:config#config.unit-tints@1.transient[].alpha
2026-09-09T17:17:38.0423842Z              1/1     100.0%  field:config#config.unit-tints@1.transient[].erasesStaticTint
2026-09-09T17:17:38.0425315Z              1/1     100.0%  field:config#config.unit-tints@1.transient[].tint
2026-09-09T17:17:38.0426715Z              1/1     100.0%  field:config#config.unit-tints@1.units{}.championId
2026-09-09T17:17:38.0428028Z              1/1     100.0%  field:config#config.unit-tints@1.units{}.tint
2026-09-09T17:17:38.0429264Z              1/1     100.0%  field:config#config.unsafe-textures@1.note
2026-09-09T17:17:38.0430497Z              1/1     100.0%  field:config#config.valhalla-sandbox@1.note
2026-09-09T17:17:38.0431878Z              1/1     100.0%  field:config#config.vfx-ability-art@1.bindings{}.family
2026-09-09T17:17:38.0433711Z              1/1     100.0%  field:config#config.vfx-ability-art@1.bindings{}.family.anchor
2026-09-09T17:17:38.0435411Z              1/1     100.0%  field:config#config.vfx-ability-art@1.bindings{}.family.flyHeight
2026-09-09T17:17:38.0437159Z              1/1     100.0%  field:config#config.vfx-ability-art@1.bindings{}.family.paramSource
2026-09-09T17:17:38.0438781Z              1/1     100.0%  field:config#config.vfx-ability-art@1.bindings{}.family.scale
2026-09-09T17:17:38.0440412Z              1/1     100.0%  field:config#config.vfx-ability-art@1.bindings{}.family.tint
2026-09-09T17:17:38.0442213Z              1/1     100.0%  field:config#config.vfx-ability-art@1.bindings{}.owner
2026-09-09T17:17:38.0443863Z              1/1     100.0%  field:config#config.vfx-ability-art@1.bindings{}.owner.family
2026-09-09T17:17:38.0445454Z              1/1     100.0%  field:config#config.vfx-ability-art@1.bindings{}.prim
2026-09-09T17:17:38.0447048Z              1/1     100.0%  field:config#config.vfx-ability-art@1.bindings{}.prim.size
2026-09-09T17:17:38.0448677Z              1/1     100.0%  field:config#config.vfx-ability-art@1.bindings{}.promoted
2026-09-09T17:17:38.0450319Z              1/1     100.0%  field:config#config.vfx-budget@1.additiveOverflowBrightness
2026-09-09T17:17:38.0452126Z              1/1     100.0%  field:config#config.vfx-budget@1.maxConcurrentAdditive
2026-09-09T17:17:38.0453581Z              1/1     100.0%  field:config#config.vfx-budget@1.note
2026-09-09T17:17:38.0454982Z              1/1     100.0%  field:config#config.vfx-cleanup@1.castMoteEmitShare
2026-09-09T17:17:38.0456366Z              1/1     100.0%  field:config#config.vfx-cleanup@1.deathFxBurnSec
2026-09-09T17:17:38.0457769Z              1/1     100.0%  field:config#config.vfx-cleanup@1.deathFxCalmScale
2026-09-09T17:17:38.0459211Z              1/1     100.0%  field:config#config.vfx-cleanup@1.deathFxRelightOnChannel
2026-09-09T17:17:38.0460630Z              1/1     100.0%  field:config#config.vfx-cleanup@1.emitterSweepSec
2026-09-09T17:17:38.0462367Z              1/1     100.0%  field:config#config.vfx-cleanup@1.fxTintEmissiveFloor
2026-09-09T17:17:38.0464246Z              1/1     100.0%  field:config#config.vfx-cleanup@1.groundTextureCacheMax
2026-09-09T17:17:38.0465919Z              1/1     100.0%  field:config#config.vfx-cleanup@1.groundTextureCacheMaxMobile
2026-09-09T17:17:38.0467569Z              1/1     100.0%  field:config#config.vfx-cleanup@1.lifecycleGrowthMinDelta
2026-09-09T17:17:38.0469158Z              1/1     100.0%  field:config#config.vfx-cleanup@1.lifecycleLedgerEnabled
2026-09-09T17:17:38.0470695Z              1/1     100.0%  field:config#config.vfx-cleanup@1.lifecycleMaxAgeSec
2026-09-09T17:17:38.0472455Z              1/1     100.0%  field:config#config.vfx-cleanup@1.lifecycleRoundHistory
2026-09-09T17:17:38.0473981Z              1/1     100.0%  field:config#config.vfx-cleanup@1.lifecycleSampleSec
2026-09-09T17:17:38.0475453Z              1/1     100.0%  field:config#config.vfx-cleanup@1.maxActiveRibbons
2026-09-09T17:17:38.0477209Z              1/1     100.0%  field:config#config.vfx-cleanup@1.maxOneShotEmitters
2026-09-09T17:17:38.0478702Z              1/1     100.0%  field:config#config.vfx-cleanup@1.note
2026-09-09T17:17:38.0480219Z              1/1     100.0%  field:config#config.vfx-cleanup@1.purgeImpactPoolOnRoundEnd
2026-09-09T17:17:38.0481850Z              1/1     100.0%  field:config#config.vfx-cleanup@1.purgeVictoryFxOnCombatStart
2026-09-09T17:17:38.0483616Z              1/1     100.0%  field:config#config.vfx-cleanup@1.ribbonFadeBudgetSec
2026-09-09T17:17:38.0485032Z              1/1     100.0%  field:config#config.vfx-cleanup@1.roundPurgeMode
2026-09-09T17:17:38.0486457Z              1/1     100.0%  field:config#config.vfx-cleanup@1.stockGlowAdditive
2026-09-09T17:17:38.0500972Z              1/1     100.0%  field:config#config.vfx-cleanup@1.vfxDissipateMaxSec
2026-09-09T17:17:38.0502828Z              1/1     100.0%  field:config#config.vfx-cleanup@1.vfxFadeOutMaxSec
2026-09-09T17:17:38.0504457Z              1/1     100.0%  field:config#config.vfx-cleanup@1.vfxHardCapExemptPrefixes
2026-09-09T17:17:38.0506018Z              1/1     100.0%  field:config#config.vfx-cleanup@1.vfxHardCapScope
2026-09-09T17:17:38.0507500Z              1/1     100.0%  field:config#config.vfx-cleanup@1.vfxHardMaxLifeSec
2026-09-09T17:17:38.0509026Z              1/1     100.0%  field:config#config.vfx-families@1.abilities{}.anchor
2026-09-09T17:17:38.0510532Z              1/1     100.0%  field:config#config.vfx-families@1.abilities{}.family
2026-09-09T17:17:38.0512325Z              1/1     100.0%  field:config#config.vfx-families@1.abilities{}.flyHeight
2026-09-09T17:17:38.0513947Z              1/1     100.0%  field:config#config.vfx-families@1.abilities{}.pitchDeg
2026-09-09T17:17:38.0515485Z              1/1     100.0%  field:config#config.vfx-families@1.abilities{}.soundGain
2026-09-09T17:17:38.0517101Z              1/1     100.0%  field:config#config.vfx-families@1.abilities{}.soundImpact
2026-09-09T17:17:38.0518732Z              1/1     100.0%  field:config#config.vfx-families@1.abilities{}.soundLaunch
2026-09-09T17:17:38.0520273Z              1/1     100.0%  field:config#config.vfx-families@1.abilities{}.tint
2026-09-09T17:17:38.0521807Z              1/1     100.0%  field:config#config.vfx-families@1.abilities{}.w3xScale
2026-09-09T17:17:38.0523616Z              1/1     100.0%  field:config#config.vfx-families@1.beamAngleDeg
2026-09-09T17:17:38.0525054Z              1/1     100.0%  field:config#config.vfx-families@1.beamPitchDeg
2026-09-09T17:17:38.0526422Z              1/1     100.0%  field:config#config.vfx-families@1.boltAngleDeg
2026-09-09T17:17:38.0527928Z              1/1     100.0%  field:config#config.vfx-families@1.boltPitchDeg
2026-09-09T17:17:38.0529270Z              1/1     100.0%  field:config#config.vfx-families@1.castArcs
2026-09-09T17:17:38.0530713Z              1/1     100.0%  field:config#config.vfx-families@1.castHeightSource
2026-09-09T17:17:38.0532371Z              1/1     100.0%  field:config#config.vfx-families@1.dashAngleDeg
2026-09-09T17:17:38.0533812Z              1/1     100.0%  field:config#config.vfx-families@1.dashPitchDeg
2026-09-09T17:17:38.0535583Z              1/1     100.0%  field:config#config.vfx-families@1.families{}.groundDecal
2026-09-09T17:17:38.0537201Z              1/1     100.0%  field:config#config.vfx-families@1.families{}.soundDissipate
2026-09-09T17:17:38.0538763Z              1/1     100.0%  field:config#config.vfx-families@1.families{}.soundImpact
2026-09-09T17:17:38.0540329Z              1/1     100.0%  field:config#config.vfx-families@1.families{}.soundLaunch
2026-09-09T17:17:38.0541878Z              1/1     100.0%  field:config#config.vfx-families@1.families{}.soundLoop
2026-09-09T17:17:38.0543718Z              1/1     100.0%  field:config#config.vfx-families@1.familyPitchDefaults
2026-09-09T17:17:38.0545213Z              1/1     100.0%  field:config#config.vfx-families@1.impactRingAlpha
2026-09-09T17:17:38.0546703Z              1/1     100.0%  field:config#config.vfx-families@1.impactRingFadePow
2026-09-09T17:17:38.0548378Z              1/1     100.0%  field:config#config.vfx-families@1.impactRingLife
2026-09-09T17:17:38.0549938Z              1/1     100.0%  field:config#config.vfx-families@1.impactRingMaxLifeSec
2026-09-09T17:17:38.0551437Z              1/1     100.0%  field:config#config.vfx-families@1.impactRingRadius
2026-09-09T17:17:38.0553396Z              1/1     100.0%  field:config#config.vfx-families@1.impactRingTierSpeed
2026-09-09T17:17:38.0554949Z              1/1     100.0%  field:config#config.vfx-families@1.maxAbilityVfxLayers
2026-09-09T17:17:38.0556487Z              1/1     100.0%  field:config#config.vfx-families@1.maxConcurrentArcs
2026-09-09T17:17:38.0557978Z              1/1     100.0%  field:config#config.vfx-families@1.oneShotMaxLifeSec
2026-09-09T17:17:38.0559529Z              1/1     100.0%  field:config#config.vfx-families@1.projectileArtFromDoc
2026-09-09T17:17:38.0561117Z              1/1     100.0%  field:config#config.vfx-families@1.projectileFlyHeightY
2026-09-09T17:17:38.0562920Z              1/1     100.0%  field:config#config.vfx-families@1.projectileRadiusGain
2026-09-09T17:17:38.0564394Z              1/1     100.0%  field:config#config.vfx-families@1.slashAngleDeg
2026-09-09T17:17:38.0565797Z              1/1     100.0%  field:config#config.vfx-families@1.slashPitchDeg
2026-09-09T17:17:38.0567207Z              1/1     100.0%  field:config#config.vfx-families@1.soundEnabled
2026-09-09T17:17:38.0568673Z              1/1     100.0%  field:config#config.vfx-families@1.tornadoAngleDeg
2026-09-09T17:17:38.0569962Z              1/1     100.0%  field:config#config.vfx-families@1.tornadoPitchDeg
2026-09-09T17:17:38.0571119Z              1/1     100.0%  field:config#config.vfx-scripts@1.note
2026-09-09T17:17:38.0572635Z              1/1     100.0%  field:config#config.vfx-scripts@1.yieldDefaultCastFx
2026-09-09T17:17:38.0573793Z              1/1     100.0%  field:config#config.victory-fx@1.note
2026-09-09T17:17:38.0574992Z              1/1     100.0%  field:config#config.victory-podium@1.note
2026-09-09T17:17:38.0576421Z              1/1     100.0%  field:config#config.victory-podium@1.podiumSpacing
2026-09-09T17:17:38.0577927Z              1/1     100.0%  field:config#config.victory-podium@1.podiumZoneSource
2026-09-09T17:17:38.0579437Z              1/1     100.0%  field:config#config.victory-podium@1.roundCardCollapsed
2026-09-09T17:17:38.0580966Z              1/1     100.0%  field:config#config.victory-podium@1.roundPresentSec
2026-09-09T17:17:38.0582880Z              1/1     100.0%  field:config#config.victory-taunts@1.roundWin{}.source
2026-09-09T17:17:38.0584285Z              1/1     100.0%  field:config#config.voxel-barcodes@1.note
2026-09-09T17:17:38.0585643Z              1/1     100.0%  field:config#config.voxel-barcodes@1.slotOrder
2026-09-09T17:17:38.0586940Z              1/1     100.0%  field:config#config.voxel-bodies@1.note
2026-09-09T17:17:38.0588217Z              1/1     100.0%  field:config#config.voxel-look@1.note
2026-09-09T17:17:38.0589444Z              1/1     100.0%  field:config#config.weakness@1.note
2026-09-09T17:17:38.0590726Z              1/1     100.0%  field:config#config.weather@1.rainAlpha
2026-09-09T17:17:38.0592636Z              1/1     100.0%  field:config#config.weather@1.rainChance
2026-09-09T17:17:38.0593997Z              1/1     100.0%  field:config#config.weather@1.rainDropsAtFull
2026-09-09T17:17:38.0595270Z              1/1     100.0%  field:config#config.weather@1.rainEnabled
2026-09-09T17:17:38.0596529Z              1/1     100.0%  field:config#config.weather@1.rainFallSpeed
2026-09-09T17:17:38.0597808Z              1/1     100.0%  field:config#config.weather@1.rainStreak
2026-09-09T17:17:38.0599089Z              1/1     100.0%  field:config#config.weather@1.rainTiltDeg
2026-09-09T17:17:38.0600334Z              1/1     100.0%  field:config#config.world-cues@1.hud
2026-09-09T17:17:38.0601570Z              1/1     100.0%  field:config#config.world-cues@1.note
2026-09-09T17:17:38.0603183Z              1/1     100.0%  field:config#config.world-cues@1.zoneIsolation
2026-09-09T17:17:38.0604672Z              1/1     100.0%  field:config#config.wounds@1.note
2026-09-09T17:17:38.0606105Z              1/1     100.0%  field:config#config@1.economy.assistWindowTicks
2026-09-09T17:17:38.0607551Z              1/1     100.0%  field:config#config@1.economy.capstoneRoundGate
2026-09-09T17:17:38.0608904Z              1/1     100.0%  field:config#config@1.economy.killBounty
2026-09-09T17:17:38.0610289Z              1/1     100.0%  field:config#config@1.economy.legendaryOrbPrice
2026-09-09T17:17:38.0611653Z              1/1     100.0%  field:config#config@1.economy.statTickPrice
2026-09-09T17:17:38.0613304Z              1/1     100.0%  field:config#config@1.economy.statTickTarget
2026-09-09T17:17:38.0614815Z              1/1     100.0%  field:config#config@1.match.champSelectEarlyStartVsBot
2026-09-09T17:17:38.0616284Z              1/1     100.0%  field:config#config@1.match.champSelectSecVsBot
2026-09-09T17:17:38.0617745Z              1/1     100.0%  field:config#config@1.match.championLockEnforced
2026-09-09T17:17:38.0619246Z              1/1     100.0%  field:config#config@1.match.disposeEmptyChampSelect
2026-09-09T17:17:38.0620646Z              1/1     100.0%  field:config#config@1.match.fireRing
2026-09-09T17:17:38.0622247Z              1/1     100.0%  field:config#config@1.match.fireRing.boss
2026-09-09T17:17:38.0623839Z              1/1     100.0%  field:config#config@1.match.fireRing.boss.delayFireRingSec
2026-09-09T17:17:38.0625484Z              1/1     100.0%  field:config#config@1.match.fireRing.boss.extendCombatSec
2026-09-09T17:17:38.0626969Z              1/1     100.0%  field:config#config@1.match.fireRing.burnCurve
2026-09-09T17:17:38.0628466Z              1/1     100.0%  field:config#config@1.match.fireRing.lethalSaveApplies
2026-09-09T17:17:38.0629944Z              1/1     100.0%  field:config#config@1.match.fireRing.maxPctPerSec
2026-09-09T17:17:38.0631352Z              1/1     100.0%  field:config#config@1.match.fireRing.minRadius
2026-09-09T17:17:38.0633228Z              1/1     100.0%  field:config#config@1.match.fireRing.roundHardCapSec
2026-09-09T17:17:38.0634689Z              1/1     100.0%  field:config#config@1.match.fireRing.shrinkSec
2026-09-09T17:17:38.0636142Z              1/1     100.0%  field:config#config@1.match.fireRing.stage1Radius
2026-09-09T17:17:38.0637612Z              1/1     100.0%  field:config#config@1.match.fireRing.stage2ShrinkSec
2026-09-09T17:17:38.0639094Z              1/1     100.0%  field:config#config@1.match.fireRing.stage2StartSec
2026-09-09T17:17:38.0640452Z              1/1     100.0%  field:config#config@1.match.forceSettleVsBot
2026-09-09T17:17:38.0642211Z              1/1     100.0%  field:config#config@1.match.intermissionEarlyStartVsBot
2026-09-09T17:17:38.0643522Z              1/1     100.0%  field:config#config@1.match.maxRounds
2026-09-09T17:17:38.0644814Z              1/1     100.0%  field:config#config@1.match.roomCombatCapEnabled
2026-09-09T17:17:38.0646093Z              1/1     100.0%  field:config#config@1.match.roomCombatMaxSec
2026-09-09T17:17:38.0647379Z              1/1     100.0%  field:config#config@1.match.scoreCheatedMatches
2026-09-09T17:17:38.0649087Z              1/1     100.0%  field:config#config@1.match.settlementCardOnHealthSpent
2026-09-09T17:17:38.0659178Z              1/1     100.0%  field:config#config@1.progression.heroStartLevel
2026-09-09T17:17:38.0660790Z              1/1     100.0%  field:config#config@1.progression.roundGrantKeepsRemainder
2026-09-09T17:17:38.0664975Z              1/1     100.0%  field:config#config@1.rating
2026-09-09T17:17:38.0666219Z              1/1     100.0%  field:config#config@1.rating.ccTicks
2026-09-09T17:17:38.0667432Z              1/1     100.0%  field:config#config@1.rating.damage
2026-09-09T17:17:38.0668617Z              1/1     100.0%  field:config#config@1.rating.healed
2026-09-09T17:17:38.0669777Z              1/1     100.0%  field:config#config@1.rating.kda
2026-09-09T17:17:38.0671075Z              1/1     100.0%  field:config#config@1.rating.killParticipation
2026-09-09T17:17:38.0672819Z              1/1     100.0%  field:config#config@1.rating.objectives
2026-09-09T17:17:38.0674079Z              1/1     100.0%  field:config#config@1.rating.rescues
2026-09-09T17:17:38.0675244Z              1/1     100.0%  field:config#config@1.rating.tanked
2026-09-09T17:17:38.0676423Z              1/4      25.0%  field:items.auras[].scaleByNearby
2026-09-09T17:17:38.0677439Z              1/142     0.7%  field:items.critStrike
2026-09-09T17:17:38.0678579Z              1/86      1.2%  field:items.modifiers[].fromResource
2026-09-09T17:17:38.0703579Z              1/86      1.2%  field:items.modifiers[].requires
2026-09-09T17:17:38.0704934Z              1/5      20.0%  field:items.modifiers[].requires.mismatchScale
2026-09-09T17:17:38.0706123Z              1/77      1.3%  field:items.passive[].chanceFrom
2026-09-09T17:17:38.0707112Z              1/142     0.7%  field:items.penetration
2026-09-09T17:17:38.0708112Z              1/142     0.7%  field:items.typeStreakImmunity
2026-09-09T17:17:38.0709009Z              1/7      14.3%  field:maps.note
2026-09-09T17:17:38.0710052Z              1/7      14.3%  field:projectiles.flight.pitchDeg
2026-09-09T17:17:38.0711101Z              1/6      16.7%  field:vfx#attachment@1.anim
2026-09-09T17:17:38.0712461Z              1/6      16.7%  field:vfx#attachment@1.animLoop
2026-09-09T17:17:38.0713548Z              1/6      16.7%  field:vfx#attachment@1.follow
2026-09-09T17:17:38.0714629Z              1/6      16.7%  field:vfx#attachment@1.offsetY
2026-09-09T17:17:38.0715760Z              1/67      1.5%  field:vfx#ribbon@1.uvScrollPerSec
2026-09-09T17:17:38.0716733Z              1/629     0.2%  field:vfx#vfx@1.gore
2026-09-09T17:17:38.0743314Z              1/629     0.2%  field:vfx#vfx@1.tracks
2026-09-09T17:17:38.0744409Z              1/1     100.0%  field:vfx#vfx@1.tracks.*.interp
2026-09-09T17:17:38.0745515Z              1/1     100.0%  field:vfx#vfx@1.tracks.emission
2026-09-09T17:17:38.0746874Z              1/3      33.3%  field:vfx-scripts.segments[]|1#floatingText.riseSpeed
2026-09-09T17:17:38.0748325Z              1/9      11.1%  field:vfx-scripts.segments[]|1#modelFx.heightKeys
2026-09-09T17:17:38.0749592Z              1/4      25.0%  field:vfx-subtypes.params{}.values
2026-09-09T17:17:38.0750950Z              2/10     20.0%  field:abilities.augment.targets[].ops[].nodeKind
2026-09-09T17:17:38.0803690Z              2/421     0.5%  field:abilities.castTimeTier
2026-09-09T17:17:38.0805135Z              2/10     20.0%  field:abilities.effects[]#applyBuff.block.lethalBasis
2026-09-09T17:17:38.0806547Z              2/10     20.0%  field:abilities.effects[]#applyBuff.block.vfxId
2026-09-09T17:17:38.0807959Z              2/10     20.0%  field:abilities.effects[]#applyBuff.block.vfxScale
2026-09-09T17:17:38.0809344Z              2/10     20.0%  field:abilities.effects[]#applyBuff.block.vfxTint
2026-09-09T17:17:38.0810830Z              2/107     1.9%  field:abilities.effects[]#applyBuff.condition|0|1|0.other
2026-09-09T17:17:38.0812640Z              2/107     1.9%  field:abilities.effects[]#applyBuff.condition|0|1|1.other
2026-09-09T17:17:38.0814540Z              2/184     1.1%  field:abilities.effects[]#applyBuff.damageTypeOverride
2026-09-09T17:17:38.0816032Z              2/184     1.1%  field:abilities.effects[]#applyBuff.exclusiveOnExisting
2026-09-09T17:17:38.0817369Z              2/184     1.1%  field:abilities.effects[]#applyBuff.flight
2026-09-09T17:17:38.0818743Z              2/171     1.2%  field:abilities.effects[]#applyBuff.hooks[].consumeOn
2026-09-09T17:17:38.0820187Z              2/171     1.2%  field:abilities.effects[]#applyBuff.hooks[].critSource
2026-09-09T17:17:38.0821772Z              2/171     1.2%  field:abilities.effects[]#applyBuff.hooks[].internalCooldownScope
2026-09-09T17:17:38.0823831Z              2/171     1.2%  field:abilities.effects[]#applyBuff.hooks[].reflectedDamageSource
2026-09-09T17:17:38.0824888Z              2/171     1.2%  field:abilities.effects[]#applyBuff.hooks[].reflectedDamageType
2026-09-09T17:17:38.0826243Z              2/5      40.0%  field:abilities.effects[]#applyBuff.statusImmunity.charges
2026-09-09T17:17:38.0827346Z              2/6      33.3%  field:abilities.effects[]#applyBuff.vision.stealthFadeDelaySec
2026-09-09T17:17:38.0828161Z              2/163     1.2%  field:abilities.effects[]#applyStatus.refresh
2026-09-09T17:17:38.0828991Z              2/163     1.2%  field:abilities.effects[]#applyStatus.silenced
2026-09-09T17:17:38.0829765Z              2/24      8.3%  field:abilities.effects[]#blink.condition
2026-09-09T17:17:38.0830562Z              2/24      8.3%  field:abilities.effects[]#blink.markStatusId
2026-09-09T17:17:38.0831481Z              2/4      50.0%  field:abilities.effects[]#chainLightning.onHitTargets
2026-09-09T17:17:38.0862702Z              2/2     100.0%  field:abilities.effects[]#comboStrikes.family
2026-09-09T17:17:38.0863639Z              2/2     100.0%  field:abilities.effects[]#comboStrikes.finisher
2026-09-09T17:17:38.0864641Z              2/2     100.0%  field:abilities.effects[]#comboStrikes.strikeReposition
2026-09-09T17:17:38.0865488Z              2/258     0.8%  field:abilities.effects[]#damage.comboBonus
2026-09-09T17:17:38.0866353Z              2/258     0.8%  field:abilities.effects[]#damage.distanceScale
2026-09-09T17:17:38.0867373Z              2/13     15.4%  field:abilities.effects[]#damage.incomingPct.maxChainDepth
2026-09-09T17:17:38.0868149Z              2/258     0.8%  field:abilities.effects[]#damage.refund
2026-09-09T17:17:38.0868924Z              2/40      5.0%  field:abilities.effects[]#damageLine.canCrit
2026-09-09T17:17:38.0869895Z              2/40      5.0%  field:abilities.effects[]#damageLine.onHitTargetsMode
2026-09-09T17:17:38.0870655Z              2/18     11.1%  field:abilities.effects[]#dash.onEnd
2026-09-09T17:17:38.0871421Z              2/48      4.2%  field:abilities.effects[]#delayed.advance
2026-09-09T17:17:38.0872446Z              2/2     100.0%  field:abilities.effects[]#delayed.advance.dir
2026-09-09T17:17:38.0873280Z              2/48      4.2%  field:abilities.effects[]#delayed.hitOncePerTarget
2026-09-09T17:17:38.0874115Z              2/48      4.2%  field:abilities.effects[]#delayed.strikeReposition
2026-09-09T17:17:38.0874876Z              2/7      28.6%  field:abilities.effects[]#devour.maxTargets
2026-09-09T17:17:38.0875595Z              2/7      28.6%  field:abilities.effects[]#devour.radius
2026-09-09T17:17:38.0876365Z              2/7      28.6%  field:abilities.effects[]#devour.radiusTier
2026-09-09T17:17:38.0877072Z              2/7      28.6%  field:abilities.effects[]#devour.side
2026-09-09T17:17:38.0877775Z              2/26      7.7%  field:abilities.effects[]#dot.applyTo
2026-09-09T17:17:38.0878580Z              2/26      7.7%  field:abilities.effects[]#dot.resourcePctPhase
2026-09-09T17:17:38.0879550Z              2/2     100.0%  field:abilities.effects[]#extendBuff.perDamagePctOfMaxHealth
2026-09-09T17:17:38.0880326Z              2/2     100.0%  field:abilities.effects[]#extendBuff.who
2026-09-09T17:17:38.0881264Z              2/16     12.5%  field:abilities.effects[]#floatingText.driftAngleDeg
2026-09-09T17:17:38.0882784Z              2/16     12.5%  field:abilities.effects[]#floatingText.driftAngleStepDeg
2026-09-09T17:17:38.0883652Z              2/16     12.5%  field:abilities.effects[]#floatingText.driftFrom
2026-09-09T17:17:38.0884537Z              2/16     12.5%  field:abilities.effects[]#floatingText.driftSpeed
2026-09-09T17:17:38.0885491Z              2/7      28.6%  field:abilities.effects[]#grantAttribute.durationSec
2026-09-09T17:17:38.0886473Z              2/7      28.6%  field:abilities.effects[]#grantAttribute.maxSourceTotal
2026-09-09T17:17:38.0887365Z              2/7      28.6%  field:abilities.effects[]#grantAttribute.store
2026-09-09T17:17:38.0888197Z              2/25      8.0%  field:abilities.effects[]#knockback.applyTo
2026-09-09T17:17:38.0889079Z              2/25      8.0%  field:abilities.effects[]#knockback.condition
2026-09-09T17:17:38.0889969Z              2/25      8.0%  field:abilities.effects[]#knockback.subtractGap
2026-09-09T17:17:38.0891090Z              2/25      8.0%  field:abilities.effects[]#knockback.uncontrollable
2026-09-09T17:17:38.0922248Z              2/12     16.7%  field:abilities.effects[]#leap.dragToCaster
2026-09-09T17:17:38.0923174Z              2/17     11.8%  field:abilities.effects[]#modifyCooldown.basis
2026-09-09T17:17:38.0924016Z              2/2     100.0%  field:abilities.effects[]#shieldBreak.count
2026-09-09T17:17:38.0924827Z              2/2     100.0%  field:abilities.effects[]#shieldBreak.order
2026-09-09T17:17:38.0925692Z              2/90      2.2%  field:abilities.effects[]#spawnModelFx.spreadDeg
2026-09-09T17:17:38.0926494Z              2/9      22.2%  field:abilities.effects[]#spendMana.pctMaxMana
2026-09-09T17:17:38.0927183Z              2/4      50.0%  field:abilities.effects[]#taunt.maxTargets
2026-09-09T17:17:38.0927850Z              2/4      50.0%  field:abilities.effects[]#taunt.radiusTier
2026-09-09T17:17:38.0928474Z              2/421     0.5%  field:abilities.innateActivePassive
2026-09-09T17:17:38.0929189Z              2/3      66.7%  field:abilities.marks[].lethal.restoreMode
2026-09-09T17:17:38.0929975Z              2/131     1.5%  field:abilities.passive.ranks[].flight
2026-09-09T17:17:38.0930644Z              2/421     0.5%  field:abilities.recoverySec
2026-09-09T17:17:38.0931425Z              2/31      6.5%  field:abilities.vfxLayers[].timeScale
2026-09-09T17:17:38.0932267Z              2/91      2.2%  field:augments.block
2026-09-09T17:17:38.0933214Z              2/41      4.9%  field:augments.eligibility.prefersSelfMechanic
2026-09-09T17:17:38.0934183Z              2/41      4.9%  field:augments.eligibility.requiresAnyAbilitySlot
2026-09-09T17:17:38.0935003Z              2/71      2.8%  field:champions.abilities.*.persistentVfx
2026-09-09T17:17:38.0935744Z              2/7      28.6%  field:champions.passive.modifiers
2026-09-09T17:17:38.0936449Z              2/142     1.4%  field:items.damageTypeOverride
2026-09-09T17:17:38.0936992Z              2/142     1.4%  field:items.flight
2026-09-09T17:17:38.0937556Z              2/142     1.4%  field:items.marks
2026-09-09T17:17:38.0938447Z              2/5      40.0%  field:items.modifiers[].requires.primaryStat
2026-09-09T17:17:38.0939159Z              2/77      2.6%  field:items.passive[].maxTriggers
2026-09-09T17:17:38.0939723Z              2/142     1.4%  field:items.vision
2026-09-09T17:17:38.0940281Z              2/156     1.3%  field:models.fxTint
2026-09-09T17:17:38.0941127Z              2/3      66.7%  field:vfx-scripts.segments[]|1#floatingText.atMs
2026-09-09T17:17:38.0948713Z              2/3      66.7%  field:vfx-scripts.segments[]|1#floatingText.strikeIndex
2026-09-09T17:17:38.0949473Z              2/2     100.0%  field:vfx-scripts.segments[]|1#hideBody.at
2026-09-09T17:17:38.0950321Z              2/9      22.2%  field:vfx-scripts.segments[]|1#modelFx.clipTimeScale
2026-09-09T17:17:38.0951083Z              2/9      22.2%  field:vfx-scripts.segments[]|1#modelFx.tint
2026-09-09T17:17:38.0951881Z              2/4      50.0%  field:vfx-scripts.segments[]|1#screenShake.atMs
2026-09-09T17:17:38.0953134Z              2/2     100.0%  field:vfx-scripts.segments[]|1#sound.atMs
2026-09-09T17:17:38.0953959Z              2/2     100.0%  field:vfx-scripts.segments[]|1#sound.strikeIndex
2026-09-09T17:17:38.0954741Z              2/7      28.6%  field:vfx-scripts.segments[]|1#vfx.strikeIndex
2026-09-09T17:17:38.0955368Z              3/421     0.7%  field:abilities.cooldownShape
2026-09-09T17:17:38.0956387Z              3/7      42.9%  field:abilities.effects[]#applyBuff.damageTypeOverride.applyAt
2026-09-09T17:17:38.0957319Z              3/171     1.8%  field:abilities.effects[]#applyBuff.hooks[].damageCrit
2026-09-09T17:17:38.0958263Z              3/171     1.8%  field:abilities.effects[]#applyBuff.hooks[].onConsumed
2026-09-09T17:17:38.0959057Z              3/184     1.6%  field:abilities.effects[]#applyBuff.vision
2026-09-09T17:17:38.0959911Z              3/163     1.8%  field:abilities.effects[]#applyStatus.disarmed
2026-09-09T17:17:38.0960973Z              3/163     1.8%  field:abilities.effects[]#applyStatus.dispellable
2026-09-09T17:17:38.0961850Z              3/163     1.8%  field:abilities.effects[]#applyStatus.stacks
2026-09-09T17:17:38.1009436Z              3/26     11.5%  field:abilities.effects[]#damage.resourcePct.scale
2026-09-09T17:17:38.1010448Z              3/90      3.3%  field:abilities.effects[]#damageArea.onHitTargetsMode
2026-09-09T17:17:38.1011292Z              3/90      3.3%  field:abilities.effects[]#damageArea.resourcePct
2026-09-09T17:17:38.1012300Z              3/18     16.7%  field:abilities.effects[]#dash.distanceTier
2026-09-09T17:17:38.1013134Z              3/48      6.3%  field:abilities.effects[]#delayed.dropDeadTargets
2026-09-09T17:17:38.1013908Z              3/48      6.3%  field:abilities.effects[]#delayed.finalEffects
2026-09-09T17:17:38.1014603Z              3/7      42.9%  field:abilities.effects[]#devour.healPct
2026-09-09T17:17:38.1015368Z              3/26     11.5%  field:abilities.effects[]#dot.resourcePct
2026-09-09T17:17:38.1016118Z              3/4      75.0%  field:abilities.effects[]#grantGold.flat
2026-09-09T17:17:38.1016868Z              3/5      60.0%  field:abilities.effects[]#revive.manaPct
2026-09-09T17:17:38.1017738Z              3/9      33.3%  field:abilities.effects[]#spendMana.pctCurrentMana
2026-09-09T17:17:38.1018509Z              3/7      42.9%  field:abilities.effects[]#summon.championId
2026-09-09T17:17:38.1019253Z              3/7      42.9%  field:abilities.effects[]#summon.formation
2026-09-09T17:17:38.1019989Z              3/7      42.9%  field:abilities.effects[]#summon.spread
2026-09-09T17:17:38.1020946Z              3/12     25.0%  field:abilities.effects[]#weightedBranch.maxTargets
2026-09-09T17:17:38.1021629Z              3/3     100.0%  field:abilities.marks[].lethal
2026-09-09T17:17:38.1022697Z              3/91      3.3%  field:augments.damageTypeOverride
2026-09-09T17:17:38.1023532Z              3/71      4.2%  field:champions.abilities.*.cooldownShape
2026-09-09T17:17:38.1024139Z              3/142     2.1%  field:items.attributes
2026-09-09T17:17:38.1024885Z              3/86      3.5%  field:items.modifiers[].msBonusTier
2026-09-09T17:17:38.1025606Z              3/77      3.9%  field:items.passive[].abilitySlot
2026-09-09T17:17:38.1026124Z              3/142     2.1%  field:items.sets
2026-09-09T17:17:38.1026712Z              3/3     100.0%  field:items.sets[].name
2026-09-09T17:17:38.1027324Z              3/3     100.0%  field:loot-tables.name
2026-09-09T17:17:38.1027897Z              3/3     100.0%  field:loot-tables.note
2026-09-09T17:17:38.1028688Z              3/7      42.9%  field:projectiles.flight.rollDegPerUnit
2026-09-09T17:17:38.1029445Z              3/7      42.9%  field:projectiles.flight.yawOffsetDeg
2026-09-09T17:17:38.1030100Z              3/9      33.3%  field:vfx#vfx@1.orient.pitchDeg
2026-09-09T17:17:38.1030803Z              3/9      33.3%  field:vfx#vfx@1.orient.yawFrom
2026-09-09T17:17:38.1031594Z              3/3     100.0%  field:vfx-scripts.segments[]|1#anim.at
2026-09-09T17:17:38.1062905Z              3/3     100.0%  field:vfx-scripts.segments[]|1#anim.clipWindowMs
2026-09-09T17:17:38.1064063Z              3/3     100.0%  field:vfx-scripts.segments[]|1#floatingText.at
2026-09-09T17:17:38.1064970Z              3/3     100.0%  field:vfx-scripts.segments[]|1#floatingText.colorRgb
2026-09-09T17:17:38.1065975Z              3/3     100.0%  field:vfx-scripts.segments[]|1#floatingText.durationSec
2026-09-09T17:17:38.1066946Z              3/3     100.0%  field:vfx-scripts.segments[]|1#floatingText.sizeScale
2026-09-09T17:17:38.1067802Z              3/9      33.3%  field:vfx-scripts.segments[]|1#modelFx.alpha
2026-09-09T17:17:38.1068564Z              3/9      33.3%  field:vfx-scripts.segments[]|1#modelFx.atMs
2026-09-09T17:17:38.1069421Z              3/9      33.3%  field:vfx-scripts.segments[]|1#modelFx.strikeIndex
2026-09-09T17:17:38.1070334Z              3/4      75.0%  field:vfx-scripts.segments[]|1#screenShake.strikeIndex
2026-09-09T17:17:38.1071376Z              3/7      42.9%  field:vfx-scripts.segments[]|1#vfx.attach
2026-09-09T17:17:38.1072687Z              4/10     40.0%  field:abilities.effects[]#applyBuff.block.internalCooldown
2026-09-09T17:17:38.1073578Z              4/10     40.0%  field:abilities.effects[]#applyBuff.block.lethalOnly
2026-09-09T17:17:38.1074704Z              4/7      57.1%  field:abilities.effects[]#applyBuff.damageTypeOverride.impactType
2026-09-09T17:17:38.1075715Z              4/171     2.3%  field:abilities.effects[]#applyBuff.hooks[].damageSource
2026-09-09T17:17:38.1076608Z              4/171     2.3%  field:abilities.effects[]#applyBuff.hooks[].key
2026-09-09T17:17:38.1077529Z              4/171     2.3%  field:abilities.effects[]#applyBuff.hooks[].maxTriggers
2026-09-09T17:17:38.1078450Z              4/184     2.2%  field:abilities.effects[]#applyBuff.statusImmunity
2026-09-09T17:17:38.1079474Z              4/6      66.7%  field:abilities.effects[]#applyBuff.vision.trueSightRadius
2026-09-09T17:17:38.1080312Z              4/24     16.7%  field:abilities.effects[]#blink.distanceUnits
2026-09-09T17:17:38.1081385Z              4/370     1.1%  field:abilities.effects[]#chainLightning.amount.slotRankRatios
2026-09-09T17:17:38.1109652Z              4/4     100.0%  field:abilities.effects[]#chainLightning.centre
2026-09-09T17:17:38.1110610Z              4/4     100.0%  field:abilities.effects[]#chainLightning.damageType
2026-09-09T17:17:38.1111613Z              4/4     100.0%  field:abilities.effects[]#chainLightning.jumpIntervalSec
2026-09-09T17:17:38.1112798Z              4/4     100.0%  field:abilities.effects[]#chainLightning.maxSources
2026-09-09T17:17:38.1113642Z              4/4     100.0%  field:abilities.effects[]#chainLightning.radius
2026-09-09T17:17:38.1114524Z              4/4     100.0%  field:abilities.effects[]#chainLightning.radiusTier
2026-09-09T17:17:38.1115351Z              4/40     10.0%  field:abilities.effects[]#damageLine.maxTargets
2026-09-09T17:17:38.1116190Z              4/40     10.0%  field:abilities.effects[]#damageLine.resourcePct
2026-09-09T17:17:38.1116985Z              4/48      8.3%  field:abilities.effects[]#delayed.condition
2026-09-09T17:17:38.1117747Z              4/22     18.2%  field:abilities.effects[]#dispel.radiusTier
2026-09-09T17:17:38.1118470Z              4/26     15.4%  field:abilities.effects[]#dot.condition
2026-09-09T17:17:38.1119360Z              4/5      80.0%  field:abilities.effects[]#eventValueConversion.basis
2026-09-09T17:17:38.1120181Z              4/7      57.1%  field:abilities.effects[]#grantAttribute.everyNth
2026-09-09T17:17:38.1120889Z              4/4     100.0%  field:abilities.effects[]#grantGold.to
2026-09-09T17:17:38.1121595Z              4/13     30.8%  field:abilities.effects[]#heal.applyTo
2026-09-09T17:17:38.1123695Z              4/12     33.3%  field:abilities.effects[]#leap.throwDistance
2026-09-09T17:17:38.1130681Z              4/17     23.5%  field:abilities.effects[]#modifyCooldown.amount
2026-09-09T17:17:38.1131418Z              4/5      80.0%  field:abilities.effects[]#revive.hpPct
2026-09-09T17:17:38.1132378Z              4/5      80.0%  field:abilities.effects[]#revive.side
2026-09-09T17:17:38.1134545Z              4/5      80.0%  field:abilities.effects[]#revive.teamCharge
2026-09-09T17:17:38.1135350Z              4/28     14.3%  field:abilities.effects[]#screenShake.radius
2026-09-09T17:17:38.1136175Z              4/90      4.4%  field:abilities.effects[]#spawnModelFx.spacing
2026-09-09T17:17:38.1137131Z              4/90      4.4%  field:abilities.effects[]#spawnModelFx.touchOncePerTarget
2026-09-09T17:17:38.1137992Z              4/90      4.4%  field:abilities.effects[]#spawnModelFx.touchRadius
2026-09-09T17:17:38.1138816Z              4/90      4.4%  field:abilities.effects[]#spawnModelFx.touchSide
2026-09-09T17:17:38.1139480Z              4/7      57.1%  field:abilities.effects[]#summon.at
2026-09-09T17:17:38.1140151Z              4/7      57.1%  field:abilities.effects[]#summon.team
2026-09-09T17:17:38.1140879Z              4/4     100.0%  field:abilities.effects[]#taunt.radius
2026-09-09T17:17:38.1158685Z              4/12     33.3%  field:abilities.effects[]#weightedBranch.branches[].weightFrom
2026-09-09T17:17:38.1159669Z              4/5      80.0%  field:abilities.passive.ranks[].auras[].modifiers
2026-09-09T17:17:38.1160464Z              4/131     3.1%  field:abilities.passive.ranks[].block
2026-09-09T17:17:38.1161127Z              4/421     1.0%  field:abilities.persistentVfx
2026-09-09T17:17:38.1161821Z              4/31     12.9%  field:abilities.vfxLayers[].pitchDeg
2026-09-09T17:17:38.1162574Z              4/142     2.8%  field:items.auras
2026-09-09T17:17:38.1163117Z              4/4     100.0%  field:items.auras[].key
2026-09-09T17:17:38.1163722Z              4/4     100.0%  field:items.auras[].modifiers
2026-09-09T17:17:38.1164219Z              4/142     2.8%  field:items.block
2026-09-09T17:17:38.1164998Z              4/5      80.0%  field:items.modifiers[].requires.attackType
2026-09-09T17:17:38.1165804Z              4/5      80.0%  field:items.modifiers[].requires.onMismatch
2026-09-09T17:17:38.1166451Z              4/77      5.2%  field:items.passive[].requires
2026-09-09T17:17:38.1167060Z              4/156     2.6%  field:models.hiddenPrimitives
2026-09-09T17:17:38.1167801Z              4/9      44.4%  field:vfx-scripts.segments[]|1#modelFx.clip
2026-09-09T17:17:38.1168679Z              4/9      44.4%  field:vfx-scripts.segments[]|1#modelFx.offsetForwardU
2026-09-09T17:17:38.1169383Z              4/7      57.1%  field:vfx-scripts.segments[]|1#vfx.atMs
2026-09-09T17:17:38.1169989Z              4/4     100.0%  field:vfx-subtypes.notes
2026-09-09T17:17:38.1170692Z              4/4     100.0%  field:vfx-subtypes.params{}.max
2026-09-09T17:17:38.1171371Z              4/4     100.0%  field:vfx-subtypes.params{}.min
2026-09-09T17:17:38.1172591Z              5/12     41.7%  field:abilities.effects[]#applyBuff.attributes.agi
2026-09-09T17:17:38.1173432Z              5/184     2.7%  field:abilities.effects[]#applyBuff.condition
2026-09-09T17:17:38.1174245Z              5/184     2.7%  field:abilities.effects[]#applyBuff.maxStat
2026-09-09T17:17:38.1175135Z              5/5     100.0%  field:abilities.effects[]#applyBuff.maxStat.basis
2026-09-09T17:17:38.1175961Z              5/163     3.1%  field:abilities.effects[]#applyStatus.feared
2026-09-09T17:17:38.1176785Z              5/90      5.6%  field:abilities.effects[]#damageArea.condition
2026-09-09T17:17:38.1177665Z              5/48     10.4%  field:abilities.effects[]#delayed.stopOnCasterDeath
2026-09-09T17:17:38.1178387Z              5/22     22.7%  field:abilities.effects[]#dispel.order
2026-09-09T17:17:38.1179292Z              5/5     100.0%  field:abilities.effects[]#eventValueConversion.source
2026-09-09T17:17:38.1180130Z              5/5     100.0%  field:abilities.effects[]#eventValueConversion.to
2026-09-09T17:17:38.1180962Z              5/5     100.0%  field:abilities.effects[]#eventValueConversion.who
2026-09-09T17:17:38.1181767Z              5/7      71.4%  field:abilities.effects[]#grantAttribute.mode
2026-09-09T17:17:38.1204418Z              5/8      62.5%  field:abilities.effects[]#proxyCast.emitCastEvents
2026-09-09T17:17:38.1205520Z              5/8      62.5%  field:abilities.effects[]#proxyCast.maxDepth
2026-09-09T17:17:38.1206353Z              5/8      62.5%  field:abilities.effects[]#proxyCast.rankMode
2026-09-09T17:17:38.1207255Z              5/8      62.5%  field:abilities.effects[]#proxyCast.requireLearned
2026-09-09T17:17:38.1208987Z              5/9      55.6%  field:abilities.effects[]#screenFlash.scripted
2026-09-09T17:17:38.1209774Z              5/7      71.4%  field:abilities.effects[]#summon.onOwnerDeath
2026-09-09T17:17:38.1210648Z              5/12     41.7%  field:abilities.effects[]#weightedBranch.radius
2026-09-09T17:17:38.1211594Z              5/12     41.7%  field:abilities.effects[]#weightedBranch.radiusTier
2026-09-09T17:17:38.1212706Z              5/12     41.7%  field:abilities.effects[]#weightedBranch.side
2026-09-09T17:17:38.1213464Z              5/131     3.8%  field:abilities.passive.ranks[].auras
2026-09-09T17:17:38.1214478Z              5/5     100.0%  field:abilities.passive.ranks[].auras[].key
2026-09-09T17:17:38.1215180Z              5/7      71.4%  field:champions.passive.hooks
2026-09-09T17:17:38.1215863Z              5/77      6.5%  field:items.passive[].damageSource
2026-09-09T17:17:38.1216441Z              5/156     3.2%  field:models.fxSpawnHeight
2026-09-09T17:17:38.1216986Z              5/5     100.0%  field:skins.description
2026-09-09T17:17:38.1217791Z              5/9      55.6%  field:vfx-scripts.segments[]|1#modelFx.heightU
2026-09-09T17:17:38.1218669Z              6/12     50.0%  field:abilities.effects[]#applyBuff.attributes.int
2026-09-09T17:17:38.1219598Z              6/7      85.7%  field:abilities.effects[]#applyBuff.flight.hoverHeight
2026-09-09T17:17:38.1220503Z              6/171     3.5%  field:abilities.effects[]#applyBuff.hooks[].damageType
2026-09-09T17:17:38.1221193Z              6/258     2.3%  field:abilities.effects[]#damage.hpPct
2026-09-09T17:17:38.1222169Z              6/7      85.7%  field:abilities.effects[]#devour.onDevour
2026-09-09T17:17:38.1222999Z              6/16     37.5%  field:abilities.effects[]#dispel.pools.shields
2026-09-09T17:17:38.1223711Z              6/22     27.3%  field:abilities.effects[]#dispel.radius
2026-09-09T17:17:38.1224411Z              6/22     27.3%  field:abilities.effects[]#dispel.side
2026-09-09T17:17:38.1225213Z              6/8      75.0%  field:abilities.effects[]#proxyCast.targetMode
2026-09-09T17:17:38.1225985Z              6/17     35.3%  field:abilities.effects[]#shield.absorbs
2026-09-09T17:17:38.1226859Z              6/90      6.7%  field:abilities.effects[]#spawnModelFx.alpha
2026-09-09T17:17:38.1227809Z              6/90      6.7%  field:abilities.effects[]#spawnModelFx.spinDegPerSec
2026-09-09T17:17:38.1228638Z              6/86      7.0%  field:abilities.effects[]#spawnVfx.durationSec
2026-09-09T17:17:38.1229402Z              6/7      85.7%  field:abilities.effects[]#summon.hpMult
2026-09-09T17:17:38.1230223Z              6/131     4.6%  field:abilities.passive.ranks[].critStrike
2026-09-09T17:17:38.1231006Z              6/6     100.0%  field:abilities.persistentVfx[].attach
2026-09-09T17:17:38.1231689Z              6/31     19.4%  field:abilities.vfxLayers[].alpha
2026-09-09T17:17:38.1236960Z              6/41     14.6%  field:augments.eligibility.requiresMana
2026-09-09T17:17:38.1237581Z              6/156     3.8%  field:models.yawOffsetDeg
2026-09-09T17:17:38.1238204Z              6/6     100.0%  field:vfx#attachment@1.note
2026-09-09T17:17:38.1238831Z              6/6     100.0%  field:vfx#attachment@1.scale
2026-09-09T17:17:38.1239559Z              6/9      66.7%  field:vfx#vfx@1.orient.swirlDegPerSec
2026-09-09T17:17:38.1240569Z              7/7     100.0%  field:abilities.effects[]#applyBuff.flight.ignoreObstacles
2026-09-09T17:17:38.1241512Z              7/7     100.0%  field:abilities.effects[]#applyBuff.flight.ignoreUnits
2026-09-09T17:17:38.1242850Z              7/7     100.0%  field:abilities.effects[]#applyBuff.flight.stayInsideBoundary
2026-09-09T17:17:38.1244015Z              7/233     3.0%  field:abilities.effects[]#applyBuff.modifiers[].from
2026-09-09T17:17:38.1244820Z              7/184     3.8%  field:abilities.effects[]#applyBuff.stackVisual
2026-09-09T17:17:38.1245604Z              7/7     100.0%  field:abilities.effects[]#devour.throughShields
2026-09-09T17:17:38.1246369Z              7/7     100.0%  field:abilities.effects[]#devour.victim
2026-09-09T17:17:38.1247313Z              7/8      87.5%  field:abilities.effects[]#proxyCast.respectCooldown
2026-09-09T17:17:38.1248124Z              7/9      77.8%  field:abilities.effects[]#spendMana.applyTo
2026-09-09T17:17:38.1248871Z              7/7     100.0%  field:abilities.effects[]#summon.body
2026-09-09T17:17:38.1249649Z              7/7     100.0%  field:abilities.effects[]#summon.damageMult
2026-09-09T17:17:38.1250487Z              7/7     100.0%  field:abilities.effects[]#summon.durationSec
2026-09-09T17:17:38.1251336Z              7/13     53.8%  field:arenas.zones[].bounds
2026-09-09T17:17:38.1252284Z              7/13     53.8%  field:arenas.zones[].gates
2026-09-09T17:17:38.1292851Z              7/13     53.8%  field:arenas.zones[].interactions
2026-09-09T17:17:38.1293426Z              7/13     53.8%  field:arenas.zones[].nav
2026-09-09T17:17:38.1294220Z              7/7     100.0%  field:arenas.zones[].obstacles[]#box.gateGroup
2026-09-09T17:17:38.1294808Z              7/13     53.8%  field:arenas.zones[].regions
2026-09-09T17:17:38.1295652Z              7/41     17.1%  field:augments.eligibility.requiresAbilitySlots
2026-09-09T17:17:38.1296220Z              7/71      9.9%  field:champions.passive
2026-09-09T17:17:38.1296865Z              7/142     4.9%  field:items.requiresAttackType
2026-09-09T17:17:38.1297379Z              7/7     100.0%  field:maps.backdrop
2026-09-09T17:17:38.1298022Z              7/7     100.0%  field:maps.backgroundProps
2026-09-09T17:17:38.1298836Z              7/7     100.0%  field:maps.backgroundProps[].rotQuarter
2026-09-09T17:17:38.1299587Z              7/7     100.0%  field:maps.backgroundProps[].scale
2026-09-09T17:17:38.1300255Z              7/7     100.0%  field:maps.gimmick.gateGroups
2026-09-09T17:17:38.1300911Z              7/7     100.0%  field:maps.gimmick.schedule
2026-09-09T17:17:38.1301502Z              7/7     100.0%  field:maps.groundStyle
2026-09-09T17:17:38.1360573Z              7/7     100.0%  field:maps.interactions
2026-09-09T17:17:38.1361252Z              7/7     100.0%  field:maps.interactions[].params
2026-09-09T17:17:38.1361857Z              7/7     100.0%  field:maps.landmarkProps
2026-09-09T17:17:38.1362828Z              7/7     100.0%  field:maps.landmarkProps[].blocks
2026-09-09T17:17:38.1363609Z              7/7     100.0%  field:maps.landmarkProps[].rotQuarter
2026-09-09T17:17:38.1364338Z              7/7     100.0%  field:maps.landmarkProps[].scale
2026-09-09T17:17:38.1364898Z              7/7     100.0%  field:maps.scenery
2026-09-09T17:17:38.1365513Z              7/156     4.5%  field:models.fxLongAxis
2026-09-09T17:17:38.1366158Z              7/21     33.3%  field:projectiles.flight
2026-09-09T17:17:38.1367024Z              7/9      77.8%  field:vfx-scripts.segments[]|1#modelFx.scale
2026-09-09T17:17:38.1367820Z              7/7     100.0%  field:vfx-scripts.segments[]|1#vfx.at
2026-09-09T17:17:38.1368727Z              7/7     100.0%  field:vfx-scripts.segments[]|1#vfx.durationSec
2026-09-09T17:17:38.1369708Z              8/184     4.3%  field:abilities.effects[]#applyBuff.exclusiveGroup
2026-09-09T17:17:38.1370690Z              8/163     4.9%  field:abilities.effects[]#applyStatus.targetsAllies
2026-09-09T17:17:38.1371508Z              8/48     16.7%  field:abilities.effects[]#delayed.anchor
2026-09-09T17:17:38.1372571Z              8/22     36.4%  field:abilities.effects[]#dispel.count
2026-09-09T17:17:38.1373422Z              8/25     32.0%  field:abilities.effects[]#knockback.distanceTier
2026-09-09T17:17:38.1374254Z              8/8     100.0%  field:abilities.effects[]#proxyCast.payCosts
2026-09-09T17:17:38.1375315Z              8/8     100.0%  field:abilities.effects[]#proxyCast.slot
2026-09-09T17:17:38.1376219Z              8/90      8.9%  field:abilities.effects[]#spawnModelFx.clipTimeScale
2026-09-09T17:17:38.1376942Z              8/31     25.8%  field:abilities.vfxLayers[].w3xScale
2026-09-09T17:17:38.1377777Z              9/9     100.0%  field:abilities.effects[]#screenFlash.applyTo
2026-09-09T17:17:38.1378571Z              9/131     6.9%  field:abilities.passive.ranks[].attributes
2026-09-09T17:17:38.1379308Z              9/48     18.8%  field:ability-templates.params{}.inert
2026-09-09T17:17:38.1379855Z              9/13     69.2%  field:arenas.backdrop
2026-09-09T17:17:38.1380713Z              9/41     22.0%  field:augments.eligibility.requiresModeFeature
2026-09-09T17:17:38.1381343Z              9/71     12.7%  field:champions.missileSpeed
2026-09-09T17:17:38.1383545Z              9/156     5.8%  field:models.fxEmitters
2026-09-09T17:17:38.1384477Z              9/156     5.8%  field:models.teamTintMaterials
2026-09-09T17:17:38.1385067Z              9/629     1.4%  field:vfx#vfx@1.orient
2026-09-09T17:17:38.1385908Z              9/9     100.0%  field:vfx-scripts.segments[]|1#modelFx.anchor
2026-09-09T17:17:38.1386723Z              9/9     100.0%  field:vfx-scripts.segments[]|1#modelFx.lifeSec
2026-09-09T17:17:38.1387259Z             10/421     2.4%  field:abilities.augment
2026-09-09T17:17:38.1388084Z             10/12     83.3%  field:abilities.effects[]#applyBuff.attributes.str
2026-09-09T17:17:38.1388833Z             10/163     6.1%  field:abilities.effects[]#applyStatus.berserk
2026-09-09T17:17:38.1389613Z             10/163     6.1%  field:abilities.effects[]#applyStatus.condition
2026-09-09T17:17:38.1390344Z             10/258     3.9%  field:abilities.effects[]#damage.condition
2026-09-09T17:17:38.1391054Z             10/12     83.3%  field:abilities.effects[]#leap.landRadius
2026-09-09T17:17:38.1391726Z             10/12     83.3%  field:abilities.effects[]#leap.onLand
2026-09-09T17:17:38.1392780Z             10/10    100.0%  field:abilities.effects[]#randomArea.firstAtCast
2026-09-09T17:17:38.1393677Z             10/10    100.0%  field:abilities.effects[]#randomArea.stopOnCasterDeath
2026-09-09T17:17:38.1394391Z             10/10    100.0%  field:abilities.effects[]#randomArea.who
2026-09-09T17:17:38.1395121Z             10/131     7.6%  field:abilities.passive.ranks[].whileForm
2026-09-09T17:17:38.1395836Z             10/71     14.1%  field:champions.abilities.*.vfxLayers
2026-09-09T17:17:38.1396417Z             10/21     47.6%  field:projectiles.pierce
2026-09-09T17:17:38.1396971Z             10/10    100.0%  field:vfx-scripts.notes
2026-09-09T17:17:38.1397534Z             10/10    100.0%  field:vfx-scripts.yields
2026-09-09T17:17:38.1398263Z             11/258     4.3%  field:abilities.effects[]#damage.applyTo
2026-09-09T17:17:38.1399023Z             11/48     22.9%  field:abilities.effects[]#delayed.radiusTier
2026-09-09T17:17:38.1399549Z             11/71     15.5%  field:champions.tint
2026-09-09T17:17:38.1400401Z             12/163     7.4%  field:abilities.effects[]#applyStatus.missChance
2026-09-09T17:17:38.1401128Z             12/24     50.0%  field:abilities.effects[]#blink.onArrive
2026-09-09T17:17:38.1402104Z             12/24     50.0%  field:abilities.effects[]#blink.stopShortUnits
2026-09-09T17:17:38.1403176Z             12/13     92.3%  field:abilities.effects[]#damage.incomingPct.negateOriginal
2026-09-09T17:17:38.1404069Z             12/90     13.3%  field:abilities.effects[]#damageArea.maxTargets
2026-09-09T17:17:38.1404852Z             12/12    100.0%  field:abilities.effects[]#leap.applyTo
2026-09-09T17:17:38.1405726Z             12/90     13.3%  field:abilities.effects[]#spawnModelFx.onTouch
2026-09-09T17:17:38.1406550Z             12/90     13.3%  field:abilities.effects[]#spawnModelFx.speed
2026-09-09T17:17:38.1407344Z             12/86     14.0%  field:abilities.effects[]#spawnVfx.attach
2026-09-09T17:17:38.1408237Z             12/86     14.0%  field:abilities.effects[]#spawnVfx.boneOn
2026-09-09T17:17:38.1409370Z             13/163     8.0%  field:abilities.effects[]#applyStatus.applyTo
2026-09-09T17:17:38.1410326Z             13/370     3.5%  field:abilities.effects[]#chainLightning.amount.mult
2026-09-09T17:17:38.1411177Z             13/258     5.0%  field:abilities.effects[]#damage.incomingPct
2026-09-09T17:17:38.1442290Z             13/48     27.1%  field:abilities.effects[]#delayed.radius
2026-09-09T17:17:38.1443093Z             13/48     27.1%  field:abilities.effects[]#delayed.side
2026-09-09T17:17:38.1443881Z             13/16     81.3%  field:abilities.effects[]#dispel.pools.dot
2026-09-09T17:17:38.1444389Z             13/13    100.0%  field:arenas.decor
2026-09-09T17:17:38.1445023Z             13/13    100.0%  field:arenas.decor[].rotQuarter
2026-09-09T17:17:38.1445595Z             13/13    100.0%  field:arenas.decor[].scale
2026-09-09T17:17:38.1446149Z             13/13    100.0%  field:arenas.groundStyle
2026-09-09T17:17:38.1446966Z             13/13    100.0%  field:arenas.scenery
2026-09-09T17:17:38.1447712Z             13/20     65.0%  field:arenas.scenery.lighting.peakColor
2026-09-09T17:17:38.1448267Z             13/71     18.3%  field:champions.bodyScale
2026-09-09T17:17:38.1448835Z             13/77     16.9%  field:items.passive[].victim
2026-09-09T17:17:38.1449799Z             14/107    13.1%  field:abilities.effects[]#applyBuff.condition|0|3|0.minStacks
2026-09-09T17:17:38.1450650Z             14/184     7.6%  field:abilities.effects[]#applyBuff.permanentScope
2026-09-09T17:17:38.1451475Z             14/40     35.0%  field:abilities.effects[]#damageLine.onHitTargets
2026-09-09T17:17:38.1452472Z             14/48     29.2%  field:abilities.effects[]#delayed.targetMode
2026-09-09T17:17:38.1453246Z             14/16     87.5%  field:abilities.effects[]#dispel.pools.buffs
2026-09-09T17:17:38.1454019Z             14/90     15.6%  field:abilities.effects[]#spawnModelFx.anchor
2026-09-09T17:17:38.1454911Z             14/90     15.6%  field:abilities.effects[]#spawnModelFx.offsetForwardU
2026-09-09T17:17:38.1455682Z             14/90     15.6%  field:abilities.effects[]#spawnModelFx.path
2026-09-09T17:17:38.1456482Z             14/90     15.6%  field:abilities.effects[]#spawnModelFx.scaleAxis
2026-09-09T17:17:38.1457131Z             14/31     45.2%  field:abilities.vfxLayers[].delayMs
2026-09-09T17:17:38.1457849Z             15/163     9.2%  field:abilities.effects[]#applyStatus.root
2026-09-09T17:17:38.1458719Z             15/90     16.7%  field:abilities.effects[]#damageArea.victimCondition
2026-09-09T17:17:38.1459437Z             15/39     38.5%  field:abilities.effects[]#restore.manaPct
2026-09-09T17:17:38.1460268Z             15/41     36.6%  field:augments.eligibility.requiresSelfMechanic
2026-09-09T17:17:38.1461049Z             16/258     6.2%  field:abilities.effects[]#damage.resourcePct
2026-09-09T17:17:38.1461756Z             16/22     72.7%  field:abilities.effects[]#dispel.pools
2026-09-09T17:17:38.1462863Z             16/16    100.0%  field:abilities.effects[]#dispel.pools.status
2026-09-09T17:17:38.1463688Z             16/16    100.0%  field:abilities.effects[]#floatingText.applyTo
2026-09-09T17:17:38.1464532Z             16/16    100.0%  field:abilities.effects[]#floatingText.colorRgb
2026-09-09T17:17:38.1465376Z             16/16    100.0%  field:abilities.effects[]#floatingText.durationSec
2026-09-09T17:17:38.1466174Z             16/16    100.0%  field:abilities.effects[]#floatingText.riseSpeed
2026-09-09T17:17:38.1466950Z             16/16    100.0%  field:abilities.effects[]#floatingText.sizeScale
2026-09-09T17:17:38.1467718Z             16/17     94.1%  field:abilities.effects[]#modifyCooldown.slot
2026-09-09T17:17:38.1468306Z             16/16    100.0%  field:arenas.backdrop.layers
2026-09-09T17:17:38.1468970Z             16/16    100.0%  field:arenas.backdrop.layers[].alpha
2026-09-09T17:17:38.1469615Z             16/16    100.0%  field:arenas.backdrop.layers[].jitter
2026-09-09T17:17:38.1470241Z             16/16    100.0%  field:arenas.backdrop.layers[].rim
2026-09-09T17:17:38.1471179Z             16/16    100.0%  field:arenas.backdrop.layers[].segments
2026-09-09T17:17:38.1471774Z             16/77     20.8%  field:items.passive[].chance
2026-09-09T17:17:38.1522687Z             17/17    100.0%  field:abilities.effects[]#modifyCooldown.who
2026-09-09T17:17:38.1523680Z             18/233     7.7%  field:abilities.effects[]#applyBuff.modifiers[].msBonusTier
2026-09-09T17:17:38.1524451Z             18/184     9.8%  field:abilities.effects[]#applyBuff.perRank
2026-09-09T17:17:38.1525342Z             18/18    100.0%  field:abilities.effects[]#applyBuff.perRank[].duration
2026-09-09T17:17:38.1526116Z             18/22     81.8%  field:abilities.effects[]#dispel.polarity
2026-09-09T17:17:38.1526884Z             18/90     20.0%  field:abilities.effects[]#spawnModelFx.count
2026-09-09T17:17:38.1527770Z             19/171    11.1%  field:abilities.effects[]#applyBuff.hooks[].abilitySlot
2026-09-09T17:17:38.1528878Z             19/21     90.5%  field:abilities.effects[]#invulnerable.blocksTrueDamage
2026-09-09T17:17:38.1529573Z             19/71     26.8%  field:champions.abilities.*.hitFeel
2026-09-09T17:17:38.1530175Z             20/20    100.0%  field:arenas.scenery.lighting
2026-09-09T17:17:38.1530942Z             20/20    100.0%  field:arenas.scenery.lighting.fillIntensity
2026-09-09T17:17:38.1531694Z             20/20    100.0%  field:arenas.scenery.lighting.intensityAmp
2026-09-09T17:17:38.1532633Z             20/20    100.0%  field:arenas.scenery.lighting.keyColor
2026-09-09T17:17:38.1533397Z             20/20    100.0%  field:arenas.scenery.lighting.keyIntensity
2026-09-09T17:17:38.1534085Z             20/20    100.0%  field:arenas.scenery.lighting.keyPitchDeg
2026-09-09T17:17:38.1534703Z             20/20    100.0%  field:arenas.scenery.lighting.keyYawDeg
2026-09-09T17:17:38.1535368Z             20/20    100.0%  field:arenas.scenery.lighting.periodSec
2026-09-09T17:17:38.1535955Z             20/20    100.0%  field:arenas.scenery.lighting.wave
2026-09-09T17:17:38.1536609Z             20/20    100.0%  field:arenas.scenery.lighting.yawSweepDeg
2026-09-09T17:17:38.1537191Z             20/20    100.0%  field:arenas.scenery.palette
2026-09-09T17:17:38.1537809Z             20/20    100.0%  field:arenas.scenery.palette.floor
2026-09-09T17:17:38.1538438Z             20/20    100.0%  field:arenas.scenery.palette.ground
2026-09-09T17:17:38.1539076Z             20/20    100.0%  field:arenas.scenery.palette.sky
2026-09-09T17:17:38.1539724Z             20/20    100.0%  field:arenas.scenery.palette.void
2026-09-09T17:17:38.1540367Z             20/20    100.0%  field:arenas.scenery.palette.wall
2026-09-09T17:17:38.1540940Z             20/20    100.0%  field:arenas.scenery.props
2026-09-09T17:17:38.1541650Z             20/20    100.0%  field:arenas.scenery.props[].arcFromDeg
2026-09-09T17:17:38.1542577Z             20/20    100.0%  field:arenas.scenery.props[].arcSpanDeg
2026-09-09T17:17:38.1543281Z             20/20    100.0%  field:arenas.scenery.props[].bandFrom
2026-09-09T17:17:38.1543966Z             20/20    100.0%  field:arenas.scenery.props[].bandTo
2026-09-09T17:17:38.1544625Z             20/20    100.0%  field:arenas.scenery.props[].facing
2026-09-09T17:17:38.1545328Z             20/20    100.0%  field:arenas.scenery.props[].rotQuarter
2026-09-09T17:17:38.1546015Z             20/20    100.0%  field:arenas.scenery.props[].scaleMax
2026-09-09T17:17:38.1546684Z             20/20    100.0%  field:arenas.scenery.props[].scaleMin
2026-09-09T17:17:38.1547325Z             20/20    100.0%  field:arenas.scenery.props[].seed
2026-09-09T17:17:38.1548115Z             21/21    100.0%  field:abilities.effects[]#invulnerable.applyTo
2026-09-09T17:17:38.1548977Z             21/21    100.0%  field:abilities.effects[]#invulnerable.blocksControl
2026-09-09T17:17:38.1549814Z             21/21    100.0%  field:abilities.effects[]#invulnerable.blocksDamage
2026-09-09T17:17:38.1550372Z             21/421     5.0%  field:abilities.vfxLayers
2026-09-09T17:17:38.1550966Z             21/21    100.0%  field:projectiles.meshShape
2026-09-09T17:17:38.1551736Z             21/21    100.0%  field:projectiles.vfxKey
2026-09-09T17:17:38.1558179Z             22/107    20.6%  field:abilities.effects[]#applyBuff.condition|0|1|1.mode
2026-09-09T17:17:38.1558937Z             22/184    12.0%  field:abilities.effects[]#applyBuff.hooks
2026-09-09T17:17:38.1559835Z             22/370     5.9%  field:abilities.effects[]#chainLightning.amount.perRank
2026-09-09T17:17:38.1560454Z             22/77     28.6%  field:items.passive[].condition
2026-09-09T17:17:38.1561436Z             23/284     8.1%  field:abilities.effects[]#chainLightning.amount.ratios[].when
2026-09-09T17:17:38.1562523Z             23/40     57.5%  field:abilities.effects[]#damageLine.includeOrigin
2026-09-09T17:17:38.1563214Z             23/26     88.5%  field:abilities.effects[]#dot.stacking
2026-09-09T17:17:38.1563745Z             23/421     5.5%  field:abilities.hitFeel
2026-09-09T17:17:38.1564659Z             24/24    100.0%  field:abilities.effects[]#blink.applyTo
2026-09-09T17:17:38.1565350Z             24/31     77.4%  field:abilities.vfxLayers[].attachTo
2026-09-09T17:17:38.1566073Z             25/25    100.0%  field:abilities.effects[]#knockback.from
2026-09-09T17:17:38.1566777Z             26/26    100.0%  field:abilities.effects[]#dot.damageType
2026-09-09T17:17:38.1567313Z             26/91     28.6%  field:augments.modifiers
2026-09-09T17:17:38.1567938Z             26/26    100.0%  field:vfx#vfx@1.emitter#ring.fill
2026-09-09T17:17:38.1568591Z             26/26    100.0%  field:vfx#vfx@1.emitter#ring.spread
2026-09-09T17:17:38.1569274Z             26/26    100.0%  field:vfx#vfx@1.emitter#ring.thickness
2026-09-09T17:17:38.1570107Z             27/33     81.8%  field:abilities.effects[]#championForm.durationSec
2026-09-09T17:17:38.1570973Z             27/90     30.0%  field:abilities.effects[]#spawnModelFx.distance
2026-09-09T17:17:38.1571745Z             27/48     56.3%  field:ability-templates.params{}.origin
2026-09-09T17:17:38.1587930Z             28/184    15.2%  field:abilities.effects[]#applyBuff.permanent
2026-09-09T17:17:38.1588686Z             28/39     71.8%  field:abilities.effects[]#restore.applyTo
2026-09-09T17:17:38.1589456Z             28/28    100.0%  field:abilities.effects[]#screenShake.applyTo
2026-09-09T17:17:38.1590338Z             28/90     31.1%  field:abilities.effects[]#spawnModelFx.arriveSoundKey
2026-09-09T17:17:38.1591023Z             28/77     36.4%  field:items.passive[].internalCooldown
2026-09-09T17:17:38.1591762Z             29/39     74.4%  field:abilities.effects[]#restore.healthPct
2026-09-09T17:17:38.1592681Z             29/71     40.8%  field:champions.abilities.*.passive
2026-09-09T17:17:38.1593500Z             30/184    16.3%  field:abilities.effects[]#applyBuff.dispellable
2026-09-09T17:17:38.1594204Z             30/48     62.5%  field:abilities.effects[]#delayed.count
2026-09-09T17:17:38.1594970Z             30/48     62.5%  field:abilities.effects[]#delayed.intervalSec
2026-09-09T17:17:38.1595819Z             31/171    18.1%  field:abilities.effects[]#applyBuff.hooks[].victim
2026-09-09T17:17:38.1596491Z             31/71     43.7%  field:champions.abilities.*.radius
2026-09-09T17:17:38.1597137Z             31/71     43.7%  field:champions.attackDamagePoint
2026-09-09T17:17:38.1597691Z             31/77     40.3%  field:items.passive[].key
2026-09-09T17:17:38.1598421Z             32/184    17.4%  field:abilities.effects[]#applyBuff.statusId
2026-09-09T17:17:38.1598926Z             33/90     36.7%  field:abilities.effects[]#spawnModelFx.tint
2026-09-09T17:17:38.1599354Z             34/90     37.8%  field:abilities.effects[]#spawnModelFx.onArrive
2026-09-09T17:17:38.1599619Z             34/142    23.9%  field:items.recipe
2026-09-09T17:17:38.1599907Z             34/34    100.0%  field:items.recipe.book
2026-09-09T17:17:38.1600308Z             35/184    19.0%  field:abilities.effects[]#applyBuff.polarity
2026-09-09T17:17:38.1600779Z             36/171    21.1%  field:abilities.effects[]#applyBuff.hooks[].condition
2026-09-09T17:17:38.1601411Z             36/90     40.0%  field:abilities.effects[]#damageArea.onHitTargets
2026-09-09T17:17:38.1601800Z             36/40     90.0%  field:abilities.effects[]#damageLine.aim
2026-09-09T17:17:38.1602841Z             36/40     90.0%  field:abilities.effects[]#damageLine.fromCaster
2026-09-09T17:17:38.1605763Z             36/40     90.0%  field:champions.transform.triggerAbility.durationSec
2026-09-09T17:17:38.1606611Z             38/90     42.2%  field:abilities.effects[]#spawnModelFx.clip
2026-09-09T17:17:38.1607388Z             38/71     53.5%  field:champions.abilities.*.sfxKey
2026-09-09T17:17:38.1608367Z             38/40     95.0%  field:champions.transform.triggerAbility.cooldownSec
2026-09-09T17:17:38.1609141Z             39/90     43.3%  field:abilities.effects[]#spawnModelFx.lifeSec
2026-09-09T17:17:38.1609948Z             40/40    100.0%  field:abilities.effects[]#damageLine.damageType
2026-09-09T17:17:38.1610499Z             40/71     56.3%  field:champions.transform
2026-09-09T17:17:38.1611553Z             40/40    100.0%  field:champions.transform.alternateUnitRawcode
2026-09-09T17:17:38.1612631Z             40/40    100.0%  field:champions.transform.counterpartId
2026-09-09T17:17:38.1613398Z             40/40    100.0%  field:champions.transform.normalUnitRawcode
2026-09-09T17:17:38.1614105Z             40/40    100.0%  field:champions.transform.triggerAbility
2026-09-09T17:17:38.1614874Z             40/40    100.0%  field:champions.transform.triggerAbility.name
2026-09-09T17:17:38.1615446Z             41/91     45.1%  field:augments.eligibility
2026-09-09T17:17:38.1616025Z             41/77     53.2%  field:items.passive[].target
2026-09-09T17:17:38.1616892Z             42/171    24.6%  field:abilities.effects[]#applyBuff.hooks[].chance
2026-09-09T17:17:38.1617678Z             42/131    32.1%  field:abilities.passive.ranks[].modifiers
2026-09-09T17:17:38.1618299Z             43/94     45.7%  field:abilities.hitFeel.camKick
2026-09-09T17:17:38.1618990Z             43/94     45.7%  field:abilities.hitFeel.flashColor
2026-09-09T17:17:38.1619648Z             43/94     45.7%  field:abilities.hitFeel.flashMs
2026-09-09T17:17:38.1620364Z             43/94     45.7%  field:abilities.hitFeel.hitstunTicks
2026-09-09T17:17:38.1621039Z             43/94     45.7%  field:abilities.hitFeel.shakeStyle
2026-09-09T17:17:38.1621676Z             43/94     45.7%  field:abilities.hitFeel.sparkKind
2026-09-09T17:17:38.1622693Z             43/71     60.6%  field:champions.abilities.*.radiusTier
2026-09-09T17:17:38.1623504Z             44/184    23.9%  field:abilities.effects[]#applyBuff.applyTo
2026-09-09T17:17:38.1624273Z             44/184    23.9%  field:abilities.effects[]#applyBuff.maxStacks
2026-09-09T17:17:38.1625045Z             44/48     91.7%  field:ability-templates.params{}.values
2026-09-09T17:17:38.1625781Z             45/48     93.8%  field:ability-templates.params{}.optional
2026-09-09T17:17:38.1626528Z             46/184    25.0%  field:abilities.effects[]#applyBuff.stackKey
2026-09-09T17:17:38.1627210Z             47/48     97.9%  field:ability-templates.params{}.max
2026-09-09T17:17:38.1627867Z             47/48     97.9%  field:ability-templates.params{}.min
2026-09-09T17:17:38.1628529Z             47/48     97.9%  field:ability-templates.params{}.unit
2026-09-09T17:17:38.1629552Z             48/370    13.0%  field:abilities.effects[]#chainLightning.amount.damageTierPerRank
2026-09-09T17:17:38.1630293Z             48/48    100.0%  field:ability-templates.params{}.default
2026-09-09T17:17:38.1630888Z             49/71     69.0%  field:champions.msGrowthTier
2026-09-09T17:17:38.1631424Z             49/71     69.0%  field:champions.origin
2026-09-09T17:17:38.1632156Z             49/71     69.0%  field:champions.pitch
2026-09-09T17:17:38.1632756Z             49/71     69.0%  field:champions.playstyle
2026-09-09T17:17:38.1633408Z             51/51    100.0%  field:status-effects.description
2026-09-09T17:17:38.1634014Z             51/51    100.0%  field:status-effects.polarity
2026-09-09T17:17:38.1634763Z             51/51    100.0%  field:status-effects.tags
2026-09-09T17:17:38.1635593Z             54/163    33.1%  field:abilities.effects[]#applyStatus.moveSpeedMult
2026-09-09T17:17:38.1636296Z             55/71     77.5%  field:champions.abilities.*.template
2026-09-09T17:17:38.1637143Z             56/90     62.2%  field:abilities.effects[]#damageArea.includeOrigin
2026-09-09T17:17:38.1637964Z             56/90     62.2%  field:abilities.effects[]#spawnModelFx.soundKey
2026-09-09T17:17:38.1638724Z             57/163    35.0%  field:abilities.effects[]#applyStatus.stun
2026-09-09T17:17:38.1639258Z             57/421    13.5%  field:abilities.radius
2026-09-09T17:17:38.1639779Z             57/629     9.1%  field:vfx#vfx@1.ambient
2026-09-09T17:17:38.1640375Z             60/91     65.9%  field:augments.selectionSlot
2026-09-09T17:17:38.1640953Z             60/67     89.6%  field:vfx#ribbon@1.anchorBone
2026-09-09T17:17:38.1641506Z             63/71     88.7%  field:champions.description
2026-09-09T17:17:38.1642497Z             64/91     70.3%  field:augments.hooks
2026-09-09T17:17:38.1643211Z             65/71     91.5%  field:champions.abilities.*.manaCostTier
2026-09-09T17:17:38.1643752Z             65/67     97.0%  field:vfx#ribbon@1.texture
2026-09-09T17:17:38.1644433Z             66/71     93.0%  field:champions.abilities.*.rangeTier
2026-09-09T17:17:38.1645180Z             67/90     74.4%  field:abilities.effects[]#spawnModelFx.scale
2026-09-09T17:17:38.1645882Z             68/71     95.8%  field:champions.abilities.*.cooldownTier
2026-09-09T17:17:38.1646439Z             68/71     95.8%  field:champions.exAbility
2026-09-09T17:17:38.1647034Z             68/71     95.8%  field:champions.passiveAbility
2026-09-09T17:17:38.1647591Z             69/421    16.4%  field:abilities.innateKind
2026-09-09T17:17:38.1648295Z             69/71     97.2%  field:champions.abilities.*.description
2026-09-09T17:17:38.1648968Z             70/71     98.6%  field:champions.abilities.*.castTimeSec
2026-09-09T17:17:38.1649647Z             71/94     75.5%  field:abilities.hitFeel.knockbackMag
2026-09-09T17:17:38.1650291Z             71/71    100.0%  field:champions.abilities.*.icon
2026-09-09T17:17:38.1650996Z             71/71    100.0%  field:champions.abilities.*.provenance
2026-09-09T17:17:38.1651735Z             71/71    100.0%  field:champions.abilities.*.targetsEnemies
2026-09-09T17:17:38.1652658Z             71/71    100.0%  field:champions.abilities.*.vfxKey
2026-09-09T17:17:38.1653245Z             71/71    100.0%  field:champions.attributes
2026-09-09T17:17:38.1653801Z             71/71    100.0%  field:champions.hitFeel
2026-09-09T17:17:38.1654323Z             71/71    100.0%  field:champions.icon
2026-09-09T17:17:38.1654860Z             72/421    17.1%  field:abilities.sfxKey
2026-09-09T17:17:38.1655838Z             77/171    45.0%  field:abilities.effects[]#applyBuff.hooks[].internalCooldown
2026-09-09T17:17:38.1656345Z             77/142    54.2%  field:items.passive
2026-09-09T17:17:38.1656914Z             78/156    50.0%  field:models.attachPoints
2026-09-09T17:17:38.1657714Z             80/90     88.9%  field:abilities.effects[]#damageArea.radiusTier
2026-09-09T17:17:38.1658295Z             80/421    19.0%  field:abilities.radiusTier
2026-09-09T17:17:38.1658893Z             85/142    59.9%  field:items.modifiers
2026-09-09T17:17:38.1659683Z             86/90     95.6%  field:abilities.effects[]#spawnModelFx.modelKey
2026-09-09T17:17:38.1660342Z             86/86    100.0%  field:abilities.effects[]#spawnVfx.at
2026-09-09T17:17:38.1660903Z             86/86    100.0%  field:items.modifiers[].value
2026-09-09T17:17:38.1661665Z             87/90     96.7%  field:abilities.effects[]#spawnModelFx.preset
2026-09-09T17:17:38.1662787Z             89/90     98.9%  field:abilities.effects[]#damageArea.damageType
2026-09-09T17:17:38.1663336Z             90/142    63.4%  field:items.authoringNote
2026-09-09T17:17:38.1663831Z             91/91    100.0%  field:augments.icon
2026-09-09T17:17:38.1664561Z             92/131    70.2%  field:abilities.passive.ranks[].hooks
2026-09-09T17:17:38.1665503Z             94/94    100.0%  field:abilities.hitFeel.hitstopTicks
2026-09-09T17:17:38.1666151Z             94/94    100.0%  field:abilities.hitFeel.shakeMag
2026-09-09T17:17:38.1667002Z            100/370    27.0%  field:abilities.effects[]#chainLightning.amount.flat
2026-09-09T17:17:38.1667532Z            102/421    24.2%  field:abilities.passive
2026-09-09T17:17:38.1668115Z            131/131   100.0%  field:abilities.passive.name
2026-09-09T17:17:38.1668636Z            137/142    96.5%  field:items.description
2026-09-09T17:17:38.1669135Z            142/142   100.0%  field:items.craftRole
2026-09-09T17:17:38.1669586Z            142/142   100.0%  field:items.icon
2026-09-09T17:17:38.1670384Z            147/171    86.0%  field:abilities.effects[]#applyBuff.hooks[].target
2026-09-09T17:17:38.1671147Z            167/184    90.8%  field:abilities.effects[]#applyBuff.duration
2026-09-09T17:17:38.1672202Z            170/629    27.0%  field:vfx#vfx@1.anchorBone
2026-09-09T17:17:38.1672817Z            182/421    43.2%  field:abilities.rangeTier
2026-09-09T17:17:38.1673423Z            192/421    45.6%  field:abilities.manaCostTier
2026-09-09T17:17:38.1674335Z            205/370    55.4%  field:abilities.effects[]#chainLightning.amount.damageTier
2026-09-09T17:17:38.1674871Z            215/629    34.2%  field:vfx#vfx@1.stretched
2026-09-09T17:17:38.1675409Z            215/629    34.2%  field:vfx#vfx@1.tailLength
2026-09-09T17:17:38.1675935Z            225/421    53.4%  field:abilities.template
2026-09-09T17:17:38.1676774Z            229/233    98.3%  field:abilities.effects[]#applyBuff.modifiers[].value
2026-09-09T17:17:38.1677506Z            258/258   100.0%  field:abilities.effects[]#damage.damageType
2026-09-09T17:17:38.1678085Z            265/421    62.9%  field:abilities.targetsEnemies
2026-09-09T17:17:38.1678631Z            280/629    44.5%  field:vfx#vfx@1.burstCount
2026-09-09T17:17:38.1679159Z            288/629    45.8%  field:vfx#vfx@1.gravityY
2026-09-09T17:17:38.1680056Z            289/370    78.1%  field:abilities.effects[]#chainLightning.amount.ratios
2026-09-09T17:17:38.1680643Z            334/421    79.3%  field:abilities.cooldownTier
2026-09-09T17:17:38.1681211Z            336/421    79.8%  field:abilities.castTimeSec
2026-09-09T17:17:38.1681705Z            349/629    55.5%  field:vfx#vfx@1.rate
2026-09-09T17:17:38.1682451Z            385/421    91.4%  field:abilities.vfxKey
2026-09-09T17:17:38.1683015Z            413/421    98.1%  field:abilities.description
2026-09-09T17:17:38.1683515Z            421/421   100.0%  field:abilities.icon
2026-09-09T17:17:38.1684067Z            421/421   100.0%  field:abilities.provenance
2026-09-09T17:17:38.1684558Z            593/629    94.3%  field:vfx#vfx@1.speed
2026-09-09T17:17:38.1685084Z            627/629    99.7%  field:vfx#vfx@1.sizeStops
2026-09-09T17:17:38.1685622Z            629/629   100.0%  field:vfx#vfx@1.colorStops
2026-09-09T17:17:38.1686131Z            629/629   100.0%  field:vfx#vfx@1.texture
2026-09-09T17:17:38.1686171Z 
2026-09-09T17:17:38.1686777Z   ── enum (1992 reachable, 1057 at ZERO) ──
2026-09-09T17:17:38.1687447Z     ZERO     0/10      0.0%  enum:abilities.augment.targets[].ops[].op=modifierValue
2026-09-09T17:17:38.1688091Z     ZERO     0/10      0.0%  enum:abilities.augment.targets[].ops[].op=thresholdPct
2026-09-09T17:17:38.1688613Z     ZERO     0/2       0.0%  enum:abilities.castTimeTier=中
2026-09-09T17:17:38.1689126Z     ZERO     0/2       0.0%  enum:abilities.castTimeTier=大
2026-09-09T17:17:38.1689680Z     ZERO     0/2       0.0%  enum:abilities.castTimeTier=極大
2026-09-09T17:17:38.1690294Z     ZERO     0/2       0.0%  enum:abilities.castTimeTier=極小
2026-09-09T17:17:38.1690870Z     ZERO     0/6       0.0%  enum:abilities.cooldownShape=範圍
2026-09-09T17:17:38.1691447Z     ZERO     0/6       0.0%  enum:abilities.cooldownShape=變身
2026-09-09T17:17:38.1692385Z     ZERO     0/2       0.0%  enum:abilities.effects[]#applyBuff.block.lethalBasis=hp
2026-09-09T17:17:38.1693076Z     ZERO     0/28      0.0%  enum:abilities.effects[]#applyBuff.condition|0|1|0.op=!=
2026-09-09T17:17:38.1693921Z     ZERO     0/28      0.0%  enum:abilities.effects[]#applyBuff.condition|0|1|0.op===
2026-09-09T17:17:38.1694562Z     ZERO     0/26      0.0%  enum:abilities.effects[]#applyBuff.condition|0|1|1.stat=agi
2026-09-09T17:17:38.1695200Z     ZERO     0/26      0.0%  enum:abilities.effects[]#applyBuff.condition|0|1|1.stat=armor
2026-09-09T17:17:38.1695899Z     ZERO     0/26      0.0%  enum:abilities.effects[]#applyBuff.condition|0|1|1.stat=attackSpeed
2026-09-09T17:17:38.1696524Z     ZERO     0/26      0.0%  enum:abilities.effects[]#applyBuff.condition|0|1|1.stat=int
2026-09-09T17:17:38.1697231Z     ZERO     0/26      0.0%  enum:abilities.effects[]#applyBuff.condition|0|1|1.stat=magicResist
2026-09-09T17:17:38.1698165Z     ZERO     0/26      0.0%  enum:abilities.effects[]#applyBuff.condition|0|1|1.stat=moveSpeed
2026-09-09T17:17:38.1699129Z     ZERO     0/26      0.0%  enum:abilities.effects[]#applyBuff.condition|0|1|1.stat=str
2026-09-09T17:17:38.1699893Z     ZERO     0/3       0.0%  enum:abilities.effects[]#applyBuff.condition|0|2.is=guardian
2026-09-09T17:17:38.1700623Z     ZERO     0/3       0.0%  enum:abilities.effects[]#applyBuff.condition|0|2.is=mob
2026-09-09T17:17:38.1701313Z     ZERO     0/3       0.0%  enum:abilities.effects[]#applyBuff.condition|0|2.is=summon
2026-09-09T17:17:38.1702193Z     ZERO     0/7       0.0%  enum:abilities.effects[]#applyBuff.condition|0|5|1.slot=E
2026-09-09T17:17:38.1702872Z     ZERO     0/7       0.0%  enum:abilities.effects[]#applyBuff.condition|0|5|1.slot=PASSIVE
2026-09-09T17:17:38.1703527Z     ZERO     0/7       0.0%  enum:abilities.effects[]#applyBuff.condition|0|5|1.slot=R
2026-09-09T17:17:38.1704187Z     ZERO     0/7       0.0%  enum:abilities.effects[]#applyBuff.condition|0|5|1.slot=W
2026-09-09T17:17:38.1704837Z     ZERO     0/8       0.0%  enum:abilities.effects[]#applyBuff.condition|0|8.slot=E
2026-09-09T17:17:38.1705546Z     ZERO     0/8       0.0%  enum:abilities.effects[]#applyBuff.condition|0|8.slot=PASSIVE
2026-09-09T17:17:38.1706183Z     ZERO     0/8       0.0%  enum:abilities.effects[]#applyBuff.condition|0|8.slot=R
2026-09-09T17:17:38.1706816Z     ZERO     0/8       0.0%  enum:abilities.effects[]#applyBuff.condition|0|8.slot=W
2026-09-09T17:17:38.1707525Z     ZERO     0/13      0.0%  enum:abilities.effects[]#applyBuff.condition|0|9.form=base
2026-09-09T17:17:38.1708326Z     ZERO     0/1       0.0%  enum:abilities.effects[]#applyBuff.critStrike.empowers=everyCrit
2026-09-09T17:17:38.1709159Z     ZERO     0/1       0.0%  enum:abilities.effects[]#applyBuff.critStrike.lifestealMode=add
2026-09-09T17:17:38.1709976Z     ZERO     0/4       0.0%  enum:abilities.effects[]#applyBuff.damageTypeOverride.impactType=converted
2026-09-09T17:17:38.1710698Z     ZERO     0/7       0.0%  enum:abilities.effects[]#applyBuff.damageTypeOverride.scope=all
2026-09-09T17:17:38.1711379Z     ZERO     0/1       0.0%  enum:abilities.effects[]#applyBuff.deathWard.beneficiary=team
2026-09-09T17:17:38.1712282Z     ZERO     0/1       0.0%  enum:abilities.effects[]#applyBuff.deathWard.stacking=add
2026-09-09T17:17:38.1712964Z     ZERO     0/2       0.0%  enum:abilities.effects[]#applyBuff.exclusiveOnExisting=reject
2026-09-09T17:17:38.1713630Z     ZERO     0/1       0.0%  enum:abilities.effects[]#applyBuff.hooks[].chanceFrom.attr=int
2026-09-09T17:17:38.1714292Z     ZERO     0/1       0.0%  enum:abilities.effects[]#applyBuff.hooks[].chanceFrom.attr=str
2026-09-09T17:17:38.1715022Z     ZERO     0/1       0.0%  enum:abilities.effects[]#applyBuff.hooks[].chanceFrom.basis=base
2026-09-09T17:17:38.1715671Z     ZERO     0/2       0.0%  enum:abilities.effects[]#applyBuff.hooks[].critSource=any
2026-09-09T17:17:38.1716283Z     ZERO     0/3       0.0%  enum:abilities.effects[]#applyBuff.hooks[].damageCrit=any
2026-09-09T17:17:38.1716947Z     ZERO     0/3       0.0%  enum:abilities.effects[]#applyBuff.hooks[].damageCrit=nonCrit
2026-09-09T17:17:38.1717605Z     ZERO     0/9       0.0%  enum:abilities.effects[]#applyBuff.hooks[].damageSource=any
2026-09-09T17:17:38.1718537Z     ZERO     0/9       0.0%  enum:abilities.effects[]#applyBuff.hooks[].damageSource=nonBasic
2026-09-09T17:17:38.1719201Z     ZERO     0/9       0.0%  enum:abilities.effects[]#applyBuff.hooks[].damageSource=other
2026-09-09T17:17:38.1719845Z     ZERO     0/6       0.0%  enum:abilities.effects[]#applyBuff.hooks[].damageType=any
2026-09-09T17:17:38.1720529Z     ZERO     0/6       0.0%  enum:abilities.effects[]#applyBuff.hooks[].damageType=physical
2026-09-09T17:17:38.1721168Z     ZERO     0/6       0.0%  enum:abilities.effects[]#applyBuff.hooks[].damageType=true
2026-09-09T17:17:38.1722179Z     ZERO     0/2       0.0%  enum:abilities.effects[]#applyBuff.hooks[].internalCooldownScope=source
2026-09-09T17:17:38.1722876Z     ZERO     0/246     0.0%  enum:abilities.effects[]#applyBuff.hooks[].on=onBoundaryTouch
2026-09-09T17:17:38.1723633Z     ZERO     0/246     0.0%  enum:abilities.effects[]#applyBuff.hooks[].on=onCrowdControlApplied
2026-09-09T17:17:38.1724514Z     ZERO     0/246     0.0%  enum:abilities.effects[]#applyBuff.hooks[].on=onGuardianDown
2026-09-09T17:17:38.1725143Z     ZERO     0/246     0.0%  enum:abilities.effects[]#applyBuff.hooks[].on=onHeal
2026-09-09T17:17:38.1725912Z     ZERO     0/246     0.0%  enum:abilities.effects[]#applyBuff.hooks[].on=onLethalDamage
2026-09-09T17:17:38.1726707Z     ZERO     0/246     0.0%  enum:abilities.effects[]#applyBuff.hooks[].on=onProjectileExpire
2026-09-09T17:17:38.1727384Z     ZERO     0/246     0.0%  enum:abilities.effects[]#applyBuff.hooks[].on=onRoundEnd
2026-09-09T17:17:38.1728059Z     ZERO     0/246     0.0%  enum:abilities.effects[]#applyBuff.hooks[].on=onRoundStart
2026-09-09T17:17:38.1728743Z     ZERO     0/246     0.0%  enum:abilities.effects[]#applyBuff.hooks[].on=onShieldBroken
2026-09-09T17:17:38.1729423Z     ZERO     0/246     0.0%  enum:abilities.effects[]#applyBuff.hooks[].on=onShieldGained
2026-09-09T17:17:38.1730091Z     ZERO     0/246     0.0%  enum:abilities.effects[]#applyBuff.hooks[].on=onUltimateHit
2026-09-09T17:17:38.1730748Z     ZERO     0/3       0.0%  enum:abilities.effects[]#applyBuff.hooks[].onConsumed=stop
2026-09-09T17:17:38.1731513Z     ZERO     0/2       0.0%  enum:abilities.effects[]#applyBuff.hooks[].reflectedDamageSource=any
2026-09-09T17:17:38.1732537Z     ZERO     0/2       0.0%  enum:abilities.effects[]#applyBuff.hooks[].reflectedDamageSource=basic
2026-09-09T17:17:38.1733355Z     ZERO     0/2       0.0%  enum:abilities.effects[]#applyBuff.hooks[].reflectedDamageSource=nonBasic
2026-09-09T17:17:38.1734128Z     ZERO     0/2       0.0%  enum:abilities.effects[]#applyBuff.hooks[].reflectedDamageSource=other
2026-09-09T17:17:38.1734854Z     ZERO     0/2       0.0%  enum:abilities.effects[]#applyBuff.hooks[].reflectedDamageType=any
2026-09-09T17:17:38.1735667Z     ZERO     0/2       0.0%  enum:abilities.effects[]#applyBuff.hooks[].reflectedDamageType=physical
2026-09-09T17:17:38.1736441Z     ZERO     0/2       0.0%  enum:abilities.effects[]#applyBuff.hooks[].reflectedDamageType=true
2026-09-09T17:17:38.1737163Z     ZERO     0/44      0.0%  enum:abilities.effects[]#applyBuff.hooks[].victim=allyChampion
2026-09-09T17:17:38.1737872Z     ZERO     0/1       0.0%  enum:abilities.effects[]#applyBuff.modifiers[].fromResource=hp
2026-09-09T17:17:38.1738807Z     ZERO     0/21      0.0%  enum:abilities.effects[]#applyBuff.modifiers[].msBonusTier=極大
2026-09-09T17:17:38.1739494Z     ZERO     0/1       0.0%  enum:abilities.effects[]#applyBuff.penetration.scope=ability
2026-09-09T17:17:38.1740141Z     ZERO     0/1       0.0%  enum:abilities.effects[]#applyBuff.penetration.scope=all
2026-09-09T17:17:38.1740689Z     ZERO     0/24      0.0%  enum:abilities.effects[]#blink.applyTo=target
2026-09-09T17:17:38.1741219Z     ZERO     0/24      0.0%  enum:abilities.effects[]#blink.shape=circle
2026-09-09T17:17:38.1741728Z     ZERO     0/24      0.0%  enum:abilities.effects[]#blink.to=caster
2026-09-09T17:17:38.1742534Z     ZERO     0/1       0.0%  enum:abilities.effects[]#carry.onCarrierDeath=drop
2026-09-09T17:17:38.1743276Z     ZERO     0/1       0.0%  enum:abilities.effects[]#carry.shape=single
2026-09-09T17:17:38.1743792Z     ZERO     0/1       0.0%  enum:abilities.effects[]#carry.side=enemies
2026-09-09T17:17:38.1744555Z     ZERO     0/1       0.0%  enum:abilities.effects[]#chainLightning.amount.attrRatios[].attr=agi
2026-09-09T17:17:38.1745329Z     ZERO     0/1       0.0%  enum:abilities.effects[]#chainLightning.amount.attrRatios[].attr=int
2026-09-09T17:17:38.1746126Z     ZERO     0/1       0.0%  enum:abilities.effects[]#chainLightning.amount.attrRatios[].basis=base
2026-09-09T17:17:38.1747101Z     ZERO     0/48      0.0%  enum:abilities.effects[]#chainLightning.amount.damageTierPerRank[]=極大
2026-09-09T17:17:38.1747911Z     ZERO     0/2       0.0%  enum:abilities.effects[]#chainLightning.amount.slotRankRatios[].slot=EX
2026-09-09T17:17:38.1748785Z     ZERO     0/2       0.0%  enum:abilities.effects[]#chainLightning.amount.slotRankRatios[].slot=PASSIVE
2026-09-09T17:17:38.1749782Z     ZERO     0/2       0.0%  enum:abilities.effects[]#chainLightning.amount.slotRankRatios[].slot=R
2026-09-09T17:17:38.1750427Z     ZERO     0/4       0.0%  enum:abilities.effects[]#chainLightning.centre=target
2026-09-09T17:17:38.1750774Z     ZERO     0/4       0.0%  enum:abilities.effects[]#chainLightning.shape=single
2026-09-09T17:17:38.1751090Z     ZERO     0/33      0.0%  enum:abilities.effects[]#championForm.to=base
2026-09-09T17:17:38.1751426Z     ZERO     0/2       0.0%  enum:abilities.effects[]#comboStrikes.shape=circle
2026-09-09T17:17:38.1751835Z     ZERO     0/2       0.0%  enum:abilities.effects[]#comboStrikes.strikeReposition.who=victim
2026-09-09T17:17:38.1752695Z     ZERO     0/1       0.0%  enum:abilities.effects[]#convertTeam.shape=circle
2026-09-09T17:17:38.1753331Z     ZERO     0/1       0.0%  enum:abilities.effects[]#convertTeam.until=duration
2026-09-09T17:17:38.1753871Z     ZERO     0/1       0.0%  enum:abilities.effects[]#convertTeam.until=roundEnd
2026-09-09T17:17:38.1754406Z     ZERO     0/1       0.0%  enum:abilities.effects[]#cycleBuff.applyTo=target
2026-09-09T17:17:38.1754755Z     ZERO     0/1       0.0%  enum:abilities.effects[]#damage.refund.basis=mitigated
2026-09-09T17:17:38.1755138Z     ZERO     0/11      0.0%  enum:abilities.effects[]#dash.distanceTier=中
2026-09-09T17:17:38.1755467Z     ZERO     0/11      0.0%  enum:abilities.effects[]#dash.distanceTier=小
2026-09-09T17:17:38.1755792Z     ZERO     0/2       0.0%  enum:abilities.effects[]#delayed.advance.dir=target
2026-09-09T17:17:38.1756087Z     ZERO     0/8       0.0%  enum:abilities.effects[]#delayed.anchor=point
2026-09-09T17:17:38.1756470Z     ZERO     0/2       0.0%  enum:abilities.effects[]#delayed.strikeReposition.who=caster
2026-09-09T17:17:38.1756758Z     ZERO     0/2       0.0%  enum:abilities.effects[]#devour.side=allies
2026-09-09T17:17:38.1757044Z     ZERO     0/5       0.0%  enum:abilities.effects[]#dispel.order=oldest
2026-09-09T17:17:38.1757338Z     ZERO     0/18      0.0%  enum:abilities.effects[]#dispel.polarity=any
2026-09-09T17:17:38.1757672Z     ZERO     0/2       0.0%  enum:abilities.effects[]#dot.resourcePctPhase=onApply
2026-09-09T17:17:38.1757958Z     ZERO     0/23      0.0%  enum:abilities.effects[]#dot.stacking=stack
2026-09-09T17:17:38.1758338Z     ZERO     0/4       0.0%  enum:abilities.effects[]#eventValueConversion.basis=mitigated
2026-09-09T17:17:38.1758677Z     ZERO     0/4       0.0%  enum:abilities.effects[]#eventValueConversion.basis=raw
2026-09-09T17:17:38.1759028Z     ZERO     0/5       0.0%  enum:abilities.effects[]#eventValueConversion.shape=circle
2026-09-09T17:17:38.1759463Z     ZERO     0/5       0.0%  enum:abilities.effects[]#eventValueConversion.source=targetCurrentHealth
2026-09-09T17:17:38.1759800Z     ZERO     0/5       0.0%  enum:abilities.effects[]#eventValueConversion.who=target
2026-09-09T17:17:38.1760104Z     ZERO     0/2       0.0%  enum:abilities.effects[]#extendBuff.shape=circle
2026-09-09T17:17:38.1760402Z     ZERO     0/2       0.0%  enum:abilities.effects[]#extendBuff.who=target
2026-09-09T17:17:38.1760926Z     ZERO     0/2       0.0%  enum:abilities.effects[]#floatingText.driftFrom=world
2026-09-09T17:17:38.1761423Z     ZERO     0/16      0.0%  enum:abilities.effects[]#floatingText.shape=circle
2026-09-09T17:17:38.1762348Z     ZERO     0/2       0.0%  enum:abilities.effects[]#grantAttribute.store=champion
2026-09-09T17:17:38.1762935Z     ZERO     0/4       0.0%  enum:abilities.effects[]#grantGold.to=target
2026-09-09T17:17:38.1763502Z     ZERO     0/1       0.0%  enum:abilities.effects[]#grantXp.to=target
2026-09-09T17:17:38.1764135Z     ZERO     0/21      0.0%  enum:abilities.effects[]#invulnerable.applyTo=target
2026-09-09T17:17:38.1764771Z     ZERO     0/21      0.0%  enum:abilities.effects[]#invulnerable.blocksDamage=magic
2026-09-09T17:17:38.1765452Z     ZERO     0/21      0.0%  enum:abilities.effects[]#invulnerable.blocksDamage=physical
2026-09-09T17:17:38.1766023Z     ZERO     0/2       0.0%  enum:abilities.effects[]#knockback.applyTo=self
2026-09-09T17:17:38.1766776Z     ZERO     0/25      0.0%  enum:abilities.effects[]#knockback.from=facing
2026-09-09T17:17:38.1767386Z     ZERO     0/1       0.0%  enum:abilities.effects[]#manaBarrier.shape=circle
2026-09-09T17:17:38.1767935Z     ZERO     0/1       0.0%  enum:abilities.effects[]#manaBarrier.who=target
2026-09-09T17:17:38.1768530Z     ZERO     0/2       0.0%  enum:abilities.effects[]#modifyCooldown.basis=base
2026-09-09T17:17:38.1769213Z     ZERO     0/1       0.0%  enum:abilities.effects[]#modifyCooldown.hookScope=allSources
2026-09-09T17:17:38.1769846Z     ZERO     0/17      0.0%  enum:abilities.effects[]#modifyCooldown.mode=reduceFlat
2026-09-09T17:17:38.1770457Z     ZERO     0/17      0.0%  enum:abilities.effects[]#modifyCooldown.shape=circle
2026-09-09T17:17:38.1771134Z     ZERO     0/1       0.0%  enum:abilities.effects[]#modifyCooldown.target=abilitySlot
2026-09-09T17:17:38.1771736Z     ZERO     0/17      0.0%  enum:abilities.effects[]#modifyCooldown.who=target
2026-09-09T17:17:38.1772583Z     ZERO     0/8       0.0%  enum:abilities.effects[]#proxyCast.payCosts=mana
2026-09-09T17:17:38.1773264Z     ZERO     0/8       0.0%  enum:abilities.effects[]#proxyCast.payCosts=manaAndCooldown
2026-09-09T17:17:38.1773844Z     ZERO     0/5       0.0%  enum:abilities.effects[]#proxyCast.rankMode=fixed
2026-09-09T17:17:38.1774409Z     ZERO     0/8       0.0%  enum:abilities.effects[]#proxyCast.shape=circle
2026-09-09T17:17:38.1774972Z     ZERO     0/10      0.0%  enum:abilities.effects[]#randomArea.who=target
2026-09-09T17:17:38.1775480Z     ZERO     0/4       0.0%  enum:abilities.effects[]#revive.side=any
2026-09-09T17:17:38.1776135Z     ZERO     0/4       0.0%  enum:abilities.effects[]#revive.teamCharge=requireAndSpend
2026-09-09T17:17:38.1776699Z     ZERO     0/9       0.0%  enum:abilities.effects[]#screenFlash.shape=circle
2026-09-09T17:17:38.1777260Z     ZERO     0/28      0.0%  enum:abilities.effects[]#screenShake.applyTo=self
2026-09-09T17:17:38.1777851Z     ZERO     0/28      0.0%  enum:abilities.effects[]#screenShake.applyTo=victim
2026-09-09T17:17:38.1778411Z     ZERO     0/6       0.0%  enum:abilities.effects[]#shield.absorbs=physical
2026-09-09T17:17:38.1778935Z     ZERO     0/6       0.0%  enum:abilities.effects[]#shield.absorbs=true
2026-09-09T17:17:38.1779485Z     ZERO     0/2       0.0%  enum:abilities.effects[]#shieldBreak.order=oldest
2026-09-09T17:17:38.1780030Z     ZERO     0/2       0.0%  enum:abilities.effects[]#shieldBreak.shape=circle
2026-09-09T17:17:38.1780581Z     ZERO     0/23      0.0%  enum:abilities.effects[]#spawnModelFx.anchor=bone
2026-09-09T17:17:38.1781161Z     ZERO     0/23      0.0%  enum:abilities.effects[]#spawnModelFx.anchor=point
2026-09-09T17:17:38.1781725Z     ZERO     0/14      0.0%  enum:abilities.effects[]#spawnModelFx.path=radial
2026-09-09T17:17:38.1782535Z     ZERO     0/14      0.0%  enum:abilities.effects[]#spawnModelFx.path=static
2026-09-09T17:17:38.1783129Z     ZERO     0/90      0.0%  enum:abilities.effects[]#spawnModelFx.shape=circle
2026-09-09T17:17:38.1783766Z     ZERO     0/4       0.0%  enum:abilities.effects[]#spawnModelFx.touchSide=allies
2026-09-09T17:17:38.1784565Z     ZERO     0/12      0.0%  enum:abilities.effects[]#spawnVfx.boneOn=caster
2026-09-09T17:17:38.1785070Z     ZERO     0/4       0.0%  enum:abilities.effects[]#summon.at=self
2026-09-09T17:17:38.1785579Z     ZERO     0/4       0.0%  enum:abilities.effects[]#summon.at=target
2026-09-09T17:17:38.1786129Z     ZERO     0/7       0.0%  enum:abilities.effects[]#summon.body=champion
2026-09-09T17:17:38.1786675Z     ZERO     0/3       0.0%  enum:abilities.effects[]#summon.formation=line
2026-09-09T17:17:38.1787249Z     ZERO     0/3       0.0%  enum:abilities.effects[]#summon.formation=scatter
2026-09-09T17:17:38.1787844Z     ZERO     0/5       0.0%  enum:abilities.effects[]#summon.onOwnerDeath=persist
2026-09-09T17:17:38.1788370Z     ZERO     0/4       0.0%  enum:abilities.effects[]#summon.team=neutral
2026-09-09T17:17:38.1788958Z     ZERO     0/1       0.0%  enum:abilities.effects[]#swapResource.resource=mana
2026-09-09T17:17:38.1789711Z     ZERO     0/1       0.0%  enum:abilities.effects[]#swapResource.shape=circle
2026-09-09T17:17:38.1790305Z     ZERO     0/1       0.0%  enum:abilities.effects[]#taunt.forcedTarget=caster
2026-09-09T17:17:38.1790839Z     ZERO     0/1       0.0%  enum:abilities.effects[]#taunt.side=enemies
2026-09-09T17:17:38.1791634Z     ZERO     0/4       0.0%  enum:abilities.effects[]#weightedBranch.branches[].weightFrom.attr=int
2026-09-09T17:17:38.1792676Z     ZERO     0/4       0.0%  enum:abilities.effects[]#weightedBranch.branches[].weightFrom.attr=str
2026-09-09T17:17:38.1793213Z     ZERO     0/43      0.0%  enum:abilities.hitFeel.sparkKind=counter
2026-09-09T17:17:38.1793712Z     ZERO     0/43      0.0%  enum:abilities.hitFeel.sparkKind=hit
2026-09-09T17:17:38.1794183Z     ZERO     0/2       0.0%  enum:abilities.innateActivePassive=skip
2026-09-09T17:17:38.1794639Z     ZERO     0/2       0.0%  enum:abilities.interruptOn=none
2026-09-09T17:17:38.1795277Z     ZERO     0/257     0.0%  enum:abilities.manaCostTier=極大
2026-09-09T17:17:38.1795865Z     ZERO     0/2       0.0%  enum:abilities.marks[].lethal.restoreMode=clamp
2026-09-09T17:17:38.1796367Z     ZERO     0/3       0.0%  enum:abilities.marks[].resetOn=never
2026-09-09T17:17:38.1797041Z     ZERO     0/9       0.0%  enum:abilities.passive.ranks[].auras[].affects=all
2026-09-09T17:17:38.1797773Z     ZERO     0/1       0.0%  enum:abilities.passive.ranks[].auras[].scaleByNearby.count=all
2026-09-09T17:17:38.1798512Z     ZERO     0/1       0.0%  enum:abilities.passive.ranks[].auras[].scaleByNearby.count=enemy
2026-09-09T17:17:38.1799065Z     ZERO     0/10      0.0%  enum:abilities.passive.ranks[].whileForm=any
2026-09-09T17:17:38.1799636Z     ZERO     0/10      0.0%  enum:abilities.passive.ranks[].whileForm=base
2026-09-09T17:17:38.1800157Z     ZERO     0/492     0.0%  enum:abilities.provenance=editor-json
2026-09-09T17:17:38.1800688Z     ZERO     0/492     0.0%  enum:abilities.provenance=jass-verified
2026-09-09T17:17:38.1801203Z     ZERO     0/492     0.0%  enum:abilities.provenance=w3x-tooltip
2026-09-09T17:17:38.1801738Z     ZERO     0/2       0.0%  enum:abilities.toggle.upkeepCadence=none
2026-09-09T17:17:38.1802572Z     ZERO     0/2       0.0%  enum:abilities.toggle.upkeepCadence=perSecond
2026-09-09T17:17:38.1803101Z     ZERO     0/24      0.0%  enum:abilities.vfxLayers[].attachTo=caster
2026-09-09T17:17:38.1803622Z     ZERO     0/16      0.0%  enum:arenas.backdrop.layers[].profile=waves
2026-09-09T17:17:38.1804127Z     ZERO     0/20      0.0%  enum:arenas.scenery.lighting.wave=none
2026-09-09T17:17:38.1804634Z     ZERO     0/1       0.0%  enum:arenas.zones[].gateHolds[].mode=close
2026-09-09T17:17:38.1805181Z     ZERO     0/7       0.0%  enum:arenas.zones[].interactions[].kind=channel
2026-09-09T17:17:38.1805773Z     ZERO     0/1       0.0%  enum:augments.eligibility.onlyAttackType=melee
2026-09-09T17:17:38.1806330Z     ZERO     0/49      0.0%  enum:champions.msGrowthTier=中
2026-09-09T17:17:38.1806838Z     ZERO     0/49      0.0%  enum:champions.msGrowthTier=大
2026-09-09T17:17:38.1807610Z     ZERO     0/49      0.0%  enum:champions.msGrowthTier=小
2026-09-09T17:17:38.1808246Z     ZERO     0/49      0.0%  enum:champions.msGrowthTier=極大
2026-09-09T17:17:38.1808927Z     ZERO     0/1       0.0%  enum:config#config.ambient-vfx@1.bindings{}[].whileToggle=E
2026-09-09T17:17:38.1809608Z     ZERO     0/1       0.0%  enum:config#config.ambient-vfx@1.bindings{}[].whileToggle=EX
2026-09-09T17:17:38.1810334Z     ZERO     0/1       0.0%  enum:config#config.ambient-vfx@1.bindings{}[].whileToggle=PASSIVE
2026-09-09T17:17:38.1810994Z     ZERO     0/1       0.0%  enum:config#config.ambient-vfx@1.bindings{}[].whileToggle=Q
2026-09-09T17:17:38.1811643Z     ZERO     0/1       0.0%  enum:config#config.ambient-vfx@1.bindings{}[].whileToggle=R
2026-09-09T17:17:38.1812563Z     ZERO     0/1       0.0%  enum:config#config.ap-damage-scaling@1.apRatioMode=replace
2026-09-09T17:17:38.1813163Z     ZERO     0/1       0.0%  enum:config#config.ap-damage-scaling@1.scope=all
2026-09-09T17:17:38.1813934Z     ZERO     0/1       0.0%  enum:config#config.ap-damage-scaling@1.scope=basic
2026-09-09T17:17:38.1814654Z     ZERO     0/1       0.0%  enum:config#config.arena-rules@1.augmentTiers[].limitScope=team
2026-09-09T17:17:38.1815306Z     ZERO     0/1       0.0%  enum:config#config.arena-rules@1.augmentTiers[].table=silver
2026-09-09T17:17:38.1815911Z     ZERO     0/1       0.0%  enum:config#config.arena-rules@1.draftConflict=alternate
2026-09-09T17:17:38.1816481Z     ZERO     0/1       0.0%  enum:config#config.arena-rules@1.draftConflict=both
2026-09-09T17:17:38.1817101Z     ZERO     0/1       0.0%  enum:config#config.arena-rules@1.draftConflict=grail-wins
2026-09-09T17:17:38.1817734Z     ZERO     0/1       0.0%  enum:config#config.arena-rules@1.draftConflict=weapon-wins
2026-09-09T17:17:38.1818412Z     ZERO     0/1       0.0%  enum:config#config.arena-rules@1.grailDraft.legacyPool=include
2026-09-09T17:17:38.1819137Z     ZERO     0/1       0.0%  enum:config#config.arena-rules@1.itemDraft.shortPoolMode=duplicate
2026-09-09T17:17:38.1819855Z     ZERO     0/1       0.0%  enum:config#config.arena-rules@1.itemDraft.shortPoolMode=fallback
2026-09-09T17:17:38.1820591Z     ZERO     0/1       0.0%  enum:config#config.arena-rules@1.mobWaves.boss.championSource=inherit
2026-09-09T17:17:38.1821320Z     ZERO     0/1       0.0%  enum:config#config.arena-rules@1.mobWaves.boss.healthBarAnchor=bottom
2026-09-09T17:17:38.1822327Z     ZERO     0/1       0.0%  enum:config#config.arena-rules@1.mobWaves.boss.healthBarReveal=sighted
2026-09-09T17:17:38.1823075Z     ZERO     0/1       0.0%  enum:config#config.arena-rules@1.mobWaves.boss.heroLevelSource=fixed
2026-09-09T17:17:38.1823879Z     ZERO     0/1       0.0%  enum:config#config.arena-rules@1.mobWaves.boss.heroLevelSource=matchHighest
2026-09-09T17:17:38.1824617Z     ZERO     0/1       0.0%  enum:config#config.arena-rules@1.mobWaves.boss.heroLevelSource=round
2026-09-09T17:17:38.1825374Z     ZERO     0/1       0.0%  enum:config#config.arena-rules@1.mobWaves.boss.king.learnRankMode=fixed
2026-09-09T17:17:38.1826194Z     ZERO     0/1       0.0%  enum:config#config.arena-rules@1.mobWaves.boss.king.targetPreference=nearest
2026-09-09T17:17:38.1826903Z     ZERO     0/1       0.0%  enum:config#config.arena-rules@1.mobWaves.boss.lastHitMode=weight
2026-09-09T17:17:38.1827652Z     ZERO     0/1       0.0%  enum:config#config.arena-rules@1.mobWaves.boss.maxPerRoundScope=match
2026-09-09T17:17:38.1828318Z     ZERO     0/1       0.0%  enum:config#config.arena-rules@1.mobWaves.roundHoldMobKinds=any
2026-09-09T17:17:38.1829116Z     ZERO     0/1       0.0%  enum:config#config.arena-rules@1.mobWaves.roundHoldMobKinds=bossAndSpecial
2026-09-09T17:17:38.1829826Z     ZERO     0/1       0.0%  enum:config#config.arena-rules@1.mobWaves.roundHoldMobKinds=none
2026-09-09T17:17:38.1830558Z     ZERO     0/1       0.0%  enum:config#config.arena-rules@1.mobWaves.special.lastHitMode=weight
2026-09-09T17:17:38.1831279Z     ZERO     0/1       0.0%  enum:config#config.arena-rules@1.mobWaves.special.settlementMode=off
2026-09-09T17:17:38.1832505Z     ZERO     0/1       0.0%  enum:config#config.arena-rules@1.mobWaves.special.settlementMode=toast
2026-09-09T17:17:38.1833087Z     ZERO     0/1       0.0%  enum:config#config.audio-map@1.rankUpAudience=all
2026-09-09T17:17:38.1833845Z     ZERO     0/1       0.0%  enum:config#config.audio-mix@1.voice.roundEndMachineVoice=fallback
2026-09-09T17:17:38.1834524Z     ZERO     0/1       0.0%  enum:config#config.audio-mix@1.voice.roundEndMachineVoice=on
2026-09-09T17:17:38.1835581Z     ZERO     0/1       0.0%  enum:config#config.authoring-rules@1.proportionality.minDamageTier.單體.中=大
2026-09-09T17:17:38.1836572Z     ZERO     0/1       0.0%  enum:config#config.authoring-rules@1.proportionality.minDamageTier.單體.中=小
2026-09-09T17:17:38.1837516Z     ZERO     0/1       0.0%  enum:config#config.authoring-rules@1.proportionality.minDamageTier.單體.中=極大
2026-09-09T17:17:38.1838554Z     ZERO     0/1       0.0%  enum:config#config.authoring-rules@1.proportionality.minDamageTier.單體.中=極小
2026-09-09T17:17:38.1839849Z     ZERO     0/1       0.0%  enum:config#config.authoring-rules@1.proportionality.minDamageTier.單體.大=中
2026-09-09T17:17:38.1840916Z     ZERO     0/1       0.0%  enum:config#config.authoring-rules@1.proportionality.minDamageTier.單體.大=小
2026-09-09T17:17:38.1842170Z     ZERO     0/1       0.0%  enum:config#config.authoring-rules@1.proportionality.minDamageTier.單體.大=極大
2026-09-09T17:17:38.1843197Z     ZERO     0/1       0.0%  enum:config#config.authoring-rules@1.proportionality.minDamageTier.單體.大=極小
2026-09-09T17:17:38.1844211Z     ZERO     0/1       0.0%  enum:config#config.authoring-rules@1.proportionality.minDamageTier.單體.小=中
2026-09-09T17:17:38.1845210Z     ZERO     0/1       0.0%  enum:config#config.authoring-rules@1.proportionality.minDamageTier.單體.小=大
2026-09-09T17:17:38.1846256Z     ZERO     0/1       0.0%  enum:config#config.authoring-rules@1.proportionality.minDamageTier.單體.小=極大
2026-09-09T17:17:38.1847315Z     ZERO     0/1       0.0%  enum:config#config.authoring-rules@1.proportionality.minDamageTier.單體.小=極小
2026-09-09T17:17:38.1848414Z     ZERO     0/1       0.0%  enum:config#config.authoring-rules@1.proportionality.minDamageTier.單體.極大=中
2026-09-09T17:17:38.1849470Z     ZERO     0/1       0.0%  enum:config#config.authoring-rules@1.proportionality.minDamageTier.單體.極大=大
2026-09-09T17:17:38.1850368Z     ZERO     0/1       0.0%  enum:config#config.authoring-rules@1.proportionality.minDamageTier.單體.極大=小
2026-09-09T17:17:38.1851252Z     ZERO     0/1       0.0%  enum:config#config.authoring-rules@1.proportionality.minDamageTier.單體.極大=極小
2026-09-09T17:17:38.1852457Z     ZERO     0/1       0.0%  enum:config#config.authoring-rules@1.proportionality.minDamageTier.單體.極小=中
2026-09-09T17:17:38.1853363Z     ZERO     0/1       0.0%  enum:config#config.authoring-rules@1.proportionality.minDamageTier.單體.極小=大
2026-09-09T17:17:38.1854300Z     ZERO     0/1       0.0%  enum:config#config.authoring-rules@1.proportionality.minDamageTier.單體.極小=小
2026-09-09T17:17:38.1855340Z     ZERO     0/1       0.0%  enum:config#config.authoring-rules@1.proportionality.minDamageTier.單體.極小=極大
2026-09-09T17:17:38.1856423Z     ZERO     0/1       0.0%  enum:config#config.authoring-rules@1.proportionality.minDamageTier.範圍.中=大
2026-09-09T17:17:38.1857488Z     ZERO     0/1       0.0%  enum:config#config.authoring-rules@1.proportionality.minDamageTier.範圍.中=小
2026-09-09T17:17:38.1858502Z     ZERO     0/1       0.0%  enum:config#config.authoring-rules@1.proportionality.minDamageTier.範圍.中=極大
2026-09-09T17:17:38.1859498Z     ZERO     0/1       0.0%  enum:config#config.authoring-rules@1.proportionality.minDamageTier.範圍.中=極小
2026-09-09T17:17:38.1860480Z     ZERO     0/1       0.0%  enum:config#config.authoring-rules@1.proportionality.minDamageTier.範圍.大=中
2026-09-09T17:17:38.1861480Z     ZERO     0/1       0.0%  enum:config#config.authoring-rules@1.proportionality.minDamageTier.範圍.大=小
2026-09-09T17:17:38.1862744Z     ZERO     0/1       0.0%  enum:config#config.authoring-rules@1.proportionality.minDamageTier.範圍.大=極大
2026-09-09T17:17:38.1863771Z     ZERO     0/1       0.0%  enum:config#config.authoring-rules@1.proportionality.minDamageTier.範圍.大=極小
2026-09-09T17:17:38.1865055Z     ZERO     0/1       0.0%  enum:config#config.authoring-rules@1.proportionality.minDamageTier.範圍.小=大
2026-09-09T17:17:38.1866078Z     ZERO     0/1       0.0%  enum:config#config.authoring-rules@1.proportionality.minDamageTier.範圍.小=小
2026-09-09T17:17:38.1867108Z     ZERO     0/1       0.0%  enum:config#config.authoring-rules@1.proportionality.minDamageTier.範圍.小=極大
2026-09-09T17:17:38.1868151Z     ZERO     0/1       0.0%  enum:config#config.authoring-rules@1.proportionality.minDamageTier.範圍.小=極小
2026-09-09T17:17:38.1869243Z     ZERO     0/1       0.0%  enum:config#config.authoring-rules@1.proportionality.minDamageTier.範圍.極大=中
2026-09-09T17:17:38.1870286Z     ZERO     0/1       0.0%  enum:config#config.authoring-rules@1.proportionality.minDamageTier.範圍.極大=大
2026-09-09T17:17:38.1871503Z     ZERO     0/1       0.0%  enum:config#config.authoring-rules@1.proportionality.minDamageTier.範圍.極大=小
2026-09-09T17:17:38.1872806Z     ZERO     0/1       0.0%  enum:config#config.authoring-rules@1.proportionality.minDamageTier.範圍.極大=極小
2026-09-09T17:17:38.1873821Z     ZERO     0/1       0.0%  enum:config#config.authoring-rules@1.proportionality.minDamageTier.範圍.極小=中
2026-09-09T17:17:38.1874795Z     ZERO     0/1       0.0%  enum:config#config.authoring-rules@1.proportionality.minDamageTier.範圍.極小=大
2026-09-09T17:17:38.1875787Z     ZERO     0/1       0.0%  enum:config#config.authoring-rules@1.proportionality.minDamageTier.範圍.極小=極大
2026-09-09T17:17:38.1876776Z     ZERO     0/1       0.0%  enum:config#config.authoring-rules@1.proportionality.minDamageTier.範圍.極小=極小
2026-09-09T17:17:38.1877746Z     ZERO     0/1       0.0%  enum:config#config.authoring-rules@1.proportionality.minDamageTier.變身.中=中
2026-09-09T17:17:38.1878717Z     ZERO     0/1       0.0%  enum:config#config.authoring-rules@1.proportionality.minDamageTier.變身.中=大
2026-09-09T17:17:38.1879706Z     ZERO     0/1       0.0%  enum:config#config.authoring-rules@1.proportionality.minDamageTier.變身.中=小
2026-09-09T17:17:38.1880717Z     ZERO     0/1       0.0%  enum:config#config.authoring-rules@1.proportionality.minDamageTier.變身.中=極大
2026-09-09T17:17:38.1881720Z     ZERO     0/1       0.0%  enum:config#config.authoring-rules@1.proportionality.minDamageTier.變身.大=中
2026-09-09T17:17:38.1882898Z     ZERO     0/1       0.0%  enum:config#config.authoring-rules@1.proportionality.minDamageTier.變身.大=大
2026-09-09T17:17:38.1883901Z     ZERO     0/1       0.0%  enum:config#config.authoring-rules@1.proportionality.minDamageTier.變身.大=小
2026-09-09T17:17:38.1884908Z     ZERO     0/1       0.0%  enum:config#config.authoring-rules@1.proportionality.minDamageTier.變身.大=極大
2026-09-09T17:17:38.1895161Z     ZERO     0/1       0.0%  enum:config#config.authoring-rules@1.proportionality.minDamageTier.變身.小=中
2026-09-09T17:17:38.1896290Z     ZERO     0/1       0.0%  enum:config#config.authoring-rules@1.proportionality.minDamageTier.變身.小=大
2026-09-09T17:17:38.1897352Z     ZERO     0/1       0.0%  enum:config#config.authoring-rules@1.proportionality.minDamageTier.變身.小=小
2026-09-09T17:17:38.1898415Z     ZERO     0/1       0.0%  enum:config#config.authoring-rules@1.proportionality.minDamageTier.變身.小=極大
2026-09-09T17:17:38.1899461Z     ZERO     0/1       0.0%  enum:config#config.authoring-rules@1.proportionality.minDamageTier.變身.極大=中
2026-09-09T17:17:38.1900493Z     ZERO     0/1       0.0%  enum:config#config.authoring-rules@1.proportionality.minDamageTier.變身.極大=大
2026-09-09T17:17:38.1901502Z     ZERO     0/1       0.0%  enum:config#config.authoring-rules@1.proportionality.minDamageTier.變身.極大=小
2026-09-09T17:17:38.1902804Z     ZERO     0/1       0.0%  enum:config#config.authoring-rules@1.proportionality.minDamageTier.變身.極大=極大
2026-09-09T17:17:38.1903846Z     ZERO     0/1       0.0%  enum:config#config.authoring-rules@1.proportionality.minDamageTier.變身.極小=中
2026-09-09T17:17:38.1904927Z     ZERO     0/1       0.0%  enum:config#config.authoring-rules@1.proportionality.minDamageTier.變身.極小=大
2026-09-09T17:17:38.1906286Z     ZERO     0/1       0.0%  enum:config#config.authoring-rules@1.proportionality.minDamageTier.變身.極小=小
2026-09-09T17:17:38.1907347Z     ZERO     0/1       0.0%  enum:config#config.authoring-rules@1.proportionality.minDamageTier.變身.極小=極大
2026-09-09T17:17:38.1908125Z     ZERO     0/1       0.0%  enum:config#config.authoring-rules@1.proportionality.model=aimRisk
2026-09-09T17:17:38.1908944Z     ZERO     0/1       0.0%  enum:config#config.authoring-rules@1.proportionality.model=custom
2026-09-09T17:17:38.1909746Z     ZERO     0/1       0.0%  enum:config#config.authoring-rules@1.proportionality.model=ownerCell
2026-09-09T17:17:38.1910294Z     ZERO     0/1       0.0%  enum:config#config.berserk@1.trigger=off
2026-09-09T17:17:38.1910843Z     ZERO     0/1       0.0%  enum:config#config.block@1.stacking=best
2026-09-09T17:17:38.1911511Z     ZERO     0/1       0.0%  enum:config#config.cast-time@1.comboWindowFrom=resolve
2026-09-09T17:17:38.1912730Z     ZERO     0/1       0.0%  enum:config#config.content-load@1.policy=fail-closed
2026-09-09T17:17:38.1913502Z     ZERO     0/1       0.0%  enum:config#config.controller-scheme@1.schemes{}.bindings.*=none
2026-09-09T17:17:38.1914020Z     ZERO     0/1       0.0%  enum:config#config.crit@1.stackMode=add
2026-09-09T17:17:38.1914523Z     ZERO     0/1       0.0%  enum:config#config.crit@1.stackMode=max
2026-09-09T17:17:38.1915163Z     ZERO     0/1       0.0%  enum:config#config.damage-colors@1.blockFlashMode=damage
2026-09-09T17:17:38.1915788Z     ZERO     0/1       0.0%  enum:config#config.damage-colors@1.blockFlashMode=none
2026-09-09T17:17:38.1916402Z     ZERO     0/1       0.0%  enum:config#config.damage-colors@1.outline.mode=off
2026-09-09T17:17:38.1917031Z     ZERO     0/1       0.0%  enum:config#config.damage-colors@1.outline.mode=taken
2026-09-09T17:17:38.1917661Z     ZERO     0/1       0.0%  enum:config#config.damage-colors@1.textAxis=relation
2026-09-09T17:17:38.1918462Z     ZERO     0/1       0.0%  enum:config#config.damage-rules@1.defaultAbilityDamageType=physical
2026-09-09T17:17:38.1919216Z     ZERO     0/1       0.0%  enum:config#config.damage-rules@1.defaultAbilityDamageType=true
2026-09-09T17:17:38.1919791Z     ZERO     0/1       0.0%  enum:config#config.dispel@1.defaultOrder=oldest
2026-09-09T17:17:38.1920494Z     ZERO     0/1       0.0%  enum:config#config.displacement-tiers@1.wallBlock.blink=allow
2026-09-09T17:17:38.1921194Z     ZERO     0/1       0.0%  enum:config#config.displacement-tiers@1.wallBlock.blink=cancel
2026-09-09T17:17:38.1922143Z     ZERO     0/1       0.0%  enum:config#config.displacement-tiers@1.wallBlock.leap=allow
2026-09-09T17:17:38.1922877Z     ZERO     0/1       0.0%  enum:config#config.displacement-tiers@1.wallBlock.leap=cancel
2026-09-09T17:17:38.1923495Z     ZERO     0/1       0.0%  enum:config#config.gore@1.championStyles{}=off
2026-09-09T17:17:38.1924006Z     ZERO     0/1       0.0%  enum:config#config.gore@1.style=off
2026-09-09T17:17:38.1924544Z     ZERO     0/1       0.0%  enum:config#config.gore@1.style=stylized
2026-09-09T17:17:38.1925279Z     ZERO     0/1       0.0%  enum:config#config.hud-layout@1.goldLevelTouchLayout=column
2026-09-09T17:17:38.1925924Z     ZERO     0/1       0.0%  enum:config#config.hud-layout@1.heroPortrait=base-form
2026-09-09T17:17:38.1926518Z     ZERO     0/1       0.0%  enum:config#config.hud-layout@1.heroPortrait=none
2026-09-09T17:17:38.1927210Z     ZERO     0/1       0.0%  enum:config#config.lobby-layout@1.alreadyFriendMode=hide-row
2026-09-09T17:17:38.1927802Z     ZERO     0/1       0.0%  enum:config#config.lobby-layout@1.friendSort=name
2026-09-09T17:17:38.1928404Z     ZERO     0/1       0.0%  enum:config#config.lobby-layout@1.nemesisSort=bane
2026-09-09T17:17:38.1929039Z     ZERO     0/1       0.0%  enum:config#config.lobby-layout@1.nemesisSort=rivalry
2026-09-09T17:17:38.1929619Z     ZERO     0/1       0.0%  enum:config#config.lobby-rally@1.joinMode=opt-in
2026-09-09T17:17:38.1930252Z     ZERO     0/1       0.0%  enum:config#config.map-report@1.maps[].issues[].kind=hard
2026-09-09T17:17:38.1930998Z     ZERO     0/1       0.0%  enum:config#config.map-report@1.maps[].issues[].severity=error
2026-09-09T17:17:38.1932133Z     ZERO     0/1       0.0%  enum:config#config.map-report@1.maps[].issues[].severity=off
2026-09-09T17:17:38.1932813Z     ZERO     0/1       0.0%  enum:config#config.map-spec@1.severity.chokepoints=error
2026-09-09T17:17:38.1933464Z     ZERO     0/1       0.0%  enum:config#config.map-spec@1.severity.chokepoints=off
2026-09-09T17:17:38.1934088Z     ZERO     0/1       0.0%  enum:config#config.map-spec@1.severity.deadEnds=error
2026-09-09T17:17:38.1934698Z     ZERO     0/1       0.0%  enum:config#config.map-spec@1.severity.deadEnds=off
2026-09-09T17:17:38.1935368Z     ZERO     0/1       0.0%  enum:config#config.map-spec@1.severity.interactions=error
2026-09-09T17:17:38.1935999Z     ZERO     0/1       0.0%  enum:config#config.map-spec@1.severity.interactions=off
2026-09-09T17:17:38.1936608Z     ZERO     0/1       0.0%  enum:config#config.map-spec@1.severity.loops=error
2026-09-09T17:17:38.1937381Z     ZERO     0/1       0.0%  enum:config#config.map-spec@1.severity.loops=off
2026-09-09T17:17:38.1938049Z     ZERO     0/1       0.0%  enum:config#config.map-spec@1.severity.shortcuts=error
2026-09-09T17:17:38.1938652Z     ZERO     0/1       0.0%  enum:config#config.map-spec@1.severity.shortcuts=off
2026-09-09T17:17:38.1939260Z     ZERO     0/1       0.0%  enum:config#config.map-spec@1.severity.traversal=error
2026-09-09T17:17:38.1939870Z     ZERO     0/1       0.0%  enum:config#config.map-spec@1.severity.traversal=off
2026-09-09T17:17:38.1940479Z     ZERO     0/1       0.0%  enum:config#config.model-lod@1.adaptiveCostMode=work
2026-09-09T17:17:38.1941187Z     ZERO     0/1       0.0%  enum:config#config.model-lod@1.platformPolicy.phone=supported
2026-09-09T17:17:38.1941801Z     ZERO     0/1       0.0%  enum:config#config.model-lod@1.presetTiers.auto=mid
2026-09-09T17:17:38.1942643Z     ZERO     0/1       0.0%  enum:config#config.model-lod@1.presetTiers.auto=small
2026-09-09T17:17:38.1943253Z     ZERO     0/1       0.0%  enum:config#config.model-lod@1.presetTiers.high=mid
2026-09-09T17:17:38.1943904Z     ZERO     0/1       0.0%  enum:config#config.model-lod@1.presetTiers.high=small
2026-09-09T17:17:38.1944517Z     ZERO     0/1       0.0%  enum:config#config.model-lod@1.presetTiers.low=high
2026-09-09T17:17:38.1945115Z     ZERO     0/1       0.0%  enum:config#config.model-lod@1.presetTiers.low=mid
2026-09-09T17:17:38.1945758Z     ZERO     0/1       0.0%  enum:config#config.model-lod@1.presetTiers.medium=high
2026-09-09T17:17:38.1946392Z     ZERO     0/1       0.0%  enum:config#config.model-lod@1.presetTiers.medium=small
2026-09-09T17:17:38.1947174Z     ZERO     0/1       0.0%  enum:config#config.per-level-bonus@1.perLevel{}.appliesTo=nonPrimary
2026-09-09T17:17:38.1947924Z     ZERO     0/1       0.0%  enum:config#config.per-level-bonus@1.perLevel{}.appliesTo=primary
2026-09-09T17:17:38.1948505Z     ZERO     0/1       0.0%  enum:config#config.regen@1.drainFloorMode=clamp
2026-09-09T17:17:38.1949029Z     ZERO     0/1       0.0%  enum:config#config.regen@1.pctMode=add
2026-09-09T17:17:38.1949691Z     ZERO     0/1       0.0%  enum:config#config.screen-fx@1.reducedMotionMode=ignore
2026-09-09T17:17:38.1950315Z     ZERO     0/1       0.0%  enum:config#config.screen-fx@1.reducedMotionMode=off
2026-09-09T17:17:38.1950922Z     ZERO     0/1       0.0%  enum:config#config.shield@1.absorbOrder=generalFirst
2026-09-09T17:17:38.1951547Z     ZERO     0/1       0.0%  enum:config#config.shield@1.absorbOrder=insertionOrder
2026-09-09T17:17:38.1952529Z     ZERO     0/1       0.0%  enum:config#config.shield@1.spellWardBlocksWholeCast=status-only
2026-09-09T17:17:38.1953223Z     ZERO     0/1       0.0%  enum:config#config.skill-normalize@1.damageColumnBasis=total
2026-09-09T17:17:38.1953932Z     ZERO     0/1       0.0%  enum:config#config.skill-normalize@1.damageLeafScope=all-leaves
2026-09-09T17:17:38.1954684Z     ZERO     0/1       0.0%  enum:config#config.skill-normalize@1.radiusColumnBasis=max-coverage
2026-09-09T17:17:38.1955311Z     ZERO     0/1       0.0%  enum:config#config.skill-normalize@1.snapPolicy=down
2026-09-09T17:17:38.1956137Z     ZERO     0/1       0.0%  enum:config#config.skill-normalize@1.snapPolicy=up
2026-09-09T17:17:38.1956719Z     ZERO     0/1       0.0%  enum:config#config.speed-growth-tiers@1.ladder=B
2026-09-09T17:17:38.1957589Z     ZERO     0/1       0.0%  enum:config#config.stat-normalization@1.byArchetype.ad.fighter=大
2026-09-09T17:17:38.1958387Z     ZERO     0/1       0.0%  enum:config#config.stat-normalization@1.byArchetype.ad.fighter=小
2026-09-09T17:17:38.1959271Z     ZERO     0/1       0.0%  enum:config#config.stat-normalization@1.byArchetype.ad.fighter=極大
2026-09-09T17:17:38.1960148Z     ZERO     0/1       0.0%  enum:config#config.stat-normalization@1.byArchetype.ad.fighter=極小
2026-09-09T17:17:38.1960912Z     ZERO     0/1       0.0%  enum:config#config.stat-normalization@1.byArchetype.ad.mage=大
2026-09-09T17:17:38.1961853Z     ZERO     0/1       0.0%  enum:config#config.stat-normalization@1.byArchetype.ad.mage=小
2026-09-09T17:17:38.1962996Z     ZERO     0/1       0.0%  enum:config#config.stat-normalization@1.byArchetype.ad.mage=極大
2026-09-09T17:17:38.1963846Z     ZERO     0/1       0.0%  enum:config#config.stat-normalization@1.byArchetype.ad.mage=極小
2026-09-09T17:17:38.1964664Z     ZERO     0/1       0.0%  enum:config#config.stat-normalization@1.byArchetype.ad.marksman=大
2026-09-09T17:17:38.1965481Z     ZERO     0/1       0.0%  enum:config#config.stat-normalization@1.byArchetype.ad.marksman=小
2026-09-09T17:17:38.1966377Z     ZERO     0/1       0.0%  enum:config#config.stat-normalization@1.byArchetype.ad.marksman=極大
2026-09-09T17:17:38.1967253Z     ZERO     0/1       0.0%  enum:config#config.stat-normalization@1.byArchetype.ad.marksman=極小
2026-09-09T17:17:38.1968016Z     ZERO     0/1       0.0%  enum:config#config.stat-normalization@1.byArchetype.ad.tank=大
2026-09-09T17:17:38.1968774Z     ZERO     0/1       0.0%  enum:config#config.stat-normalization@1.byArchetype.ad.tank=小
2026-09-09T17:17:38.1969617Z     ZERO     0/1       0.0%  enum:config#config.stat-normalization@1.byArchetype.ad.tank=極大
2026-09-09T17:17:38.1970443Z     ZERO     0/1       0.0%  enum:config#config.stat-normalization@1.byArchetype.ad.tank=極小
2026-09-09T17:17:38.1971254Z     ZERO     0/1       0.0%  enum:config#config.stat-normalization@1.byArchetype.ap.fighter=大
2026-09-09T17:17:38.1972306Z     ZERO     0/1       0.0%  enum:config#config.stat-normalization@1.byArchetype.ap.fighter=小
2026-09-09T17:17:38.1973269Z     ZERO     0/1       0.0%  enum:config#config.stat-normalization@1.byArchetype.ap.fighter=極大
2026-09-09T17:17:38.1974170Z     ZERO     0/1       0.0%  enum:config#config.stat-normalization@1.byArchetype.ap.fighter=極小
2026-09-09T17:17:38.1974925Z     ZERO     0/1       0.0%  enum:config#config.stat-normalization@1.byArchetype.ap.mage=大
2026-09-09T17:17:38.1975698Z     ZERO     0/1       0.0%  enum:config#config.stat-normalization@1.byArchetype.ap.mage=小
2026-09-09T17:17:38.1976568Z     ZERO     0/1       0.0%  enum:config#config.stat-normalization@1.byArchetype.ap.mage=極大
2026-09-09T17:17:38.1977431Z     ZERO     0/1       0.0%  enum:config#config.stat-normalization@1.byArchetype.ap.mage=極小
2026-09-09T17:17:38.1978237Z     ZERO     0/1       0.0%  enum:config#config.stat-normalization@1.byArchetype.ap.marksman=大
2026-09-09T17:17:38.1979062Z     ZERO     0/1       0.0%  enum:config#config.stat-normalization@1.byArchetype.ap.marksman=小
2026-09-09T17:17:38.1979965Z     ZERO     0/1       0.0%  enum:config#config.stat-normalization@1.byArchetype.ap.marksman=極大
2026-09-09T17:17:38.1980854Z     ZERO     0/1       0.0%  enum:config#config.stat-normalization@1.byArchetype.ap.marksman=極小
2026-09-09T17:17:38.1981628Z     ZERO     0/1       0.0%  enum:config#config.stat-normalization@1.byArchetype.ap.tank=大
2026-09-09T17:17:38.1982676Z     ZERO     0/1       0.0%  enum:config#config.stat-normalization@1.byArchetype.ap.tank=小
2026-09-09T17:17:38.1983729Z     ZERO     0/1       0.0%  enum:config#config.stat-normalization@1.byArchetype.ap.tank=極大
2026-09-09T17:17:38.1984334Z     ZERO     0/1       0.0%  enum:config#config.stat-normalization@1.byArchetype.ap.tank=極小
2026-09-09T17:17:38.1984806Z     ZERO     0/1       0.0%  enum:config#config.stat-normalization@1.byArchetype.armor.fighter=大
2026-09-09T17:17:38.1985255Z     ZERO     0/1       0.0%  enum:config#config.stat-normalization@1.byArchetype.armor.fighter=小
2026-09-09T17:17:38.1985739Z     ZERO     0/1       0.0%  enum:config#config.stat-normalization@1.byArchetype.armor.fighter=極大
2026-09-09T17:17:38.1986217Z     ZERO     0/1       0.0%  enum:config#config.stat-normalization@1.byArchetype.armor.fighter=極小
2026-09-09T17:17:38.1986647Z     ZERO     0/1       0.0%  enum:config#config.stat-normalization@1.byArchetype.armor.mage=中
2026-09-09T17:17:38.1987082Z     ZERO     0/1       0.0%  enum:config#config.stat-normalization@1.byArchetype.armor.mage=大
2026-09-09T17:17:38.1987558Z     ZERO     0/1       0.0%  enum:config#config.stat-normalization@1.byArchetype.armor.mage=極大
2026-09-09T17:17:38.1988033Z     ZERO     0/1       0.0%  enum:config#config.stat-normalization@1.byArchetype.armor.mage=極小
2026-09-09T17:17:38.1988490Z     ZERO     0/1       0.0%  enum:config#config.stat-normalization@1.byArchetype.armor.marksman=中
2026-09-09T17:17:38.1988931Z     ZERO     0/1       0.0%  enum:config#config.stat-normalization@1.byArchetype.armor.marksman=大
2026-09-09T17:17:38.1989413Z     ZERO     0/1       0.0%  enum:config#config.stat-normalization@1.byArchetype.armor.marksman=極大
2026-09-09T17:17:38.1989894Z     ZERO     0/1       0.0%  enum:config#config.stat-normalization@1.byArchetype.armor.marksman=極小
2026-09-09T17:17:38.1990314Z     ZERO     0/1       0.0%  enum:config#config.stat-normalization@1.byArchetype.armor.tank=中
2026-09-09T17:17:38.1990730Z     ZERO     0/1       0.0%  enum:config#config.stat-normalization@1.byArchetype.armor.tank=小
2026-09-09T17:17:38.1991185Z     ZERO     0/1       0.0%  enum:config#config.stat-normalization@1.byArchetype.armor.tank=極大
2026-09-09T17:17:38.1991645Z     ZERO     0/1       0.0%  enum:config#config.stat-normalization@1.byArchetype.armor.tank=極小
2026-09-09T17:17:38.1992477Z     ZERO     0/1       0.0%  enum:config#config.stat-normalization@1.byArchetype.as.fighter=大
2026-09-09T17:17:38.1993321Z     ZERO     0/1       0.0%  enum:config#config.stat-normalization@1.byArchetype.as.fighter=小
2026-09-09T17:17:38.1994162Z     ZERO     0/1       0.0%  enum:config#config.stat-normalization@1.byArchetype.as.fighter=極大
2026-09-09T17:17:38.1995028Z     ZERO     0/1       0.0%  enum:config#config.stat-normalization@1.byArchetype.as.fighter=極小
2026-09-09T17:17:38.1995803Z     ZERO     0/1       0.0%  enum:config#config.stat-normalization@1.byArchetype.as.mage=大
2026-09-09T17:17:38.1996488Z     ZERO     0/1       0.0%  enum:config#config.stat-normalization@1.byArchetype.as.mage=小
2026-09-09T17:17:38.1997368Z     ZERO     0/1       0.0%  enum:config#config.stat-normalization@1.byArchetype.as.mage=極大
2026-09-09T17:17:38.1998268Z     ZERO     0/1       0.0%  enum:config#config.stat-normalization@1.byArchetype.as.mage=極小
2026-09-09T17:17:38.1999366Z     ZERO     0/1       0.0%  enum:config#config.stat-normalization@1.byArchetype.as.marksman=大
2026-09-09T17:17:38.2000196Z     ZERO     0/1       0.0%  enum:config#config.stat-normalization@1.byArchetype.as.marksman=小
2026-09-09T17:17:38.2001134Z     ZERO     0/1       0.0%  enum:config#config.stat-normalization@1.byArchetype.as.marksman=極大
2026-09-09T17:17:38.2002305Z     ZERO     0/1       0.0%  enum:config#config.stat-normalization@1.byArchetype.as.marksman=極小
2026-09-09T17:17:38.2003110Z     ZERO     0/1       0.0%  enum:config#config.stat-normalization@1.byArchetype.as.tank=大
2026-09-09T17:17:38.2003905Z     ZERO     0/1       0.0%  enum:config#config.stat-normalization@1.byArchetype.as.tank=小
2026-09-09T17:17:38.2004805Z     ZERO     0/1       0.0%  enum:config#config.stat-normalization@1.byArchetype.as.tank=極大
2026-09-09T17:17:38.2005751Z     ZERO     0/1       0.0%  enum:config#config.stat-normalization@1.byArchetype.as.tank=極小
2026-09-09T17:17:38.2006987Z     ZERO     0/1       0.0%  enum:config#config.stat-normalization@1.byArchetype.healthRegen.fighter=大
2026-09-09T17:17:38.2007962Z     ZERO     0/1       0.0%  enum:config#config.stat-normalization@1.byArchetype.healthRegen.fighter=小
2026-09-09T17:17:38.2009092Z     ZERO     0/1       0.0%  enum:config#config.stat-normalization@1.byArchetype.healthRegen.fighter=極大
2026-09-09T17:17:38.2010122Z     ZERO     0/1       0.0%  enum:config#config.stat-normalization@1.byArchetype.healthRegen.fighter=極小
2026-09-09T17:17:38.2011025Z     ZERO     0/1       0.0%  enum:config#config.stat-normalization@1.byArchetype.healthRegen.mage=大
2026-09-09T17:17:38.2012181Z     ZERO     0/1       0.0%  enum:config#config.stat-normalization@1.byArchetype.healthRegen.mage=小
2026-09-09T17:17:38.2013265Z     ZERO     0/1       0.0%  enum:config#config.stat-normalization@1.byArchetype.healthRegen.mage=極大
2026-09-09T17:17:38.2014358Z     ZERO     0/1       0.0%  enum:config#config.stat-normalization@1.byArchetype.healthRegen.mage=極小
2026-09-09T17:17:38.2015350Z     ZERO     0/1       0.0%  enum:config#config.stat-normalization@1.byArchetype.healthRegen.marksman=大
2026-09-09T17:17:38.2016307Z     ZERO     0/1       0.0%  enum:config#config.stat-normalization@1.byArchetype.healthRegen.marksman=小
2026-09-09T17:17:38.2017362Z     ZERO     0/1       0.0%  enum:config#config.stat-normalization@1.byArchetype.healthRegen.marksman=極大
2026-09-09T17:17:38.2018396Z     ZERO     0/1       0.0%  enum:config#config.stat-normalization@1.byArchetype.healthRegen.marksman=極小
2026-09-09T17:17:38.2019300Z     ZERO     0/1       0.0%  enum:config#config.stat-normalization@1.byArchetype.healthRegen.tank=大
2026-09-09T17:17:38.2020228Z     ZERO     0/1       0.0%  enum:config#config.stat-normalization@1.byArchetype.healthRegen.tank=小
2026-09-09T17:17:38.2021231Z     ZERO     0/1       0.0%  enum:config#config.stat-normalization@1.byArchetype.healthRegen.tank=極大
2026-09-09T17:17:38.2022488Z     ZERO     0/1       0.0%  enum:config#config.stat-normalization@1.byArchetype.healthRegen.tank=極小
2026-09-09T17:17:38.2023425Z     ZERO     0/1       0.0%  enum:config#config.stat-normalization@1.byArchetype.manaRegen.fighter=大
2026-09-09T17:17:38.2024332Z     ZERO     0/1       0.0%  enum:config#config.stat-normalization@1.byArchetype.manaRegen.fighter=小
2026-09-09T17:17:38.2025393Z     ZERO     0/1       0.0%  enum:config#config.stat-normalization@1.byArchetype.manaRegen.fighter=極大
2026-09-09T17:17:38.2026484Z     ZERO     0/1       0.0%  enum:config#config.stat-normalization@1.byArchetype.manaRegen.fighter=極小
2026-09-09T17:17:38.2027409Z     ZERO     0/1       0.0%  enum:config#config.stat-normalization@1.byArchetype.manaRegen.mage=大
2026-09-09T17:17:38.2028339Z     ZERO     0/1       0.0%  enum:config#config.stat-normalization@1.byArchetype.manaRegen.mage=小
2026-09-09T17:17:38.2029355Z     ZERO     0/1       0.0%  enum:config#config.stat-normalization@1.byArchetype.manaRegen.mage=極大
2026-09-09T17:17:38.2030370Z     ZERO     0/1       0.0%  enum:config#config.stat-normalization@1.byArchetype.manaRegen.mage=極小
2026-09-09T17:17:38.2031548Z     ZERO     0/1       0.0%  enum:config#config.stat-normalization@1.byArchetype.manaRegen.marksman=大
2026-09-09T17:17:38.2032723Z     ZERO     0/1       0.0%  enum:config#config.stat-normalization@1.byArchetype.manaRegen.marksman=小
2026-09-09T17:17:38.2033714Z     ZERO     0/1       0.0%  enum:config#config.stat-normalization@1.byArchetype.manaRegen.marksman=極大
2026-09-09T17:17:38.2034745Z     ZERO     0/1       0.0%  enum:config#config.stat-normalization@1.byArchetype.manaRegen.marksman=極小
2026-09-09T17:17:38.2035642Z     ZERO     0/1       0.0%  enum:config#config.stat-normalization@1.byArchetype.manaRegen.tank=大
2026-09-09T17:17:38.2036559Z     ZERO     0/1       0.0%  enum:config#config.stat-normalization@1.byArchetype.manaRegen.tank=小
2026-09-09T17:17:38.2037553Z     ZERO     0/1       0.0%  enum:config#config.stat-normalization@1.byArchetype.manaRegen.tank=極大
2026-09-09T17:17:38.2038701Z     ZERO     0/1       0.0%  enum:config#config.stat-normalization@1.byArchetype.manaRegen.tank=極小
2026-09-09T17:17:38.2039694Z     ZERO     0/1       0.0%  enum:config#config.stat-normalization@1.byArchetype.maxHealth.fighter=大
2026-09-09T17:17:38.2040589Z     ZERO     0/1       0.0%  enum:config#config.stat-normalization@1.byArchetype.maxHealth.fighter=小
2026-09-09T17:17:38.2041600Z     ZERO     0/1       0.0%  enum:config#config.stat-normalization@1.byArchetype.maxHealth.fighter=極大
2026-09-09T17:17:38.2042939Z     ZERO     0/1       0.0%  enum:config#config.stat-normalization@1.byArchetype.maxHealth.fighter=極小
2026-09-09T17:17:38.2043909Z     ZERO     0/1       0.0%  enum:config#config.stat-normalization@1.byArchetype.maxHealth.mage=大
2026-09-09T17:17:38.2044813Z     ZERO     0/1       0.0%  enum:config#config.stat-normalization@1.byArchetype.maxHealth.mage=小
2026-09-09T17:17:38.2045769Z     ZERO     0/1       0.0%  enum:config#config.stat-normalization@1.byArchetype.maxHealth.mage=極大
2026-09-09T17:17:38.2046736Z     ZERO     0/1       0.0%  enum:config#config.stat-normalization@1.byArchetype.maxHealth.mage=極小
2026-09-09T17:17:38.2047678Z     ZERO     0/1       0.0%  enum:config#config.stat-normalization@1.byArchetype.maxHealth.marksman=大
2026-09-09T17:17:38.2048603Z     ZERO     0/1       0.0%  enum:config#config.stat-normalization@1.byArchetype.maxHealth.marksman=小
2026-09-09T17:17:38.2082740Z     ZERO     0/1       0.0%  enum:config#config.stat-normalization@1.byArchetype.maxHealth.marksman=極大
2026-09-09T17:17:38.2083919Z     ZERO     0/1       0.0%  enum:config#config.stat-normalization@1.byArchetype.maxHealth.marksman=極小
2026-09-09T17:17:38.2084865Z     ZERO     0/1       0.0%  enum:config#config.stat-normalization@1.byArchetype.maxHealth.tank=大
2026-09-09T17:17:38.2085750Z     ZERO     0/1       0.0%  enum:config#config.stat-normalization@1.byArchetype.maxHealth.tank=小
2026-09-09T17:17:38.2086680Z     ZERO     0/1       0.0%  enum:config#config.stat-normalization@1.byArchetype.maxHealth.tank=極大
2026-09-09T17:17:38.2087717Z     ZERO     0/1       0.0%  enum:config#config.stat-normalization@1.byArchetype.maxHealth.tank=極小
2026-09-09T17:17:38.2088664Z     ZERO     0/1       0.0%  enum:config#config.stat-normalization@1.byArchetype.maxMana.fighter=大
2026-09-09T17:17:38.2089591Z     ZERO     0/1       0.0%  enum:config#config.stat-normalization@1.byArchetype.maxMana.fighter=小
2026-09-09T17:17:38.2090633Z     ZERO     0/1       0.0%  enum:config#config.stat-normalization@1.byArchetype.maxMana.fighter=極大
2026-09-09T17:17:38.2091656Z     ZERO     0/1       0.0%  enum:config#config.stat-normalization@1.byArchetype.maxMana.fighter=極小
2026-09-09T17:17:38.2092725Z     ZERO     0/1       0.0%  enum:config#config.stat-normalization@1.byArchetype.maxMana.mage=大
2026-09-09T17:17:38.2093599Z     ZERO     0/1       0.0%  enum:config#config.stat-normalization@1.byArchetype.maxMana.mage=小
2026-09-09T17:17:38.2094529Z     ZERO     0/1       0.0%  enum:config#config.stat-normalization@1.byArchetype.maxMana.mage=極大
2026-09-09T17:17:38.2095461Z     ZERO     0/1       0.0%  enum:config#config.stat-normalization@1.byArchetype.maxMana.mage=極小
2026-09-09T17:17:38.2096685Z     ZERO     0/1       0.0%  enum:config#config.stat-normalization@1.byArchetype.maxMana.marksman=大
2026-09-09T17:17:38.2097633Z     ZERO     0/1       0.0%  enum:config#config.stat-normalization@1.byArchetype.maxMana.marksman=小
2026-09-09T17:17:38.2098654Z     ZERO     0/1       0.0%  enum:config#config.stat-normalization@1.byArchetype.maxMana.marksman=極大
2026-09-09T17:17:38.2099704Z     ZERO     0/1       0.0%  enum:config#config.stat-normalization@1.byArchetype.maxMana.marksman=極小
2026-09-09T17:17:38.2100607Z     ZERO     0/1       0.0%  enum:config#config.stat-normalization@1.byArchetype.maxMana.tank=大
2026-09-09T17:17:38.2101479Z     ZERO     0/1       0.0%  enum:config#config.stat-normalization@1.byArchetype.maxMana.tank=小
2026-09-09T17:17:38.2102674Z     ZERO     0/1       0.0%  enum:config#config.stat-normalization@1.byArchetype.maxMana.tank=極大
2026-09-09T17:17:38.2103861Z     ZERO     0/1       0.0%  enum:config#config.stat-normalization@1.byArchetype.maxMana.tank=極小
2026-09-09T17:17:38.2104754Z     ZERO     0/1       0.0%  enum:config#config.stat-normalization@1.byArchetype.mr.fighter=大
2026-09-09T17:17:38.2105596Z     ZERO     0/1       0.0%  enum:config#config.stat-normalization@1.byArchetype.mr.fighter=小
2026-09-09T17:17:38.2106527Z     ZERO     0/1       0.0%  enum:config#config.stat-normalization@1.byArchetype.mr.fighter=極大
2026-09-09T17:17:38.2107448Z     ZERO     0/1       0.0%  enum:config#config.stat-normalization@1.byArchetype.mr.fighter=極小
2026-09-09T17:17:38.2108321Z     ZERO     0/1       0.0%  enum:config#config.stat-normalization@1.byArchetype.mr.mage=中
2026-09-09T17:17:38.2109104Z     ZERO     0/1       0.0%  enum:config#config.stat-normalization@1.byArchetype.mr.mage=小
2026-09-09T17:17:38.2109944Z     ZERO     0/1       0.0%  enum:config#config.stat-normalization@1.byArchetype.mr.mage=極大
2026-09-09T17:17:38.2110817Z     ZERO     0/1       0.0%  enum:config#config.stat-normalization@1.byArchetype.mr.mage=極小
2026-09-09T17:17:38.2111649Z     ZERO     0/1       0.0%  enum:config#config.stat-normalization@1.byArchetype.mr.marksman=中
2026-09-09T17:17:38.2157185Z     ZERO     0/1       0.0%  enum:config#config.stat-normalization@1.byArchetype.mr.marksman=大
2026-09-09T17:17:38.2158175Z     ZERO     0/1       0.0%  enum:config#config.stat-normalization@1.byArchetype.mr.marksman=極大
2026-09-09T17:17:38.2159062Z     ZERO     0/1       0.0%  enum:config#config.stat-normalization@1.byArchetype.mr.marksman=極小
2026-09-09T17:17:38.2159834Z     ZERO     0/1       0.0%  enum:config#config.stat-normalization@1.byArchetype.mr.tank=中
2026-09-09T17:17:38.2160607Z     ZERO     0/1       0.0%  enum:config#config.stat-normalization@1.byArchetype.mr.tank=大
2026-09-09T17:17:38.2161460Z     ZERO     0/1       0.0%  enum:config#config.stat-normalization@1.byArchetype.mr.tank=極大
2026-09-09T17:17:38.2162549Z     ZERO     0/1       0.0%  enum:config#config.stat-normalization@1.byArchetype.mr.tank=極小
2026-09-09T17:17:38.2163389Z     ZERO     0/1       0.0%  enum:config#config.stat-normalization@1.byArchetype.ms.fighter=中
2026-09-09T17:17:38.2164224Z     ZERO     0/1       0.0%  enum:config#config.stat-normalization@1.byArchetype.ms.fighter=小
2026-09-09T17:17:38.2165171Z     ZERO     0/1       0.0%  enum:config#config.stat-normalization@1.byArchetype.ms.fighter=極大
2026-09-09T17:17:38.2166126Z     ZERO     0/1       0.0%  enum:config#config.stat-normalization@1.byArchetype.ms.fighter=極小
2026-09-09T17:17:38.2166962Z     ZERO     0/1       0.0%  enum:config#config.stat-normalization@1.byArchetype.ms.mage=中
2026-09-09T17:17:38.2167787Z     ZERO     0/1       0.0%  enum:config#config.stat-normalization@1.byArchetype.ms.mage=大
2026-09-09T17:17:38.2168635Z     ZERO     0/1       0.0%  enum:config#config.stat-normalization@1.byArchetype.ms.mage=極大
2026-09-09T17:17:38.2169530Z     ZERO     0/1       0.0%  enum:config#config.stat-normalization@1.byArchetype.ms.mage=極小
2026-09-09T17:17:38.2170411Z     ZERO     0/1       0.0%  enum:config#config.stat-normalization@1.byArchetype.ms.marksman=大
2026-09-09T17:17:38.2171509Z     ZERO     0/1       0.0%  enum:config#config.stat-normalization@1.byArchetype.ms.marksman=小
2026-09-09T17:17:38.2172683Z     ZERO     0/1       0.0%  enum:config#config.stat-normalization@1.byArchetype.ms.marksman=極大
2026-09-09T17:17:38.2173616Z     ZERO     0/1       0.0%  enum:config#config.stat-normalization@1.byArchetype.ms.marksman=極小
2026-09-09T17:17:38.2174418Z     ZERO     0/1       0.0%  enum:config#config.stat-normalization@1.byArchetype.ms.tank=中
2026-09-09T17:17:38.2175215Z     ZERO     0/1       0.0%  enum:config#config.stat-normalization@1.byArchetype.ms.tank=大
2026-09-09T17:17:38.2176139Z     ZERO     0/1       0.0%  enum:config#config.stat-normalization@1.byArchetype.ms.tank=極大
2026-09-09T17:17:38.2177005Z     ZERO     0/1       0.0%  enum:config#config.stat-normalization@1.byArchetype.ms.tank=極小
2026-09-09T17:17:38.2178131Z     ZERO     0/1       0.0%  enum:config#config.stat-normalization@1.byArchetype.range.fighter=大
2026-09-09T17:17:38.2179107Z     ZERO     0/1       0.0%  enum:config#config.stat-normalization@1.byArchetype.range.fighter=小
2026-09-09T17:17:38.2180058Z     ZERO     0/1       0.0%  enum:config#config.stat-normalization@1.byArchetype.range.fighter=極大
2026-09-09T17:17:38.2181003Z     ZERO     0/1       0.0%  enum:config#config.stat-normalization@1.byArchetype.range.fighter=極小
2026-09-09T17:17:38.2181857Z     ZERO     0/1       0.0%  enum:config#config.stat-normalization@1.byArchetype.range.mage=大
2026-09-09T17:17:38.2193213Z     ZERO     0/1       0.0%  enum:config#config.stat-normalization@1.byArchetype.range.mage=小
2026-09-09T17:17:38.2194189Z     ZERO     0/1       0.0%  enum:config#config.stat-normalization@1.byArchetype.range.mage=極大
2026-09-09T17:17:38.2195110Z     ZERO     0/1       0.0%  enum:config#config.stat-normalization@1.byArchetype.range.mage=極小
2026-09-09T17:17:38.2195935Z     ZERO     0/1       0.0%  enum:config#config.stat-normalization@1.byArchetype.range.marksman=中
2026-09-09T17:17:38.2196912Z     ZERO     0/1       0.0%  enum:config#config.stat-normalization@1.byArchetype.range.marksman=小
2026-09-09T17:17:38.2197967Z     ZERO     0/1       0.0%  enum:config#config.stat-normalization@1.byArchetype.range.marksman=極大
2026-09-09T17:17:38.2198991Z     ZERO     0/1       0.0%  enum:config#config.stat-normalization@1.byArchetype.range.marksman=極小
2026-09-09T17:17:38.2199895Z     ZERO     0/1       0.0%  enum:config#config.stat-normalization@1.byArchetype.range.tank=大
2026-09-09T17:17:38.2200706Z     ZERO     0/1       0.0%  enum:config#config.stat-normalization@1.byArchetype.range.tank=小
2026-09-09T17:17:38.2201647Z     ZERO     0/1       0.0%  enum:config#config.stat-normalization@1.byArchetype.range.tank=極大
2026-09-09T17:17:38.2202869Z     ZERO     0/1       0.0%  enum:config#config.stat-normalization@1.byArchetype.range.tank=極小
2026-09-09T17:17:38.2203672Z     ZERO     0/1       0.0%  enum:config#config.stat-normalization@1.byOrigin.ad.坦克=中
2026-09-09T17:17:38.2204500Z     ZERO     0/1       0.0%  enum:config#config.stat-normalization@1.byOrigin.ad.坦克=大
2026-09-09T17:17:38.2205393Z     ZERO     0/1       0.0%  enum:config#config.stat-normalization@1.byOrigin.ad.坦克=極大
2026-09-09T17:17:38.2222267Z     ZERO     0/1       0.0%  enum:config#config.stat-normalization@1.byOrigin.ad.坦克=極小
2026-09-09T17:17:38.2223235Z     ZERO     0/1       0.0%  enum:config#config.stat-normalization@1.byOrigin.ad.射手=中
2026-09-09T17:17:38.2224150Z     ZERO     0/1       0.0%  enum:config#config.stat-normalization@1.byOrigin.ad.射手=大
2026-09-09T17:17:38.2225010Z     ZERO     0/1       0.0%  enum:config#config.stat-normalization@1.byOrigin.ad.射手=小
2026-09-09T17:17:38.2225912Z     ZERO     0/1       0.0%  enum:config#config.stat-normalization@1.byOrigin.ad.射手=極小
2026-09-09T17:17:38.2226715Z     ZERO     0/1       0.0%  enum:config#config.stat-normalization@1.byOrigin.ad.法刺=中
2026-09-09T17:17:38.2227451Z     ZERO     0/1       0.0%  enum:config#config.stat-normalization@1.byOrigin.ad.法刺=大
2026-09-09T17:17:38.2228299Z     ZERO     0/1       0.0%  enum:config#config.stat-normalization@1.byOrigin.ad.法刺=小
2026-09-09T17:17:38.2229422Z     ZERO     0/1       0.0%  enum:config#config.stat-normalization@1.byOrigin.ad.法刺=極大
2026-09-09T17:17:38.2230230Z     ZERO     0/1       0.0%  enum:config#config.stat-normalization@1.byOrigin.ad.法師=中
2026-09-09T17:17:38.2230973Z     ZERO     0/1       0.0%  enum:config#config.stat-normalization@1.byOrigin.ad.法師=大
2026-09-09T17:17:38.2231715Z     ZERO     0/1       0.0%  enum:config#config.stat-normalization@1.byOrigin.ad.法師=極大
2026-09-09T17:17:38.2253079Z     ZERO     0/1       0.0%  enum:config#config.stat-normalization@1.byOrigin.ad.法師=極小
2026-09-09T17:17:38.2254025Z     ZERO     0/1       0.0%  enum:config#config.stat-normalization@1.byOrigin.ad.法鬥=中
2026-09-09T17:17:38.2254866Z     ZERO     0/1       0.0%  enum:config#config.stat-normalization@1.byOrigin.ad.法鬥=小
2026-09-09T17:17:38.2255629Z     ZERO     0/1       0.0%  enum:config#config.stat-normalization@1.byOrigin.ad.法鬥=極大
2026-09-09T17:17:38.2256771Z     ZERO     0/1       0.0%  enum:config#config.stat-normalization@1.byOrigin.ad.法鬥=極小
2026-09-09T17:17:38.2257734Z     ZERO     0/1       0.0%  enum:config#config.stat-normalization@1.byOrigin.ad.狂戰=中
2026-09-09T17:17:38.2258579Z     ZERO     0/1       0.0%  enum:config#config.stat-normalization@1.byOrigin.ad.狂戰=小
2026-09-09T17:17:38.2259453Z     ZERO     0/1       0.0%  enum:config#config.stat-normalization@1.byOrigin.ad.狂戰=極大
2026-09-09T17:17:38.2260610Z     ZERO     0/1       0.0%  enum:config#config.stat-normalization@1.byOrigin.ad.狂戰=極小
2026-09-09T17:17:38.2261497Z     ZERO     0/1       0.0%  enum:config#config.stat-normalization@1.byOrigin.ad.砲手=中
2026-09-09T17:17:38.2262654Z     ZERO     0/1       0.0%  enum:config#config.stat-normalization@1.byOrigin.ad.砲手=大
2026-09-09T17:17:38.2263510Z     ZERO     0/1       0.0%  enum:config#config.stat-normalization@1.byOrigin.ad.砲手=小
2026-09-09T17:17:38.2264368Z     ZERO     0/1       0.0%  enum:config#config.stat-normalization@1.byOrigin.ad.砲手=極小
2026-09-09T17:17:38.2265285Z     ZERO     0/1       0.0%  enum:config#config.stat-normalization@1.byOrigin.ad.硬輔=中
2026-09-09T17:17:38.2266107Z     ZERO     0/1       0.0%  enum:config#config.stat-normalization@1.byOrigin.ad.硬輔=大
2026-09-09T17:17:38.2266959Z     ZERO     0/1       0.0%  enum:config#config.stat-normalization@1.byOrigin.ad.硬輔=極大
2026-09-09T17:17:38.2267839Z     ZERO     0/1       0.0%  enum:config#config.stat-normalization@1.byOrigin.ad.硬輔=極小
2026-09-09T17:17:38.2268700Z     ZERO     0/1       0.0%  enum:config#config.stat-normalization@1.byOrigin.ad.軟輔=中
2026-09-09T17:17:38.2269562Z     ZERO     0/1       0.0%  enum:config#config.stat-normalization@1.byOrigin.ad.軟輔=大
2026-09-09T17:17:38.2270443Z     ZERO     0/1       0.0%  enum:config#config.stat-normalization@1.byOrigin.ad.軟輔=極大
2026-09-09T17:17:38.2271265Z     ZERO     0/1       0.0%  enum:config#config.stat-normalization@1.byOrigin.ad.軟輔=極小
2026-09-09T17:17:38.2272382Z     ZERO     0/1       0.0%  enum:config#config.stat-normalization@1.byOrigin.ad.鬥士=中
2026-09-09T17:17:38.2273252Z     ZERO     0/1       0.0%  enum:config#config.stat-normalization@1.byOrigin.ad.鬥士=小
2026-09-09T17:17:38.2274128Z     ZERO     0/1       0.0%  enum:config#config.stat-normalization@1.byOrigin.ad.鬥士=極大
2026-09-09T17:17:38.2275004Z     ZERO     0/1       0.0%  enum:config#config.stat-normalization@1.byOrigin.ad.鬥士=極小
2026-09-09T17:17:38.2275859Z     ZERO     0/1       0.0%  enum:config#config.stat-normalization@1.byOrigin.ap.坦克=中
2026-09-09T17:17:38.2276733Z     ZERO     0/1       0.0%  enum:config#config.stat-normalization@1.byOrigin.ap.坦克=大
2026-09-09T17:17:38.2277618Z     ZERO     0/1       0.0%  enum:config#config.stat-normalization@1.byOrigin.ap.坦克=極大
2026-09-09T17:17:38.2278478Z     ZERO     0/1       0.0%  enum:config#config.stat-normalization@1.byOrigin.ap.坦克=極小
2026-09-09T17:17:38.2279224Z     ZERO     0/1       0.0%  enum:config#config.stat-normalization@1.byOrigin.ap.射手=中
2026-09-09T17:17:38.2280072Z     ZERO     0/1       0.0%  enum:config#config.stat-normalization@1.byOrigin.ap.射手=大
2026-09-09T17:17:38.2281108Z     ZERO     0/1       0.0%  enum:config#config.stat-normalization@1.byOrigin.ap.射手=小
2026-09-09T17:17:38.2301690Z     ZERO     0/1       0.0%  enum:config#config.stat-normalization@1.byOrigin.ap.射手=極大
2026-09-09T17:17:38.2302875Z     ZERO     0/1       0.0%  enum:config#config.stat-normalization@1.byOrigin.ap.法刺=中
2026-09-09T17:17:38.2303740Z     ZERO     0/1       0.0%  enum:config#config.stat-normalization@1.byOrigin.ap.法刺=大
2026-09-09T17:17:38.2304583Z     ZERO     0/1       0.0%  enum:config#config.stat-normalization@1.byOrigin.ap.法刺=小
2026-09-09T17:17:38.2322366Z     ZERO     0/1       0.0%  enum:config#config.stat-normalization@1.byOrigin.ap.法刺=極小
2026-09-09T17:17:38.2323349Z     ZERO     0/1       0.0%  enum:config#config.stat-normalization@1.byOrigin.ap.法師=中
2026-09-09T17:17:38.2324208Z     ZERO     0/1       0.0%  enum:config#config.stat-normalization@1.byOrigin.ap.法師=小
2026-09-09T17:17:38.2325373Z     ZERO     0/1       0.0%  enum:config#config.stat-normalization@1.byOrigin.ap.法師=極大
2026-09-09T17:17:38.2326306Z     ZERO     0/1       0.0%  enum:config#config.stat-normalization@1.byOrigin.ap.法師=極小
2026-09-09T17:17:38.2327189Z     ZERO     0/1       0.0%  enum:config#config.stat-normalization@1.byOrigin.ap.法鬥=中
2026-09-09T17:17:38.2328061Z     ZERO     0/1       0.0%  enum:config#config.stat-normalization@1.byOrigin.ap.法鬥=小
2026-09-09T17:17:38.2328952Z     ZERO     0/1       0.0%  enum:config#config.stat-normalization@1.byOrigin.ap.法鬥=極大
2026-09-09T17:17:38.2329822Z     ZERO     0/1       0.0%  enum:config#config.stat-normalization@1.byOrigin.ap.法鬥=極小
2026-09-09T17:17:38.2330691Z     ZERO     0/1       0.0%  enum:config#config.stat-normalization@1.byOrigin.ap.狂戰=中
2026-09-09T17:17:38.2331597Z     ZERO     0/1       0.0%  enum:config#config.stat-normalization@1.byOrigin.ap.狂戰=大
2026-09-09T17:17:38.2332655Z     ZERO     0/1       0.0%  enum:config#config.stat-normalization@1.byOrigin.ap.狂戰=極大
2026-09-09T17:17:38.2333829Z     ZERO     0/1       0.0%  enum:config#config.stat-normalization@1.byOrigin.ap.狂戰=極小
2026-09-09T17:17:38.2334725Z     ZERO     0/1       0.0%  enum:config#config.stat-normalization@1.byOrigin.ap.砲手=中
2026-09-09T17:17:38.2335596Z     ZERO     0/1       0.0%  enum:config#config.stat-normalization@1.byOrigin.ap.砲手=大
2026-09-09T17:17:38.2336444Z     ZERO     0/1       0.0%  enum:config#config.stat-normalization@1.byOrigin.ap.砲手=極大
2026-09-09T17:17:38.2341391Z     ZERO     0/1       0.0%  enum:config#config.stat-normalization@1.byOrigin.ap.砲手=極小
2026-09-09T17:17:38.2342533Z     ZERO     0/1       0.0%  enum:config#config.stat-normalization@1.byOrigin.ap.硬輔=中
2026-09-09T17:17:38.2343370Z     ZERO     0/1       0.0%  enum:config#config.stat-normalization@1.byOrigin.ap.硬輔=小
2026-09-09T17:17:38.2347331Z     ZERO     0/1       0.0%  enum:config#config.stat-normalization@1.byOrigin.ap.硬輔=極大
2026-09-09T17:17:38.2348269Z     ZERO     0/1       0.0%  enum:config#config.stat-normalization@1.byOrigin.ap.硬輔=極小
2026-09-09T17:17:38.2349159Z     ZERO     0/1       0.0%  enum:config#config.stat-normalization@1.byOrigin.ap.軟輔=中
2026-09-09T17:17:38.2350036Z     ZERO     0/1       0.0%  enum:config#config.stat-normalization@1.byOrigin.ap.軟輔=小
2026-09-09T17:17:38.2350913Z     ZERO     0/1       0.0%  enum:config#config.stat-normalization@1.byOrigin.ap.軟輔=極大
2026-09-09T17:17:38.2351846Z     ZERO     0/1       0.0%  enum:config#config.stat-normalization@1.byOrigin.ap.軟輔=極小
2026-09-09T17:17:38.2353012Z     ZERO     0/1       0.0%  enum:config#config.stat-normalization@1.byOrigin.ap.鬥士=中
2026-09-09T17:17:38.2353810Z     ZERO     0/1       0.0%  enum:config#config.stat-normalization@1.byOrigin.ap.鬥士=大
2026-09-09T17:17:38.2354625Z     ZERO     0/1       0.0%  enum:config#config.stat-normalization@1.byOrigin.ap.鬥士=極大
2026-09-09T17:17:38.2355420Z     ZERO     0/1       0.0%  enum:config#config.stat-normalization@1.byOrigin.ap.鬥士=極小
2026-09-09T17:17:38.2356314Z     ZERO     0/1       0.0%  enum:config#config.stat-normalization@1.byOrigin.armor.坦克=中
2026-09-09T17:17:38.2357249Z     ZERO     0/1       0.0%  enum:config#config.stat-normalization@1.byOrigin.armor.坦克=大
2026-09-09T17:17:38.2358434Z     ZERO     0/1       0.0%  enum:config#config.stat-normalization@1.byOrigin.armor.坦克=小
2026-09-09T17:17:38.2359369Z     ZERO     0/1       0.0%  enum:config#config.stat-normalization@1.byOrigin.armor.坦克=極小
2026-09-09T17:17:38.2360194Z     ZERO     0/1       0.0%  enum:config#config.stat-normalization@1.byOrigin.armor.射手=中
2026-09-09T17:17:38.2360956Z     ZERO     0/1       0.0%  enum:config#config.stat-normalization@1.byOrigin.armor.射手=大
2026-09-09T17:17:38.2361739Z     ZERO     0/1       0.0%  enum:config#config.stat-normalization@1.byOrigin.armor.射手=小
2026-09-09T17:17:38.2362831Z     ZERO     0/1       0.0%  enum:config#config.stat-normalization@1.byOrigin.armor.射手=極大
2026-09-09T17:17:38.2363635Z     ZERO     0/1       0.0%  enum:config#config.stat-normalization@1.byOrigin.armor.法刺=中
2026-09-09T17:17:38.2364660Z     ZERO     0/1       0.0%  enum:config#config.stat-normalization@1.byOrigin.armor.法刺=大
2026-09-09T17:17:38.2365479Z     ZERO     0/1       0.0%  enum:config#config.stat-normalization@1.byOrigin.armor.法刺=小
2026-09-09T17:17:38.2366277Z     ZERO     0/1       0.0%  enum:config#config.stat-normalization@1.byOrigin.armor.法刺=極大
2026-09-09T17:17:38.2367066Z     ZERO     0/1       0.0%  enum:config#config.stat-normalization@1.byOrigin.armor.法師=中
2026-09-09T17:17:38.2367881Z     ZERO     0/1       0.0%  enum:config#config.stat-normalization@1.byOrigin.armor.法師=大
2026-09-09T17:17:38.2368677Z     ZERO     0/1       0.0%  enum:config#config.stat-normalization@1.byOrigin.armor.法師=極大
2026-09-09T17:17:38.2369554Z     ZERO     0/1       0.0%  enum:config#config.stat-normalization@1.byOrigin.armor.法師=極小
2026-09-09T17:17:38.2370412Z     ZERO     0/1       0.0%  enum:config#config.stat-normalization@1.byOrigin.armor.法鬥=中
2026-09-09T17:17:38.2371283Z     ZERO     0/1       0.0%  enum:config#config.stat-normalization@1.byOrigin.armor.法鬥=大
2026-09-09T17:17:38.2398844Z     ZERO     0/1       0.0%  enum:config#config.stat-normalization@1.byOrigin.armor.法鬥=極大
2026-09-09T17:17:38.2399872Z     ZERO     0/1       0.0%  enum:config#config.stat-normalization@1.byOrigin.armor.法鬥=極小
2026-09-09T17:17:38.2400756Z     ZERO     0/1       0.0%  enum:config#config.stat-normalization@1.byOrigin.armor.狂戰=中
2026-09-09T17:17:38.2401634Z     ZERO     0/1       0.0%  enum:config#config.stat-normalization@1.byOrigin.armor.狂戰=大
2026-09-09T17:17:38.2402828Z     ZERO     0/1       0.0%  enum:config#config.stat-normalization@1.byOrigin.armor.狂戰=極大
2026-09-09T17:17:38.2403770Z     ZERO     0/1       0.0%  enum:config#config.stat-normalization@1.byOrigin.armor.狂戰=極小
2026-09-09T17:17:38.2404665Z     ZERO     0/1       0.0%  enum:config#config.stat-normalization@1.byOrigin.armor.砲手=中
2026-09-09T17:17:38.2405538Z     ZERO     0/1       0.0%  enum:config#config.stat-normalization@1.byOrigin.armor.砲手=大
2026-09-09T17:17:38.2406368Z     ZERO     0/1       0.0%  enum:config#config.stat-normalization@1.byOrigin.armor.砲手=小
2026-09-09T17:17:38.2407253Z     ZERO     0/1       0.0%  enum:config#config.stat-normalization@1.byOrigin.armor.砲手=極大
2026-09-09T17:17:38.2408530Z     ZERO     0/1       0.0%  enum:config#config.stat-normalization@1.byOrigin.armor.硬輔=中
2026-09-09T17:17:38.2409451Z     ZERO     0/1       0.0%  enum:config#config.stat-normalization@1.byOrigin.armor.硬輔=小
2026-09-09T17:17:38.2410355Z     ZERO     0/1       0.0%  enum:config#config.stat-normalization@1.byOrigin.armor.硬輔=極大
2026-09-09T17:17:38.2411236Z     ZERO     0/1       0.0%  enum:config#config.stat-normalization@1.byOrigin.armor.硬輔=極小
2026-09-09T17:17:38.2412380Z     ZERO     0/1       0.0%  enum:config#config.stat-normalization@1.byOrigin.armor.軟輔=中
2026-09-09T17:17:38.2413257Z     ZERO     0/1       0.0%  enum:config#config.stat-normalization@1.byOrigin.armor.軟輔=大
2026-09-09T17:17:38.2414131Z     ZERO     0/1       0.0%  enum:config#config.stat-normalization@1.byOrigin.armor.軟輔=極大
2026-09-09T17:17:38.2415286Z     ZERO     0/1       0.0%  enum:config#config.stat-normalization@1.byOrigin.armor.軟輔=極小
2026-09-09T17:17:38.2416198Z     ZERO     0/1       0.0%  enum:config#config.stat-normalization@1.byOrigin.armor.鬥士=大
2026-09-09T17:17:38.2417039Z     ZERO     0/1       0.0%  enum:config#config.stat-normalization@1.byOrigin.armor.鬥士=小
2026-09-09T17:17:38.2417902Z     ZERO     0/1       0.0%  enum:config#config.stat-normalization@1.byOrigin.armor.鬥士=極大
2026-09-09T17:17:38.2418792Z     ZERO     0/1       0.0%  enum:config#config.stat-normalization@1.byOrigin.armor.鬥士=極小
2026-09-09T17:17:38.2419652Z     ZERO     0/1       0.0%  enum:config#config.stat-normalization@1.byOrigin.as.坦克=中
2026-09-09T17:17:38.2420483Z     ZERO     0/1       0.0%  enum:config#config.stat-normalization@1.byOrigin.as.坦克=大
2026-09-09T17:17:38.2421318Z     ZERO     0/1       0.0%  enum:config#config.stat-normalization@1.byOrigin.as.坦克=極大
2026-09-09T17:17:38.2446982Z     ZERO     0/1       0.0%  enum:config#config.stat-normalization@1.byOrigin.as.坦克=極小
2026-09-09T17:17:38.2447885Z     ZERO     0/1       0.0%  enum:config#config.stat-normalization@1.byOrigin.as.射手=中
2026-09-09T17:17:38.2448654Z     ZERO     0/1       0.0%  enum:config#config.stat-normalization@1.byOrigin.as.射手=小
2026-09-09T17:17:38.2449400Z     ZERO     0/1       0.0%  enum:config#config.stat-normalization@1.byOrigin.as.射手=極大
2026-09-09T17:17:38.2450144Z     ZERO     0/1       0.0%  enum:config#config.stat-normalization@1.byOrigin.as.射手=極小
2026-09-09T17:17:38.2450871Z     ZERO     0/1       0.0%  enum:config#config.stat-normalization@1.byOrigin.as.法刺=中
2026-09-09T17:17:38.2451617Z     ZERO     0/1       0.0%  enum:config#config.stat-normalization@1.byOrigin.as.法刺=大
2026-09-09T17:17:38.2452611Z     ZERO     0/1       0.0%  enum:config#config.stat-normalization@1.byOrigin.as.法刺=小
2026-09-09T17:17:38.2453388Z     ZERO     0/1       0.0%  enum:config#config.stat-normalization@1.byOrigin.as.法刺=極大
2026-09-09T17:17:38.2454155Z     ZERO     0/1       0.0%  enum:config#config.stat-normalization@1.byOrigin.as.法師=中
2026-09-09T17:17:38.2454936Z     ZERO     0/1       0.0%  enum:config#config.stat-normalization@1.byOrigin.as.法師=大
2026-09-09T17:17:38.2455783Z     ZERO     0/1       0.0%  enum:config#config.stat-normalization@1.byOrigin.as.法師=極大
2026-09-09T17:17:38.2456602Z     ZERO     0/1       0.0%  enum:config#config.stat-normalization@1.byOrigin.as.法師=極小
2026-09-09T17:17:38.2457455Z     ZERO     0/1       0.0%  enum:config#config.stat-normalization@1.byOrigin.as.法鬥=中
2026-09-09T17:17:38.2458344Z     ZERO     0/1       0.0%  enum:config#config.stat-normalization@1.byOrigin.as.法鬥=大
2026-09-09T17:17:38.2459216Z     ZERO     0/1       0.0%  enum:config#config.stat-normalization@1.byOrigin.as.法鬥=極大
2026-09-09T17:17:38.2460056Z     ZERO     0/1       0.0%  enum:config#config.stat-normalization@1.byOrigin.as.法鬥=極小
2026-09-09T17:17:38.2460906Z     ZERO     0/1       0.0%  enum:config#config.stat-normalization@1.byOrigin.as.狂戰=中
2026-09-09T17:17:38.2461726Z     ZERO     0/1       0.0%  enum:config#config.stat-normalization@1.byOrigin.as.狂戰=大
2026-09-09T17:17:38.2462889Z     ZERO     0/1       0.0%  enum:config#config.stat-normalization@1.byOrigin.as.狂戰=小
2026-09-09T17:17:38.2464014Z     ZERO     0/1       0.0%  enum:config#config.stat-normalization@1.byOrigin.as.狂戰=極小
2026-09-09T17:17:38.2464869Z     ZERO     0/1       0.0%  enum:config#config.stat-normalization@1.byOrigin.as.砲手=中
2026-09-09T17:17:38.2465712Z     ZERO     0/1       0.0%  enum:config#config.stat-normalization@1.byOrigin.as.砲手=大
2026-09-09T17:17:38.2466553Z     ZERO     0/1       0.0%  enum:config#config.stat-normalization@1.byOrigin.as.砲手=極大
2026-09-09T17:17:38.2467389Z     ZERO     0/1       0.0%  enum:config#config.stat-normalization@1.byOrigin.as.砲手=極小
2026-09-09T17:17:38.2468239Z     ZERO     0/1       0.0%  enum:config#config.stat-normalization@1.byOrigin.as.硬輔=中
2026-09-09T17:17:38.2469060Z     ZERO     0/1       0.0%  enum:config#config.stat-normalization@1.byOrigin.as.硬輔=大
2026-09-09T17:17:38.2469926Z     ZERO     0/1       0.0%  enum:config#config.stat-normalization@1.byOrigin.as.硬輔=極大
2026-09-09T17:17:38.2471052Z     ZERO     0/1       0.0%  enum:config#config.stat-normalization@1.byOrigin.as.硬輔=極小
2026-09-09T17:17:38.2482431Z     ZERO     0/1       0.0%  enum:config#config.stat-normalization@1.byOrigin.as.軟輔=中
2026-09-09T17:17:38.2500970Z     ZERO     0/1       0.0%  enum:config#config.stat-normalization@1.byOrigin.as.軟輔=大
2026-09-09T17:17:38.2502200Z     ZERO     0/1       0.0%  enum:config#config.stat-normalization@1.byOrigin.as.軟輔=極大
2026-09-09T17:17:38.2503081Z     ZERO     0/1       0.0%  enum:config#config.stat-normalization@1.byOrigin.as.軟輔=極小
2026-09-09T17:17:38.2503947Z     ZERO     0/1       0.0%  enum:config#config.stat-normalization@1.byOrigin.as.鬥士=大
2026-09-09T17:17:38.2504796Z     ZERO     0/1       0.0%  enum:config#config.stat-normalization@1.byOrigin.as.鬥士=小
2026-09-09T17:17:38.2505680Z     ZERO     0/1       0.0%  enum:config#config.stat-normalization@1.byOrigin.as.鬥士=極大
2026-09-09T17:17:38.2506532Z     ZERO     0/1       0.0%  enum:config#config.stat-normalization@1.byOrigin.as.鬥士=極小
2026-09-09T17:17:38.2507640Z     ZERO     0/1       0.0%  enum:config#config.stat-normalization@1.byOrigin.healthRegen.坦克=中
2026-09-09T17:17:38.2508685Z     ZERO     0/1       0.0%  enum:config#config.stat-normalization@1.byOrigin.healthRegen.坦克=小
2026-09-09T17:17:38.2509661Z     ZERO     0/1       0.0%  enum:config#config.stat-normalization@1.byOrigin.healthRegen.坦克=極大
2026-09-09T17:17:38.2510645Z     ZERO     0/1       0.0%  enum:config#config.stat-normalization@1.byOrigin.healthRegen.坦克=極小
2026-09-09T17:17:38.2511639Z     ZERO     0/1       0.0%  enum:config#config.stat-normalization@1.byOrigin.healthRegen.射手=中
2026-09-09T17:17:38.2512912Z     ZERO     0/1       0.0%  enum:config#config.stat-normalization@1.byOrigin.healthRegen.射手=大
2026-09-09T17:17:38.2513940Z     ZERO     0/1       0.0%  enum:config#config.stat-normalization@1.byOrigin.healthRegen.射手=極大
2026-09-09T17:17:38.2514876Z     ZERO     0/1       0.0%  enum:config#config.stat-normalization@1.byOrigin.healthRegen.射手=極小
2026-09-09T17:17:38.2515852Z     ZERO     0/1       0.0%  enum:config#config.stat-normalization@1.byOrigin.healthRegen.法刺=中
2026-09-09T17:17:38.2516829Z     ZERO     0/1       0.0%  enum:config#config.stat-normalization@1.byOrigin.healthRegen.法刺=大
2026-09-09T17:17:38.2517803Z     ZERO     0/1       0.0%  enum:config#config.stat-normalization@1.byOrigin.healthRegen.法刺=極大
2026-09-09T17:17:38.2518765Z     ZERO     0/1       0.0%  enum:config#config.stat-normalization@1.byOrigin.healthRegen.法刺=極小
2026-09-09T17:17:38.2519708Z     ZERO     0/1       0.0%  enum:config#config.stat-normalization@1.byOrigin.healthRegen.法師=大
2026-09-09T17:17:38.2520661Z     ZERO     0/1       0.0%  enum:config#config.stat-normalization@1.byOrigin.healthRegen.法師=小
2026-09-09T17:17:38.2554318Z     ZERO     0/1       0.0%  enum:config#config.stat-normalization@1.byOrigin.healthRegen.法師=極大
2026-09-09T17:17:38.2558153Z     ZERO     0/1       0.0%  enum:config#config.stat-normalization@1.byOrigin.healthRegen.法師=極小
2026-09-09T17:17:38.2559256Z     ZERO     0/1       0.0%  enum:config#config.stat-normalization@1.byOrigin.healthRegen.法鬥=大
2026-09-09T17:17:38.2560534Z     ZERO     0/1       0.0%  enum:config#config.stat-normalization@1.byOrigin.healthRegen.法鬥=小
2026-09-09T17:17:38.2561537Z     ZERO     0/1       0.0%  enum:config#config.stat-normalization@1.byOrigin.healthRegen.法鬥=極大
2026-09-09T17:17:38.2562899Z     ZERO     0/1       0.0%  enum:config#config.stat-normalization@1.byOrigin.healthRegen.法鬥=極小
2026-09-09T17:17:38.2563887Z     ZERO     0/1       0.0%  enum:config#config.stat-normalization@1.byOrigin.healthRegen.狂戰=中
2026-09-09T17:17:38.2564861Z     ZERO     0/1       0.0%  enum:config#config.stat-normalization@1.byOrigin.healthRegen.狂戰=大
2026-09-09T17:17:38.2565823Z     ZERO     0/1       0.0%  enum:config#config.stat-normalization@1.byOrigin.healthRegen.狂戰=小
2026-09-09T17:17:38.2566806Z     ZERO     0/1       0.0%  enum:config#config.stat-normalization@1.byOrigin.healthRegen.狂戰=極小
2026-09-09T17:17:38.2568038Z     ZERO     0/1       0.0%  enum:config#config.stat-normalization@1.byOrigin.healthRegen.砲手=中
2026-09-09T17:17:38.2569036Z     ZERO     0/1       0.0%  enum:config#config.stat-normalization@1.byOrigin.healthRegen.砲手=大
2026-09-09T17:17:38.2570005Z     ZERO     0/1       0.0%  enum:config#config.stat-normalization@1.byOrigin.healthRegen.砲手=極大
2026-09-09T17:17:38.2570980Z     ZERO     0/1       0.0%  enum:config#config.stat-normalization@1.byOrigin.healthRegen.砲手=極小
2026-09-09T17:17:38.2572199Z     ZERO     0/1       0.0%  enum:config#config.stat-normalization@1.byOrigin.healthRegen.硬輔=中
2026-09-09T17:17:38.2573168Z     ZERO     0/1       0.0%  enum:config#config.stat-normalization@1.byOrigin.healthRegen.硬輔=大
2026-09-09T17:17:38.2574234Z     ZERO     0/1       0.0%  enum:config#config.stat-normalization@1.byOrigin.healthRegen.硬輔=極大
2026-09-09T17:17:38.2575283Z     ZERO     0/1       0.0%  enum:config#config.stat-normalization@1.byOrigin.healthRegen.硬輔=極小
2026-09-09T17:17:38.2576287Z     ZERO     0/1       0.0%  enum:config#config.stat-normalization@1.byOrigin.healthRegen.軟輔=中
2026-09-09T17:17:38.2577258Z     ZERO     0/1       0.0%  enum:config#config.stat-normalization@1.byOrigin.healthRegen.軟輔=小
2026-09-09T17:17:38.2578241Z     ZERO     0/1       0.0%  enum:config#config.stat-normalization@1.byOrigin.healthRegen.軟輔=極大
2026-09-09T17:17:38.2579234Z     ZERO     0/1       0.0%  enum:config#config.stat-normalization@1.byOrigin.healthRegen.軟輔=極小
2026-09-09T17:17:38.2580205Z     ZERO     0/1       0.0%  enum:config#config.stat-normalization@1.byOrigin.healthRegen.鬥士=中
2026-09-09T17:17:38.2581184Z     ZERO     0/1       0.0%  enum:config#config.stat-normalization@1.byOrigin.healthRegen.鬥士=小
2026-09-09T17:17:38.2602403Z     ZERO     0/1       0.0%  enum:config#config.stat-normalization@1.byOrigin.healthRegen.鬥士=極大
2026-09-09T17:17:38.2609141Z     ZERO     0/1       0.0%  enum:config#config.stat-normalization@1.byOrigin.healthRegen.鬥士=極小
2026-09-09T17:17:38.2613131Z     ZERO     0/1       0.0%  enum:config#config.stat-normalization@1.byOrigin.manaRegen.坦克=中
2026-09-09T17:17:38.2614087Z     ZERO     0/1       0.0%  enum:config#config.stat-normalization@1.byOrigin.manaRegen.坦克=大
2026-09-09T17:17:38.2615020Z     ZERO     0/1       0.0%  enum:config#config.stat-normalization@1.byOrigin.manaRegen.坦克=小
2026-09-09T17:17:38.2615810Z     ZERO     0/1       0.0%  enum:config#config.stat-normalization@1.byOrigin.manaRegen.坦克=極大
2026-09-09T17:17:38.2616694Z     ZERO     0/1       0.0%  enum:config#config.stat-normalization@1.byOrigin.manaRegen.射手=大
2026-09-09T17:17:38.2617603Z     ZERO     0/1       0.0%  enum:config#config.stat-normalization@1.byOrigin.manaRegen.射手=小
2026-09-09T17:17:38.2618570Z     ZERO     0/1       0.0%  enum:config#config.stat-normalization@1.byOrigin.manaRegen.射手=極大
2026-09-09T17:17:38.2619520Z     ZERO     0/1       0.0%  enum:config#config.stat-normalization@1.byOrigin.manaRegen.射手=極小
2026-09-09T17:17:38.2620439Z     ZERO     0/1       0.0%  enum:config#config.stat-normalization@1.byOrigin.manaRegen.法刺=中
2026-09-09T17:17:38.2621389Z     ZERO     0/1       0.0%  enum:config#config.stat-normalization@1.byOrigin.manaRegen.法刺=大
2026-09-09T17:17:38.2622975Z     ZERO     0/1       0.0%  enum:config#config.stat-normalization@1.byOrigin.manaRegen.法刺=極大
2026-09-09T17:17:38.2623950Z     ZERO     0/1       0.0%  enum:config#config.stat-normalization@1.byOrigin.manaRegen.法刺=極小
2026-09-09T17:17:38.2624906Z     ZERO     0/1       0.0%  enum:config#config.stat-normalization@1.byOrigin.manaRegen.法師=大
2026-09-09T17:17:38.2625835Z     ZERO     0/1       0.0%  enum:config#config.stat-normalization@1.byOrigin.manaRegen.法師=小
2026-09-09T17:17:38.2626784Z     ZERO     0/1       0.0%  enum:config#config.stat-normalization@1.byOrigin.manaRegen.法師=極大
2026-09-09T17:17:38.2627740Z     ZERO     0/1       0.0%  enum:config#config.stat-normalization@1.byOrigin.manaRegen.法師=極小
2026-09-09T17:17:38.2628688Z     ZERO     0/1       0.0%  enum:config#config.stat-normalization@1.byOrigin.manaRegen.法鬥=大
2026-09-09T17:17:38.2629881Z     ZERO     0/1       0.0%  enum:config#config.stat-normalization@1.byOrigin.manaRegen.法鬥=小
2026-09-09T17:17:38.2630861Z     ZERO     0/1       0.0%  enum:config#config.stat-normalization@1.byOrigin.manaRegen.法鬥=極大
2026-09-09T17:17:38.2631763Z     ZERO     0/1       0.0%  enum:config#config.stat-normalization@1.byOrigin.manaRegen.法鬥=極小
2026-09-09T17:17:38.2635198Z     ZERO     0/1       0.0%  enum:config#config.stat-normalization@1.byOrigin.manaRegen.狂戰=中
2026-09-09T17:17:38.2636148Z     ZERO     0/1       0.0%  enum:config#config.stat-normalization@1.byOrigin.manaRegen.狂戰=大
2026-09-09T17:17:38.2637039Z     ZERO     0/1       0.0%  enum:config#config.stat-normalization@1.byOrigin.manaRegen.狂戰=小
2026-09-09T17:17:38.2637921Z     ZERO     0/1       0.0%  enum:config#config.stat-normalization@1.byOrigin.manaRegen.狂戰=極大
2026-09-09T17:17:38.2638829Z     ZERO     0/1       0.0%  enum:config#config.stat-normalization@1.byOrigin.manaRegen.砲手=中
2026-09-09T17:17:38.2639763Z     ZERO     0/1       0.0%  enum:config#config.stat-normalization@1.byOrigin.manaRegen.砲手=大
2026-09-09T17:17:38.2640724Z     ZERO     0/1       0.0%  enum:config#config.stat-normalization@1.byOrigin.manaRegen.砲手=極大
2026-09-09T17:17:38.2641712Z     ZERO     0/1       0.0%  enum:config#config.stat-normalization@1.byOrigin.manaRegen.砲手=極小
2026-09-09T17:17:38.2642974Z     ZERO     0/1       0.0%  enum:config#config.stat-normalization@1.byOrigin.manaRegen.硬輔=中
2026-09-09T17:17:38.2643939Z     ZERO     0/1       0.0%  enum:config#config.stat-normalization@1.byOrigin.manaRegen.硬輔=大
2026-09-09T17:17:38.2644918Z     ZERO     0/1       0.0%  enum:config#config.stat-normalization@1.byOrigin.manaRegen.硬輔=極大
2026-09-09T17:17:38.2645900Z     ZERO     0/1       0.0%  enum:config#config.stat-normalization@1.byOrigin.manaRegen.硬輔=極小
2026-09-09T17:17:38.2646828Z     ZERO     0/1       0.0%  enum:config#config.stat-normalization@1.byOrigin.manaRegen.軟輔=中
2026-09-09T17:17:38.2647774Z     ZERO     0/1       0.0%  enum:config#config.stat-normalization@1.byOrigin.manaRegen.軟輔=小
2026-09-09T17:17:38.2648766Z     ZERO     0/1       0.0%  enum:config#config.stat-normalization@1.byOrigin.manaRegen.軟輔=極大
2026-09-09T17:17:38.2650061Z     ZERO     0/1       0.0%  enum:config#config.stat-normalization@1.byOrigin.manaRegen.軟輔=極小
2026-09-09T17:17:38.2651011Z     ZERO     0/1       0.0%  enum:config#config.stat-normalization@1.byOrigin.manaRegen.鬥士=大
2026-09-09T17:17:38.2652249Z     ZERO     0/1       0.0%  enum:config#config.stat-normalization@1.byOrigin.manaRegen.鬥士=小
2026-09-09T17:17:38.2653230Z     ZERO     0/1       0.0%  enum:config#config.stat-normalization@1.byOrigin.manaRegen.鬥士=極大
2026-09-09T17:17:38.2654203Z     ZERO     0/1       0.0%  enum:config#config.stat-normalization@1.byOrigin.manaRegen.鬥士=極小
2026-09-09T17:17:38.2655176Z     ZERO     0/1       0.0%  enum:config#config.stat-normalization@1.byOrigin.maxHealth.坦克=中
2026-09-09T17:17:38.2656087Z     ZERO     0/1       0.0%  enum:config#config.stat-normalization@1.byOrigin.maxHealth.坦克=小
2026-09-09T17:17:38.2657178Z     ZERO     0/1       0.0%  enum:config#config.stat-normalization@1.byOrigin.maxHealth.坦克=極大
2026-09-09T17:17:38.2658055Z     ZERO     0/1       0.0%  enum:config#config.stat-normalization@1.byOrigin.maxHealth.坦克=極小
2026-09-09T17:17:38.2658889Z     ZERO     0/1       0.0%  enum:config#config.stat-normalization@1.byOrigin.maxHealth.射手=中
2026-09-09T17:17:38.2659719Z     ZERO     0/1       0.0%  enum:config#config.stat-normalization@1.byOrigin.maxHealth.射手=大
2026-09-09T17:17:38.2660569Z     ZERO     0/1       0.0%  enum:config#config.stat-normalization@1.byOrigin.maxHealth.射手=極大
2026-09-09T17:17:38.2661385Z     ZERO     0/1       0.0%  enum:config#config.stat-normalization@1.byOrigin.maxHealth.射手=極小
2026-09-09T17:17:38.2666164Z     ZERO     0/1       0.0%  enum:config#config.stat-normalization@1.byOrigin.maxHealth.法刺=中
2026-09-09T17:17:38.2667139Z     ZERO     0/1       0.0%  enum:config#config.stat-normalization@1.byOrigin.maxHealth.法刺=大
2026-09-09T17:17:38.2667991Z     ZERO     0/1       0.0%  enum:config#config.stat-normalization@1.byOrigin.maxHealth.法刺=小
2026-09-09T17:17:38.2668897Z     ZERO     0/1       0.0%  enum:config#config.stat-normalization@1.byOrigin.maxHealth.法刺=極大
2026-09-09T17:17:38.2669776Z     ZERO     0/1       0.0%  enum:config#config.stat-normalization@1.byOrigin.maxHealth.法師=大
2026-09-09T17:17:38.2670645Z     ZERO     0/1       0.0%  enum:config#config.stat-normalization@1.byOrigin.maxHealth.法師=小
2026-09-09T17:17:38.2671543Z     ZERO     0/1       0.0%  enum:config#config.stat-normalization@1.byOrigin.maxHealth.法師=極大
2026-09-09T17:17:38.2672661Z     ZERO     0/1       0.0%  enum:config#config.stat-normalization@1.byOrigin.maxHealth.法師=極小
2026-09-09T17:17:38.2673526Z     ZERO     0/1       0.0%  enum:config#config.stat-normalization@1.byOrigin.maxHealth.法鬥=大
2026-09-09T17:17:38.2674381Z     ZERO     0/1       0.0%  enum:config#config.stat-normalization@1.byOrigin.maxHealth.法鬥=小
2026-09-09T17:17:38.2675237Z     ZERO     0/1       0.0%  enum:config#config.stat-normalization@1.byOrigin.maxHealth.法鬥=極大
2026-09-09T17:17:38.2676112Z     ZERO     0/1       0.0%  enum:config#config.stat-normalization@1.byOrigin.maxHealth.法鬥=極小
2026-09-09T17:17:38.2676950Z     ZERO     0/1       0.0%  enum:config#config.stat-normalization@1.byOrigin.maxHealth.狂戰=中
2026-09-09T17:17:38.2677781Z     ZERO     0/1       0.0%  enum:config#config.stat-normalization@1.byOrigin.maxHealth.狂戰=大
2026-09-09T17:17:38.2678667Z     ZERO     0/1       0.0%  enum:config#config.stat-normalization@1.byOrigin.maxHealth.狂戰=極大
2026-09-09T17:17:38.2679610Z     ZERO     0/1       0.0%  enum:config#config.stat-normalization@1.byOrigin.maxHealth.狂戰=極小
2026-09-09T17:17:38.2680544Z     ZERO     0/1       0.0%  enum:config#config.stat-normalization@1.byOrigin.maxHealth.砲手=中
2026-09-09T17:17:38.2681495Z     ZERO     0/1       0.0%  enum:config#config.stat-normalization@1.byOrigin.maxHealth.砲手=大
2026-09-09T17:17:38.2682728Z     ZERO     0/1       0.0%  enum:config#config.stat-normalization@1.byOrigin.maxHealth.砲手=小
2026-09-09T17:17:38.2683709Z     ZERO     0/1       0.0%  enum:config#config.stat-normalization@1.byOrigin.maxHealth.砲手=極大
2026-09-09T17:17:38.2684983Z     ZERO     0/1       0.0%  enum:config#config.stat-normalization@1.byOrigin.maxHealth.硬輔=中
2026-09-09T17:17:38.2685944Z     ZERO     0/1       0.0%  enum:config#config.stat-normalization@1.byOrigin.maxHealth.硬輔=小
2026-09-09T17:17:38.2686927Z     ZERO     0/1       0.0%  enum:config#config.stat-normalization@1.byOrigin.maxHealth.硬輔=極大
2026-09-09T17:17:38.2687875Z     ZERO     0/1       0.0%  enum:config#config.stat-normalization@1.byOrigin.maxHealth.硬輔=極小
2026-09-09T17:17:38.2688789Z     ZERO     0/1       0.0%  enum:config#config.stat-normalization@1.byOrigin.maxHealth.軟輔=中
2026-09-09T17:17:38.2689724Z     ZERO     0/1       0.0%  enum:config#config.stat-normalization@1.byOrigin.maxHealth.軟輔=大
2026-09-09T17:17:38.2690693Z     ZERO     0/1       0.0%  enum:config#config.stat-normalization@1.byOrigin.maxHealth.軟輔=極大
2026-09-09T17:17:38.2691641Z     ZERO     0/1       0.0%  enum:config#config.stat-normalization@1.byOrigin.maxHealth.軟輔=極小
2026-09-09T17:17:38.2696198Z     ZERO     0/1       0.0%  enum:config#config.stat-normalization@1.byOrigin.maxHealth.鬥士=大
2026-09-09T17:17:38.2697239Z     ZERO     0/1       0.0%  enum:config#config.stat-normalization@1.byOrigin.maxHealth.鬥士=小
2026-09-09T17:17:38.2698187Z     ZERO     0/1       0.0%  enum:config#config.stat-normalization@1.byOrigin.maxHealth.鬥士=極大
2026-09-09T17:17:38.2699140Z     ZERO     0/1       0.0%  enum:config#config.stat-normalization@1.byOrigin.maxHealth.鬥士=極小
2026-09-09T17:17:38.2700036Z     ZERO     0/1       0.0%  enum:config#config.stat-normalization@1.byOrigin.maxMana.坦克=中
2026-09-09T17:17:38.2700969Z     ZERO     0/1       0.0%  enum:config#config.stat-normalization@1.byOrigin.maxMana.坦克=大
2026-09-09T17:17:38.2701877Z     ZERO     0/1       0.0%  enum:config#config.stat-normalization@1.byOrigin.maxMana.坦克=小
2026-09-09T17:17:38.2703103Z     ZERO     0/1       0.0%  enum:config#config.stat-normalization@1.byOrigin.maxMana.坦克=極大
2026-09-09T17:17:38.2704039Z     ZERO     0/1       0.0%  enum:config#config.stat-normalization@1.byOrigin.maxMana.射手=大
2026-09-09T17:17:38.2704958Z     ZERO     0/1       0.0%  enum:config#config.stat-normalization@1.byOrigin.maxMana.射手=小
2026-09-09T17:17:38.2705893Z     ZERO     0/1       0.0%  enum:config#config.stat-normalization@1.byOrigin.maxMana.射手=極大
2026-09-09T17:17:38.2706816Z     ZERO     0/1       0.0%  enum:config#config.stat-normalization@1.byOrigin.maxMana.射手=極小
2026-09-09T17:17:38.2707718Z     ZERO     0/1       0.0%  enum:config#config.stat-normalization@1.byOrigin.maxMana.法刺=中
2026-09-09T17:17:38.2708703Z     ZERO     0/1       0.0%  enum:config#config.stat-normalization@1.byOrigin.maxMana.法刺=大
2026-09-09T17:17:38.2709617Z     ZERO     0/1       0.0%  enum:config#config.stat-normalization@1.byOrigin.maxMana.法刺=極大
2026-09-09T17:17:38.2710541Z     ZERO     0/1       0.0%  enum:config#config.stat-normalization@1.byOrigin.maxMana.法刺=極小
2026-09-09T17:17:38.2711457Z     ZERO     0/1       0.0%  enum:config#config.stat-normalization@1.byOrigin.maxMana.法師=大
2026-09-09T17:17:38.2712662Z     ZERO     0/1       0.0%  enum:config#config.stat-normalization@1.byOrigin.maxMana.法師=小
2026-09-09T17:17:38.2713594Z     ZERO     0/1       0.0%  enum:config#config.stat-normalization@1.byOrigin.maxMana.法師=極大
2026-09-09T17:17:38.2714511Z     ZERO     0/1       0.0%  enum:config#config.stat-normalization@1.byOrigin.maxMana.法師=極小
2026-09-09T17:17:38.2715413Z     ZERO     0/1       0.0%  enum:config#config.stat-normalization@1.byOrigin.maxMana.法鬥=大
2026-09-09T17:17:38.2716318Z     ZERO     0/1       0.0%  enum:config#config.stat-normalization@1.byOrigin.maxMana.法鬥=小
2026-09-09T17:17:38.2756011Z     ZERO     0/1       0.0%  enum:config#config.stat-normalization@1.byOrigin.maxMana.法鬥=極大
2026-09-09T17:17:38.2756982Z     ZERO     0/1       0.0%  enum:config#config.stat-normalization@1.byOrigin.maxMana.法鬥=極小
2026-09-09T17:17:38.2757893Z     ZERO     0/1       0.0%  enum:config#config.stat-normalization@1.byOrigin.maxMana.狂戰=中
2026-09-09T17:17:38.2758843Z     ZERO     0/1       0.0%  enum:config#config.stat-normalization@1.byOrigin.maxMana.狂戰=大
2026-09-09T17:17:38.2760083Z     ZERO     0/1       0.0%  enum:config#config.stat-normalization@1.byOrigin.maxMana.狂戰=小
2026-09-09T17:17:38.2761010Z     ZERO     0/1       0.0%  enum:config#config.stat-normalization@1.byOrigin.maxMana.狂戰=極大
2026-09-09T17:17:38.2762208Z     ZERO     0/1       0.0%  enum:config#config.stat-normalization@1.byOrigin.maxMana.砲手=中
2026-09-09T17:17:38.2763166Z     ZERO     0/1       0.0%  enum:config#config.stat-normalization@1.byOrigin.maxMana.砲手=大
2026-09-09T17:17:38.2764112Z     ZERO     0/1       0.0%  enum:config#config.stat-normalization@1.byOrigin.maxMana.砲手=極大
2026-09-09T17:17:38.2765055Z     ZERO     0/1       0.0%  enum:config#config.stat-normalization@1.byOrigin.maxMana.砲手=極小
2026-09-09T17:17:38.2765971Z     ZERO     0/1       0.0%  enum:config#config.stat-normalization@1.byOrigin.maxMana.硬輔=中
2026-09-09T17:17:38.2766892Z     ZERO     0/1       0.0%  enum:config#config.stat-normalization@1.byOrigin.maxMana.硬輔=大
2026-09-09T17:17:38.2768068Z     ZERO     0/1       0.0%  enum:config#config.stat-normalization@1.byOrigin.maxMana.硬輔=極大
2026-09-09T17:17:38.2769095Z     ZERO     0/1       0.0%  enum:config#config.stat-normalization@1.byOrigin.maxMana.硬輔=極小
2026-09-09T17:17:38.2770061Z     ZERO     0/1       0.0%  enum:config#config.stat-normalization@1.byOrigin.maxMana.軟輔=中
2026-09-09T17:17:38.2770982Z     ZERO     0/1       0.0%  enum:config#config.stat-normalization@1.byOrigin.maxMana.軟輔=大
2026-09-09T17:17:38.2772218Z     ZERO     0/1       0.0%  enum:config#config.stat-normalization@1.byOrigin.maxMana.軟輔=極大
2026-09-09T17:17:38.2773149Z     ZERO     0/1       0.0%  enum:config#config.stat-normalization@1.byOrigin.maxMana.軟輔=極小
2026-09-09T17:17:38.2774028Z     ZERO     0/1       0.0%  enum:config#config.stat-normalization@1.byOrigin.maxMana.鬥士=大
2026-09-09T17:17:38.2774906Z     ZERO     0/1       0.0%  enum:config#config.stat-normalization@1.byOrigin.maxMana.鬥士=小
2026-09-09T17:17:38.2775816Z     ZERO     0/1       0.0%  enum:config#config.stat-normalization@1.byOrigin.maxMana.鬥士=極大
2026-09-09T17:17:38.2776716Z     ZERO     0/1       0.0%  enum:config#config.stat-normalization@1.byOrigin.maxMana.鬥士=極小
2026-09-09T17:17:38.2777548Z     ZERO     0/1       0.0%  enum:config#config.stat-normalization@1.byOrigin.mr.坦克=中
2026-09-09T17:17:38.2778357Z     ZERO     0/1       0.0%  enum:config#config.stat-normalization@1.byOrigin.mr.坦克=大
2026-09-09T17:17:38.2779159Z     ZERO     0/1       0.0%  enum:config#config.stat-normalization@1.byOrigin.mr.坦克=小
2026-09-09T17:17:38.2779926Z     ZERO     0/1       0.0%  enum:config#config.stat-normalization@1.byOrigin.mr.坦克=極小
2026-09-09T17:17:38.2780656Z     ZERO     0/1       0.0%  enum:config#config.stat-normalization@1.byOrigin.mr.射手=中
2026-09-09T17:17:38.2781469Z     ZERO     0/1       0.0%  enum:config#config.stat-normalization@1.byOrigin.mr.射手=大
2026-09-09T17:17:38.2833150Z     ZERO     0/1       0.0%  enum:config#config.stat-normalization@1.byOrigin.mr.射手=小
2026-09-09T17:17:38.2834122Z     ZERO     0/1       0.0%  enum:config#config.stat-normalization@1.byOrigin.mr.射手=極大
2026-09-09T17:17:38.2834971Z     ZERO     0/1       0.0%  enum:config#config.stat-normalization@1.byOrigin.mr.法刺=中
2026-09-09T17:17:38.2835781Z     ZERO     0/1       0.0%  enum:config#config.stat-normalization@1.byOrigin.mr.法刺=大
2026-09-09T17:17:38.2836595Z     ZERO     0/1       0.0%  enum:config#config.stat-normalization@1.byOrigin.mr.法刺=小
2026-09-09T17:17:38.2837432Z     ZERO     0/1       0.0%  enum:config#config.stat-normalization@1.byOrigin.mr.法刺=極大
2026-09-09T17:17:38.2838244Z     ZERO     0/1       0.0%  enum:config#config.stat-normalization@1.byOrigin.mr.法師=中
2026-09-09T17:17:38.2839056Z     ZERO     0/1       0.0%  enum:config#config.stat-normalization@1.byOrigin.mr.法師=大
2026-09-09T17:17:38.2839887Z     ZERO     0/1       0.0%  enum:config#config.stat-normalization@1.byOrigin.mr.法師=極大
2026-09-09T17:17:38.2840709Z     ZERO     0/1       0.0%  enum:config#config.stat-normalization@1.byOrigin.mr.法師=極小
2026-09-09T17:17:38.2841536Z     ZERO     0/1       0.0%  enum:config#config.stat-normalization@1.byOrigin.mr.法鬥=中
2026-09-09T17:17:38.2842889Z     ZERO     0/1       0.0%  enum:config#config.stat-normalization@1.byOrigin.mr.法鬥=大
2026-09-09T17:17:38.2843728Z     ZERO     0/1       0.0%  enum:config#config.stat-normalization@1.byOrigin.mr.法鬥=極大
2026-09-09T17:17:38.2844544Z     ZERO     0/1       0.0%  enum:config#config.stat-normalization@1.byOrigin.mr.法鬥=極小
2026-09-09T17:17:38.2845347Z     ZERO     0/1       0.0%  enum:config#config.stat-normalization@1.byOrigin.mr.狂戰=中
2026-09-09T17:17:38.2846153Z     ZERO     0/1       0.0%  enum:config#config.stat-normalization@1.byOrigin.mr.狂戰=大
2026-09-09T17:17:38.2846968Z     ZERO     0/1       0.0%  enum:config#config.stat-normalization@1.byOrigin.mr.狂戰=極大
2026-09-09T17:17:38.2847778Z     ZERO     0/1       0.0%  enum:config#config.stat-normalization@1.byOrigin.mr.狂戰=極小
2026-09-09T17:17:38.2848577Z     ZERO     0/1       0.0%  enum:config#config.stat-normalization@1.byOrigin.mr.砲手=中
2026-09-09T17:17:38.2849579Z     ZERO     0/1       0.0%  enum:config#config.stat-normalization@1.byOrigin.mr.砲手=大
2026-09-09T17:17:38.2850423Z     ZERO     0/1       0.0%  enum:config#config.stat-normalization@1.byOrigin.mr.砲手=小
2026-09-09T17:17:38.2851235Z     ZERO     0/1       0.0%  enum:config#config.stat-normalization@1.byOrigin.mr.砲手=極大
2026-09-09T17:17:38.2852226Z     ZERO     0/1       0.0%  enum:config#config.stat-normalization@1.byOrigin.mr.硬輔=中
2026-09-09T17:17:38.2853041Z     ZERO     0/1       0.0%  enum:config#config.stat-normalization@1.byOrigin.mr.硬輔=小
2026-09-09T17:17:38.2853862Z     ZERO     0/1       0.0%  enum:config#config.stat-normalization@1.byOrigin.mr.硬輔=極大
2026-09-09T17:17:38.2854679Z     ZERO     0/1       0.0%  enum:config#config.stat-normalization@1.byOrigin.mr.硬輔=極小
2026-09-09T17:17:38.2855480Z     ZERO     0/1       0.0%  enum:config#config.stat-normalization@1.byOrigin.mr.軟輔=中
2026-09-09T17:17:38.2856234Z     ZERO     0/1       0.0%  enum:config#config.stat-normalization@1.byOrigin.mr.軟輔=大
2026-09-09T17:17:38.2856942Z     ZERO     0/1       0.0%  enum:config#config.stat-normalization@1.byOrigin.mr.軟輔=極大
2026-09-09T17:17:38.2857680Z     ZERO     0/1       0.0%  enum:config#config.stat-normalization@1.byOrigin.mr.軟輔=極小
2026-09-09T17:17:38.2858450Z     ZERO     0/1       0.0%  enum:config#config.stat-normalization@1.byOrigin.mr.鬥士=大
2026-09-09T17:17:38.2859250Z     ZERO     0/1       0.0%  enum:config#config.stat-normalization@1.byOrigin.mr.鬥士=小
2026-09-09T17:17:38.2860071Z     ZERO     0/1       0.0%  enum:config#config.stat-normalization@1.byOrigin.mr.鬥士=極大
2026-09-09T17:17:38.2860881Z     ZERO     0/1       0.0%  enum:config#config.stat-normalization@1.byOrigin.mr.鬥士=極小
2026-09-09T17:17:38.2861656Z     ZERO     0/1       0.0%  enum:config#config.stat-normalization@1.byOrigin.ms.坦克=中
2026-09-09T17:17:38.2945167Z     ZERO     0/1       0.0%  enum:config#config.stat-normalization@1.byOrigin.ms.坦克=大
2026-09-09T17:17:38.2946159Z     ZERO     0/1       0.0%  enum:config#config.stat-normalization@1.byOrigin.ms.坦克=極大
2026-09-09T17:17:38.2947040Z     ZERO     0/1       0.0%  enum:config#config.stat-normalization@1.byOrigin.ms.坦克=極小
2026-09-09T17:17:38.2947877Z     ZERO     0/1       0.0%  enum:config#config.stat-normalization@1.byOrigin.ms.射手=大
2026-09-09T17:17:38.2948686Z     ZERO     0/1       0.0%  enum:config#config.stat-normalization@1.byOrigin.ms.射手=小
2026-09-09T17:17:38.2949509Z     ZERO     0/1       0.0%  enum:config#config.stat-normalization@1.byOrigin.ms.射手=極大
2026-09-09T17:17:38.2950290Z     ZERO     0/1       0.0%  enum:config#config.stat-normalization@1.byOrigin.ms.射手=極小
2026-09-09T17:17:38.2951059Z     ZERO     0/1       0.0%  enum:config#config.stat-normalization@1.byOrigin.ms.法刺=中
2026-09-09T17:17:38.2951817Z     ZERO     0/1       0.0%  enum:config#config.stat-normalization@1.byOrigin.ms.法刺=小
2026-09-09T17:17:38.2952859Z     ZERO     0/1       0.0%  enum:config#config.stat-normalization@1.byOrigin.ms.法刺=極大
2026-09-09T17:17:38.2953650Z     ZERO     0/1       0.0%  enum:config#config.stat-normalization@1.byOrigin.ms.法刺=極小
2026-09-09T17:17:38.2954822Z     ZERO     0/1       0.0%  enum:config#config.stat-normalization@1.byOrigin.ms.法師=大
2026-09-09T17:17:38.2955642Z     ZERO     0/1       0.0%  enum:config#config.stat-normalization@1.byOrigin.ms.法師=小
2026-09-09T17:17:38.2956453Z     ZERO     0/1       0.0%  enum:config#config.stat-normalization@1.byOrigin.ms.法師=極大
2026-09-09T17:17:38.2957240Z     ZERO     0/1       0.0%  enum:config#config.stat-normalization@1.byOrigin.ms.法師=極小
2026-09-09T17:17:38.2958049Z     ZERO     0/1       0.0%  enum:config#config.stat-normalization@1.byOrigin.ms.法鬥=中
2026-09-09T17:17:38.2958829Z     ZERO     0/1       0.0%  enum:config#config.stat-normalization@1.byOrigin.ms.法鬥=大
2026-09-09T17:17:38.2959594Z     ZERO     0/1       0.0%  enum:config#config.stat-normalization@1.byOrigin.ms.法鬥=極大
2026-09-09T17:17:38.2960358Z     ZERO     0/1       0.0%  enum:config#config.stat-normalization@1.byOrigin.ms.法鬥=極小
2026-09-09T17:17:38.2961376Z     ZERO     0/1       0.0%  enum:config#config.stat-normalization@1.byOrigin.ms.狂戰=中
2026-09-09T17:17:38.2962536Z     ZERO     0/1       0.0%  enum:config#config.stat-normalization@1.byOrigin.ms.狂戰=小
2026-09-09T17:17:38.2963422Z     ZERO     0/1       0.0%  enum:config#config.stat-normalization@1.byOrigin.ms.狂戰=極大
2026-09-09T17:17:38.2964309Z     ZERO     0/1       0.0%  enum:config#config.stat-normalization@1.byOrigin.ms.狂戰=極小
2026-09-09T17:17:38.2965159Z     ZERO     0/1       0.0%  enum:config#config.stat-normalization@1.byOrigin.ms.砲手=中
2026-09-09T17:17:38.2966004Z     ZERO     0/1       0.0%  enum:config#config.stat-normalization@1.byOrigin.ms.砲手=小
2026-09-09T17:17:38.2966850Z     ZERO     0/1       0.0%  enum:config#config.stat-normalization@1.byOrigin.ms.砲手=極大
2026-09-09T17:17:38.2967711Z     ZERO     0/1       0.0%  enum:config#config.stat-normalization@1.byOrigin.ms.砲手=極小
2026-09-09T17:17:38.2968534Z     ZERO     0/1       0.0%  enum:config#config.stat-normalization@1.byOrigin.ms.硬輔=中
2026-09-09T17:17:38.2969322Z     ZERO     0/1       0.0%  enum:config#config.stat-normalization@1.byOrigin.ms.硬輔=大
2026-09-09T17:17:38.2970118Z     ZERO     0/1       0.0%  enum:config#config.stat-normalization@1.byOrigin.ms.硬輔=極大
2026-09-09T17:17:38.2970915Z     ZERO     0/1       0.0%  enum:config#config.stat-normalization@1.byOrigin.ms.硬輔=極小
2026-09-09T17:17:38.2971678Z     ZERO     0/1       0.0%  enum:config#config.stat-normalization@1.byOrigin.ms.軟輔=中
2026-09-09T17:17:38.3022934Z     ZERO     0/1       0.0%  enum:config#config.stat-normalization@1.byOrigin.ms.軟輔=大
2026-09-09T17:17:38.3023872Z     ZERO     0/1       0.0%  enum:config#config.stat-normalization@1.byOrigin.ms.軟輔=極大
2026-09-09T17:17:38.3024689Z     ZERO     0/1       0.0%  enum:config#config.stat-normalization@1.byOrigin.ms.軟輔=極小
2026-09-09T17:17:38.3025510Z     ZERO     0/1       0.0%  enum:config#config.stat-normalization@1.byOrigin.ms.鬥士=大
2026-09-09T17:17:38.3026324Z     ZERO     0/1       0.0%  enum:config#config.stat-normalization@1.byOrigin.ms.鬥士=小
2026-09-09T17:17:38.3027167Z     ZERO     0/1       0.0%  enum:config#config.stat-normalization@1.byOrigin.ms.鬥士=極大
2026-09-09T17:17:38.3028289Z     ZERO     0/1       0.0%  enum:config#config.stat-normalization@1.byOrigin.ms.鬥士=極小
2026-09-09T17:17:38.3029145Z     ZERO     0/1       0.0%  enum:config#config.stat-normalization@1.byOrigin.range.坦克=中
2026-09-09T17:17:38.3029974Z     ZERO     0/1       0.0%  enum:config#config.stat-normalization@1.byOrigin.range.坦克=大
2026-09-09T17:17:38.3030812Z     ZERO     0/1       0.0%  enum:config#config.stat-normalization@1.byOrigin.range.坦克=極大
2026-09-09T17:17:38.3031634Z     ZERO     0/1       0.0%  enum:config#config.stat-normalization@1.byOrigin.range.坦克=極小
2026-09-09T17:17:38.3032718Z     ZERO     0/1       0.0%  enum:config#config.stat-normalization@1.byOrigin.range.射手=大
2026-09-09T17:17:38.3033534Z     ZERO     0/1       0.0%  enum:config#config.stat-normalization@1.byOrigin.range.射手=小
2026-09-09T17:17:38.3034389Z     ZERO     0/1       0.0%  enum:config#config.stat-normalization@1.byOrigin.range.射手=極大
2026-09-09T17:17:38.3035454Z     ZERO     0/1       0.0%  enum:config#config.stat-normalization@1.byOrigin.range.射手=極小
2026-09-09T17:17:38.3036293Z     ZERO     0/1       0.0%  enum:config#config.stat-normalization@1.byOrigin.range.法刺=中
2026-09-09T17:17:38.3037103Z     ZERO     0/1       0.0%  enum:config#config.stat-normalization@1.byOrigin.range.法刺=大
2026-09-09T17:17:38.3037927Z     ZERO     0/1       0.0%  enum:config#config.stat-normalization@1.byOrigin.range.法刺=極大
2026-09-09T17:17:38.3038773Z     ZERO     0/1       0.0%  enum:config#config.stat-normalization@1.byOrigin.range.法刺=極小
2026-09-09T17:17:38.3039597Z     ZERO     0/1       0.0%  enum:config#config.stat-normalization@1.byOrigin.range.法師=大
2026-09-09T17:17:38.3040412Z     ZERO     0/1       0.0%  enum:config#config.stat-normalization@1.byOrigin.range.法師=小
2026-09-09T17:17:38.3041245Z     ZERO     0/1       0.0%  enum:config#config.stat-normalization@1.byOrigin.range.法師=極大
2026-09-09T17:17:38.3042339Z     ZERO     0/1       0.0%  enum:config#config.stat-normalization@1.byOrigin.range.法師=極小
2026-09-09T17:17:38.3043185Z     ZERO     0/1       0.0%  enum:config#config.stat-normalization@1.byOrigin.range.法鬥=大
2026-09-09T17:17:38.3044015Z     ZERO     0/1       0.0%  enum:config#config.stat-normalization@1.byOrigin.range.法鬥=小
2026-09-09T17:17:38.3044852Z     ZERO     0/1       0.0%  enum:config#config.stat-normalization@1.byOrigin.range.法鬥=極大
2026-09-09T17:17:38.3045704Z     ZERO     0/1       0.0%  enum:config#config.stat-normalization@1.byOrigin.range.法鬥=極小
2026-09-09T17:17:38.3046537Z     ZERO     0/1       0.0%  enum:config#config.stat-normalization@1.byOrigin.range.狂戰=中
2026-09-09T17:17:38.3047369Z     ZERO     0/1       0.0%  enum:config#config.stat-normalization@1.byOrigin.range.狂戰=大
2026-09-09T17:17:38.3048204Z     ZERO     0/1       0.0%  enum:config#config.stat-normalization@1.byOrigin.range.狂戰=極大
2026-09-09T17:17:38.3049043Z     ZERO     0/1       0.0%  enum:config#config.stat-normalization@1.byOrigin.range.狂戰=極小
2026-09-09T17:17:38.3049874Z     ZERO     0/1       0.0%  enum:config#config.stat-normalization@1.byOrigin.range.砲手=中
2026-09-09T17:17:38.3050684Z     ZERO     0/1       0.0%  enum:config#config.stat-normalization@1.byOrigin.range.砲手=大
2026-09-09T17:17:38.3051487Z     ZERO     0/1       0.0%  enum:config#config.stat-normalization@1.byOrigin.range.砲手=小
2026-09-09T17:17:38.3075879Z     ZERO     0/1       0.0%  enum:config#config.stat-normalization@1.byOrigin.range.砲手=極小
2026-09-09T17:17:38.3076865Z     ZERO     0/1       0.0%  enum:config#config.stat-normalization@1.byOrigin.range.硬輔=大
2026-09-09T17:17:38.3077700Z     ZERO     0/1       0.0%  enum:config#config.stat-normalization@1.byOrigin.range.硬輔=小
2026-09-09T17:17:38.3078562Z     ZERO     0/1       0.0%  enum:config#config.stat-normalization@1.byOrigin.range.硬輔=極大
2026-09-09T17:17:38.3079403Z     ZERO     0/1       0.0%  enum:config#config.stat-normalization@1.byOrigin.range.硬輔=極小
2026-09-09T17:17:38.3080217Z     ZERO     0/1       0.0%  enum:config#config.stat-normalization@1.byOrigin.range.軟輔=大
2026-09-09T17:17:38.3081055Z     ZERO     0/1       0.0%  enum:config#config.stat-normalization@1.byOrigin.range.軟輔=小
2026-09-09T17:17:38.3082406Z     ZERO     0/1       0.0%  enum:config#config.stat-normalization@1.byOrigin.range.軟輔=極大
2026-09-09T17:17:38.3083215Z     ZERO     0/1       0.0%  enum:config#config.stat-normalization@1.byOrigin.range.軟輔=極小
2026-09-09T17:17:38.3083993Z     ZERO     0/1       0.0%  enum:config#config.stat-normalization@1.byOrigin.range.鬥士=大
2026-09-09T17:17:38.3084751Z     ZERO     0/1       0.0%  enum:config#config.stat-normalization@1.byOrigin.range.鬥士=小
2026-09-09T17:17:38.3085527Z     ZERO     0/1       0.0%  enum:config#config.stat-normalization@1.byOrigin.range.鬥士=極大
2026-09-09T17:17:38.3086291Z     ZERO     0/1       0.0%  enum:config#config.stat-normalization@1.byOrigin.range.鬥士=極小
2026-09-09T17:17:38.3086923Z     ZERO     0/1       0.0%  enum:config#config.stat-normalization@1.channel.ad=baseStats
2026-09-09T17:17:38.3087765Z     ZERO     0/1       0.0%  enum:config#config.stat-normalization@1.channel.ap=baseStats
2026-09-09T17:17:38.3088479Z     ZERO     0/1       0.0%  enum:config#config.stat-normalization@1.channel.armor=baseStats
2026-09-09T17:17:38.3089144Z     ZERO     0/1       0.0%  enum:config#config.stat-normalization@1.channel.as=baseStats
2026-09-09T17:17:38.3089924Z     ZERO     0/1       0.0%  enum:config#config.stat-normalization@1.channel.healthRegen=baseStats
2026-09-09T17:17:38.3090684Z     ZERO     0/1       0.0%  enum:config#config.stat-normalization@1.channel.manaRegen=baseStats
2026-09-09T17:17:38.3091458Z     ZERO     0/1       0.0%  enum:config#config.stat-normalization@1.channel.maxHealth=baseStats
2026-09-09T17:17:38.3092516Z     ZERO     0/1       0.0%  enum:config#config.stat-normalization@1.channel.maxMana=baseStats
2026-09-09T17:17:38.3093188Z     ZERO     0/1       0.0%  enum:config#config.stat-normalization@1.channel.mr=baseStats
2026-09-09T17:17:38.3093854Z     ZERO     0/1       0.0%  enum:config#config.stat-normalization@1.channel.ms=growth
2026-09-09T17:17:38.3094571Z     ZERO     0/1       0.0%  enum:config#config.stat-normalization@1.channel.range=growth
2026-09-09T17:17:38.3095227Z     ZERO     0/1       0.0%  enum:config#config.stat-normalization@1.mode=legacy
2026-09-09T17:17:38.3096287Z     ZERO     0/1       0.0%  enum:config#config.stat-normalization@1.scaleByOrigin.range.坦克=ranged
2026-09-09T17:17:38.3097306Z     ZERO     0/1       0.0%  enum:config#config.stat-normalization@1.scaleByOrigin.range.射手=melee
2026-09-09T17:17:38.3098306Z     ZERO     0/1       0.0%  enum:config#config.stat-normalization@1.scaleByOrigin.range.法刺=ranged
2026-09-09T17:17:38.3099297Z     ZERO     0/1       0.0%  enum:config#config.stat-normalization@1.scaleByOrigin.range.法師=melee
2026-09-09T17:17:38.3100285Z     ZERO     0/1       0.0%  enum:config#config.stat-normalization@1.scaleByOrigin.range.法鬥=ranged
2026-09-09T17:17:38.3101267Z     ZERO     0/1       0.0%  enum:config#config.stat-normalization@1.scaleByOrigin.range.狂戰=ranged
2026-09-09T17:17:38.3136011Z     ZERO     0/1       0.0%  enum:config#config.stat-normalization@1.scaleByOrigin.range.砲手=melee
2026-09-09T17:17:38.3137060Z     ZERO     0/1       0.0%  enum:config#config.stat-normalization@1.scaleByOrigin.range.硬輔=ranged
2026-09-09T17:17:38.3137977Z     ZERO     0/1       0.0%  enum:config#config.stat-normalization@1.scaleByOrigin.range.軟輔=melee
2026-09-09T17:17:38.3138935Z     ZERO     0/1       0.0%  enum:config#config.stat-normalization@1.scaleByOrigin.range.鬥士=ranged
2026-09-09T17:17:38.3139602Z     ZERO     0/1       0.0%  enum:config#config.store@1.randomPickOwnership=whitelist
2026-09-09T17:17:38.3140120Z     ZERO     0/1       0.0%  enum:config#config.taunt@1.capOrder=id
2026-09-09T17:17:38.3140662Z     ZERO     0/1       0.0%  enum:config#config.taunt@1.capOrder=lowestHp
2026-09-09T17:17:38.3141229Z     ZERO     0/1       0.0%  enum:config#config.taunt@1.conflictMode=longest
2026-09-09T17:17:38.3141852Z     ZERO     0/1       0.0%  enum:config#config.taunt@1.mobTauntMode=nearestFirst
2026-09-09T17:17:38.3142766Z     ZERO     0/1       0.0%  enum:config#config.taunt@1.priority=aboveThreatOnly
2026-09-09T17:17:38.3143689Z     ZERO     0/1       0.0%  enum:config#config.ugc@1.publishMode=next-match
2026-09-09T17:17:38.3144471Z     ZERO     0/1       0.0%  enum:config#config.ui-cues@1.coinThrowButtonMode=grey-when-poor
2026-09-09T17:17:38.3145162Z     ZERO     0/1       0.0%  enum:config#config.ui-cues@1.telegraphGroundShape=circle
2026-09-09T17:17:38.3145941Z     ZERO     0/1       0.0%  enum:config#config.unsafe-textures@1.textures[].status=quarantined
2026-09-09T17:17:38.3146623Z     ZERO     0/1       0.0%  enum:config#config.valhalla-sandbox@1.movementLock=input
2026-09-09T17:17:38.3147319Z     ZERO     0/1       0.0%  enum:config#config.vfx-ability-art@1.bindings{}.prim.size=lg
2026-09-09T17:17:38.3148038Z     ZERO     0/1       0.0%  enum:config#config.vfx-ability-art@1.bindings{}.prim.size=md
2026-09-09T17:17:38.3148691Z     ZERO     0/1       0.0%  enum:config#config.vfx-cleanup@1.roundPurgeMode=off
2026-09-09T17:17:38.3149567Z     ZERO     0/1       0.0%  enum:config#config.vfx-cleanup@1.roundPurgeMode=soft
2026-09-09T17:17:38.3150292Z     ZERO     0/1       0.0%  enum:config#config.vfx-cleanup@1.vfxHardCapScope=managed
2026-09-09T17:17:38.3150960Z     ZERO     0/1       0.0%  enum:config#config.vfx-cleanup@1.vfxHardCapScope=off
2026-09-09T17:17:38.3151652Z     ZERO     0/1       0.0%  enum:config#config.vfx-families@1.castHeightSource=family
2026-09-09T17:17:38.3152590Z     ZERO     0/1       0.0%  enum:config#config.vfx-families@1.castHeightSource=flat
2026-09-09T17:17:38.3153331Z     ZERO     0/1       0.0%  enum:config#config.vfx-families@1.families{}.groundDecal=dirt
2026-09-09T17:17:38.3154055Z     ZERO     0/1       0.0%  enum:config#config.vfx-families@1.families{}.groundDecal=none
2026-09-09T17:17:38.3154824Z     ZERO     0/1       0.0%  enum:config#config.vfx-families@1.families{}.groundDecal=scorch
2026-09-09T17:17:38.3155554Z     ZERO     0/2       0.0%  enum:config#config.vfx-families@1.families{}.primitive=summon
2026-09-09T17:17:38.3156252Z     ZERO     0/1       0.0%  enum:config#config.victory-podium@1.clipBronze=celebrate
2026-09-09T17:17:38.3156906Z     ZERO     0/1       0.0%  enum:config#config.victory-podium@1.clipBronze=death
2026-09-09T17:17:38.3157539Z     ZERO     0/1       0.0%  enum:config#config.victory-podium@1.clipGold=death
2026-09-09T17:17:38.3158160Z     ZERO     0/1       0.0%  enum:config#config.victory-podium@1.clipGold=idle
2026-09-09T17:17:38.3158844Z     ZERO     0/1       0.0%  enum:config#config.victory-podium@1.clipSilver=celebrate
2026-09-09T17:17:38.3159471Z     ZERO     0/1       0.0%  enum:config#config.victory-podium@1.clipSilver=death
2026-09-09T17:17:38.3160161Z     ZERO     0/1       0.0%  enum:config#config.victory-podium@1.podiumFill=opponents
2026-09-09T17:17:38.3160805Z     ZERO     0/1       0.0%  enum:config#config.victory-podium@1.podiumLayout=rank
2026-09-09T17:17:38.3161533Z     ZERO     0/1       0.0%  enum:config#config.victory-podium@1.podiumLayout=soloWinner
2026-09-09T17:17:38.3212728Z     ZERO     0/1       0.0%  enum:config#config.victory-podium@1.podiumScope=allFought
2026-09-09T17:17:38.3230739Z     ZERO     0/1       0.0%  enum:config#config.victory-podium@1.podiumZoneSource=spectated
2026-09-09T17:17:38.3231456Z     ZERO     0/1       0.0%  enum:config#config.victory-podium@1.roundWinLine=quote
2026-09-09T17:17:38.3232415Z     ZERO     0/1       0.0%  enum:config#config.victory-podium@1.roundWinLine=taunt
2026-09-09T17:17:38.3233028Z     ZERO     0/1       0.0%  enum:config#config.wounds@1.stackMode=multiply
2026-09-09T17:17:38.3233521Z     ZERO     0/142     0.0%  enum:items.craftRole=direct
2026-09-09T17:17:38.3233968Z     ZERO     0/142     0.0%  enum:items.craftRole=token
2026-09-09T17:17:38.3234580Z     ZERO     0/2       0.0%  enum:items.modifiers[].requires.primaryStat=AGI
2026-09-09T17:17:38.3235055Z     ZERO     0/7       0.0%  enum:maps.gimmick.kind=none
2026-09-09T17:17:38.3235518Z     ZERO     0/7       0.0%  enum:maps.groundStyle=sand
2026-09-09T17:17:38.3236044Z     ZERO     0/7       0.0%  enum:maps.interactions[].kind=channel
2026-09-09T17:17:38.3236785Z     ZERO     0/7       0.0%  enum:models.fxLongAxis=z
2026-09-09T17:17:38.3237288Z     ZERO     0/3       0.0%  enum:vfx#vfx@1.orient.yawFrom=world
2026-09-09T17:17:38.3237939Z     ZERO     0/10      0.0%  enum:vfx-scripts.segments[]|1#anim.on=projectileHit
2026-09-09T17:17:38.3238622Z     ZERO     0/10      0.0%  enum:vfx-scripts.segments[]|1#anim.on=projectileSpawn
2026-09-09T17:17:38.3239270Z     ZERO     0/10      0.0%  enum:vfx-scripts.segments[]|1#anim.on=reflectSuccess
2026-09-09T17:17:38.3239880Z     ZERO     0/3       0.0%  enum:vfx-scripts.segments[]|1#anim.pulse=attack
2026-09-09T17:17:38.3240465Z     ZERO     0/3       0.0%  enum:vfx-scripts.segments[]|1#anim.pulse=dodge
2026-09-09T17:17:38.3241071Z     ZERO     0/3       0.0%  enum:vfx-scripts.segments[]|1#anim.pulse=guard
2026-09-09T17:17:38.3241730Z     ZERO     0/3       0.0%  enum:vfx-scripts.segments[]|1#floatingText.at=caster
2026-09-09T17:17:38.3242850Z     ZERO     0/2       0.0%  enum:vfx-scripts.segments[]|1#hideBody.at=target
2026-09-09T17:17:38.3243484Z     ZERO     0/9       0.0%  enum:vfx-scripts.segments[]|1#modelFx.path=forward
2026-09-09T17:17:38.3244070Z     ZERO     0/9       0.0%  enum:vfx-scripts.segments[]|1#modelFx.path=orbit
2026-09-09T17:17:38.3244651Z     ZERO     0/9       0.0%  enum:vfx-scripts.segments[]|1#modelFx.path=radial
2026-09-09T17:17:38.3245268Z     ZERO     0/9       0.0%  enum:vfx-scripts.segments[]|1#modelFx.path=toTarget
2026-09-09T17:17:38.3246107Z              1/10     10.0%  enum:abilities.augment.targets[].ops[].mode=set
2026-09-09T17:17:38.3247006Z              1/10     10.0%  enum:abilities.augment.targets[].ops[].op=durationSec
2026-09-09T17:17:38.3247897Z              1/10     10.0%  enum:abilities.augment.targets[].ops[].op=procChance
2026-09-09T17:17:38.3248848Z              1/26      3.8%  enum:abilities.effects[]#applyBuff.condition|0|1|1.stat=ap
2026-09-09T17:17:38.3249827Z              1/26      3.8%  enum:abilities.effects[]#applyBuff.condition|0|1|1.stat=level
2026-09-09T17:17:38.3250766Z              1/3      33.3%  enum:abilities.effects[]#applyBuff.condition|0|2.is=mobBoss
2026-09-09T17:17:38.3251803Z              1/3      33.3%  enum:abilities.effects[]#applyBuff.condition|0|2.is=mobSpecial
2026-09-09T17:17:38.3279352Z              1/7      14.3%  enum:abilities.effects[]#applyBuff.condition|0|5|1.slot=Q
2026-09-09T17:17:38.3280353Z              1/8      12.5%  enum:abilities.effects[]#applyBuff.condition|0|8.slot=Q
2026-09-09T17:17:38.3281524Z              1/1     100.0%  enum:abilities.effects[]#applyBuff.critStrike.empowers=ownProcOnly
2026-09-09T17:17:38.3282991Z              1/1     100.0%  enum:abilities.effects[]#applyBuff.critStrike.lifestealMode=replace
2026-09-09T17:17:38.3284260Z              1/3      33.3%  enum:abilities.effects[]#applyBuff.damageTypeOverride.applyAt=beforeGates
2026-09-09T17:17:38.3285453Z              1/7      14.3%  enum:abilities.effects[]#applyBuff.damageTypeOverride.becomes=magic
2026-09-09T17:17:38.3286637Z              1/7      14.3%  enum:abilities.effects[]#applyBuff.damageTypeOverride.becomes=physical
2026-09-09T17:17:38.3287687Z              1/1     100.0%  enum:abilities.effects[]#applyBuff.deathWard.beneficiary=owner
2026-09-09T17:17:38.3288752Z              1/1     100.0%  enum:abilities.effects[]#applyBuff.deathWard.stacking=max
2026-09-09T17:17:38.3289743Z              1/37      2.7%  enum:abilities.effects[]#applyBuff.hooks[].abilitySlot=PASSIVE
2026-09-09T17:17:38.3290766Z              1/1     100.0%  enum:abilities.effects[]#applyBuff.hooks[].chanceFrom.attr=agi
2026-09-09T17:17:38.3291826Z              1/1     100.0%  enum:abilities.effects[]#applyBuff.hooks[].chanceFrom.basis=total
2026-09-09T17:17:38.3293150Z              1/246     0.4%  enum:abilities.effects[]#applyBuff.hooks[].on=onAllyDamaged
2026-09-09T17:17:38.3294128Z              1/246     0.4%  enum:abilities.effects[]#applyBuff.hooks[].on=onBossSpawn
2026-09-09T17:17:38.3295360Z              1/246     0.4%  enum:abilities.effects[]#applyBuff.hooks[].on=onCrowdControlReceived
2026-09-09T17:17:38.3296685Z              1/246     0.4%  enum:abilities.effects[]#applyBuff.hooks[].on=onDashOrBlink
2026-09-09T17:17:38.3297772Z              1/246     0.4%  enum:abilities.effects[]#applyBuff.hooks[].on=onFireRingIgnite
2026-09-09T17:17:38.3298771Z              1/246     0.4%  enum:abilities.effects[]#applyBuff.hooks[].on=onOverheal
2026-09-09T17:17:38.3299827Z              1/246     0.4%  enum:abilities.effects[]#applyBuff.hooks[].on=onUltimateCast
2026-09-09T17:17:38.3300776Z              1/3      33.3%  enum:abilities.effects[]#applyBuff.maxStat.basis=final
2026-09-09T17:17:38.3301772Z              1/553     0.2%  enum:abilities.effects[]#applyBuff.maxStat.stat=maxHitPctMaxHp
2026-09-09T17:17:38.3353512Z              1/553     0.2%  enum:abilities.effects[]#applyBuff.maxStat.stat=unavoidablePct
2026-09-09T17:17:38.3354814Z              1/1     100.0%  enum:abilities.effects[]#applyBuff.modifiers[].fromResource=mp
2026-09-09T17:17:38.3355841Z              1/1     100.0%  enum:abilities.effects[]#applyBuff.penetration.scope=basic
2026-09-09T17:17:38.3356782Z              1/14      7.1%  enum:abilities.effects[]#applyBuff.permanentScope=match
2026-09-09T17:17:38.3357635Z              1/2      50.0%  enum:abilities.effects[]#applyStatus.refresh=extend
2026-09-09T17:17:38.3358523Z              1/2      50.0%  enum:abilities.effects[]#applyStatus.refresh=keep
2026-09-09T17:17:38.3359461Z              1/1     100.0%  enum:abilities.effects[]#carry.onCarrierDeath=release
2026-09-09T17:17:38.3360254Z              1/1     100.0%  enum:abilities.effects[]#carry.shape=circle
2026-09-09T17:17:38.3361042Z              1/1     100.0%  enum:abilities.effects[]#carry.side=allies
2026-09-09T17:17:38.3362446Z              1/1     100.0%  enum:abilities.effects[]#chainLightning.amount.attrRatios[].attr=str
2026-09-09T17:17:38.3363626Z              1/1     100.0%  enum:abilities.effects[]#chainLightning.amount.attrRatios[].basis=total
2026-09-09T17:17:38.3364653Z              1/5      20.0%  enum:abilities.effects[]#chainLightning.onHitTargetsMode=batch
2026-09-09T17:17:38.3365502Z              1/1     100.0%  enum:abilities.effects[]#convertTeam.shape=single
2026-09-09T17:17:38.3366332Z              1/1     100.0%  enum:abilities.effects[]#convertTeam.until=death
2026-09-09T17:17:38.3367141Z              1/1     100.0%  enum:abilities.effects[]#cycleBuff.applyTo=self
2026-09-09T17:17:38.3367999Z              1/1     100.0%  enum:abilities.effects[]#damage.refund.basis=hpLost
2026-09-09T17:17:38.3368892Z              1/2      50.0%  enum:abilities.effects[]#damage.refund.resource=health
2026-09-09T17:17:38.3369767Z              1/2      50.0%  enum:abilities.effects[]#damage.refund.resource=mana
2026-09-09T17:17:38.3370737Z              1/26      3.8%  enum:abilities.effects[]#damage.resourcePct.basis=missing
2026-09-09T17:17:38.3371655Z              1/3      33.3%  enum:abilities.effects[]#damage.resourcePct.scale=points
2026-09-09T17:17:38.3372703Z              1/14      7.1%  enum:abilities.effects[]#delayed.targetMode=frozen
2026-09-09T17:17:38.3373507Z              1/7      14.3%  enum:abilities.effects[]#devour.victim=champion
2026-09-09T17:17:38.3374331Z              1/23      4.3%  enum:abilities.effects[]#dot.stacking=independent
2026-09-09T17:17:38.3375236Z              1/5      20.0%  enum:abilities.effects[]#eventValueConversion.to=health
2026-09-09T17:17:38.3375959Z              1/1     100.0%  enum:abilities.effects[]#grantXp.to=self
2026-09-09T17:17:38.3376788Z              1/1     100.0%  enum:abilities.effects[]#manaBarrier.shape=single
2026-09-09T17:17:38.3377587Z              1/1     100.0%  enum:abilities.effects[]#manaBarrier.who=self
2026-09-09T17:17:38.3378613Z              1/1     100.0%  enum:abilities.effects[]#modifyCooldown.hookScope=originSource
2026-09-09T17:17:38.3379694Z              1/1     100.0%  enum:abilities.effects[]#modifyCooldown.target=hookInternalCooldown
2026-09-09T17:17:38.3380577Z              1/1     100.0%  enum:abilities.effects[]#swapResource.resource=health
2026-09-09T17:17:38.3381647Z              1/1     100.0%  enum:abilities.effects[]#swapResource.shape=single
2026-09-09T17:17:38.3383825Z              1/1     100.0%  enum:abilities.effects[]#taunt.forcedTarget=target
2026-09-09T17:17:38.3384580Z              1/1     100.0%  enum:abilities.effects[]#taunt.side=allies
2026-09-09T17:17:38.3385249Z              1/3      33.3%  enum:abilities.marks[].resetOn=match
2026-09-09T17:17:38.3386256Z              1/1     100.0%  enum:abilities.passive.ranks[].auras[].scaleByNearby.count=ally
2026-09-09T17:17:38.3387044Z              1/52      1.9%  enum:ability-templates.params{}.type=applyBuff
2026-09-09T17:17:38.3387793Z              1/52      1.9%  enum:ability-templates.params{}.type=boolean
2026-09-09T17:17:38.3388617Z              1/52      1.9%  enum:ability-templates.params{}.type=buffPerRank
2026-09-09T17:17:38.3389699Z              1/52      1.9%  enum:ability-templates.params{}.type=hooks
2026-09-09T17:17:38.3390566Z              1/52      1.9%  enum:ability-templates.params{}.type=spawnModelFx
2026-09-09T17:17:38.3391295Z              1/52      1.9%  enum:ability-templates.params{}.type=text
2026-09-09T17:17:38.3392151Z              1/13      7.7%  enum:arenas.groundStyle=obsidian
2026-09-09T17:17:38.3432625Z              1/13      7.7%  enum:arenas.groundStyle=sand
2026-09-09T17:17:38.3433294Z              1/13      7.7%  enum:arenas.groundStyle=tatami
2026-09-09T17:17:38.3433907Z              1/13      7.7%  enum:arenas.groundStyle=wood
2026-09-09T17:17:38.3434651Z              1/20      5.0%  enum:arenas.scenery.props[].facing=fixed
2026-09-09T17:17:38.3435407Z              1/1     100.0%  enum:arenas.zones[].gateHolds[].mode=open
2026-09-09T17:17:38.3436258Z              1/7      14.3%  enum:arenas.zones[].interactions[].kind=toggleGate
2026-09-09T17:17:38.3437155Z              1/19      5.3%  enum:augments.eligibility.excludeSelfMechanic[]=burn
2026-09-09T17:17:38.3438141Z              1/19      5.3%  enum:augments.eligibility.excludeSelfMechanic[]=flight
2026-09-09T17:17:38.3439093Z              1/19      5.3%  enum:augments.eligibility.excludeSelfMechanic[]=shield
2026-09-09T17:17:38.3439965Z              1/1     100.0%  enum:augments.eligibility.onlyAttackType=ranged
2026-09-09T17:17:38.3440897Z              1/9      11.1%  enum:augments.eligibility.requiresModeFeature[]=boss
2026-09-09T17:17:38.3441871Z              1/9      11.1%  enum:augments.eligibility.requiresModeFeature[]=fireRing
2026-09-09T17:17:38.3443030Z              1/9      11.1%  enum:augments.eligibility.requiresModeFeature[]=mobs
2026-09-09T17:17:38.3443967Z              1/9      11.1%  enum:augments.eligibility.requiresModeFeature[]=neutralObjects
2026-09-09T17:17:38.3444889Z              1/49      2.0%  enum:champions.origin=砲手
2026-09-09T17:17:38.3445845Z              1/1     100.0%  enum:config#config.ambient-vfx@1.bindings{}[].whileToggle=W
2026-09-09T17:17:38.3446810Z              1/1     100.0%  enum:config#config.ap-damage-scaling@1.apRatioMode=stack
2026-09-09T17:17:38.3447727Z              1/1     100.0%  enum:config#config.ap-damage-scaling@1.scope=ability
2026-09-09T17:17:38.3448915Z              1/1     100.0%  enum:config#config.arena-rules@1.augmentTiers[].limitScope=champion
2026-09-09T17:17:38.3449942Z              1/1     100.0%  enum:config#config.arena-rules@1.augmentTiers[].table=gold
2026-09-09T17:17:38.3451019Z              1/1     100.0%  enum:config#config.arena-rules@1.augmentTiers[].table=prismatic
2026-09-09T17:17:38.3472360Z              1/1     100.0%  enum:config#config.arena-rules@1.draftConflict=round-roll
2026-09-09T17:17:38.3473540Z              1/1     100.0%  enum:config#config.arena-rules@1.grailDraft.legacyPool=exclude
2026-09-09T17:17:38.3474648Z              1/1     100.0%  enum:config#config.arena-rules@1.itemDraft.shortPoolMode=short
2026-09-09T17:17:38.3475818Z              1/1     100.0%  enum:config#config.arena-rules@1.mobWaves.boss.championSource=fixed
2026-09-09T17:17:38.3477324Z              1/1     100.0%  enum:config#config.arena-rules@1.mobWaves.boss.championSource=random
2026-09-09T17:17:38.3478486Z              1/1     100.0%  enum:config#config.arena-rules@1.mobWaves.boss.healthBarAnchor=top
2026-09-09T17:17:38.3479675Z              1/1     100.0%  enum:config#config.arena-rules@1.mobWaves.boss.healthBarReveal=summon
2026-09-09T17:17:38.3480830Z              1/1     100.0%  enum:config#config.arena-rules@1.mobWaves.boss.heroLevelSource=curve
2026-09-09T17:17:38.3482301Z              1/1     100.0%  enum:config#config.arena-rules@1.mobWaves.boss.king.learnRankMode=max
2026-09-09T17:17:38.3483558Z              1/1     100.0%  enum:config#config.arena-rules@1.mobWaves.boss.king.targetPreference=players
2026-09-09T17:17:38.3484613Z              1/1     100.0%  enum:config#config.arena-rules@1.mobWaves.boss.lastHitMode=bonus
2026-09-09T17:17:38.3485776Z              1/1     100.0%  enum:config#config.arena-rules@1.mobWaves.boss.maxPerRoundScope=zone
2026-09-09T17:17:38.3487086Z              1/1     100.0%  enum:config#config.arena-rules@1.mobWaves.roundHoldMobKinds=boss
2026-09-09T17:17:38.3488242Z              1/1     100.0%  enum:config#config.arena-rules@1.mobWaves.special.lastHitMode=bonus
2026-09-09T17:17:38.3489430Z              1/1     100.0%  enum:config#config.arena-rules@1.mobWaves.special.settlementMode=panel
2026-09-09T17:17:38.3490655Z              1/1     100.0%  enum:config#config.arena-rules@1.round11.waveTable.events[].kind=bombardment
2026-09-09T17:17:38.3491838Z              1/1     100.0%  enum:config#config.arena-rules@1.round11.waveTable.events[].kind=boss
2026-09-09T17:17:38.3493356Z              1/1     100.0%  enum:config#config.arena-rules@1.round11.waveTable.events[].kind=normal
2026-09-09T17:17:38.3494706Z              1/1     100.0%  enum:config#config.arena-rules@1.round11.waveTable.events[].kind=reviveCircle
2026-09-09T17:17:38.3495909Z              1/1     100.0%  enum:config#config.arena-rules@1.round11.waveTable.events[].kind=special
2026-09-09T17:17:38.3496900Z              1/1     100.0%  enum:config#config.audio-map@1.rankUpAudience=self
2026-09-09T17:17:38.3497988Z              1/1     100.0%  enum:config#config.audio-mix@1.voice.roundEndMachineVoice=off
2026-09-09T17:17:38.3499571Z              1/1     100.0%  enum:config#config.authoring-rules@1.proportionality.minDamageTier.單體.中=中
2026-09-09T17:17:38.3501017Z              1/1     100.0%  enum:config#config.authoring-rules@1.proportionality.minDamageTier.單體.大=大
2026-09-09T17:17:38.3532507Z              1/1     100.0%  enum:config#config.authoring-rules@1.proportionality.minDamageTier.單體.小=小
2026-09-09T17:17:38.3533975Z              1/1     100.0%  enum:config#config.authoring-rules@1.proportionality.minDamageTier.單體.極大=極大
2026-09-09T17:17:38.3535250Z              1/1     100.0%  enum:config#config.authoring-rules@1.proportionality.minDamageTier.單體.極小=極小
2026-09-09T17:17:38.3536584Z              1/1     100.0%  enum:config#config.authoring-rules@1.proportionality.minDamageTier.範圍.中=中
2026-09-09T17:17:38.3537908Z              1/1     100.0%  enum:config#config.authoring-rules@1.proportionality.minDamageTier.範圍.大=大
2026-09-09T17:17:38.3539190Z              1/1     100.0%  enum:config#config.authoring-rules@1.proportionality.minDamageTier.範圍.小=中
2026-09-09T17:17:38.3540492Z              1/1     100.0%  enum:config#config.authoring-rules@1.proportionality.minDamageTier.範圍.極大=極大
2026-09-09T17:17:38.3541770Z              1/1     100.0%  enum:config#config.authoring-rules@1.proportionality.minDamageTier.範圍.極小=小
2026-09-09T17:17:38.3543312Z              1/1     100.0%  enum:config#config.authoring-rules@1.proportionality.minDamageTier.變身.中=極小
2026-09-09T17:17:38.3544633Z              1/1     100.0%  enum:config#config.authoring-rules@1.proportionality.minDamageTier.變身.大=極小
2026-09-09T17:17:38.3545947Z              1/1     100.0%  enum:config#config.authoring-rules@1.proportionality.minDamageTier.變身.小=極小
2026-09-09T17:17:38.3547275Z              1/1     100.0%  enum:config#config.authoring-rules@1.proportionality.minDamageTier.變身.極大=極小
2026-09-09T17:17:38.3548913Z              1/1     100.0%  enum:config#config.authoring-rules@1.proportionality.minDamageTier.變身.極小=極小
2026-09-09T17:17:38.3549989Z              1/1     100.0%  enum:config#config.authoring-rules@1.proportionality.model=formula
2026-09-09T17:17:38.3550845Z              1/1     100.0%  enum:config#config.berserk@1.trigger=berserkGrantors
2026-09-09T17:17:38.3551638Z              1/1     100.0%  enum:config#config.block@1.stacking=independent
2026-09-09T17:17:38.3552730Z              1/1     100.0%  enum:config#config.boss-intro@1.dropOrder[]=description
2026-09-09T17:17:38.3553551Z              1/1     100.0%  enum:config#config.boss-intro@1.dropOrder[]=tips
2026-09-09T17:17:38.3554435Z              1/1     100.0%  enum:config#config.boss-intro@1.dropOrder[]=weaknesses
2026-09-09T17:17:38.3555309Z              1/1     100.0%  enum:config#config.cast-time@1.comboWindowFrom=commit
2026-09-09T17:17:38.3556516Z              1/1     100.0%  enum:config#config.champion-voices@1.champions{}.source=map-quip
2026-09-09T17:17:38.3557480Z              1/1     100.0%  enum:config#config.champion-voices@1.champions{}.source=none
2026-09-09T17:17:38.3558465Z              1/1     100.0%  enum:config#config.combo-strikes@1.families[].ownerKind=ability
2026-09-09T17:17:38.3559402Z              1/1     100.0%  enum:config#config.combo-strikes@1.families[].ownerKind=item
2026-09-09T17:17:38.3560449Z              1/1     100.0%  enum:config#config.combo-strikes@1.families[].ownerKind=map-mechanic
2026-09-09T17:17:38.3561415Z              1/1     100.0%  enum:config#config.combo-strikes@1.families[].ownerKind=orphan
2026-09-09T17:17:38.3630804Z              1/1     100.0%  enum:config#config.combo-strikes@1.families[].ownerKind=unit
2026-09-09T17:17:38.3632287Z              1/1     100.0%  enum:config#config.combo-strikes@1.families[].rhythm=literal-waits
2026-09-09T17:17:38.3633515Z              1/1     100.0%  enum:config#config.combo-strikes@1.families[].rhythm=loop-count-only
2026-09-09T17:17:38.3634637Z              1/1     100.0%  enum:config#config.combo-strikes@1.families[].rhythm=loop-expr
2026-09-09T17:17:38.3635646Z              1/1     100.0%  enum:config#config.combo-strikes@1.families[].shape=loop
2026-09-09T17:17:38.3636661Z              1/1     100.0%  enum:config#config.combo-strikes@1.families[].shape=per-step
2026-09-09T17:17:38.3637672Z              1/1     100.0%  enum:config#config.combo-strikes@1.families[].shape=tail
2026-09-09T17:17:38.3638602Z              1/1     100.0%  enum:config#config.content-load@1.policy=quarantine
2026-09-09T17:17:38.3640075Z              1/1     100.0%  enum:config#config.controller-scheme@1.schemes{}.aim.manualScoring=legacy-nearest-enemy
2026-09-09T17:17:38.3641342Z              1/1     100.0%  enum:config#config.controller-scheme@1.schemes{}.aim.manualScoring=weighted
2026-09-09T17:17:38.3642800Z              1/1     100.0%  enum:config#config.controller-scheme@1.schemes{}.bindings.*=ability:E
2026-09-09T17:17:38.3643949Z              1/1     100.0%  enum:config#config.controller-scheme@1.schemes{}.bindings.*=ability:EX
2026-09-09T17:17:38.3645165Z              1/1     100.0%  enum:config#config.controller-scheme@1.schemes{}.bindings.*=ability:PASSIVE
2026-09-09T17:17:38.3646262Z              1/1     100.0%  enum:config#config.controller-scheme@1.schemes{}.bindings.*=ability:Q
2026-09-09T17:17:38.3647368Z              1/1     100.0%  enum:config#config.controller-scheme@1.schemes{}.bindings.*=ability:R
2026-09-09T17:17:38.3648446Z              1/1     100.0%  enum:config#config.controller-scheme@1.schemes{}.bindings.*=ability:W
2026-09-09T17:17:38.3649542Z              1/1     100.0%  enum:config#config.controller-scheme@1.schemes{}.bindings.*=attackMove
2026-09-09T17:17:38.3650635Z              1/1     100.0%  enum:config#config.controller-scheme@1.schemes{}.bindings.*=basicAttack
2026-09-09T17:17:38.3651847Z              1/1     100.0%  enum:config#config.controller-scheme@1.schemes{}.bindings.*=cameraFollowToggle
2026-09-09T17:17:38.3653688Z              1/1     100.0%  enum:config#config.controller-scheme@1.schemes{}.bindings.*=cameraZoomStep
2026-09-09T17:17:38.3654805Z              1/1     100.0%  enum:config#config.controller-scheme@1.schemes{}.bindings.*=pvpFocus
2026-09-09T17:17:38.3655594Z              1/1     100.0%  enum:config#config.crit@1.stackMode=multiply
2026-09-09T17:17:38.3656520Z              1/1     100.0%  enum:config#config.damage-colors@1.blockFlashMode=steel
2026-09-09T17:17:38.3657450Z              1/1     100.0%  enum:config#config.damage-colors@1.outline.mode=incoming
2026-09-09T17:17:38.3658333Z              1/1     100.0%  enum:config#config.damage-colors@1.textAxis=damageType
2026-09-09T17:17:38.3659380Z              1/1     100.0%  enum:config#config.damage-rules@1.defaultAbilityDamageType=magic
2026-09-09T17:17:38.3660193Z              1/1     100.0%  enum:config#config.dispel@1.defaultOrder=newest
2026-09-09T17:17:38.3661385Z              1/1     100.0%  enum:config#config.displacement-tiers@1.wallBlock.blink=clamp
2026-09-09T17:17:38.3662643Z              1/1     100.0%  enum:config#config.displacement-tiers@1.wallBlock.leap=clamp
2026-09-09T17:17:38.3663538Z              1/1     100.0%  enum:config#config.gore@1.championStyles{}=stylized
2026-09-09T17:17:38.3664245Z              1/1     100.0%  enum:config#config.gore@1.style=blood
2026-09-09T17:17:38.3665202Z              1/1     100.0%  enum:config#config.hud-layout@1.goldLevelTouchLayout=strip
2026-09-09T17:17:38.3666123Z              1/1     100.0%  enum:config#config.hud-layout@1.heroPortrait=current-form
2026-09-09T17:17:38.3666908Z              1/1     100.0%  enum:config#config.item-card@1.markers{}=active
2026-09-09T17:17:38.3667696Z              1/1     100.0%  enum:config#config.item-card@1.markers{}=debuff
2026-09-09T17:17:38.3668493Z              1/1     100.0%  enum:config#config.item-card@1.markers{}=passive
2026-09-09T17:17:38.3669259Z              1/1     100.0%  enum:config#config.item-card@1.markers{}=stat
2026-09-09T17:17:38.3670302Z              1/1     100.0%  enum:config#config.lobby-layout@1.alreadyFriendMode=greyed-button
2026-09-09T17:17:38.3671226Z              1/1     100.0%  enum:config#config.lobby-layout@1.friendSort=online-first
2026-09-09T17:17:38.3672278Z              1/1     100.0%  enum:config#config.lobby-layout@1.nemesisSort=played
2026-09-09T17:17:38.3673189Z              1/1     100.0%  enum:config#config.lobby-layout@1.splitOrder[]=friends
2026-09-09T17:17:38.3674143Z              1/1     100.0%  enum:config#config.lobby-layout@1.splitOrder[]=leaderboard
2026-09-09T17:17:38.3675045Z              1/1     100.0%  enum:config#config.lobby-layout@1.splitOrder[]=nemesis
2026-09-09T17:17:38.3675946Z              1/1     100.0%  enum:config#config.lobby-layout@1.splitOrder[]=online
2026-09-09T17:17:38.3676844Z              1/1     100.0%  enum:config#config.lobby-layout@1.stackOrder[]=friends
2026-09-09T17:17:38.3677801Z              1/1     100.0%  enum:config#config.lobby-layout@1.stackOrder[]=leaderboard
2026-09-09T17:17:38.3678708Z              1/1     100.0%  enum:config#config.lobby-layout@1.stackOrder[]=nemesis
2026-09-09T17:17:38.3679600Z              1/1     100.0%  enum:config#config.lobby-layout@1.stackOrder[]=online
2026-09-09T17:17:38.3680453Z              1/1     100.0%  enum:config#config.lobby-rally@1.joinMode=opt-out
2026-09-09T17:17:38.3681385Z              1/1     100.0%  enum:config#config.map-report@1.maps[].issues[].kind=soft
2026-09-09T17:17:38.3682560Z              1/1     100.0%  enum:config#config.map-report@1.maps[].issues[].severity=warn
2026-09-09T17:17:38.3683470Z              1/1     100.0%  enum:config#config.map-spec@1.severity.chokepoints=warn
2026-09-09T17:17:38.3684342Z              1/1     100.0%  enum:config#config.map-spec@1.severity.deadEnds=warn
2026-09-09T17:17:38.3685258Z              1/1     100.0%  enum:config#config.map-spec@1.severity.interactions=warn
2026-09-09T17:17:38.3686094Z              1/1     100.0%  enum:config#config.map-spec@1.severity.loops=warn
2026-09-09T17:17:38.3687201Z              1/1     100.0%  enum:config#config.map-spec@1.severity.shortcuts=warn
2026-09-09T17:17:38.3688086Z              1/1     100.0%  enum:config#config.map-spec@1.severity.traversal=warn
2026-09-09T17:17:38.3688974Z              1/1     100.0%  enum:config#config.model-lod@1.adaptiveCostMode=frame
2026-09-09T17:17:38.3690022Z              1/1     100.0%  enum:config#config.model-lod@1.platformPolicy.phone=unsupported
2026-09-09T17:17:38.3690903Z              1/1     100.0%  enum:config#config.model-lod@1.presetTiers.auto=high
2026-09-09T17:17:38.3691786Z              1/1     100.0%  enum:config#config.model-lod@1.presetTiers.high=high
2026-09-09T17:17:38.3692841Z              1/1     100.0%  enum:config#config.model-lod@1.presetTiers.low=small
2026-09-09T17:17:38.3693726Z              1/1     100.0%  enum:config#config.model-lod@1.presetTiers.medium=mid
2026-09-09T17:17:38.3694756Z              1/1     100.0%  enum:config#config.per-level-bonus@1.perLevel{}.appliesTo=all
2026-09-09T17:17:38.3695755Z              1/1     100.0%  enum:config#config.regen@1.drainFloorMode=stop
2026-09-09T17:17:38.3696530Z              1/1     100.0%  enum:config#config.regen@1.pctMode=replace
2026-09-09T17:17:38.3697455Z              1/1     100.0%  enum:config#config.screen-fx@1.reducedMotionMode=weaken
2026-09-09T17:17:38.3698352Z              1/1     100.0%  enum:config#config.shield@1.absorbOrder=specificFirst
2026-09-09T17:17:38.3699317Z              1/1     100.0%  enum:config#config.shield@1.spellWardBlocksWholeCast=whole
2026-09-09T17:17:38.3700299Z              1/1     100.0%  enum:config#config.skill-normalize@1.damageColumnBasis=leaf
2026-09-09T17:17:38.3701357Z              1/1     100.0%  enum:config#config.skill-normalize@1.damageLeafScope=cast-amount
2026-09-09T17:17:38.3702658Z              1/1     100.0%  enum:config#config.skill-normalize@1.radiusColumnBasis=authored-node
2026-09-09T17:17:38.3703575Z              1/1     100.0%  enum:config#config.skill-normalize@1.snapPolicy=nearest
2026-09-09T17:17:38.3704430Z              1/1     100.0%  enum:config#config.speed-growth-tiers@1.ladder=A
2026-09-09T17:17:38.3705338Z              1/1     100.0%  enum:config#config.stat-normalization@1.appliesTo[]=ad
2026-09-09T17:17:38.3706247Z              1/1     100.0%  enum:config#config.stat-normalization@1.appliesTo[]=ap
2026-09-09T17:17:38.3707186Z              1/1     100.0%  enum:config#config.stat-normalization@1.appliesTo[]=armor
2026-09-09T17:17:38.3708093Z              1/1     100.0%  enum:config#config.stat-normalization@1.appliesTo[]=as
2026-09-09T17:17:38.3709200Z              1/1     100.0%  enum:config#config.stat-normalization@1.appliesTo[]=healthRegen
2026-09-09T17:17:38.3710200Z              1/1     100.0%  enum:config#config.stat-normalization@1.appliesTo[]=manaRegen
2026-09-09T17:17:38.3711203Z              1/1     100.0%  enum:config#config.stat-normalization@1.appliesTo[]=maxHealth
2026-09-09T17:17:38.3712364Z              1/1     100.0%  enum:config#config.stat-normalization@1.appliesTo[]=maxMana
2026-09-09T17:17:38.3713348Z              1/1     100.0%  enum:config#config.stat-normalization@1.appliesTo[]=mr
2026-09-09T17:17:38.3714254Z              1/1     100.0%  enum:config#config.stat-normalization@1.appliesTo[]=ms
2026-09-09T17:17:38.3715204Z              1/1     100.0%  enum:config#config.stat-normalization@1.appliesTo[]=range
2026-09-09T17:17:38.3716449Z              1/1     100.0%  enum:config#config.stat-normalization@1.byArchetype.ad.fighter=中
2026-09-09T17:17:38.3717533Z              1/1     100.0%  enum:config#config.stat-normalization@1.byArchetype.ad.mage=中
2026-09-09T17:17:38.3718668Z              1/1     100.0%  enum:config#config.stat-normalization@1.byArchetype.ad.marksman=中
2026-09-09T17:17:38.3719737Z              1/1     100.0%  enum:config#config.stat-normalization@1.byArchetype.ad.tank=中
2026-09-09T17:17:38.3720869Z              1/1     100.0%  enum:config#config.stat-normalization@1.byArchetype.ap.fighter=中
2026-09-09T17:17:38.3722216Z              1/1     100.0%  enum:config#config.stat-normalization@1.byArchetype.ap.mage=中
2026-09-09T17:17:38.3723692Z              1/1     100.0%  enum:config#config.stat-normalization@1.byArchetype.ap.marksman=中
2026-09-09T17:17:38.3724885Z              1/1     100.0%  enum:config#config.stat-normalization@1.byArchetype.ap.tank=中
2026-09-09T17:17:38.3726166Z              1/1     100.0%  enum:config#config.stat-normalization@1.byArchetype.armor.fighter=中
2026-09-09T17:17:38.3727389Z              1/1     100.0%  enum:config#config.stat-normalization@1.byArchetype.armor.mage=小
2026-09-09T17:17:38.3728657Z              1/1     100.0%  enum:config#config.stat-normalization@1.byArchetype.armor.marksman=小
2026-09-09T17:17:38.3729863Z              1/1     100.0%  enum:config#config.stat-normalization@1.byArchetype.armor.tank=大
2026-09-09T17:17:38.3731088Z              1/1     100.0%  enum:config#config.stat-normalization@1.byArchetype.as.fighter=中
2026-09-09T17:17:38.3732760Z              1/1     100.0%  enum:config#config.stat-normalization@1.byArchetype.as.mage=中
2026-09-09T17:17:38.3734050Z              1/1     100.0%  enum:config#config.stat-normalization@1.byArchetype.as.marksman=中
2026-09-09T17:17:38.3735229Z              1/1     100.0%  enum:config#config.stat-normalization@1.byArchetype.as.tank=中
2026-09-09T17:17:38.3736570Z              1/1     100.0%  enum:config#config.stat-normalization@1.byArchetype.healthRegen.fighter=中
2026-09-09T17:17:38.3737880Z              1/1     100.0%  enum:config#config.stat-normalization@1.byArchetype.healthRegen.mage=中
2026-09-09T17:17:38.3739279Z              1/1     100.0%  enum:config#config.stat-normalization@1.byArchetype.healthRegen.marksman=中
2026-09-09T17:17:38.3740633Z              1/1     100.0%  enum:config#config.stat-normalization@1.byArchetype.healthRegen.tank=中
2026-09-09T17:17:38.3742253Z              1/1     100.0%  enum:config#config.stat-normalization@1.byArchetype.manaRegen.fighter=中
2026-09-09T17:17:38.3744190Z              1/1     100.0%  enum:config#config.stat-normalization@1.byArchetype.manaRegen.mage=中
2026-09-09T17:17:38.3745515Z              1/1     100.0%  enum:config#config.stat-normalization@1.byArchetype.manaRegen.marksman=中
2026-09-09T17:17:38.3746675Z              1/1     100.0%  enum:config#config.stat-normalization@1.byArchetype.manaRegen.tank=中
2026-09-09T17:17:38.3747896Z              1/1     100.0%  enum:config#config.stat-normalization@1.byArchetype.maxHealth.fighter=中
2026-09-09T17:17:38.3749068Z              1/1     100.0%  enum:config#config.stat-normalization@1.byArchetype.maxHealth.mage=中
2026-09-09T17:17:38.3773119Z              1/1     100.0%  enum:config#config.stat-normalization@1.byArchetype.maxHealth.marksman=中
2026-09-09T17:17:38.3774899Z              1/1     100.0%  enum:config#config.stat-normalization@1.byArchetype.maxHealth.tank=中
2026-09-09T17:17:38.3776801Z              1/1     100.0%  enum:config#config.stat-normalization@1.byArchetype.maxMana.fighter=中
2026-09-09T17:17:38.3778699Z              1/1     100.0%  enum:config#config.stat-normalization@1.byArchetype.maxMana.mage=中
2026-09-09T17:17:38.3780585Z              1/1     100.0%  enum:config#config.stat-normalization@1.byArchetype.maxMana.marksman=中
2026-09-09T17:17:38.3802867Z              1/1     100.0%  enum:config#config.stat-normalization@1.byArchetype.maxMana.tank=中
2026-09-09T17:17:38.3804701Z              1/1     100.0%  enum:config#config.stat-normalization@1.byArchetype.mr.fighter=中
2026-09-09T17:17:38.3806419Z              1/1     100.0%  enum:config#config.stat-normalization@1.byArchetype.mr.mage=大
2026-09-09T17:17:38.3808120Z              1/1     100.0%  enum:config#config.stat-normalization@1.byArchetype.mr.marksman=小
2026-09-09T17:17:38.3809875Z              1/1     100.0%  enum:config#config.stat-normalization@1.byArchetype.mr.tank=小
2026-09-09T17:17:38.3811536Z              1/1     100.0%  enum:config#config.stat-normalization@1.byArchetype.ms.fighter=大
2026-09-09T17:17:38.3813453Z              1/1     100.0%  enum:config#config.stat-normalization@1.byArchetype.ms.mage=小
2026-09-09T17:17:38.3815187Z              1/1     100.0%  enum:config#config.stat-normalization@1.byArchetype.ms.marksman=中
2026-09-09T17:17:38.3817201Z              1/1     100.0%  enum:config#config.stat-normalization@1.byArchetype.ms.tank=小
2026-09-09T17:17:38.3818948Z              1/1     100.0%  enum:config#config.stat-normalization@1.byArchetype.range.fighter=中
2026-09-09T17:17:38.3820715Z              1/1     100.0%  enum:config#config.stat-normalization@1.byArchetype.range.mage=中
2026-09-09T17:17:38.3825917Z              1/1     100.0%  enum:config#config.stat-normalization@1.byArchetype.range.marksman=大
2026-09-09T17:17:38.3827799Z              1/1     100.0%  enum:config#config.stat-normalization@1.byArchetype.range.tank=中
2026-09-09T17:17:38.3829524Z              1/1     100.0%  enum:config#config.stat-normalization@1.byOrigin.ad.坦克=小
2026-09-09T17:17:38.3831168Z              1/1     100.0%  enum:config#config.stat-normalization@1.byOrigin.ad.射手=極大
2026-09-09T17:17:38.3833243Z              1/1     100.0%  enum:config#config.stat-normalization@1.byOrigin.ad.法刺=極小
2026-09-09T17:17:38.3834854Z              1/1     100.0%  enum:config#config.stat-normalization@1.byOrigin.ad.法師=小
2026-09-09T17:17:38.3836414Z              1/1     100.0%  enum:config#config.stat-normalization@1.byOrigin.ad.法鬥=大
2026-09-09T17:17:38.3837953Z              1/1     100.0%  enum:config#config.stat-normalization@1.byOrigin.ad.狂戰=大
2026-09-09T17:17:38.3839512Z              1/1     100.0%  enum:config#config.stat-normalization@1.byOrigin.ad.砲手=極大
2026-09-09T17:17:38.3841067Z              1/1     100.0%  enum:config#config.stat-normalization@1.byOrigin.ad.硬輔=小
2026-09-09T17:17:38.3872671Z              1/1     100.0%  enum:config#config.stat-normalization@1.byOrigin.ad.軟輔=小
2026-09-09T17:17:38.3874409Z              1/1     100.0%  enum:config#config.stat-normalization@1.byOrigin.ad.鬥士=大
2026-09-09T17:17:38.3876028Z              1/1     100.0%  enum:config#config.stat-normalization@1.byOrigin.ap.坦克=小
2026-09-09T17:17:38.3877697Z              1/1     100.0%  enum:config#config.stat-normalization@1.byOrigin.ap.射手=極小
2026-09-09T17:17:38.3879381Z              1/1     100.0%  enum:config#config.stat-normalization@1.byOrigin.ap.法刺=極大
2026-09-09T17:17:38.3880973Z              1/1     100.0%  enum:config#config.stat-normalization@1.byOrigin.ap.法師=大
2026-09-09T17:17:38.3892454Z              1/1     100.0%  enum:config#config.stat-normalization@1.byOrigin.ap.法鬥=大
2026-09-09T17:17:38.3894234Z              1/1     100.0%  enum:config#config.stat-normalization@1.byOrigin.ap.狂戰=小
2026-09-09T17:17:38.3895881Z              1/1     100.0%  enum:config#config.stat-normalization@1.byOrigin.ap.砲手=小
2026-09-09T17:17:38.3897475Z              1/1     100.0%  enum:config#config.stat-normalization@1.byOrigin.ap.硬輔=大
2026-09-09T17:17:38.3899100Z              1/1     100.0%  enum:config#config.stat-normalization@1.byOrigin.ap.軟輔=大
2026-09-09T17:17:38.3900733Z              1/1     100.0%  enum:config#config.stat-normalization@1.byOrigin.ap.鬥士=小
2026-09-09T17:17:38.3932810Z              1/1     100.0%  enum:config#config.stat-normalization@1.byOrigin.armor.坦克=極大
2026-09-09T17:17:38.3934442Z              1/1     100.0%  enum:config#config.stat-normalization@1.byOrigin.armor.射手=極小
2026-09-09T17:17:38.3935926Z              1/1     100.0%  enum:config#config.stat-normalization@1.byOrigin.armor.法刺=極小
2026-09-09T17:17:38.3937392Z              1/1     100.0%  enum:config#config.stat-normalization@1.byOrigin.armor.法師=小
2026-09-09T17:17:38.3938910Z              1/1     100.0%  enum:config#config.stat-normalization@1.byOrigin.armor.法鬥=小
2026-09-09T17:17:38.3940482Z              1/1     100.0%  enum:config#config.stat-normalization@1.byOrigin.armor.狂戰=小
2026-09-09T17:17:38.3942201Z              1/1     100.0%  enum:config#config.stat-normalization@1.byOrigin.armor.砲手=極小
2026-09-09T17:17:38.3943741Z              1/1     100.0%  enum:config#config.stat-normalization@1.byOrigin.armor.硬輔=大
2026-09-09T17:17:38.3945257Z              1/1     100.0%  enum:config#config.stat-normalization@1.byOrigin.armor.軟輔=小
2026-09-09T17:17:38.3947203Z              1/1     100.0%  enum:config#config.stat-normalization@1.byOrigin.armor.鬥士=中
2026-09-09T17:17:38.3948879Z              1/1     100.0%  enum:config#config.stat-normalization@1.byOrigin.as.坦克=小
2026-09-09T17:17:38.3950481Z              1/1     100.0%  enum:config#config.stat-normalization@1.byOrigin.as.射手=大
2026-09-09T17:17:38.3952305Z              1/1     100.0%  enum:config#config.stat-normalization@1.byOrigin.as.法刺=極小
2026-09-09T17:17:38.3953878Z              1/1     100.0%  enum:config#config.stat-normalization@1.byOrigin.as.法師=小
2026-09-09T17:17:38.3955446Z              1/1     100.0%  enum:config#config.stat-normalization@1.byOrigin.as.法鬥=小
2026-09-09T17:17:38.3957016Z              1/1     100.0%  enum:config#config.stat-normalization@1.byOrigin.as.狂戰=極大
2026-09-09T17:17:38.3965387Z              1/1     100.0%  enum:config#config.stat-normalization@1.byOrigin.as.砲手=小
2026-09-09T17:17:38.3971397Z              1/1     100.0%  enum:config#config.stat-normalization@1.byOrigin.as.硬輔=小
2026-09-09T17:17:38.3973362Z              1/1     100.0%  enum:config#config.stat-normalization@1.byOrigin.as.軟輔=小
2026-09-09T17:17:38.3974979Z              1/1     100.0%  enum:config#config.stat-normalization@1.byOrigin.as.鬥士=中
2026-09-09T17:17:38.3976428Z              1/1     100.0%  enum:config#config.stat-normalization@1.byOrigin.healthRegen.坦克=大
2026-09-09T17:17:38.3977423Z              1/1     100.0%  enum:config#config.stat-normalization@1.byOrigin.healthRegen.射手=小
2026-09-09T17:17:38.3978606Z              1/1     100.0%  enum:config#config.stat-normalization@1.byOrigin.healthRegen.法刺=小
2026-09-09T17:17:38.3979566Z              1/1     100.0%  enum:config#config.stat-normalization@1.byOrigin.healthRegen.法師=中
2026-09-09T17:17:38.3980511Z              1/1     100.0%  enum:config#config.stat-normalization@1.byOrigin.healthRegen.法鬥=中
2026-09-09T17:17:38.3981474Z              1/1     100.0%  enum:config#config.stat-normalization@1.byOrigin.healthRegen.狂戰=極大
2026-09-09T17:17:38.3984067Z              1/1     100.0%  enum:config#config.stat-normalization@1.byOrigin.healthRegen.砲手=小
2026-09-09T17:17:38.3985932Z              1/1     100.0%  enum:config#config.stat-normalization@1.byOrigin.healthRegen.硬輔=小
2026-09-09T17:17:38.3987777Z              1/1     100.0%  enum:config#config.stat-normalization@1.byOrigin.healthRegen.軟輔=大
2026-09-09T17:17:38.3989431Z              1/1     100.0%  enum:config#config.stat-normalization@1.byOrigin.healthRegen.鬥士=大
2026-09-09T17:17:38.3991109Z              1/1     100.0%  enum:config#config.stat-normalization@1.byOrigin.manaRegen.坦克=極小
2026-09-09T17:17:38.3993070Z              1/1     100.0%  enum:config#config.stat-normalization@1.byOrigin.manaRegen.射手=中
2026-09-09T17:17:38.3994740Z              1/1     100.0%  enum:config#config.stat-normalization@1.byOrigin.manaRegen.法刺=小
2026-09-09T17:17:38.3996352Z              1/1     100.0%  enum:config#config.stat-normalization@1.byOrigin.manaRegen.法師=中
2026-09-09T17:17:38.3998614Z              1/1     100.0%  enum:config#config.stat-normalization@1.byOrigin.manaRegen.法鬥=中
2026-09-09T17:17:38.3999942Z              1/1     100.0%  enum:config#config.stat-normalization@1.byOrigin.manaRegen.狂戰=極小
2026-09-09T17:17:38.4000898Z              1/1     100.0%  enum:config#config.stat-normalization@1.byOrigin.manaRegen.砲手=小
2026-09-09T17:17:38.4001851Z              1/1     100.0%  enum:config#config.stat-normalization@1.byOrigin.manaRegen.硬輔=小
2026-09-09T17:17:38.4003810Z              1/1     100.0%  enum:config#config.stat-normalization@1.byOrigin.manaRegen.軟輔=大
2026-09-09T17:17:38.4005482Z              1/1     100.0%  enum:config#config.stat-normalization@1.byOrigin.manaRegen.鬥士=中
2026-09-09T17:17:38.4007138Z              1/1     100.0%  enum:config#config.stat-normalization@1.byOrigin.maxHealth.坦克=大
2026-09-09T17:17:38.4008851Z              1/1     100.0%  enum:config#config.stat-normalization@1.byOrigin.maxHealth.射手=小
2026-09-09T17:17:38.4010722Z              1/1     100.0%  enum:config#config.stat-normalization@1.byOrigin.maxHealth.法刺=極小
2026-09-09T17:17:38.4013046Z              1/1     100.0%  enum:config#config.stat-normalization@1.byOrigin.maxHealth.法師=中
2026-09-09T17:17:38.4014757Z              1/1     100.0%  enum:config#config.stat-normalization@1.byOrigin.maxHealth.法鬥=中
2026-09-09T17:17:38.4016431Z              1/1     100.0%  enum:config#config.stat-normalization@1.byOrigin.maxHealth.狂戰=小
2026-09-09T17:17:38.4018099Z              1/1     100.0%  enum:config#config.stat-normalization@1.byOrigin.maxHealth.砲手=極小
2026-09-09T17:17:38.4042568Z              1/1     100.0%  enum:config#config.stat-normalization@1.byOrigin.maxHealth.硬輔=大
2026-09-09T17:17:38.4044695Z              1/1     100.0%  enum:config#config.stat-normalization@1.byOrigin.maxHealth.軟輔=小
2026-09-09T17:17:38.4046539Z              1/1     100.0%  enum:config#config.stat-normalization@1.byOrigin.maxHealth.鬥士=中
2026-09-09T17:17:38.4048328Z              1/1     100.0%  enum:config#config.stat-normalization@1.byOrigin.maxMana.坦克=極小
2026-09-09T17:17:38.4050156Z              1/1     100.0%  enum:config#config.stat-normalization@1.byOrigin.maxMana.射手=中
2026-09-09T17:17:38.4052155Z              1/1     100.0%  enum:config#config.stat-normalization@1.byOrigin.maxMana.法刺=小
2026-09-09T17:17:38.4053937Z              1/1     100.0%  enum:config#config.stat-normalization@1.byOrigin.maxMana.法師=中
2026-09-09T17:17:38.4055619Z              1/1     100.0%  enum:config#config.stat-normalization@1.byOrigin.maxMana.法鬥=中
2026-09-09T17:17:38.4057365Z              1/1     100.0%  enum:config#config.stat-normalization@1.byOrigin.maxMana.狂戰=極小
2026-09-09T17:17:38.4059076Z              1/1     100.0%  enum:config#config.stat-normalization@1.byOrigin.maxMana.砲手=小
2026-09-09T17:17:38.4060781Z              1/1     100.0%  enum:config#config.stat-normalization@1.byOrigin.maxMana.硬輔=小
2026-09-09T17:17:38.4062682Z              1/1     100.0%  enum:config#config.stat-normalization@1.byOrigin.maxMana.軟輔=小
2026-09-09T17:17:38.4064398Z              1/1     100.0%  enum:config#config.stat-normalization@1.byOrigin.maxMana.鬥士=中
2026-09-09T17:17:38.4066077Z              1/1     100.0%  enum:config#config.stat-normalization@1.byOrigin.mr.坦克=極大
2026-09-09T17:17:38.4067768Z              1/1     100.0%  enum:config#config.stat-normalization@1.byOrigin.mr.射手=極小
2026-09-09T17:17:38.4069465Z              1/1     100.0%  enum:config#config.stat-normalization@1.byOrigin.mr.法刺=極小
2026-09-09T17:17:38.4071165Z              1/1     100.0%  enum:config#config.stat-normalization@1.byOrigin.mr.法師=小
2026-09-09T17:17:38.4101845Z              1/1     100.0%  enum:config#config.stat-normalization@1.byOrigin.mr.法鬥=小
2026-09-09T17:17:38.4104819Z              1/1     100.0%  enum:config#config.stat-normalization@1.byOrigin.mr.狂戰=小
2026-09-09T17:17:38.4106757Z              1/1     100.0%  enum:config#config.stat-normalization@1.byOrigin.mr.砲手=極小
2026-09-09T17:17:38.4110071Z              1/1     100.0%  enum:config#config.stat-normalization@1.byOrigin.mr.硬輔=大
2026-09-09T17:17:38.4112251Z              1/1     100.0%  enum:config#config.stat-normalization@1.byOrigin.mr.軟輔=小
2026-09-09T17:17:38.4115416Z              1/1     100.0%  enum:config#config.stat-normalization@1.byOrigin.mr.鬥士=中
2026-09-09T17:17:38.4117971Z              1/1     100.0%  enum:config#config.stat-normalization@1.byOrigin.ms.坦克=小
2026-09-09T17:17:38.4120528Z              1/1     100.0%  enum:config#config.stat-normalization@1.byOrigin.ms.射手=中
2026-09-09T17:17:38.4125092Z              1/1     100.0%  enum:config#config.stat-normalization@1.byOrigin.ms.法刺=大
2026-09-09T17:17:38.4126923Z              1/1     100.0%  enum:config#config.stat-normalization@1.byOrigin.ms.法師=中
2026-09-09T17:17:38.4128564Z              1/1     100.0%  enum:config#config.stat-normalization@1.byOrigin.ms.法鬥=小
2026-09-09T17:17:38.4130064Z              1/1     100.0%  enum:config#config.stat-normalization@1.byOrigin.ms.狂戰=大
2026-09-09T17:17:38.4131543Z              1/1     100.0%  enum:config#config.stat-normalization@1.byOrigin.ms.砲手=大
2026-09-09T17:17:38.4133449Z              1/1     100.0%  enum:config#config.stat-normalization@1.byOrigin.ms.硬輔=小
2026-09-09T17:17:38.4134966Z              1/1     100.0%  enum:config#config.stat-normalization@1.byOrigin.ms.軟輔=小
2026-09-09T17:17:38.4136444Z              1/1     100.0%  enum:config#config.stat-normalization@1.byOrigin.ms.鬥士=中
2026-09-09T17:17:38.4137977Z              1/1     100.0%  enum:config#config.stat-normalization@1.byOrigin.range.坦克=小
2026-09-09T17:17:38.4139554Z              1/1     100.0%  enum:config#config.stat-normalization@1.byOrigin.range.射手=中
2026-09-09T17:17:38.4141094Z              1/1     100.0%  enum:config#config.stat-normalization@1.byOrigin.range.法刺=小
2026-09-09T17:17:38.4142814Z              1/1     100.0%  enum:config#config.stat-normalization@1.byOrigin.range.法師=中
2026-09-09T17:17:38.4144361Z              1/1     100.0%  enum:config#config.stat-normalization@1.byOrigin.range.法鬥=中
2026-09-09T17:17:38.4145911Z              1/1     100.0%  enum:config#config.stat-normalization@1.byOrigin.range.狂戰=小
2026-09-09T17:17:38.4147488Z              1/1     100.0%  enum:config#config.stat-normalization@1.byOrigin.range.砲手=極大
2026-09-09T17:17:38.4149059Z              1/1     100.0%  enum:config#config.stat-normalization@1.byOrigin.range.硬輔=中
2026-09-09T17:17:38.4151003Z              1/1     100.0%  enum:config#config.stat-normalization@1.byOrigin.range.軟輔=中
2026-09-09T17:17:38.4152773Z              1/1     100.0%  enum:config#config.stat-normalization@1.byOrigin.range.鬥士=中
2026-09-09T17:17:38.4154581Z              1/1     100.0%  enum:config#config.stat-normalization@1.channel.ad=growth
2026-09-09T17:17:38.4156466Z              1/1     100.0%  enum:config#config.stat-normalization@1.channel.ap=growth
2026-09-09T17:17:38.4158249Z              1/1     100.0%  enum:config#config.stat-normalization@1.channel.armor=growth
2026-09-09T17:17:38.4159771Z              1/1     100.0%  enum:config#config.stat-normalization@1.channel.as=growth
2026-09-09T17:17:38.4161395Z              1/1     100.0%  enum:config#config.stat-normalization@1.channel.healthRegen=growth
2026-09-09T17:17:38.4163282Z              1/1     100.0%  enum:config#config.stat-normalization@1.channel.manaRegen=growth
2026-09-09T17:17:38.4164930Z              1/1     100.0%  enum:config#config.stat-normalization@1.channel.maxHealth=growth
2026-09-09T17:17:38.4166472Z              1/1     100.0%  enum:config#config.stat-normalization@1.channel.maxMana=growth
2026-09-09T17:17:38.4167895Z              1/1     100.0%  enum:config#config.stat-normalization@1.channel.mr=growth
2026-09-09T17:17:38.4169522Z              1/1     100.0%  enum:config#config.stat-normalization@1.channel.ms=baseStats
2026-09-09T17:17:38.4171501Z              1/1     100.0%  enum:config#config.stat-normalization@1.channel.range=baseStats
2026-09-09T17:17:38.4173182Z              1/1     100.0%  enum:config#config.stat-normalization@1.mode=normalized
2026-09-09T17:17:38.4175551Z              1/1     100.0%  enum:config#config.stat-normalization@1.scaleByOrigin.range.坦克=melee
2026-09-09T17:17:38.4177638Z              1/1     100.0%  enum:config#config.stat-normalization@1.scaleByOrigin.range.射手=ranged
2026-09-09T17:17:38.4179716Z              1/1     100.0%  enum:config#config.stat-normalization@1.scaleByOrigin.range.法刺=melee
2026-09-09T17:17:38.4181587Z              1/1     100.0%  enum:config#config.stat-normalization@1.scaleByOrigin.range.法師=ranged
2026-09-09T17:17:38.4184017Z              1/1     100.0%  enum:config#config.stat-normalization@1.scaleByOrigin.range.法鬥=melee
2026-09-09T17:17:38.4186439Z              1/1     100.0%  enum:config#config.stat-normalization@1.scaleByOrigin.range.狂戰=melee
2026-09-09T17:17:38.4188684Z              1/1     100.0%  enum:config#config.stat-normalization@1.scaleByOrigin.range.砲手=ranged
2026-09-09T17:17:38.4191098Z              1/1     100.0%  enum:config#config.stat-normalization@1.scaleByOrigin.range.硬輔=melee
2026-09-09T17:17:38.4193075Z              1/1     100.0%  enum:config#config.stat-normalization@1.scaleByOrigin.range.軟輔=ranged
2026-09-09T17:17:38.4195479Z              1/1     100.0%  enum:config#config.stat-normalization@1.scaleByOrigin.range.鬥士=melee
2026-09-09T17:17:38.4197323Z              1/1     100.0%  enum:config#config.store@1.randomPickOwnership=block
2026-09-09T17:17:38.4198722Z              1/1     100.0%  enum:config#config.taunt@1.capOrder=nearest
2026-09-09T17:17:38.4200069Z              1/1     100.0%  enum:config#config.taunt@1.conflictMode=newest
2026-09-09T17:17:38.4201712Z              1/1     100.0%  enum:config#config.taunt@1.mobTauntMode=replace
2026-09-09T17:17:38.4203336Z              1/1     100.0%  enum:config#config.taunt@1.priority=absolute
2026-09-09T17:17:38.4204726Z              1/1     100.0%  enum:config#config.ugc@1.publishMode=immediate
2026-09-09T17:17:38.4206395Z              1/1     100.0%  enum:config#config.ui-cues@1.coinThrowButtonMode=always-enabled
2026-09-09T17:17:38.4207994Z              1/1     100.0%  enum:config#config.ui-cues@1.telegraphGroundShape=line
2026-09-09T17:17:38.4209887Z              1/1     100.0%  enum:config#config.unit-tints@1.units{}.source=slk-inherited
2026-09-09T17:17:38.4211774Z              1/1     100.0%  enum:config#config.unit-tints@1.units{}.source=w3u-base-inherited
2026-09-09T17:17:38.4213753Z              1/1     100.0%  enum:config#config.unit-tints@1.units{}.source=w3u-static
2026-09-09T17:17:38.4216550Z              1/1     100.0%  enum:config#config.unsafe-textures@1.textures[].safeBlendModes[]=additive
2026-09-09T17:17:38.4218239Z              1/1     100.0%  enum:config#config.unsafe-textures@1.textures[].safeBlendModes[]=alpha
2026-09-09T17:17:38.4220016Z              1/1     100.0%  enum:config#config.unsafe-textures@1.textures[].safeBlendModes[]=alphaKey
2026-09-09T17:17:38.4221840Z              1/1     100.0%  enum:config#config.unsafe-textures@1.textures[].safeBlendModes[]=modulate
2026-09-09T17:17:38.4223664Z              1/1     100.0%  enum:config#config.unsafe-textures@1.textures[].status=safe
2026-09-09T17:17:38.4225214Z              1/1     100.0%  enum:config#config.valhalla-sandbox@1.movementLock=anchor
2026-09-09T17:17:38.4226952Z              1/1     100.0%  enum:config#config.vfx-ability-art@1.bindings{}.family.paramSource=model
2026-09-09T17:17:38.4229217Z              1/1     100.0%  enum:config#config.vfx-ability-art@1.bindings{}.family.paramSource=ref
2026-09-09T17:17:38.4231487Z              1/1     100.0%  enum:config#config.vfx-ability-art@1.bindings{}.family.provenance=jass-literal
2026-09-09T17:17:38.4233475Z              1/1     100.0%  enum:config#config.vfx-ability-art@1.bindings{}.family.provenance=jass-spawn
2026-09-09T17:17:38.4235786Z              1/1     100.0%  enum:config#config.vfx-ability-art@1.bindings{}.family.provenance=stock-inherited
2026-09-09T17:17:38.4237652Z              1/1     100.0%  enum:config#config.vfx-ability-art@1.bindings{}.family.provenance=w3a-override
2026-09-09T17:17:38.4239638Z              1/1     100.0%  enum:config#config.vfx-ability-art@1.bindings{}.family.provenance=w3h-override
2026-09-09T17:17:38.4241384Z              1/1     100.0%  enum:config#config.vfx-ability-art@1.bindings{}.prim.size=sm
2026-09-09T17:17:38.4244105Z              1/1     100.0%  enum:config#config.vfx-ability-art@1.bindings{}.promoted.provenance=jass-literal
2026-09-09T17:17:38.4246436Z              1/1     100.0%  enum:config#config.vfx-ability-art@1.bindings{}.promoted.provenance=w3a-override
2026-09-09T17:17:38.4248504Z              1/1     100.0%  enum:config#config.vfx-ability-art@1.bindings{}.promoted.provenance=w3h-override
2026-09-09T17:17:38.4250208Z              1/1     100.0%  enum:config#config.vfx-cleanup@1.roundPurgeMode=full
2026-09-09T17:17:38.4252104Z              1/1     100.0%  enum:config#config.vfx-cleanup@1.vfxHardCapScope=scene
2026-09-09T17:17:38.4253934Z              1/2      50.0%  enum:config#config.vfx-families@1.abilities{}.family=blood
2026-09-09T17:17:38.4255479Z              1/2      50.0%  enum:config#config.vfx-families@1.abilities{}.family=missile
2026-09-09T17:17:38.4257426Z              1/2      50.0%  enum:config#config.vfx-families@1.abilities{}.family=portal
2026-09-09T17:17:38.4259758Z              1/2      50.0%  enum:config#config.vfx-families@1.abilities{}.family=starfall
2026-09-09T17:17:38.4261176Z              1/1     100.0%  enum:config#config.vfx-families@1.castHeightSource=ground
2026-09-09T17:17:38.4262843Z              1/2      50.0%  enum:config#config.vfx-families@1.families{}.element=ice
2026-09-09T17:17:38.4264189Z              1/2      50.0%  enum:config#config.vfx-families@1.families{}.element=ki
2026-09-09T17:17:38.4265558Z              1/2      50.0%  enum:config#config.vfx-families@1.families{}.element=nature
2026-09-09T17:17:38.4266980Z              1/2      50.0%  enum:config#config.vfx-families@1.families{}.element=physical
2026-09-09T17:17:38.4268376Z              1/2      50.0%  enum:config#config.vfx-families@1.families{}.element=sound
2026-09-09T17:17:38.4269807Z              1/1     100.0%  enum:config#config.vfx-families@1.families{}.groundDecal=crack
2026-09-09T17:17:38.4271266Z              1/2      50.0%  enum:config#config.vfx-families@1.families{}.primitive=column
2026-09-09T17:17:38.4272786Z              1/2      50.0%  enum:config#config.vfx-families@1.families{}.primitive=fall
2026-09-09T17:17:38.4274140Z              1/2      50.0%  enum:config#config.vfx-families@1.families{}.primitive=slash
2026-09-09T17:17:38.4275453Z              1/1     100.0%  enum:config#config.victory-podium@1.clipBronze=idle
2026-09-09T17:17:38.4276758Z              1/1     100.0%  enum:config#config.victory-podium@1.clipGold=celebrate
2026-09-09T17:17:38.4278016Z              1/1     100.0%  enum:config#config.victory-podium@1.clipSilver=idle
2026-09-09T17:17:38.4279298Z              1/1     100.0%  enum:config#config.victory-podium@1.podiumFill=shrink
2026-09-09T17:17:38.4280706Z              1/1     100.0%  enum:config#config.victory-podium@1.podiumLayout=centreFirst
2026-09-09T17:17:38.4282556Z              1/1     100.0%  enum:config#config.victory-podium@1.podiumScope=winnerTeam
2026-09-09T17:17:38.4284187Z              1/1     100.0%  enum:config#config.victory-podium@1.podiumZoneSource=localSeat
2026-09-09T17:17:38.4285586Z              1/1     100.0%  enum:config#config.victory-podium@1.roundWinLine=both
2026-09-09T17:17:38.4287075Z              1/1     100.0%  enum:config#config.victory-taunts@1.matchWin[].langs[]=en
2026-09-09T17:17:38.4288473Z              1/1     100.0%  enum:config#config.victory-taunts@1.matchWin[].langs[]=ja
2026-09-09T17:17:38.4289810Z              1/1     100.0%  enum:config#config.victory-taunts@1.matchWin[].langs[]=zh
2026-09-09T17:17:38.4290961Z              1/1     100.0%  enum:config#config.weather@1.arenas{}=clear
2026-09-09T17:17:38.4292271Z              1/1     100.0%  enum:config#config.weather@1.arenas{}=fog
2026-09-09T17:17:38.4293886Z              1/1     100.0%  enum:config#config.weather@1.arenas{}=indoor-damp
2026-09-09T17:17:38.4295091Z              1/1     100.0%  enum:config#config.weather@1.arenas{}=indoor-dry
2026-09-09T17:17:38.4296499Z              1/1     100.0%  enum:config#config.weather@1.arenas{}=rain
2026-09-09T17:17:38.4298218Z              1/1     100.0%  enum:config#config.weather@1.arenas{}=storm
2026-09-09T17:17:38.4299294Z              1/1     100.0%  enum:config#config.wounds@1.stackMode=max
2026-09-09T17:17:38.4300467Z              1/4      25.0%  enum:items.modifiers[].requires.onMismatch=reduced
2026-09-09T17:17:38.4301675Z              1/2      50.0%  enum:items.modifiers[].requires.primaryStat=INT
2026-09-09T17:17:38.4303073Z              1/2      50.0%  enum:items.modifiers[].requires.primaryStat=STR
2026-09-09T17:17:38.4304164Z              1/7      14.3%  enum:items.requiresAttackType=ranged
2026-09-09T17:17:38.4305115Z              1/7      14.3%  enum:maps.groundStyle=dirt
2026-09-09T17:17:38.4306020Z              1/7      14.3%  enum:maps.groundStyle=grass
2026-09-09T17:17:38.4306956Z              1/7      14.3%  enum:maps.groundStyle=obsidian
2026-09-09T17:17:38.4307886Z              1/7      14.3%  enum:maps.groundStyle=tatami
2026-09-09T17:17:38.4309030Z              1/7      14.3%  enum:maps.groundStyle=wood
2026-09-09T17:17:38.4310077Z              1/7      14.3%  enum:maps.interactions[].kind=toggleGate
2026-09-09T17:17:38.4311057Z              1/7      14.3%  enum:maps.template=ARENA_RING
2026-09-09T17:17:38.4312165Z              1/7      14.3%  enum:maps.template=CROSS_RING
2026-09-09T17:17:38.4313231Z              1/3      33.3%  enum:vfx-scripts.segments[]|1#anim.at=caster
2026-09-09T17:17:38.4314358Z              1/3      33.3%  enum:vfx-scripts.segments[]|1#anim.pulse=cast
2026-09-09T17:17:38.4315488Z              2/2     100.0%  enum:abilities.castTimeTier=小
2026-09-09T17:17:38.4316932Z              2/2     100.0%  enum:abilities.effects[]#applyBuff.block.lethalBasis=hpAndShields
2026-09-09T17:17:38.4318484Z              2/3      66.7%  enum:abilities.effects[]#applyBuff.condition|0|2.is=champion
2026-09-09T17:17:38.4320179Z              2/3      66.7%  enum:abilities.effects[]#applyBuff.damageTypeOverride.applyAt=afterGates
2026-09-09T17:17:38.4322811Z              2/2     100.0%  enum:abilities.effects[]#applyBuff.exclusiveOnExisting=replace
2026-09-09T17:17:38.4324335Z              2/2     100.0%  enum:abilities.effects[]#applyBuff.hooks[].consumeOn=fire
2026-09-09T17:17:38.4325822Z              2/2     100.0%  enum:abilities.effects[]#applyBuff.hooks[].critSource=thisSource
2026-09-09T17:17:38.4327468Z              2/9      22.2%  enum:abilities.effects[]#applyBuff.hooks[].damageSource=ability
2026-09-09T17:17:38.4329255Z              2/2     100.0%  enum:abilities.effects[]#applyBuff.hooks[].internalCooldownScope=perAbilitySlot
2026-09-09T17:17:38.4330818Z              2/246     0.8%  enum:abilities.effects[]#applyBuff.hooks[].on=onDeath
2026-09-09T17:17:38.4332399Z              2/246     0.8%  enum:abilities.effects[]#applyBuff.hooks[].on=onRevive
2026-09-09T17:17:38.4333918Z              2/246     0.8%  enum:abilities.effects[]#applyBuff.hooks[].on=onStatCapReached
2026-09-09T17:17:38.4335651Z              2/246     0.8%  enum:abilities.effects[]#applyBuff.hooks[].on=onStunned
2026-09-09T17:17:38.4337375Z              2/2     100.0%  enum:abilities.effects[]#applyBuff.hooks[].reflectedDamageSource=ability
2026-09-09T17:17:38.4339299Z              2/2     100.0%  enum:abilities.effects[]#applyBuff.hooks[].reflectedDamageType=magic
2026-09-09T17:17:38.4340713Z              2/44      4.5%  enum:abilities.effects[]#applyBuff.hooks[].victim=mob
2026-09-09T17:17:38.4342555Z              2/3      66.7%  enum:abilities.effects[]#applyBuff.maxStat.basis=thisSource
2026-09-09T17:17:38.4344073Z              2/553     0.4%  enum:abilities.effects[]#applyBuff.maxStat.stat=cooldownDrainRate
2026-09-09T17:17:38.4345673Z              2/21      9.5%  enum:abilities.effects[]#applyBuff.modifiers[].msBonusTier=中
2026-09-09T17:17:38.4347125Z              2/305     0.7%  enum:abilities.effects[]#applyBuff.modifiers[].op=capRaisePct
2026-09-09T17:17:38.4348711Z              2/24      8.3%  enum:abilities.effects[]#blink.to=markedUnit
2026-09-09T17:17:38.4350512Z              2/202     1.0%  enum:abilities.effects[]#chainLightning.amount.damageTier=極大
2026-09-09T17:17:38.4352531Z              2/2     100.0%  enum:abilities.effects[]#chainLightning.amount.slotRankRatios[].slot=E
2026-09-09T17:17:38.4354286Z              2/2     100.0%  enum:abilities.effects[]#chainLightning.amount.slotRankRatios[].slot=Q
2026-09-09T17:17:38.4356075Z              2/2     100.0%  enum:abilities.effects[]#chainLightning.amount.slotRankRatios[].slot=W
2026-09-09T17:17:38.4357552Z              2/4      50.0%  enum:abilities.effects[]#chainLightning.centre=caster
2026-09-09T17:17:38.4358866Z              2/4      50.0%  enum:abilities.effects[]#chainLightning.centre=point
2026-09-09T17:17:38.4360131Z              2/2     100.0%  enum:abilities.effects[]#comboStrikes.shape=single
2026-09-09T17:17:38.4361641Z              2/2     100.0%  enum:abilities.effects[]#comboStrikes.strikeReposition.who=caster
2026-09-09T17:17:38.4363398Z              2/3      66.7%  enum:abilities.effects[]#damage.resourcePct.scale=ratio
2026-09-09T17:17:38.4364975Z              2/11     18.2%  enum:abilities.effects[]#dash.distanceTier=大
2026-09-09T17:17:38.4366237Z              2/2     100.0%  enum:abilities.effects[]#delayed.advance.dir=facing
2026-09-09T17:17:38.4367618Z              2/2     100.0%  enum:abilities.effects[]#delayed.strikeReposition.who=victim
2026-09-09T17:17:38.4368855Z              2/7      28.6%  enum:abilities.effects[]#devour.shape=circle
2026-09-09T17:17:38.4369975Z              2/2     100.0%  enum:abilities.effects[]#devour.side=enemies
2026-09-09T17:17:38.4371368Z              2/6      33.3%  enum:abilities.effects[]#dispel.side=allies
2026-09-09T17:17:38.4373055Z              2/2     100.0%  enum:abilities.effects[]#dot.resourcePctPhase=onTick
2026-09-09T17:17:38.4374661Z              2/2     100.0%  enum:abilities.effects[]#extendBuff.shape=single
2026-09-09T17:17:38.4375823Z              2/2     100.0%  enum:abilities.effects[]#extendBuff.who=self
2026-09-09T17:17:38.4377423Z              2/2     100.0%  enum:abilities.effects[]#floatingText.driftFrom=casterFacing
2026-09-09T17:17:38.4379203Z              2/5      40.0%  enum:abilities.effects[]#grantAttribute.mode=pctOfCurrent
2026-09-09T17:17:38.4380873Z              2/2     100.0%  enum:abilities.effects[]#grantAttribute.store=source
2026-09-09T17:17:38.4382295Z              2/2     100.0%  enum:abilities.effects[]#knockback.applyTo=target
2026-09-09T17:17:38.4383734Z              2/12     16.7%  enum:abilities.effects[]#leap.applyTo=target
2026-09-09T17:17:38.4384959Z              2/12     16.7%  enum:abilities.effects[]#leap.mode=inPlace
2026-09-09T17:17:38.4386349Z              2/2     100.0%  enum:abilities.effects[]#modifyCooldown.basis=remaining
2026-09-09T17:17:38.4387717Z              2/6      33.3%  enum:abilities.effects[]#proxyCast.targetMode=inherit
2026-09-09T17:17:38.4389013Z              2/28      7.1%  enum:abilities.effects[]#restore.applyTo=target
2026-09-09T17:17:38.4390218Z              2/6      33.3%  enum:abilities.effects[]#shield.absorbs=all
2026-09-09T17:17:38.4391357Z              2/2     100.0%  enum:abilities.effects[]#shieldBreak.order=newest
2026-09-09T17:17:38.4392777Z              2/2     100.0%  enum:abilities.effects[]#shieldBreak.shape=single
2026-09-09T17:17:38.4394011Z              2/14     14.3%  enum:abilities.effects[]#spawnModelFx.path=fan
2026-09-09T17:17:38.4395268Z              2/14     14.3%  enum:abilities.effects[]#spawnModelFx.path=toTarget
2026-09-09T17:17:38.4396553Z              2/5      40.0%  enum:abilities.effects[]#weightedBranch.side=enemies
2026-09-09T17:17:38.4397762Z              2/43      4.7%  enum:abilities.hitFeel.sparkKind=block
2026-09-09T17:17:38.4399105Z              2/2     100.0%  enum:abilities.innateActivePassive=attach
2026-09-09T17:17:38.4400165Z              2/2     100.0%  enum:abilities.interruptOn=damage
2026-09-09T17:17:38.4401596Z              2/2     100.0%  enum:abilities.marks[].lethal.restoreMode=restore
2026-09-09T17:17:38.4402880Z              2/3      66.7%  enum:abilities.marks[].resetOn=round
2026-09-09T17:17:38.4404478Z              2/2     100.0%  enum:abilities.toggle.upkeepCadence=perAttack
2026-09-09T17:17:38.4406170Z              2/52      3.8%  enum:ability-templates.params{}.type=condition
2026-09-09T17:17:38.4407714Z              2/52      3.8%  enum:ability-templates.params{}.type=dot
2026-09-09T17:17:38.4408911Z              2/52      3.8%  enum:ability-templates.params{}.type=spawnVfx
2026-09-09T17:17:38.4410574Z              2/16     12.5%  enum:arenas.backdrop.layers[].profile=lightning
2026-09-09T17:17:38.4412388Z              2/16     12.5%  enum:arenas.backdrop.layers[].profile=sakura
2026-09-09T17:17:38.4413407Z              2/13     15.4%  enum:arenas.groundStyle=dirt
2026-09-09T17:17:38.4414572Z              2/13     15.4%  enum:arenas.groundStyle=grass
2026-09-09T17:17:38.4415861Z              2/9      22.2%  enum:augments.eligibility.requiresModeFeature[]=revive
2026-09-09T17:17:38.4417102Z              2/49      4.1%  enum:champions.origin=射手
2026-09-09T17:17:38.4418296Z              2/49      4.1%  enum:champions.origin=硬輔
2026-09-09T17:17:38.4419504Z              2/2     100.0%  enum:config#config.vfx-families@1.abilities{}.family=blink
2026-09-09T17:17:38.4420897Z              2/2     100.0%  enum:config#config.vfx-families@1.abilities{}.family=boltStrike
2026-09-09T17:17:38.4422595Z              2/2     100.0%  enum:config#config.vfx-families@1.abilities{}.family=breath
2026-09-09T17:17:38.4424042Z              2/2     100.0%  enum:config#config.vfx-families@1.abilities{}.family=burst
2026-09-09T17:17:38.4425387Z              2/2     100.0%  enum:config#config.vfx-families@1.abilities{}.family=cloud
2026-09-09T17:17:38.4426724Z              2/2     100.0%  enum:config#config.vfx-families@1.abilities{}.family=dissipate
2026-09-09T17:17:38.4428517Z              2/2     100.0%  enum:config#config.vfx-families@1.abilities{}.family=flamePillar
2026-09-09T17:17:38.4430327Z              2/2     100.0%  enum:config#config.vfx-families@1.abilities{}.family=groundDust
2026-09-09T17:17:38.4432109Z              2/2     100.0%  enum:config#config.vfx-families@1.abilities{}.family=levelUp
2026-09-09T17:17:38.4434044Z              2/2     100.0%  enum:config#config.vfx-families@1.abilities{}.family=lightColumn
2026-09-09T17:17:38.4435521Z              2/2     100.0%  enum:config#config.vfx-families@1.abilities{}.family=mark
2026-09-09T17:17:38.4437330Z              2/2     100.0%  enum:config#config.vfx-families@1.abilities{}.family=mirrorImage
2026-09-09T17:17:38.4439173Z              2/2     100.0%  enum:config#config.vfx-families@1.abilities{}.family=resurrect
2026-09-09T17:17:38.4440795Z              2/2     100.0%  enum:config#config.vfx-families@1.abilities{}.family=shine
2026-09-09T17:17:38.4442679Z              2/2     100.0%  enum:config#config.vfx-families@1.abilities{}.family=shockwaveRing
2026-09-09T17:17:38.4444383Z              2/2     100.0%  enum:config#config.vfx-families@1.abilities{}.family=tornado
2026-09-09T17:17:38.4445933Z              2/2     100.0%  enum:config#config.vfx-families@1.abilities{}.family=uncategorised
2026-09-09T17:17:38.4447411Z              2/2     100.0%  enum:config#config.vfx-families@1.families{}.element=arcane
2026-09-09T17:17:38.4448943Z              2/2     100.0%  enum:config#config.vfx-families@1.families{}.element=blood
2026-09-09T17:17:38.4450425Z              2/2     100.0%  enum:config#config.vfx-families@1.families{}.element=earth
2026-09-09T17:17:38.4452257Z              2/2     100.0%  enum:config#config.vfx-families@1.families{}.element=fire
2026-09-09T17:17:38.4453693Z              2/2     100.0%  enum:config#config.vfx-families@1.families{}.element=holy
2026-09-09T17:17:38.4455556Z              2/2     100.0%  enum:config#config.vfx-families@1.families{}.element=lightning
2026-09-09T17:17:38.4456961Z              2/2     100.0%  enum:config#config.vfx-families@1.families{}.element=void
2026-09-09T17:17:38.4458840Z              2/2     100.0%  enum:config#config.vfx-families@1.families{}.element=wind
2026-09-09T17:17:38.4460509Z              2/2     100.0%  enum:config#config.vfx-families@1.families{}.primitive=beam
2026-09-09T17:17:38.4462380Z              2/2     100.0%  enum:config#config.vfx-families@1.families{}.primitive=bolt
2026-09-09T17:17:38.4463809Z              2/2     100.0%  enum:config#config.vfx-families@1.families{}.primitive=dash
2026-09-09T17:17:38.4465426Z              2/2     100.0%  enum:config#config.vfx-families@1.families{}.primitive=explosion
2026-09-09T17:17:38.4467256Z              2/2     100.0%  enum:config#config.vfx-families@1.families{}.primitive=nova
2026-09-09T17:17:38.4468738Z              2/2     100.0%  enum:config#config.vfx-families@1.families{}.primitive=pulse
2026-09-09T17:17:38.4470236Z              2/2     100.0%  enum:config#config.vfx-families@1.families{}.primitive=shockwave
2026-09-09T17:17:38.4471677Z              2/2     100.0%  enum:config#config.vfx-families@1.families{}.primitive=swarm
2026-09-09T17:17:38.4473587Z              2/2     100.0%  enum:config#config.vfx-families@1.families{}.primitive=tornado
2026-09-09T17:17:38.4474685Z              2/142     1.4%  enum:items.craftRole=service
2026-09-09T17:17:38.4475839Z              2/4      50.0%  enum:items.modifiers[].requires.attackType=ranged
2026-09-09T17:17:38.4476842Z              2/7      28.6%  enum:maps.groundStyle=stone
2026-09-09T17:17:38.4477763Z              2/7      28.6%  enum:maps.template=DOUBLE_LOOP
2026-09-09T17:17:38.4478642Z              2/7      28.6%  enum:models.fxLongAxis=x
2026-09-09T17:17:38.4479992Z              2/2     100.0%  enum:vfx-scripts.segments[]|1#hideBody.at=caster
2026-09-09T17:17:38.4481457Z              3/26     11.5%  enum:abilities.effects[]#applyBuff.condition|0|1|1.stat=ad
2026-09-09T17:17:38.4483474Z              3/7      42.9%  enum:abilities.effects[]#applyBuff.damageTypeOverride.scope=ability
2026-09-09T17:17:38.4484932Z              3/3     100.0%  enum:abilities.effects[]#applyBuff.hooks[].damageCrit=crit
2026-09-09T17:17:38.4486708Z              3/3     100.0%  enum:abilities.effects[]#applyBuff.hooks[].onConsumed=detachSource
2026-09-09T17:17:38.4488292Z              3/553     0.5%  enum:abilities.effects[]#applyBuff.maxStat.stat=spellVamp
2026-09-09T17:17:38.4489778Z              3/13     23.1%  enum:abilities.effects[]#applyStatus.applyTo=target
2026-09-09T17:17:38.4491091Z              3/6      50.0%  enum:abilities.effects[]#damage.hpPct.basis=current
2026-09-09T17:17:38.4492520Z              3/6      50.0%  enum:abilities.effects[]#damage.hpPct.basis=max
2026-09-09T17:17:38.4493854Z              3/11     27.3%  enum:abilities.effects[]#dash.distanceTier=極小
2026-09-09T17:17:38.4495125Z              3/5      60.0%  enum:abilities.effects[]#grantAttribute.mode=flat
2026-09-09T17:17:38.4496468Z              3/21     14.3%  enum:abilities.effects[]#invulnerable.blocksDamage=none
2026-09-09T17:17:38.4497880Z              3/25     12.0%  enum:abilities.effects[]#knockback.from=pull
2026-09-09T17:17:38.4499241Z              3/7      42.9%  enum:abilities.effects[]#spendMana.applyTo=target
2026-09-09T17:17:38.4500950Z              3/3     100.0%  enum:abilities.effects[]#summon.formation=ring
2026-09-09T17:17:38.4502932Z              3/5      60.0%  enum:abilities.effects[]#weightedBranch.side=allies
2026-09-09T17:17:38.4504138Z              3/9      33.3%  enum:abilities.passive.ranks[].auras[].affects=ally
2026-09-09T17:17:38.4505535Z              3/52      5.8%  enum:ability-templates.params{}.type=effects
2026-09-09T17:17:38.4506839Z              3/52      5.8%  enum:ability-templates.params{}.type=statModifiers
2026-09-09T17:17:38.4508059Z              3/47      6.4%  enum:ability-templates.params{}.unit=wc3h
2026-09-09T17:17:38.4509306Z              3/16     18.8%  enum:arenas.backdrop.layers[].profile=peaks
2026-09-09T17:17:38.4510370Z              3/20     15.0%  enum:arenas.scenery.lighting.wave=flicker
2026-09-09T17:17:38.4511421Z              3/20     15.0%  enum:arenas.scenery.lighting.wave=storm
2026-09-09T17:17:38.4512939Z              3/9      33.3%  enum:augments.eligibility.requiresModeFeature[]=team
2026-09-09T17:17:38.4514468Z              3/71      4.2%  enum:champions.attributes.source=authored
2026-09-09T17:17:38.4515694Z              3/4      75.0%  enum:items.modifiers[].requires.attackType=melee
2026-09-09T17:17:38.4516851Z              3/4      75.0%  enum:items.modifiers[].requires.onMismatch=block
2026-09-09T17:17:38.4517858Z              3/7      42.9%  enum:maps.template=CENTRAL_RING
2026-09-09T17:17:38.4518951Z              3/696     0.4%  enum:vfx#ribbon@1.blendMode=alphaKey
2026-09-09T17:17:38.4520237Z              3/3     100.0%  enum:vfx#vfx@1.orient.yawFrom=aim
2026-09-09T17:17:38.4521348Z              3/3     100.0%  enum:vfx-scripts.segments[]|1#anim.at=target
2026-09-09T17:17:38.4523075Z              3/10     30.0%  enum:vfx-scripts.segments[]|1#anim.on=strike
2026-09-09T17:17:38.4524273Z              3/3     100.0%  enum:vfx-scripts.segments[]|1#anim.pulse=hurt
2026-09-09T17:17:38.4526063Z              3/3     100.0%  enum:vfx-scripts.segments[]|1#floatingText.at=target
2026-09-09T17:17:38.4527124Z              4/492     0.8%  enum:abilities.castType=dash
2026-09-09T17:17:38.4528823Z              4/22     18.2%  enum:abilities.effects[]#applyBuff.condition|0|1|0.mode=absolute
2026-09-09T17:17:38.4531669Z              4/4     100.0%  enum:abilities.effects[]#applyBuff.damageTypeOverride.impactType=original
2026-09-09T17:17:38.4534343Z              4/7      57.1%  enum:abilities.effects[]#applyBuff.damageTypeOverride.scope=basic
2026-09-09T17:17:38.4536530Z              4/37     10.8%  enum:abilities.effects[]#applyBuff.hooks[].abilitySlot=EX
2026-09-09T17:17:38.4537972Z              4/186     2.2%  enum:abilities.effects[]#applyBuff.hooks[].target=allies
2026-09-09T17:17:38.4539626Z              4/202     2.0%  enum:abilities.effects[]#chainLightning.amount.damageTier=中
2026-09-09T17:17:38.4541154Z              4/5      80.0%  enum:abilities.effects[]#chainLightning.onHitTargetsMode=perTarget
2026-09-09T17:17:38.4543029Z              4/4     100.0%  enum:abilities.effects[]#chainLightning.shape=circle
2026-09-09T17:17:38.4544251Z              4/13     30.8%  enum:abilities.effects[]#delayed.side=allies
2026-09-09T17:17:38.4545677Z              4/6      66.7%  enum:abilities.effects[]#dispel.side=enemies
2026-09-09T17:17:38.4546991Z              4/4     100.0%  enum:abilities.effects[]#eventValueConversion.basis=hpLost
2026-09-09T17:17:38.4548802Z              4/5      80.0%  enum:abilities.effects[]#eventValueConversion.to=mana
2026-09-09T17:17:38.4550796Z              4/16     25.0%  enum:abilities.effects[]#floatingText.applyTo=victim
2026-09-09T17:17:38.4552495Z              4/4     100.0%  enum:abilities.effects[]#grantGold.to=self
2026-09-09T17:17:38.4553877Z              4/17     23.5%  enum:abilities.effects[]#modifyCooldown.mode=reduce
2026-09-09T17:17:38.4555217Z              4/6      66.7%  enum:abilities.effects[]#proxyCast.targetMode=reresolve
2026-09-09T17:17:38.4556470Z              4/4     100.0%  enum:abilities.effects[]#revive.side=ally
2026-09-09T17:17:38.4557698Z              4/4     100.0%  enum:abilities.effects[]#revive.teamCharge=ignore
2026-09-09T17:17:38.4558880Z              4/28     14.3%  enum:abilities.effects[]#screenShake.applyTo=nearby
2026-09-09T17:17:38.4560142Z              4/28     14.3%  enum:abilities.effects[]#screenShake.shape=circle
2026-09-09T17:17:38.4561382Z              4/6      66.7%  enum:abilities.effects[]#shield.absorbs=magic
2026-09-09T17:17:38.4562849Z              4/14     28.6%  enum:abilities.effects[]#spawnModelFx.path=forward
2026-09-09T17:17:38.4564170Z              4/4     100.0%  enum:abilities.effects[]#spawnModelFx.touchSide=enemies
2026-09-09T17:17:38.4565377Z              4/7      57.1%  enum:abilities.effects[]#spendMana.applyTo=self
2026-09-09T17:17:38.4566581Z              4/4     100.0%  enum:abilities.effects[]#summon.at=point
2026-09-09T17:17:38.4567769Z              4/4     100.0%  enum:abilities.effects[]#summon.team=owner
2026-09-09T17:17:38.4569333Z              4/4     100.0%  enum:abilities.effects[]#weightedBranch.branches[].weightFrom.attr=agi
2026-09-09T17:17:38.4570769Z              4/43      9.3%  enum:abilities.hitFeel.sparkKind=ice
2026-09-09T17:17:38.4571847Z              4/16     25.0%  enum:arenas.backdrop.layers[].profile=pagoda
2026-09-09T17:17:38.4573304Z              4/16     25.0%  enum:arenas.backdrop.layers[].profile=torii
2026-09-09T17:17:38.4574994Z              4/49      8.2%  enum:champions.origin=坦克
2026-09-09T17:17:38.4576061Z              4/49      8.2%  enum:champions.origin=法刺
2026-09-09T17:17:38.4577119Z              4/49      8.2%  enum:champions.origin=狂戰
2026-09-09T17:17:38.4578613Z              4/49      8.2%  enum:champions.origin=軟輔
2026-09-09T17:17:38.4580073Z              4/4     100.0%  enum:vfx-scripts.yields[]=caster.castFx
2026-09-09T17:17:38.4581420Z              5/28     17.9%  enum:abilities.effects[]#applyBuff.condition|0|1|0.op=>
2026-09-09T17:17:38.4583548Z              5/7      71.4%  enum:abilities.effects[]#applyBuff.damageTypeOverride.becomes=true
2026-09-09T17:17:38.4585583Z              5/246     2.0%  enum:abilities.effects[]#applyBuff.hooks[].on=onAllyDeath
2026-09-09T17:17:38.4587460Z              5/246     2.0%  enum:abilities.effects[]#applyBuff.hooks[].on=onStatusApplied
2026-09-09T17:17:38.4589331Z              5/100     5.0%  enum:abilities.effects[]#blink.radiusTier=極大
2026-09-09T17:17:38.4590557Z              5/7      71.4%  enum:abilities.effects[]#devour.shape=single
2026-09-09T17:17:38.4592415Z              5/5     100.0%  enum:abilities.effects[]#dispel.order=newest
2026-09-09T17:17:38.4594136Z              5/5     100.0%  enum:abilities.effects[]#eventValueConversion.shape=single
2026-09-09T17:17:38.4595825Z              5/5     100.0%  enum:abilities.effects[]#eventValueConversion.source=incomingDamage
2026-09-09T17:17:38.4597528Z              5/5     100.0%  enum:abilities.effects[]#eventValueConversion.who=self
2026-09-09T17:17:38.4598864Z              5/7      71.4%  enum:abilities.effects[]#grantAttribute.attr=str
2026-09-09T17:17:38.4600182Z              5/5     100.0%  enum:abilities.effects[]#proxyCast.rankMode=casterRank
2026-09-09T17:17:38.4601416Z              5/9      55.6%  enum:abilities.effects[]#screenFlash.applyTo=all
2026-09-09T17:17:38.4602964Z              5/5     100.0%  enum:abilities.effects[]#summon.onOwnerDeath=despawn
2026-09-09T17:17:38.4604243Z              5/12     41.7%  enum:abilities.effects[]#weightedBranch.shape=circle
2026-09-09T17:17:38.4605334Z              5/123     4.1%  enum:abilities.radiusTier=極大
2026-09-09T17:17:38.4606416Z              5/16     31.3%  enum:arenas.backdrop.layers[].profile=shards
2026-09-09T17:17:38.4607397Z              5/13     38.5%  enum:arenas.groundStyle=stone
2026-09-09T17:17:38.4608393Z              5/7      71.4%  enum:maps.regions[].role=platform
2026-09-09T17:17:38.4609542Z              5/7      71.4%  enum:models.fxLongAxis=y
2026-09-09T17:17:38.4610503Z              5/21     23.8%  enum:projectiles.meshShape=orb
2026-09-09T17:17:38.4611680Z              5/10     50.0%  enum:vfx-scripts.segments[]|1#anim.on=castEffect
2026-09-09T17:17:38.4613863Z              5/10     50.0%  enum:vfx-scripts.segments[]|1#anim.on=castStart
2026-09-09T17:17:38.4615171Z              6/6     100.0%  enum:abilities.cooldownShape=單體
2026-09-09T17:17:38.4615913Z              6/28     21.4%  enum:abilities.effects[]#applyBuff.condition|0|1|0.op=<
2026-09-09T17:17:38.4616730Z              6/26     23.1%  enum:abilities.effects[]#applyBuff.condition|0|1|0.stat=mp
2026-09-09T17:17:38.4617534Z              6/6     100.0%  enum:abilities.effects[]#applyBuff.hooks[].damageType=magic
2026-09-09T17:17:38.4618298Z              6/44     13.6%  enum:abilities.effects[]#applyBuff.hooks[].victim=any
2026-09-09T17:17:38.4619147Z              6/21     28.6%  enum:abilities.effects[]#applyBuff.modifiers[].msBonusTier=大
2026-09-09T17:17:38.4619915Z              6/33     18.2%  enum:abilities.effects[]#championForm.to=toggle
2026-09-09T17:17:38.4620686Z              6/26     23.1%  enum:abilities.effects[]#damage.resourcePct.resource=mana
2026-09-09T17:17:38.4621673Z              6/11     54.5%  enum:abilities.effects[]#dash.distanceTier=極大
2026-09-09T17:17:38.4623227Z              6/18     33.3%  enum:abilities.effects[]#dash.mode=toPoint
2026-09-09T17:17:38.4624551Z              6/7      85.7%  enum:abilities.effects[]#devour.victim=any
2026-09-09T17:17:38.4626162Z              6/22     27.3%  enum:abilities.effects[]#dispel.shape=circle
2026-09-09T17:17:38.4627480Z              6/7      85.7%  enum:abilities.effects[]#grantAttribute.attr=agi
2026-09-09T17:17:38.4628885Z              6/7      85.7%  enum:abilities.effects[]#grantAttribute.attr=int
2026-09-09T17:17:38.4630195Z              6/9      66.7%  enum:abilities.effects[]#screenFlash.applyTo=self
2026-09-09T17:17:38.4631595Z              6/9      66.7%  enum:abilities.effects[]#screenFlash.applyTo=victim
2026-09-09T17:17:38.4633290Z              6/9      66.7%  enum:abilities.passive.ranks[].auras[].affects=enemy
2026-09-09T17:17:38.4634768Z              6/16     37.5%  enum:arenas.backdrop.layers[].profile=towers
2026-09-09T17:17:38.4636142Z              6/20     30.0%  enum:arenas.scenery.lighting.wave=breathe
2026-09-09T17:17:38.4637835Z              6/19     31.6%  enum:augments.eligibility.excludeSelfMechanic[]=evasion
2026-09-09T17:17:38.4638663Z              6/19     31.6%  enum:augments.eligibility.excludeSelfMechanic[]=reflect
2026-09-09T17:17:38.4639447Z              6/9      66.7%  enum:augments.eligibility.requiresAbilitySlots[]=E
2026-09-09T17:17:38.4644195Z              6/9      66.7%  enum:augments.eligibility.requiresAbilitySlots[]=Q
2026-09-09T17:17:38.4646473Z              6/9      66.7%  enum:augments.eligibility.requiresAbilitySlots[]=W
2026-09-09T17:17:38.4647850Z              6/49     12.2%  enum:champions.origin=法師
2026-09-09T17:17:38.4648956Z              6/142     4.2%  enum:items.craftRole=quest
2026-09-09T17:17:38.4650465Z              6/7      85.7%  enum:items.requiresAttackType=melee
2026-09-09T17:17:38.4651755Z              6/7      85.7%  enum:maps.regions[].role=outer
2026-09-09T17:17:38.4653488Z              7/7     100.0%  enum:abilities.effects[]#applyBuff.condition|0|5|1.slot=EX
2026-09-09T17:17:38.4655181Z              7/9      77.8%  enum:abilities.effects[]#applyBuff.hooks[].damageSource=basic
2026-09-09T17:17:38.4656847Z              7/246     2.8%  enum:abilities.effects[]#applyBuff.hooks[].on=onDamageDealt
2026-09-09T17:17:38.4658438Z              7/44     15.9%  enum:abilities.effects[]#applyBuff.hooks[].victim=enemy
2026-09-09T17:17:38.4660295Z              7/21     33.3%  enum:abilities.effects[]#applyBuff.modifiers[].msBonusTier=極小
2026-09-09T17:17:38.4661771Z              7/18     38.9%  enum:abilities.effects[]#dispel.polarity=buff
2026-09-09T17:17:38.4663594Z              7/23     30.4%  enum:abilities.effects[]#spawnModelFx.anchor=target
2026-09-09T17:17:38.4664943Z              7/7     100.0%  enum:abilities.effects[]#summon.body=self
2026-09-09T17:17:38.4666396Z              7/12     58.3%  enum:abilities.effects[]#weightedBranch.shape=single
2026-09-09T17:17:38.4667841Z              7/52     13.5%  enum:ability-templates.params{}.type=applyStatus
2026-09-09T17:17:38.4669271Z              7/52     13.5%  enum:ability-templates.params{}.type=rgb
2026-09-09T17:17:38.4670619Z              7/7     100.0%  enum:arenas.zones[].interactions[].kind=capture
2026-09-09T17:17:38.4672265Z              7/7     100.0%  enum:arenas.zones[].interactions[].kind=pickup
2026-09-09T17:17:38.4673321Z              7/7     100.0%  enum:maps.gimmick.kind=routeSwap
2026-09-09T17:17:38.4674353Z              7/7     100.0%  enum:maps.interactions[].kind=capture
2026-09-09T17:17:38.4675379Z              7/7     100.0%  enum:maps.interactions[].kind=pickup
2026-09-09T17:17:38.4676376Z              7/7     100.0%  enum:maps.regions[].role=corridor
2026-09-09T17:17:38.4677883Z              7/7     100.0%  enum:maps.regions[].role=court
2026-09-09T17:17:38.4678848Z              7/7     100.0%  enum:maps.regions[].role=landmark
2026-09-09T17:17:38.4679439Z              7/21     33.3%  enum:projectiles.meshShape=shard
2026-09-09T17:17:38.4680343Z              8/58     13.8%  enum:abilities.effects[]#applyBuff.applyTo=target
2026-09-09T17:17:38.4681109Z              8/28     28.6%  enum:abilities.effects[]#applyBuff.condition|0|1|0.op=>=
2026-09-09T17:17:38.4682121Z              8/8     100.0%  enum:abilities.effects[]#applyBuff.condition|0|8.slot=EX
2026-09-09T17:17:38.4683809Z              8/44     18.2%  enum:abilities.effects[]#applyBuff.hooks[].victim=champion
2026-09-09T17:17:38.4685523Z              8/553     1.4%  enum:abilities.effects[]#applyBuff.maxStat.stat=outputDamagePct
2026-09-09T17:17:38.4687287Z              8/553     1.4%  enum:abilities.effects[]#applyBuff.maxStat.stat=outputHealingPct
2026-09-09T17:17:38.4689280Z              8/553     1.4%  enum:abilities.effects[]#applyBuff.maxStat.stat=outputShieldPct
2026-09-09T17:17:38.4691052Z              8/21     38.1%  enum:abilities.effects[]#applyBuff.modifiers[].msBonusTier=小
2026-09-09T17:17:38.4693229Z              8/305     2.6%  enum:abilities.effects[]#applyBuff.modifiers[].op=percentOf
2026-09-09T17:17:38.4695173Z              8/48     16.7%  enum:abilities.effects[]#chainLightning.amount.damageTierPerRank[]=大
2026-09-09T17:17:38.4696687Z              8/8     100.0%  enum:abilities.effects[]#delayed.anchor=caster
2026-09-09T17:17:38.4697879Z              8/8     100.0%  enum:abilities.effects[]#proxyCast.payCosts=none
2026-09-09T17:17:38.4699130Z              8/8     100.0%  enum:abilities.effects[]#proxyCast.shape=single
2026-09-09T17:17:38.4700388Z              8/16     50.0%  enum:arenas.backdrop.layers[].profile=cloudSea
2026-09-09T17:17:38.4701554Z              8/20     40.0%  enum:arenas.scenery.lighting.wave=sweep
2026-09-09T17:17:38.4703030Z              8/9      88.9%  enum:augments.eligibility.requiresAbilitySlots[]=R
2026-09-09T17:17:38.4704304Z              9/10     90.0%  enum:abilities.augment.targets[].ops[].mode=add
2026-09-09T17:17:38.4705586Z              9/10     90.0%  enum:abilities.augment.targets[].ops[].op=damageCoeffAp
2026-09-09T17:17:38.4706920Z              9/305     3.0%  enum:abilities.effects[]#applyBuff.modifiers[].op=capRaise
2026-09-09T17:17:38.4708329Z              9/26     34.6%  enum:abilities.effects[]#damage.resourcePct.subject=self
2026-09-09T17:17:38.4709628Z              9/13     69.2%  enum:abilities.effects[]#delayed.side=enemies
2026-09-09T17:17:38.4710849Z              9/9     100.0%  enum:abilities.effects[]#screenFlash.shape=single
2026-09-09T17:17:38.4712255Z              9/257     3.5%  enum:abilities.manaCostTier=大
2026-09-09T17:17:38.4713438Z              9/49     18.4%  enum:champions.origin=法鬥
2026-09-09T17:17:38.4714507Z              9/21     42.9%  enum:projectiles.meshShape=bolt
2026-09-09T17:17:38.4715820Z              9/9     100.0%  enum:vfx-scripts.segments[]|1#modelFx.path=static
2026-09-09T17:17:38.4716639Z             10/246     4.1%  enum:abilities.effects[]#applyBuff.hooks[].on=onEvade
2026-09-09T17:17:38.4717520Z             10/35     28.6%  enum:abilities.effects[]#applyBuff.polarity=buff
2026-09-09T17:17:38.4718374Z             10/13     76.9%  enum:abilities.effects[]#applyStatus.applyTo=self
2026-09-09T17:17:38.4719096Z             10/36     27.8%  enum:abilities.effects[]#damageLine.aim=facing
2026-09-09T17:17:38.4719861Z             10/12     83.3%  enum:abilities.effects[]#leap.applyTo=self
2026-09-09T17:17:38.4720658Z             10/12     83.3%  enum:abilities.effects[]#leap.mode=toPoint
2026-09-09T17:17:38.4721450Z             10/10    100.0%  enum:abilities.effects[]#randomArea.who=self
2026-09-09T17:17:38.4722769Z             10/10    100.0%  enum:abilities.passive.ranks[].whileForm=alternate
2026-09-09T17:17:38.4723849Z             10/19     52.6%  enum:augments.eligibility.excludeSelfMechanic[]=abilityDamage
2026-09-09T17:17:38.4724573Z             10/60     16.7%  enum:augments.selectionSlot=generic
2026-09-09T17:17:38.4725317Z             10/10    100.0%  enum:vfx-scripts.schema=vfx-script@1
2026-09-09T17:17:38.4726098Z             11/24     45.8%  enum:abilities.effects[]#blink.to=point
2026-09-09T17:17:38.4727192Z             11/18     61.1%  enum:abilities.effects[]#dispel.polarity=debuff
2026-09-09T17:17:38.4727890Z             11/58     19.0%  enum:ability-templates.status=draft
2026-09-09T17:17:38.4728799Z             12/28     42.9%  enum:abilities.effects[]#applyBuff.condition|0|1|0.op=<=
2026-09-09T17:17:38.4729754Z             12/305     3.9%  enum:abilities.effects[]#applyBuff.modifiers[].op=override
2026-09-09T17:17:38.4730566Z             12/24     50.0%  enum:abilities.effects[]#blink.to=targetUnit
2026-09-09T17:17:38.4731548Z             12/26     46.2%  enum:abilities.effects[]#damage.resourcePct.basis=current
2026-09-09T17:17:38.4732632Z             12/18     66.7%  enum:abilities.effects[]#dash.mode=forward
2026-09-09T17:17:38.4733541Z             12/16     75.0%  enum:abilities.effects[]#floatingText.applyTo=self
2026-09-09T17:17:38.4734680Z             12/14     85.7%  enum:abilities.effects[]#spawnModelFx.path=orbit
2026-09-09T17:17:38.4735585Z             12/12    100.0%  enum:abilities.effects[]#spawnVfx.boneOn=victim
2026-09-09T17:17:38.4736421Z             12/43     27.9%  enum:abilities.hitFeel.shakeStyle=directional
2026-09-09T17:17:38.4737168Z             12/43     27.9%  enum:abilities.hitFeel.sparkKind=magic
2026-09-09T17:17:38.4737950Z             12/47     25.5%  enum:ability-templates.params{}.unit=count
2026-09-09T17:17:38.4739032Z             13/13    100.0%  enum:abilities.effects[]#applyBuff.condition|0|9.form=alternate
2026-09-09T17:17:38.4739994Z             13/14     92.9%  enum:abilities.effects[]#applyBuff.permanentScope=round
2026-09-09T17:17:38.4740913Z             13/26     50.0%  enum:abilities.effects[]#damage.resourcePct.basis=max
2026-09-09T17:17:38.4741680Z             13/48     27.1%  enum:abilities.effects[]#delayed.shape=circle
2026-09-09T17:17:38.4742876Z             13/14     92.9%  enum:abilities.effects[]#delayed.targetMode=reresolve
2026-09-09T17:17:38.4743726Z             13/17     76.5%  enum:abilities.effects[]#modifyCooldown.mode=reset
2026-09-09T17:17:38.4744435Z             13/49     26.5%  enum:champions.origin=鬥士
2026-09-09T17:17:38.4745095Z             14/248     5.6%  enum:abilities.rangeTier=極小
2026-09-09T17:17:38.4745763Z             14/696     2.0%  enum:vfx#ribbon@1.blendMode=modulate
2026-09-09T17:17:38.4746518Z             15/93     16.1%  enum:abilities.effects[]#spawnVfx.at=bone
2026-09-09T17:17:38.4747459Z             16/26     61.5%  enum:abilities.effects[]#applyBuff.condition|0|1|0.stat=hp
2026-09-09T17:17:38.4748314Z             16/16    100.0%  enum:abilities.effects[]#floatingText.shape=single
2026-09-09T17:17:38.4749090Z             16/93     17.2%  enum:abilities.effects[]#spawnVfx.at=target
2026-09-09T17:17:38.4749733Z             16/248     6.5%  enum:abilities.rangeTier=小
2026-09-09T17:17:38.4750493Z             16/47     34.0%  enum:ability-templates.params{}.unit=ratio
2026-09-09T17:17:38.4751238Z             16/16    100.0%  enum:arenas.backdrop.layers[].profile=flat
2026-09-09T17:17:38.4751841Z             16/142    11.3%  enum:items.craftRole=component
2026-09-09T17:17:38.4753042Z             17/246     6.9%  enum:abilities.effects[]#applyBuff.hooks[].on=onReflectSuccess
2026-09-09T17:17:38.4753903Z             17/17    100.0%  enum:abilities.effects[]#modifyCooldown.shape=single
2026-09-09T17:17:38.4754668Z             17/17    100.0%  enum:abilities.effects[]#modifyCooldown.who=self
2026-09-09T17:17:38.4755626Z             18/22     81.8%  enum:abilities.effects[]#applyBuff.condition|0|1|0.mode=percent
2026-09-09T17:17:38.4756493Z             18/37     48.6%  enum:abilities.effects[]#applyBuff.hooks[].abilitySlot=R
2026-09-09T17:17:38.4757306Z             18/100    18.0%  enum:abilities.effects[]#blink.radiusTier=大
2026-09-09T17:17:38.4758198Z             18/26     69.2%  enum:abilities.effects[]#damage.resourcePct.subject=target
2026-09-09T17:17:38.4758913Z             18/22     81.8%  enum:abilities.effects[]#dispel.shape=single
2026-09-09T17:17:38.4760007Z             18/21     85.7%  enum:abilities.effects[]#invulnerable.blocksDamage=all
2026-09-09T17:17:38.4760720Z             18/47     38.3%  enum:ability-templates.params{}.unit=wc3u
2026-09-09T17:17:38.4761359Z             18/51     35.3%  enum:status-effects.polarity=buff
2026-09-09T17:17:38.4762497Z             19/100    19.0%  enum:abilities.effects[]#blink.radiusTier=極小
2026-09-09T17:17:38.4763371Z             19/23     82.6%  enum:abilities.effects[]#spawnModelFx.anchor=self
2026-09-09T17:17:38.4764084Z             19/123    15.4%  enum:abilities.radiusTier=大
2026-09-09T17:17:38.4764870Z             19/20     95.0%  enum:arenas.scenery.props[].facing=faceIn
2026-09-09T17:17:38.4765632Z             19/71     26.8%  enum:champions.attributes.primary=INT
2026-09-09T17:17:38.4766755Z             20/202     9.9%  enum:abilities.effects[]#chainLightning.amount.damageTier=大
2026-09-09T17:17:38.4767983Z             20/26     76.9%  enum:abilities.effects[]#damage.resourcePct.resource=health
2026-09-09T17:17:38.4768741Z             20/123    16.3%  enum:abilities.radiusTier=極小
2026-09-09T17:17:38.4769520Z             20/20    100.0%  enum:arenas.scenery.props[].facing=random
2026-09-09T17:17:38.4770156Z             20/71     28.2%  enum:champions.attackType=ranged
2026-09-09T17:17:38.4770900Z             20/40     50.0%  enum:champions.transform.role=alternate
2026-09-09T17:17:38.4771634Z             20/40     50.0%  enum:champions.transform.role=base
2026-09-09T17:17:38.4773032Z             21/37     56.8%  enum:abilities.effects[]#applyBuff.hooks[].abilitySlot=E
2026-09-09T17:17:38.4773961Z             21/21    100.0%  enum:abilities.effects[]#invulnerable.applyTo=self
2026-09-09T17:17:38.4774719Z             21/123    17.1%  enum:abilities.radiusTier=小
2026-09-09T17:17:38.4775685Z             22/37     59.5%  enum:abilities.effects[]#applyBuff.hooks[].abilitySlot=Q
2026-09-09T17:17:38.4776678Z             22/246     8.9%  enum:abilities.effects[]#applyBuff.hooks[].on=onInterval
2026-09-09T17:17:38.4777630Z             22/246     8.9%  enum:abilities.effects[]#applyBuff.hooks[].on=onKill
2026-09-09T17:17:38.4778932Z             22/48     45.8%  enum:abilities.effects[]#chainLightning.amount.damageTierPerRank[]=中
2026-09-09T17:17:38.4779769Z             22/23     95.7%  enum:abilities.effects[]#dot.stacking=refresh
2026-09-09T17:17:38.4780771Z             24/246     9.8%  enum:abilities.effects[]#applyBuff.hooks[].on=onAbilityCast
2026-09-09T17:17:38.4781729Z             24/246     9.8%  enum:abilities.effects[]#applyBuff.hooks[].on=onAbilityHit
2026-09-09T17:17:38.4782952Z             24/44     54.5%  enum:abilities.effects[]#applyBuff.hooks[].victim=enemyChampion
2026-09-09T17:17:38.4783836Z             24/553     4.3%  enum:abilities.effects[]#applyBuff.maxStat.stat=evasion
2026-09-09T17:17:38.4784564Z             24/24    100.0%  enum:abilities.effects[]#blink.applyTo=self
2026-09-09T17:17:38.4785284Z             24/24    100.0%  enum:abilities.effects[]#blink.shape=single
2026-09-09T17:17:38.4786056Z             24/25     96.0%  enum:abilities.effects[]#knockback.from=caster
2026-09-09T17:17:38.4786841Z             24/28     85.7%  enum:abilities.effects[]#screenShake.applyTo=all
2026-09-09T17:17:38.4787644Z             24/28     85.7%  enum:abilities.effects[]#screenShake.shape=single
2026-09-09T17:17:38.4788370Z             24/24    100.0%  enum:abilities.vfxLayers[].attachTo=point
2026-09-09T17:17:38.4789097Z             24/52     46.2%  enum:ability-templates.params{}.type=docRef
2026-09-09T17:17:38.4789834Z             24/52     46.2%  enum:ability-templates.params{}.type=scaling
2026-09-09T17:17:38.4790508Z             24/71     33.8%  enum:champions.attributes.primary=STR
2026-09-09T17:17:38.4791318Z             25/35     71.4%  enum:abilities.effects[]#applyBuff.polarity=debuff
2026-09-09T17:17:38.4792209Z             25/43     58.1%  enum:abilities.hitFeel.sparkKind=heavy
2026-09-09T17:17:38.4792855Z             25/60     41.7%  enum:augments.selectionSlot=pivot
2026-09-09T17:17:38.4793525Z             25/60     41.7%  enum:augments.selectionSlot=synergy
2026-09-09T17:17:38.4794639Z             26/37     70.3%  enum:abilities.effects[]#applyBuff.hooks[].abilitySlot=W
2026-09-09T17:17:38.4796738Z             26/36     72.2%  enum:abilities.effects[]#damageLine.aim=target
2026-09-09T17:17:38.4797607Z             27/33     81.8%  enum:abilities.effects[]#championForm.to=alternate
2026-09-09T17:17:38.4798150Z             27/28     96.4%  enum:abilities.effects[]#restore.applyTo=self
2026-09-09T17:17:38.4798547Z             27/93     29.0%  enum:abilities.effects[]#spawnVfx.at=self
2026-09-09T17:17:38.4798853Z             27/92     29.3%  enum:augments.tier=silver
2026-09-09T17:17:38.4799335Z             28/359     7.8%  enum:abilities.effects[]#chainLightning.damageType=true
2026-09-09T17:17:38.4799713Z             28/71     39.4%  enum:champions.attributes.primary=AGI
2026-09-09T17:17:38.4800435Z             29/48     60.4%  enum:abilities.effects[]#chainLightning.amount.damageTierPerRank[]=極小
2026-09-09T17:17:38.4800921Z             29/92     31.5%  enum:augments.tier=gold
2026-09-09T17:17:38.4801522Z             31/202    15.3%  enum:abilities.effects[]#chainLightning.amount.damageTier=極小
2026-09-09T17:17:38.4802261Z             33/100    33.0%  enum:abilities.effects[]#blink.radiusTier=小
2026-09-09T17:17:38.4803271Z             33/43     76.7%  enum:abilities.hitFeel.shakeStyle=omni
2026-09-09T17:17:38.4803909Z             33/51     64.7%  enum:status-effects.polarity=debuff
2026-09-09T17:17:38.4804858Z             34/100    34.0%  enum:abilities.effects[]#blink.radiusTier=中
2026-09-09T17:17:38.4805552Z             34/69     49.3%  enum:abilities.innateKind=active
2026-09-09T17:17:38.4806273Z             35/48     72.9%  enum:abilities.effects[]#delayed.shape=single
2026-09-09T17:17:38.4806940Z             35/69     50.7%  enum:abilities.innateKind=passive
2026-09-09T17:17:38.4807898Z             37/305    12.1%  enum:abilities.effects[]#applyBuff.modifiers[].op=pctMult
2026-09-09T17:17:38.4808532Z             37/248    14.9%  enum:abilities.rangeTier=中
2026-09-09T17:17:38.4809122Z             38/92     41.3%  enum:augments.tier=prismatic
2026-09-09T17:17:38.4810063Z             42/246    17.1%  enum:abilities.effects[]#applyBuff.hooks[].on=onDamageTaken
2026-09-09T17:17:38.4810627Z             42/142    29.6%  enum:items.craftRole=final
2026-09-09T17:17:38.4811344Z             45/52     86.5%  enum:ability-templates.params{}.type=enum
2026-09-09T17:17:38.4812292Z             47/47    100.0%  enum:ability-templates.params{}.unit=s
2026-09-09T17:17:38.4813052Z             47/58     81.0%  enum:ability-templates.status=enabled
2026-09-09T17:17:38.4814337Z             48/48    100.0%  enum:abilities.effects[]#chainLightning.amount.damageTierPerRank[]=小
2026-09-09T17:17:38.4815427Z             49/107    45.8%  enum:abilities.effects[]#applyBuff.condition|0|1|0.subject=target
2026-09-09T17:17:38.4816137Z             49/257    19.1%  enum:abilities.manaCostTier=中
2026-09-09T17:17:38.4816899Z             49/49    100.0%  enum:champions.msGrowthTier=極小
2026-09-09T17:17:38.4817711Z             51/52     98.1%  enum:ability-templates.params{}.type=number
2026-09-09T17:17:38.4818346Z             51/71     71.8%  enum:champions.attackType=melee
2026-09-09T17:17:38.4818992Z             52/492    10.6%  enum:abilities.castType=skillshot
2026-09-09T17:17:38.4819772Z             52/58     89.7%  enum:abilities.effects[]#applyBuff.applyTo=self
2026-09-09T17:17:38.4820488Z             55/93     59.1%  enum:abilities.effects[]#spawnVfx.at=point
2026-09-09T17:17:38.4821123Z             63/248    25.4%  enum:abilities.rangeTier=大
2026-09-09T17:17:38.4821728Z             63/696     9.1%  enum:vfx#ribbon@1.blendMode=alpha
2026-09-09T17:17:38.4822468Z             68/492    13.8%  enum:abilities.slot=EX
2026-09-09T17:17:38.4823128Z             68/71     95.8%  enum:champions.attributes.source=w3x
2026-09-09T17:17:38.4823676Z             69/492    14.0%  enum:abilities.slot=PASSIVE
2026-09-09T17:17:38.4824653Z             70/107    65.4%  enum:abilities.effects[]#applyBuff.condition|0|1|0.subject=self
2026-09-09T17:17:38.4825438Z             71/72     98.6%  enum:champions.skillOrder[]=R
2026-09-09T17:17:38.4826060Z             72/123    58.5%  enum:abilities.radiusTier=中
2026-09-09T17:17:38.4826634Z             72/72    100.0%  enum:champions.skillOrder[]=E
2026-09-09T17:17:38.4827197Z             72/72    100.0%  enum:champions.skillOrder[]=Q
2026-09-09T17:17:38.4827762Z             72/72    100.0%  enum:champions.skillOrder[]=W
2026-09-09T17:17:38.4828387Z             74/402    18.4%  enum:abilities.cooldownTier=大
2026-09-09T17:17:38.4829229Z             76/553    13.7%  enum:abilities.effects[]#applyBuff.maxStat.stat=range
2026-09-09T17:17:38.4829759Z             76/142    53.5%  enum:items.craftRole=none
2026-09-09T17:17:38.4830377Z             78/402    19.4%  enum:abilities.cooldownTier=小
2026-09-09T17:17:38.4831181Z             78/553    14.1%  enum:abilities.effects[]#applyBuff.maxStat.stat=cdr
2026-09-09T17:17:38.4832367Z             79/186    42.5%  enum:abilities.effects[]#applyBuff.hooks[].target=event
2026-09-09T17:17:38.4833285Z             82/553    14.8%  enum:abilities.effects[]#applyBuff.maxStat.stat=critDamage
2026-09-09T17:17:38.4834177Z             84/553    15.2%  enum:abilities.effects[]#applyBuff.maxStat.stat=critChance
2026-09-09T17:17:38.4835052Z             89/553    16.1%  enum:abilities.effects[]#applyBuff.maxStat.stat=lifesteal
2026-09-09T17:17:38.4835921Z             89/553    16.1%  enum:abilities.effects[]#applyBuff.maxStat.stat=manaRegen
2026-09-09T17:17:38.4836721Z             89/553    16.1%  enum:abilities.effects[]#applyBuff.maxStat.stat=mr
2026-09-09T17:17:38.4837629Z             90/553    16.3%  enum:abilities.effects[]#applyBuff.maxStat.stat=healthRegen
2026-09-09T17:17:38.4838425Z             90/90    100.0%  enum:abilities.effects[]#spawnModelFx.shape=single
2026-09-09T17:17:38.4839119Z             92/402    22.9%  enum:abilities.cooldownTier=極小
2026-09-09T17:17:38.4840033Z             99/359    27.6%  enum:abilities.effects[]#chainLightning.damageType=physical
2026-09-09T17:17:38.4840664Z            106/402    26.4%  enum:abilities.cooldownTier=中
2026-09-09T17:17:38.4841397Z            106/492    21.5%  enum:abilities.provenance=owner-spec
2026-09-09T17:17:38.4842679Z            107/553    19.3%  enum:abilities.effects[]#applyBuff.maxStat.stat=maxMana
2026-09-09T17:17:38.4843672Z            109/246    44.3%  enum:abilities.effects[]#applyBuff.hooks[].on=onBasicAttack
2026-09-09T17:17:38.4844549Z            110/553    19.9%  enum:abilities.effects[]#applyBuff.maxStat.stat=ms
2026-09-09T17:17:38.4845404Z            112/553    20.3%  enum:abilities.effects[]#applyBuff.maxStat.stat=armor
2026-09-09T17:17:38.4846260Z            116/553    21.0%  enum:abilities.effects[]#applyBuff.maxStat.stat=maxHealth
2026-09-09T17:17:38.4846826Z            119/492    24.2%  enum:abilities.castType=ground
2026-09-09T17:17:38.4847633Z            120/186    64.5%  enum:abilities.effects[]#applyBuff.hooks[].target=self
2026-09-09T17:17:38.4848302Z            123/257    47.9%  enum:abilities.manaCostTier=小
2026-09-09T17:17:38.4848956Z            134/257    52.1%  enum:abilities.manaCostTier=極小
2026-09-09T17:17:38.4849726Z            141/553    25.5%  enum:abilities.effects[]#applyBuff.maxStat.stat=as
2026-09-09T17:17:38.4850200Z            142/492    28.9%  enum:abilities.slot=E
2026-09-09T17:17:38.4850667Z            142/492    28.9%  enum:abilities.slot=Q
2026-09-09T17:17:38.4851135Z            142/492    28.9%  enum:abilities.slot=R
2026-09-09T17:17:38.4851599Z            142/492    28.9%  enum:abilities.slot=W
2026-09-09T17:17:38.4852717Z            148/305    48.5%  enum:abilities.effects[]#applyBuff.modifiers[].op=pctAdd
2026-09-09T17:17:38.4853313Z            149/492    30.3%  enum:abilities.castType=targeted
2026-09-09T17:17:38.4854367Z            155/202    76.7%  enum:abilities.effects[]#chainLightning.amount.damageTier=小
2026-09-09T17:17:38.4854992Z            157/248    63.3%  enum:abilities.rangeTier=極大
2026-09-09T17:17:38.4855861Z            172/402    42.8%  enum:abilities.cooldownTier=極大
2026-09-09T17:17:38.4856739Z            186/305    61.0%  enum:abilities.effects[]#applyBuff.modifiers[].op=flat
2026-09-09T17:17:38.4857559Z            216/553    39.1%  enum:abilities.effects[]#applyBuff.maxStat.stat=ad
2026-09-09T17:17:38.4858435Z            266/359    74.1%  enum:abilities.effects[]#chainLightning.damageType=magic
2026-09-09T17:17:38.4858999Z            269/492    54.7%  enum:abilities.castType=self
2026-09-09T17:17:38.4859509Z            280/629    44.5%  enum:vfx#vfx@1.mode=burst
2026-09-09T17:17:38.4860281Z            282/553    51.0%  enum:abilities.effects[]#applyBuff.maxStat.stat=ap
2026-09-09T17:17:38.4860850Z            349/629    55.5%  enum:vfx#vfx@1.mode=continuous
2026-09-09T17:17:38.4861493Z            386/492    78.5%  enum:abilities.provenance=w3x-import
2026-09-09T17:17:38.4862473Z            616/696    88.5%  enum:vfx#ribbon@1.blendMode=additive
2026-09-09T17:17:38.4862502Z 
2026-09-09T17:17:38.4863154Z   ── variant (173 reachable, 7 at ZERO) ──
2026-09-09T17:17:38.4863698Z     ZERO     0/593     0.0%  variant:abilities.effects[]#consumeStatus
2026-09-09T17:17:38.4864181Z     ZERO     0/593     0.0%  variant:abilities.effects[]#evasion
2026-09-09T17:17:38.4864635Z     ZERO     0/593     0.0%  variant:abilities.effects[]#pull
2026-09-09T17:17:38.4865152Z     ZERO     0/593     0.0%  variant:abilities.effects[]#spendHealth
2026-09-09T17:17:38.4865609Z     ZERO     0/7       0.0%  variant:arenas.zones[].bounds#disc
2026-09-09T17:17:38.4866108Z     ZERO     0/10      0.0%  variant:vfx-scripts.segments[]|1#bodyMove
2026-09-09T17:17:38.4866632Z     ZERO     0/10      0.0%  variant:vfx-scripts.segments[]|1#screenFlash
2026-09-09T17:17:38.4867261Z              1/593     0.2%  variant:abilities.effects[]#carry
2026-09-09T17:17:38.4867970Z              1/593     0.2%  variant:abilities.effects[]#convertTeam
2026-09-09T17:17:38.4868628Z              1/593     0.2%  variant:abilities.effects[]#cycleBuff
2026-09-09T17:17:38.4869275Z              1/593     0.2%  variant:abilities.effects[]#grantXp
2026-09-09T17:17:38.4869969Z              1/593     0.2%  variant:abilities.effects[]#manaBarrier
2026-09-09T17:17:38.4870677Z              1/593     0.2%  variant:abilities.effects[]#swapResource
2026-09-09T17:17:38.4871376Z              1/13      7.7%  variant:arenas.zones[].obstacles[]#segment
2026-09-09T17:17:38.4872356Z              1/103     1.0%  variant:config#config.ability-vfx-bindings@1
2026-09-09T17:17:38.4873105Z              1/103     1.0%  variant:config#config.admin-friend@1
2026-09-09T17:17:38.4873836Z              1/103     1.0%  variant:config#config.ambient-vfx@1
2026-09-09T17:17:38.4874550Z              1/103     1.0%  variant:config#config.aoe-tiers@1
2026-09-09T17:17:38.4875240Z              1/103     1.0%  variant:config#config.ap-coefficient@1
2026-09-09T17:17:38.4875944Z              1/103     1.0%  variant:config#config.ap-damage-scaling@1
2026-09-09T17:17:38.4876585Z              1/103     1.0%  variant:config#config.arena-pool@1
2026-09-09T17:17:38.4877231Z              1/103     1.0%  variant:config#config.arena-rules@1
2026-09-09T17:17:38.4877855Z              1/103     1.0%  variant:config#config.asset-cdn@1
2026-09-09T17:17:38.4878545Z              1/103     1.0%  variant:config#config.asset-downloads@1
2026-09-09T17:17:38.4879221Z              1/103     1.0%  variant:config#config.audio-map@1
2026-09-09T17:17:38.4879873Z              1/103     1.0%  variant:config#config.audio-mix@1
2026-09-09T17:17:38.4880570Z              1/103     1.0%  variant:config#config.augment-filter@1
2026-09-09T17:17:38.4881318Z              1/103     1.0%  variant:config#config.authoring-rules@1
2026-09-09T17:17:38.4882172Z              1/103     1.0%  variant:config#config.base-bonus@1
2026-09-09T17:17:38.4882799Z              1/103     1.0%  variant:config#config.berserk@1
2026-09-09T17:17:38.4883416Z              1/103     1.0%  variant:config#config.block@1
2026-09-09T17:17:38.4884070Z              1/103     1.0%  variant:config#config.body-scale@1
2026-09-09T17:17:38.4884940Z              1/103     1.0%  variant:config#config.boss-intro@1
2026-09-09T17:17:38.4885543Z              1/103     1.0%  variant:config#config.camera@1
2026-09-09T17:17:38.4886230Z              1/103     1.0%  variant:config#config.cast-approach@1
2026-09-09T17:17:38.4886932Z              1/103     1.0%  variant:config#config.cast-time-tiers@1
2026-09-09T17:17:38.4962565Z              1/103     1.0%  variant:config#config.cast-time@1
2026-09-09T17:17:38.4963596Z              1/103     1.0%  variant:config#config.champion-voices@1
2026-09-09T17:17:38.4964315Z              1/103     1.0%  variant:config#config.combat-env@1
2026-09-09T17:17:38.4965019Z              1/103     1.0%  variant:config#config.combat-feel@1
2026-09-09T17:17:38.4965770Z              1/103     1.0%  variant:config#config.combo-strikes@1
2026-09-09T17:17:38.4966464Z              1/103     1.0%  variant:config#config.content-load@1
2026-09-09T17:17:38.4967565Z              1/103     1.0%  variant:config#config.controller-scheme@1
2026-09-09T17:17:38.4968311Z              1/103     1.0%  variant:config#config.cooldown-rules@1
2026-09-09T17:17:38.4969000Z              1/103     1.0%  variant:config#config.cooldown-tiers@1
2026-09-09T17:17:38.4969584Z              1/103     1.0%  variant:config#config.crit@1
2026-09-09T17:17:38.4970318Z              1/103     1.0%  variant:config#config.damage-colors@1
2026-09-09T17:17:38.4971053Z              1/103     1.0%  variant:config#config.damage-rules@1
2026-09-09T17:17:38.4971850Z              1/103     1.0%  variant:config#config.damage-tier-exemptions@1
2026-09-09T17:17:38.4972768Z              1/103     1.0%  variant:config#config.damage-tiers@1
2026-09-09T17:17:38.4973380Z              1/103     1.0%  variant:config#config.dispel@1
2026-09-09T17:17:38.4974118Z              1/103     1.0%  variant:config#config.displacement-tiers@1
2026-09-09T17:17:38.4974736Z              1/103     1.0%  variant:config#config.feel-fx@1
2026-09-09T17:17:38.4975443Z              1/103     1.0%  variant:config#config.form-visuals@1
2026-09-09T17:17:38.4976058Z              1/103     1.0%  variant:config#config.gamepad@1
2026-09-09T17:17:38.4976657Z              1/103     1.0%  variant:config#config.gore@1
2026-09-09T17:17:38.4977300Z              1/103     1.0%  variant:config#config.hud-layout@1
2026-09-09T17:17:38.4977947Z              1/103     1.0%  variant:config#config.icon-plan@1
2026-09-09T17:17:38.4978589Z              1/103     1.0%  variant:config#config.icon-style@1
2026-09-09T17:17:38.4979307Z              1/103     1.0%  variant:config#config.icon-upload@1
2026-09-09T17:17:38.4979935Z              1/103     1.0%  variant:config#config.item-card@1
2026-09-09T17:17:38.4980590Z              1/103     1.0%  variant:config#config.lobby-layout@1
2026-09-09T17:17:38.4981236Z              1/103     1.0%  variant:config#config.lobby-rally@1
2026-09-09T17:17:38.5012207Z              1/103     1.0%  variant:config#config.mana-economy@1
2026-09-09T17:17:38.5013027Z              1/103     1.0%  variant:config#config.mana-tiers@1
2026-09-09T17:17:38.5013712Z              1/103     1.0%  variant:config#config.map-report@1
2026-09-09T17:17:38.5014339Z              1/103     1.0%  variant:config#config.map-spec@1
2026-09-09T17:17:38.5014980Z              1/103     1.0%  variant:config#config.mitigation@1
2026-09-09T17:17:38.5015612Z              1/103     1.0%  variant:config#config.model-lod@1
2026-09-09T17:17:38.5016335Z              1/103     1.0%  variant:config#config.move-speed-tiers@1
2026-09-09T17:17:38.5017033Z              1/103     1.0%  variant:config#config.new-hero-checks@1
2026-09-09T17:17:38.5017752Z              1/103     1.0%  variant:config#config.one-shot-clamp@1
2026-09-09T17:17:38.5018443Z              1/103     1.0%  variant:config#config.origin-routes@1
2026-09-09T17:17:38.5019127Z              1/103     1.0%  variant:config#config.owner-knobs@1
2026-09-09T17:17:38.5019851Z              1/103     1.0%  variant:config#config.per-level-bonus@1
2026-09-09T17:17:38.5020746Z              1/103     1.0%  variant:config#config.practice@1
2026-09-09T17:17:38.5021432Z              1/103     1.0%  variant:config#config.range-guide@1
2026-09-09T17:17:38.5022345Z              1/103     1.0%  variant:config#config.range-tiers@1
2026-09-09T17:17:38.5023003Z              1/103     1.0%  variant:config#config.rank-growth@1
2026-09-09T17:17:38.5023643Z              1/103     1.0%  variant:config#config.ranking@1
2026-09-09T17:17:38.5024238Z              1/103     1.0%  variant:config#config.regen@1
2026-09-09T17:17:38.5024878Z              1/103     1.0%  variant:config#config.replay@1
2026-09-09T17:17:38.5025550Z              1/103     1.0%  variant:config#config.review-tuning@1
2026-09-09T17:17:38.5026174Z              1/103     1.0%  variant:config#config.roster@1
2026-09-09T17:17:38.5026826Z              1/103     1.0%  variant:config#config.round-grade@1
2026-09-09T17:17:38.5027453Z              1/103     1.0%  variant:config#config.screen-fx@1
2026-09-09T17:17:38.5028235Z              1/103     1.0%  variant:config#config.shield@1
2026-09-09T17:17:38.5028963Z              1/103     1.0%  variant:config#config.skill-normalize@1
2026-09-09T17:17:38.5029822Z              1/103     1.0%  variant:config#config.speed-growth-tiers@1
2026-09-09T17:17:38.5030549Z              1/103     1.0%  variant:config#config.stat-caps@1
2026-09-09T17:17:38.5031385Z              1/103     1.0%  variant:config#config.stat-normalization@1
2026-09-09T17:17:38.5062452Z              1/103     1.0%  variant:config#config.stealth@1
2026-09-09T17:17:38.5063181Z              1/103     1.0%  variant:config#config.store@1
2026-09-09T17:17:38.5063865Z              1/103     1.0%  variant:config#config.taunt@1
2026-09-09T17:17:38.5064669Z              1/103     1.0%  variant:config#config.toggle-ability@1
2026-09-09T17:17:38.5065302Z              1/103     1.0%  variant:config#config.ugc@1
2026-09-09T17:17:38.5065967Z              1/103     1.0%  variant:config#config.ui-cues@1
2026-09-09T17:17:38.5066702Z              1/103     1.0%  variant:config#config.ui-lexicon@1
2026-09-09T17:17:38.5067441Z              1/103     1.0%  variant:config#config.unit-tints@1
2026-09-09T17:17:38.5068244Z              1/103     1.0%  variant:config#config.unsafe-textures@1
2026-09-09T17:17:38.5069061Z              1/103     1.0%  variant:config#config.valhalla-sandbox@1
2026-09-09T17:17:38.5069843Z              1/103     1.0%  variant:config#config.vfx-ability-art@1
2026-09-09T17:17:38.5070578Z              1/103     1.0%  variant:config#config.vfx-budget@1
2026-09-09T17:17:38.5071309Z              1/103     1.0%  variant:config#config.vfx-cleanup@1
2026-09-09T17:17:38.5072311Z              1/103     1.0%  variant:config#config.vfx-families@1
2026-09-09T17:17:38.5073176Z              1/103     1.0%  variant:config#config.vfx-scripts@1
2026-09-09T17:17:38.5073854Z              1/103     1.0%  variant:config#config.victory-fx@1
2026-09-09T17:17:38.5074620Z              1/103     1.0%  variant:config#config.victory-podium@1
2026-09-09T17:17:38.5075381Z              1/103     1.0%  variant:config#config.victory-taunts@1
2026-09-09T17:17:38.5076096Z              1/103     1.0%  variant:config#config.voxel-barcodes@1
2026-09-09T17:17:38.5076782Z              1/103     1.0%  variant:config#config.voxel-bodies@1
2026-09-09T17:17:38.5077437Z              1/103     1.0%  variant:config#config.voxel-look@1
2026-09-09T17:17:38.5078073Z              1/103     1.0%  variant:config#config.weakness@1
2026-09-09T17:17:38.5078692Z              1/103     1.0%  variant:config#config.weather@1
2026-09-09T17:17:38.5079342Z              1/103     1.0%  variant:config#config.world-cues@1
2026-09-09T17:17:38.5079951Z              1/103     1.0%  variant:config#config.wounds@1
2026-09-09T17:17:38.5080523Z              1/103     1.0%  variant:config#config@1
2026-09-09T17:17:38.5081290Z              2/593     0.3%  variant:abilities.effects[]#comboStrikes
2026-09-09T17:17:38.5082277Z              2/593     0.3%  variant:abilities.effects[]#extendBuff
2026-09-09T17:17:38.5083260Z              2/593     0.3%  variant:abilities.effects[]#shieldBreak
2026-09-09T17:17:38.5084006Z              2/10     20.0%  variant:vfx-scripts.segments[]|1#hideBody
2026-09-09T17:17:38.5084729Z              2/10     20.0%  variant:vfx-scripts.segments[]|1#sound
2026-09-09T17:17:38.5085410Z              3/10     30.0%  variant:vfx-scripts.segments[]|1#anim
2026-09-09T17:17:38.5086217Z              3/10     30.0%  variant:vfx-scripts.segments[]|1#floatingText
2026-09-09T17:17:38.5086994Z              4/593     0.7%  variant:abilities.effects[]#chainLightning
2026-09-09T17:17:38.5087704Z              4/593     0.7%  variant:abilities.effects[]#grantGold
2026-09-09T17:17:38.5088406Z              4/593     0.7%  variant:abilities.effects[]#taunt
2026-09-09T17:17:38.5089209Z              4/10     40.0%  variant:vfx-scripts.segments[]|1#screenShake
2026-09-09T17:17:38.5090090Z              5/593     0.8%  variant:abilities.effects[]#eventValueConversion
2026-09-09T17:17:38.5090988Z              5/593     0.8%  variant:abilities.effects[]#revive
2026-09-09T17:17:38.5091777Z              6/13     46.2%  variant:arenas.zones[].obstacles[]#circle
2026-09-09T17:17:38.5122863Z              6/702     0.9%  variant:vfx#attachment@1
2026-09-09T17:17:38.5123623Z              7/593     1.2%  variant:abilities.effects[]#devour
2026-09-09T17:17:38.5124469Z              7/593     1.2%  variant:abilities.effects[]#grantAttribute
2026-09-09T17:17:38.5125192Z              7/593     1.2%  variant:abilities.effects[]#summon
2026-09-09T17:17:38.5125915Z              7/7     100.0%  variant:arenas.zones[].bounds#rect
2026-09-09T17:17:38.5126693Z              7/13     53.8%  variant:arenas.zones[].obstacles[]#box
2026-09-09T17:17:38.5127378Z              7/629     1.1%  variant:vfx#vfx@1.emitter#point
2026-09-09T17:17:38.5128108Z              7/10     70.0%  variant:vfx-scripts.segments[]|1#vfx
2026-09-09T17:17:38.5128826Z              8/593     1.3%  variant:abilities.effects[]#proxyCast
2026-09-09T17:17:38.5129591Z              9/593     1.5%  variant:abilities.effects[]#screenFlash
2026-09-09T17:17:38.5130314Z              9/593     1.5%  variant:abilities.effects[]#spendMana
2026-09-09T17:17:38.5131105Z              9/10     90.0%  variant:vfx-scripts.segments[]|1#modelFx
2026-09-09T17:17:38.5131829Z             10/593     1.7%  variant:abilities.effects[]#randomArea
2026-09-09T17:17:38.5132774Z             12/593     2.0%  variant:abilities.effects[]#leap
2026-09-09T17:17:38.5133557Z             12/593     2.0%  variant:abilities.effects[]#weightedBranch
2026-09-09T17:17:38.5134198Z             13/593     2.2%  variant:abilities.effects[]#heal
2026-09-09T17:17:38.5134931Z             16/593     2.7%  variant:abilities.effects[]#floatingText
2026-09-09T17:17:38.5135653Z             17/593     2.9%  variant:abilities.effects[]#modifyCooldown
2026-09-09T17:17:38.5136318Z             17/593     2.9%  variant:abilities.effects[]#shield
2026-09-09T17:17:38.5137042Z             18/593     3.0%  variant:abilities.effects[]#dash
2026-09-09T17:17:38.5137832Z             21/593     3.5%  variant:abilities.effects[]#invulnerable
2026-09-09T17:17:38.5138525Z             22/593     3.7%  variant:abilities.effects[]#dispel
2026-09-09T17:17:38.5139322Z             23/593     3.9%  variant:abilities.effects[]#spawnProjectile
2026-09-09T17:17:38.5140003Z             24/593     4.0%  variant:abilities.effects[]#blink
2026-09-09T17:17:38.5140659Z             26/629     4.1%  variant:vfx#vfx@1.emitter#ring
2026-09-09T17:17:38.5141350Z             27/593     4.6%  variant:abilities.effects[]#knockback
2026-09-09T17:17:38.5142284Z             28/593     4.7%  variant:abilities.effects[]#dot
2026-09-09T17:17:38.5143071Z             28/593     4.7%  variant:abilities.effects[]#screenShake
2026-09-09T17:17:38.5143856Z             33/593     5.6%  variant:abilities.effects[]#championForm
2026-09-09T17:17:38.5144582Z             39/593     6.6%  variant:abilities.effects[]#restore
2026-09-09T17:17:38.5145299Z             40/593     6.7%  variant:abilities.effects[]#damageLine
2026-09-09T17:17:38.5146250Z             50/593     8.4%  variant:abilities.effects[]#delayed
2026-09-09T17:17:38.5146761Z             67/702     9.5%  variant:vfx#ribbon@1
2026-09-09T17:17:38.5147456Z             87/593    14.7%  variant:abilities.effects[]#spawnVfx
2026-09-09T17:17:38.5148213Z             90/593    15.2%  variant:abilities.effects[]#spawnModelFx
2026-09-09T17:17:38.5148964Z             92/593    15.5%  variant:abilities.effects[]#damageArea
2026-09-09T17:17:38.5149635Z            115/629    18.3%  variant:vfx#vfx@1.emitter#sphere
2026-09-09T17:17:38.5150367Z            163/593    27.5%  variant:abilities.effects[]#applyStatus
2026-09-09T17:17:38.5151093Z            184/593    31.0%  variant:abilities.effects[]#applyBuff
2026-09-09T17:17:38.5151764Z            258/593    43.5%  variant:abilities.effects[]#damage
2026-09-09T17:17:38.5175875Z            481/629    76.5%  variant:vfx#vfx@1.emitter#cone
2026-09-09T17:17:38.5176870Z            629/702    89.6%  variant:vfx#vfx@1
2026-09-09T17:17:38.5176912Z 
2026-09-09T17:17:38.5177749Z   ── tag (9 reachable, 1 at ZERO) ──
2026-09-09T17:17:38.5178274Z     ZERO     0/71      0.0%  tag:weaponClass=gun
2026-09-09T17:17:38.5178832Z              4/71      5.6%  tag:weaponClass=bow
2026-09-09T17:17:38.5179470Z              4/71      5.6%  tag:weaponClass=greatsword
2026-09-09T17:17:38.5180070Z              4/71      5.6%  tag:weaponClass=thrown
2026-09-09T17:17:38.5180655Z              5/71      7.0%  tag:weaponClass=claw
2026-09-09T17:17:38.5181199Z             12/71     16.9%  tag:weaponClass=fist
2026-09-09T17:17:38.5181764Z             12/71     16.9%  tag:weaponClass=sword
2026-09-09T17:17:38.5182596Z             13/71     18.3%  tag:weaponClass=katana
2026-09-09T17:17:38.5183078Z             17/71     23.9%  tag:weaponClass=magic
2026-09-09T17:17:38.5183097Z 
2026-09-09T17:17:38.5183107Z 
2026-09-09T17:17:38.5183845Z   ══════════════════════════════════════════════════════════════════════════
2026-09-09T17:17:38.5184699Z   KNOWN DEAD MECHANISMS — 57 registered features that never happen in a match.
2026-09-09T17:17:38.5185385Z   These are ACCEPTED FAILURES, not passing checks. They print every run on purpose.
2026-09-09T17:17:38.5186141Z   ══════════════════════════════════════════════════════════════════════════
2026-09-09T17:17:38.5186844Z    • field:abilities.effects[]#applyBuff.modifiers[].fromResource
2026-09-09T17:17:38.5191867Z      同一個欄位落在共用的 zStatModifierFields 上,所以普查會在道具與技能 applyBuff 兩個節點各看到一次。道具那一側**已經採用**(光魔杖 godie-i027 就是它存在的理由);技能這一側是零,而且零是誠實的 —— 樹上還沒有任何一個 buff 想要一條會隨資源縮水的屬性項。分開兩份 schema 只為了讓其中一邊閉嘴,會讓「percentOf 一定要有來源」這條規則變成兩份(見 schema/common.ts 檔頭對這一點的警告)。機制在 sim/stats/resourceStats.ts。 ⚠️ ⭐ 2026-09-01 改判 `landing` → `debt`（30 天到期，閘要求「⛔ 一個新欄位不可以永遠是新的」）：⭐ 這三格的零**不是一次沒做完的遷移**，是「**這一側今天沒有客戶**」——而道具那一側**早就採用了**（機制因此不在零）。⛔ 把它們留在 `landing` 等於承諾一個**沒有人在做**的遷移，⭐ 而 `debt` 是誠實的那個字。
2026-09-09T17:17:38.5192765Z    • field:abilities.effects[]#applyBuff.block
2026-09-09T17:17:38.5197187Z      ⛔ 2026-09-09 —— `landing` 的 30 天寬限**到期了**（filed 2026-08-09，31 天）。⭐ 到期本身就是答案：一個月過去，內容遷移沒有發生 ⇒ 誠實的狀態是 `debt`，⛔ 不是再展延一次 —— 那會讓這一格永遠是 `landing`，而 `landing` 的用途正好相反。⭐ `debt` 讓它**每一次執行都印在橫幅上**，⛔ 而不是被一個到期的寬限藏起來。⚠️ 這一批 24 筆同一天報備、同一天到期；13 筆是**條件葉**家族 —— 它們的第一份採用者會是**外部編輯器產出的內容**，而社群英雄那條路今天還沒進出貨名單。
2026-09-09T17:17:38.5197576Z 
2026-09-09T17:17:38.5198248Z ── ⭐ 以下是原本的理由，⛔ 一個字都沒有刪（第一·五守則：另存，⛔ 不是壓縮取代）──
2026-09-09T17:17:38.5200190Z 引擎側已通:限時來源現在授予得起格擋,所以「接下來 5 秒內格擋」與「主動技能給格擋」兩個授權格一起補上了(⛔ 不開新的 effect kind —— 那會變成第二套格擋)。到期走這份 buff 自己的 expiresAtTick,blockCutFor 本來就在跳過過期的 source。零採用是內容決定:owner 手寫的 90 支技能還沒寫進 content/abilities/。
2026-09-09T17:17:38.5200690Z    • field:abilities.effects[]#applyBuff.critStrike
2026-09-09T17:17:38.5203937Z      ⛔ 2026-09-09 —— `landing` 的 30 天寬限**到期了**（filed 2026-08-09，31 天）。⭐ 到期本身就是答案：一個月過去，內容遷移沒有發生 ⇒ 誠實的狀態是 `debt`，⛔ 不是再展延一次 —— 那會讓這一格永遠是 `landing`，而 `landing` 的用途正好相反。⭐ `debt` 讓它**每一次執行都印在橫幅上**，⛔ 而不是被一個到期的寬限藏起來。⚠️ 這一批 24 筆同一天報備、同一天到期；13 筆是**條件葉**家族 —— 它們的第一份採用者會是**外部編輯器產出的內容**，而社群英雄那條路今天還沒進出貨名單。
2026-09-09T17:17:38.5204307Z 
2026-09-09T17:17:38.5204876Z ── ⭐ 以下是原本的理由，⛔ 一個字都沒有刪（第一·五守則：另存，⛔ 不是壓縮取代）──
2026-09-09T17:17:38.5205684Z 同上,暴擊那一半:「這支大招期間 20% 機率 3 倍」在此之前完全沒有形狀。rankedGrants 本來就在跳過過期的 source,所以限時不需要第二個時鐘。
2026-09-09T17:17:38.5206110Z    • field:augments.critStrike
2026-09-09T17:17:38.5209146Z      ⛔ 2026-09-09 —— `landing` 的 30 天寬限**到期了**（filed 2026-08-09，31 天）。⭐ 到期本身就是答案：一個月過去，內容遷移沒有發生 ⇒ 誠實的狀態是 `debt`，⛔ 不是再展延一次 —— 那會讓這一格永遠是 `landing`，而 `landing` 的用途正好相反。⭐ `debt` 讓它**每一次執行都印在橫幅上**，⛔ 而不是被一個到期的寬限藏起來。⚠️ 這一批 24 筆同一天報備、同一天到期；13 筆是**條件葉**家族 —— 它們的第一份採用者會是**外部編輯器產出的內容**，而社群英雄那條路今天還沒進出貨名單。
2026-09-09T17:17:38.5209178Z 
2026-09-09T17:17:38.5209725Z ── ⭐ 以下是原本的理由，⛔ 一個字都沒有刪（第一·五守則：另存，⛔ 不是壓縮取代）──
2026-09-09T17:17:38.5211271Z 引擎側已通。⭐ 這一格是 critRules.stackMode:"multiply"(owner 2026-08-09)的理由指向的東西:那條規則存在就是為了「玩家的第二張暴擊卡不可以是廢牌」,而在這一格之前一張卡根本沒有辦法**成為**第二條獨立的暴擊來源(只能加聚合屬性)。零採用是內容決定,不是機制缺席。
2026-09-09T17:17:38.5211804Z    • field:abilities.effects[]#shield.stackKey
2026-09-09T17:17:38.5215111Z      ⛔ 2026-09-09 —— `landing` 的 30 天寬限**到期了**（filed 2026-08-09，31 天）。⭐ 到期本身就是答案：一個月過去，內容遷移沒有發生 ⇒ 誠實的狀態是 `debt`，⛔ 不是再展延一次 —— 那會讓這一格永遠是 `landing`，而 `landing` 的用途正好相反。⭐ `debt` 讓它**每一次執行都印在橫幅上**，⛔ 而不是被一個到期的寬限藏起來。⚠️ 這一批 24 筆同一天報備、同一天到期；13 筆是**條件葉**家族 —— 它們的第一份採用者會是**外部編輯器產出的內容**，而社群英雄那條路今天還沒進出貨名單。
2026-09-09T17:17:38.5215407Z 
2026-09-09T17:17:38.5215939Z ── ⭐ 以下是原本的理由，⛔ 一個字都沒有刪（第一·五守則：另存，⛔ 不是壓縮取代）──
2026-09-09T17:17:38.5217170Z S1 —— 59-03 的文案明寫「[護盾]不會疊加」,而實測連放兩次拿到**兩片各 300 點**的獨立池子:卡片說不疊、遊戲裡疊,而兩片盾在畫面上跟一片厚的長得一樣。缺席 = 每次都是新的一片 = 2026-08-09 之前的行為,所以既有 20 份文件逐字不變。
2026-09-09T17:17:38.5217730Z    • field:abilities.effects[]#shield.onExisting
2026-09-09T17:17:38.5220693Z      ⛔ 2026-09-09 —— `landing` 的 30 天寬限**到期了**（filed 2026-08-09，31 天）。⭐ 到期本身就是答案：一個月過去，內容遷移沒有發生 ⇒ 誠實的狀態是 `debt`，⛔ 不是再展延一次 —— 那會讓這一格永遠是 `landing`，而 `landing` 的用途正好相反。⭐ `debt` 讓它**每一次執行都印在橫幅上**，⛔ 而不是被一個到期的寬限藏起來。⚠️ 這一批 24 筆同一天報備、同一天到期；13 筆是**條件葉**家族 —— 它們的第一份採用者會是**外部編輯器產出的內容**，而社群英雄那條路今天還沒進出貨名單。
2026-09-09T17:17:38.5220725Z 
2026-09-09T17:17:38.5221562Z ── ⭐ 以下是原本的理由，⛔ 一個字都沒有刪（第一·五守則：另存，⛔ 不是壓縮取代）──
2026-09-09T17:17:38.5223139Z 同上的另一半(replace/keepLarger/stack)。⛔ 兩格要一起填 —— 只填 onExisting 會被 refineEffectDef 擋下並指名那一格,免得它變成一個永遠不會被讀到的欄位。
2026-09-09T17:17:38.5223633Z    • field:champions.abilities.*.augment
2026-09-09T17:17:38.5226920Z      同上,而且是**鏡像側**:同步方向永遠 standalone→embedded,所以它結構上不可能早於 field:abilities.augment 有採用。兩格要一起刪。 ⚠️ ⭐ 2026-09-08 改判 `landing` → `debt`（30 天到期，閘要求「⛔ 一個新欄位不可以永遠是新的」）：⭐ 這一格的零是**結構性的**（鏡射方向永遠 standalone→embedded，而內嵌側只放 Q/W/E/R）⇒ ⛔ 它**不會**因為時間過去就被採用，`landing` 是一句到期的承諾。⭐ `debt` 是誠實的字：它每一輪都出現在橫幅上，⛔ 而不是假裝有一次遷移正在進行。
2026-09-09T17:17:38.5227546Z    • field:abilities.effects[]#applyBuff.attributes
2026-09-09T17:17:38.5230512Z      ⛔ 2026-09-09 —— `landing` 的 30 天寬限**到期了**（filed 2026-08-09，31 天）。⭐ 到期本身就是答案：一個月過去，內容遷移沒有發生 ⇒ 誠實的狀態是 `debt`，⛔ 不是再展延一次 —— 那會讓這一格永遠是 `landing`，而 `landing` 的用途正好相反。⭐ `debt` 讓它**每一次執行都印在橫幅上**，⛔ 而不是被一個到期的寬限藏起來。⚠️ 這一批 24 筆同一天報備、同一天到期；13 筆是**條件葉**家族 —— 它們的第一份採用者會是**外部編輯器產出的內容**，而社群英雄那條路今天還沒進出貨名單。
2026-09-09T17:17:38.5230542Z 
2026-09-09T17:17:38.5231150Z ── ⭐ 以下是原本的理由，⛔ 一個字都沒有刪（第一·五守則：另存，⛔ 不是壓縮取代）──
2026-09-09T17:17:38.5232634Z 限時三圍（「這支大招期間力量 +30」）。以前只有道具授予得起，所以這句話在編輯器上沒有形狀。到期走這份 buff 自己的 expiresAtTick（`sourceAttrGrants` 已經在跳過過期來源），沒有第二個時鐘。
2026-09-09T17:17:38.5233304Z    • field:abilities.passive.ranks[].damageTypeOverride
2026-09-09T17:17:38.5236295Z      ⛔ 2026-09-09 —— `landing` 的 30 天寬限**到期了**（filed 2026-08-09，31 天）。⭐ 到期本身就是答案：一個月過去，內容遷移沒有發生 ⇒ 誠實的狀態是 `debt`，⛔ 不是再展延一次 —— 那會讓這一格永遠是 `landing`，而 `landing` 的用途正好相反。⭐ `debt` 讓它**每一次執行都印在橫幅上**，⛔ 而不是被一個到期的寬限藏起來。⚠️ 這一批 24 筆同一天報備、同一天到期；13 筆是**條件葉**家族 —— 它們的第一份採用者會是**外部編輯器產出的內容**，而社群英雄那條路今天還沒進出貨名單。
2026-09-09T17:17:38.5236327Z 
2026-09-09T17:17:38.5236866Z ── ⭐ 以下是原本的理由，⛔ 一個字都沒有刪（第一·五守則：另存，⛔ 不是壓縮取代）──
2026-09-09T17:17:38.5237545Z 天生技授予傷害型別轉換（「這位英雄的普攻無視防禦」在此之前只能靠一件裝備）。與道具同一格、同一個解析器、同一組 scope 語意。
2026-09-09T17:17:38.5237961Z    • field:augments.attributes
2026-09-09T17:17:38.5241081Z      ⛔ 2026-09-09 —— `landing` 的 30 天寬限**到期了**（filed 2026-08-09，31 天）。⭐ 到期本身就是答案：一個月過去，內容遷移沒有發生 ⇒ 誠實的狀態是 `debt`，⛔ 不是再展延一次 —— 那會讓這一格永遠是 `landing`，而 `landing` 的用途正好相反。⭐ `debt` 讓它**每一次執行都印在橫幅上**，⛔ 而不是被一個到期的寬限藏起來。⚠️ 這一批 24 筆同一天報備、同一天到期；13 筆是**條件葉**家族 —— 它們的第一份採用者會是**外部編輯器產出的內容**，而社群英雄那條路今天還沒進出貨名單。
2026-09-09T17:17:38.5241303Z 
2026-09-09T17:17:38.5241839Z ── ⭐ 以下是原本的理由，⛔ 一個字都沒有刪（第一·五守則：另存，⛔ 不是壓縮取代）──
2026-09-09T17:17:38.5243525Z 三選一增益卡授予三圍。⚠️ 與 #260 的「能力屬性強化」**不是**同一條路：那張卡走 `ChampionComp.attrBonus`（永久累加），這一格騎在 source 上（卡片被移除就跟著消失），兩者由 `sourceAttrGrants` 折在同一個地方，下游分不出來。
2026-09-09T17:17:38.5244017Z    • field:champions.abilities.*.marks
2026-09-09T17:17:38.5251050Z      具名標記（十二道試煉／風王結界／縮地）剛上架。standalone 那一半已經有使用者（`abilities.marks` = 1/696，`godie-hapm.passive`），紅的是 **champion 文件裡的內嵌鏡像**。⚠️ 這一格的零採用是**結構性的、預期永遠成立的**，不是「還沒有人用」：champion doc 的 `abilities` 只內嵌 Q/W/E/R，PASSIVE 與 EX 走 `passiveAbility`/`exAbility` 兩個字串參照（見 `content/champions/godie-hapm.json`）。而標記天生屬於天生技那一族 —— 它是「這個英雄整場帶著的東西」。所以要讓這一格自然變綠，需要的是一支把標記掛在 Q/W/E/R 上的技能（完全合法，例如「Q 命中累積層數，滿 5 層強化 R」），而不是把十二道試煉搬進鏡像。⛔ 若三十天後仍是 0，正確的處置是問「Q/W/E/R 標記到底該不該存在」，不是延長這筆豁免。 ⚠️ ⭐ 2026-09-08 改判 `landing` → `debt`（30 天到期，閘要求「⛔ 一個新欄位不可以永遠是新的」）：⭐ 這一格的零是**結構性的**（鏡射方向永遠 standalone→embedded，而內嵌側只放 Q/W/E/R）⇒ ⛔ 它**不會**因為時間過去就被採用，`landing` 是一句到期的承諾。⭐ `debt` 是誠實的字：它每一輪都出現在橫幅上，⛔ 而不是假裝有一次遷移正在進行。
2026-09-09T17:17:38.5251571Z    • field:items.auras[].lingerSec
2026-09-09T17:17:38.5255071Z      WC3's aura buff-tail. There is NO number to port — `Dur`/`HeroDur` is 0 on all 32 stock aura rows (see zAuraDef.lingerSec), so an authored value is a design choice or the anti-flicker knob. The three item auras shipped today are all pure in/out, which is the intended resting state.
2026-09-09T17:17:38.5255722Z    • field:abilities.passive.ranks[].auras[].lingerSec
2026-09-09T17:17:38.5259264Z      MEASURED, there is no number to port: `Dur1`/`HeroDur1` is 0 on all 32 stock aura rows AND on both imported auras (`A0GM`, `A0ID`). WC3's tail is ENGINE behaviour; authoring one would be inventing content. If we ever want it, it is uniform across every aura and belongs in a 後台-tunable default, not per-doc.
2026-09-09T17:17:38.5259923Z    • enum:abilities.passive.ranks[].auras[].affects=all
2026-09-09T17:17:38.5264523Z      A DECISION, not a migration. No teamless unit can receive an aura under any value of `affects` (`world.stats.set` is called only in spawnChampion.ts / auraCarrier.ts), and 0 of the 86 aura-derived map abilities target friend and enemy together. Either author the first friend-and-foe aura or DELETE the member together with `AuraAffects` and the `affects === "all"` early-return in `affectsTarget`.
2026-09-09T17:17:38.5265180Z    • enum:abilities.effects[]#invulnerable.applyTo=target
2026-09-09T17:17:38.5270664Z      Has REAL JASS provenance — war3map.j:51731 (52-02 蹂躪編年史) and :52065 (52-002 射殺百頭) both add 'Avul' to the spell TARGET — plus the AoE form 29-03 有功夫無懦夫「統統進入無敵狀態」. Not bound yet because in the source the victim's Avul is a mechanic shield removed (:51835) before the ability's own damage lands; porting it literally would make the skill refuse its own damage. Needs an owner decision (fidelity vs. the simpler self-window), which is why the 30-day clock is the right pressure here.
2026-09-09T17:17:38.5271452Z    • enum:abilities.effects[]#invulnerable.blocksDamage=physical
2026-09-09T17:17:38.5273731Z      No 物理免疫-only ability is known in this map; the enum member exists for symmetry. If this is still empty when the grace expires, the honest outcome is `debt` or removing the member.
2026-09-09T17:17:38.5274297Z    • enum:abilities.effects[]#championForm.to=base
2026-09-09T17:17:38.5280754Z      `to: "base"` is a MANUAL cancel — 'drop the form now, before it expires'. No w3x ability asks for one: all 26 metamorphoses either time out on `ahdu` or are toggles, and the automatic reverts (expiry, death, combat end) go through `revertToBaseForm` in ChampionFormSystem, not through an authored effect. It is exercised by championFormContent.test.ts on all 26 pairs, so the direction works; what is missing is a DESIGN decision that some hero should be able to cancel early. Resolve by authoring it on that hero, or reclassify to "runtime-authored" once the owner rules that no hero ever will.
2026-09-09T17:17:38.5281305Z    • enum:abilities.effects[]#shield.absorbs=physical
2026-09-09T17:17:38.5288275Z      the sim honours it (sim/effects/shieldAbsorb.test.ts drives a real step for every member) but NO shipped doc is a physical-only barrier: the map's three shield spells are 破法對咒 (magic, now authored), 守護之光 「阻擋任何傷害」 and 機警 「可抵擋90%傷害」, both genuinely all-type. The member exists because the enum mirrors `DamageType` — the seam's stated reason (sim/effects/effect.ts) — not because content asked. Kept `debt` rather than `landing` so it stays in the banner instead of expiring into silence; delete this entry when a physical-only barrier is imported, or narrow the enum to `"all" | "magic"` if owner rules none ever will be.
2026-09-09T17:17:38.5288861Z    • enum:abilities.effects[]#shield.absorbs=true
2026-09-09T17:17:38.5291873Z      same story as the physical member, one step further: a true-damage-absorbing pool would also eat the arena fire ring (#270 made the burn true damage), which is a balance decision nobody has made. Live in the sim, unused by content, deliberately visible here until it is either authored or removed.
2026-09-09T17:17:38.5292990Z    • field:models.voxel
2026-09-09T17:17:38.5303018Z      task #229's 鑄形工坊 studio authors this block and task #226's `pnpm voxel:gen` consumes it; the field is the seam BETWEEN the two, so it lands with the schema and is populated when the first generated model doc is written (the studio's own save, or #226's five archetype docs). Zero adoption today is correct — no generated model exists yet — and NOT permanent: `packages/shared/src/voxel/doc.test.ts` proves a populated doc validates, so the only thing missing is a saved character. Delete this entry the moment one lands. ⚠️ 2026-08-26: re-filed from `landing` to `debt` — the 30-day grace expired and no generated model doc has been written since 2026-07-26. Nothing about the seam changed; what changed is the honesty of the label: `landing` promised imminent adoption and that promise is a month old. `debt` keeps it visible in the banner every run instead of expiring into silence.
2026-09-09T17:17:38.5303538Z    • field:champions.baseAttackTime
2026-09-09T17:17:38.5306064Z      task #144 (per-champion w3x movement/attack speed) is still pending, so all 113 champions use BasicAttackSystem.ts:173's `?? 1.0` and every hero attacks at the same base cadence — the w3x per-hero values were never imported.
2026-09-09T17:17:38.5306630Z    • field:items.passive[].damageType
2026-09-09T17:17:38.5309003Z      ⏳ 2026-09-05 —— landing 到期（31 天）⇒ 誠實改成 debt。⭐ 遷移沒有發生，而**理由沒有變**：天堂之劍仍然是這一格最接近的第一個採用者，卡住它的與 `damageCrit` 是同一件事（缺「治療觸發這一發的 X%」原語）。⛔ 不再續一次 landing —— 那會讓寬限變成一個可以無限展期的東西，而它存在的意義正好相反。（原文）同上,道具那一面的同一格。天堂之劍正是一件道具,所以它會是這一格的第一個採用者。
2026-09-09T17:17:38.5309481Z    • field:items.passive[].damageCrit
2026-09-09T17:17:38.5317464Z      ⏳ 2026-09-05 —— landing 到期（31 天）⇒ 誠實改成 debt。⭐ 缺的原語仍然是「治療觸發這一發的 X%」（`heal` 只吃 zScaling，對稱的 `damage.incoming` 那一半還沒有）。⛔ 不續 landing。（原文）道具那一面的【暴擊時】。這四格裡它是最接近被採用的一格 —— 天堂之劍 godie-i01n 是一件道具,它的文案「暴擊時吸血回復100%傷害」就是這一格的第一個消費者,卡住它的是缺一個「治療觸發這一發的 X%」原語(`heal` 只吃 zScaling,對稱的 `damage.incomingPct` 是傷害不是治療)。
2026-09-09T17:17:38.5317976Z    • enum:items.craftRole=direct
2026-09-09T17:17:38.5320473Z      extract_item_roles.py recovers 7 roles from the map triggers and assigned `direct` to nothing across 214 items. Either the extractor never emits it (a recovery gap worth checking against the JASS) or the role is redundant and should leave the enum.
2026-09-09T17:17:38.5321077Z    • field:abilities.template|0.cards[].version
2026-09-09T17:17:38.5325157Z      the §5 breaking-migration hook. zAbilityTemplateCard accepts it, but NOTHING reads it — normalizeTemplateBinding/expandStack never branch on a card version, so a doc that set it would be inert (the same shape as the onLevelUp hook above). Resolve by implementing version-aware re-expansion or by deleting the member — do not 'adopt' it.
2026-09-09T17:17:38.5325632Z    • variant:abilities.effects[]#evasion
2026-09-09T17:17:38.5334657Z      GH#289 lane P5 landed the MECHANISM (sim/effects/evasion.ts + the DECISION-5 ability channel in combat/evasion.ts); the content half is a separate lane and content/ is a single-threaded domain this session. NOT 'nobody needs it' — the source map has named abilities waiting: the timed-dodge shape is 12-00 感應意脈 (+20% 迴避), 74-00 JENOVA (15%), 92-00 憂鬱的眼神 (18%). Note the STAT half is already adopted (13 content files author `stat: evasion` on 3 champion docs, 8 ability docs and the phantom-step augment), so what is unadopted is specifically the TIMED-GRANT effect variant, not the evasion axis. Resolve by porting one of those three onto an `evasion` effect with an explicit durationSec; the 30-day expiry is the reminder, because 'the primitive landed, the content did not' is exactly the S8 this census exists to catch.
2026-09-09T17:17:38.5335407Z    • enum:abilities.effects[]#applyBuff.condition|0|1|0.op=!=
2026-09-09T17:17:38.5337775Z      比較運算子,鑄技工坊 ConditionEditor 的下拉選單成員之一(apps/editor/src/forge/ConditionEditor.tsx)。出貨的條件卡都是門檻式(`<=` / `>`),沒有一張需要相等比較。第一個自然的採用者是「等級剛好 N」或「層數 == 上限」這種整數比較 —— 目前沒有這種卡。若 30 天後仍是 0,誠實的結論是這兩個成員該從 zCondition 拿掉,而不是硬編一張卡去餵它。
2026-09-09T17:17:38.5338710Z    • enum:abilities.effects[]#applyBuff.condition|0|1|0.op===
2026-09-09T17:17:38.5339346Z      同上。相等比較在整數軸(level / 層數)才有意義,而條件目前唯一被授權的整數軸是 level,還沒有卡用它。
2026-09-09T17:17:38.5340091Z    • enum:abilities.effects[]#applyBuff.condition|0|1|1.stat=agi
2026-09-09T17:17:38.5340904Z      同 stat=ad。三圍軸(str/agi/int)在 #248 之後才真的活起來(三圍→AD/攻速/AP),條件讀它是下一步而不是這一步。
2026-09-09T17:17:38.5341599Z    • enum:abilities.effects[]#applyBuff.condition|0|1|1.stat=armor
2026-09-09T17:17:38.5343456Z      條件的防禦軸。同一條 `stat` 分支,已由 hp 證明會動。防禦門檻的自然客戶是穿透類:「對防禦高於 N 的目標改走真實傷害」—— 這正是 owner 2026-07-30 講的「>=< 某個常數或某個數值條件」在坦克向上的讀法,所以是 landing 不是 debt。
2026-09-09T17:17:38.5344251Z    • enum:abilities.effects[]#applyBuff.condition|0|1|1.stat=attackSpeed
2026-09-09T17:17:38.5345192Z      條件的攻速軸。同一條 `stat` 分支。自然客戶是攻速流的「攻速達上限後把溢出換成傷害」—— 要等 #286(攻速解鎖上限 10.0)落地才有意義,所以它排在那張票後面。
2026-09-09T17:17:38.5346226Z    • enum:abilities.effects[]#applyBuff.condition|0|1|1.stat=int
2026-09-09T17:17:38.5347315Z      條件的智力軸。三圍(str/agi/int)在 #248 之後才真的活起來(三圍→AD/攻速/AP),而條件讀三圍是再下一步:今天所有「智力達 X」的敘述都寫在描述文字裡,沒有一支變成可判定的門檻。
2026-09-09T17:17:38.5348046Z    • enum:abilities.effects[]#applyBuff.condition|0|1|1.stat=magicResist
2026-09-09T17:17:38.5348783Z      條件的魔抗軸。同 armor,兩者在 w3x 的敘述裡幾乎總是成對出現(「防禦或魔抗高於 N」),所以它們會同時被採用或同時留在 0。
2026-09-09T17:17:38.5349473Z    • enum:abilities.effects[]#applyBuff.condition|0|1|1.stat=moveSpeed
2026-09-09T17:17:38.5350257Z      條件的移速軸。同一條 `stat` 分支。自然客戶是追擊類的「目標移速低於 N 時追加傷害」(配合減速),w3x 有這個家族但今天都只做了減速那一半。
2026-09-09T17:17:38.5350871Z    • enum:abilities.effects[]#applyBuff.condition|0|1|1.stat=str
2026-09-09T17:17:38.5351661Z      條件的力量軸。同 int:三圍在 #248 之後才活,而條件讀三圍還沒有任何一張卡。力量門檻的自然客戶是「力量高於 N 時擊退距離加倍」這種近戰卡。
2026-09-09T17:17:38.5352588Z    • enum:abilities.effects[]#applyBuff.hooks[].damageSource=nonBasic
2026-09-09T17:17:38.5356833Z      「只吃**非**普攻的那一發」。`"basic"` 出貨當天就有客戶(反射之盾 godie-i03m 的「反彈普通攻擊傷害 200%」),反向的還沒有。自然的第一個客戶是 w3x 的**法術**反傷/吸收家族(魔法護盾一類:普攻照打、技能才反彈),GGD 今天把那一族全部做成 `shield` 或 `invulnerable.blocksDamage`,沒有一支走 onDamageTaken 的封包過濾。30 天後仍為 0 的話,要問的是「那一族該不該改用這條路」,不是把這一條續期。 ⚠️ ⭐ 2026-09-01 改判 `landing` → `debt`（30 天到期，閘要求「⛔ 一個新欄位不可以永遠是新的」）：⭐ 這三格的零**不是一次沒做完的遷移**，是「**這一側今天沒有客戶**」——而道具那一側**早就採用了**（機制因此不在零）。⛔ 把它們留在 `landing` 等於承諾一個**沒有人在做**的遷移，⭐ 而 `debt` 是誠實的那個字。
2026-09-09T17:17:38.5357381Z    • enum:abilities.passive.ranks[].whileForm=base
2026-09-09T17:17:38.5358692Z      「只有本體形態才生效」的天生技。第三個成員裡唯一沒有客戶的一個:出貨的變身天生技都是「變身後才有」(alternate),還沒有一支是「變身後就失去」。w3x 裡這種存在(本體的被動在 Emeu 那半邊沒有被登記),所以這是待補的內容不是多餘的成員。
2026-09-09T17:17:38.5359120Z    • field:champions.healthRegenPctOfMax
2026-09-09T17:17:38.5363057Z      8/1 做的「每秒回最大生命的 N%」機制還活著、還可調、還有行為守衛(`sim/berserkerPctRegen.test.ts` 用手寫夾具跑真世界),但 8/2 之後**沒有任何一位出貨英雄填它**。留著而不是刪掉是刻意的:owner 在 24 小時內把這件事翻過一次面,下一次翻回來時它必須是「英雄卡上填一個數字」,不是一次 schema 改動 + rebuild + 部署(CLAUDE.md 第一守則)。⚠️ 這條豁免說的是「今天 0 筆是對的」,不是「這個機制不用測」——`berserkerPctRegen.test.ts` 另有一條掃全 119 份英雄卡的守衛釘住「真的沒有人填」,所以第一位採用者出現的那一天,那一條會紅,而**這條豁免就該被刪掉**。
2026-09-09T17:17:38.5363840Z    • field:abilities.effects[]#applyStatus.breakOnDamage
2026-09-09T17:17:38.5367090Z      ⏳ 2026-09-05 —— landing 到期（31 天）⇒ 誠實改成 debt。⭐ 機制與守衛都在（`sim/statusBreak.ts` ＋ 跑真傷害管線的測試），零採用是因為**樹上今天沒有任何一支睡眠系技能** —— 那是內容的事實，⛔ 不是機制的缺口。（原文）C4【睡眠】的閘 ——「受傷即提早解除**這一筆**」。引擎在 `sim/statusBreak.ts`,呼叫點在 `combat/damage.ts` 的傷害落地處,守衛 `sim/statusBreak.test.ts` 跑真的傷害管線。零採用是因為樹上今天沒有任何一支技能是睡眠系 —— 那是一個內容決定。第一支睡眠技能上架的那天,這條豁免就該被刪掉。
2026-09-09T17:17:38.5367730Z    • field:abilities.effects[]#applyStatus.breakOnDamageMin
2026-09-09T17:17:38.5370241Z      ⏳ 2026-09-05 —— landing 到期（31 天）⇒ 誠實改成 debt。⭐ 與 `breakOnDamage` 同一批；省略 = 0 = WC3 沉睡的語意，所以**零採用正是它該有的樣子**。（原文）睡眠的打醒門檻。省略 = 0 = 任何傷害都醒(WC3 沉睡的語意),所以**零採用正是** 它該有的樣子。它存在的理由是第 3 回合之後場上到處是 DoT:一個「被燃燒每 tick 3 點打醒」的睡眠等於沒有睡眠,而那是設計決定不是常數。與 `breakOnDamage` 同一批。
2026-09-09T17:17:38.5370923Z    • enum:abilities.effects[]#applyBuff.hooks[].on=onGuardianDown
2026-09-09T17:17:38.5373682Z      ⏳ 2026-09-06 —— landing 到期（31 天）⇒ 誠實改成 debt（閘要求「一個新欄位不可以永遠是新的」）。⭐ 這一側今天沒有內容客戶：沒有任何一支技能在守衛塔倒下時要觸發什麼，⛔ 不是一次沒做完的遷移。守衛塔倒下(世界廣播)。⚠️ 打倒守衛塔**不發 `onKill`**(獎勵由 GuardianSystem 自己付),所以在這個成員之前,「塔倒了」在內容側完全接不到。⭐ 它同時是 GH#263(拆塔即勝)的掛載點。
2026-09-09T17:17:38.5374337Z    • field:abilities.effects[]#championForm.condition
2026-09-09T17:17:38.5377290Z      ⛔ 2026-09-09 —— `landing` 的 30 天寬限**到期了**（filed 2026-08-09，31 天）。⭐ 到期本身就是答案：一個月過去，內容遷移沒有發生 ⇒ 誠實的狀態是 `debt`，⛔ 不是再展延一次 —— 那會讓這一格永遠是 `landing`，而 `landing` 的用途正好相反。⭐ `debt` 讓它**每一次執行都印在橫幅上**，⛔ 而不是被一個到期的寬限藏起來。⚠️ 這一批 24 筆同一天報備、同一天到期；13 筆是**條件葉**家族 —— 它們的第一份採用者會是**外部編輯器產出的內容**，而社群英雄那條路今天還沒進出貨名單。
2026-09-09T17:17:38.5377325Z 
2026-09-09T17:17:38.5377874Z ── ⭐ 以下是原本的理由，⛔ 一個字都沒有刪（第一·五守則：另存，⛔ 不是壓縮取代）──
2026-09-09T17:17:38.5379741Z 效果上的觸發條件（owner 2026-08-09 裁決，GH#300）。共用 EFFECT_COMMON_SHAPE 的**同一格**，普查在 19 個 kind 節點各看到一次；型別/求值器/葉子與 hook 上的那一格逐字相同。零採用＝owner 手動重製中的 90 支技能還沒進 content/abilities/，⛔ 不是機制缺席。⚠️ 求值端（逐一過濾目標）由 lane A 接。
2026-09-09T17:17:38.5380321Z    • field:abilities.effects[]#damageLine.condition
2026-09-09T17:17:38.5383775Z      ⛔ 2026-09-09 —— `landing` 的 30 天寬限**到期了**（filed 2026-08-09，31 天）。⭐ 到期本身就是答案：一個月過去，內容遷移沒有發生 ⇒ 誠實的狀態是 `debt`，⛔ 不是再展延一次 —— 那會讓這一格永遠是 `landing`，而 `landing` 的用途正好相反。⭐ `debt` 讓它**每一次執行都印在橫幅上**，⛔ 而不是被一個到期的寬限藏起來。⚠️ 這一批 24 筆同一天報備、同一天到期；13 筆是**條件葉**家族 —— 它們的第一份採用者會是**外部編輯器產出的內容**，而社群英雄那條路今天還沒進出貨名單。
2026-09-09T17:17:38.5384001Z 
2026-09-09T17:17:38.5384571Z ── ⭐ 以下是原本的理由，⛔ 一個字都沒有刪（第一·五守則：另存，⛔ 不是壓縮取代）──
2026-09-09T17:17:38.5386443Z 效果上的觸發條件（owner 2026-08-09 裁決，GH#300）。共用 EFFECT_COMMON_SHAPE 的**同一格**，普查在 19 個 kind 節點各看到一次；型別/求值器/葉子與 hook 上的那一格逐字相同。零採用＝owner 手動重製中的 90 支技能還沒進 content/abilities/，⛔ 不是機制缺席。⚠️ 求值端（逐一過濾目標）由 lane A 接。
2026-09-09T17:17:38.5386971Z    • field:abilities.effects[]#dash.condition
2026-09-09T17:17:38.5389948Z      ⛔ 2026-09-09 —— `landing` 的 30 天寬限**到期了**（filed 2026-08-09，31 天）。⭐ 到期本身就是答案：一個月過去，內容遷移沒有發生 ⇒ 誠實的狀態是 `debt`，⛔ 不是再展延一次 —— 那會讓這一格永遠是 `landing`，而 `landing` 的用途正好相反。⭐ `debt` 讓它**每一次執行都印在橫幅上**，⛔ 而不是被一個到期的寬限藏起來。⚠️ 這一批 24 筆同一天報備、同一天到期；13 筆是**條件葉**家族 —— 它們的第一份採用者會是**外部編輯器產出的內容**，而社群英雄那條路今天還沒進出貨名單。
2026-09-09T17:17:38.5390025Z 
2026-09-09T17:17:38.5390548Z ── ⭐ 以下是原本的理由，⛔ 一個字都沒有刪（第一·五守則：另存，⛔ 不是壓縮取代）──
2026-09-09T17:17:38.5392813Z 效果上的觸發條件（owner 2026-08-09 裁決，GH#300）。共用 EFFECT_COMMON_SHAPE 的**同一格**，普查在 19 個 kind 節點各看到一次；型別/求值器/葉子與 hook 上的那一格逐字相同。零採用＝owner 手動重製中的 90 支技能還沒進 content/abilities/，⛔ 不是機制缺席。⚠️ 求值端（逐一過濾目標）由 lane A 接。
2026-09-09T17:17:38.5393448Z    • field:abilities.effects[]#grantAttribute.condition
2026-09-09T17:17:38.5396405Z      ⛔ 2026-09-09 —— `landing` 的 30 天寬限**到期了**（filed 2026-08-09，31 天）。⭐ 到期本身就是答案：一個月過去，內容遷移沒有發生 ⇒ 誠實的狀態是 `debt`，⛔ 不是再展延一次 —— 那會讓這一格永遠是 `landing`，而 `landing` 的用途正好相反。⭐ `debt` 讓它**每一次執行都印在橫幅上**，⛔ 而不是被一個到期的寬限藏起來。⚠️ 這一批 24 筆同一天報備、同一天到期；13 筆是**條件葉**家族 —— 它們的第一份採用者會是**外部編輯器產出的內容**，而社群英雄那條路今天還沒進出貨名單。
2026-09-09T17:17:38.5396442Z 
2026-09-09T17:17:38.5396987Z ── ⭐ 以下是原本的理由，⛔ 一個字都沒有刪（第一·五守則：另存，⛔ 不是壓縮取代）──
2026-09-09T17:17:38.5399189Z 效果上的觸發條件（owner 2026-08-09 裁決，GH#300）。共用 EFFECT_COMMON_SHAPE 的**同一格**，普查在 19 個 kind 節點各看到一次；型別/求值器/葉子與 hook 上的那一格逐字相同。零採用＝owner 手動重製中的 90 支技能還沒進 content/abilities/，⛔ 不是機制缺席。⚠️ 求值端（逐一過濾目標）由 lane A 接。
2026-09-09T17:17:38.5399888Z    • field:abilities.effects[]#heal.condition
2026-09-09T17:17:38.5402965Z      ⛔ 2026-09-09 —— `landing` 的 30 天寬限**到期了**（filed 2026-08-09，31 天）。⭐ 到期本身就是答案：一個月過去，內容遷移沒有發生 ⇒ 誠實的狀態是 `debt`，⛔ 不是再展延一次 —— 那會讓這一格永遠是 `landing`，而 `landing` 的用途正好相反。⭐ `debt` 讓它**每一次執行都印在橫幅上**，⛔ 而不是被一個到期的寬限藏起來。⚠️ 這一批 24 筆同一天報備、同一天到期；13 筆是**條件葉**家族 —— 它們的第一份採用者會是**外部編輯器產出的內容**，而社群英雄那條路今天還沒進出貨名單。
2026-09-09T17:17:38.5403004Z 
2026-09-09T17:17:38.5403510Z ── ⭐ 以下是原本的理由，⛔ 一個字都沒有刪（第一·五守則：另存，⛔ 不是壓縮取代）──
2026-09-09T17:17:38.5405359Z 效果上的觸發條件（owner 2026-08-09 裁決，GH#300）。共用 EFFECT_COMMON_SHAPE 的**同一格**，普查在 19 個 kind 節點各看到一次；型別/求值器/葉子與 hook 上的那一格逐字相同。零採用＝owner 手動重製中的 90 支技能還沒進 content/abilities/，⛔ 不是機制缺席。⚠️ 求值端（逐一過濾目標）由 lane A 接。
2026-09-09T17:17:38.5406015Z    • field:abilities.effects[]#invulnerable.condition
2026-09-09T17:17:38.5408965Z      ⛔ 2026-09-09 —— `landing` 的 30 天寬限**到期了**（filed 2026-08-09，31 天）。⭐ 到期本身就是答案：一個月過去，內容遷移沒有發生 ⇒ 誠實的狀態是 `debt`，⛔ 不是再展延一次 —— 那會讓這一格永遠是 `landing`，而 `landing` 的用途正好相反。⭐ `debt` 讓它**每一次執行都印在橫幅上**，⛔ 而不是被一個到期的寬限藏起來。⚠️ 這一批 24 筆同一天報備、同一天到期；13 筆是**條件葉**家族 —— 它們的第一份採用者會是**外部編輯器產出的內容**，而社群英雄那條路今天還沒進出貨名單。
2026-09-09T17:17:38.5409026Z 
2026-09-09T17:17:38.5409515Z ── ⭐ 以下是原本的理由，⛔ 一個字都沒有刪（第一·五守則：另存，⛔ 不是壓縮取代）──
2026-09-09T17:17:38.5411305Z 效果上的觸發條件（owner 2026-08-09 裁決，GH#300）。共用 EFFECT_COMMON_SHAPE 的**同一格**，普查在 19 個 kind 節點各看到一次；型別/求值器/葉子與 hook 上的那一格逐字相同。零採用＝owner 手動重製中的 90 支技能還沒進 content/abilities/，⛔ 不是機制缺席。⚠️ 求值端（逐一過濾目標）由 lane A 接。
2026-09-09T17:17:38.5411762Z    • field:abilities.effects[]#leap.condition
2026-09-09T17:17:38.5414873Z      ⛔ 2026-09-09 —— `landing` 的 30 天寬限**到期了**（filed 2026-08-09，31 天）。⭐ 到期本身就是答案：一個月過去，內容遷移沒有發生 ⇒ 誠實的狀態是 `debt`，⛔ 不是再展延一次 —— 那會讓這一格永遠是 `landing`，而 `landing` 的用途正好相反。⭐ `debt` 讓它**每一次執行都印在橫幅上**，⛔ 而不是被一個到期的寬限藏起來。⚠️ 這一批 24 筆同一天報備、同一天到期；13 筆是**條件葉**家族 —— 它們的第一份採用者會是**外部編輯器產出的內容**，而社群英雄那條路今天還沒進出貨名單。
2026-09-09T17:17:38.5414906Z 
2026-09-09T17:17:38.5415374Z ── ⭐ 以下是原本的理由，⛔ 一個字都沒有刪（第一·五守則：另存，⛔ 不是壓縮取代）──
2026-09-09T17:17:38.5417259Z 效果上的觸發條件（owner 2026-08-09 裁決，GH#300）。共用 EFFECT_COMMON_SHAPE 的**同一格**，普查在 19 個 kind 節點各看到一次；型別/求值器/葉子與 hook 上的那一格逐字相同。零採用＝owner 手動重製中的 90 支技能還沒進 content/abilities/，⛔ 不是機制缺席。⚠️ 求值端（逐一過濾目標）由 lane A 接。
2026-09-09T17:17:38.5418076Z    • field:abilities.effects[]#shield.condition
2026-09-09T17:17:38.5420979Z      ⛔ 2026-09-09 —— `landing` 的 30 天寬限**到期了**（filed 2026-08-09，31 天）。⭐ 到期本身就是答案：一個月過去，內容遷移沒有發生 ⇒ 誠實的狀態是 `debt`，⛔ 不是再展延一次 —— 那會讓這一格永遠是 `landing`，而 `landing` 的用途正好相反。⭐ `debt` 讓它**每一次執行都印在橫幅上**，⛔ 而不是被一個到期的寬限藏起來。⚠️ 這一批 24 筆同一天報備、同一天到期；13 筆是**條件葉**家族 —— 它們的第一份採用者會是**外部編輯器產出的內容**，而社群英雄那條路今天還沒進出貨名單。
2026-09-09T17:17:38.5421003Z 
2026-09-09T17:17:38.5421491Z ── ⭐ 以下是原本的理由，⛔ 一個字都沒有刪（第一·五守則：另存，⛔ 不是壓縮取代）──
2026-09-09T17:17:38.5423615Z 效果上的觸發條件（owner 2026-08-09 裁決，GH#300）。共用 EFFECT_COMMON_SHAPE 的**同一格**，普查在 19 個 kind 節點各看到一次；型別/求值器/葉子與 hook 上的那一格逐字相同。零採用＝owner 手動重製中的 90 支技能還沒進 content/abilities/，⛔ 不是機制缺席。⚠️ 求值端（逐一過濾目標）由 lane A 接。
2026-09-09T17:17:38.5424256Z    • field:abilities.effects[]#spawnProjectile.condition
2026-09-09T17:17:38.5427699Z      ⛔ 2026-09-09 —— `landing` 的 30 天寬限**到期了**（filed 2026-08-09，31 天）。⭐ 到期本身就是答案：一個月過去，內容遷移沒有發生 ⇒ 誠實的狀態是 `debt`，⛔ 不是再展延一次 —— 那會讓這一格永遠是 `landing`，而 `landing` 的用途正好相反。⭐ `debt` 讓它**每一次執行都印在橫幅上**，⛔ 而不是被一個到期的寬限藏起來。⚠️ 這一批 24 筆同一天報備、同一天到期；13 筆是**條件葉**家族 —— 它們的第一份採用者會是**外部編輯器產出的內容**，而社群英雄那條路今天還沒進出貨名單。
2026-09-09T17:17:38.5427737Z 
2026-09-09T17:17:38.5428303Z ── ⭐ 以下是原本的理由，⛔ 一個字都沒有刪（第一·五守則：另存，⛔ 不是壓縮取代）──
2026-09-09T17:17:38.5430180Z 效果上的觸發條件（owner 2026-08-09 裁決，GH#300）。共用 EFFECT_COMMON_SHAPE 的**同一格**，普查在 19 個 kind 節點各看到一次；型別/求值器/葉子與 hook 上的那一格逐字相同。零採用＝owner 手動重製中的 90 支技能還沒進 content/abilities/，⛔ 不是機制缺席。⚠️ 求值端（逐一過濾目標）由 lane A 接。
2026-09-09T17:17:38.5430746Z    • field:abilities.effects[]#spawnVfx.condition
2026-09-09T17:17:38.5434109Z      ⛔ 2026-09-09 —— `landing` 的 30 天寬限**到期了**（filed 2026-08-09，31 天）。⭐ 到期本身就是答案：一個月過去，內容遷移沒有發生 ⇒ 誠實的狀態是 `debt`，⛔ 不是再展延一次 —— 那會讓這一格永遠是 `landing`，而 `landing` 的用途正好相反。⭐ `debt` 讓它**每一次執行都印在橫幅上**，⛔ 而不是被一個到期的寬限藏起來。⚠️ 這一批 24 筆同一天報備、同一天到期；13 筆是**條件葉**家族 —— 它們的第一份採用者會是**外部編輯器產出的內容**，而社群英雄那條路今天還沒進出貨名單。
2026-09-09T17:17:38.5434386Z 
2026-09-09T17:17:38.5434895Z ── ⭐ 以下是原本的理由，⛔ 一個字都沒有刪（第一·五守則：另存，⛔ 不是壓縮取代）──
2026-09-09T17:17:38.5436602Z 效果上的觸發條件（owner 2026-08-09 裁決，GH#300）。共用 EFFECT_COMMON_SHAPE 的**同一格**，普查在 19 個 kind 節點各看到一次；型別/求值器/葉子與 hook 上的那一格逐字相同。零採用＝owner 手動重製中的 90 支技能還沒進 content/abilities/，⛔ 不是機制缺席。⚠️ 求值端（逐一過濾目標）由 lane A 接。
2026-09-09T17:17:38.5437060Z    • field:abilities.effects[]#spendMana.condition
2026-09-09T17:17:38.5439970Z      ⛔ 2026-09-09 —— `landing` 的 30 天寬限**到期了**（filed 2026-08-09，31 天）。⭐ 到期本身就是答案：一個月過去，內容遷移沒有發生 ⇒ 誠實的狀態是 `debt`，⛔ 不是再展延一次 —— 那會讓這一格永遠是 `landing`，而 `landing` 的用途正好相反。⭐ `debt` 讓它**每一次執行都印在橫幅上**，⛔ 而不是被一個到期的寬限藏起來。⚠️ 這一批 24 筆同一天報備、同一天到期；13 筆是**條件葉**家族 —— 它們的第一份採用者會是**外部編輯器產出的內容**，而社群英雄那條路今天還沒進出貨名單。
2026-09-09T17:17:38.5440003Z 
2026-09-09T17:17:38.5440544Z ── ⭐ 以下是原本的理由，⛔ 一個字都沒有刪（第一·五守則：另存，⛔ 不是壓縮取代）──
2026-09-09T17:17:38.5442761Z 效果上的觸發條件（owner 2026-08-09 裁決，GH#300）。共用 EFFECT_COMMON_SHAPE 的**同一格**，普查在 19 個 kind 節點各看到一次；型別/求值器/葉子與 hook 上的那一格逐字相同。零採用＝owner 手動重製中的 90 支技能還沒進 content/abilities/，⛔ 不是機制缺席。⚠️ 求值端（逐一過濾目標）由 lane A 接。
2026-09-09T17:17:38.5443363Z    • field:abilities.effects[]#knockback.launchDistance
2026-09-09T17:17:38.5446173Z      ⛔ 2026-09-09 —— `landing` 的 30 天寬限**到期了**（filed 2026-08-09，31 天）。⭐ 到期本身就是答案：一個月過去，內容遷移沒有發生 ⇒ 誠實的狀態是 `debt`，⛔ 不是再展延一次 —— 那會讓這一格永遠是 `landing`，而 `landing` 的用途正好相反。⭐ `debt` 讓它**每一次執行都印在橫幅上**，⛔ 而不是被一個到期的寬限藏起來。⚠️ 這一批 24 筆同一天報備、同一天到期；13 筆是**條件葉**家族 —— 它們的第一份採用者會是**外部編輯器產出的內容**，而社群英雄那條路今天還沒進出貨名單。
2026-09-09T17:17:38.5446202Z 
2026-09-09T17:17:38.5446733Z ── ⭐ 以下是原本的理由，⛔ 一個字都沒有刪（第一·五守則：另存，⛔ 不是壓縮取代）──
2026-09-09T17:17:38.5449935Z 擊飛四檔落點（owner 2026-08-09，GH#301-1：「應該要可以[指定落點]，但簡化成 一小段/預設/一大段/到底部 四種」）。省略＝default＝今天的推算行為，所以既有 5 份文件一格都不用改。⭐ 引擎側**已經落地**（`sim/effects/knockback.ts` 的 `tierDistance`），四檔的實際距離住在 `config.combat-feel@1` 的 `knockback.launchShortUnits` / `launchLongUnits` / `launchEdgeUsesFireRing`（⛔ 不是引擎常數，第一守則）。零採用＝owner 手動重製中的技能還沒挑這一格。
2026-09-09T17:17:38.5450766Z    • enum:abilities.effects[]#applyBuff.hooks[].on=onShieldGained
2026-09-09T17:17:38.5454366Z      ⛔ 2026-09-09 —— `landing` 的 30 天寬限**到期了**（filed 2026-08-09，31 天）。⭐ 到期本身就是答案：一個月過去，內容遷移沒有發生 ⇒ 誠實的狀態是 `debt`，⛔ 不是再展延一次 —— 那會讓這一格永遠是 `landing`，而 `landing` 的用途正好相反。⭐ `debt` 讓它**每一次執行都印在橫幅上**，⛔ 而不是被一個到期的寬限藏起來。⚠️ 這一批 24 筆同一天報備、同一天到期；13 筆是**條件葉**家族 —— 它們的第一份採用者會是**外部編輯器產出的內容**，而社群英雄那條路今天還沒進出貨名單。
2026-09-09T17:17:38.5454398Z 
2026-09-09T17:17:38.5454943Z ── ⭐ 以下是原本的理由，⛔ 一個字都沒有刪（第一·五守則：另存，⛔ 不是壓縮取代）──
2026-09-09T17:17:38.5457141Z 護盾產生時。持有者＝拿到護盾的人,target＝給護盾的人。✅ 發射點已接（GH#300）：`effects/shield.ts` 每一次 `addShield` 發一則 `shieldGained`，`systems/WorldHookSystem.ts` 那張表轉成 hook。⚠️ 口徑是「新出現一片盾」不是「這個人身上的盾變多了」——一發 AoE 給三個人＝三則。零採用＝owner 手動重製中的技能還沒進 content/abilities/。
2026-09-09T17:17:38.5457870Z    • enum:abilities.effects[]#applyBuff.hooks[].on=onShieldBroken
2026-09-09T17:17:38.5461108Z      ⛔ 2026-09-09 —— `landing` 的 30 天寬限**到期了**（filed 2026-08-09，31 天）。⭐ 到期本身就是答案：一個月過去，內容遷移沒有發生 ⇒ 誠實的狀態是 `debt`，⛔ 不是再展延一次 —— 那會讓這一格永遠是 `landing`，而 `landing` 的用途正好相反。⭐ `debt` 讓它**每一次執行都印在橫幅上**，⛔ 而不是被一個到期的寬限藏起來。⚠️ 這一批 24 筆同一天報備、同一天到期；13 筆是**條件葉**家族 —— 它們的第一份採用者會是**外部編輯器產出的內容**，而社群英雄那條路今天還沒進出貨名單。
2026-09-09T17:17:38.5461187Z 
2026-09-09T17:17:38.5461749Z ── ⭐ 以下是原本的理由，⛔ 一個字都沒有刪（第一·五守則：另存，⛔ 不是壓縮取代）──
2026-09-09T17:17:38.5464517Z 護盾破碎時(護盾池歸零那一格)。✅ 發射點已接（GH#300）：吃 `combat/damage.ts` 早就在發的 `guardBreak`（判準逐字就是「打之前 >0、這一發吃到、之後合格總量 <=0」），沒有第二套判斷。⚠️ 三件**不算**破碎:被打到但還有剩 · 自然到期 · 【破盾】(`shieldBreak` effect)主動拆掉別人的——最後這一項是**已知缺口不是漏掉**（那是動作，這是時刻），要不要納入是 owner 的裁決。零採用＝owner 手動重製中的技能還沒進 content/abilities/。
2026-09-09T17:17:38.5465056Z    • field:abilities.effects[]#devour.condition
2026-09-09T17:17:38.5467967Z      ⛔ 2026-09-09 —— `landing` 的 30 天寬限**到期了**（filed 2026-08-09，31 天）。⭐ 到期本身就是答案：一個月過去，內容遷移沒有發生 ⇒ 誠實的狀態是 `debt`，⛔ 不是再展延一次 —— 那會讓這一格永遠是 `landing`，而 `landing` 的用途正好相反。⭐ `debt` 讓它**每一次執行都印在橫幅上**，⛔ 而不是被一個到期的寬限藏起來。⚠️ 這一批 24 筆同一天報備、同一天到期；13 筆是**條件葉**家族 —— 它們的第一份採用者會是**外部編輯器產出的內容**，而社群英雄那條路今天還沒進出貨名單。
2026-09-09T17:17:38.5467991Z 
2026-09-09T17:17:38.5468470Z ── ⭐ 以下是原本的理由，⛔ 一個字都沒有刪（第一·五守則：另存，⛔ 不是壓縮取代）──
2026-09-09T17:17:38.5471005Z 效果上的觸發條件（owner 2026-08-09 裁決，GH#300）。共用 EFFECT_COMMON_SHAPE 的**同一格**，普查在每一個 kind 節點各看到一次；型別/求值器/葉子與 hook 上的那一格逐字相同。⚠️ 這一個 kind 的節點是 2026-08-12 才**第一次可回報**的（父 variant 被採用，reach 跨過 MIN_REACH），所以 since 跟著機制落地的那天走，與另外 19 筆同一個時鐘、同一天到期。零採用＝重製那一批沒有一支需要逐目標過濾，⛔ 不是機制缺席。
2026-09-09T17:17:38.5471592Z    • field:abilities.effects[]#randomArea.condition
2026-09-09T17:17:38.5475277Z      ⛔ 2026-09-09 —— `landing` 的 30 天寬限**到期了**（filed 2026-08-09，31 天）。⭐ 到期本身就是答案：一個月過去，內容遷移沒有發生 ⇒ 誠實的狀態是 `debt`，⛔ 不是再展延一次 —— 那會讓這一格永遠是 `landing`，而 `landing` 的用途正好相反。⭐ `debt` 讓它**每一次執行都印在橫幅上**，⛔ 而不是被一個到期的寬限藏起來。⚠️ 這一批 24 筆同一天報備、同一天到期；13 筆是**條件葉**家族 —— 它們的第一份採用者會是**外部編輯器產出的內容**，而社群英雄那條路今天還沒進出貨名單。
2026-09-09T17:17:38.5475309Z 
2026-09-09T17:17:38.5475849Z ── ⭐ 以下是原本的理由，⛔ 一個字都沒有刪（第一·五守則：另存，⛔ 不是壓縮取代）──
2026-09-09T17:17:38.5478626Z 效果上的觸發條件（owner 2026-08-09 裁決，GH#300）。共用 EFFECT_COMMON_SHAPE 的**同一格**，普查在每一個 kind 節點各看到一次；型別/求值器/葉子與 hook 上的那一格逐字相同。⚠️ 這一個 kind 的節點是 2026-08-12 才**第一次可回報**的（父 variant 被採用，reach 跨過 MIN_REACH），所以 since 跟著機制落地的那天走，與另外 19 筆同一個時鐘、同一天到期。零採用＝重製那一批沒有一支需要逐目標過濾，⛔ 不是機制缺席。
2026-09-09T17:17:38.5478841Z 
2026-09-09T17:17:38.5478852Z 
2026-09-09T17:17:38.5479854Z  [32m✓[39m src/content/fieldAdoption.test.ts [2m([22m[2m9 tests[22m[2m)[22m[33m 6809[2mms[22m[39m
2026-09-09T17:17:38.5481724Z    [33m[2m✓[22m[39m field adoption census (recipe S8: mechanism shipped, content 0)[2m > [22mthe census is deterministic — same store, same rows, same order [33m2587[2mms[22m[39m
2026-09-09T17:17:38.5483201Z  [32m✓[39m src/content/championFormGoku.test.ts [2m([22m[2m13 tests[22m[2m)[22m[33m 894[2mms[22m[39m
2026-09-09T17:17:38.6959545Z  [32m✓[39m src/content/templates/proxyBarrage.test.ts [2m([22m[2m16 tests[22m[2m)[22m[90m 127[2mms[22m[39m
2026-09-09T17:17:39.5297465Z  [32m✓[39m src/content/championAttributes.test.ts [2m([22m[2m12 tests[22m[2m)[22m[33m 305[2mms[22m[39m
2026-09-09T17:17:39.8124344Z  [32m✓[39m src/sim/economy/capUnlockContent.test.ts [2m([22m[2m12 tests[22m[2m)[22m[33m 2713[2mms[22m[39m
2026-09-09T17:17:40.7494315Z  [32m✓[39m src/content/templates/paramsSchema.test.ts [2m([22m[2m11 tests[22m[2m)[22m[33m 780[2mms[22m[39m
2026-09-09T17:17:40.7527206Z    [33m[2m✓[22m[39m paramsSchemaFor / defaultParamsFor — the form↔expander agreement[2m > [22m每一格參數,要嘛 MOVES 展開結果,要嘛宣告 inert（⭐ GH#987:⛔ 不再只有 number） [33m307[2mms[22m[39m
2026-09-09T17:17:41.2938807Z  [32m✓[39m src/content/abilityScaling.test.ts [2m([22m[2m5 tests[22m[2m)[22m[33m 306[2mms[22m[39m
2026-09-09T17:17:41.5243531Z  [32m✓[39m src/content/championNamesJa.test.ts [2m([22m[2m11 tests[22m[2m)[22m[90m 247[2mms[22m[39m
2026-09-09T17:17:42.4534205Z  [32m✓[39m src/sim/alchemyShieldShipped.test.ts [2m([22m[2m9 tests[22m[2m)[22m[33m 967[2mms[22m[39m
2026-09-09T17:17:43.5104118Z  [32m✓[39m src/sim/fireRing.test.ts [2m([22m[2m19 tests[22m[2m)[22m[90m 174[2mms[22m[39m
2026-09-09T17:17:43.9199134Z  [32m✓[39m src/sim/content/requirement.test.ts [2m([22m[2m19 tests[22m[2m)[22m[33m 3751[2mms[22m[39m
2026-09-09T17:17:44.3071275Z  [32m✓[39m src/sim/mobBossNoClip.test.ts [2m([22m[2m19 tests[22m[2m)[22m[33m 317[2mms[22m[39m
2026-09-09T17:17:45.0854250Z  [32m✓[39m src/sim/mobs.heroLevelSource.test.ts [2m([22m[2m15 tests[22m[2m)[22m[90m 32[2mms[22m[39m
2026-09-09T17:17:45.7615216Z  [32m✓[39m src/sim/innatePassive.test.ts [2m([22m[2m10 tests[22m[2m)[22m[33m 2718[2mms[22m[39m
2026-09-09T17:17:46.5053008Z  [32m✓[39m src/sim/taunt.test.ts [2m([22m[2m22 tests[22m[2m)[22m[90m 98[2mms[22m[39m
2026-09-09T17:17:47.1793791Z  [32m✓[39m src/sim/revive.test.ts [2m([22m[2m20 tests[22m[2m)[22m[90m 162[2mms[22m[39m
2026-09-09T17:17:47.6454306Z  [32m✓[39m src/sim/effects/damageArea.test.ts [2m([22m[2m31 tests[22m[2m)[22m[33m 1833[2mms[22m[39m
2026-09-09T17:17:47.8781465Z  [32m✓[39m src/sim/stealth.test.ts [2m([22m[2m20 tests[22m[2m)[22m[90m 251[2mms[22m[39m
2026-09-09T17:17:48.9060877Z  [32m✓[39m src/sim/hartJassFidelity.test.ts [2m([22m[2m23 tests[22m[2m)[22m[33m 2784[2mms[22m[39m
2026-09-09T17:17:48.9820744Z  [32m✓[39m src/sim/effects/summon.test.ts [2m([22m[2m22 tests[22m[2m)[22m[33m 518[2mms[22m[39m
2026-09-09T17:17:48.9839302Z    [33m[2m✓[22m[39m summon — 存活時間 (gh289-summon)[2m > [22ma PERMANENT summon (no durationSec) is still there minutes later [33m378[2mms[22m[39m
2026-09-09T17:17:49.5855531Z  [32m✓[39m src/content/templates/teleportLockCombo.test.ts [2m([22m[2m17 tests[22m[2m)[22m[33m 349[2mms[22m[39m
2026-09-09T17:17:50.5976474Z  [32m✓[39m src/sim/recovery.test.ts [2m([22m[2m29 tests[22m[2m)[22m[90m 256[2mms[22m[39m
2026-09-09T17:17:50.8285043Z  [32m✓[39m src/sim/attackStandstill.test.ts [2m([22m[2m11 tests[22m[2m)[22m[33m 532[2mms[22m[39m
2026-09-09T17:17:50.8624122Z  [32m✓[39m src/ops/guardProseNamesTheGenerator.test.ts [2m([22m[2m5 tests[22m[2m)[22m[90m 6[2mms[22m[39m
2026-09-09T17:17:52.0594607Z  [32m✓[39m src/ops/acceptanceN2.test.ts [2m([22m[2m8 tests[22m[2m)[22m[90m 82[2mms[22m[39m
2026-09-09T17:17:52.1265106Z  [32m✓[39m src/sim/moonComboChain.test.ts [2m([22m[2m8 tests[22m[2m)[22m[33m 2669[2mms[22m[39m
2026-09-09T17:17:52.5932482Z  [32m✓[39m src/sim/mobs.randomChampion.test.ts [2m([22m[2m22 tests[22m[2m)[22m[90m 50[2mms[22m[39m
2026-09-09T17:17:52.7033991Z  [32m✓[39m src/sim/combatEnv.test.ts [2m([22m[2m32 tests[22m[2m)[22m[33m 458[2mms[22m[39m
2026-09-09T17:17:53.7185796Z  [32m✓[39m src/content/apCoefficient.test.ts [2m([22m[2m12 tests[22m[2m)[22m[90m 182[2mms[22m[39m
2026-09-09T17:17:53.8568401Z  [32m✓[39m src/sim/stats/matchLedger.test.ts [2m([22m[2m28 tests[22m[2m)[22m[90m 35[2mms[22m[39m
2026-09-09T17:17:54.6794022Z  [32m✓[39m src/sim/innatePassivePayloads.test.ts [2m([22m[2m8 tests[22m[2m)[22m[33m 833[2mms[22m[39m
2026-09-09T17:17:55.5234092Z  [32m✓[39m src/content/invulnerableBinding.test.ts [2m([22m[2m23 tests[22m[2m)[22m[90m 138[2mms[22m[39m
2026-09-09T17:17:56.2946667Z  [32m✓[39m src/sim/mobs.heroDerived.test.ts [2m([22m[2m11 tests[22m[2m)[22m[90m 21[2mms[22m[39m
2026-09-09T17:17:56.4593891Z  [32m✓[39m src/sim/fireRingTwoStage.test.ts [2m([22m[2m19 tests[22m[2m)[22m[33m 2100[2mms[22m[39m
2026-09-09T17:17:56.4604552Z    [33m[2m✓[22m[39m firering-two-stage — 時間軸（真 world、真 tick、量半徑）[2m > [22m60 秒前不縮 · 60→80 在縮 · 80→90 一格都不動 · 90 之後又縮 · 110 到 0 [33m1225[2mms[22m[39m
2026-09-09T17:17:56.6974420Z  [32m✓[39m src/ops/hostDeployScript.test.ts [2m([22m[2m14 tests[22m[2m)[22m[90m 35[2mms[22m[39m
2026-09-09T17:17:57.0758590Z  [32m✓[39m src/sim/fireRingBurnCurve.test.ts [2m([22m[2m11 tests[22m[2m)[22m[33m 1561[2mms[22m[39m
2026-09-09T17:17:57.0788675Z    [33m[2m✓[22m[39m the burn really does escalate with SECONDS SINCE IGNITION[2m > [22mshipped: a champion parked outside really dies inside the round, and the burn ESCALATES while he does [33m599[2mms[22m[39m
2026-09-09T17:17:57.0822193Z    [33m[2m✓[22m[39m the curve travels WITH ignition, not with the round clock (陷阱①)[2m > [22ma 殭屍王 round ignites 180 s later and burns IDENTICALLY per second-since-ignition [33m445[2mms[22m[39m
2026-09-09T17:17:57.6749171Z  [32m✓[39m src/content/voxelSkin/barcode.test.ts [2m([22m[2m34 tests[22m[2m)[22m[90m 64[2mms[22m[39m
2026-09-09T17:17:57.9929452Z  [32m✓[39m src/sim/effects/effectRegistry.test.ts [2m([22m[2m13 tests[22m[2m)[22m[90m 31[2mms[22m[39m
2026-09-09T17:17:59.3194074Z  [32m✓[39m src/sim/systems/GuardianSystem.test.ts [2m([22m[2m22 tests[22m[2m)[22m[90m 120[2mms[22m[39m
2026-09-09T17:17:59.3488881Z  [32m✓[39m src/sim/combat/hitFeel.test.ts [2m([22m[2m16 tests[22m[2m)[22m[90m 55[2mms[22m[39m
2026-09-09T17:17:59.6524050Z  [32m✓[39m src/content/loader.test.ts [2m([22m[2m4 tests[22m[2m)[22m[33m 2562[2mms[22m[39m
2026-09-09T17:18:00.4617043Z  [32m✓[39m src/sim/roundHardCap.test.ts [2m([22m[2m11 tests[22m[2m)[22m[33m 2376[2mms[22m[39m
2026-09-09T17:18:00.4619727Z    [33m[2m✓[22m[39m round-hard-cap — 不管什麼條件，回合到上限一定開始收場[2m > [22m火圈在硬上限那一刻一定開始收 —— 四隻殭屍王都推不動它 [33m820[2mms[22m[39m
2026-09-09T17:18:00.4655000Z    [33m[2m✓[22m[39m round-hard-cap — 不管什麼條件，回合到上限一定開始收場[2m > [22m硬上限的那一刻，圈外的人真的在掉血（真 HP、真 tick、真事件） [33m511[2mms[22m[39m
2026-09-09T17:18:00.4657380Z    [33m[2m✓[22m[39m round-hard-cap — 不管什麼條件，回合到上限一定開始收場[2m > [22m回合真的結束：`isCombatTimeUp` 在硬底線上限那一刻翻真，不管幾隻王 [33m489[2mms[22m[39m
2026-09-09T17:18:00.4659752Z    [33m[2m✓[22m[39m round-hard-cap — 開場就違規的設定[2m > [22m夾過之後火圈一定收得完 —— 硬上限不會製造「圈還在縮就結束」的回合 [33m479[2mms[22m[39m
2026-09-09T17:18:00.8114375Z  [32m✓[39m src/sim/championForm.test.ts [2m([22m[2m15 tests[22m[2m)[22m[90m 151[2mms[22m[39m
2026-09-09T17:18:01.2184211Z  [32m✓[39m src/sim/auraCarrier.test.ts [2m([22m[2m11 tests[22m[2m)[22m[33m 535[2mms[22m[39m
2026-09-09T17:18:01.2192613Z    [33m[2m✓[22m[39m 虛擬蝗蟲群 — a form-scoped aura, carried by a dummy the player never meets[2m > [22mis DETERMINISTIC: two runs of the same seed agree tick by tick [33m403[2mms[22m[39m
2026-09-09T17:18:01.9444281Z  [32m✓[39m src/content/legendaryOwnerRulings.test.ts [2m([22m[2m12 tests[22m[2m)[22m[90m 237[2mms[22m[39m
2026-09-09T17:18:03.3803936Z  [32m✓[39m src/sim/effects/knockback.test.ts [2m([22m[2m18 tests[22m[2m)[22m[90m 178[2mms[22m[39m
2026-09-09T17:18:03.5063670Z  [32m✓[39m src/sim/summonTargeting.test.ts [2m([22m[2m13 tests[22m[2m)[22m[33m 840[2mms[22m[39m
2026-09-09T17:18:03.5084372Z    [33m[2m✓[22m[39m 召喚物 is a real target for the enemy (gh289-summon)[2m > [22man enemy champion auto-acquires a summon standing on it, and KILLS it [33m358[2mms[22m[39m
2026-09-09T17:18:03.5090876Z    [33m[2m✓[22m[39m 召喚物 決策點: 火圈 + 賞金 (gh289-summon)[2m > [22m`bountyGold` pays the killer; the default pays nobody [33m308[2mms[22m[39m
2026-09-09T17:18:04.8040781Z  [32m✓[39m src/sim/systems/MobSystem.fireRing.test.ts [2m([22m[2m8 tests[22m[2m)[22m[90m 217[2mms[22m[39m
2026-09-09T17:18:05.0078203Z  [32m✓[39m src/content/vfxDocsBirthVisibility.test.ts [2m([22m[2m7 tests[22m[2m)[22m[33m 751[2mms[22m[39m
2026-09-09T17:18:05.0103765Z    [33m[2m✓[22m[39m 👁 vfx 出貨態掃描：每份文件要有可能畫出一個像素[2m > [22m⛔ 出貨的每一份 vfx@1 / ribbon@1 都要有可能畫出一個像素（真缺陷已列名） [33m684[2mms[22m[39m
2026-09-09T17:18:08.5444597Z  [32m✓[39m src/content/heroForge/communityRefinements/azazel.test.ts [2m([22m[2m27 tests[22m[2m)[22m[33m 5499[2mms[22m[39m
2026-09-09T17:18:08.5457278Z    [33m[2m✓[22m[39m Azazel authored six-slot refinement[2m > [22msingle-slot preparation is explicit; the actual kit earns its own EX resources [33m3672[2mms[22m[39m
2026-09-09T17:18:08.5523967Z    [33m[2m✓[22m[39m Azazel authored six-slot refinement[2m > [22mprecasts the real R for EX preview, preserving expiry, life payment and resource failure [33m1260[2mms[22m[39m
2026-09-09T17:18:08.5553496Z    [33m[2m✓[22m[39m Azazel authored six-slot refinement[2m > [22mpackages kit-declared statuses but still rejects unknown status and visual dependencies [33m344[2mms[22m[39m
2026-09-09T17:18:09.0036815Z  [32m✓[39m src/content/abilityProse.test.ts [2m([22m[2m8 tests[22m[2m)[22m[33m 2363[2mms[22m[39m
2026-09-09T17:18:10.3987729Z  [32m✓[39m src/content/icons.test.ts [2m([22m[2m7 tests[22m[2m)[22m[33m 992[2mms[22m[39m
2026-09-09T17:18:10.3991212Z    [33m[2m✓[22m[39m w3x original icons (icons)[2m > [22mevery doc carrying an icon still parses as its strict schema (icon-schema-valid) [33m605[2mms[22m[39m
2026-09-09T17:18:10.7089815Z  [32m✓[39m src/content/templates/orbitProxy.test.ts [2m([22m[2m10 tests[22m[2m)[22m[90m 244[2mms[22m[39m
2026-09-09T17:18:11.8999342Z  [32m✓[39m src/content/skillCostTiers.test.ts [2m([22m[2m16 tests[22m[2m)[22m[90m 33[2mms[22m[39m
2026-09-09T17:18:13.0960201Z  [32m✓[39m src/sim/economy/itemSets.test.ts [2m([22m[2m23 tests[22m[2m)[22m[90m 53[2mms[22m[39m
2026-09-09T17:18:13.2741140Z  [32m✓[39m src/sim/itemAttributes.test.ts [2m([22m[2m14 tests[22m[2m)[22m[33m 987[2mms[22m[39m
2026-09-09T17:18:15.9055481Z  [32m✓[39m src/sim/championFormContent.test.ts [2m([22m[2m1 test[22m[2m)[22m[33m 1024[2mms[22m[39m
2026-09-09T17:18:16.6350026Z  [32m✓[39m src/sim/bossRoundExtension.test.ts [2m([22m[2m12 tests[22m[2m)[22m[33m 1951[2mms[22m[39m
2026-09-09T17:18:16.6384216Z    [33m[2m✓[22m[39m 殭屍王被召喚 → 兩個截止時間都真的延後 (boss-round-extension)[2m > [22mdelays the ring's ACTUAL ignition by 180 s — read off the radius, not the config [33m462[2mms[22m[39m
2026-09-09T17:18:16.6407512Z    [33m[2m✓[22m[39m 殭屍王被召喚 → 兩個截止時間都真的延後 (boss-round-extension)[2m > [22mpushes the ACTUAL combat deadline out by 180 s — read off isCombatTimeUp [33m824[2mms[22m[39m
2026-09-09T17:18:17.1794243Z  [32m✓[39m src/content/templates/chargePush.test.ts [2m([22m[2m11 tests[22m[2m)[22m[90m 82[2mms[22m[39m
2026-09-09T17:18:19.8442451Z  [32m✓[39m src/sim/championFormToggle.test.ts [2m([22m[2m5 tests[22m[2m)[22m[33m 1186[2mms[22m[39m
2026-09-09T17:18:19.8462999Z    [33m[2m✓[22m[39m 70-00 紮根 — the 天生技 toggle a player can actually press (#249)[2m > [22mNEVER lapses on its own — a toggle is not a 15-second buff [33m398[2mms[22m[39m
2026-09-09T17:18:21.5474255Z  [32m✓[39m src/content/audioAssets.test.ts [2m([22m[2m13 tests[22m[2m)[22m[90m 233[2mms[22m[39m
2026-09-09T17:18:22.8366982Z  [32m✓[39m src/sim/effects/dispel.test.ts [2m([22m[2m12 tests[22m[2m)[22m[90m 56[2mms[22m[39m
2026-09-09T17:18:23.7694203Z  [32m✓[39m src/sim/autoAttackCensus.test.ts [2m([22m[2m1 test[22m[2m)[22m[33m 5620[2mms[22m[39m
2026-09-09T17:18:23.7701724Z    [33m[2m✓[22m[39m auto-attack census (every champion, no orders)[2m > [22msweeps every registered champion in both scenarios [33m3604[2mms[22m[39m
2026-09-09T17:18:23.7794585Z [90mstdout[2m | src/sim/autoAttackWhileMovingCensus.test.ts[2m > [22m[2mGH#216 移動指令期間會不會攻擊 —— 全角色矩陣[2m > [22m[2m每一位英雄,四個情境,規則關/開各跑一次
2026-09-09T17:18:23.7795724Z [22m[39mchampions=71 melee=51 ranged=20
2026-09-09T17:18:23.7796472Z [inReach] 規則關 → 0 命中: 0/71 = 0.0%   (近戰 0 / 遠程 0)   規則開 → 0 命中: 0/71 = 0.0%
2026-09-09T17:18:23.7797228Z [approach] 規則關 → 0 命中: 71/71 = 100.0%   (近戰 51 / 遠程 20)   規則開 → 0 命中: 0/71 = 0.0%
2026-09-09T17:18:23.7797955Z [far] 規則關 → 0 命中: 71/71 = 100.0%   (近戰 51 / 遠程 20)   規則開 → 0 命中: 0/71 = 0.0%
2026-09-09T17:18:23.7798507Z [idle] 對照組 0 命中: 規則關 0 · 規則開 0
2026-09-09T17:18:23.7799069Z id | 名稱 | 類型 | 射程 | 索敵 | idle | inReach | approach | far
2026-09-09T17:18:23.7799831Z godie-e001 | 蟬在叫人壞掉 - 龍宮禮奈 | melee | 1.30 | 6.00 | 6→6 | 6→6 | 0→7 | 0→10
2026-09-09T17:18:23.7800549Z godie-e002 | 亞瑟王 - Saber | melee | 1.30 | 6.00 | 6→6 | 6→6 | 0→7 | 0→9
2026-09-09T17:18:23.7801294Z godie-e007 | 龍之子 - 天地志狼 | ranged | 1.30 | 6.00 | 7→7 | 7→7 | 0→8 | 0→10
2026-09-09T17:18:23.7802261Z godie-e008 | 火霧戰士 - 夏娜 | melee | 1.30 | 6.00 | 6→6 | 6→6 | 0→6 | 0→7
2026-09-09T17:18:23.7802999Z godie-e00l | 亞瑟王 - Saber | melee | 1.30 | 6.00 | 6→6 | 6→6 | 0→7 | 0→9
2026-09-09T17:18:23.7803985Z godie-e00n | 蟬在叫人壞掉 - 龍宮禮奈 | melee | 1.30 | 6.00 | 8→8 | 8→8 | 0→8 | 0→12
2026-09-09T17:18:23.7804673Z godie-e00r | 最終泛用人型決戰兵器 - 初號機 | melee | 1.30 | 6.00 | 6→6 | 6→6 | 0→7 | 0→10
2026-09-09T17:18:23.7805372Z godie-e00s | 白木老樹精 - 白木卡迪那 | ranged | 1.30 | 6.00 | 6→6 | 6→6 | 0→7 | 0→9
2026-09-09T17:18:23.7806035Z godie-e00w | 神鳴流劍士 - 櫻綻剎那 | melee | 1.30 | 6.00 | 6→6 | 6→6 | 0→7 | 0→10
2026-09-09T17:18:23.7806706Z godie-e00x | 神鳴流劍士 - 櫻綻剎那 | melee | 1.30 | 6.00 | 6→6 | 6→6 | 0→7 | 0→10
2026-09-09T17:18:23.7807356Z godie-e010 | 白木老樹精 - 白木卡迪那 | ranged | 1.30 | 6.00 | 6→6 | 6→6 | 0→0 | 0→0
2026-09-09T17:18:23.7808057Z godie-edem | 寫輪眼復仇者 - 宇智波佐助 | melee | 1.30 | 6.00 | 6→6 | 6→6 | 0→7 | 0→10
2026-09-09T17:18:23.7808722Z godie-efur | 揍敵客大家長 - 揍敵客桀諾 | melee | 1.30 | 6.00 | 6→6 | 6→6 | 0→7 | 0→10
2026-09-09T17:18:23.7809437Z godie-emfr | 魔法老師 - 涅吉。史普林。菲爾德 | ranged | 1.30 | 6.00 | 6→6 | 6→6 | 0→7 | 0→10
2026-09-09T17:18:23.7810284Z godie-emns | 奇樂 - 夜神月 | ranged | 4.92 | 6.00 | 6→6 | 6→6 | 0→8 | 0→10
2026-09-09T17:18:23.7837029Z godie-etyr | 治癒系公主 - 木乃香 | ranged | 4.92 | 6.00 | 6→6 | 6→6 | 0→7 | 0→9
2026-09-09T17:18:23.7838475Z godie-ewar | 龍之子 - 天地志狼 | melee | 1.30 | 6.00 | 7→7 | 7→7 | 0→8 | 0→11
2026-09-09T17:18:23.7839776Z godie-h00l | 時空勇者 - 林克 | melee | 1.30 | 6.00 | 6→6 | 6→6 | 0→7 | 0→10
2026-09-09T17:18:23.7841189Z godie-h01n | 開外掛的死神 - 黑崎一護 | melee | 1.30 | 6.00 | 5→5 | 5→5 | 0→6 | 0→8
2026-09-09T17:18:23.7843015Z godie-h01o | 外掛開很大的死神 - 黑崎一護 | melee | 1.30 | 6.00 | 9→9 | 9→9 | 0→11 | 0→15
2026-09-09T17:18:23.7844515Z godie-h01u | 亂世癿王者 - 呂布奉先 | melee | 1.30 | 6.00 | 6→6 | 6→6 | 0→7 | 0→10
2026-09-09T17:18:23.7846893Z godie-h020 | 黑魔導士 - 莉娜因巴斯 | ranged | 4.92 | 6.00 | 6→6 | 6→6 | 0→7 | 0→10
2026-09-09T17:18:23.7848226Z godie-h02k | 國寶級的畜生 - 熊貓 | melee | 1.30 | 6.00 | 6→6 | 3→6 | 0→7 | 0→9
2026-09-09T17:18:23.7849696Z godie-h02r | 種子神奇寶貝 - 妙蛙花 | melee | 4.92 | 6.00 | 10→10 | 10→10 | 0→12 | 0→17
2026-09-09T17:18:23.7851096Z godie-h02u | 看似憂鬱的神獸 - 草泥馬 | melee | 1.30 | 6.00 | 6→6 | 6→6 | 0→8 | 0→10
2026-09-09T17:18:23.7852732Z godie-h02v | 看似憂鬱的神獸 - 草泥馬 | melee | 1.30 | 6.00 | 6→6 | 6→6 | 0→8 | 0→10
2026-09-09T17:18:23.7854195Z godie-hapm | 海克力斯 - Berserker | melee | 1.30 | 6.00 | 6→6 | 6→6 | 0→6 | 0→7
2026-09-09T17:18:23.7855508Z godie-hart | 最終幻想 - 克勞德 | melee | 1.30 | 6.00 | 5→5 | 5→5 | 0→7 | 0→10
2026-09-09T17:18:23.7856946Z godie-hgam | 種子神奇寶貝 - 妙蛙種子 | melee | 4.92 | 6.00 | 6→6 | 6→6 | 0→8 | 0→10
2026-09-09T17:18:23.7858403Z godie-hjai | 黑魔導士 - 莉娜因巴斯 | ranged | 4.92 | 6.00 | 6→6 | 6→6 | 0→7 | 0→10
2026-09-09T17:18:23.7860039Z godie-hpb1 | 獸矛傳承使 - 蒼月潮 | melee | 1.30 | 6.00 | 6→6 | 6→6 | 0→6 | 0→8
2026-09-09T17:18:23.7863075Z godie-huth | 超級普烏 - 魔人普烏 | melee | 1.30 | 6.00 | 6→6 | 6→6 | 0→6 | 0→7
2026-09-09T17:18:23.7864203Z godie-hvsh | 梅杜莎 - Rider | melee | 1.30 | 6.00 | 6→6 | 6→6 | 0→7 | 0→9
2026-09-09T17:18:23.7865247Z godie-hvwd | 除魔巫女 - 桔梗 | ranged | 4.92 | 6.00 | 6→6 | 6→6 | 0→8 | 0→11
2026-09-09T17:18:23.7866238Z godie-n003 | 黑暗福音 - 依文潔琳 | ranged | 4.92 | 6.00 | 6→6 | 6→6 | 0→7 | 0→10
2026-09-09T17:18:23.7867511Z godie-n00b | 小叮噹 - 哆拉A夢 | melee | 4.92 | 6.00 | 6→6 | 6→6 | 0→7 | 0→10
2026-09-09T17:18:23.7868567Z godie-n00p | 妖狐藏馬 - 南野秀一 | ranged | 4.92 | 6.00 | 6→6 | 6→6 | 0→8 | 0→10
2026-09-09T17:18:23.7869560Z godie-n01c | 傳說的龍騎士 - 勇者小呆 | melee | 1.30 | 6.00 | 8→8 | 8→8 | 0→9 | 0→12
2026-09-09T17:18:23.7870568Z godie-n01g | 黑暗福音 - 依文潔琳 | ranged | 4.92 | 6.00 | 6→6 | 6→6 | 0→7 | 0→10
2026-09-09T17:18:23.7871542Z godie-nbbc | 傳說的龍騎士 - 勇者小呆 | melee | 1.30 | 6.00 | 6→6 | 6→6 | 0→7 | 0→10
2026-09-09T17:18:23.7872751Z godie-nsjs | 妖狐藏馬 - 南野秀一 | melee | 4.92 | 6.00 | 6→6 | 6→6 | 0→8 | 0→11
2026-09-09T17:18:23.7873730Z godie-o00k | 傲嬌電氣老鼠 - 皮卡娘 | ranged | 1.30 | 6.00 | 6→6 | 6→6 | 0→6 | 0→7
2026-09-09T17:18:23.7874701Z godie-o00l | 獸神官 - 傑洛士 | ranged | 1.30 | 6.00 | 6→6 | 6→6 | 0→7 | 0→10
2026-09-09T17:18:23.7875639Z godie-o00x | 超級賽亞人 - 悟空 | melee | 1.30 | 6.00 | 8→8 | 8→8 | 0→8 | 0→12
2026-09-09T17:18:23.7876771Z godie-o02l | 神騎寶貝 - 皮卡丘 | melee | 4.92 | 6.00 | 8→8 | 8→8 | 0→10 | 0→14
2026-09-09T17:18:23.7877760Z godie-o02p | 夢幻之星 - 初音 | melee | 4.92 | 6.00 | 6→6 | 6→6 | 0→7 | 0→10
2026-09-09T17:18:23.7878710Z godie-o030 | 電車癡漢 - 臭作 | ranged | 6.40 | 6.40 | 7→7 | 7→7 | 0→9 | 0→12
2026-09-09T17:18:23.7879668Z godie-ofar | 神奇寶貝兒 - 皮卡丘 | ranged | 4.92 | 6.00 | 6→6 | 6→6 | 0→7 | 0→10
2026-09-09T17:18:23.7880635Z godie-ogld | 美白大法師 - 黑人牙膏 | ranged | 7.20 | 7.20 | 5→5 | 5→5 | 0→6 | 0→8
2026-09-09T17:18:23.7881552Z godie-ogrh | 賽亞人 - 悟空 | melee | 1.30 | 6.00 | 6→6 | 6→6 | 0→7 | 0→10
2026-09-09T17:18:23.7882713Z godie-orkn | 電車癡漢 - 臭作 | ranged | 4.92 | 6.00 | 6→6 | 6→6 | 0→8 | 0→10
2026-09-09T17:18:23.7883639Z godie-osam | 犬妖 - 殺生丸 | melee | 1.30 | 6.00 | 6→6 | 6→6 | 0→7 | 0→10
2026-09-09T17:18:23.7884603Z godie-u00h | 鬼畜紅王 - 鬼畜狂刀KYO | melee | 1.30 | 6.00 | 6→6 | 6→6 | 0→7 | 0→9
2026-09-09T17:18:23.7885581Z godie-u00j | 神性的流失 - 賽菲洛斯 | melee | 1.30 | 6.00 | 7→7 | 7→7 | 0→8 | 0→10
2026-09-09T17:18:23.7886606Z godie-u00k | 邪惡意念集合體 - 死之王 | ranged | 1.30 | 6.00 | 6→6 | 6→6 | 0→7 | 0→9
2026-09-09T17:18:23.7887597Z godie-u00l | 北斗之鼠 - 拳四郎 | melee | 1.30 | 6.00 | 8→8 | 8→8 | 0→8 | 0→11
2026-09-09T17:18:23.7888553Z godie-u00n | 草帽小子 - 蒙其.D.魯夫 | melee | 1.30 | 6.00 | 6→6 | 6→6 | 0→6 | 0→7
2026-09-09T17:18:23.7889692Z godie-u00o | 草帽小子 - 蒙其.D.魯夫 | melee | 1.30 | 6.00 | 6→6 | 6→6 | 0→6 | 0→7
2026-09-09T17:18:23.7890727Z godie-u00v | 黑手黨老大 - 基廉列克 | melee | 1.30 | 6.00 | 4→4 | 4→4 | 0→4 | 0→5
2026-09-09T17:18:23.7891675Z godie-u010 | 邪眼師 - 飛影 | melee | 1.30 | 6.00 | 6→6 | 6→6 | 0→7 | 0→10
2026-09-09T17:18:23.7922930Z godie-u01u | 三刀流劍士 - 索隆 | melee | 1.30 | 6.00 | 6→6 | 6→6 | 0→6 | 0→7
2026-09-09T17:18:23.7923977Z godie-u034 | 職業獵人 - 傑 富力士 | melee | 1.30 | 6.00 | 6→6 | 6→6 | 0→7 | 0→11
2026-09-09T17:18:23.7924970Z godie-ubal | 魔界霸主 - 巴恩大魔王 | melee | 5.22 | 6.00 | 6→6 | 6→6 | 0→7 | 0→10
2026-09-09T17:18:23.7925937Z godie-ucrl | 職業獵人 - 傑 富力士 | melee | 1.30 | 6.00 | 4→4 | 4→4 | 0→4 | 0→5
2026-09-09T17:18:23.7926937Z godie-udea | 至尊學長 - 飛鼠先生 | melee | 1.30 | 6.00 | 6→6 | 6→6 | 0→7 | 0→10
2026-09-09T17:18:23.7928128Z godie-udre | 三刀流劍士 - 索隆 | melee | 1.30 | 6.00 | 6→6 | 6→6 | 0→6 | 0→7
2026-09-09T17:18:23.7929101Z godie-umal | 北斗神拳掌門人 - 拳四郎 | melee | 1.30 | 6.00 | 6→6 | 6→6 | 0→6 | 0→7
2026-09-09T17:18:23.7930047Z godie-uvng | 邪眼師 - 飛影 | melee | 1.30 | 6.00 | 6→6 | 6→6 | 0→7 | 0→10
2026-09-09T17:18:23.7931055Z godie-zombiex | 聖杯黑泥醬 - 喪標麥可 | melee | 1.30 | 6.00 | 6→6 | 6→6 | 0→7 | 0→10
2026-09-09T17:18:23.7932384Z sela | Sela, the Ember Sage | ranged | 1.30 | 6.00 | 6→6 | 6→6 | 0→7 | 0→9
2026-09-09T17:18:23.7933487Z thorne | Thorne, the Bramble Knight | melee | 1.30 | 6.00 | 6→6 | 6→6 | 0→7 | 0→9
2026-09-09T17:18:23.7934020Z 
2026-09-09T17:18:23.7934991Z  [32m✓[39m src/sim/autoAttackWhileMovingCensus.test.ts [2m([22m[2m2 tests[22m[2m)[22m[33m 17310[2mms[22m[39m
2026-09-09T17:18:23.7936605Z    [33m[2m✓[22m[39m GH#216 移動指令期間會不會攻擊 —— 全角色矩陣[2m > [22m每一位英雄,四個情境,規則關/開各跑一次 [33m15011[2mms[22m[39m
2026-09-09T17:18:24.3360742Z  [32m✓[39m src/sim/stats/roundGrade.test.ts [2m([22m[2m28 tests[22m[2m)[22m[90m 34[2mms[22m[39m
2026-09-09T17:18:25.1989887Z  [32m✓[39m src/sim/economy/statPath.test.ts [2m([22m[2m20 tests[22m[2m)[22m[90m 56[2mms[22m[39m
2026-09-09T17:18:25.6304454Z  [32m✓[39m src/sim/bodyScaleRange.test.ts [2m([22m[2m24 tests[22m[2m)[22m[33m 1150[2mms[22m[39m
2026-09-09T17:18:25.6318068Z    [33m[2m✓[22m[39m GH#252 —— 出貨曲線:他實際上打得到多遠[2m > [22m一般體型(1.0)= 卡面射程,一格都沒有多 [33m349[2mms[22m[39m
2026-09-09T17:18:25.7189711Z  [32m✓[39m src/sim/mobs.everyArena.test.ts [2m([22m[2m4 tests[22m[2m)[22m[33m 24755[2mms[22m[39m
2026-09-09T17:18:25.7250307Z    [33m[2m✓[22m[39m 殭屍波 · 每一張出貨場地（含 rect 新圖）[2m > [22m⭐ 每一張都生得出殭屍，而且每一隻都落在可玩範圍內 [33m1295[2mms[22m[39m
2026-09-09T17:18:25.7314856Z    [33m[2m✓[22m[39m 殭屍波 · 生成點與英雄走得通（⛔ 不靠旗標放水）[2m > [22m⭐ 每一張出貨場地 × 每區 × 每種身體：六個英雄出生點與每個方向的生成點都在同一塊 [33m18066[2mms[22m[39m
2026-09-09T17:18:25.7340676Z    [33m[2m✓[22m[39m 場地通道淨空（⛔ 門檻從 config × mobProfile 推導）[2m > [22m⭐ 把身體吹胖到 minClearance/2 之後，每一張出貨場地的主幹都還是一塊 [33m5286[2mms[22m[39m
2026-09-09T17:18:26.3256279Z  [32m✓[39m src/content/standinRoster.test.ts [2m([22m[2m7 tests[22m[2m)[22m[33m 326[2mms[22m[39m
2026-09-09T17:18:26.3474131Z  [32m✓[39m src/ops/acceptanceN6.test.ts [2m([22m[2m7 tests[22m[2m)[22m[90m 48[2mms[22m[39m
2026-09-09T17:18:26.5803312Z [90mstderr[2m | src/sim/abilities/inertActives.test.ts
2026-09-09T17:18:26.5835224Z [22m[39m[content] 6 支技能的模板展開失敗，已個別降級（其餘內容照常註冊） · 技能: godie-ofar.e, godie-ofar.ex, godie-ofar.passive, godie-ofar.q, godie-ofar.r, godie-ofar.w · 找不到的模板: tpl-blink, tpl-buff-self, tpl-instant-blast, tpl-single-strike, tpl-transform · 其中 10 份降級後完全沒有效果
2026-09-09T17:18:26.5883025Z 
2026-09-09T17:18:26.5923409Z  [32m✓[39m src/sim/abilities/inertActives.test.ts [2m([22m[2m8 tests[22m[2m)[22m[33m 556[2mms[22m[39m
2026-09-09T17:18:26.5938351Z    [33m[2m✓[22m[39m 58-02 鋼鐵尾巴 (godie-ofar.w) — 補回從沒被移植的那半個暈眩[2m > [22m普攻觸發時受害者真的被暈住 —— 那一 tick 他連 Q 都放不出來 [33m390[2mms[22m[39m
2026-09-09T17:18:27.2476673Z  [32m✓[39m src/content/standinCensus.test.ts [2m([22m[2m8 tests[22m[2m)[22m[90m 39[2mms[22m[39m
2026-09-09T17:18:27.6085725Z  [32m✓[39m src/sim/effects/oncePerCast.test.ts [2m([22m[2m34 tests[22m[2m)[22m[33m 460[2mms[22m[39m
2026-09-09T17:18:27.8724198Z  [32m✓[39m src/sim/coins.test.ts [2m([22m[2m24 tests[22m[2m)[22m[90m 75[2mms[22m[39m
2026-09-09T17:18:27.9079553Z  [32m✓[39m src/sim/combat/critStrike.test.ts [2m([22m[2m17 tests[22m[2m)[22m[90m 57[2mms[22m[39m
2026-09-09T17:18:28.6347237Z  [32m✓[39m src/content/templates/stack.test.ts [2m([22m[2m22 tests[22m[2m)[22m[90m 96[2mms[22m[39m
2026-09-09T17:18:29.5623138Z  [32m✓[39m src/content/championFormVisibility.test.ts [2m([22m[2m5 tests[22m[2m)[22m[90m 206[2mms[22m[39m
2026-09-09T17:18:29.9282246Z  [32m✓[39m src/sim/economy/itemGatedModifiers.test.ts [2m([22m[2m12 tests[22m[2m)[22m[90m 57[2mms[22m[39m
2026-09-09T17:18:30.6629748Z  [32m✓[39m src/ops/adminFormsHandWrittenRatchet.test.ts [2m([22m[2m2 tests[22m[2m)[22m[33m 1233[2mms[22m[39m
2026-09-09T17:18:30.6665958Z    [33m[2m✓[22m[39m 後台表單手寫欄位棘輪[2m > [22m⭐ 手寫欄位數只能變少 [33m1226[2mms[22m[39m
2026-09-09T17:18:31.4956693Z  [32m✓[39m src/content/voxelSkin/paintBarcode.test.ts [2m([22m[2m23 tests[22m[2m)[22m[90m 288[2mms[22m[39m
2026-09-09T17:18:31.5684188Z  [32m✓[39m src/sim/combat/killCombo.test.ts [2m([22m[2m18 tests[22m[2m)[22m[33m 337[2mms[22m[39m
2026-09-09T17:18:34.0973182Z  [32m✓[39m src/sim/combat/block.shipped.test.ts [2m([22m[2m24 tests[22m[2m)[22m[33m 1239[2mms[22m[39m
2026-09-09T17:18:34.1050321Z  [32m✓[39m src/sim/effects/itemCooldownEnv.test.ts [2m([22m[2m6 tests[22m[2m)[22m[33m 2668[2mms[22m[39m
2026-09-09T17:18:34.1064314Z    [33m[2m✓[22m[39m combatEnv.itemCooldown —— 出貨的道具走出貨的授予入口 (#189)[2m > [22m★ 出貨道具的 ICD 真的被 itemCooldown 縮放(3 次 → 2 次) [33m395[2mms[22m[39m
2026-09-09T17:18:34.5315537Z  [32m✓[39m src/content/editModel.test.ts [2m([22m[2m21 tests[22m[2m)[22m[90m 28[2mms[22m[39m
2026-09-09T17:18:34.5444112Z  [32m✓[39m src/ops/acceptanceN1.test.ts [2m([22m[2m6 tests[22m[2m)[22m[90m 27[2mms[22m[39m
2026-09-09T17:18:35.7787266Z  [32m✓[39m src/sim/deathWard.test.ts [2m([22m[2m13 tests[22m[2m)[22m[90m 70[2mms[22m[39m
2026-09-09T17:18:36.0395109Z  [32m✓[39m src/ops/guardMessagesNameTheGenerator.test.ts [2m([22m[2m4 tests[22m[2m)[22m[90m 5[2mms[22m[39m
2026-09-09T17:18:36.3413444Z  [32m✓[39m src/content/standinScale.test.ts [2m([22m[2m10 tests[22m[2m)[22m[90m 14[2mms[22m[39m
2026-09-09T17:18:36.6834357Z  [32m✓[39m src/content/templateFamiliesAreAdopted.test.ts [2m([22m[2m3 tests[22m[2m)[22m[90m 225[2mms[22m[39m
2026-09-09T17:18:36.9234125Z  [32m✓[39m src/sim/statCapsApOpen.test.ts [2m([22m[2m10 tests[22m[2m)[22m[33m 761[2mms[22m[39m
2026-09-09T17:18:37.4504314Z  [32m✓[39m src/content/floatingTextDriftParity.test.ts [2m([22m[2m4 tests[22m[2m)[22m[90m 6[2mms[22m[39m
2026-09-09T17:18:38.3194427Z  [32m✓[39m src/sim/combat/evasion.test.ts [2m([22m[2m14 tests[22m[2m)[22m[33m 740[2mms[22m[39m
2026-09-09T17:18:39.4275505Z  [32m✓[39m src/sim/idleSeekRadius.test.ts [2m([22m[2m8 tests[22m[2m)[22m[33m 653[2mms[22m[39m
2026-09-09T17:18:39.8124552Z  [32m✓[39m src/content/retiredLootTables.test.ts [2m([22m[2m11 tests[22m[2m)[22m[33m 6765[2mms[22m[39m
2026-09-09T17:18:39.8144186Z    [33m[2m✓[22m[39m ① 出貨樹:quest-rewards 退場了,而且是**宣告**的不是漏排的[2m > [22m退場的表被**封存**而不是刪除 —— 而且宣告仍然在 [33m1273[2mms[22m[39m
2026-09-09T17:18:39.8203597Z    [33m[2m✓[22m[39m ② 有人把退場的表排回某回合 → 紅[2m > [22m這條檢查掛在 `ContentLoader` 上 —— 所以 `pnpm content:build` 會擋 [33m1519[2mms[22m[39m
2026-09-09T17:18:39.8243989Z    [33m[2m✓[22m[39m ④ 回合指到一張**不存在**的表 → 紅(以前完全沒有人檢查)[2m > [22m`weaponLootTable` 打錯字會被參照完整性擋下,不再是「那一回合沒有卡」 [33m2065[2mms[22m[39m
2026-09-09T17:18:40.0069298Z  [32m✓[39m src/content/announcerVo.test.ts [2m([22m[2m12 tests[22m[2m)[22m[90m 102[2mms[22m[39m
2026-09-09T17:18:40.8415307Z  [32m✓[39m src/sim/facingLock.test.ts [2m([22m[2m6 tests[22m[2m)[22m[90m 73[2mms[22m[39m
2026-09-09T17:18:41.3483230Z  [32m✓[39m src/content/apCoeffJudgment.test.ts [2m([22m[2m11 tests[22m[2m)[22m[90m 58[2mms[22m[39m
2026-09-09T17:18:42.6129845Z  [32m✓[39m src/sim/effects/lane2Kinds.test.ts [2m([22m[2m5 tests[22m[2m)[22m[90m 45[2mms[22m[39m
2026-09-09T17:18:44.0436548Z  [32m✓[39m src/content/import/resolvedAppearance.test.ts [2m([22m[2m9 tests[22m[2m)[22m[33m 3633[2mms[22m[39m
2026-09-09T17:18:44.0443614Z    [33m[2m✓[22m[39m resolved-appearance@1[2m > [22m★★ ⭐⭐ ②′ 與**註冊表**（＝遊戲真的用的那一份）逐字一致 [33m3480[2mms[22m[39m
2026-09-09T17:18:44.1358730Z  [32m✓[39m src/sim/settledZones.test.ts [2m([22m[2m10 tests[22m[2m)[22m[90m 281[2mms[22m[39m
2026-09-09T17:18:44.1778627Z  [32m✓[39m src/sim/combat/damageTypeOverride.shipped.test.ts [2m([22m[2m6 tests[22m[2m)[22m[33m 1683[2mms[22m[39m
2026-09-09T17:18:45.0044879Z  [32m✓[39m src/content/modelHeadGeometry.test.ts [2m([22m[2m6 tests[22m[2m)[22m[33m 391[2mms[22m[39m
2026-09-09T17:18:45.3114404Z  [32m✓[39m src/sim/economy/shopAttachSites.test.ts [2m([22m[2m6 tests[22m[2m)[22m[33m 7191[2mms[22m[39m
2026-09-09T17:18:45.3134440Z    [33m[2m✓[22m[39m every kind:"item" ModifierSource comes from economy/itemSource.ts[2m > [22mno production file hand-builds one [33m7173[2mms[22m[39m
2026-09-09T17:18:45.5594912Z  [32m✓[39m src/sim/intToMagicResist.test.ts [2m([22m[2m6 tests[22m[2m)[22m[90m 44[2mms[22m[39m
2026-09-09T17:18:45.5840000Z  [32m✓[39m src/sim/systems/moveOrderNoAggro.test.ts [2m([22m[2m7 tests[22m[2m)[22m[90m 181[2mms[22m[39m
2026-09-09T17:18:46.8306773Z  [32m✓[39m src/sim/flowers.test.ts [2m([22m[2m8 tests[22m[2m)[22m[90m 84[2mms[22m[39m
2026-09-09T17:18:47.4353316Z  [32m✓[39m src/sim/healthPctDrain.test.ts [2m([22m[2m13 tests[22m[2m)[22m[33m 643[2mms[22m[39m
2026-09-09T17:18:47.4364007Z    [33m[2m✓[22m[39m 機制 —— 跑真的 tick，血條單調下降並停在地板[2m > [22m打到地板就停 —— 停得**精準**，而且再跑一分鐘也不會更低 [33m401[2mms[22m[39m
2026-09-09T17:18:48.0218379Z  [32m✓[39m src/sim/grantAttributeMaxBasis.test.ts [2m([22m[2m3 tests[22m[2m)[22m[33m 977[2mms[22m[39m
2026-09-09T17:18:48.9207677Z  [32m✓[39m src/sim/combat/pigButcher.shipped.test.ts [2m([22m[2m7 tests[22m[2m)[22m[33m 768[2mms[22m[39m
2026-09-09T17:18:48.9227086Z    [33m[2m✓[22m[39m ② 「無法動作」真的動不了(讀的是 sim 自己的判準,不是狀態 id)[2m > [22ma mob eventually gets stunned — and the stun is the real action gate [33m444[2mms[22m[39m
2026-09-09T17:18:48.9505191Z  [32m✓[39m src/sim/movement/wallBlockDisplacement.test.ts [2m([22m[2m3 tests[22m[2m)[22m[90m 65[2mms[22m[39m
2026-09-09T17:18:49.5996790Z  [32m✓[39m src/content/templates/templateDefaultsCast.test.ts [2m([22m[2m1 test[22m[2m)[22m[33m 2910[2mms[22m[39m
2026-09-09T17:18:49.6016068Z    [33m[2m✓[22m[39m 每一份 enabled 模板的預設展開，在真的 SimWorld 裡施放要有東西動（GH#1078）[2m > [22m★ 全部 enabled：主動 PASS／被動掛上來源／純演出生得出模型 —— ⛔ 沒有一份是 no-op [33m398[2mms[22m[39m
2026-09-09T17:18:49.8108087Z  [32m✓[39m src/ops/vfxSubtypesRatchet.test.ts [2m([22m[2m8 tests[22m[2m)[22m[90m 136[2mms[22m[39m
2026-09-09T17:18:50.9724098Z  [32m✓[39m src/content/championFormsResolve.test.ts [2m([22m[2m6 tests[22m[2m)[22m[33m 979[2mms[22m[39m
2026-09-09T17:18:51.0449980Z  [32m✓[39m src/sim/systems/MobSystem.test.ts [2m([22m[2m15 tests[22m[2m)[22m[33m 338[2mms[22m[39m
2026-09-09T17:18:51.8257870Z  [32m✓[39m src/content/retiredCharacterModels.test.ts [2m([22m[2m7 tests[22m[2m)[22m[33m 1654[2mms[22m[39m
2026-09-09T17:18:51.8267068Z    [33m[2m✓[22m[39m retired KayKit Adventurers characters (#226 owner directive / #240 guard)[2m > [22mno shipped source, content doc, manifest, LOD table or built bundle references one [33m1018[2mms[22m[39m
2026-09-09T17:18:51.8271245Z    [33m[2m✓[22m[39m retired KayKit Adventurers characters (#226 owner directive / #240 guard)[2m > [22mthe SHIPPED credit ledger does not name the Adventurers pack (we do not distribute it) [33m597[2mms[22m[39m
2026-09-09T17:18:52.2491050Z  [32m✓[39m src/content/apCoeffDeviation.test.ts [2m([22m[2m3 tests[22m[2m)[22m[90m 9[2mms[22m[39m
2026-09-09T17:18:52.4852159Z  [32m✓[39m src/ops/normalizerRuleAgreesAcrossEntrypoints.test.ts [2m([22m[2m4 tests[22m[2m)[22m[33m 2337[2mms[22m[39m
2026-09-09T17:18:52.4866467Z    [33m[2m✓[22m[39m 正規化器判準：五個執行點只准有一種說法（GH#1099 · lane-plan #1101）[2m > [22m②③ 校準＋接線：只因這一格而變成產物的檔，genguard 與 hook 都要擋 [33m312[2mms[22m[39m
2026-09-09T17:18:52.4869076Z    [33m[2m✓[22m[39m 正規化器判準：五個執行點只准有一種說法（GH#1099 · lane-plan #1101）[2m > [22m⑤ lane-plan 的「🔒 全域鎖」逐檔等於判準的答案（GH#1101） [33m1791[2mms[22m[39m
2026-09-09T17:18:53.4589257Z  [32m✓[39m src/content/abilityMirror.test.ts [2m([22m[2m4 tests[22m[2m)[22m[90m 71[2mms[22m[39m
2026-09-09T17:18:53.4702758Z  [32m✓[39m src/content/templates/expand.test.ts [2m([22m[2m18 tests[22m[2m)[22m[90m 27[2mms[22m[39m
2026-09-09T17:18:53.9981045Z  [32m✓[39m src/content/modelFxPreset.test.ts [2m([22m[2m4 tests[22m[2m)[22m[90m 148[2mms[22m[39m
2026-09-09T17:18:54.7794923Z  [32m✓[39m src/content/templates/locustTemplates.test.ts [2m([22m[2m3 tests[22m[2m)[22m[90m 14[2mms[22m[39m
2026-09-09T17:18:55.1072124Z  [32m✓[39m src/sim/mobBossKing.test.ts [2m([22m[2m5 tests[22m[2m)[22m[33m 2318[2mms[22m[39m
2026-09-09T17:18:55.3645252Z  [32m✓[39m src/sim/stats/sourceGrants.test.ts [2m([22m[2m6 tests[22m[2m)[22m[90m 19[2mms[22m[39m
2026-09-09T17:18:55.8547173Z  [32m✓[39m src/content/runtimeAlphaBackfill.test.ts [2m([22m[2m3 tests[22m[2m)[22m[90m 13[2mms[22m[39m
2026-09-09T17:18:55.9777842Z  [32m✓[39m src/ops/ugcGateIsArmed.test.ts [2m([22m[2m5 tests[22m[2m)[22m[33m 321[2mms[22m[39m
2026-09-09T17:18:56.2777872Z  [32m✓[39m src/content/championFormVisuals.test.ts [2m([22m[2m14 tests[22m[2m)[22m[90m 18[2mms[22m[39m
2026-09-09T17:18:57.6384437Z  [32m✓[39m src/sim/statCaps.test.ts [2m([22m[2m20 tests[22m[2m)[22m[90m 29[2mms[22m[39m
2026-09-09T17:18:57.6804980Z  [32m✓[39m src/sim/knockbackVsDamage.test.ts [2m([22m[2m6 tests[22m[2m)[22m[90m 296[2mms[22m[39m
2026-09-09T17:18:57.7587996Z  [32m✓[39m src/sim/economy/draftTopUp.test.ts [2m([22m[2m8 tests[22m[2m)[22m[33m 2444[2mms[22m[39m
2026-09-09T17:18:58.2024273Z  [32m✓[39m src/content/abilityCodeParityForms.test.ts [2m([22m[2m3 tests[22m[2m)[22m[90m 144[2mms[22m[39m
2026-09-09T17:18:58.3140538Z  [32m✓[39m src/sim/attributeCoefficients.test.ts [2m([22m[2m4 tests[22m[2m)[22m[90m 11[2mms[22m[39m
2026-09-09T17:18:58.4160959Z  [32m✓[39m src/sim/lichkingSet.test.ts [2m([22m[2m7 tests[22m[2m)[22m[33m 880[2mms[22m[39m
2026-09-09T17:18:58.9424600Z  [32m✓[39m src/ops/referencedCommandsExist.test.ts [2m([22m[2m6 tests[22m[2m)[22m[90m 8[2mms[22m[39m
2026-09-09T17:18:59.7498362Z  [32m✓[39m src/ops/teamGlowCullPolicy.test.ts [2m([22m[2m8 tests[22m[2m)[22m[90m 12[2mms[22m[39m
2026-09-09T17:19:01.2830897Z  [32m✓[39m src/content/locustTailFamilies.test.ts [2m([22m[2m3 tests[22m[2m)[22m[90m 90[2mms[22m[39m
2026-09-09T17:19:01.7312728Z  [32m✓[39m src/sim/dragonSlaveSingleHit.test.ts [2m([22m[2m4 tests[22m[2m)[22m[33m 2228[2mms[22m[39m
2026-09-09T17:19:02.4214713Z  [32m✓[39m src/content/championForms.test.ts [2m([22m[2m8 tests[22m[2m)[22m[90m 46[2mms[22m[39m
2026-09-09T17:19:02.8054821Z  [32m✓[39m src/content/ex-skills.test.ts [2m([22m[2m8 tests[22m[2m)[22m[33m 2799[2mms[22m[39m
2026-09-09T17:19:02.8688373Z  [32m✓[39m src/sim/atFieldBlockBerserkImmunity.test.ts [2m([22m[2m5 tests[22m[2m)[22m[33m 2758[2mms[22m[39m
2026-09-09T17:19:02.8694320Z    [33m[2m✓[22m[39m GH#644 · AT力場格擋 + 暴走負面免疫[2m > [22m③ 格擋機率是一條隨階往上的梯子 —— 頂階實測擋下的次數多於底階 [33m395[2mms[22m[39m
2026-09-09T17:19:03.0794823Z  [32m✓[39m src/content/import/assetManifest.test.ts [2m([22m[2m8 tests[22m[2m)[22m[33m 832[2mms[22m[39m
2026-09-09T17:19:03.0854276Z    [33m[2m✓[22m[39m P1-1 依賴閉包[2m > [22m★★ ⭐ 每一顆 GLB 的**外部引用**都在 manifest 上（⛔ 今天是 0 個，而它會過期） [33m598[2mms[22m[39m
2026-09-09T17:19:04.2788198Z  [32m✓[39m src/content/schema/abilityVfx.test.ts [2m([22m[2m20 tests[22m[2m)[22m[33m 373[2mms[22m[39m
2026-09-09T17:19:04.2814094Z    [33m[2m✓[22m[39m 向後相容:出貨的技能文件一份都不用改[2m > [22m出貨的每一份 ability doc 仍然 parse 得過（新欄位是純附加） [33m325[2mms[22m[39m
2026-09-09T17:19:05.3067837Z  [32m✓[39m src/content/vfxBricksConverge.test.ts [2m([22m[2m4 tests[22m[2m)[22m[33m 1766[2mms[22m[39m
2026-09-09T17:19:05.3072747Z    [33m[2m✓[22m[39m 特效有沒有收斂成積木（GH#916）[2m > [22m⭐ 量尺先自證：掃描器真的讀得到出貨內容 [33m970[2mms[22m[39m
2026-09-09T17:19:05.3089440Z    [33m[2m✓[22m[39m 特效有沒有收斂成積木（GH#916）[2m > [22m★★ ⭐⭐ 每一份出貨 vfx 都要**有人播得到**，或**有一句話說明為什麼沒有** [33m790[2mms[22m[39m
2026-09-09T17:19:06.5244800Z  [32m✓[39m src/sim/systems/FireRingSystem.test.ts [2m([22m[2m8 tests[22m[2m)[22m[33m 640[2mms[22m[39m
2026-09-09T17:19:07.5734584Z  [32m✓[39m src/sim/mobs.roundEndGate.test.ts [2m([22m[2m14 tests[22m[2m)[22m[90m 93[2mms[22m[39m
2026-09-09T17:19:08.1177888Z  [32m✓[39m src/sim/effects/consumeStatus.test.ts [2m([22m[2m24 tests[22m[2m)[22m[90m 167[2mms[22m[39m
2026-09-09T17:19:09.5016643Z  [32m✓[39m src/sim/combatTiming.test.ts [2m([22m[2m10 tests[22m[2m)[22m[90m 167[2mms[22m[39m
2026-09-09T17:19:10.0977199Z  [32m✓[39m src/content/locustQuadFamilies.test.ts [2m([22m[2m3 tests[22m[2m)[22m[90m 78[2mms[22m[39m
2026-09-09T17:19:10.7897088Z  [32m✓[39m src/content/periodicClaimHasMechanism.test.ts [2m([22m[2m1 test[22m[2m)[22m[90m 102[2mms[22m[39m
2026-09-09T17:19:12.3643362Z  [32m✓[39m src/sim/statCapsReach.test.ts [2m([22m[2m6 tests[22m[2m)[22m[90m 180[2mms[22m[39m
2026-09-09T17:19:13.0704708Z  [32m✓[39m src/content/schema/effects/animationFxTemplate.test.ts [2m([22m[2m4 tests[22m[2m)[22m[90m 55[2mms[22m[39m
2026-09-09T17:19:14.4632546Z  [32m✓[39m src/ops/shipScriptWatchdog.test.ts [2m([22m[2m6 tests[22m[2m)[22m[33m 11603[2mms[22m[39m
2026-09-09T17:19:14.4664434Z    [33m[2m✓[22m[39m ship:check 看門狗（GH#858）[2m > [22m★★ 逾時 ⇒ **會結束** · 非零離開碼 · 輸出裡指名那一支（⛔ 不可以看起來像綠燈） [33m11591[2mms[22m[39m
2026-09-09T17:19:14.8368933Z  [32m✓[39m src/sim/blackMudDevour.test.ts [2m([22m[2m10 tests[22m[2m)[22m[90m 108[2mms[22m[39m
2026-09-09T17:19:15.0492750Z [90mstdout[2m | src/sim/weaponClassCoverage.test.ts[2m > [22m[2mweapon class coverage (recipe S8: a total function whose default is wrong)[2m > [22m[2mprints the per-class census — this is the owner-facing report
2026-09-09T17:19:15.0512519Z [22m[39m
2026-09-09T17:19:15.0513967Z   RANGED WEAPON CLASSES — 20 champions
2026-09-09T17:19:15.0529231Z    magic       14 ranged champions
2026-09-09T17:19:15.0545006Z       godie-e00s, godie-e010, godie-emfr, godie-emns, godie-h020, godie-hjai, godie-o00k, godie-o00l, godie-o030, godie-ofar, godie-ogld, godie-orkn, godie-u00k, sela
2026-09-09T17:19:15.0549107Z    bow          4 ranged champions
2026-09-09T17:19:15.0550251Z       godie-etyr, godie-hvwd, godie-n003, godie-n01g
2026-09-09T17:19:15.0551271Z    thrown       2 ranged champions
2026-09-09T17:19:15.0552213Z       godie-e007, godie-n00p
2026-09-09T17:19:15.0552644Z 
2026-09-09T17:19:15.0552795Z 
2026-09-09T17:19:15.0553967Z  [32m✓[39m src/sim/weaponClassCoverage.test.ts [2m([22m[2m7 tests[22m[2m)[22m[33m 3800[2mms[22m[39m
2026-09-09T17:19:16.1443449Z  [32m✓[39m src/content/locustPentaFamilies.test.ts [2m([22m[2m3 tests[22m[2m)[22m[90m 148[2mms[22m[39m
2026-09-09T17:19:16.6444941Z  [32m✓[39m src/protocol/formFlags.test.ts [2m([22m[2m12 tests[22m[2m)[22m[90m 36[2mms[22m[39m
2026-09-09T17:19:17.7063972Z  [32m✓[39m src/sim/lanceGodieI01g.test.ts [2m([22m[2m8 tests[22m[2m)[22m[33m 1063[2mms[22m[39m
2026-09-09T17:19:17.7066997Z    [33m[2m✓[22m[39m 貫雷槍 [緩慢] — an 8% on-attack slow that really slows[2m > [22ma real auto-attack eventually lands it, and the VICTIM actually walks slower [33m326[2mms[22m[39m
2026-09-09T17:19:17.9914173Z  [32m✓[39m src/sim/berserkerPctRegen.test.ts [2m([22m[2m13 tests[22m[2m)[22m[90m 141[2mms[22m[39m
2026-09-09T17:19:18.0774012Z  [32m✓[39m src/ops/w3aTranslationGaps.test.ts [2m([22m[2m7 tests[22m[2m)[22m[33m 2756[2mms[22m[39m
2026-09-09T17:19:18.0775769Z    [33m[2m✓[22m[39m w3a 翻譯落差[2m > [22m① 兩份文件與 gaps.json 仍然等於重新產生的（逐位元組） [33m1544[2mms[22m[39m
2026-09-09T17:19:18.0803599Z    [33m[2m✓[22m[39m w3a 翻譯落差[2m > [22m⑥ ⭐ 同一支技能,接模板前後這支普查給出同一個答案（GH#1104） [33m1207[2mms[22m[39m
2026-09-09T17:19:18.4284315Z  [32m✓[39m src/content/voxelSkin/explain.test.ts [2m([22m[2m13 tests[22m[2m)[22m[90m 184[2mms[22m[39m
2026-09-09T17:19:18.6859869Z  [32m✓[39m src/ops/codexContractNumbers.test.ts [2m([22m[2m5 tests[22m[2m)[22m[90m 287[2mms[22m[39m
2026-09-09T17:19:19.4716742Z  [32m✓[39m src/sim/systems/worldHook.test.ts [2m([22m[2m8 tests[22m[2m)[22m[90m 54[2mms[22m[39m
2026-09-09T17:19:19.5258442Z  [32m✓[39m src/content/schema/effects/variantMirrorsSchema.test.ts [2m([22m[2m1 test[22m[2m)[22m[90m 90[2mms[22m[39m
2026-09-09T17:19:19.9485700Z  [32m✓[39m src/content/modelGeosetAlpha.test.ts [2m([22m[2m16 tests[22m[2m)[22m[90m 21[2mms[22m[39m
2026-09-09T17:19:19.9994452Z  [32m✓[39m src/content/itemCardText.test.ts [2m([22m[2m23 tests[22m[2m)[22m[90m 15[2mms[22m[39m
2026-09-09T17:19:20.9376502Z  [32m✓[39m src/sim/economy/legendaryOrb.test.ts [2m([22m[2m17 tests[22m[2m)[22m[90m 29[2mms[22m[39m
2026-09-09T17:19:21.2793993Z  [32m✓[39m src/sim/clearPools.test.ts [2m([22m[2m10 tests[22m[2m)[22m[90m 83[2mms[22m[39m
2026-09-09T17:19:21.2834305Z  [32m✓[39m src/ops/contentApiCwebpInRuntimeStage.test.ts [2m([22m[2m4 tests[22m[2m)[22m[90m 8[2mms[22m[39m
2026-09-09T17:19:22.4405431Z  [32m✓[39m src/sim/championFormAdoption.test.ts [2m([22m[2m3 tests[22m[2m)[22m[33m 814[2mms[22m[39m
2026-09-09T17:19:22.5870288Z  [32m✓[39m src/sim/combat/restore.test.ts [2m([22m[2m14 tests[22m[2m)[22m[90m 46[2mms[22m[39m
2026-09-09T17:19:22.8414516Z  [32m✓[39m src/sim/mobBossBonus.test.ts [2m([22m[2m14 tests[22m[2m)[22m[90m 44[2mms[22m[39m
2026-09-09T17:19:23.0665558Z  [32m✓[39m src/content/modelIdleGrounding.test.ts [2m([22m[2m56 tests[22m[2m)[22m[90m 206[2mms[22m[39m
2026-09-09T17:19:24.3691296Z  [32m✓[39m src/sim/effects/authGatesWave1.test.ts [2m([22m[2m7 tests[22m[2m)[22m[90m 84[2mms[22m[39m
2026-09-09T17:19:28.5247004Z  [32m✓[39m src/content/skillTierLadder.test.ts [2m([22m[2m8 tests[22m[2m)[22m[33m 4342[2mms[22m[39m
2026-09-09T17:19:28.5252947Z    [33m[2m✓[22m[39m ④ 級距解析真的接到註冊表上（⛔ 不是掃字串）[2m > [22m⭐ 接線：`withTiers` 真的把 rangeTier 一起走了（⛔ 這條才擋得住漏接） [33m1843[2mms[22m[39m
2026-09-09T17:19:30.6258488Z  [32m✓[39m src/content/unsafeTextureQuarantine.test.ts [2m([22m[2m5 tests[22m[2m)[22m[33m 1499[2mms[22m[39m
2026-09-09T17:19:30.6261571Z    [33m[2m✓[22m[39m 不安全 VFX 貼圖的隔離契約 (content-unsafe-texture-quarantine)[2m > [22m② usage 的四個數字當場重算都對得上（⛔ 不是一份寫死的普查） [33m759[2mms[22m[39m
2026-09-09T17:19:30.6264648Z    [33m[2m✓[22m[39m 不安全 VFX 貼圖的隔離契約 (content-unsafe-texture-quarantine)[2m > [22m③ ⭐ 標成 safe 的貼圖,每一份消費它的 vfx 文件都在 safeBlendModes 裡 [33m692[2mms[22m[39m
2026-09-09T17:19:31.0730551Z  [32m✓[39m src/content/championSplitForms.test.ts [2m([22m[2m5 tests[22m[2m)[22m[90m 26[2mms[22m[39m
2026-09-09T17:19:31.6839056Z [90mstderr[2m | src/content/templateFailSoft.test.ts[2m > [22m[2m模板展開失敗 → 只降級那一支，不炸掉整包內容[2m > [22m[2m一個壞掉的模板 ref：其他英雄一隻不少，全部照常註冊
2026-09-09T17:19:31.6842201Z [22m[39m[content] 1 支技能的模板展開失敗，已個別降級（其餘內容照常註冊） · 技能: godie-e001.q · 找不到的模板: tpl-this-template-was-renamed-away · 其中 2 份降級後完全沒有效果
2026-09-09T17:19:31.6843271Z 
2026-09-09T17:19:31.6846598Z [90mstderr[2m | src/content/templateFailSoft.test.ts[2m > [22m[2m模板展開失敗 → 只降級那一支，不炸掉整包內容[2m > [22m[2m降級的那一支：技能還在，但沒有模板效果，而且自己說得出壞掉了
2026-09-09T17:19:31.6851719Z [22m[39m[content] 1 支技能的模板展開失敗，已個別降級（其餘內容照常註冊） · 技能: godie-e001.q · 找不到的模板: tpl-this-template-was-renamed-away · 其中 2 份降級後完全沒有效果
2026-09-09T17:19:31.6853094Z 
2026-09-09T17:19:31.6857052Z [90mstderr[2m | src/content/templateFailSoft.test.ts[2m > [22m[2m模板展開失敗 → 只降級那一支，不炸掉整包內容[2m > [22m[2m鏡像的那一份也降級（英雄槽位裡的那一份才是 sim 讀的）
2026-09-09T17:19:31.6859896Z [22m[39m[content] 1 支技能的模板展開失敗，已個別降級（其餘內容照常註冊） · 技能: godie-e001.q · 找不到的模板: tpl-this-template-was-renamed-away · 其中 2 份降級後完全沒有效果
2026-09-09T17:19:31.6866376Z 
2026-09-09T17:19:31.6867950Z [90mstderr[2m | src/content/templateFailSoft.test.ts[2m > [22m[2m模板展開失敗 → 只降級那一支，不炸掉整包內容[2m > [22m[2m留下事後查得到的紀錄 —— 不是只有當下那一行 console
2026-09-09T17:19:31.6870226Z [22m[39m[content] 1 支技能的模板展開失敗，已個別降級（其餘內容照常註冊） · 技能: godie-e001.q · 找不到的模板: tpl-this-template-was-renamed-away · 其中 2 份降級後完全沒有效果
2026-09-09T17:19:31.6871227Z 
2026-09-09T17:19:31.6873197Z [90mstderr[2m | src/content/templateFailSoft.test.ts[2m > [22m[2m模板展開失敗 → 只降級那一支，不炸掉整包內容[2m > [22m[2m陣列形狀的 template 綁定也不會炸掉整包（舊解析器只讀 link.ref）
2026-09-09T17:19:31.6875608Z [22m[39m[content] 1 支技能的模板展開失敗，已個別降級（其餘內容照常註冊） · 技能: godie-e001.q · 找不到的模板: tpl-this-template-was-renamed-away · 其中 1 份降級後完全沒有效果
2026-09-09T17:19:31.6876621Z 
2026-09-09T17:19:31.6877828Z  [32m✓[39m src/content/templateFailSoft.test.ts [2m([22m[2m9 tests[22m[2m)[22m[33m 5670[2mms[22m[39m
2026-09-09T17:19:31.6879760Z    [33m[2m✓[22m[39m 模板展開失敗 → 只降級那一支，不炸掉整包內容[2m > [22m控制組：完整內容照常註冊，一筆失敗紀錄都沒有 [33m635[2mms[22m[39m
2026-09-09T17:19:31.6881483Z    [33m[2m✓[22m[39m 模板展開失敗 → 只降級那一支，不炸掉整包內容[2m > [22m一個壞掉的模板 ref：其他英雄一隻不少，全部照常註冊 [33m916[2mms[22m[39m
2026-09-09T17:19:31.6883697Z    [33m[2m✓[22m[39m 模板展開失敗 → 只降級那一支，不炸掉整包內容[2m > [22m降級的那一支：技能還在，但沒有模板效果，而且自己說得出壞掉了 [33m389[2mms[22m[39m
2026-09-09T17:19:31.6886986Z    [33m[2m✓[22m[39m 模板展開失敗 → 只降級那一支，不炸掉整包內容[2m > [22m鏡像的那一份也降級（英雄槽位裡的那一份才是 sim 讀的） [33m413[2mms[22m[39m
2026-09-09T17:19:31.6889094Z    [33m[2m✓[22m[39m 模板展開失敗 → 只降級那一支，不炸掉整包內容[2m > [22m留下事後查得到的紀錄 —— 不是只有當下那一行 console [33m368[2mms[22m[39m
2026-09-09T17:19:31.6890852Z    [33m[2m✓[22m[39m 模板展開失敗 → 只降級那一支，不炸掉整包內容[2m > [22m開機日誌喊得出聲 —— 一行，指名不見的模板 [33m384[2mms[22m[39m
2026-09-09T17:19:31.6892849Z    [33m[2m✓[22m[39m 模板展開失敗 → 只降級那一支，不炸掉整包內容[2m > [22m控制組不吵：內容沒問題時一句話都不印 [33m361[2mms[22m[39m
2026-09-09T17:19:31.6894808Z    [33m[2m✓[22m[39m 模板展開失敗 → 只降級那一支，不炸掉整包內容[2m > [22m陣列形狀的 template 綁定也不會炸掉整包（舊解析器只讀 link.ref） [33m394[2mms[22m[39m
2026-09-09T17:19:32.4791603Z  [32m✓[39m src/content/editorCapabilities.test.ts [2m([22m[2m6 tests[22m[2m)[22m[90m 235[2mms[22m[39m
2026-09-09T17:19:33.8046982Z  [32m✓[39m src/sim/effects/lane3Kinds.test.ts [2m([22m[2m4 tests[22m[2m)[22m[90m 114[2mms[22m[39m
2026-09-09T17:19:35.0410805Z  [32m✓[39m src/sim/combat/resourcePctSkipsGlobalMult.test.ts [2m([22m[2m4 tests[22m[2m)[22m[90m 120[2mms[22m[39m
2026-09-09T17:19:35.6044785Z  [32m✓[39m src/sim/gapBatch354.test.ts [2m([22m[2m10 tests[22m[2m)[22m[33m 2238[2mms[22m[39m
2026-09-09T17:19:36.3904349Z  [32m✓[39m src/sim/economy/shopUndo.test.ts [2m([22m[2m10 tests[22m[2m)[22m[90m 38[2mms[22m[39m
2026-09-09T17:19:36.8660877Z  [32m✓[39m src/content/statNormalization.test.ts [2m([22m[2m10 tests[22m[2m)[22m[90m 67[2mms[22m[39m
2026-09-09T17:19:38.6579576Z  [32m✓[39m src/ops/configProseBooleanDefaults.test.ts [2m([22m[2m2 tests[22m[2m)[22m[33m 1336[2mms[22m[39m
2026-09-09T17:19:38.6581874Z    [33m[2m✓[22m[39m 後台說明的布林出貨值[2m > [22m⛔ 不可以宣稱一個與出貨相反的布林預設 —— 要講就寫 {{出貨值}} [33m1311[2mms[22m[39m
2026-09-09T17:19:39.9992973Z  [32m✓[39m src/content/beamArriveVfx.test.ts [2m([22m[2m3 tests[22m[2m)[22m[33m 2010[2mms[22m[39m
2026-09-09T17:19:40.1851469Z  [32m✓[39m src/sim/stats/matchStats.test.ts [2m([22m[2m12 tests[22m[2m)[22m[90m 291[2mms[22m[39m
2026-09-09T17:19:40.6664376Z  [32m✓[39m src/content/legendary49OwnerText.test.ts [2m([22m[2m3 tests[22m[2m)[22m[90m 20[2mms[22m[39m
2026-09-09T17:19:41.4235219Z  [32m✓[39m src/content/blockNoteTruth.test.ts [2m([22m[2m7 tests[22m[2m)[22m[90m 8[2mms[22m[39m
2026-09-09T17:19:41.4241173Z  [32m✓[39m src/sim/stuckEscape.test.ts [2m([22m[2m5 tests[22m[2m)[22m[90m 222[2mms[22m[39m
2026-09-09T17:19:42.5917232Z  [32m✓[39m src/ops/syncIoRuntimeReconcile.test.ts [2m([22m[2m5 tests[22m[2m)[22m[33m 780[2mms[22m[39m
2026-09-09T17:19:43.0588931Z  [32m✓[39m src/sim/SimWorld.test.ts [2m([22m[2m8 tests[22m[2m)[22m[33m 524[2mms[22m[39m
2026-09-09T17:19:44.2317567Z  [32m✓[39m src/sim/content/conditionDerivedStatusTag.test.ts [2m([22m[2m5 tests[22m[2m)[22m[90m 54[2mms[22m[39m
2026-09-09T17:19:46.6205721Z  [32m✓[39m src/sim/millenniumTreants.test.ts [2m([22m[2m1 test[22m[2m)[22m[33m 2448[2mms[22m[39m
2026-09-09T17:19:47.9323946Z  [32m✓[39m src/sim/effects/hookFamily.test.ts [2m([22m[2m4 tests[22m[2m)[22m[90m 35[2mms[22m[39m
2026-09-09T17:19:48.1504200Z  [32m✓[39m src/content/speedGrowthTiers.test.ts [2m([22m[2m2 tests[22m[2m)[22m[33m 2594[2mms[22m[39m
2026-09-09T17:19:48.1532633Z    [33m[2m✓[22m[39m 速度成長五級距（owner 2026-08-21）[2m > [22m② 級別與原值不同的那一位，註冊表上跑的是**級別** —— 接縫真的接上了 [33m412[2mms[22m[39m
2026-09-09T17:19:51.7636472Z  [32m✓[39m src/sim/displaceCueContract.test.ts [2m([22m[2m4 tests[22m[2m)[22m[33m 2169[2mms[22m[39m
2026-09-09T17:19:52.2878629Z  [32m✓[39m src/sim/effects/comboFinisherShowcase.test.ts [2m([22m[2m3 tests[22m[2m)[22m[33m 2489[2mms[22m[39m
2026-09-09T17:19:53.1451616Z  [32m✓[39m src/content/schema/hookAuthoringVocabulary.test.ts [2m([22m[2m12 tests[22m[2m)[22m[90m 47[2mms[22m[39m
2026-09-09T17:19:54.5165185Z [90mstdout[2m | src/sim/effects/chainLightning.test.ts[2m > [22m[2mchainLightning — 逐跳有時間差、隨機挑下一個、逐跳遞減 (do-chain-lightning)[2m > [22m[2m尖峰情境：改前（瞬發）vs 改後（逐跳）的每 tick 成本
2026-09-09T17:19:54.5186568Z [22m[39m[chainLightning] 60 身體 / 480 筆傷害 · 改前(瞬發) 一格 10.32ms · 改後 施放 0.23ms + 有付款的 tick 平均 0.246ms (單格最多 20 發)
2026-09-09T17:19:54.5188622Z [chainLightning] 100 身體 / 480 筆傷害 · 改前(瞬發) 一格 16.72ms · 改後 施放 0.28ms + 有付款的 tick 平均 0.341ms (單格最多 20 發)
2026-09-09T17:19:54.5189540Z 
2026-09-09T17:19:54.5190857Z  [32m✓[39m src/sim/effects/chainLightning.test.ts [2m([22m[2m3 tests[22m[2m)[22m[90m 266[2mms[22m[39m
2026-09-09T17:19:55.6179216Z  [32m✓[39m src/sim/effects/abanTwoStrike.test.ts [2m([22m[2m3 tests[22m[2m)[22m[33m 2238[2mms[22m[39m
2026-09-09T17:19:55.6203999Z    [33m[2m✓[22m[39m 08-04 阿邦快速劍X 是二連技（GH#843 · owner 2026-08-28）[2m > [22m⭐ 印記還在 ⇒ 挨十倍；印記被拔掉 ⇒ 只挨基礎那一發 [33m2232[2mms[22m[39m
2026-09-09T17:19:56.3641866Z  [32m✓[39m src/sim/chaseRange.test.ts [2m([22m[2m9 tests[22m[2m)[22m[33m 685[2mms[22m[39m
2026-09-09T17:19:56.3654887Z    [33m[2m✓[22m[39m chase stops at ATTACK RANGE, not body contact[2m > [22mmelee never halts in the old dead band — every approach phase connects [33m452[2mms[22m[39m
2026-09-09T17:19:57.2644196Z  [32m✓[39m src/content/schema/newKindShape.test.ts [2m([22m[2m3 tests[22m[2m)[22m[90m 14[2mms[22m[39m
2026-09-09T17:19:58.9087951Z  [32m✓[39m src/ops/laneYCommitRefHookMounted.test.ts [2m([22m[2m6 tests[22m[2m)[22m[33m 2872[2mms[22m[39m
2026-09-09T17:19:58.9098403Z    [33m[2m✓[22m[39m commit 訊息閘：掛上去了，而且兩個方向都對[2m > [22m② ⭐ 該放的放得過 —— 正確寫法 · 真票號 · 不是 commit 的指令 [33m1592[2mms[22m[39m
2026-09-09T17:19:58.9243905Z    [33m[2m✓[22m[39m commit 訊息閘：掛上去了，而且兩個方向都對[2m > [22m①⭐ 三條**安靜地**放行的路,現在擋下或出聲 [33m345[2mms[22m[39m
2026-09-09T17:19:58.9271571Z    [33m[2m✓[22m[39m commit 訊息閘：掛上去了，而且兩個方向都對[2m > [22m②⭐ 該放的仍然放得過 —— ⛔ 一條都不可以誤擋 [33m345[2mms[22m[39m
2026-09-09T17:20:00.8474305Z  [32m✓[39m src/content/import/heroPackage.test.ts [2m([22m[2m18 tests[22m[2m)[22m[33m 54881[2mms[22m[39m
2026-09-09T17:20:00.8487487Z    [33m[2m✓[22m[39m complete hero through Main's package representation[2m > [22mround trips a generated counterpart as owned content and rejects an existing identity collision [33m5870[2mms[22m[39m
2026-09-09T17:20:00.8496024Z    [33m[2m✓[22m[39m complete hero through Main's package representation[2m > [22mround trips the exact generator and processor identities alongside the full editable hero [33m6321[2mms[22m[39m
2026-09-09T17:20:00.8500016Z    [33m[2m✓[22m[39m complete hero through Main's package representation[2m > [22mleaves a legacy plan's unknown generator explicit while identifying its current compiler [33m1394[2mms[22m[39m
2026-09-09T17:20:00.8517187Z    [33m[2m✓[22m[39m complete hero through Main's package representation[2m > [22mrejects changed build provenance even with newly signed manifest hashes [33m3009[2mms[22m[39m
2026-09-09T17:20:00.8521725Z    [33m[2m✓[22m[39m complete hero through Main's package representation[2m > [22mrejects missing build provenance even with newly signed manifest hashes [33m2860[2mms[22m[39m
2026-09-09T17:20:00.8526349Z    [33m[2m✓[22m[39m complete hero through Main's package representation[2m > [22mpins a summoned champion and its appearance instead of relying on the server-only baseline [33m3709[2mms[22m[39m
2026-09-09T17:20:00.8530523Z    [33m[2m✓[22m[39m complete hero through Main's package representation[2m > [22mcarries original slot requirements and author notes through ZIP without turning them into verdicts [33m4703[2mms[22m[39m
2026-09-09T17:20:00.8535228Z    [33m[2m✓[22m[39m complete hero through Main's package representation[2m > [22mpins authored subtype calls, compiles them once and rejects missing or changed dependencies [33m3121[2mms[22m[39m
2026-09-09T17:20:00.8539775Z    [33m[2m✓[22m[39m complete hero through Main's package representation[2m > [22mround trips source text, repeated products, locks and six compiled slots through the existing validator [33m4782[2mms[22m[39m
2026-09-09T17:20:00.8544955Z    [33m[2m✓[22m[39m complete hero through Main's package representation[2m > [22mrejects runtime drift even after an attacker recomputes the outer digest [33m3091[2mms[22m[39m
2026-09-09T17:20:00.8548663Z    [33m[2m✓[22m[39m complete hero through Main's package representation[2m > [22mrejects dependency drift even after an attacker recomputes the outer digest [33m2791[2mms[22m[39m
2026-09-09T17:20:00.8552958Z    [33m[2m✓[22m[39m complete hero through Main's package representation[2m > [22mrejects root drift even after an attacker recomputes the outer digest [33m2546[2mms[22m[39m
2026-09-09T17:20:00.8556276Z    [33m[2m✓[22m[39m complete hero through Main's package representation[2m > [22mrejects simulation drift even after an attacker recomputes the outer digest [33m2674[2mms[22m[39m
2026-09-09T17:20:00.8561209Z    [33m[2m✓[22m[39m complete hero through Main's package representation[2m > [22mrejects missing drift even after an attacker recomputes the outer digest [33m2624[2mms[22m[39m
2026-09-09T17:20:00.8565411Z    [33m[2m✓[22m[39m complete hero through Main's package representation[2m > [22mrejects scope drift even after an attacker recomputes the outer digest [33m1404[2mms[22m[39m
2026-09-09T17:20:00.8569149Z    [33m[2m✓[22m[39m complete hero through Main's package representation[2m > [22mrejects manifest drift even after an attacker recomputes the outer digest [33m2521[2mms[22m[39m
2026-09-09T17:20:00.8572719Z    [33m[2m✓[22m[39m complete hero through Main's package representation[2m > [22mrejects changed server defaults instead of silently recompiling the approved version [33m1291[2mms[22m[39m
2026-09-09T17:20:01.8328620Z  [32m✓[39m src/content/templates/simCapabilityDrift.test.ts [2m([22m[2m5 tests[22m[2m)[22m[90m 14[2mms[22m[39m
2026-09-09T17:20:02.9176745Z  [32m✓[39m src/content/periodicFieldAdoptionBlocker.test.ts [2m([22m[2m2 tests[22m[2m)[22m[90m 83[2mms[22m[39m
2026-09-09T17:20:02.9315901Z  [32m✓[39m src/sim/tridentBuffRatio.test.ts [2m([22m[2m3 tests[22m[2m)[22m[33m 2556[2mms[22m[39m
2026-09-09T17:20:03.4294229Z  [32m✓[39m src/ops/redisSnapshotBeforeShutdown.test.ts [2m([22m[2m3 tests[22m[2m)[22m[90m 58[2mms[22m[39m
2026-09-09T17:20:04.6521731Z  [32m✓[39m src/sim/bossAggroRank.test.ts [2m([22m[2m5 tests[22m[2m)[22m[90m 46[2mms[22m[39m
2026-09-09T17:20:07.1519569Z  [32m✓[39m src/content/semanticRoleMarkup.test.ts [2m([22m[2m2 tests[22m[2m)[22m[33m 2245[2mms[22m[39m
2026-09-09T17:20:08.4560262Z  [32m✓[39m src/content/schema/effects/modelFxStagingDuration.test.ts [2m([22m[2m1 test[22m[2m)[22m[33m 2370[2mms[22m[39m
2026-09-09T17:20:08.9324404Z  [32m✓[39m src/content/schema/effects/fxLongAxisVisibleGeometry.test.ts [2m([22m[2m2 tests[22m[2m)[22m[90m 20[2mms[22m[39m
2026-09-09T17:20:09.2077233Z  [32m✓[39m src/sim/systems/autoFarmWhileMoving.test.ts [2m([22m[2m10 tests[22m[2m)[22m[90m 232[2mms[22m[39m
2026-09-09T17:20:10.0604837Z  [32m✓[39m src/sim/effects/travelingWaveTerminalBurst.test.ts [2m([22m[2m1 test[22m[2m)[22m[90m 71[2mms[22m[39m
2026-09-09T17:20:10.4624198Z  [32m✓[39m src/sim/collision/collision.test.ts [2m([22m[2m11 tests[22m[2m)[22m[90m 33[2mms[22m[39m
2026-09-09T17:20:11.1898845Z  [32m✓[39m src/ops/releaseScript.test.ts [2m([22m[2m4 tests[22m[2m)[22m[33m 334[2mms[22m[39m
2026-09-09T17:20:11.2432553Z  [32m✓[39m src/sim/systems/reflectHook.test.ts [2m([22m[2m4 tests[22m[2m)[22m[90m 36[2mms[22m[39m
2026-09-09T17:20:11.6291205Z  [32m✓[39m src/sim/combatFeel.test.ts [2m([22m[2m17 tests[22m[2m)[22m[90m 14[2mms[22m[39m
2026-09-09T17:20:14.5541040Z  [32m✓[39m src/content/castTimeProse.test.ts [2m([22m[2m3 tests[22m[2m)[22m[33m 1934[2mms[22m[39m
2026-09-09T17:20:15.5765686Z  [32m✓[39m src/content/templates/onAttackCondition.test.ts [2m([22m[2m8 tests[22m[2m)[22m[33m 2774[2mms[22m[39m
2026-09-09T17:20:15.5769201Z    [33m[2m✓[22m[39m 獸矛 —— tpl-on-attack 終於說得出自己的範本[2m > [22m★ 1% 的英雄處決分支真的存在 —— 跑夠多刀就會中 [33m2524[2mms[22m[39m
2026-09-09T17:20:16.6562869Z  [32m✓[39m src/content/lineSweepIsDamageLine.test.ts [2m([22m[2m4 tests[22m[2m)[22m[90m 15[2mms[22m[39m
2026-09-09T17:20:17.6574284Z  [32m✓[39m src/ops/shipGateScript.test.ts [2m([22m[2m8 tests[22m[2m)[22m[33m 2769[2mms[22m[39m
2026-09-09T17:20:17.6576807Z    [33m[2m✓[22m[39m pnpm ship:check[2m > [22m★ 什麼旗標都不帶 ⇒ base 預設 origin/main,裁剪引擎**真的**被呼叫（2026-08-23:5 次跑閘裁剪 0 次生效） [33m2693[2mms[22m[39m
2026-09-09T17:20:17.8274250Z  [32m✓[39m src/ops/docsCiteRealCommands.test.ts [2m([22m[2m4 tests[22m[2m)[22m[90m 219[2mms[22m[39m
2026-09-09T17:20:21.6134181Z  [32m✓[39m src/content/descriptionClaims.test.ts [2m([22m[2m2 tests[22m[2m)[22m[33m 2364[2mms[22m[39m
2026-09-09T17:20:23.4213946Z  [32m✓[39m src/content/moveSpeedTiers.test.ts [2m([22m[2m4 tests[22m[2m)[22m[33m 632[2mms[22m[39m
2026-09-09T17:20:23.4230154Z    [33m[2m✓[22m[39m 移速加成五級距 (#789 move-speed-bonus-tiers)[2m > [22m② 載入時解析：註冊之後帶級別的節點 value 就是表上那個數字（技能＋道具＋增益卡） [33m625[2mms[22m[39m
2026-09-09T17:20:24.7322195Z  [32m✓[39m src/sim/stats/resourceStats.test.ts [2m([22m[2m8 tests[22m[2m)[22m[90m 33[2mms[22m[39m
2026-09-09T17:20:28.7774445Z  [32m✓[39m src/sim/spellShieldWholeCast.test.ts [2m([22m[2m4 tests[22m[2m)[22m[33m 2525[2mms[22m[39m
2026-09-09T17:20:30.8453866Z  [32m✓[39m src/sim/auraIncludeSelf.test.ts [2m([22m[2m2 tests[22m[2m)[22m[33m 563[2mms[22m[39m
2026-09-09T17:20:31.3374751Z  [32m✓[39m src/content/regenOutlierOrigin.test.ts [2m([22m[2m3 tests[22m[2m)[22m[90m 5[2mms[22m[39m
2026-09-09T17:20:32.3974337Z  [32m✓[39m src/ops/releaseNotePlayerSectionIsHonest.test.ts [2m([22m[2m3 tests[22m[2m)[22m[33m 727[2mms[22m[39m
2026-09-09T17:20:32.4023839Z    [33m[2m✓[22m[39m 🎮 玩家段落要誠實（GH owner 2026-09-09）[2m > [22m★★ ⭐ **一版真的改到玩家看得到的東西 ⇒ ⛔ 不可以只寫「系統優化更新」** [33m723[2mms[22m[39m
2026-09-09T17:20:35.1046830Z  [32m✓[39m src/sim/combat/penetration.test.ts [2m([22m[2m8 tests[22m[2m)[22m[33m 1393[2mms[22m[39m
2026-09-09T17:20:36.6434769Z  [32m✓[39m src/sim/manualTargetPriority.test.ts [2m([22m[2m4 tests[22m[2m)[22m[90m 51[2mms[22m[39m
2026-09-09T17:20:38.0431104Z  [32m✓[39m src/content/schema/config/configUnionCoversDirectory.test.ts [2m([22m[2m5 tests[22m[2m)[22m[90m 106[2mms[22m[39m
2026-09-09T17:20:38.2124629Z  [32m✓[39m src/content/communityRoom.test.ts [2m([22m[2m6 tests[22m[2m)[22m[33m 18442[2mms[22m[39m
2026-09-09T17:20:38.2174441Z    [33m[2m✓[22m[39m admits a generated counterpart with its approved work without adding a second roster choice [33m2088[2mms[22m[39m
2026-09-09T17:20:38.2204491Z    [33m[2m✓[22m[39m loads approved heroes into an immutable match snapshot without mutating the release base [33m1153[2mms[22m[39m
2026-09-09T17:20:38.2234340Z    [33m[2m✓[22m[39m loads different versions of the same template in one room without sharing mutable definitions [33m3953[2mms[22m[39m
2026-09-09T17:20:38.2237175Z    [33m[2m✓[22m[39m rejects stale dependencies, stale engines, duplicate works, wrong approval hashes, and missing archives [33m639[2mms[22m[39m
2026-09-09T17:20:38.2263804Z    [33m[2m✓[22m[39m rejects a corrupted archive and a forged room manifest before installing content [33m690[2mms[22m[39m
2026-09-09T17:20:38.2294007Z    [33m[2m✓[22m[39m loads package-local uploaded model bindings and shares identical models across approved heroes [33m4118[2mms[22m[39m
2026-09-09T17:20:38.7293466Z  [32m✓[39m src/ops/bricksComplete.test.ts [2m([22m[2m3 tests[22m[2m)[22m[90m 10[2mms[22m[39m
2026-09-09T17:20:39.3334139Z  [32m✓[39m src/sim/combat/lethalSave.test.ts [2m([22m[2m4 tests[22m[2m)[22m[90m 77[2mms[22m[39m
2026-09-09T17:20:39.9979786Z  [32m✓[39m src/content/selfCastRange.test.ts [2m([22m[2m5 tests[22m[2m)[22m[90m 267[2mms[22m[39m
2026-09-09T17:20:41.1930948Z [90mstderr[2m | src/sim/exAbilitiesShipped.test.ts[2m > [22m[2mEX 空殼守衛：出貨 JSON 施放之後玩家真的拿得到[2m > [22m[2m② 20-002：反彈成功之後，攻擊者要在後續多個 tick 繼續中刀（七連斬真的落地）
2026-09-09T17:20:41.1939155Z [22m[39m[spawnModelFx] 節點缺 path（preset=tpl-locust-strike）—— 模板沒有被解析，這一發不會有任何模型。
2026-09-09T17:20:41.1940005Z 
2026-09-09T17:20:41.1941443Z  [32m✓[39m src/sim/exAbilitiesShipped.test.ts [2m([22m[2m2 tests[22m[2m)[22m[33m 843[2mms[22m[39m
2026-09-09T17:20:41.7204370Z  [32m✓[39m src/ops/handWrittenAbilitiesRatchet.test.ts [2m([22m[2m3 tests[22m[2m)[22m[90m 10[2mms[22m[39m
2026-09-09T17:20:44.4156163Z  [32m✓[39m src/content/voxelSkin/paint.test.ts [2m([22m[2m12 tests[22m[2m)[22m[33m 2231[2mms[22m[39m
2026-09-09T17:20:44.4173908Z    [33m[2m✓[22m[39m paintVoxelAtlas[2m > [22mcovers every hair / eye / mouth / top / leg style without a hole [33m1838[2mms[22m[39m
2026-09-09T17:20:44.8340676Z ⛔ 不認得的模式 'lokc' —— 只有 lock|unlock|status|doctor（別名 --doctor）。
2026-09-09T17:20:44.8373271Z    ⚠️ 在此之前這裡會**靜靜跑 unlock 並 exit 0**（GH#815）。
2026-09-09T17:20:44.8454172Z  [32m✓[39m src/ops/quarantineOrphansAndEntrypoints.test.ts [2m([22m[2m5 tests[22m[2m)[22m[33m 4517[2mms[22m[39m
2026-09-09T17:20:44.8465795Z    [33m[2m✓[22m[39m 隔離區體檢 --doctor (quarantine-orphans-and-entrypoints)[2m > [22m⑤ 欄位級擁有權是**量出來的**（field-io.json 過期就紅 —— GH#827） [33m4135[2mms[22m[39m
2026-09-09T17:20:45.7990869Z  [32m✓[39m src/sim/counterAxes.test.ts [2m([22m[2m5 tests[22m[2m)[22m[90m 57[2mms[22m[39m
2026-09-09T17:20:46.0290788Z  [32m✓[39m src/sim/combat/blockVfxShippedAbility.test.ts [2m([22m[2m5 tests[22m[2m)[22m[90m 48[2mms[22m[39m
2026-09-09T17:20:48.7332173Z  [32m✓[39m src/content/abilityMirrorSemantic.test.ts [2m([22m[2m4 tests[22m[2m)[22m[33m 1274[2mms[22m[39m
2026-09-09T17:20:48.7334783Z    [33m[2m✓[22m[39m ② 58-02 鋼鐵尾巴：卡面說的事真的會發生（出貨內容 · 出貨普攻路徑 · 固定種子）[2m > [22mW 1 階：普攻依機率追加非普攻來源的傷害並把目標按住；0 階：兩者都是 0（兩個方向） [33m793[2mms[22m[39m
2026-09-09T17:20:49.9024728Z  [32m✓[39m src/sim/abilities/abilityAugmentCastAndScope.test.ts [2m([22m[2m3 tests[22m[2m)[22m[90m 37[2mms[22m[39m
2026-09-09T17:20:50.2300580Z  [32m✓[39m src/sim/bloodTemple.test.ts [2m([22m[2m2 tests[22m[2m)[22m[33m 2594[2mms[22m[39m
2026-09-09T17:20:51.2820660Z [90mstderr[2m | src/sim/effects/avalonExFollowup.test.ts[2m > [22m[2m理想鄉反彈成功 → EX 的追打（GH#974）[2m > [22m[2m★★ ⭐ 方向①【EX 解鎖】反彈成功 ⇒ 追打真的排出來（20-002 的 17 段靠它）
2026-09-09T17:20:51.2822970Z [22m[39m[spawnModelFx] 節點缺 path（preset=tpl-locust-strike）—— 模板沒有被解析，這一發不會有任何模型。
2026-09-09T17:20:51.2823622Z 
2026-09-09T17:20:51.2825202Z [90mstderr[2m | src/sim/effects/avalonExFollowup.test.ts[2m > [22m[2m理想鄉反彈成功 → EX 的追打（GH#974）[2m > [22m[2m★★ ⭐ 方向②【EX 未解鎖】⇒ ⛔ 不可以有追打（⚠️ 否則上一條對解鎖與否是瞎的）
2026-09-09T17:20:51.2826992Z [22m[39m[spawnModelFx] 節點缺 path（preset=tpl-locust-strike）—— 模板沒有被解析，這一發不會有任何模型。
2026-09-09T17:20:51.2827616Z 
2026-09-09T17:20:51.2832676Z  [32m✓[39m src/sim/effects/avalonExFollowup.test.ts [2m([22m[2m2 tests[22m[2m)[22m[90m 55[2mms[22m[39m
2026-09-09T17:20:51.7822315Z  [32m✓[39m src/ops/regenOutlierRegister.test.ts [2m([22m[2m3 tests[22m[2m)[22m[90m 20[2mms[22m[39m
2026-09-09T17:20:52.5521753Z  [32m✓[39m src/content/buildIndexesValidates.test.ts [2m([22m[2m5 tests[22m[2m)[22m[33m 54927[2mms[22m[39m
2026-09-09T17:20:52.5524874Z    [33m[2m✓[22m[39m pnpm content:build 先驗證再寫入 (build-indexes-validates)[2m > [22m乾淨的樹會通過 —— 沒有這一條,下面那條可能只是它永遠都失敗 [33m17139[2mms[22m[39m
2026-09-09T17:20:52.5527806Z    [33m[2m✓[22m[39m pnpm content:build 先驗證再寫入 (build-indexes-validates)[2m > [22m★ 超過上界的欄位讓 build 失敗,而且訊息指名那個檔與那個欄位 [33m20421[2mms[22m[39m
2026-09-09T17:20:52.5530442Z    [33m[2m✓[22m[39m pnpm content:build 先驗證再寫入 (build-indexes-validates)[2m > [22m★ 驗證失敗時索引與 bundle 完全沒有被改動 [33m4986[2mms[22m[39m
2026-09-09T17:20:52.5533527Z    [33m[2m✓[22m[39m pnpm content:build 先驗證再寫入 (build-indexes-validates)[2m > [22m★ 上架技能的 effects 空了會讓 build 失敗,而且訊息指名那一支 [33m5700[2mms[22m[39m
2026-09-09T17:20:52.5536418Z    [33m[2m✓[22m[39m pnpm content:build 先驗證再寫入 (build-indexes-validates)[2m > [22m★ 第一次見到的集合也要驗,失敗要指名那個檔與那個欄位,而且 bundle 不動 [33m5131[2mms[22m[39m
2026-09-09T17:20:53.0453965Z  [32m✓[39m src/sim/effects/spendHealth.test.ts [2m([22m[2m19 tests[22m[2m)[22m[90m 88[2mms[22m[39m
2026-09-09T17:20:53.6744400Z  [32m✓[39m src/content/shippedBundleIsCurrent.test.ts [2m([22m[2m4 tests[22m[2m)[22m[33m 1860[2mms[22m[39m
2026-09-09T17:20:53.6749589Z    [33m[2m✓[22m[39m 出貨的 content/bundle.json 必須是最新的[2m > [22m★ 每一份文件的雜湊都跟原始檔重建的結果一致（否則玩家收到舊內容） [33m1639[2mms[22m[39m
2026-09-09T17:20:54.0657866Z  [32m✓[39m src/sim/economy/weaponTiers.test.ts [2m([22m[2m11 tests[22m[2m)[22m[90m 22[2mms[22m[39m
2026-09-09T17:20:55.6329104Z  [32m✓[39m src/content/w3xDummyModelWiring.test.ts [2m([22m[2m2 tests[22m[2m)[22m[90m 157[2mms[22m[39m
2026-09-09T17:20:55.6391065Z  [32m✓[39m src/sim/mobs.schedule.test.ts [2m([22m[2m11 tests[22m[2m)[22m[33m 932[2mms[22m[39m
2026-09-09T17:20:55.6404645Z    [33m[2m✓[22m[39m the battlefield really fills up — and really empties (the wiring guard)[2m > [22m5 < 7 < 9 in bodies standing, not just in numbers on a config [33m792[2mms[22m[39m
2026-09-09T17:20:55.6928339Z  [32m✓[39m src/ops/presentationReceiptFresh.test.ts [2m([22m[2m6 tests[22m[2m)[22m[33m 1621[2mms[22m[39m
2026-09-09T17:20:55.6930683Z    [33m[2m✓[22m[39m 演出契約收據（Codex C）[2m > [22m⭐ `--check` 是綠的（紅了不要改收據：跑 `pnpm receipt:build` 然後 git add） [33m1585[2mms[22m[39m
2026-09-09T17:20:56.1368480Z  [32m✓[39m src/content/championBodyScale.test.ts [2m([22m[2m5 tests[22m[2m)[22m[90m 46[2mms[22m[39m
2026-09-09T17:20:57.1733189Z  [32m✓[39m src/ops/todoDoneBeaconsHaveEmitters.test.ts [2m([22m[2m4 tests[22m[2m)[22m[90m 7[2mms[22m[39m
2026-09-09T17:20:57.1953944Z  [32m✓[39m src/sim/effects/travelingWaveAdvance.test.ts [2m([22m[2m1 test[22m[2m)[22m[90m 98[2mms[22m[39m
2026-09-09T17:20:58.4864527Z  [32m✓[39m src/sim/effects/lane1Kinds.test.ts [2m([22m[2m4 tests[22m[2m)[22m[90m 41[2mms[22m[39m
2026-09-09T17:20:59.4801075Z  [32m✓[39m src/sim/mobs.control.test.ts [2m([22m[2m2 tests[22m[2m)[22m[33m 1066[2mms[22m[39m
2026-09-09T17:20:59.4803811Z    [33m[2m✓[22m[39m 喪標麥可小怪的控場量測 (#271)[2m > [22m第 9 場 30 秒滿載殭屍：玩家被殭屍控住 0 tick、被減速 0 tick [33m876[2mms[22m[39m
2026-09-09T17:20:59.8054899Z  [32m✓[39m src/sim/abilities/toggle.test.ts [2m([22m[2m3 tests[22m[2m)[22m[90m 49[2mms[22m[39m
2026-09-09T17:20:59.9004016Z  [32m✓[39m src/sim/spellShieldOneShot.test.ts [2m([22m[2m3 tests[22m[2m)[22m[33m 2393[2mms[22m[39m
2026-09-09T17:21:00.8079924Z  [32m✓[39m src/sim/facingConfig.test.ts [2m([22m[2m7 tests[22m[2m)[22m[90m 52[2mms[22m[39m
2026-09-09T17:21:01.2244334Z  [32m✓[39m src/ops/reviewTriage.test.ts [2m([22m[2m4 tests[22m[2m)[22m[90m 20[2mms[22m[39m
2026-09-09T17:21:01.3223738Z  [32m✓[39m src/sim/combat/typeStreakImmunity.test.ts [2m([22m[2m5 tests[22m[2m)[22m[90m 42[2mms[22m[39m
2026-09-09T17:21:01.3307023Z  [32m✓[39m src/sim/mobLevelCurve.test.ts [2m([22m[2m7 tests[22m[2m)[22m[90m 11[2mms[22m[39m
2026-09-09T17:21:01.8293911Z  [32m✓[39m src/voxel/look.test.ts [2m([22m[2m16 tests[22m[2m)[22m[90m 59[2mms[22m[39m
2026-09-09T17:21:01.8705984Z  [32m✓[39m src/content/tierRawParity.test.ts [2m([22m[2m1 test[22m[2m)[22m[90m 70[2mms[22m[39m
2026-09-09T17:21:02.5621245Z  [32m✓[39m src/sim/cooldownFloor.test.ts [2m([22m[2m6 tests[22m[2m)[22m[90m 38[2mms[22m[39m
2026-09-09T17:21:03.2444225Z  [32m✓[39m src/sim/damageRules.test.ts [2m([22m[2m5 tests[22m[2m)[22m[90m 54[2mms[22m[39m
2026-09-09T17:21:03.2924414Z  [32m✓[39m src/ops/composeBindSourcesTracked.test.ts [2m([22m[2m2 tests[22m[2m)[22m[33m 323[2mms[22m[39m
2026-09-09T17:21:03.2927309Z    [33m[2m✓[22m[39m compose 的 bind 來源都要有人負責（GH#859）[2m > [22m⭐ 每一個 repo 內的 bind 來源，要嘛被 git 追蹤、要嘛被 gitignore —— ⛔ 不可以兩者皆非 [33m320[2mms[22m[39m
2026-09-09T17:21:05.6836612Z  [32m✓[39m src/sim/content/bankaiFormGate.test.ts [2m([22m[2m1 test[22m[2m)[22m[33m 2138[2mms[22m[39m
2026-09-09T17:21:06.8754152Z  [32m✓[39m src/content/templatizeEquivalence.test.ts [2m([22m[2m3 tests[22m[2m)[22m[90m 241[2mms[22m[39m
2026-09-09T17:21:07.3044648Z  [32m✓[39m src/sim/effects/fanRotation.test.ts [2m([22m[2m12 tests[22m[2m)[22m[90m 13[2mms[22m[39m
2026-09-09T17:21:07.3224277Z  [32m✓[39m src/sim/berserkUncontrollable.test.ts [2m([22m[2m2 tests[22m[2m)[22m[33m 2474[2mms[22m[39m
2026-09-09T17:21:07.5174274Z  [32m✓[39m src/content/boneOnVictimContent.test.ts [2m([22m[2m2 tests[22m[2m)[22m[33m 2650[2mms[22m[39m
2026-09-09T17:21:08.3422376Z  [32m✓[39m src/content/templates/resourceCharge.test.ts [2m([22m[2m7 tests[22m[2m)[22m[90m 8[2mms[22m[39m
2026-09-09T17:21:08.7444068Z  [32m✓[39m src/sim/grievousWounds.test.ts [2m([22m[2m4 tests[22m[2m)[22m[90m 57[2mms[22m[39m
2026-09-09T17:21:08.9388113Z  [32m✓[39m src/sim/castabilityVfxOnly.test.ts [2m([22m[2m6 tests[22m[2m)[22m[90m 72[2mms[22m[39m
2026-09-09T17:21:09.4515063Z  [32m✓[39m src/content/import/descriptionTokens.test.ts [2m([22m[2m12 tests[22m[2m)[22m[90m 51[2mms[22m[39m
2026-09-09T17:21:10.2040937Z  [32m✓[39m src/content/locustCrescent.test.ts [2m([22m[2m3 tests[22m[2m)[22m[90m 24[2mms[22m[39m
2026-09-09T17:21:11.4361463Z  [32m✓[39m src/content/projectileElement.test.ts [2m([22m[2m5 tests[22m[2m)[22m[90m 97[2mms[22m[39m
2026-09-09T17:21:13.1874250Z  [32m✓[39m src/content/dragonStaging.test.ts [2m([22m[2m2 tests[22m[2m)[22m[33m 2202[2mms[22m[39m
2026-09-09T17:21:13.8515541Z  [32m✓[39m src/sim/effects/ccImmunityCoversMissChance.test.ts [2m([22m[2m3 tests[22m[2m)[22m[33m 930[2mms[22m[39m
2026-09-09T17:21:14.5982283Z  [32m✓[39m src/ops/clientContentImports.test.ts [2m([22m[2m1 test[22m[2m)[22m[33m 366[2mms[22m[39m
2026-09-09T17:21:14.6024253Z    [33m[2m✓[22m[39m 客戶端跨界 import 進 content/ 的檔案（GH#437）[2m > [22m每一份都在 edge 的建置脈絡裡，且沒有多餘的 COPY [33m361[2mms[22m[39m
2026-09-09T17:21:14.8897542Z  [32m✓[39m src/ops/traceSingleStep.test.ts [2m([22m[2m4 tests[22m[2m)[22m[33m 6107[2mms[22m[39m
2026-09-09T17:21:14.8924080Z    [33m[2m✓[22m[39m trace.mjs --script <一步> (trace-single-step, GH#1034)[2m > [22m① 單步 ⇒ 只動那一步（聯集 ＋ 日期戳→glob），其餘步驟逐位元組不變 [33m975[2mms[22m[39m
2026-09-09T17:21:14.8954304Z    [33m[2m✓[22m[39m trace.mjs --script <一步> (trace-single-step, GH#1034)[2m > [22m② 量到 0 讀 ⇒ 非零離開、檔案一個位元組不動、訊息指名；--allow-empty-reads 帶理由才放行 [33m449[2mms[22m[39m
2026-09-09T17:21:14.8984096Z    [33m[2m✓[22m[39m trace.mjs --script <一步> (trace-single-step, GH#1034)[2m > [22m③ 沙盒陳舊＝依賴指紋（GH#1056）：只改 script（＋新來源檔）⇒ 重用且同步進去；改依賴 ⇒ 重建 [33m2806[2mms[22m[39m
2026-09-09T17:21:14.8991550Z    [33m[2m✓[22m[39m trace.mjs --script <一步> (trace-single-step, GH#1034)[2m > [22m④ genrun 的對帳快照對探針隱形（GH#1056）：走 genrun 的步驟，reads 只有它真的讀的、writes 不含鎖檔 [33m1875[2mms[22m[39m
2026-09-09T17:21:15.8096507Z  [32m✓[39m src/sim/economy/shopAccess.test.ts [2m([22m[2m10 tests[22m[2m)[22m[90m 34[2mms[22m[39m
2026-09-09T17:21:16.0804135Z  [32m✓[39m src/sim/effects/devour.test.ts [2m([22m[2m5 tests[22m[2m)[22m[90m 39[2mms[22m[39m
2026-09-09T17:21:16.3494443Z  [32m✓[39m src/content/import/manifestPathSegments.test.ts [2m([22m[2m3 tests[22m[2m)[22m[90m 64[2mms[22m[39m
2026-09-09T17:21:16.5694185Z  [32m✓[39m src/ops/knobValueNotRestated.test.ts [2m([22m[2m2 tests[22m[2m)[22m[33m 3007[2mms[22m[39m
2026-09-09T17:21:16.5733825Z    [33m[2m✓[22m[39m 編輯器契約只描述原始資料[2m > [22m⛔ docs/editor-contract 裡一處系統倍率都不可以有 [33m3004[2mms[22m[39m
2026-09-09T17:21:17.6176293Z  [32m✓[39m src/sim/aimPriority.test.ts [2m([22m[2m8 tests[22m[2m)[22m[90m 38[2mms[22m[39m
2026-09-09T17:21:17.6878279Z  [32m✓[39m src/content/locustTornadoElemental.test.ts [2m([22m[2m2 tests[22m[2m)[22m[90m 29[2mms[22m[39m
2026-09-09T17:21:18.9683205Z  [32m✓[39m src/sim/systems/lolCommandDetails.test.ts [2m([22m[2m5 tests[22m[2m)[22m[90m 53[2mms[22m[39m
2026-09-09T17:21:19.2114123Z  [32m✓[39m src/content/dummyOrb.test.ts [2m([22m[2m4 tests[22m[2m)[22m[90m 41[2mms[22m[39m
2026-09-09T17:21:19.6482210Z  [32m✓[39m src/ops/laneDOCSContractSilence.test.ts [2m([22m[2m2 tests[22m[2m)[22m[90m 57[2mms[22m[39m
2026-09-09T17:21:20.7590191Z  [32m✓[39m src/content/ownerGeometryRulings.test.ts [2m([22m[2m2 tests[22m[2m)[22m[33m 2737[2mms[22m[39m
2026-09-09T17:21:20.7598122Z    [33m[2m✓[22m[39m 產生器的 `rng` 接縫是活的（common.py SPEC_OWNED）[2m > [22m改 hero 檔的施法距離級別，重生成的 JSON 要跟著動 [33m510[2mms[22m[39m
2026-09-09T17:21:21.0417097Z  [32m✓[39m src/ops/visualProofScript.test.ts [2m([22m[2m3 tests[22m[2m)[22m[33m 970[2mms[22m[39m
2026-09-09T17:21:21.0422522Z    [33m[2m✓[22m[39m scripts/visual-proof.sh[2m > [22m--new 蓋的 HEAD 撈得到；骨架不算證據；報告沒寫 HEAD ⇒ 大聲指名（strict 才擋） [33m595[2mms[22m[39m
2026-09-09T17:21:21.4144679Z  [32m✓[39m src/ops/w3xFilterModeContract.test.ts [2m([22m[2m8 tests[22m[2m)[22m[90m 11[2mms[22m[39m
2026-09-09T17:21:21.6444272Z  [32m✓[39m src/sim/daggerGodieI039.test.ts [2m([22m[2m2 tests[22m[2m)[22m[33m 1159[2mms[22m[39m
2026-09-09T17:21:21.6474461Z    [33m[2m✓[22m[39m 幻之匕首 [普通攻擊時] 3%機率造成敵方 20%生命傷害[2m > [22ma real auto-attack duel procs it, and each chunk is hpPct × the victim's CURRENT hp [33m478[2mms[22m[39m
2026-09-09T17:21:22.6783725Z  [32m✓[39m src/sim/aimHoldCadence.test.ts [2m([22m[2m4 tests[22m[2m)[22m[90m 37[2mms[22m[39m
2026-09-09T17:21:23.2532575Z  [32m✓[39m src/content/schema/config/controllerScheme.test.ts [2m([22m[2m9 tests[22m[2m)[22m[90m 24[2mms[22m[39m
2026-09-09T17:21:23.3106662Z  [32m✓[39m src/sim/content/conditionStatusTag.test.ts [2m([22m[2m5 tests[22m[2m)[22m[33m 418[2mms[22m[39m
2026-09-09T17:21:23.3109267Z    [33m[2m✓[22m[39m 目標身上有某一類狀態時[2m > [22m★ ⑤ tags 是從 `status-effect@1` 文件經 `registerAll` 送進 sim 的 [33m365[2mms[22m[39m
2026-09-09T17:21:23.5788301Z  [32m✓[39m src/content/remadeMechanismsLanded.test.ts [2m([22m[2m1 test[22m[2m)[22m[90m 6[2mms[22m[39m
2026-09-09T17:21:23.8197164Z  [32m✓[39m src/ops/miniDeployStopsOnBuildFailure.test.ts [2m([22m[2m3 tests[22m[2m)[22m[90m 102[2mms[22m[39m
2026-09-09T17:21:24.7909141Z  [32m✓[39m src/content/animPulseSingleHome.test.ts [2m([22m[2m5 tests[22m[2m)[22m[33m 852[2mms[22m[39m
2026-09-09T17:21:24.7923954Z    [33m[2m✓[22m[39m 動作脈衝的詞彙表只有一個住處（GH#940）[2m > [22m⭐ 出貨原始碼裡沒有第二份手抄的脈衝聯集 [33m470[2mms[22m[39m
2026-09-09T17:21:24.7953800Z    [33m[2m✓[22m[39m 動作脈衝的詞彙表只有一個住處（GH#940）[2m > [22m⭐⭐ **狀態格**那一軸也只有一個住處（2026-09-02 剛從六個收成一個） [33m378[2mms[22m[39m
2026-09-09T17:21:25.0636083Z  [32m✓[39m src/content/displacementTiers.test.ts [2m([22m[2m6 tests[22m[2m)[22m[90m 127[2mms[22m[39m
2026-09-09T17:21:25.2504356Z  [32m✓[39m src/sim/effects/gonGuessPunch.test.ts [2m([22m[2m5 tests[22m[2m)[22m[33m 2536[2mms[22m[39m
2026-09-09T17:21:25.2524171Z    [33m[2m✓[22m[39m GH#1020 小傑 06-00 猜猜拳 —— 三個距離變體 ＋ 山形修煉的加強 ＋ 殺意的追加[2m > [22m① 近距離 = 石頭：主目標挨打且被擊飛，遠處的旁觀者一根毛都沒掉 [33m2486[2mms[22m[39m
2026-09-09T17:21:25.9662971Z  [32m✓[39m src/ops/agentsMdIsHonest.test.ts [2m([22m[2m3 tests[22m[2m)[22m[90m 274[2mms[22m[39m
2026-09-09T17:21:26.4295946Z  [32m✓[39m src/content/tierFlatExclusive.test.ts [2m([22m[2m4 tests[22m[2m)[22m[90m 10[2mms[22m[39m
2026-09-09T17:21:26.4554214Z  [32m✓[39m src/sim/combat/attackStickiness.test.ts [2m([22m[2m3 tests[22m[2m)[22m[33m 374[2mms[22m[39m
2026-09-09T17:21:27.3469341Z  [32m✓[39m src/sim/economy/offerCraftRoleGate.test.ts [2m([22m[2m3 tests[22m[2m)[22m[90m 16[2mms[22m[39m
2026-09-09T17:21:28.4763836Z [90mstderr[2m | src/sim/effects/avalonReflectFeedback.test.ts[2m > [22m[2m#549 理想鄉反彈成功的視覺回饋[2m > [22m[2m★ 只點 R（⛔ 沒有 EX）反彈成功 → 爆炸長在**被反彈者**身上、兩邊都閃、全場震
2026-09-09T17:21:28.4776969Z [22m[39m[spawnModelFx] 節點缺 path（preset=tpl-locust-strike）—— 模板沒有被解析，這一發不會有任何模型。
2026-09-09T17:21:28.4777669Z 
2026-09-09T17:21:28.4779161Z  [32m✓[39m src/sim/effects/avalonReflectFeedback.test.ts [2m([22m[2m1 test[22m[2m)[22m[90m 36[2mms[22m[39m
2026-09-09T17:21:29.4914248Z  [32m✓[39m src/sim/effects/spawnVfx.test.ts [2m([22m[2m6 tests[22m[2m)[22m[90m 18[2mms[22m[39m
2026-09-09T17:21:30.5716989Z  [32m✓[39m src/sim/effects/devourPassiveIcd.test.ts [2m([22m[2m2 tests[22m[2m)[22m[33m 2487[2mms[22m[39m
2026-09-09T17:21:30.6225031Z [90mstdout[2m | src/ops/damageOriginBuckets.test.ts[2m > [22m[2m閘③：傷害分桶涵蓋 100%（GH#1030 假前提 #4）[2m > [22m[2m動態：真的對局裡每一發 damage 都落桶，Σ桶 = Σ全部，技能／普攻／被動三桶各自非空
2026-09-09T17:21:30.6229845Z [22m[39m[GH#1030 閘③] 三桶以上：{"basic":2471.641579389323,"ability":748.1814770344341,"passive":48103.97259800268}
2026-09-09T17:21:30.6231003Z 
2026-09-09T17:21:30.6232677Z  [32m✓[39m src/ops/damageOriginBuckets.test.ts [2m([22m[2m2 tests[22m[2m)[22m[33m 2437[2mms[22m[39m
2026-09-09T17:21:31.4294337Z  [32m✓[39m src/map/backdrop.test.ts [2m([22m[2m8 tests[22m[2m)[22m[90m 235[2mms[22m[39m
2026-09-09T17:21:32.5505275Z  [32m✓[39m src/ops/transformRetireGate.test.ts [2m([22m[2m1 test[22m[2m)[22m[90m 115[2mms[22m[39m
2026-09-09T17:21:32.9160820Z  [32m✓[39m src/sim/immobileGrant.test.ts [2m([22m[2m3 tests[22m[2m)[22m[33m 712[2mms[22m[39m
2026-09-09T17:21:33.7474368Z  [32m✓[39m src/content/shippedModelFxAbilities.test.ts [2m([22m[2m2 tests[22m[2m)[22m[33m 2538[2mms[22m[39m
2026-09-09T17:21:34.1645375Z [90mstdout[2m | src/content/statusTagOpenness.test.ts[2m > [22m[2m狀態 tag 的開放架構[2m > [22m[2m沒有跟別的 tag 只差一個字的孤兒 tag（打錯字）；其餘孤兒列出來給人看
2026-09-09T17:21:34.1676329Z [22m[39m[status-tags] 目前獨一無二的類別 tag：combo-mark, drunk, armor-down, physical, auto-target, elemental, recall-anchor, friendly-fire, cooldown, internal-cooldown, self, internal, empower, flee, grail-wish, next-attack, projectile, magic-resist-down, magical, empowered, heal-block, channel, self-lock, toxic, frenzy, lifesteal-up, immobilize, immunity, generic, empowered-next
2026-09-09T17:21:34.1700524Z 
2026-09-09T17:21:34.1707348Z  [32m✓[39m src/content/statusTagOpenness.test.ts [2m([22m[2m3 tests[22m[2m)[22m[90m 25[2mms[22m[39m
2026-09-09T17:21:34.3124319Z  [32m✓[39m src/content/import/validatePackage.test.ts [2m([22m[2m9 tests[22m[2m)[22m[90m 65[2mms[22m[39m
2026-09-09T17:21:34.9573614Z  [32m✓[39m src/content/modelTexture.test.ts [2m([22m[2m3 tests[22m[2m)[22m[90m 19[2mms[22m[39m
2026-09-09T17:21:35.0300552Z  [32m✓[39m src/ops/announceLedgerIsWritten.test.ts [2m([22m[2m2 tests[22m[2m)[22m[33m 476[2mms[22m[39m
2026-09-09T17:21:35.0302221Z    [33m[2m✓[22m[39m Discord 公告發成功就要記帳（owner 2026-09-01：每個版本號都不能跳過）[2m > [22m★ ⭐ 跑真的那一支：發成功 ⇒ `_announced.tsv` 長出這一版（⛔ 不是掃字串） [33m360[2mms[22m[39m
2026-09-09T17:21:36.2784266Z  [32m✓[39m src/sim/effects/modelFxAndCues.test.ts [2m([22m[2m2 tests[22m[2m)[22m[90m 90[2mms[22m[39m
2026-09-09T17:21:36.5285812Z  [32m✓[39m src/content/abilityShadowing.test.ts [2m([22m[2m7 tests[22m[2m)[22m[90m 39[2mms[22m[39m
2026-09-09T17:21:37.1341348Z  [32m✓[39m src/sim/knockbackRoster.test.ts [2m([22m[2m2 tests[22m[2m)[22m[33m 2431[2mms[22m[39m
2026-09-09T17:21:38.3191286Z  [32m✓[39m src/sim/abilities/statusCost.test.ts [2m([22m[2m8 tests[22m[2m)[22m[90m 48[2mms[22m[39m
2026-09-09T17:21:39.1791367Z  [32m✓[39m src/sim/auraCarrierContent.test.ts [2m([22m[2m2 tests[22m[2m)[22m[33m 988[2mms[22m[39m
2026-09-09T17:21:39.4027538Z ⛔ 這支腳本只量測,不寫 content。
2026-09-09T17:21:39.4036004Z    要更新 pitchDeg 請跑：python3 tools/w3x-import/build_pitch.py
2026-09-09T17:21:39.6564279Z  [32m✓[39m src/content/weaponTierTables.test.ts [2m([22m[2m3 tests[22m[2m)[22m[90m 14[2mms[22m[39m
2026-09-09T17:21:40.8084634Z  [32m✓[39m src/sim/effects/statusBuffFamily.test.ts [2m([22m[2m3 tests[22m[2m)[22m[90m 60[2mms[22m[39m
2026-09-09T17:21:41.3188466Z  [32m✓[39m src/ops/playerNoteNeverEmpty.test.ts [2m([22m[2m3 tests[22m[2m)[22m[90m 125[2mms[22m[39m
2026-09-09T17:21:41.3581658Z ⛔ 這支腳本只量測,不寫 content。
2026-09-09T17:21:41.3623187Z    要更新 pitchDeg 請跑：python3 tools/w3x-import/build_pitch.py
2026-09-09T17:21:41.5046952Z  [32m✓[39m src/ops/pitchDerived.test.ts [2m([22m[2m3 tests[22m[2m)[22m[33m 4849[2mms[22m[39m
2026-09-09T17:21:41.5074115Z    [33m[2m✓[22m[39m 仰角 pitchDeg 是推導的,而且只有一個寫入者 (GH#456)[2m > [22m① 出貨的 pitchDeg 還等於現在重算一次的結果 [33m2470[2mms[22m[39m
2026-09-09T17:21:41.5133785Z    [33m[2m✓[22m[39m 仰角 pitchDeg 是推導的,而且只有一個寫入者 (GH#456)[2m > [22m② ⭐ 兩支舊腳本被要求寫 content 時拒絕,而且真的沒動到那個檔 [33m2233[2mms[22m[39m
2026-09-09T17:21:43.7140520Z  [32m✓[39m src/sim/gladiariaAlatOnAttack.test.ts [2m([22m[2m1 test[22m[2m)[22m[33m 741[2mms[22m[39m
2026-09-09T17:21:44.1596750Z  [32m✓[39m src/content/emptyCardClaims.test.ts [2m([22m[2m2 tests[22m[2m)[22m[90m 67[2mms[22m[39m
2026-09-09T17:21:45.1026564Z  [32m✓[39m src/content/castTimeShippedRegistry.test.ts [2m([22m[2m3 tests[22m[2m)[22m[33m 2370[2mms[22m[39m
2026-09-09T17:21:45.3506167Z  [32m✓[39m src/sim/stats/attackTypeEnvFactors.test.ts [2m([22m[2m4 tests[22m[2m)[22m[90m 15[2mms[22m[39m
2026-09-09T17:21:47.0148652Z  [32m✓[39m src/sim/effects/exOriginStructuralFix.test.ts [2m([22m[2m2 tests[22m[2m)[22m[90m 118[2mms[22m[39m
2026-09-09T17:21:47.5389520Z  [32m✓[39m src/content/templateDefaultsHaveOrigin.test.ts [2m([22m[2m4 tests[22m[2m)[22m[90m 51[2mms[22m[39m
2026-09-09T17:21:47.6216787Z  [32m✓[39m src/sim/effects/hookChanceFlat.test.ts [2m([22m[2m3 tests[22m[2m)[22m[33m 1039[2mms[22m[39m
2026-09-09T17:21:48.8062839Z  [32m✓[39m src/sim/movement.test.ts [2m([22m[2m4 tests[22m[2m)[22m[90m 71[2mms[22m[39m
2026-09-09T17:21:49.0976702Z  [32m✓[39m src/ops/contentCacheShippedPath.test.ts [2m([22m[2m4 tests[22m[2m)[22m[33m 9262[2mms[22m[39m
2026-09-09T17:21:49.1021704Z    [33m[2m✓[22m[39m GH#717 出貨容器那條路[2m > [22m① 承重：CONTENT_DIR 宣告的樹**會**進快取（在此之前它保證 miss 而且靜默） [33m1862[2mms[22m[39m
2026-09-09T17:21:49.1023740Z    [33m[2m✓[22m[39m GH#717 出貨容器那條路[2m > [22m② 沒有宣告過的樹仍然退回,而且**說得出來**(fail-open 沒錯,靜默才是缺陷) [33m1340[2mms[22m[39m
2026-09-09T17:21:49.1053611Z    [33m[2m✓[22m[39m GH#717 出貨容器那條路[2m > [22m③ 真的用**出貨映像的佈局**跑一次 loadContentCached（⓶⓷ 的守衛） [33m5783[2mms[22m[39m
2026-09-09T17:21:49.8531030Z  [32m✓[39m src/voxel/figure.test.ts [2m([22m[2m14 tests[22m[2m)[22m[90m 62[2mms[22m[39m
2026-09-09T17:21:50.3974036Z  [32m✓[39m src/content/balanceAnchors.test.ts [2m([22m[2m3 tests[22m[2m)[22m[90m 83[2mms[22m[39m
2026-09-09T17:21:50.4571196Z  [32m✓[39m src/content/loaderQuarantine.test.ts [2m([22m[2m4 tests[22m[2m)[22m[90m 15[2mms[22m[39m
2026-09-09T17:21:51.5244892Z  [32m✓[39m src/content/heroForge/planControls.test.ts [2m([22m[2m26 tests[22m[2m)[22m[33m 2765[2mms[22m[39m
2026-09-09T17:21:51.5258205Z    [33m[2m✓[22m[39m hero plan designer controls[2m > [22mequips active innate and passive EX products through their actual mechanisms [33m324[2mms[22m[39m
2026-09-09T17:21:51.6429218Z  [32m✓[39m src/sim/economy/shop.test.ts [2m([22m[2m5 tests[22m[2m)[22m[90m 17[2mms[22m[39m
2026-09-09T17:21:51.9554606Z  [32m✓[39m src/content/locustMonsoonBolt.test.ts [2m([22m[2m2 tests[22m[2m)[22m[90m 74[2mms[22m[39m
2026-09-09T17:21:52.9024625Z  [32m✓[39m src/sim/weakness.test.ts [2m([22m[2m4 tests[22m[2m)[22m[90m 109[2mms[22m[39m
2026-09-09T17:21:52.9358275Z  [32m✓[39m src/sim/effects/casterScopedStatus.test.ts [2m([22m[2m10 tests[22m[2m)[22m[90m 56[2mms[22m[39m
2026-09-09T17:21:53.6798004Z  [32m✓[39m src/ops/liveWriteBoundsMatchSchema.test.ts [2m([22m[2m2 tests[22m[2m)[22m[90m 280[2mms[22m[39m
2026-09-09T17:21:53.8994442Z  [32m✓[39m src/ops/crossheroAssetMisbind.test.ts [2m([22m[2m5 tests[22m[2m)[22m[90m 173[2mms[22m[39m
2026-09-09T17:21:54.0434511Z  [32m✓[39m src/ops/messageLedgerScript.test.ts [2m([22m[2m3 tests[22m[2m)[22m[33m 744[2mms[22m[39m
2026-09-09T17:21:54.0504295Z    [33m[2m✓[22m[39m 逐則對票 scripts/message-ledger.sh[2m > [22m🔴 --check 兩種紅：訊息漏了列 / 列還是「⏸ 未對票」 [33m405[2mms[22m[39m
2026-09-09T17:21:54.4574551Z  [32m✓[39m src/sim/combat/shippedBlockVfxAttaches.test.ts [2m([22m[2m3 tests[22m[2m)[22m[90m 7[2mms[22m[39m
2026-09-09T17:21:54.9613259Z  [32m✓[39m src/content/brickDemandCensus.test.ts [2m([22m[2m4 tests[22m[2m)[22m[90m 151[2mms[22m[39m
2026-09-09T17:21:55.0924100Z  [32m✓[39m src/content/generatorBoundTemplateEquivalence.test.ts [2m([22m[2m3 tests[22m[2m)[22m[90m 33[2mms[22m[39m
2026-09-09T17:21:55.3084035Z  [32m✓[39m src/content/import/effectiveVfxLimitsParity.test.ts [2m([22m[2m5 tests[22m[2m)[22m[90m 19[2mms[22m[39m
2026-09-09T17:21:56.2978307Z  [32m✓[39m src/sim/exclusiveDisarmNegate.test.ts [2m([22m[2m3 tests[22m[2m)[22m[90m 93[2mms[22m[39m
2026-09-09T17:21:56.6305570Z  [32m✓[39m src/sim/fireRingRectZone.test.ts [2m([22m[2m3 tests[22m[2m)[22m[90m 235[2mms[22m[39m
2026-09-09T17:21:56.7309796Z  [32m✓[39m src/content/tierTagCoverage.test.ts [2m([22m[2m6 tests[22m[2m)[22m[90m 38[2mms[22m[39m
2026-09-09T17:21:57.5546868Z  [32m✓[39m src/ops/laneYQuarantineAgreesWithGenguard.test.ts [2m([22m[2m3 tests[22m[2m)[22m[33m 450[2mms[22m[39m
2026-09-09T17:21:59.2508412Z  [32m✓[39m src/content/abilityNoOpEffects.test.ts [2m([22m[2m3 tests[22m[2m)[22m[33m 2421[2mms[22m[39m
2026-09-09T17:22:00.7830832Z  [32m✓[39m src/content/abilityCastClaims.test.ts [2m([22m[2m2 tests[22m[2m)[22m[33m 2585[2mms[22m[39m
2026-09-09T17:22:00.8654410Z  [32m✓[39m src/content/node/assetsInContentVersion.test.ts [2m([22m[2m5 tests[22m[2m)[22m[90m 223[2mms[22m[39m
2026-09-09T17:22:01.1372842Z  [32m✓[39m src/content/templatedEffectsSurvive.test.ts [2m([22m[2m5 tests[22m[2m)[22m[33m 2201[2mms[22m[39m
2026-09-09T17:22:01.8844529Z  [32m✓[39m src/ops/assetS3DocNotStale.test.ts [2m([22m[2m4 tests[22m[2m)[22m[90m 298[2mms[22m[39m
2026-09-09T17:22:02.6672486Z  [32m✓[39m src/content/vfxParticles.test.ts [2m([22m[2m5 tests[22m[2m)[22m[90m 215[2mms[22m[39m
2026-09-09T17:22:03.0776044Z  [32m✓[39m src/sim/effects/shieldBreak.test.ts [2m([22m[2m4 tests[22m[2m)[22m[90m 38[2mms[22m[39m
2026-09-09T17:22:03.6263150Z  [32m✓[39m src/content/negativeBuffPolarity.test.ts [2m([22m[2m4 tests[22m[2m)[22m[90m 11[2mms[22m[39m
2026-09-09T17:22:03.6466682Z  [32m✓[39m src/content/templates/comboFinisherFamily.test.ts [2m([22m[2m5 tests[22m[2m)[22m[90m 16[2mms[22m[39m
2026-09-09T17:22:04.7855254Z  [32m✓[39m src/sim/perLevelBonus.test.ts [2m([22m[2m5 tests[22m[2m)[22m[90m 25[2mms[22m[39m
2026-09-09T17:22:04.8176182Z  [32m✓[39m src/content/passiveTagHonesty.test.ts [2m([22m[2m3 tests[22m[2m)[22m[33m 2393[2mms[22m[39m
2026-09-09T17:22:05.1957318Z  [32m✓[39m src/content/delistedChampions.test.ts [2m([22m[2m6 tests[22m[2m)[22m[90m 9[2mms[22m[39m
2026-09-09T17:22:05.2109179Z  [32m✓[39m src/content/beamMuzzleOffset.test.ts [2m([22m[2m3 tests[22m[2m)[22m[90m 9[2mms[22m[39m
2026-09-09T17:22:05.7112961Z  [2m[90m↓[39m[22m src/ops/noStrandedLaneCommits.test.ts [2m([22m[2m2 tests[22m[2m | [22m[33m2 skipped[39m[2m)[22m
2026-09-09T17:22:05.7114520Z [90mstderr[2m | src/ops/noStrandedLaneCommits.test.ts
2026-09-09T17:22:05.7174642Z [22m[39m⚠️ noStrandedLaneCommits：這棵樹的本地分支是 [（一條都沒有 —— detached HEAD）] ⇒ lane 分支**不可能**在這裡 ⇒ ⭐ **沒驗到**（⛔ 不是「沒有擱置的 commit」）。 要驗它請在**跑過平行 lane 的工作樹**上跑。
2026-09-09T17:22:05.7232197Z 
2026-09-09T17:22:06.3643206Z  [32m✓[39m src/content/mcoinStore.test.ts [2m([22m[2m2 tests[22m[2m)[22m[90m 14[2mms[22m[39m
2026-09-09T17:22:06.5957187Z  [32m✓[39m src/sim/mobs.statusVsStats.test.ts [2m([22m[2m2 tests[22m[2m)[22m[90m 32[2mms[22m[39m
2026-09-09T17:22:06.8664173Z  [32m✓[39m src/ops/rulingScript.test.ts [2m([22m[2m3 tests[22m[2m)[22m[33m 766[2mms[22m[39m
2026-09-09T17:22:06.8684911Z    [33m[2m✓[22m[39m 裁決腳本[2m > [22mruling.sh 的列鍵＝transcript 裡那一則的時間；再跑建置器仍只有一列（且留 owner 原話） [33m347[2mms[22m[39m
2026-09-09T17:22:06.8872139Z  [32m✓[39m src/content/perRankNotTierified.test.ts [2m([22m[2m1 test[22m[2m)[22m[90m 146[2mms[22m[39m
2026-09-09T17:22:07.8672724Z  [32m✓[39m src/sim/mobs.status.test.ts [2m([22m[2m2 tests[22m[2m)[22m[90m 23[2mms[22m[39m
2026-09-09T17:22:08.1580183Z  [32m✓[39m src/content/exPassiveConditionJoin.test.ts [2m([22m[2m1 test[22m[2m)[22m[90m 124[2mms[22m[39m
2026-09-09T17:22:09.1146816Z  [32m✓[39m src/sim/effects/cueNearbyAudience.test.ts [2m([22m[2m2 tests[22m[2m)[22m[90m 12[2mms[22m[39m
2026-09-09T17:22:09.3393132Z  [32m✓[39m src/sim/effects/areaVictimChain.test.ts [2m([22m[2m4 tests[22m[2m)[22m[90m 13[2mms[22m[39m
2026-09-09T17:22:09.7874055Z  [32m✓[39m src/content/stockEmittersReachable.test.ts [2m([22m[2m4 tests[22m[2m)[22m[90m 95[2mms[22m[39m
2026-09-09T17:22:10.9841133Z  [32m✓[39m src/sim/championFormExclusive.test.ts [2m([22m[2m2 tests[22m[2m)[22m[90m 21[2mms[22m[39m
2026-09-09T17:22:10.9936076Z  [32m✓[39m src/sim/content/conditionForm.test.ts [2m([22m[2m3 tests[22m[2m)[22m[33m 2386[2mms[22m[39m
2026-09-09T17:22:11.4259480Z  [32m✓[39m src/content/twelveTrialsGrants.test.ts [2m([22m[2m4 tests[22m[2m)[22m[33m 733[2mms[22m[39m
2026-09-09T17:22:11.5761545Z  [32m✓[39m src/ops/iconRedrawTargetsAreLive.test.ts [2m([22m[2m3 tests[22m[2m)[22m[90m 36[2mms[22m[39m
2026-09-09T17:22:11.6924342Z  [32m✓[39m src/content/vfxScriptNoDoubleDraw.test.ts [2m([22m[2m2 tests[22m[2m)[22m[90m 22[2mms[22m[39m
2026-09-09T17:22:12.7196069Z  [32m✓[39m src/sim/stats/rating.test.ts [2m([22m[2m9 tests[22m[2m)[22m[90m 11[2mms[22m[39m
2026-09-09T17:22:12.7465239Z  [32m✓[39m src/sim/reservedStores.test.ts [2m([22m[2m5 tests[22m[2m)[22m[90m 10[2mms[22m[39m
2026-09-09T17:22:13.9002484Z  [32m✓[39m src/content/templateStatusIsHonest.test.ts [2m([22m[2m3 tests[22m[2m)[22m[90m 39[2mms[22m[39m
2026-09-09T17:22:14.0944076Z  [32m✓[39m src/sim/effects/comboAndPull.test.ts [2m([22m[2m2 tests[22m[2m)[22m[90m 71[2mms[22m[39m
2026-09-09T17:22:14.3524363Z  [32m✓[39m src/ops/ownerKnobs.test.ts [2m([22m[2m4 tests[22m[2m)[22m[90m 5[2mms[22m[39m
2026-09-09T17:22:17.2514241Z  [32m✓[39m src/sim/economy/itemVisionFlight.test.ts [2m([22m[2m5 tests[22m[2m)[22m[33m 1532[2mms[22m[39m
2026-09-09T17:22:17.9600596Z  [32m✓[39m src/sim/combat/hitCapAndUnavoidable.test.ts [2m([22m[2m8 tests[22m[2m)[22m[33m 2051[2mms[22m[39m
2026-09-09T17:22:18.8009985Z  [32m✓[39m src/content/itemCardDerived.test.ts [2m([22m[2m2 tests[22m[2m)[22m[90m 60[2mms[22m[39m
2026-09-09T17:22:19.0346049Z  [32m✓[39m src/ops/codexVisualAdvisoryPerDocument.test.ts [2m([22m[2m3 tests[22m[2m)[22m[33m 681[2mms[22m[39m
2026-09-09T17:22:19.4044312Z  [32m✓[39m src/content/stockPre2DocsEmit.test.ts [2m([22m[2m2 tests[22m[2m)[22m[90m 8[2mms[22m[39m
2026-09-09T17:22:20.0097304Z  [32m✓[39m src/content/heroForge/catalogMatrix.test.ts [2m([22m[2m5 tests[22m[2m | [22m[33m1 skipped[39m[2m)[22m[33m 175725[2mms[22m[39m
2026-09-09T17:22:20.0114324Z    [33m[2m✓[22m[39m hero forge live catalog matrix[2m > [22mgenerates all 10 origins across all three deterministic profiles [33m7412[2mms[22m[39m
2026-09-09T17:22:20.0154325Z    [33m[2m✓[22m[39m hero forge live catalog matrix[2m > [22mcompiles and executes every enabled template in its active or passive lane [33m5408[2mms[22m[39m
2026-09-09T17:22:20.0172413Z    [33m[2m✓[22m[39m hero forge live catalog matrix[2m > [22mexecutes every ordered pair of compatible templates with explicit last-wins [33m161550[2mms[22m[39m
2026-09-09T17:22:20.0175620Z    [33m[2m✓[22m[39m hero forge live catalog matrix[2m > [22mcompiles every template at the eight-card boundary, repeated and in rotating mixed stacks [33m1349[2mms[22m[39m
2026-09-09T17:22:21.8418996Z  [32m✓[39m src/ops/generatedArtifactsAreClockFree.test.ts [2m([22m[2m6 tests[22m[2m)[22m[33m 8206[2mms[22m[39m
2026-09-09T17:22:21.8426018Z    [33m[2m✓[22m[39m 進版控的產物不可以蓋時鐘[2m > [22m🔴 editor-target-profile：連續兩次產生逐位元組相同 [33m1435[2mms[22m[39m
2026-09-09T17:22:21.8427986Z    [33m[2m✓[22m[39m 進版控的產物不可以蓋時鐘[2m > [22m🔴 model-budget report：真的跑兩次產生器，逐位元組相同 [33m6765[2mms[22m[39m
2026-09-09T17:22:22.7076259Z [90mstdout[2m | src/sim/economy/obtainableItems.test.ts[2m > [22m[2m閘①：拿得到的道具 = 每一條管道的聯集（GH#1030 假前提 #1）[2m > [22m[2m聯集 ≠ 任何單一管道；ex-release / ex-origin 的每一件都在聯集裡
2026-09-09T17:22:22.7090541Z [22m[39m[GH#1030 閘①] 拿得到的道具 84 件（探針=godie-e001/godie-e007；shop-shelf（buyItem）=30 · legendary-orb（legendaryPool）←legendary-weapons=30 · round-2-draft←legendary-weapons=30 · round-5-draft←legendary-weapons=30 · round-10-draft←ex-release-weapons=39 · weapon-tier:ex-origin←ex-origin-weapons=15 · weapon-tier:ex-release←ex-release-weapons=39 · gacha（legacy）←round-reward=0 · quest-rewards（legacy）←quest-rewards=0）
2026-09-09T17:22:22.7111043Z 
2026-09-09T17:22:22.7143497Z  [32m✓[39m src/sim/economy/obtainableItems.test.ts [2m([22m[2m2 tests[22m[2m)[22m[33m 2344[2mms[22m[39m
2026-09-09T17:22:23.1172321Z  [32m✓[39m src/sim/effects/hookLedgerAbilityCrit.test.ts [2m([22m[2m2 tests[22m[2m)[22m[90m 21[2mms[22m[39m
2026-09-09T17:22:23.2851088Z  [32m✓[39m src/sim/laneAAStatusImmunityShared.test.ts [2m([22m[2m2 tests[22m[2m)[22m[33m 2204[2mms[22m[39m
2026-09-09T17:22:24.0183932Z  [32m✓[39m src/content/castTimeCoverage.test.ts [2m([22m[2m4 tests[22m[2m)[22m[33m 2444[2mms[22m[39m
2026-09-09T17:22:24.6023222Z  [32m✓[39m src/ops/vfxSurfaceInContract.test.ts [2m([22m[2m2 tests[22m[2m)[22m[90m 72[2mms[22m[39m
2026-09-09T17:22:24.7533094Z  [32m✓[39m src/ops/editorCoverageConfig.test.ts [2m([22m[2m6 tests[22m[2m)[22m[90m 12[2mms[22m[39m
2026-09-09T17:22:25.0907757Z  [32m✓[39m src/content/periodicFieldTemplateWiring.test.ts [2m([22m[2m3 tests[22m[2m)[22m[90m 29[2mms[22m[39m
2026-09-09T17:22:25.3184287Z  [32m✓[39m src/content/import/editorSource.test.ts [2m([22m[2m7 tests[22m[2m)[22m[90m 168[2mms[22m[39m
2026-09-09T17:22:25.6045680Z  [32m✓[39m src/content/import/contractIndexIsSingleHome.test.ts [2m([22m[2m6 tests[22m[2m)[22m[90m 50[2mms[22m[39m
2026-09-09T17:22:26.9865444Z  [32m✓[39m src/sim/systems/transformEntryRetired.test.ts [2m([22m[2m2 tests[22m[2m)[22m[33m 2509[2mms[22m[39m
2026-09-09T17:22:27.0931562Z  [32m✓[39m src/content/championVoices.test.ts [2m([22m[2m6 tests[22m[2m)[22m[90m 27[2mms[22m[39m
2026-09-09T17:22:27.6474279Z  [32m✓[39m src/content/overlay.test.ts [2m([22m[2m6 tests[22m[2m)[22m[90m 54[2mms[22m[39m
2026-09-09T17:22:27.6559763Z  [32m✓[39m src/content/damageTemplatesAreDerived.test.ts [2m([22m[2m2 tests[22m[2m)[22m[90m 148[2mms[22m[39m
2026-09-09T17:22:27.7086867Z  [32m✓[39m src/content/templateExpandedRefs.test.ts [2m([22m[2m3 tests[22m[2m)[22m[33m 1529[2mms[22m[39m
2026-09-09T17:22:28.1304302Z  [32m✓[39m src/ops/liveChecksumCache.test.ts [2m([22m[2m4 tests[22m[2m)[22m[90m 64[2mms[22m[39m
2026-09-09T17:22:28.9223089Z  [32m✓[39m src/ops/shippedEditorProfileIsCurrent.test.ts [2m([22m[2m2 tests[22m[2m)[22m[33m 1404[2mms[22m[39m
2026-09-09T17:22:28.9244475Z    [33m[2m✓[22m[39m 外部編輯器的遠端資料契約沒有過期[2m > [22m⭐ 出貨的那一份逐位元組等於現在重算的 —— ⛔ 手改會在這裡紅 [33m1396[2mms[22m[39m
2026-09-09T17:22:29.1424611Z  [32m✓[39m src/sim/effects/periodicFieldAnchor.test.ts [2m([22m[2m1 test[22m[2m)[22m[90m 115[2mms[22m[39m
2026-09-09T17:22:29.3778351Z  [32m✓[39m src/ops/aiPromoteGuardIsArmed.test.ts [2m([22m[2m3 tests[22m[2m)[22m[90m 61[2mms[22m[39m
2026-09-09T17:22:29.6394556Z  [32m✓[39m src/sim/economy/attrDraft.test.ts [2m([22m[2m8 tests[22m[2m)[22m[90m 219[2mms[22m[39m
2026-09-09T17:22:30.4274383Z  [32m✓[39m src/content/modelUpload/modelUpload.test.ts [2m([22m[2m10 tests[22m[2m)[22m[33m 876[2mms[22m[39m
2026-09-09T17:22:30.4293521Z    [33m[2m✓[22m[39m community GLB import boundaries[2m > [22mbounds sizes, primitive arrays, tree depth, and sparse implicit allocations [33m554[2mms[22m[39m
2026-09-09T17:22:30.7524221Z  [32m✓[39m src/sim/abilities/abilityAugment.test.ts [2m([22m[2m2 tests[22m[2m)[22m[90m 35[2mms[22m[39m
2026-09-09T17:22:31.1035471Z  [32m✓[39m src/voxel/doc.test.ts [2m([22m[2m11 tests[22m[2m)[22m[90m 44[2mms[22m[39m
2026-09-09T17:22:32.2494302Z  [32m✓[39m src/sim/economy/shopShelf.test.ts [2m([22m[2m7 tests[22m[2m)[22m[90m 19[2mms[22m[39m
2026-09-09T17:22:33.5462956Z  [32m✓[39m src/ops/appendOnlyLedgersNeverShrink.test.ts [2m([22m[2m2 tests[22m[2m)[22m[33m 2745[2mms[22m[39m
2026-09-09T17:22:33.5473931Z    [33m[2m✓[22m[39m 追加式帳本只能變長（2026-08-30 一天被吃掉兩次）[2m > [22m★ 每一份帳本今天的列數 ≥ 它在 git 歷史裡的**最大**列數 [33m2716[2mms[22m[39m
2026-09-09T17:22:34.3894266Z  [32m✓[39m src/sim/stats/statCapReached.test.ts [2m([22m[2m5 tests[22m[2m)[22m[33m 2153[2mms[22m[39m
2026-09-09T17:22:35.2155295Z  [32m✓[39m src/content/shippedBundleHasTrackedSources.test.ts [2m([22m[2m2 tests[22m[2m)[22m[90m 96[2mms[22m[39m
2026-09-09T17:22:35.7720187Z  [32m✓[39m src/sim/fireRingBurnCap.test.ts [2m([22m[2m9 tests[22m[2m)[22m[90m 20[2mms[22m[39m
2026-09-09T17:22:36.0661402Z  [32m✓[39m src/content/chainLightningAbilities.test.ts [2m([22m[2m2 tests[22m[2m)[22m[33m 2309[2mms[22m[39m
2026-09-09T17:22:36.5075984Z  [32m✓[39m src/content/voxelSkin/barcodeSeed.test.ts [2m([22m[2m16 tests[22m[2m)[22m[90m 30[2mms[22m[39m
2026-09-09T17:22:37.0535992Z  [32m✓[39m src/sim/systems/reflectSuccessProvenance.test.ts [2m([22m[2m2 tests[22m[2m)[22m[90m 73[2mms[22m[39m
2026-09-09T17:22:38.2611567Z  [32m✓[39m src/sim/effects/pullThrowCastPath.test.ts [2m([22m[2m2 tests[22m[2m)[22m[90m 42[2mms[22m[39m
2026-09-09T17:22:38.7374291Z  [32m✓[39m src/content/import/submission.test.ts [2m([22m[2m4 tests[22m[2m)[22m[90m 20[2mms[22m[39m
2026-09-09T17:22:39.1407189Z  [32m✓[39m src/sim/stats/outputMult.test.ts [2m([22m[2m5 tests[22m[2m)[22m[33m 2206[2mms[22m[39m
2026-09-09T17:22:40.0475637Z  [32m✓[39m src/sim/effects/capRaiseFromAbility.test.ts [2m([22m[2m2 tests[22m[2m)[22m[33m 2072[2mms[22m[39m
2026-09-09T17:22:41.2443043Z  [32m✓[39m src/sim/effects/damageLine.test.ts [2m([22m[2m13 tests[22m[2m)[22m[90m 22[2mms[22m[39m
2026-09-09T17:22:42.4289711Z  [32m✓[39m src/sim/castTimeRules.test.ts [2m([22m[2m4 tests[22m[2m)[22m[90m 21[2mms[22m[39m
2026-09-09T17:22:42.4760441Z  [32m✓[39m src/content/abilityAffordableAtUnlock.test.ts [2m([22m[2m1 test[22m[2m)[22m[33m 2251[2mms[22m[39m
2026-09-09T17:22:42.4763354Z    [33m[2m✓[22m[39m 技能在解鎖等級付得起（GH#314）[2m > [22m⭐ 沒有任何一格的首階 MP 超過持有者當時的魔力池 —— 超過 = 那顆鈕永遠按不下去 [33m2250[2mms[22m[39m
2026-09-09T17:22:42.6507474Z  [32m✓[39m src/content/rankGrowthIsWired.test.ts [2m([22m[2m3 tests[22m[2m)[22m[33m 1896[2mms[22m[39m
2026-09-09T17:22:42.8564905Z  [32m✓[39m src/ops/editorContractBothWays.test.ts [2m([22m[2m5 tests[22m[2m)[22m[90m 8[2mms[22m[39m
2026-09-09T17:22:43.0264495Z  [2m[90m↓[39m[22m src/content/vfxRawcodeUniqueness.test.ts [2m([22m[2m1 test[22m[2m | [22m[33m1 skipped[39m[2m)[22m
2026-09-09T17:22:43.0295373Z [90mstderr[2m | src/content/vfxRawcodeUniqueness.test.ts
2026-09-09T17:22:43.0335857Z [22m[39m⚠️ 沒驗到 —— vfxRawcodeUniqueness 需要 /home/runner/work/GGD/GGD/data/curation/whitelist.json(營運名單,.gitignore 掉的機器狀態),而這個環境沒有它。⭐ 這條守衛在這裡是**跳過**的,⛔ 不是通過的。
2026-09-09T17:22:43.0362483Z 
2026-09-09T17:22:43.3994214Z  [32m✓[39m src/ops/rollbackSwitchReaches.test.ts [2m([22m[2m3 tests[22m[2m)[22m[90m 24[2mms[22m[39m
2026-09-09T17:22:43.7146143Z  [32m✓[39m src/sim/effects/blink.test.ts [2m([22m[2m3 tests[22m[2m)[22m[90m 12[2mms[22m[39m
2026-09-09T17:22:44.4762753Z  [32m✓[39m src/sim/effects/blinkMarkedUnit.test.ts [2m([22m[2m5 tests[22m[2m)[22m[90m 19[2mms[22m[39m
2026-09-09T17:22:44.8683185Z  [32m✓[39m src/sim/effects/lane2DeadKnobs.test.ts [2m([22m[2m3 tests[22m[2m)[22m[90m 54[2mms[22m[39m
2026-09-09T17:22:45.2694051Z  [32m✓[39m src/content/transformMoveSpeedRatio.test.ts [2m([22m[2m2 tests[22m[2m)[22m[90m 9[2mms[22m[39m
2026-09-09T17:22:45.6044118Z  [32m✓[39m src/sim/effects/dispelSpearOfLonginus.test.ts [2m([22m[2m2 tests[22m[2m)[22m[90m 26[2mms[22m[39m
2026-09-09T17:22:46.6364125Z  [32m✓[39m src/content/championRetirement.test.ts [2m([22m[2m8 tests[22m[2m)[22m[90m 9[2mms[22m[39m
2026-09-09T17:22:48.8924431Z  [32m✓[39m src/sim/economy/legendaryShelf.test.ts [2m([22m[2m4 tests[22m[2m)[22m[33m 1822[2mms[22m[39m
2026-09-09T17:22:49.9884416Z  [32m✓[39m src/sim/rangedProjectile.test.ts [2m([22m[2m3 tests[22m[2m)[22m[90m 35[2mms[22m[39m
2026-09-09T17:22:51.0473549Z  [32m✓[39m src/ops/jassExtractionCoverage.test.ts [2m([22m[2m2 tests[22m[2m)[22m[33m 4079[2mms[22m[39m
2026-09-09T17:22:51.0475621Z    [33m[2m✓[22m[39m JASS 抽取涵蓋率[2m > [22m⭐ 地圖派送的每一個技能 rawcode 都被歸到某個觸發器家族 —— 漏一個就紅 [33m1291[2mms[22m[39m
2026-09-09T17:22:51.0477424Z    [33m[2m✓[22m[39m JASS 抽取涵蓋率[2m > [22m⛔ 出貨的 jass-spells/ 不可以比抽取器少太多（帶戳記後升級成逐位元組比對） [33m2787[2mms[22m[39m
2026-09-09T17:22:51.3405702Z  [32m✓[39m src/sim/mobBossIntroWire.test.ts [2m([22m[2m4 tests[22m[2m)[22m[90m 16[2mms[22m[39m
2026-09-09T17:22:51.8093214Z  [32m✓[39m src/ops/contractEffectDocAnchors.test.ts [2m([22m[2m2 tests[22m[2m)[22m[90m 109[2mms[22m[39m
2026-09-09T17:22:52.4444075Z  [32m✓[39m src/content/missingPrimitives.test.ts [2m([22m[2m5 tests[22m[2m)[22m[90m 12[2mms[22m[39m
2026-09-09T17:22:52.9367637Z  [32m✓[39m src/content/templateBoundDocsNoBakedTier.test.ts [2m([22m[2m2 tests[22m[2m)[22m[33m 835[2mms[22m[39m
2026-09-09T17:22:52.9424028Z    [33m[2m✓[22m[39m GH#1079 —— 模板已宣告級距槽的文件，文件層不可以再烘一格零讀者的字面值[2m > [22m① 量尺：模板不發 radius ⇒ 文件層 radius 零讀者；沒接模板的 radius 才有讀者（控制組） [33m809[2mms[22m[39m
2026-09-09T17:22:53.3961793Z  [32m✓[39m src/content/modelBbox.test.ts [2m([22m[2m6 tests[22m[2m)[22m[90m 31[2mms[22m[39m
2026-09-09T17:22:53.4629129Z  [32m✓[39m src/content/laneFMeleeWeaponTags.test.ts [2m([22m[2m2 tests[22m[2m)[22m[90m 4[2mms[22m[39m
2026-09-09T17:22:53.7963946Z  [32m✓[39m src/ops/geosetFormGating.test.ts [2m([22m[2m5 tests[22m[2m)[22m[90m 66[2mms[22m[39m
2026-09-09T17:22:54.6476900Z  [32m✓[39m src/sim/effects/conditionalRatiosAreWired.test.ts [2m([22m[2m2 tests[22m[2m)[22m[90m 41[2mms[22m[39m
2026-09-09T17:22:54.9677899Z  [32m✓[39m src/content/templates/growthChargeSubject.test.ts [2m([22m[2m2 tests[22m[2m)[22m[90m 48[2mms[22m[39m
2026-09-09T17:22:55.4294222Z  [32m✓[39m src/content/heroForge/communityRecipeHonesty.test.ts [2m([22m[2m3 tests[22m[2m)[22m[90m 14[2mms[22m[39m
2026-09-09T17:22:55.7724169Z  [32m✓[39m src/sim/tauntReverseDirection.test.ts [2m([22m[2m2 tests[22m[2m)[22m[90m 8[2mms[22m[39m
2026-09-09T17:22:55.9060651Z  [32m✓[39m src/ops/capabilityFixtureGap.test.ts [2m([22m[2m3 tests[22m[2m)[22m[90m 111[2mms[22m[39m
2026-09-09T17:22:56.7779191Z  [32m✓[39m src/content/modelFxTextureBackdrop.test.ts [2m([22m[2m1 test[22m[2m)[22m[33m 494[2mms[22m[39m
2026-09-09T17:22:56.7781569Z    [33m[2m✓[22m[39m modelFx 內嵌貼圖在遊戲 ONE+ONE 下沒有底板[2m > [22m每份被引用 modelFx 的 emissive cut-out 都把透明區 RGB 清成 additive identity [33m493[2mms[22m[39m
2026-09-09T17:22:57.0542224Z  [32m✓[39m src/content/laneRChampionAbilitySlotIdentity.test.ts [2m([22m[2m1 test[22m[2m)[22m[90m 5[2mms[22m[39m
2026-09-09T17:22:57.3993910Z  [32m✓[39m src/content/rankGrowthHonesty.test.ts [2m([22m[2m5 tests[22m[2m)[22m[90m 48[2mms[22m[39m
2026-09-09T17:22:59.3161063Z  [32m✓[39m src/ops/contentTreeLock.test.ts [2m([22m[2m7 tests[22m[2m)[22m[33m 3195[2mms[22m[39m
2026-09-09T17:22:59.3256046Z    [33m[2m✓[22m[39m 內容樹的讀寫鎖（GH#950）[2m > [22m⭐⭐ **寫**的時候，另一個**寫**必須等（⛔ 這就是那個 race 的形狀） [33m1340[2mms[22m[39m
2026-09-09T17:22:59.3284953Z    [33m[2m✓[22m[39m 內容樹的讀寫鎖（GH#950）[2m > [22m⭐⭐ **寫**的時候，**讀**（`--check`）也必須等 —— ⭐ 這是假紅燈的直接成因 [33m1315[2mms[22m[39m
2026-09-09T17:22:59.3287368Z    [33m[2m✓[22m[39m 內容樹的讀寫鎖（GH#950）[2m > [22m⭐ 兩個**讀**可以同時（⛔ 否則 36 支 --check 會被串成一列） [33m346[2mms[22m[39m
2026-09-09T17:23:00.5554221Z  [32m✓[39m src/content/replayPolicyShipped.test.ts [2m([22m[2m7 tests[22m[2m)[22m[90m 9[2mms[22m[39m
2026-09-09T17:23:00.9102169Z  [32m✓[39m src/ops/siteExportCarriesEveryDataDir.test.ts [2m([22m[2m4 tests[22m[2m)[22m[90m 12[2mms[22m[39m
2026-09-09T17:23:02.2323844Z  [32m✓[39m src/sim/carry.test.ts [2m([22m[2m2 tests[22m[2m)[22m[90m 40[2mms[22m[39m
2026-09-09T17:23:03.8906488Z  [32m✓[39m src/map/arenaSpawnRoom.test.ts [2m([22m[2m1 test[22m[2m)[22m[33m 685[2mms[22m[39m
2026-09-09T17:23:03.8919373Z    [33m[2m✓[22m[39m 場地生成點的活動空間（⛔ 門檻從 config × mobProfile 推導）[2m > [22m⭐ 每一張出貨場地 × 每區 × 每種身體 × 每個方向，生出來之後都動得了 [33m683[2mms[22m[39m
2026-09-09T17:23:07.0374109Z  [32m✓[39m src/content/runtimeImportCycles.test.ts [2m([22m[2m1 test[22m[2m)[22m[33m 2086[2mms[22m[39m
2026-09-09T17:23:07.0376102Z    [33m[2m✓[22m[39m GH#1098 執行期 import 迴圈[2m > [22m★ content/** 不可以站在任何一條執行期 import 迴圈上 [33m2084[2mms[22m[39m
2026-09-09T17:23:08.4543962Z  [32m✓[39m src/sim/mobs.identity.test.ts [2m([22m[2m5 tests[22m[2m)[22m[90m 9[2mms[22m[39m
2026-09-09T17:23:09.5475048Z  [32m✓[39m src/sim/abilities/castApproach.test.ts [2m([22m[2m1 test[22m[2m)[22m[90m 38[2mms[22m[39m
2026-09-09T17:23:10.4555729Z  [32m✓[39m src/ops/brickCensusRatchet.test.ts [2m([22m[2m5 tests[22m[2m)[22m[90m 6[2mms[22m[39m
2026-09-09T17:23:12.6277104Z  [32m✓[39m src/content/laneACLocustMdlFamilies.test.ts [2m([22m[2m3 tests[22m[2m)[22m[33m 1166[2mms[22m[39m
2026-09-09T17:23:12.6279439Z    [33m[2m✓[22m[39m MDL 家族三通道反查 (GH#688)[2m > [22m★ ③ 08-03 龍鬥氣砲咒文真的擺出一條線（j:28838 的 10 具），⛔ 不是拉長一具 [33m918[2mms[22m[39m
2026-09-09T17:23:13.8866824Z  [32m✓[39m src/ops/editorRoundTrip.test.ts [2m([22m[2m5 tests[22m[2m)[22m[90m 25[2mms[22m[39m
2026-09-09T17:23:14.3125327Z  [32m✓[39m src/ops/zipSafetyWiredWhenImporterLands.test.ts [2m([22m[2m2 tests[22m[2m)[22m[90m 97[2mms[22m[39m
2026-09-09T17:23:14.6794223Z  [32m✓[39m src/ops/shipCheckCoversCI.test.ts [2m([22m[2m3 tests[22m[2m)[22m[90m 5[2mms[22m[39m
2026-09-09T17:23:20.3683388Z  [32m✓[39m src/content/import/authoringProcessor.test.ts [2m([22m[2m5 tests[22m[2m)[22m[33m 4591[2mms[22m[39m
2026-09-09T17:23:20.3699889Z    [33m[2m✓[22m[39m authoringProcessor（規格 §1 runtime-direct）[2m > [22m① ⭐ 宣告的三格逐字就是規格要的值（⛔ 不是「看起來像」） [33m1192[2mms[22m[39m
2026-09-09T17:23:20.3702403Z    [33m[2m✓[22m[39m authoringProcessor（規格 §1 runtime-direct）[2m > [22m★★ ② ⭐ **任何一個面**動一個位元組 ⇒ 指紋要跟著動 [33m3386[2mms[22m[39m
2026-09-09T17:23:21.5628966Z  [32m✓[39m src/content/schema.test.ts [2m([22m[2m5 tests[22m[2m)[22m[90m 22[2mms[22m[39m
2026-09-09T17:23:25.0396607Z  [32m✓[39m src/sim/abilities/emfrPeriodicPulse.test.ts [2m([22m[2m1 test[22m[2m)[22m[33m 2061[2mms[22m[39m
2026-09-09T17:23:28.3394173Z  [32m✓[39m src/sim/economy/itemAcquisition.test.ts [2m([22m[2m4 tests[22m[2m)[22m[33m 1962[2mms[22m[39m
2026-09-09T17:23:28.7013957Z  [32m✓[39m src/ops/composeLogCap.test.ts [2m([22m[2m3 tests[22m[2m)[22m[90m 13[2mms[22m[39m
2026-09-09T17:23:28.8663056Z  [32m✓[39m src/content/vfxTextureBackdrop.test.ts [2m([22m[2m2 tests[22m[2m)[22m[33m 45498[2mms[22m[39m
2026-09-09T17:23:28.8665329Z    [33m[2m✓[22m[39m VFX 貼圖背景在實際 blend mode 下必須消失[2m > [22m每份出貨 vfx/ribbon 的真 PNG 都可解碼，而且至少 0.1% 背景不會寫入畫面 [33m45495[2mms[22m[39m
2026-09-09T17:23:29.2524014Z  [32m✓[39m src/sim/basicAttackRiderBudget.test.ts [2m([22m[2m3 tests[22m[2m)[22m[90m 164[2mms[22m[39m
2026-09-09T17:23:29.3488806Z  [32m✓[39m src/content/import/unknownFields.test.ts [2m([22m[2m9 tests[22m[2m)[22m[90m 26[2mms[22m[39m
2026-09-09T17:23:30.4299919Z  [32m✓[39m src/sim/combat/blockFromPassive.test.ts [2m([22m[2m1 test[22m[2m)[22m[90m 25[2mms[22m[39m
2026-09-09T17:23:31.2862787Z  [32m✓[39m src/content/heroForge/communityExamples.test.ts [2m([22m[2m25 tests[22m[2m)[22m[33m 31271[2mms[22m[39m
2026-09-09T17:23:31.2865473Z    [33m[2m✓[22m[39m seven adapted community heroes[2m > [22m'沃維克' survives all six slots, package simulation and immutable import [33m5015[2mms[22m[39m
2026-09-09T17:23:31.2879560Z    [33m[2m✓[22m[39m seven adapted community heroes[2m > [22m'卡爾瑟斯' survives all six slots, package simulation and immutable import [33m4316[2mms[22m[39m
2026-09-09T17:23:31.2890469Z    [33m[2m✓[22m[39m seven adapted community heroes[2m > [22m'拉克絲' survives all six slots, package simulation and immutable import [33m3942[2mms[22m[39m
2026-09-09T17:23:31.2893993Z    [33m[2m✓[22m[39m seven adapted community heroes[2m > [22m'犽宿' survives all six slots, package simulation and immutable import [33m4116[2mms[22m[39m
2026-09-09T17:23:31.2897319Z    [33m[2m✓[22m[39m seven adapted community heroes[2m > [22m'好運姐' survives all six slots, package simulation and immutable import [33m3633[2mms[22m[39m
2026-09-09T17:23:31.2900150Z    [33m[2m✓[22m[39m seven adapted community heroes[2m > [22m'李星' survives all six slots, package simulation and immutable import [33m3987[2mms[22m[39m
2026-09-09T17:23:31.2903233Z    [33m[2m✓[22m[39m seven adapted community heroes[2m > [22m'齊勒斯' survives all six slots, package simulation and immutable import [33m3616[2mms[22m[39m
2026-09-09T17:23:32.0395424Z  [32m✓[39m src/ops/coordCheck.test.ts [2m([22m[2m8 tests[22m[2m)[22m[33m 2293[2mms[22m[39m
2026-09-09T17:23:32.0472758Z    [33m[2m✓[22m[39m coord:check —— packet 協定的閘[2m > [22mactually runs a new packet's repro against its declared exit code [33m777[2mms[22m[39m
2026-09-09T17:23:32.0475073Z    [33m[2m✓[22m[39m coord:check —— packet 協定的閘[2m > [22m⭐ 出貨的 packet 目錄全過（⛔ 沒擋過頭） [33m693[2mms[22m[39m
2026-09-09T17:23:32.5158203Z  [32m✓[39m src/sim/combat/apDamageScaling.test.ts [2m([22m[2m3 tests[22m[2m)[22m[90m 30[2mms[22m[39m
2026-09-09T17:23:33.2892286Z  [32m✓[39m src/sim/statusBreak.test.ts [2m([22m[2m3 tests[22m[2m)[22m[90m 50[2mms[22m[39m
2026-09-09T17:23:33.4549915Z  [32m✓[39m src/sim/economy/itemMarkLethal.test.ts [2m([22m[2m1 test[22m[2m)[22m[33m 1486[2mms[22m[39m
2026-09-09T17:23:33.6765675Z  [32m✓[39m src/ops/voiceSeparationBaselineFresh.test.ts [2m([22m[2m3 tests[22m[2m)[22m[90m 4[2mms[22m[39m
2026-09-09T17:23:33.7587579Z  [32m✓[39m src/sim/economy/draft.test.ts [2m([22m[2m4 tests[22m[2m)[22m[90m 18[2mms[22m[39m
2026-09-09T17:23:33.9773895Z  [32m✓[39m src/content/modelScale.test.ts [2m([22m[2m6 tests[22m[2m)[22m[90m 58[2mms[22m[39m
2026-09-09T17:23:34.2834093Z  [32m✓[39m src/content/abilityPresentation.test.ts [2m([22m[2m5 tests[22m[2m)[22m[90m 65[2mms[22m[39m
2026-09-09T17:23:34.5314273Z  [32m✓[39m src/content/voiceFormSharing.test.ts [2m([22m[2m10 tests[22m[2m)[22m[90m 28[2mms[22m[39m
2026-09-09T17:23:35.4331837Z  [32m✓[39m src/map/arenaSpawnLegality.test.ts [2m([22m[2m2 tests[22m[2m)[22m[33m 660[2mms[22m[39m
2026-09-09T17:23:35.4411036Z    [33m[2m✓[22m[39m 出生點合法性 · 每一張出貨場地 (GH#364)[2m > [22m⭐ 沒有任何座位站在牆裡／圖外／貼著牆，點燃時全部在圈內，而且都走得到（而且走得完）火圈的口袋 [33m602[2mms[22m[39m
2026-09-09T17:23:35.5642201Z  [32m✓[39m src/sim/c1c2.test.ts [2m([22m[2m2 tests[22m[2m)[22m[90m 76[2mms[22m[39m
2026-09-09T17:23:35.6574235Z  [32m✓[39m src/content/templates/mergeExpansionHoles.test.ts [2m([22m[2m4 tests[22m[2m)[22m[90m 35[2mms[22m[39m
2026-09-09T17:23:36.0295266Z  [32m✓[39m src/content/import/packageSchema.test.ts [2m([22m[2m9 tests[22m[2m)[22m[90m 28[2mms[22m[39m
2026-09-09T17:23:36.6994295Z  [32m✓[39m src/content/templateRefPinIsHonest.test.ts [2m([22m[2m2 tests[22m[2m)[22m[90m 175[2mms[22m[39m
2026-09-09T17:23:37.2498417Z /home/runner/work/GGD/GGD/tools/asset-manifest/gen.ts:148
2026-09-09T17:23:37.2542587Z       throw new Error(
2026-09-09T17:23:37.2545454Z             ^
2026-09-09T17:23:37.2546200Z 
2026-09-09T17:23:37.2549786Z Error: ⛔ assets-offdisk.json 的 "assets/models/community/aaaaaaaaaaaaaaaaaaaaaaaaaaaaaaaaaaaaaaaaaaaaaaaaaaaaaaaaaaaaaaaa.glb" **自我矛盾**：檔名說 aaaaaaaaaaaaaaaaaaaaaaaaaaaaaaaaaaaaaaaaaaaaaaaaaaaaaaaaaaaaaaaa，欄位說 bbbbbbbbbbbbbbbbbbbbbbbbbbbbbbbbbbbbbbbbbbbbbbbbbbbbbbbbbbbbbbbb。
2026-09-09T17:23:37.2553042Z    ⭐ 內容定址的路徑，檔名就是它的 sha —— 兩者不合表示這份宣告是編的。
2026-09-09T17:23:37.2554251Z     at loadOffDisk (/home/runner/work/GGD/GGD/tools/asset-manifest/gen.ts:148:13)
2026-09-09T17:23:37.2555591Z     at build (/home/runner/work/GGD/GGD/tools/asset-manifest/gen.ts:183:19)
2026-09-09T17:23:37.2556926Z     at missing (/home/runner/work/GGD/GGD/tools/asset-manifest/gen.ts:240:31)
2026-09-09T17:23:37.2558355Z     at Object.<anonymous> (/home/runner/work/GGD/GGD/tools/asset-manifest/gen.ts:263:1)
2026-09-09T17:23:37.2559946Z     at Module._compile (node:internal/modules/cjs/loader:1781:14)
2026-09-09T17:23:37.2562221Z     at Object.transformer (/home/runner/work/GGD/GGD/node_modules/.pnpm/tsx@4.23.1/node_modules/tsx/dist/register-BoI6-WNn.cjs:9:3252)
2026-09-09T17:23:37.2563996Z     at Module.load (node:internal/modules/cjs/loader:1505:32)
2026-09-09T17:23:37.2566698Z     at Function._load (node:internal/modules/cjs/loader:1309:12)
2026-09-09T17:23:37.2567960Z     at wrapModuleLoad (node:internal/modules/cjs/loader:254:19)
2026-09-09T17:23:37.2569341Z     at loadCJSModuleWithModuleLoad (node:internal/modules/esm/translators:335:3)
2026-09-09T17:23:37.2570238Z 
2026-09-09T17:23:37.2570626Z Node.js v22.23.2
2026-09-09T17:23:38.6013312Z ⛔ 4 個被引用的資產**不存在**：
2026-09-09T17:23:38.6043179Z   assets/models/community/01a0040e5b7b5a4053ca8431ffb00ca2b70baad9a9cfc4134681b46f3c4ace72.glb
2026-09-09T17:23:38.6073216Z   assets/models/community/212742ce3f4270d9cdb8dc8a2a1940d032da026dea2f5df475b705281eb10e1c.glb
2026-09-09T17:23:38.6096719Z   assets/models/community/40532a1478491e4f8fd0b05c3598e215da3a323c2af901f847d889d9d903f46f.glb
2026-09-09T17:23:38.6103665Z   assets/models/community/42b8b816b13fcbd3faf4d7fe31a3120b4101dbc8fb163259ee0ec0c101149e39.glb
2026-09-09T17:23:39.6583810Z  [32m✓[39m src/content/import/twoProfilesAgree.test.ts [2m([22m[2m5 tests[22m[2m)[22m[90m 7[2mms[22m[39m
2026-09-09T17:23:40.0603645Z ⛔ 1 個被引用的資產**不存在**：
2026-09-09T17:23:40.0605026Z   assets/models/community/ffffffffffffffffffffffffffffffffffffffffffffffffffffffffffffffff.glb
2026-09-09T17:23:40.0623525Z  [32m✓[39m src/content/assetsOffDiskDeclaration.test.ts [2m([22m[2m4 tests[22m[2m)[22m[33m 4039[2mms[22m[39m
2026-09-09T17:23:40.0683724Z    [33m[2m✓[22m[39m 不在 git 裡的資產：宣告驗得起來（owner 2026-09-08 「不要進 git 但存 S3」）[2m > [22m② 自我矛盾的宣告 ⇒ ⛔ 當場擋下並指名那一筆 [33m1225[2mms[22m[39m
2026-09-09T17:23:40.0786098Z    [33m[2m✓[22m[39m 不在 git 裡的資產：宣告驗得起來（owner 2026-09-08 「不要進 git 但存 S3」）[2m > [22m③ 換成**空**宣告 ⇒ ⭐ 缺的**只能是**宣告裡那幾顆（⛔ 不可以牽連別的） [33m1348[2mms[22m[39m
2026-09-09T17:23:40.0834868Z    [33m[2m✓[22m[39m 不在 git 裡的資產：宣告驗得起來（owner 2026-09-08 「不要進 git 但存 S3」）[2m > [22m④ **沒有宣告**的缺席資產 ⇒ ⛔ 仍然 fail-loud 並指名它 [33m1461[2mms[22m[39m
2026-09-09T17:23:40.5454551Z  [32m✓[39m src/ops/reviewSplitHomes.test.ts [2m([22m[2m2 tests[22m[2m)[22m[90m 88[2mms[22m[39m
2026-09-09T17:23:41.1967055Z  [32m✓[39m src/sim/baseBonusBounds.test.ts [2m([22m[2m10 tests[22m[2m)[22m[90m 15[2mms[22m[39m
2026-09-09T17:23:41.7114323Z  [32m✓[39m src/content/heroForge/handoff.test.ts [2m([22m[2m3 tests[22m[2m)[22m[90m 95[2mms[22m[39m
2026-09-09T17:23:42.0873922Z  [32m✓[39m src/content/damageTierPerRank.test.ts [2m([22m[2m5 tests[22m[2m)[22m[90m 13[2mms[22m[39m
2026-09-09T17:23:42.4324592Z  [32m✓[39m src/sim/content/conditionRecentCast.test.ts [2m([22m[2m3 tests[22m[2m)[22m[90m 48[2mms[22m[39m
2026-09-09T17:23:42.6516065Z  [32m✓[39m src/ops/liveSaveMirrorsChampion.test.ts [2m([22m[2m3 tests[22m[2m)[22m[90m 135[2mms[22m[39m
2026-09-09T17:23:42.9086784Z  [32m✓[39m src/ops/composeHelmEnvParity.test.ts [2m([22m[2m3 tests[22m[2m)[22m[90m 14[2mms[22m[39m
2026-09-09T17:23:43.0738945Z  [32m✓[39m src/content/comboWindowClaims.test.ts [2m([22m[2m3 tests[22m[2m)[22m[90m 6[2mms[22m[39m
2026-09-09T17:23:43.6000277Z  [32m✓[39m src/content/normalizersKeepConditionalRatios.test.ts [2m([22m[2m3 tests[22m[2m)[22m[90m 147[2mms[22m[39m
2026-09-09T17:23:43.6940830Z  [32m✓[39m src/sim/abilities/augmentAndDeferred.test.ts [2m([22m[2m3 tests[22m[2m)[22m[90m 7[2mms[22m[39m
2026-09-09T17:23:44.5512741Z  [32m✓[39m src/ops/laneREVIEWFixAnchor.test.ts [2m([22m[2m2 tests[22m[2m)[22m[33m 576[2mms[22m[39m
2026-09-09T17:23:44.5524003Z    [33m[2m✓[22m[39m 修復錨與語音漏斗[2m > [22m② 語音進得了漏斗，而門檻讀自 gate JSON（⛔ 不是抄一份數字） [33m349[2mms[22m[39m
2026-09-09T17:23:44.8893403Z  [32m✓[39m src/sim/arena.test.ts [2m([22m[2m4 tests[22m[2m)[22m[90m 35[2mms[22m[39m
2026-09-09T17:23:45.7145477Z  [32m✓[39m src/sim/combat/blockVfxReachesWire.test.ts [2m([22m[2m3 tests[22m[2m)[22m[90m 29[2mms[22m[39m
2026-09-09T17:23:45.9017931Z  [32m✓[39m src/content/stockModulateCriterionSameSource.test.ts [2m([22m[2m3 tests[22m[2m)[22m[33m 602[2mms[22m[39m
2026-09-09T17:23:45.9043970Z    [33m[2m✓[22m[39m 🔗 抽取器的恆等判準與判準⑤ 同源[2m > [22m⭐ 跑真的 oracle：出貨 modulate 文件的 δ 與判準⑤ 逐位元相同 [33m577[2mms[22m[39m
2026-09-09T17:23:46.1986252Z  [32m✓[39m src/content/presentationTokenManifest.test.ts [2m([22m[2m6 tests[22m[2m)[22m[90m 9[2mms[22m[39m
2026-09-09T17:23:47.1164245Z  [32m✓[39m src/ops/genguardMarkerRegions.test.ts [2m([22m[2m4 tests[22m[2m)[22m[33m 497[2mms[22m[39m
2026-09-09T17:23:47.5014741Z  [32m✓[39m src/content/shippedDamageTiersResolve.test.ts [2m([22m[2m1 test[22m[2m)[22m[33m 458[2mms[22m[39m
2026-09-09T17:23:47.5017279Z    [33m[2m✓[22m[39m 傷害級距在載入時解析 (damage-tier-load-time)[2m > [22m出貨技能只寫級別，而註冊之後 flat 就是表上那個數字 [33m456[2mms[22m[39m
2026-09-09T17:23:48.3700107Z  [32m✓[39m src/sim/combat/oneShotClamp.test.ts [2m([22m[2m3 tests[22m[2m)[22m[90m 35[2mms[22m[39m
2026-09-09T17:23:48.7944427Z  [32m✓[39m src/sim/combat/hitstopScale.test.ts [2m([22m[2m3 tests[22m[2m)[22m[90m 138[2mms[22m[39m
2026-09-09T17:23:48.8769335Z  [32m✓[39m src/content/abilityProvenance.test.ts [2m([22m[2m2 tests[22m[2m)[22m[90m 100[2mms[22m[39m
2026-09-09T17:23:49.1756118Z  [32m✓[39m src/content/declaredFieldMatchesShape.test.ts [2m([22m[2m4 tests[22m[2m)[22m[90m 8[2mms[22m[39m
2026-09-09T17:23:50.1775609Z  [32m✓[39m src/sim/effects/grantXp.test.ts [2m([22m[2m3 tests[22m[2m)[22m[90m 7[2mms[22m[39m
2026-09-09T17:23:51.4161715Z  [32m✓[39m src/content/editorContractSchemaTags.test.ts [2m([22m[2m1 test[22m[2m)[22m[90m 84[2mms[22m[39m
2026-09-09T17:23:52.3367407Z  [32m✓[39m src/ops/skillNormalizeGate.test.ts [2m([22m[2m3 tests[22m[2m)[22m[33m 16506[2mms[22m[39m
2026-09-09T17:23:52.3387983Z    [33m[2m✓[22m[39m 技能正規化總閘（tools/skill-normalize/gen.ts）[2m > [22m① 出貨樹上是綠的 —— 五欄級距、說明、說明↔JSON 三件事一趟過 [33m5257[2mms[22m[39m
2026-09-09T17:23:52.3413726Z    [33m[2m✓[22m[39m 技能正規化總閘（tools/skill-normalize/gen.ts）[2m > [22m② ⭐ 突變：把一支技能的級別改錯（原始值不動）→ 閘必須紅並指名它 [33m5818[2mms[22m[39m
2026-09-09T17:23:52.3415671Z    [33m[2m✓[22m[39m 技能正規化總閘（tools/skill-normalize/gen.ts）[2m > [22m③ ⭐ 突變：把說明改回一個手打的機制數字 → 閘必須紅 [33m5429[2mms[22m[39m
2026-09-09T17:23:52.6493977Z  [32m✓[39m src/sim/content/conditionStatus.test.ts [2m([22m[2m3 tests[22m[2m)[22m[90m 51[2mms[22m[39m
2026-09-09T17:23:52.8164631Z  [32m✓[39m src/sim/abilities/emfrThresholdPassive.test.ts [2m([22m[2m1 test[22m[2m)[22m[33m 2297[2mms[22m[39m
2026-09-09T17:23:53.3449312Z  [32m✓[39m src/content/arenaCollision.test.ts [2m([22m[2m4 tests[22m[2m)[22m[90m 133[2mms[22m[39m
2026-09-09T17:23:53.6274293Z  [32m✓[39m src/sim/effects/conditionalRatios.test.ts [2m([22m[2m4 tests[22m[2m)[22m[90m 35[2mms[22m[39m
2026-09-09T17:23:53.8019022Z  [32m✓[39m src/content/reactiveHookAreaHonesty.test.ts [2m([22m[2m5 tests[22m[2m)[22m[90m 17[2mms[22m[39m
2026-09-09T17:23:54.9041399Z  [32m✓[39m src/sim/economy/capstoneDisadvantage.test.ts [2m([22m[2m4 tests[22m[2m)[22m[90m 15[2mms[22m[39m
2026-09-09T17:23:55.8390129Z  [32m✓[39m src/ops/syncPlan.test.ts [2m([22m[2m6 tests[22m[2m)[22m[33m 87437[2mms[22m[39m
2026-09-09T17:23:55.8392090Z    [33m[2m✓[22m[39m skills:sync 按改動裁剪[2m > [22m① 改一份英雄 ⇒ 每一支量到讀英雄的產生器都在計畫裡 [33m2812[2mms[22m[39m
2026-09-09T17:23:55.8393652Z    [33m[2m✓[22m[39m skills:sync 按改動裁剪[2m > [22m② fail-closed —— 對不到輸入表的路徑 ⇒ 全跑 [33m4718[2mms[22m[39m
2026-09-09T17:23:55.8395207Z    [33m[2m✓[22m[39m skills:sync 按改動裁剪[2m > [22m③ 下游閉包 —— 只改一支產生器,吃它產物的那幾支也要跑 [33m2427[2mms[22m[39m
2026-09-09T17:23:55.8396893Z    [33m[2m✓[22m[39m skills:sync 按改動裁剪[2m > [22m⑥ 索引的擁有者 —— 改集合裡的來源文件,寫那份 _index.json 的產生器一定在計畫裡 [33m72203[2mms[22m[39m
2026-09-09T17:23:55.8399035Z    [33m[2m✓[22m[39m skills:sync 按改動裁剪[2m > [22m④ 拓撲 —— contract:numbers 一定排在 content:build 後面 [33m2533[2mms[22m[39m
2026-09-09T17:23:55.8400843Z    [33m[2m✓[22m[39m skills:sync 按改動裁剪[2m > [22m⑤ 產生器碰不到的 root(apps/**)⇒ 只跑真的掃原始碼的那幾支 [33m2737[2mms[22m[39m
2026-09-09T17:23:56.3452705Z  [32m✓[39m src/ops/attributeDerivationDocSuperseded.test.ts [2m([22m[2m1 test[22m[2m)[22m[90m 55[2mms[22m[39m
2026-09-09T17:23:56.3499975Z  [32m✓[39m src/sim/combat/impactFeel.test.ts [2m([22m[2m2 tests[22m[2m)[22m[90m 104[2mms[22m[39m
2026-09-09T17:23:56.7461353Z  [32m✓[39m src/content/standInChampionsRatchet.test.ts [2m([22m[2m3 tests[22m[2m)[22m[90m 4[2mms[22m[39m
2026-09-09T17:23:57.7120638Z  [32m✓[39m src/content/fragmentGatedRatio.test.ts [2m([22m[2m2 tests[22m[2m)[22m[90m 7[2mms[22m[39m
2026-09-09T17:23:57.7626506Z  [32m✓[39m src/sim/effects/timedVisionGrant.test.ts [2m([22m[2m2 tests[22m[2m)[22m[33m 3154[2mms[22m[39m
2026-09-09T17:23:58.2313717Z  [32m✓[39m src/ops/glbPostprocessChain.test.ts [2m([22m[2m5 tests[22m[2m)[22m[90m 16[2mms[22m[39m
2026-09-09T17:23:58.2669938Z  [32m✓[39m src/ops/formPairGateNeverWritesBaseline.test.ts [2m([22m[2m1 test[22m[2m)[22m[33m 4062[2mms[22m[39m
2026-09-09T17:23:58.2691666Z    [33m[2m✓[22m[39m 變身對子的閘不可以自己重寫基準線（GH#854）[2m > [22m⭐ 過期的基準線 ⇒ 紅，而且那個檔一個位元組都沒被動 [33m4059[2mms[22m[39m
2026-09-09T17:23:58.3774057Z  [32m✓[39m src/ops/reviewRegisterAcceptsNonVisual.test.ts [2m([22m[2m6 tests[22m[2m)[22m[90m 35[2mms[22m[39m
2026-09-09T17:23:58.4761555Z  [32m✓[39m src/sim/effects/effectConditionGate.test.ts [2m([22m[2m5 tests[22m[2m)[22m[90m 20[2mms[22m[39m
2026-09-09T17:23:58.8414552Z  [32m✓[39m src/ops/supersededTierNumbers.test.ts [2m([22m[2m1 test[22m[2m)[22m[90m 78[2mms[22m[39m
2026-09-09T17:23:58.9876496Z  [32m✓[39m src/content/schema/effectCondition.test.ts [2m([22m[2m2 tests[22m[2m)[22m[90m 38[2mms[22m[39m
2026-09-09T17:23:59.0103838Z  [32m✓[39m src/content/laneCLAIMPeriodicRegen.test.ts [2m([22m[2m1 test[22m[2m)[22m[90m 49[2mms[22m[39m
2026-09-09T17:23:59.7581304Z  [32m✓[39m src/ops/playerNoteNoRepeat.test.ts [2m([22m[2m3 tests[22m[2m)[22m[33m 531[2mms[22m[39m
2026-09-09T17:23:59.7824011Z  [32m✓[39m src/content/apFrequencyTiers.test.ts [2m([22m[2m5 tests[22m[2m)[22m[90m 11[2mms[22m[39m
2026-09-09T17:24:00.3888166Z  [32m✓[39m src/content/vfxNotSpawnedTwice.test.ts [2m([22m[2m2 tests[22m[2m)[22m[90m 20[2mms[22m[39m
2026-09-09T17:24:01.0628787Z  [32m✓[39m src/sim/content/conditionEquipment.test.ts [2m([22m[2m4 tests[22m[2m)[22m[90m 47[2mms[22m[39m
2026-09-09T17:24:01.3242749Z  [32m✓[39m src/ops/skillDamageRankExplicit.test.ts [2m([22m[2m3 tests[22m[2m)[22m[33m 525[2mms[22m[39m
2026-09-09T17:24:01.3294334Z    [33m[2m✓[22m[39m 閘②：技能傷害解析不可以假設 rank = 1（GH#1030 假前提 #2）[2m > [22m② 每一個出貨呼叫點都傳了 rank；③ 沒有人直接讀 perRank[0] [33m518[2mms[22m[39m
2026-09-09T17:24:01.7697679Z  [32m✓[39m src/content/laneKWaveTrailFamily.test.ts [2m([22m[2m3 tests[22m[2m)[22m[90m 15[2mms[22m[39m
2026-09-09T17:24:02.3214628Z  [32m✓[39m src/ops/reviewFeatureVerdicts.test.ts [2m([22m[2m2 tests[22m[2m)[22m[90m 82[2mms[22m[39m
2026-09-09T17:24:02.7324487Z  [32m✓[39m src/content/selfCastDamageTargeting.test.ts [2m([22m[2m3 tests[22m[2m)[22m[33m 2791[2mms[22m[39m
2026-09-09T17:24:03.1314183Z  [32m✓[39m src/ops/testsDoNotWriteShippedTree.test.ts [2m([22m[2m2 tests[22m[2m)[22m[33m 370[2mms[22m[39m
2026-09-09T17:24:03.1347594Z    [33m[2m✓[22m[39m 測試不可以擅自寫出貨樹（GH#1136）[2m > [22m⛔ 沒有一支測試把 content/ 或 docs/ 的路徑當成寫入目標 [33m345[2mms[22m[39m
2026-09-09T17:24:03.3505974Z  [32m✓[39m src/ops/healthregenProvenance.test.ts [2m([22m[2m3 tests[22m[2m)[22m[90m 11[2mms[22m[39m
2026-09-09T17:24:04.1839082Z  [32m✓[39m src/content/killTriggerSchema.test.ts [2m([22m[2m8 tests[22m[2m)[22m[90m 13[2mms[22m[39m
2026-09-09T17:24:05.2524584Z  [32m✓[39m src/content/templates/transformRoundtrip.test.ts [2m([22m[2m3 tests[22m[2m)[22m[90m 15[2mms[22m[39m
2026-09-09T17:24:06.4234410Z  [32m✓[39m src/ops/noAwsKeysInRepo.test.ts [2m([22m[2m3 tests[22m[2m)[22m[33m 4945[2mms[22m[39m
2026-09-09T17:24:06.4263582Z    [33m[2m✓[22m[39m ⛔ AWS 金鑰不可以進 repo（GH#1116）[2m > [22m★★ ⭐ 追蹤中的每一個文字檔都沒有 AWS 金鑰 [33m4942[2mms[22m[39m
2026-09-09T17:24:06.9514589Z  [32m✓[39m src/sim/economy/draftSwapWhenFull.test.ts [2m([22m[2m4 tests[22m[2m)[22m[33m 2159[2mms[22m[39m
2026-09-09T17:24:07.7475931Z  [32m✓[39m src/sim/stats/invisibleContribution.test.ts [2m([22m[2m4 tests[22m[2m)[22m[90m 41[2mms[22m[39m
2026-09-09T17:24:08.7804232Z  [32m✓[39m src/content/offsetForwardIsTranslated.test.ts [2m([22m[2m4 tests[22m[2m)[22m[90m 5[2mms[22m[39m
2026-09-09T17:24:09.6355458Z  [32m✓[39m src/sim/effects/compoundStackCap.test.ts [2m([22m[2m4 tests[22m[2m)[22m[33m 2700[2mms[22m[39m
2026-09-09T17:24:09.7368265Z  [32m✓[39m src/ops/backupRules.test.ts [2m([22m[2m2 tests[22m[2m)[22m[33m 510[2mms[22m[39m
2026-09-09T17:24:09.7393802Z    [33m[2m✓[22m[39m 覆蓋前留底 hook —— 重導目標要吃引號（GH#976）[2m > [22m裸／雙引號／單引號都留底；已追蹤且乾淨的只記帳 [33m434[2mms[22m[39m
2026-09-09T17:24:10.7194324Z  [32m✓[39m src/sim/abilities/passivesNeverFakeCast.test.ts [2m([22m[2m4 tests[22m[2m)[22m[90m 7[2mms[22m[39m
2026-09-09T17:24:10.7730582Z  [32m✓[39m src/ops/ggdAssetsScript.test.ts [2m([22m[2m4 tests[22m[2m)[22m[33m 696[2mms[22m[39m
2026-09-09T17:24:11.1038747Z  [32m✓[39m src/content/abilityRadiusWithinZone.test.ts [2m([22m[2m1 test[22m[2m)[22m[33m 2552[2mms[22m[39m
2026-09-09T17:24:11.1042183Z    [33m[2m✓[22m[39m AoE 半徑不得超過決鬥區（GH#310）[2m > [22m⭐ 每一支技能的引擎半徑 ≤ 最小的 zone 半徑 —— standalone 與英雄卡內嵌都算 [33m2550[2mms[22m[39m
2026-09-09T17:24:11.9280238Z  [32m✓[39m src/ops/ledgerTableDedupe.test.ts [2m([22m[2m2 tests[22m[2m)[22m[33m 821[2mms[22m[39m
2026-09-09T17:24:11.9287476Z    [33m[2m✓[22m[39m scripts/ledger_table.py 同一句話只有一列[2m > [22m建置器先插（訊息時間、未對票）→ ruling.sh 再插（執行時間、有票）⇒ 一列、票併入、時間取較早 [33m686[2mms[22m[39m
2026-09-09T17:24:12.1747851Z  [32m✓[39m src/sim/content/conditionStacks.test.ts [2m([22m[2m3 tests[22m[2m)[22m[90m 23[2mms[22m[39m
2026-09-09T17:24:12.5363108Z  [32m✓[39m src/sim/statusTagImmunity.test.ts [2m([22m[2m4 tests[22m[2m)[22m[90m 49[2mms[22m[39m
2026-09-09T17:24:12.6620760Z  [32m✓[39m src/content/skillTierNames.test.ts [2m([22m[2m3 tests[22m[2m)[22m[33m 370[2mms[22m[39m
2026-09-09T17:24:12.6655186Z    [33m[2m✓[22m[39m 級距名[2m > [22mcontent/ 裡沒有任何不在名單上的級距詞 [33m363[2mms[22m[39m
2026-09-09T17:24:12.9662269Z  [32m✓[39m src/content/formRetirementSafety.test.ts [2m([22m[2m3 tests[22m[2m)[22m[90m 8[2mms[22m[39m
2026-09-09T17:24:13.0620152Z  [32m✓[39m src/ops/rootVitestConfigScope.test.ts [2m([22m[2m2 tests[22m[2m)[22m[90m 12[2mms[22m[39m
2026-09-09T17:24:13.4395354Z  [32m✓[39m src/content/blinkNotDash.test.ts [2m([22m[2m1 test[22m[2m)[22m[90m 33[2mms[22m[39m
2026-09-09T17:24:13.7926421Z  [32m✓[39m src/protocol/viewGatedDelivery.test.ts [2m([22m[2m2 tests[22m[2m)[22m[90m 30[2mms[22m[39m
2026-09-09T17:24:14.2577772Z  [32m✓[39m src/sim/economy/grailWishes.test.ts [2m([22m[2m3 tests[22m[2m)[22m[90m 10[2mms[22m[39m
2026-09-09T17:24:14.4328088Z  [32m✓[39m src/map/gateWiring.test.ts [2m([22m[2m3 tests[22m[2m)[22m[90m 121[2mms[22m[39m
2026-09-09T17:24:15.0024576Z [90mstderr[2m | src/ops/releaseNotePlayersRange.test.ts[2m > [22m[2m玩家公告只撈這一版真的做了的票（GH#1021）[2m > [22m[2m★ 兩個方向 ＋ 量尺自證（真的跑腳本、真的打 gh）
2026-09-09T17:24:15.0030843Z [22m[39m⚠️ 這條閘**沒有驗到** —— 腳本／gh 跑不起來。⛔ 這不是「範圍對了」。要驗：`gh auth status` 然後重跑。
2026-09-09T17:24:15.0078462Z 
2026-09-09T17:24:15.0094595Z  [32m✓[39m src/ops/releaseNotePlayersRange.test.ts [2m([22m[2m1 test[22m[2m)[22m[33m 345[2mms[22m[39m
2026-09-09T17:24:15.0096702Z    [33m[2m✓[22m[39m 玩家公告只撈這一版真的做了的票（GH#1021）[2m > [22m★ 兩個方向 ＋ 量尺自證（真的跑腳本、真的打 gh） [33m343[2mms[22m[39m
2026-09-09T17:24:15.4126116Z  [32m✓[39m src/ops/reviewAdminGate.test.ts [2m([22m[2m4 tests[22m[2m)[22m[90m 10[2mms[22m[39m
2026-09-09T17:24:15.8520616Z  [32m✓[39m src/sim/collision/spatialHashFlat.test.ts [2m([22m[2m4 tests[22m[2m)[22m[90m 33[2mms[22m[39m
2026-09-09T17:24:15.9286525Z  [32m✓[39m src/sim/castabilitySummonChannel.test.ts [2m([22m[2m2 tests[22m[2m)[22m[90m 57[2mms[22m[39m
2026-09-09T17:24:16.3181327Z  [32m✓[39m src/sim/abilities/innateAoeReachesRadius.test.ts [2m([22m[2m2 tests[22m[2m)[22m[33m 2471[2mms[22m[39m
2026-09-09T17:24:16.4877901Z  [32m✓[39m src/content/schema/effects/spawnModelFxBone.test.ts [2m([22m[2m4 tests[22m[2m)[22m[90m 19[2mms[22m[39m
2026-09-09T17:24:16.9768879Z  [32m✓[39m src/content/summonAgentTemplate.test.ts [2m([22m[2m5 tests[22m[2m)[22m[90m 45[2mms[22m[39m
2026-09-09T17:24:17.0115732Z  [32m✓[39m src/ops/rollbackKnobsAreReachable.test.ts [2m([22m[2m2 tests[22m[2m)[22m[90m 260[2mms[22m[39m
2026-09-09T17:24:17.5614111Z  [32m✓[39m src/sim/stats/survivalBonus.test.ts [2m([22m[2m8 tests[22m[2m)[22m[90m 9[2mms[22m[39m
2026-09-09T17:24:18.1810857Z  [32m✓[39m src/versionBadge.test.ts [2m([22m[2m6 tests[22m[2m)[22m[90m 14[2mms[22m[39m
2026-09-09T17:24:18.2156107Z  [32m✓[39m src/ops/gitignoreDoesNotEatSources.test.ts [2m([22m[2m2 tests[22m[2m)[22m[33m 807[2mms[22m[39m
2026-09-09T17:24:18.2158765Z    [33m[2m✓[22m[39m `.gitignore` 不可以吃掉原始碼（GH#1038）[2m > [22m反方向：從實體走 —— 被 ignore 的原始碼檔 ⇒ 0 個，或在帶理由的豁免表 [33m591[2mms[22m[39m
2026-09-09T17:24:18.6733914Z  [32m✓[39m src/ops/syncConverges.test.ts [2m([22m[2m2 tests[22m[2m)[22m[90m 28[2mms[22m[39m
2026-09-09T17:24:19.5553627Z  [32m✓[39m src/ops/readmeListsFresh.test.ts [2m([22m[2m2 tests[22m[2m)[22m[33m 455[2mms[22m[39m
2026-09-09T17:24:19.5593781Z    [33m[2m✓[22m[39m README 的產生區塊[2m > [22m★ `--check` 是綠的（紅了不要改 README：跑 `pnpm docs:readme` 然後 git add） [33m449[2mms[22m[39m
2026-09-09T17:24:20.8772260Z  [32m✓[39m src/sim/attackTypeGrant.test.ts [2m([22m[2m2 tests[22m[2m)[22m[90m 75[2mms[22m[39m
2026-09-09T17:24:21.3724199Z  [32m✓[39m src/sim/effects/costlySelfBuffNotDispellable.test.ts [2m([22m[2m2 tests[22m[2m)[22m[33m 2371[2mms[22m[39m
2026-09-09T17:24:21.3913563Z  [32m✓[39m src/ops/deployStampReachesShard.test.ts [2m([22m[2m2 tests[22m[2m)[22m[90m 8[2mms[22m[39m
2026-09-09T17:24:21.8226051Z  [32m✓[39m src/sim/stats/roundSurvival.test.ts [2m([22m[2m9 tests[22m[2m)[22m[90m 12[2mms[22m[39m
2026-09-09T17:24:22.1440800Z  [32m✓[39m src/sim/effects/attackerSideStacks.test.ts [2m([22m[2m2 tests[22m[2m)[22m[33m 2350[2mms[22m[39m
2026-09-09T17:24:22.3913509Z  [32m✓[39m src/content/abilityCodeParity.test.ts [2m([22m[2m2 tests[22m[2m)[22m[90m 41[2mms[22m[39m
2026-09-09T17:24:22.9494158Z  [32m✓[39m src/content/championOriginCoverage.test.ts [2m([22m[2m3 tests[22m[2m)[22m[90m 76[2mms[22m[39m
2026-09-09T17:24:23.2043221Z  [32m✓[39m src/content/icon.test.ts [2m([22m[2m4 tests[22m[2m)[22m[90m 13[2mms[22m[39m
2026-09-09T17:24:23.5484000Z  [32m✓[39m src/content/retiredItemsAbsent.test.ts [2m([22m[2m2 tests[22m[2m)[22m[90m 139[2mms[22m[39m
2026-09-09T17:24:23.6269078Z  [32m✓[39m src/content/wc3SoundClips.test.ts [2m([22m[2m2 tests[22m[2m)[22m[90m 13[2mms[22m[39m
2026-09-09T17:24:24.3144469Z  [32m✓[39m src/content/slowLabelMatchesMultiplier.test.ts [2m([22m[2m2 tests[22m[2m)[22m[90m 239[2mms[22m[39m
2026-09-09T17:24:24.8455702Z  [32m✓[39m src/sim/spellVamp.test.ts [2m([22m[2m3 tests[22m[2m)[22m[90m 76[2mms[22m[39m
2026-09-09T17:24:25.0834409Z  [32m✓[39m src/ops/playerNoteDeclaredNone.test.ts [2m([22m[2m3 tests[22m[2m)[22m[33m 393[2mms[22m[39m
2026-09-09T17:24:25.9694605Z  [32m✓[39m src/sim/mobKillLevelOff.test.ts [2m([22m[2m4 tests[22m[2m)[22m[90m 20[2mms[22m[39m
2026-09-09T17:24:26.2927200Z  [32m✓[39m src/content/templates/drainLeechSubject.test.ts [2m([22m[2m1 test[22m[2m)[22m[90m 15[2mms[22m[39m
2026-09-09T17:24:26.7158693Z  [32m✓[39m src/content/apCoeffWired.test.ts [2m([22m[2m1 test[22m[2m)[22m[33m 2985[2mms[22m[39m
2026-09-09T17:24:26.7183167Z    [33m[2m✓[22m[39m AP 係數公式在載入時生效（GH#1035）[2m > [22m① 開關開：註冊表裡的 coeff ＝ 公式值，⛔ 不是 JSON 的字面值；② 開關關：回到字面值 [33m2983[2mms[22m[39m
2026-09-09T17:24:27.3184389Z  [32m✓[39m src/sim/content/mobCountsAsChampion.test.ts [2m([22m[2m3 tests[22m[2m)[22m[90m 9[2mms[22m[39m
2026-09-09T17:24:27.4333510Z  [32m✓[39m src/ops/rulingRegeneratesBoards.test.ts [2m([22m[2m3 tests[22m[2m)[22m[33m 701[2mms[22m[39m
2026-09-09T17:24:27.4334715Z    [33m[2m✓[22m[39m 帳本寫入端收工重生成 board:roll ＋ board:build（透過 genrun 的入口）[2m > [22mruling.sh：帳本真的寫了，兩支都被叫到 [33m404[2mms[22m[39m
2026-09-09T17:24:27.6274193Z  [32m✓[39m src/content/vfxBindings.test.ts [2m([22m[2m4 tests[22m[2m)[22m[90m 278[2mms[22m[39m
2026-09-09T17:24:27.8464564Z  [32m✓[39m src/content/heroForge.test.ts [2m([22m[2m5 tests[22m[2m)[22m[90m 22[2mms[22m[39m
2026-09-09T17:24:28.1238612Z  [32m✓[39m src/content/round11Skeleton.test.ts [2m([22m[2m6 tests[22m[2m)[22m[90m 24[2mms[22m[39m
2026-09-09T17:24:28.4504211Z  [32m✓[39m src/content/schemaNoImportCycles.test.ts [2m([22m[2m2 tests[22m[2m)[22m[90m 197[2mms[22m[39m
2026-09-09T17:24:28.5876383Z  [32m✓[39m src/ops/vfxFamiliesWriterOrder.test.ts [2m([22m[2m2 tests[22m[2m)[22m[90m 45[2mms[22m[39m
2026-09-09T17:24:28.8224281Z  [32m✓[39m src/sim/groundAoeAllySide.test.ts [2m([22m[2m2 tests[22m[2m)[22m[90m 43[2mms[22m[39m
2026-09-09T17:24:30.1389042Z  [32m✓[39m src/roomSettings.test.ts [2m([22m[2m3 tests[22m[2m)[22m[90m 10[2mms[22m[39m
2026-09-09T17:24:30.1452371Z  [32m✓[39m src/sim/content/conditionDistanceLearned.test.ts [2m([22m[2m3 tests[22m[2m)[22m[90m 37[2mms[22m[39m
2026-09-09T17:24:30.6294469Z  [32m✓[39m src/ops/miniDeployUntracked.test.ts [2m([22m[2m5 tests[22m[2m)[22m[90m 118[2mms[22m[39m
2026-09-09T17:24:31.0162844Z  [32m✓[39m src/ops/editorSurfaceIsHonest.test.ts [2m([22m[2m3 tests[22m[2m)[22m[90m 9[2mms[22m[39m
2026-09-09T17:24:31.4194035Z  [32m✓[39m src/ops/chidoriBuildBaseline.test.ts [2m([22m[2m4 tests[22m[2m)[22m[90m 10[2mms[22m[39m
2026-09-09T17:24:31.5523762Z  [32m✓[39m src/content/itemCardShipped.test.ts [2m([22m[2m5 tests[22m[2m)[22m[90m 24[2mms[22m[39m
2026-09-09T17:24:31.9694359Z  [32m✓[39m src/content/slotVocabularyAgrees.test.ts [2m([22m[2m3 tests[22m[2m)[22m[90m 8[2mms[22m[39m
2026-09-09T17:24:32.6344076Z  [32m✓[39m src/sim/abilities/innateAoeReaches.test.ts [2m([22m[2m1 test[22m[2m)[22m[33m 2483[2mms[22m[39m
2026-09-09T17:24:32.8764109Z  [32m✓[39m src/ops/ggdAssetsSurplus.test.ts [2m([22m[2m3 tests[22m[2m)[22m[33m 461[2mms[22m[39m
2026-09-09T17:24:33.9054502Z  [32m✓[39m src/content/transformInheritsOrigin.test.ts [2m([22m[2m2 tests[22m[2m)[22m[33m 731[2mms[22m[39m
2026-09-09T17:24:33.9978765Z  [32m✓[39m src/sim/navRoute.test.ts [2m([22m[2m2 tests[22m[2m)[22m[90m 72[2mms[22m[39m
2026-09-09T17:24:34.5575943Z  [32m✓[39m src/ops/cspEnforceable.test.ts [2m([22m[2m3 tests[22m[2m)[22m[90m 189[2mms[22m[39m
2026-09-09T17:24:34.7383237Z  [32m✓[39m src/sim/fireRingLethalSaveConfig.test.ts [2m([22m[2m2 tests[22m[2m)[22m[90m 170[2mms[22m[39m
2026-09-09T17:24:35.1754295Z  [32m✓[39m src/content/vfxFamilySoundIsCombat.test.ts [2m([22m[2m2 tests[22m[2m)[22m[90m 7[2mms[22m[39m
2026-09-09T17:24:35.5494291Z  [32m✓[39m src/sim/economy/randomOnlyTablesDeclared.test.ts [2m([22m[2m3 tests[22m[2m)[22m[90m 16[2mms[22m[39m
2026-09-09T17:24:36.1684182Z  [32m✓[39m src/content/saberWeaponDust.test.ts [2m([22m[2m2 tests[22m[2m)[22m[90m 8[2mms[22m[39m
2026-09-09T17:24:36.6992594Z  [32m✓[39m src/content/formAmplifyClaims.test.ts [2m([22m[2m3 tests[22m[2m)[22m[90m 16[2mms[22m[39m
2026-09-09T17:24:36.8653784Z  [32m✓[39m src/content/heroForge/forms.test.ts [2m([22m[2m4 tests[22m[2m)[22m[33m 965[2mms[22m[39m
2026-09-09T17:24:37.7274741Z  [32m✓[39m src/sim/statCapsAreFences.test.ts [2m([22m[2m1 test[22m[2m)[22m[33m 690[2mms[22m[39m
2026-09-09T17:24:38.3478195Z  [32m✓[39m src/ops/enabledSwitchesHaveConsumers.test.ts [2m([22m[2m3 tests[22m[2m)[22m[90m 12[2mms[22m[39m
2026-09-09T17:24:38.4794109Z  [32m✓[39m src/content/import/effectiveVfxLimits.test.ts [2m([22m[2m4 tests[22m[2m)[22m[90m 11[2mms[22m[39m
2026-09-09T17:24:38.5093121Z  [32m✓[39m src/sim/effects/blinkFixedDistance.test.ts [2m([22m[2m3 tests[22m[2m)[22m[90m 8[2mms[22m[39m
2026-09-09T17:24:38.8894843Z  [32m✓[39m src/content/singleArcPrimitive.test.ts [2m([22m[2m4 tests[22m[2m)[22m[90m 9[2mms[22m[39m
2026-09-09T17:24:39.0674562Z gh: To use GitHub CLI in a GitHub Actions workflow, set the GH_TOKEN environment variable. Example:
2026-09-09T17:24:39.0728428Z   env:
2026-09-09T17:24:39.0733958Z     GH_TOKEN: ${{ github.token }}
2026-09-09T17:24:39.0737276Z [90mstderr[2m | src/ops/releaseNoteHasPlayerSection.test.ts[2m > [22m[2m每一個 release note 都要有玩家段落（owner 2026-08-30）[2m > [22m[2m★ 最近的 release note 裡都要有一段「玩家看得到的」
2026-09-09T17:24:39.0739368Z [22m[39m⚠️ 這條閘**沒有驗到** —— `gh` 跑不起來。⛔ 這不是「全部都有玩家段落」。
2026-09-09T17:24:39.0739956Z 
2026-09-09T17:24:39.0741140Z  [32m✓[39m src/ops/releaseNoteHasPlayerSection.test.ts [2m([22m[2m2 tests[22m[2m)[22m[90m 205[2mms[22m[39m
2026-09-09T17:24:39.5657213Z  [32m✓[39m src/content/templates/blinkStrikeRoundtrip.test.ts [2m([22m[2m3 tests[22m[2m)[22m[90m 7[2mms[22m[39m
2026-09-09T17:24:39.7874376Z  [32m✓[39m src/ops/champNamesGeneratorRuns.test.ts [2m([22m[2m3 tests[22m[2m)[22m[33m 343[2mms[22m[39m
2026-09-09T17:24:39.8518394Z  [32m✓[39m src/ops/laneVCommitRefLint.test.ts [2m([22m[2m4 tests[22m[2m)[22m[33m 559[2mms[22m[39m
2026-09-09T17:24:39.8525222Z    [33m[2m✓[22m[39m GH#663 · commit 訊息的票號 / lane 代號不可以互相冒充[2m > [22m★ 真票號綠、假票號紅（有快取時） [33m301[2mms[22m[39m
2026-09-09T17:24:40.1714046Z  [32m✓[39m src/sim/formGateReadsStatus.test.ts [2m([22m[2m2 tests[22m[2m)[22m[33m 762[2mms[22m[39m
2026-09-09T17:24:41.5572478Z  [32m✓[39m src/sim/dispelRules.test.ts [2m([22m[2m4 tests[22m[2m)[22m[90m 7[2mms[22m[39m
2026-09-09T17:24:41.6444319Z  [32m✓[39m src/content/heroForge/presentationCatalogMatrix.test.ts [2m([22m[2m3 tests[22m[2m)[22m[33m 464[2mms[22m[39m
2026-09-09T17:24:41.6447049Z    [33m[2m✓[22m[39m hero presentation live catalog matrix[2m > [22mclassifies every VFX registry document without treating preview-only channels as shippable [33m368[2mms[22m[39m
2026-09-09T17:24:42.1044686Z  [32m✓[39m src/content/laneWBoneAttachRefsResolve.test.ts [2m([22m[2m3 tests[22m[2m)[22m[90m 9[2mms[22m[39m
2026-09-09T17:24:42.2766221Z gh: To use GitHub CLI in a GitHub Actions workflow, set the GH_TOKEN environment variable. Example:
2026-09-09T17:24:42.2783045Z   env:
2026-09-09T17:24:42.2813073Z     GH_TOKEN: ${{ github.token }}
2026-09-09T17:24:42.2822272Z [90mstderr[2m | src/ops/everyTagHasReleaseNote.test.ts[2m > [22m[2m每一個 tag 都要有 release note（owner 2026-08-30 揪到 6 個沒有）[2m > [22m[2m★ 最近的每一個 tag，GitHub 上都要有 release
2026-09-09T17:24:42.2843413Z [22m[39m⚠️ 這條閘**沒有驗到** —— `gh release list` 跑不起來（沒登入／沒網路）。
2026-09-09T17:24:42.2873108Z    ⛔ 這不是「全部都有 note」。要驗：`gh auth status` 然後重跑。
2026-09-09T17:24:42.2922306Z 
2026-09-09T17:24:42.2944041Z  [32m✓[39m src/ops/everyTagHasReleaseNote.test.ts [2m([22m[2m2 tests[22m[2m)[22m[90m 194[2mms[22m[39m
2026-09-09T17:24:43.0115421Z  [32m✓[39m src/ops/editorVocabulary.test.ts [2m([22m[2m4 tests[22m[2m)[22m[90m 6[2mms[22m[39m
2026-09-09T17:24:43.4694188Z  [32m✓[39m src/ops/normalizerListIsReal.test.ts [2m([22m[2m4 tests[22m[2m)[22m[90m 23[2mms[22m[39m
2026-09-09T17:24:43.4924633Z  [32m✓[39m src/sim/mobEliteHealthBarWire.test.ts [2m([22m[2m3 tests[22m[2m)[22m[90m 7[2mms[22m[39m
2026-09-09T17:24:43.9664190Z  [32m✓[39m src/ops/quarantineReleasesLegitimateWriters.test.ts [2m([22m[2m2 tests[22m[2m)[22m[90m 124[2mms[22m[39m
2026-09-09T17:24:45.0071465Z  [32m✓[39m src/sim/effects/inferredDebuffPolarity.test.ts [2m([22m[2m5 tests[22m[2m)[22m[90m 40[2mms[22m[39m
2026-09-09T17:24:45.0836027Z  [32m✓[39m src/ops/stockRibbonReport.test.ts [2m([22m[2m2 tests[22m[2m)[22m[33m 729[2mms[22m[39m
2026-09-09T17:24:45.0843026Z    [33m[2m✓[22m[39m stock 轉換入口的 RIBB 那一半（GH#753）[2m > [22m三個死法各自量得到，而且已知畫得出來的不會被誤殺 [33m607[2mms[22m[39m
2026-09-09T17:24:45.5169983Z  [32m✓[39m src/content/heroForge/communityPassives.test.ts [2m([22m[2m8 tests[22m[2m)[22m[33m 2033[2mms[22m[39m
2026-09-09T17:24:45.5173243Z    [33m[2m✓[22m[39m warwick's adapted passive really triggers on attacks and respects its two-second cooldown [33m392[2mms[22m[39m
2026-09-09T17:24:45.5175955Z    [33m[2m✓[22m[39m lux's adapted passive really triggers on attacks and respects its two-second cooldown [33m320[2mms[22m[39m
2026-09-09T17:24:46.0776119Z  [32m✓[39m src/sim/stats/ratingRefs.test.ts [2m([22m[2m3 tests[22m[2m)[22m[90m 6[2mms[22m[39m
2026-09-09T17:24:46.1862766Z  [32m✓[39m src/content/heroForge/migration.test.ts [2m([22m[2m2 tests[22m[2m)[22m[90m 39[2mms[22m[39m
2026-09-09T17:24:46.4654125Z  [32m✓[39m src/content/editModelAppend.test.ts [2m([22m[2m8 tests[22m[2m)[22m[90m 10[2mms[22m[39m
2026-09-09T17:24:47.4804084Z  [32m✓[39m src/sim/effects/statusStacks.test.ts [2m([22m[2m4 tests[22m[2m)[22m[90m 25[2mms[22m[39m
2026-09-09T17:24:48.3710951Z  [32m✓[39m src/content/heroForge/contracts.test.ts [2m([22m[2m12 tests[22m[2m)[22m[90m 50[2mms[22m[39m
2026-09-09T17:24:48.5368720Z  [32m✓[39m src/content/templates/allyShield.test.ts [2m([22m[2m6 tests[22m[2m)[22m[90m 11[2mms[22m[39m
2026-09-09T17:24:49.5622346Z  [32m✓[39m src/sim/mobLevelGrantsWired.test.ts [2m([22m[2m4 tests[22m[2m)[22m[90m 6[2mms[22m[39m
2026-09-09T17:24:49.6804467Z  [32m✓[39m src/sim/fullVision.test.ts [2m([22m[2m3 tests[22m[2m)[22m[90m 21[2mms[22m[39m
2026-09-09T17:24:50.0162955Z  [32m✓[39m src/content/heroForge/templateVersions.test.ts [2m([22m[2m3 tests[22m[2m)[22m[33m 5818[2mms[22m[39m
2026-09-09T17:24:50.0184001Z    [33m[2m✓[22m[39m keeps two heroes and per-instance overrides stable after a template default changes [33m629[2mms[22m[39m
2026-09-09T17:24:50.0186239Z    [33m[2m✓[22m[39m round trips historical templates and rejects self-approved source snapshots [33m5108[2mms[22m[39m
2026-09-09T17:24:50.2485243Z  [32m✓[39m src/ops/glbRegenRatchet.test.ts [2m([22m[2m2 tests[22m[2m)[22m[90m 271[2mms[22m[39m
2026-09-09T17:24:50.2627950Z  [32m✓[39m src/ops/laneAGgdAssetsListing.test.ts [2m([22m[2m3 tests[22m[2m)[22m[90m 201[2mms[22m[39m
2026-09-09T17:24:50.5094143Z  [32m✓[39m src/content/sphereAttachSizes.test.ts [2m([22m[2m3 tests[22m[2m)[22m[90m 6[2mms[22m[39m
2026-09-09T17:24:50.6892406Z  [32m✓[39m src/content/modelTextureAlphaMode.test.ts [2m([22m[2m1 test[22m[2m)[22m[33m 5195[2mms[22m[39m
2026-09-09T17:24:50.6895476Z    [33m[2m✓[22m[39m 3D model atlas alpha mode[2m > [22m每份出貨 GLB 的透明背景都由 MASK／BLEND 消除，不會畫出方形底板 [33m5192[2mms[22m[39m
2026-09-09T17:24:50.9404142Z  [32m✓[39m src/content/schema/newKnobsAreLive.test.ts [2m([22m[2m2 tests[22m[2m)[22m[90m 9[2mms[22m[39m
2026-09-09T17:24:51.1591480Z  [32m✓[39m src/ops/cardSkillLineKeyIntegrity.test.ts [2m([22m[2m1 test[22m[2m)[22m[90m 118[2mms[22m[39m
2026-09-09T17:24:51.5631268Z  [32m✓[39m src/ops/clipDegradationHonest.test.ts [2m([22m[2m4 tests[22m[2m)[22m[90m 68[2mms[22m[39m
2026-09-09T17:24:51.6506118Z  [32m✓[39m src/ops/statusGateDoesNotDestroy.test.ts [2m([22m[2m3 tests[22m[2m)[22m[33m 301[2mms[22m[39m
2026-09-09T17:24:51.7964620Z  [32m✓[39m src/sim/groundAoeResolve.test.ts [2m([22m[2m3 tests[22m[2m)[22m[90m 41[2mms[22m[39m
2026-09-09T17:24:51.8710565Z  [32m✓[39m src/content/modelLodConfig.test.ts [2m([22m[2m6 tests[22m[2m)[22m[90m 17[2mms[22m[39m
2026-09-09T17:24:52.2960767Z  [32m✓[39m src/ops/laneCENSUSVfxCensusFresh.test.ts [2m([22m[2m5 tests[22m[2m)[22m[90m 261[2mms[22m[39m
2026-09-09T17:24:52.7114292Z  [32m✓[39m src/ops/contentChangeRunsContentReaders.test.ts [2m([22m[2m1 test[22m[2m)[22m[90m 59[2mms[22m[39m
2026-09-09T17:24:52.9535413Z  [32m✓[39m src/sim/fear.test.ts [2m([22m[2m1 test[22m[2m)[22m[90m 84[2mms[22m[39m
2026-09-09T17:24:52.9854588Z  [32m✓[39m src/content/templates/templateProseCurrent.test.ts [2m([22m[2m3 tests[22m[2m)[22m[90m 21[2mms[22m[39m
2026-09-09T17:24:53.2082725Z  [32m✓[39m src/content/championTemplateOverrides.test.ts [2m([22m[2m3 tests[22m[2m)[22m[90m 42[2mms[22m[39m
2026-09-09T17:24:53.4297099Z  [32m✓[39m src/voxel/texture.test.ts [2m([22m[2m12 tests[22m[2m)[22m[90m 20[2mms[22m[39m
2026-09-09T17:24:53.8422753Z  [32m✓[39m src/ops/acceptanceEightSingleHome.test.ts [2m([22m[2m4 tests[22m[2m)[22m[90m 11[2mms[22m[39m
2026-09-09T17:24:54.0366260Z  [32m✓[39m src/sim/xpMultiplierWired.test.ts [2m([22m[2m5 tests[22m[2m)[22m[90m 9[2mms[22m[39m
2026-09-09T17:24:54.5184277Z  [32m✓[39m src/ops/genInputCommitGate.test.ts [2m([22m[2m3 tests[22m[2m)[22m[33m 870[2mms[22m[39m
2026-09-09T17:24:54.5353062Z    [33m[2m✓[22m[39m 產生器輸入閘（GH#1026 ③）—— 從 sync-io.json 的 reads 推導[2m > [22m② 產物重生成了卻沒列進 pathspec ⇒ 擋，指名要加進 commit；③ 兩者一起 ⇒ 放 [33m429[2mms[22m[39m
2026-09-09T17:24:55.1914470Z  [32m✓[39m src/ops/laneYTicketDupeScan.test.ts [2m([22m[2m3 tests[22m[2m)[22m[90m 217[2mms[22m[39m
2026-09-09T17:24:55.2079307Z  [32m✓[39m src/sim/systems/mobAggroIndex.test.ts [2m([22m[2m4 tests[22m[2m)[22m[90m 11[2mms[22m[39m
2026-09-09T17:24:55.6788813Z  [32m✓[39m src/ops/sceneryCc0Provenance.test.ts [2m([22m[2m2 tests[22m[2m)[22m[33m 1271[2mms[22m[39m
2026-09-09T17:24:55.6874239Z    [33m[2m✓[22m[39m scenery-cc0 下載素材的帳本[2m > [22m⭐ 每一件都座在 y=0（讀出貨的位元組，⛔ 不是讀帳本） [33m1120[2mms[22m[39m
2026-09-09T17:24:55.7707807Z  [32m✓[39m src/content/resolvedAppearanceExport.test.ts [2m([22m[2m5 tests[22m[2m)[22m[90m 12[2mms[22m[39m
2026-09-09T17:24:55.7940917Z  [32m✓[39m src/content/reviewTuningHonesty.test.ts [2m([22m[2m5 tests[22m[2m)[22m[90m 13[2mms[22m[39m
2026-09-09T17:24:56.1125208Z  [32m✓[39m src/content/rankingShipped.test.ts [2m([22m[2m2 tests[22m[2m)[22m[90m 12[2mms[22m[39m
2026-09-09T17:24:56.2945053Z  [32m✓[39m src/content/treantSummon.test.ts [2m([22m[2m4 tests[22m[2m)[22m[90m 8[2mms[22m[39m
2026-09-09T17:24:56.7475182Z  [32m✓[39m src/ops/liveRouteDatasetNames.test.ts [2m([22m[2m3 tests[22m[2m)[22m[90m 11[2mms[22m[39m
2026-09-09T17:24:57.2314402Z  [32m✓[39m src/ops/tuneScript.test.ts [2m([22m[2m7 tests[22m[2m)[22m[90m 15[2mms[22m[39m
2026-09-09T17:24:57.2847885Z  [32m✓[39m src/sim/manaEconomyFloor.test.ts [2m([22m[2m2 tests[22m[2m)[22m[90m 165[2mms[22m[39m
2026-09-09T17:24:57.4155769Z  [32m✓[39m src/sim/systems/mobDeathHook.test.ts [2m([22m[2m2 tests[22m[2m)[22m[90m 42[2mms[22m[39m
2026-09-09T17:24:57.8664233Z  [32m✓[39m src/content/iconGenLoraSdxl.test.ts [2m([22m[2m3 tests[22m[2m)[22m[90m 12[2mms[22m[39m
2026-09-09T17:24:58.2434031Z  [32m✓[39m src/content/laneADPromotedArtIsLive.test.ts [2m([22m[2m2 tests[22m[2m)[22m[90m 12[2mms[22m[39m
2026-09-09T17:24:58.2523234Z  [32m✓[39m src/content/lowDamageCells.test.ts [2m([22m[2m3 tests[22m[2m)[22m[90m 24[2mms[22m[39m
2026-09-09T17:24:58.7104524Z  [32m✓[39m src/content/import/parseImportPackage.test.ts [2m([22m[2m3 tests[22m[2m)[22m[90m 36[2mms[22m[39m
2026-09-09T17:24:58.7473643Z  [32m✓[39m src/content/goreConfig.test.ts [2m([22m[2m4 tests[22m[2m)[22m[90m 16[2mms[22m[39m
2026-09-09T17:24:59.2492622Z  [32m✓[39m src/content/ambientVfxAnchorBones.test.ts [2m([22m[2m2 tests[22m[2m)[22m[90m 63[2mms[22m[39m
2026-09-09T17:24:59.2520011Z  [32m✓[39m src/ops/progressMarkerRoundTrips.test.ts [2m([22m[2m2 tests[22m[2m)[22m[90m 11[2mms[22m[39m
2026-09-09T17:24:59.5803389Z  [32m✓[39m src/ops/syncIoDeclaresWrites.test.ts [2m([22m[2m3 tests[22m[2m)[22m[90m 4[2mms[22m[39m
2026-09-09T17:25:00.5474731Z  [32m✓[39m src/ops/deriveCastTimesFailsLoud.test.ts [2m([22m[2m1 test[22m[2m)[22m[33m 7510[2mms[22m[39m
2026-09-09T17:25:00.5477324Z    [33m[2m✓[22m[39m deriveCastTimes 不可以安靜地跳過一位英雄 (GH#708)[2m > [22m一份載不進來的英雄卡 ⇒ 非零離開並指名是誰 [33m7508[2mms[22m[39m
2026-09-09T17:25:00.6535855Z  [32m✓[39m src/content/templates/markStacks.test.ts [2m([22m[2m4 tests[22m[2m)[22m[90m 15[2mms[22m[39m
2026-09-09T17:25:01.2434162Z  [32m✓[39m src/ops/arenaSpawnFailLoud.test.ts [2m([22m[2m2 tests[22m[2m)[22m[90m 17[2mms[22m[39m
2026-09-09T17:25:01.2736570Z  [32m✓[39m src/ops/noNulInSources.test.ts [2m([22m[2m2 tests[22m[2m)[22m[33m 307[2mms[22m[39m
2026-09-09T17:25:01.6270778Z  [32m✓[39m src/ops/skillAuditFresh.test.ts [2m([22m[2m2 tests[22m[2m)[22m[33m 2999[2mms[22m[39m
2026-09-09T17:25:01.6297879Z    [33m[2m✓[22m[39m 技能模板驗收標準與產生器同步[2m > [22m⭐ docs/技能模板驗收標準.md 是從現在這支 audit.py 生出來的 —— 過期就紅 [33m1534[2mms[22m[39m
2026-09-09T17:25:01.6313274Z    [33m[2m✓[22m[39m 技能模板驗收標準與產生器同步[2m > [22m🔴 尺真的量得到東西：標本的 JASS 演出鏈**跨得過 `EnableTrigger`** [33m1464[2mms[22m[39m
2026-09-09T17:25:02.0709003Z [2m5:25:02 PM[22m [33m[1m[vite][22m[39m [33mwarning: invalid import "./${kind}.ts". Variable imports cannot import their own directory, place imports in a separate directory or make the import filename more specific. For example: import(`./foo/${bar}.js`).[39m
2026-09-09T17:25:02.0713338Z   Plugin: [35mvite:dynamic-import-vars[39m
2026-09-09T17:25:02.0771561Z   File: [36m/home/runner/work/GGD/GGD/packages/shared/src/content/schema/effects/effectShardWiring.test.ts[39m
2026-09-09T17:25:02.0800312Z [2m5:25:02 PM[22m [33m[1m[vite][22m[39m [33mwarning: invalid import "./${kind}.ts". Variable imports cannot import their own directory, place imports in a separate directory or make the import filename more specific. For example: import(`./foo/${bar}.js`).[39m
2026-09-09T17:25:02.0806223Z   Plugin: [35mvite:dynamic-import-vars[39m
2026-09-09T17:25:02.0827290Z   File: [36m/home/runner/work/GGD/GGD/packages/shared/src/content/schema/effects/effectShardWiring.test.ts[39m
2026-09-09T17:25:02.2924550Z  [32m✓[39m src/ops/laneVParticlesRegenIsIdempotent.test.ts [2m([22m[2m1 test[22m[2m)[22m[33m 521[2mms[22m[39m
2026-09-09T17:25:02.2938176Z    [33m[2m✓[22m[39m GH#667 · extract_particles.py 重生成一次 ⇒ 出貨逐位元組不變[2m > [22m★ 282 份 vfx 文件 ＋ config/ambient-vfx.json 一個位元組都沒動 [33m498[2mms[22m[39m
2026-09-09T17:25:02.6475447Z  [32m✓[39m src/ops/batch2BoundaryMatrix.test.ts [2m([22m[2m5 tests[22m[2m)[22m[90m 8[2mms[22m[39m
2026-09-09T17:25:02.7388958Z  [32m✓[39m src/content/schema/effects/effectShardWiring.test.ts [2m([22m[2m4 tests[22m[2m)[22m[90m 96[2mms[22m[39m
2026-09-09T17:25:03.0260080Z  [32m✓[39m src/ops/nginxTokenScrub.test.ts [2m([22m[2m4 tests[22m[2m)[22m[90m 7[2mms[22m[39m
2026-09-09T17:25:03.2998770Z ⛔ log 不存在：/tmp/vitest-verdict-NdVL3p/missing.log —— ⭐ 上一步沒有 tee 進這個路徑（或根本沒跑到）；⛔ 沒有 log 不等於帳平
2026-09-09T17:25:03.3015207Z  [32m✓[39m src/ops/vitestVerdictCheck.test.ts [2m([22m[2m3 tests[22m[2m)[22m[90m 189[2mms[22m[39m
2026-09-09T17:25:03.4743180Z  [32m✓[39m src/content/authoring/primitives.test.ts [2m([22m[2m5 tests[22m[2m)[22m[90m 12[2mms[22m[39m
2026-09-09T17:25:03.7114308Z  [32m✓[39m src/ops/everyIndexHasAnOwner.test.ts [2m([22m[2m3 tests[22m[2m)[22m[90m 18[2mms[22m[39m
2026-09-09T17:25:04.1393718Z  [32m✓[39m src/ops/editorContractOnlyGrows.test.ts [2m([22m[2m3 tests[22m[2m)[22m[90m 8[2mms[22m[39m
2026-09-09T17:25:04.1733801Z  [32m✓[39m src/ops/liveDatasetsAllBuild.test.ts [2m([22m[2m2 tests[22m[2m)[22m[33m 2523[2mms[22m[39m
2026-09-09T17:25:04.1736060Z    [33m[2m✓[22m[39m live 資料集全部 build 得起來（GH#867）[2m > [22m每一支都跑得完，⛔ 沒有一支擲例外 [33m2516[2mms[22m[39m
2026-09-09T17:25:04.3387243Z  [32m✓[39m src/content/cache/contentCache.test.ts [2m([22m[2m3 tests[22m[2m)[22m[33m 3600[2mms[22m[39m
2026-09-09T17:25:04.3401053Z    [33m[2m✓[22m[39m 內容樹快取[2m > [22m還原出來的 store / manifest / 隔離清單,與讀內容樹逐份相同 [33m3486[2mms[22m[39m
2026-09-09T17:25:04.6329106Z  [32m✓[39m src/ops/codexContractFresh.test.ts [2m([22m[2m1 test[22m[2m)[22m[90m 20[2mms[22m[39m
2026-09-09T17:25:05.0504384Z  [32m✓[39m src/ops/playerNoteMentionVsChange.test.ts [2m([22m[2m4 tests[22m[2m)[22m[90m 5[2mms[22m[39m
2026-09-09T17:25:05.4044950Z  [32m✓[39m src/ops/killBountyDocSuperseded.test.ts [2m([22m[2m1 test[22m[2m)[22m[90m 5[2mms[22m[39m
2026-09-09T17:25:05.5224283Z  [32m✓[39m src/sim/economy/roundGrantRemainder.test.ts [2m([22m[2m3 tests[22m[2m)[22m[90m 15[2mms[22m[39m
2026-09-09T17:25:05.9557435Z  [32m✓[39m src/content/iconStylePromptHomes.test.ts [2m([22m[2m3 tests[22m[2m)[22m[90m 130[2mms[22m[39m
2026-09-09T17:25:06.5122401Z  [32m✓[39m src/content/schema/vfxTracks.test.ts [2m([22m[2m5 tests[22m[2m)[22m[90m 16[2mms[22m[39m
2026-09-09T17:25:07.5953898Z  [32m✓[39m src/ops/editorCoverageFresh.test.ts [2m([22m[2m2 tests[22m[2m)[22m[33m 3004[2mms[22m[39m
2026-09-09T17:25:07.5979168Z    [33m[2m✓[22m[39m 編輯器涵蓋率清單不可能過期（owner 2026-08-30「分工明確」）[2m > [22m★ 清單與出貨註冊表逐位元組同步 [33m2981[2mms[22m[39m
2026-09-09T17:25:07.8476806Z  [32m✓[39m src/sim/manaNeverNegative.test.ts [2m([22m[2m3 tests[22m[2m)[22m[90m 106[2mms[22m[39m
2026-09-09T17:25:07.9604099Z  [32m✓[39m src/sim/statusGatedPassives.test.ts [2m([22m[2m1 test[22m[2m)[22m[33m 756[2mms[22m[39m
2026-09-09T17:25:08.2527938Z  [32m✓[39m src/ops/laneAGenguardHeredoc.test.ts [2m([22m[2m3 tests[22m[2m)[22m[33m 323[2mms[22m[39m
2026-09-09T17:25:08.5659131Z  [32m✓[39m src/ops/playerNoteReadsShippedCommits.test.ts [2m([22m[2m3 tests[22m[2m)[22m[90m 203[2mms[22m[39m
2026-09-09T17:25:08.5864621Z  [32m✓[39m src/ops/liveWriteCoverage.test.ts [2m([22m[2m1 test[22m[2m)[22m[90m 130[2mms[22m[39m
2026-09-09T17:25:09.2813972Z  [32m✓[39m src/ops/skillNormalizePlan.test.ts [2m([22m[2m3 tests[22m[2m)[22m[90m 11[2mms[22m[39m
2026-09-09T17:25:09.4521410Z  [32m✓[39m src/content/periodicFieldContentWiring.test.ts [2m([22m[2m1 test[22m[2m)[22m[90m 54[2mms[22m[39m
2026-09-09T17:25:09.7559263Z  [32m✓[39m src/envTier.test.ts [2m([22m[2m46 tests[22m[2m)[22m[90m 36[2mms[22m[39m
2026-09-09T17:25:10.2245263Z  [31m❯[39m src/ops/everyTagAnnounced.test.ts [2m([22m[2m1 test[22m[2m | [22m[31m1 failed[39m[2m)[22m[90m 54[2mms[22m[39m
2026-09-09T17:25:10.2268257Z [31m   [31m×[31m 每一個版號都要有 Discord 公告（owner 2026-09-01）[2m > [22m★ ⭐ `FROM` 之後的每一個 tag 都在公告帳本裡（⛔ 手打繞過 bmpndd.sh 就會紅）[90m 53[2mms[22m[31m[39m
2026-09-09T17:25:10.2291487Z [31m     → ⛔⛔ 這幾個版號**沒有玩家公告紀錄**：
2026-09-09T17:25:10.2312678Z   · v0.42.26
2026-09-09T17:25:10.2345509Z 
2026-09-09T17:25:10.2411403Z ⭐ 修法只有一個：**跑那個唯一入口**
2026-09-09T17:25:10.2437554Z     bash scripts/bmpndd.sh "<這一版的一句話>"
2026-09-09T17:25:10.2483914Z ⛔ 不是手打 release.sh + gh release create + mini-deploy.sh —— 
2026-09-09T17:25:10.2498284Z   那正是 2026-09-01 漏掉七版的做法（見本檔檔頭）。
2026-09-09T17:25:10.2510232Z ⚠️ 補發：set -a; . docker/.env; set +a; bash scripts/release-note-players.sh --post: expected [ 'v0.42.26' ] to deeply equal [][39m
2026-09-09T17:25:10.3033864Z  [32m✓[39m src/ops/jassComboTable.test.ts [2m([22m[2m1 test[22m[2m)[22m[33m 457[2mms[22m[39m
2026-09-09T17:25:10.3035799Z    [33m[2m✓[22m[39m JASS 連段對照表[2m > [22m⭐ 29 列的間隔仍然逐字等於 war3map.j —— 過期就紅 [33m455[2mms[22m[39m
2026-09-09T17:25:10.6074471Z  [32m✓[39m src/content/legendaryOwnerTiers.test.ts [2m([22m[2m1 test[22m[2m)[22m[90m 19[2mms[22m[39m
2026-09-09T17:25:10.6864761Z  [32m✓[39m src/content/attachmentScale.test.ts [2m([22m[2m1 test[22m[2m)[22m[90m 7[2mms[22m[39m
2026-09-09T17:25:10.7194243Z  [32m✓[39m src/content/__fixtures__/shippedContent.test.ts [2m([22m[2m2 tests[22m[2m)[22m[33m 448[2mms[22m[39m
2026-09-09T17:25:10.7233530Z    [33m[2m✓[22m[39m 出貨內容夾具[2m > [22m★ bundle 那條路與檔案樹那條路，每一個集合逐份相同（id·順序·內容） [33m446[2mms[22m[39m
2026-09-09T17:25:11.1594241Z  [32m✓[39m src/ops/noMacOnlyTmpPaths.test.ts [2m([22m[2m2 tests[22m[2m)[22m[90m 88[2mms[22m[39m
2026-09-09T17:25:11.5404115Z  [32m✓[39m src/sim/wallBlocksBasicAttack.test.ts [2m([22m[2m5 tests[22m[2m)[22m[90m 11[2mms[22m[39m
2026-09-09T17:25:12.0364331Z  [32m✓[39m src/content/legacyIsolation.test.ts [2m([22m[2m2 tests[22m[2m)[22m[90m 45[2mms[22m[39m
2026-09-09T17:25:12.2561212Z  [32m✓[39m src/content/finiteNumbers.test.ts [2m([22m[2m3 tests[22m[2m)[22m[90m 11[2mms[22m[39m
2026-09-09T17:25:12.4434044Z  [32m✓[39m src/content/import/sha256WireFormatRoundTrips.test.ts [2m([22m[2m4 tests[22m[2m)[22m[90m 14[2mms[22m[39m
2026-09-09T17:25:12.7006197Z  [32m✓[39m src/sim/systems/projectileSettledZone.test.ts [2m([22m[2m2 tests[22m[2m)[22m[90m 21[2mms[22m[39m
2026-09-09T17:25:12.7884314Z ⛔ 出現 0 次，期望 1 —— **檔案沒有被改動**。
2026-09-09T17:25:12.7902920Z    ⭐ 最接近的幾行（注意縮排與全形字）：
2026-09-09T17:25:12.7942805Z    （一行都沒有）
2026-09-09T17:25:12.8150575Z  [32m✓[39m src/ops/codexHandoffFresh.test.ts [2m([22m[2m2 tests[22m[2m)[22m[90m 6[2mms[22m[39m
2026-09-09T17:25:12.9334351Z ⛔ 出現 2 次，期望 1 —— **檔案沒有被改動**。
2026-09-09T17:25:12.9368256Z    ⭐ 最接近的幾行（注意縮排與全形字）：
2026-09-09T17:25:12.9392654Z    （一行都沒有）
2026-09-09T17:25:13.0091005Z ⛔ 出現 0 次，期望 1 —— **檔案沒有被改動**。
2026-09-09T17:25:13.0092215Z    ⭐ 最接近的幾行（注意縮排與全形字）：
2026-09-09T17:25:13.0094933Z   1: if (x) {
2026-09-09T17:25:13.0096528Z  [32m✓[39m src/ops/editOrDie.test.ts [2m([22m[2m4 tests[22m[2m)[22m[33m 311[2mms[22m[39m
2026-09-09T17:25:13.1934100Z  [32m✓[39m src/ops/deployDiagnosisNamesTheSide.test.ts [2m([22m[2m4 tests[22m[2m)[22m[90m 9[2mms[22m[39m
2026-09-09T17:25:13.5614010Z  [32m✓[39m src/ops/jassTemplateMapFresh.test.ts [2m([22m[2m3 tests[22m[2m)[22m[90m 128[2mms[22m[39m
2026-09-09T17:25:13.6413230Z  [32m✓[39m src/ops/ruleSlipLedger.test.ts [2m([22m[2m3 tests[22m[2m)[22m[90m 65[2mms[22m[39m
2026-09-09T17:25:13.7567968Z  [32m✓[39m src/sim/targetingKnobs.test.ts [2m([22m[2m3 tests[22m[2m)[22m[90m 7[2mms[22m[39m
2026-09-09T17:25:13.8354197Z  [32m✓[39m src/ops/syncPrune.test.ts [2m([22m[2m4 tests[22m[2m)[22m[33m 5167[2mms[22m[39m
2026-09-09T17:25:13.8453020Z    [33m[2m✓[22m[39m skills:sync 裁剪[2m > [22m② fail-closed：對不到輸入表就全跑 [33m2668[2mms[22m[39m
2026-09-09T17:25:13.8483599Z    [33m[2m✓[22m[39m skills:sync 裁剪[2m > [22m裁剪真的有裁到（改一行客戶端程式 ⛔ 不該跑 33 支） [33m2495[2mms[22m[39m
2026-09-09T17:25:13.9709375Z  [32m✓[39m src/sim/castChannelOrderSingleHome.test.ts [2m([22m[2m1 test[22m[2m)[22m[90m 6[2mms[22m[39m
2026-09-09T17:25:14.2026933Z  [32m✓[39m src/ops/legacyIndexFresh.test.ts [2m([22m[2m2 tests[22m[2m)[22m[90m 177[2mms[22m[39m
2026-09-09T17:25:14.3892270Z  [32m✓[39m src/content/persistentVfxClientCoverage.test.ts [2m([22m[2m2 tests[22m[2m)[22m[90m 148[2mms[22m[39m
2026-09-09T17:25:14.4305187Z  [32m✓[39m src/sim/statCapSpace.test.ts [2m([22m[2m2 tests[22m[2m)[22m[90m 5[2mms[22m[39m
2026-09-09T17:25:14.6444267Z  [32m✓[39m src/content/renderAbilityText.test.ts [2m([22m[2m5 tests[22m[2m)[22m[90m 32[2mms[22m[39m
2026-09-09T17:25:14.8104104Z  [32m✓[39m src/content/import/jcs.test.ts [2m([22m[2m7 tests[22m[2m)[22m[90m 14[2mms[22m[39m
2026-09-09T17:25:15.0608673Z  [32m✓[39m src/content/import/zipSafety.test.ts [2m([22m[2m17 tests[22m[2m)[22m[90m 14[2mms[22m[39m
2026-09-09T17:25:15.5972358Z  [32m✓[39m src/ops/hookHeredocOpenerSingleHome.test.ts [2m([22m[2m3 tests[22m[2m)[22m[90m 190[2mms[22m[39m
2026-09-09T17:25:15.7504369Z  [32m✓[39m src/content/import/targetProfile.test.ts [2m([22m[2m3 tests[22m[2m)[22m[90m 84[2mms[22m[39m
2026-09-09T17:25:15.9314392Z  [32m✓[39m src/content/templates/modelFxAnchorBone.test.ts [2m([22m[2m3 tests[22m[2m)[22m[90m 25[2mms[22m[39m
2026-09-09T17:25:16.1911116Z  [32m✓[39m src/ops/ledgerWriteWorksOutsideGenrun.test.ts [2m([22m[2m1 test[22m[2m)[22m[90m 67[2mms[22m[39m
2026-09-09T17:25:16.4964319Z  [32m✓[39m src/ops/laneVDryRunWritesNothing.test.ts [2m([22m[2m2 tests[22m[2m)[22m[33m 492[2mms[22m[39m
2026-09-09T17:25:16.4971157Z    [33m[2m✓[22m[39m GH#769 · 轉檔鏈的 --dry-run 與紀錄對帳[2m > [22m★ --dry-run 跑完，紀錄目錄與模型目錄逐位元組不變 [33m365[2mms[22m[39m
2026-09-09T17:25:17.4030392Z  [32m✓[39m src/content/templates/pullThrowApex.test.ts [2m([22m[2m2 tests[22m[2m)[22m[90m 7[2mms[22m[39m
2026-09-09T17:25:17.4598665Z  [32m✓[39m src/content/heroForge/effectAuthoring.test.ts [2m([22m[2m2 tests[22m[2m)[22m[90m 179[2mms[22m[39m
2026-09-09T17:25:17.8523777Z  [32m✓[39m src/ops/balanceAnchorDocHonest.test.ts [2m([22m[2m2 tests[22m[2m)[22m[90m 11[2mms[22m[39m
2026-09-09T17:25:18.2504105Z  [32m✓[39m src/content/abilityDashProvenance.test.ts [2m([22m[2m4 tests[22m[2m)[22m[90m 8[2mms[22m[39m
2026-09-09T17:25:18.6328970Z  [32m✓[39m src/ops/cspReportCollector.test.ts [2m([22m[2m4 tests[22m[2m)[22m[90m 6[2mms[22m[39m
2026-09-09T17:25:18.8399618Z  [32m✓[39m src/sim/content/conditionFacing.test.ts [2m([22m[2m15 tests[22m[2m)[22m[90m 41[2mms[22m[39m
2026-09-09T17:25:19.8684168Z  [32m✓[39m src/sim/reviveRadiusHonest.test.ts [2m([22m[2m1 test[22m[2m)[22m[90m 25[2mms[22m[39m
2026-09-09T17:25:20.0561618Z  [32m✓[39m src/sim/economy/economyRules.test.ts [2m([22m[2m4 tests[22m[2m)[22m[90m 10[2mms[22m[39m
2026-09-09T17:25:20.6035945Z  [32m✓[39m src/content/abilityPressPayload.test.ts [2m([22m[2m2 tests[22m[2m)[22m[33m 2523[2mms[22m[39m
2026-09-09T17:25:20.8705882Z  [32m✓[39m src/ops/ticketPremiseRecheck.test.ts [2m([22m[2m4 tests[22m[2m)[22m[33m 553[2mms[22m[39m
2026-09-09T17:25:20.9624425Z  [32m✓[39m src/sim/collision/spatialHashStamp.test.ts [2m([22m[2m5 tests[22m[2m)[22m[90m 7[2mms[22m[39m
2026-09-09T17:25:21.6407016Z  [32m✓[39m src/sim/systems/worldHookGh354.test.ts [2m([22m[2m3 tests[22m[2m)[22m[90m 12[2mms[22m[39m
2026-09-09T17:25:22.1434256Z  [32m✓[39m src/content/vfxPromotedRefsResolve.test.ts [2m([22m[2m1 test[22m[2m)[22m[90m 47[2mms[22m[39m
2026-09-09T17:25:22.5818637Z  [32m✓[39m src/sim/reviveContestOff.test.ts [2m([22m[2m1 test[22m[2m)[22m[90m 28[2mms[22m[39m
2026-09-09T17:25:22.6379612Z  [32m✓[39m src/sim/formImmobile.test.ts [2m([22m[2m1 test[22m[2m)[22m[33m 747[2mms[22m[39m
2026-09-09T17:25:23.4909242Z  [32m✓[39m src/content/heroForge/presentation.test.ts [2m([22m[2m3 tests[22m[2m)[22m[90m 51[2mms[22m[39m
2026-09-09T17:25:23.7624937Z  [32m✓[39m src/content/aoeTiers.test.ts [2m([22m[2m5 tests[22m[2m)[22m[90m 21[2mms[22m[39m
2026-09-09T17:25:24.0098664Z  [32m✓[39m src/content/championCardSkillLine.test.ts [2m([22m[2m1 test[22m[2m)[22m[33m 1483[2mms[22m[39m
2026-09-09T17:25:24.0104872Z    [33m[2m✓[22m[39m champion 卡面的技能行[2m > [22m⭐ 沒有接錯的槽位，而每一格改名都解釋得出來（⛔ 不對合法改名紅） [33m1482[2mms[22m[39m
2026-09-09T17:25:24.3581366Z  [32m✓[39m src/ops/boardBackupBeforeOverwrite.test.ts [2m([22m[2m1 test[22m[2m)[22m[90m 251[2mms[22m[39m
2026-09-09T17:25:24.9549133Z  [32m✓[39m src/content/vfxCleanupConfig.test.ts [2m([22m[2m4 tests[22m[2m)[22m[90m 9[2mms[22m[39m
2026-09-09T17:25:25.1443560Z  [32m✓[39m src/ops/skillNormalizeValve.test.ts [2m([22m[2m1 test[22m[2m)[22m[33m 10217[2mms[22m[39m
2026-09-09T17:25:25.1450379Z    [33m[2m✓[22m[39m skill-normalize.enabled 是活的止血閥（GH#1053）[2m > [22m同一棵壞樹：閥開 ⇒ 紅、閥關 ⇒ exit 0 並指名止血閥 [33m10215[2mms[22m[39m
2026-09-09T17:25:25.5667967Z  [32m✓[39m src/ops/styleSpecFresh.test.ts [2m([22m[2m1 test[22m[2m)[22m[90m 229[2mms[22m[39m
2026-09-09T17:25:25.6629022Z  [32m✓[39m src/content/schema/statusEffectTags.test.ts [2m([22m[2m2 tests[22m[2m)[22m[90m 6[2mms[22m[39m
2026-09-09T17:25:25.8571121Z  [32m✓[39m src/sim/destroyClearsEntityStores.test.ts [2m([22m[2m1 test[22m[2m)[22m[90m 17[2mms[22m[39m
2026-09-09T17:25:26.3408696Z  [32m✓[39m src/ops/testTreeCleanCheck.test.ts [2m([22m[2m2 tests[22m[2m)[22m[90m 241[2mms[22m[39m
2026-09-09T17:25:26.5294198Z  [32m✓[39m src/content/shippedIconsAreCurrentStyle.test.ts [2m([22m[2m2 tests[22m[2m)[22m[90m 228[2mms[22m[39m
2026-09-09T17:25:26.5685833Z  [32m✓[39m src/ops/ticketLint.test.ts [2m([22m[2m4 tests[22m[2m)[22m[33m 703[2mms[22m[39m
2026-09-09T17:25:26.7147599Z  [32m✓[39m src/ops/legacySpecQuarantine.test.ts [2m([22m[2m2 tests[22m[2m)[22m[90m 6[2mms[22m[39m
2026-09-09T17:25:26.8988865Z  [32m✓[39m src/content/sphereAttachmentDecisions.test.ts [2m([22m[2m3 tests[22m[2m)[22m[90m 5[2mms[22m[39m
2026-09-09T17:25:26.9619534Z  [32m✓[39m src/sim/world/arenaRotation.test.ts [2m([22m[2m5 tests[22m[2m)[22m[90m 19[2mms[22m[39m
2026-09-09T17:25:27.2347082Z  [32m✓[39m src/sim/moveFeel.test.ts [2m([22m[2m4 tests[22m[2m)[22m[90m 9[2mms[22m[39m
2026-09-09T17:25:27.3079050Z  [32m✓[39m src/content/summonBodyExists.test.ts [2m([22m[2m3 tests[22m[2m)[22m[90m 4[2mms[22m[39m
2026-09-09T17:25:27.3879767Z  [32m✓[39m src/content/retiredTierNamesStayRetired.test.ts [2m([22m[2m2 tests[22m[2m)[22m[90m 57[2mms[22m[39m
2026-09-09T17:25:27.7508493Z  [32m✓[39m src/content/arenaSpawnSeats.test.ts [2m([22m[2m3 tests[22m[2m)[22m[33m 2082[2mms[22m[39m
2026-09-09T17:25:27.7522832Z    [33m[2m✓[22m[39m arena@1 的每一側出生點都坐得滿一隊 (GH#325)[2m > [22m出貨的每一張場地都已經滿足它 —— 這條契約零內容改動 [33m2073[2mms[22m[39m
2026-09-09T17:25:28.1375551Z  [32m✓[39m src/sim/map/interactionAnchors.test.ts [2m([22m[2m2 tests[22m[2m)[22m[90m 166[2mms[22m[39m
2026-09-09T17:25:28.6144507Z  [32m✓[39m src/sim/stats/heroInitialAd.test.ts [2m([22m[2m1 test[22m[2m)[22m[90m 12[2mms[22m[39m
2026-09-09T17:25:28.7043904Z  [32m✓[39m src/content/schema/config/weatherRainRoll.test.ts [2m([22m[2m4 tests[22m[2m)[22m[90m 155[2mms[22m[39m
2026-09-09T17:25:28.7233908Z  [32m✓[39m src/sim/markInstall.test.ts [2m([22m[2m2 tests[22m[2m)[22m[90m 10[2mms[22m[39m
2026-09-09T17:25:29.0213959Z  [32m✓[39m src/content/championPitch.test.ts [2m([22m[2m3 tests[22m[2m)[22m[90m 13[2mms[22m[39m
2026-09-09T17:25:29.1206299Z  [32m✓[39m src/ops/separationLadderIsRead.test.ts [2m([22m[2m5 tests[22m[2m)[22m[90m 6[2mms[22m[39m
2026-09-09T17:25:29.7647468Z  [32m✓[39m src/ops/skillRemakeJsonFresh.test.ts [2m([22m[2m1 test[22m[2m)[22m[33m 654[2mms[22m[39m
2026-09-09T17:25:29.7675237Z    [33m[2m✓[22m[39m 90 支重製技能的 JSON 沒有被繞過產生器改動（GH#319）[2m > [22m⭐ 產生器 --check 必須是 0 —— ⛔ 手改會在這裡紅，不是在下次重生成時無聲消失 [33m652[2mms[22m[39m
2026-09-09T17:25:29.8854120Z  [32m✓[39m src/ops/laneINFRAPlan.test.ts [2m([22m[2m4 tests[22m[2m)[22m[33m 417[2mms[22m[39m
2026-09-09T17:25:30.3454342Z  [32m✓[39m src/ops/mdxFilterModeContract.test.ts [2m([22m[2m3 tests[22m[2m)[22m[90m 14[2mms[22m[39m
2026-09-09T17:25:30.3755058Z  [32m✓[39m src/staleArtifacts.test.ts [2m([22m[2m1 test[22m[2m)[22m[90m 142[2mms[22m[39m
2026-09-09T17:25:30.8165943Z  [32m✓[39m src/content/audioMap.test.ts [2m([22m[2m3 tests[22m[2m)[22m[90m 18[2mms[22m[39m
2026-09-09T17:25:31.3011350Z  [32m✓[39m src/content/rangeTierAdoption.test.ts [2m([22m[2m1 test[22m[2m)[22m[90m 32[2mms[22m[39m
2026-09-09T17:25:31.3213957Z  [32m✓[39m src/content/modelUpload/heroModel.test.ts [2m([22m[2m3 tests[22m[2m)[22m[33m 352[2mms[22m[39m
2026-09-09T17:25:32.5615891Z  [32m✓[39m src/sim/abilities/berserkRules.applyTo.test.ts [2m([22m[2m2 tests[22m[2m)[22m[90m 5[2mms[22m[39m
2026-09-09T17:25:33.0814303Z  [32m✓[39m src/sim/combat/blockVfxAxis.test.ts [2m([22m[2m3 tests[22m[2m)[22m[90m 10[2mms[22m[39m
2026-09-09T17:25:33.3283348Z  [32m✓[39m src/ops/innateLegendaryDocFresh.test.ts [2m([22m[2m1 test[22m[2m)[22m[33m 2658[2mms[22m[39m
2026-09-09T17:25:33.3294193Z    [33m[2m✓[22m[39m 固有能力及寶具總覽與 content 同步[2m > [22m⭐ 那份 md 是從現在這棵 content／註冊表生出來的 —— 過期就紅 [33m2657[2mms[22m[39m
2026-09-09T17:25:33.5684135Z  [32m✓[39m src/ops/skillDescQuotesAreDialogue.test.ts [2m([22m[2m1 test[22m[2m)[22m[90m 107[2mms[22m[39m
2026-09-09T17:25:33.7304268Z  [32m✓[39m src/ops/laneYTraceChainParse.test.ts [2m([22m[2m3 tests[22m[2m)[22m[90m 13[2mms[22m[39m
2026-09-09T17:25:35.0545820Z  [32m✓[39m src/ops/mapArtCannotChangeCollision.test.ts [2m([22m[2m1 test[22m[2m)[22m[33m 359[2mms[22m[39m
2026-09-09T17:25:35.0573915Z    [33m[2m✓[22m[39m 美術層不可以改變碰撞（GH#324 Phase 6）[2m > [22m⭐ 只加 landmark / background 道具 → obstacles 位元相同 [33m358[2mms[22m[39m
2026-09-09T17:25:35.1943931Z  [32m✓[39m src/content/refs.test.ts [2m([22m[2m3 tests[22m[2m)[22m[90m 8[2mms[22m[39m
2026-09-09T17:25:35.4247361Z  [32m✓[39m src/sim/effects/muzzleOffset.test.ts [2m([22m[2m4 tests[22m[2m)[22m[90m 8[2mms[22m[39m
2026-09-09T17:25:35.6914751Z  [32m✓[39m src/ops/editorCoverageWalksNested.test.ts [2m([22m[2m4 tests[22m[2m)[22m[90m 10[2mms[22m[39m
2026-09-09T17:25:35.8244119Z  [32m✓[39m src/sim/map/gatesHold.test.ts [2m([22m[2m5 tests[22m[2m)[22m[90m 7[2mms[22m[39m
2026-09-09T17:25:36.0173451Z  [32m✓[39m src/content/import/readPackageZip.test.ts [2m([22m[2m7 tests[22m[2m)[22m[33m 3373[2mms[22m[39m
2026-09-09T17:25:36.0176232Z    [33m[2m✓[22m[39m one package ZIP reader in Main and offline Editor[2m > [22mrecovers full source text, runtime and exact binary assets without a server [33m1882[2mms[22m[39m
2026-09-09T17:25:36.0194293Z    [33m[2m✓[22m[39m one package ZIP reader in Main and offline Editor[2m > [22mrejects extra drift even with a freshly computed archive CRC [33m300[2mms[22m[39m
2026-09-09T17:25:36.0224181Z    [33m[2m✓[22m[39m one package ZIP reader in Main and offline Editor[2m > [22mrejects transport drift even with a freshly computed archive CRC [33m318[2mms[22m[39m
2026-09-09T17:25:36.0278330Z    [33m[2m✓[22m[39m one package ZIP reader in Main and offline Editor[2m > [22mrejects semantic drift even with a freshly computed archive CRC [33m382[2mms[22m[39m
2026-09-09T17:25:36.2385947Z  [32m✓[39m src/ops/skillSpecFresh.test.ts [2m([22m[2m1 test[22m[2m)[22m[33m 4543[2mms[22m[39m
2026-09-09T17:25:36.2400429Z    [33m[2m✓[22m[39m 技能規則說明與引擎同步[2m > [22m⭐ 那份 md 是從現在這個 schema／註冊表／content 生出來的 —— 過期就紅 [33m4542[2mms[22m[39m
2026-09-09T17:25:36.2452562Z  [32m✓[39m src/sim/economy/shopResolution.test.ts [2m([22m[2m2 tests[22m[2m)[22m[90m 8[2mms[22m[39m
2026-09-09T17:25:36.6715195Z  [32m✓[39m src/ops/tempFileConvention.test.ts [2m([22m[2m2 tests[22m[2m)[22m[90m 12[2mms[22m[39m
2026-09-09T17:25:37.3632731Z  [32m✓[39m src/sim/content/registryContext.test.ts [2m([22m[2m2 tests[22m[2m)[22m[90m 11[2mms[22m[39m
2026-09-09T17:25:37.6787246Z  [32m✓[39m src/content/mapBgmCoversArenaPool.test.ts [2m([22m[2m3 tests[22m[2m)[22m[90m 17[2mms[22m[39m
2026-09-09T17:25:37.9534608Z  [32m✓[39m src/sim/systems/friendlyFirePayout.test.ts [2m([22m[2m2 tests[22m[2m)[22m[90m 40[2mms[22m[39m
2026-09-09T17:25:38.2018533Z  [32m✓[39m src/ops/enableAuditCallable.test.ts [2m([22m[2m3 tests[22m[2m)[22m[90m 17[2mms[22m[39m
2026-09-09T17:25:38.4081140Z  [32m✓[39m src/content/deprecatedFieldsContract.test.ts [2m([22m[2m2 tests[22m[2m)[22m[90m 8[2mms[22m[39m
2026-09-09T17:25:39.3875913Z  [32m✓[39m src/sim/spawnLevelPoints.test.ts [2m([22m[2m2 tests[22m[2m)[22m[90m 9[2mms[22m[39m
2026-09-09T17:25:39.4684469Z  [32m✓[39m src/sim/abilities/cooldownDrain.test.ts [2m([22m[2m6 tests[22m[2m)[22m[90m 27[2mms[22m[39m
2026-09-09T17:25:39.7589512Z  [32m✓[39m src/ops/skillTiersDocFresh.test.ts [2m([22m[2m1 test[22m[2m)[22m[33m 3095[2mms[22m[39m
2026-09-09T17:25:39.7602527Z    [33m[2m✓[22m[39m 技能級距規範與出貨設定同步[2m > [22m⭐ 那份 md 是從現在這張級距表與註冊表生出來的 —— 過期就紅 [33m3092[2mms[22m[39m
2026-09-09T17:25:40.0504316Z  [32m✓[39m src/ops/memoryTempScript.test.ts [2m([22m[2m1 test[22m[2m)[22m[33m 1634[2mms[22m[39m
2026-09-09T17:25:40.0533944Z    [33m[2m✓[22m[39m 保命快照 scripts/memory-temp.sh[2m > [22m寫出一份含真實 git 狀態、且三節手填欄位都在的 memory_temp [33m1633[2mms[22m[39m
2026-09-09T17:25:40.1464118Z  [32m✓[39m testkit/starterRoster.test.ts [2m([22m[2m3 tests[22m[2m)[22m[90m 18[2mms[22m[39m
2026-09-09T17:25:40.1726079Z  [32m✓[39m src/ops/askOwnerRemindsToCheckLedger.test.ts [2m([22m[2m3 tests[22m[2m)[22m[33m 310[2mms[22m[39m
2026-09-09T17:25:40.5374239Z  [32m✓[39m src/ops/deployTargetIsCurrent.test.ts [2m([22m[2m3 tests[22m[2m)[22m[90m 4[2mms[22m[39m
2026-09-09T17:25:40.6352669Z  [32m✓[39m src/ops/readmeListsIgnoreRuntimeState.test.ts [2m([22m[2m1 test[22m[2m)[22m[33m 845[2mms[22m[39m
2026-09-09T17:25:40.6361686Z    [33m[2m✓[22m[39m README／docs/reference 的產生器不取決於這台機器的營運狀態（GH#995）[2m > [22m⭐ 白名單在／不在，`--check` 都是 up to date（⛔ 不再有 skip） [33m842[2mms[22m[39m
2026-09-09T17:25:40.7700618Z  [32m✓[39m src/ops/announceLedgerUpdatesOnForce.test.ts [2m([22m[2m3 tests[22m[2m)[22m[90m 222[2mms[22m[39m
2026-09-09T17:25:41.4214707Z  [32m✓[39m src/ops/shippingValueNeedsARuling.test.ts [2m([22m[2m3 tests[22m[2m)[22m[33m 355[2mms[22m[39m
2026-09-09T17:25:41.8672525Z  [32m✓[39m src/sim/effects/statusStackEdges.test.ts [2m([22m[2m3 tests[22m[2m)[22m[90m 14[2mms[22m[39m
2026-09-09T17:25:42.2293958Z  [32m✓[39m src/content/hash.test.ts [2m([22m[2m3 tests[22m[2m)[22m[90m 19[2mms[22m[39m
2026-09-09T17:25:42.4339548Z  [32m✓[39m src/content/compat.test.ts [2m([22m[2m1 test[22m[2m)[22m[90m 14[2mms[22m[39m
2026-09-09T17:25:42.8914159Z  [32m✓[39m src/ops/mapGroundStyleReachesArena.test.ts [2m([22m[2m3 tests[22m[2m)[22m[33m 441[2mms[22m[39m
2026-09-09T17:25:43.0181251Z  [32m✓[39m src/content/import/uploadedHeroModel.test.ts [2m([22m[2m1 test[22m[2m)[22m[33m 947[2mms[22m[39m
2026-09-09T17:25:43.0195049Z    [33m[2m✓[22m[39m compiles an uploaded body with its historical template and trusted generator provenance intact [33m946[2mms[22m[39m
2026-09-09T17:25:43.0320988Z  [32m✓[39m src/content/schema/victoryPodium.test.ts [2m([22m[2m4 tests[22m[2m)[22m[90m 12[2mms[22m[39m
2026-09-09T17:25:43.3002353Z  [32m✓[39m src/sim/combat/apDamageCurve.test.ts [2m([22m[2m4 tests[22m[2m)[22m[90m 15[2mms[22m[39m
2026-09-09T17:25:43.4128174Z  [32m✓[39m src/ops/helmNginxInSync.test.ts [2m([22m[2m1 test[22m[2m)[22m[90m 4[2mms[22m[39m
2026-09-09T17:25:43.4243925Z  [32m✓[39m src/ops/boardMdPreserved.test.ts [2m([22m[2m2 tests[22m[2m)[22m[90m 4[2mms[22m[39m
2026-09-09T17:25:43.5584255Z  [32m✓[39m src/sim/combat/abilityDamageMult.test.ts [2m([22m[2m1 test[22m[2m)[22m[90m 15[2mms[22m[39m
2026-09-09T17:25:43.7714076Z  [32m✓[39m src/content/schema/config/uiCues.test.ts [2m([22m[2m2 tests[22m[2m)[22m[90m 16[2mms[22m[39m
2026-09-09T17:25:43.8201700Z  [32m✓[39m src/constants.test.ts [2m([22m[2m4 tests[22m[2m)[22m[90m 4[2mms[22m[39m
2026-09-09T17:25:44.1664731Z  [32m✓[39m src/ops/enableAuditRoute.test.ts [2m([22m[2m3 tests[22m[2m)[22m[90m 5[2mms[22m[39m
2026-09-09T17:25:44.2424186Z  [32m✓[39m src/ops/genguardJsonBanner.test.ts [2m([22m[2m3 tests[22m[2m)[22m[33m 437[2mms[22m[39m
2026-09-09T17:25:44.4864040Z  [32m✓[39m src/content/schema/schemaImportCycle.test.ts [2m([22m[2m2 tests[22m[2m)[22m[90m 193[2mms[22m[39m
2026-09-09T17:25:44.4957748Z  [32m✓[39m src/ops/skillRemakeDocsFresh.test.ts [2m([22m[2m1 test[22m[2m)[22m[33m 518[2mms[22m[39m
2026-09-09T17:25:44.5003548Z    [33m[2m✓[22m[39m 重製技能文件與產生器同步[2m > [22m⭐ §13.10 與 90 支 md 都是從現在這支產生器生出來的 —— 過期就紅 [33m516[2mms[22m[39m
2026-09-09T17:25:44.5614272Z  [32m✓[39m src/content/laneCVfxFamiliesReferents.test.ts [2m([22m[2m1 test[22m[2m)[22m[90m 8[2mms[22m[39m
2026-09-09T17:25:44.6918904Z  [32m✓[39m src/map/pillarRing.test.ts [2m([22m[2m1 test[22m[2m)[22m[90m 7[2mms[22m[39m
2026-09-09T17:25:45.1105338Z  [32m✓[39m src/ops/ledgerTableEscapes.test.ts [2m([22m[2m2 tests[22m[2m)[22m[90m 100[2mms[22m[39m
2026-09-09T17:25:45.1649707Z  [32m✓[39m src/ops/shellWideCharVars.test.ts [2m([22m[2m2 tests[22m[2m)[22m[90m 15[2mms[22m[39m
2026-09-09T17:25:45.5906982Z  [32m✓[39m src/deployTier.test.ts [2m([22m[2m16 tests[22m[2m)[22m[90m 20[2mms[22m[39m
2026-09-09T17:25:45.7264929Z  [32m✓[39m src/ops/productQuarantine.test.ts [2m([22m[2m2 tests[22m[2m)[22m[90m 271[2mms[22m[39m
2026-09-09T17:25:45.9924468Z  [32m✓[39m src/content/schema/config/configFacadeSurface.test.ts [2m([22m[2m1 test[22m[2m)[22m[90m 4[2mms[22m[39m
2026-09-09T17:25:46.0524914Z  [32m✓[39m src/ops/statCapsFresh.test.ts [2m([22m[2m1 test[22m[2m)[22m[33m 1102[2mms[22m[39m
2026-09-09T17:25:46.0529932Z    [33m[2m✓[22m[39m 屬性上限與出貨內容同步[2m > [22m⭐ 那 7 條是從現在這批英雄卡與 combat-env 推導的 —— 過期就紅 [33m1101[2mms[22m[39m
2026-09-09T17:25:46.2573884Z  [32m✓[39m src/sim/purity.test.ts [2m([22m[2m1 test[22m[2m)[22m[90m 144[2mms[22m[39m
2026-09-09T17:25:46.3884040Z  [32m✓[39m src/content/schema/mark.test.ts [2m([22m[2m3 tests[22m[2m)[22m[90m 12[2mms[22m[39m
2026-09-09T17:25:46.4289247Z  [32m✓[39m src/ops/rootTestNoBail.test.ts [2m([22m[2m1 test[22m[2m)[22m[90m 4[2mms[22m[39m
2026-09-09T17:25:47.5355099Z  [32m✓[39m src/content/heroForge/retrieval.test.ts [2m([22m[2m1 test[22m[2m)[22m[90m 13[2mms[22m[39m
2026-09-09T17:25:47.6027660Z  [32m✓[39m src/ops/askedBeforeStrict.test.ts [2m([22m[2m1 test[22m[2m)[22m[33m 792[2mms[22m[39m
2026-09-09T17:25:47.6037510Z    [33m[2m✓[22m[39m scripts/asked-before.sh --strict[2m > [22m有的量得到（exit 0）、沒有的量不到（exit 1）、預設模式不變（都 0） [33m790[2mms[22m[39m
2026-09-09T17:25:47.9124319Z  [32m✓[39m src/content/vfxSoundKeys.test.ts [2m([22m[2m1 test[22m[2m)[22m[90m 35[2mms[22m[39m
2026-09-09T17:25:48.2373967Z  [32m✓[39m src/content/flowerModel.test.ts [2m([22m[2m2 tests[22m[2m)[22m[90m 8[2mms[22m[39m
2026-09-09T17:25:48.7522563Z  [32m✓[39m src/content/championRuntimeResolver.test.ts [2m([22m[2m1 test[22m[2m)[22m[90m 30[2mms[22m[39m
2026-09-09T17:25:49.1623928Z  [32m✓[39m src/ops/sceneryGenFresh.test.ts [2m([22m[2m1 test[22m[2m)[22m[33m 1143[2mms[22m[39m
2026-09-09T17:25:49.1640230Z    [33m[2m✓[22m[39m 場景裝飾模型與產生器同步[2m > [22m⭐ 出貨的 scenery .glb 是現在這張參數表生出來的 —— 過期就紅 [33m1141[2mms[22m[39m
2026-09-09T17:25:49.2334035Z  [32m✓[39m src/sim/math/rng.test.ts [2m([22m[2m6 tests[22m[2m)[22m[33m 2828[2mms[22m[39m
2026-09-09T17:25:49.2383601Z    [33m[2m✓[22m[39m Rng (mulberry32)[2m > [22mproduces floats in [0,1) [33m516[2mms[22m[39m
2026-09-09T17:25:49.2390581Z    [33m[2m✓[22m[39m Rng (mulberry32)[2m > [22mint(n) stays in [0,n) and is roughly uniform [33m2302[2mms[22m[39m
2026-09-09T17:25:49.6973569Z  [32m✓[39m src/content/heroForge/bodyModels.test.ts [2m([22m[2m3 tests[22m[2m)[22m[90m 7[2mms[22m[39m
2026-09-09T17:25:49.7633952Z  [32m✓[39m src/content/consumeStatusContract.test.ts [2m([22m[2m4 tests[22m[2m)[22m[90m 20[2mms[22m[39m
2026-09-09T17:25:49.8629798Z  [32m✓[39m src/content/heroForge/productInstances.test.ts [2m([22m[2m1 test[22m[2m)[22m[90m 15[2mms[22m[39m
2026-09-09T17:25:50.1534054Z  [32m✓[39m src/sim/math/vec2.test.ts [2m([22m[2m5 tests[22m[2m)[22m[90m 12[2mms[22m[39m
2026-09-09T17:25:50.1814347Z  [32m✓[39m src/ops/grailWishesFresh.test.ts [2m([22m[2m1 test[22m[2m)[22m[90m 93[2mms[22m[39m
2026-09-09T17:25:50.3474901Z  [32m✓[39m src/sim/effects/reviveShipped.test.ts [2m([22m[2m1 test[22m[2m)[22m[90m 3[2mms[22m[39m
2026-09-09T17:25:50.5684757Z  [32m✓[39m src/sim/math/cosDeg.test.ts [2m([22m[2m2 tests[22m[2m)[22m[90m 13[2mms[22m[39m
2026-09-09T17:25:50.5974358Z  [32m✓[39m src/content/import/modelAssetSafety.test.ts [2m([22m[2m7 tests[22m[2m)[22m[90m 13[2mms[22m[39m
2026-09-09T17:25:50.6665569Z  [32m✓[39m src/content/heroForge/localAi.test.ts [2m([22m[2m1 test[22m[2m)[22m[90m 9[2mms[22m[39m
2026-09-09T17:25:50.8325605Z  [32m✓[39m src/content/vfxSubtypes/context.test.ts [2m([22m[2m1 test[22m[2m)[22m[90m 4[2mms[22m[39m
2026-09-09T17:25:50.9340290Z  [32m✓[39m src/content/statNormalizationShipped.test.ts [2m([22m[2m1 test[22m[2m)[22m[90m 5[2mms[22m[39m
2026-09-09T17:25:51.1263739Z  [32m✓[39m src/sim/authoredOrigin.test.ts [2m([22m[2m11 tests[22m[2m)[22m[90m 5[2mms[22m[39m
2026-09-09T17:25:51.1772520Z 
2026-09-09T17:25:51.1843840Z [31m⎯⎯⎯⎯⎯⎯⎯[1m[7m Failed Tests 1 [27m[22m⎯⎯⎯⎯⎯⎯⎯[39m
2026-09-09T17:25:51.1848880Z 
2026-09-09T17:25:51.1850905Z [31m[1m[7m FAIL [27m[22m[39m src/ops/everyTagAnnounced.test.ts[2m > [22m每一個版號都要有 Discord 公告（owner 2026-09-01）[2m > [22m★ ⭐ `FROM` 之後的每一個 tag 都在公告帳本裡（⛔ 手打繞過 bmpndd.sh 就會紅）
2026-09-09T17:25:51.1874018Z [31m[1mAssertionError[22m: ⛔⛔ 這幾個版號**沒有玩家公告紀錄**：
2026-09-09T17:25:51.1877124Z   · v0.42.26
2026-09-09T17:25:51.1877495Z 
2026-09-09T17:25:51.1877830Z ⭐ 修法只有一個：**跑那個唯一入口**
2026-09-09T17:25:51.1878480Z     bash scripts/bmpndd.sh "<這一版的一句話>"
2026-09-09T17:25:51.1879380Z ⛔ 不是手打 release.sh + gh release create + mini-deploy.sh —— 
2026-09-09T17:25:51.1880208Z   那正是 2026-09-01 漏掉七版的做法（見本檔檔頭）。
2026-09-09T17:25:51.1881715Z ⚠️ 補發：set -a; . docker/.env; set +a; bash scripts/release-note-players.sh --post: expected [ 'v0.42.26' ] to deeply equal [][39m
2026-09-09T17:25:51.1882602Z 
2026-09-09T17:25:51.1882802Z [32m- Expected[39m
2026-09-09T17:25:51.1883098Z [31m+ Received[39m
2026-09-09T17:25:51.1883247Z 
2026-09-09T17:25:51.1883387Z [32m- Array [][39m
2026-09-09T17:25:51.1883658Z [31m+ Array [[39m
2026-09-09T17:25:51.1883929Z [31m+   "v0.42.26",[39m
2026-09-09T17:25:51.1884201Z [31m+ ][39m
2026-09-09T17:25:51.1884324Z 
2026-09-09T17:25:51.1884847Z [36m [2m❯[22m src/ops/everyTagAnnounced.test.ts:[2m75:7[22m[39m
2026-09-09T17:25:51.2000664Z     [90m 73| [39m        [32m"⚠️ 補發：set -a; . docker/.env; set +a; bash scripts/release-[39m…
2026-09-09T17:25:51.2017832Z     [90m 74| [39m      ][33m.[39m[34mjoin[39m([32m"\n"[39m)[33m,[39m
2026-09-09T17:25:51.2018914Z     [90m 75| [39m    )[33m.[39m[34mtoEqual[39m([])[33m;[39m
2026-09-09T17:25:51.2019682Z     [90m   | [39m      [31m^[39m
2026-09-09T17:25:51.2020314Z     [90m 76| [39m  })[33m;[39m
2026-09-09T17:25:51.2020911Z     [90m 77| [39m})[33m;[39m
2026-09-09T17:25:51.2021211Z 
2026-09-09T17:25:51.2021574Z [31m[2m⎯⎯⎯⎯⎯⎯⎯⎯⎯⎯⎯⎯⎯⎯⎯⎯⎯⎯⎯⎯⎯⎯⎯⎯[1/1]⎯[22m[39m
2026-09-09T17:25:51.2021811Z 
2026-09-09T17:25:51.2038624Z [2m Test Files [22m [1m[31m1 failed[39m[22m[2m | [22m[1m[32m927 passed[39m[22m[2m | [22m[33m2 skipped[39m[90m (930)[39m
2026-09-09T17:25:51.2076633Z [2m      Tests [22m [1m[31m1 failed[39m[22m[2m | [22m[1m[32m5634 passed[39m[22m[2m | [22m[33m4 skipped[39m[90m (5639)[39m
2026-09-09T17:25:51.2078017Z [2m   Start at [22m 17:16:50
2026-09-09T17:25:51.2104720Z [2m   Duration [22m 540.64s[2m (transform 20.54s, setup 0ms, collect 656.36s, tests 1148.91s, environment 392ms, prepare 121.46s)[22m
2026-09-09T17:25:51.2105651Z 
2026-09-09T17:25:51.2302613Z 
2026-09-09T17:25:51.2325965Z ##[error]AssertionError: ⛔⛔ 這幾個版號**沒有玩家公告紀錄**：
  · v0.42.26

⭐ 修法只有一個：**跑那個唯一入口**
    bash scripts/bmpndd.sh "<這一版的一句話>"
⛔ 不是手打 release.sh + gh release create + mini-deploy.sh —— 
  那正是 2026-09-01 漏掉七版的做法（見本檔檔頭）。
⚠️ 補發：set -a; . docker/.env; set +a; bash scripts/release-note-players.sh --post: expected [ 'v0.42.26' ] to deeply equal []

- Expected
+ Received

- Array []
+ Array [
+   "v0.42.26",
+ ]

 ❯ src/ops/everyTagAnnounced.test.ts:75:7


2026-09-09T17:25:51.3334111Z /home/runner/work/GGD/GGD/packages/shared:
2026-09-09T17:25:51.3335648Z  ERR_PNPM_RECURSIVE_RUN_FIRST_FAIL  @ggd/shared@0.0.0 test: `vitest run --poolOptions.forks.maxForks 4 --poolOptions.forks.minForks 1`
2026-09-09T17:25:51.3336503Z Exit status 1
2026-09-09T17:25:51.3338518Z ##[group]@ggd/capability-export@0.0.0 : test tools/capability-export
2026-09-09T17:25:51.3347346Z 
2026-09-09T17:25:51.3348098Z > @ggd/capability-export@0.0.0 test /home/runner/work/GGD/GGD/tools/capability-export
2026-09-09T17:25:51.3349052Z > vitest run --poolOptions.forks.maxForks 4 --poolOptions.forks.minForks 1
2026-09-09T17:25:51.3349465Z 
2026-09-09T17:25:51.3616756Z ##[error]Process completed with exit code 1.
2026-09-09T17:25:51.3669025Z ##[group]Run bash scripts/vitest-verdict-check.sh "${RUNNER_TEMP}/vitest-unit.log"
2026-09-09T17:25:51.3669666Z [36;1mbash scripts/vitest-verdict-check.sh "${RUNNER_TEMP}/vitest-unit.log"[0m
2026-09-09T17:25:51.3706441Z shell: /usr/bin/bash -e {0}
2026-09-09T17:25:51.3706708Z env:
2026-09-09T17:25:51.3706907Z   GO_VERSION: 1.25.14
2026-09-09T17:25:51.3707202Z   PNPM_HOME: /home/runner/setup-pnpm/node_modules/.bin
2026-09-09T17:25:51.3707541Z ##[endgroup]
2026-09-09T17:25:51.4394450Z 🧾 vitest 裁決帳：2 份 `Test Files` 摘要 · 0 行 RPC 逾時
2026-09-09T17:25:51.4395136Z    ✅ (這一次執行)  Test Files 1 passed (1)
2026-09-09T17:25:51.4396144Z    ✅ (這一次執行)  Test Files 1 failed | 927 passed | 2 skipped (930)
2026-09-09T17:25:51.4396741Z ✅ 每一行摘要都帳平：已裁決 ＋ 已跳過 ＝＝ 總數
2026-09-09T17:25:51.4462532Z ##[group]Run bash scripts/test-tree-clean-check.sh
2026-09-09T17:25:51.4462966Z [36;1mbash scripts/test-tree-clean-check.sh[0m
2026-09-09T17:25:51.4497359Z shell: /usr/bin/bash -e {0}
2026-09-09T17:25:51.4497630Z env:
2026-09-09T17:25:51.4497827Z   GO_VERSION: 1.25.14
2026-09-09T17:25:51.4498121Z   PNPM_HOME: /home/runner/setup-pnpm/node_modules/.bin
2026-09-09T17:25:51.4498443Z ##[endgroup]
2026-09-09T17:25:51.4871846Z ✓ 出貨樹乾淨（content/ tools/skill-remake/）
2026-09-09T17:25:51.4980195Z Node 20 is being deprecated. This workflow is running with Node 24 by default. If you need to temporarily use Node 20, you can set the ACTIONS_ALLOW_USE_UNSECURE_NODE_VERSION=true environment variable. For more information see: https://github.blog/changelog/2025-09-19-deprecation-of-node-20-on-github-actions-runners/
2026-09-09T17:25:51.4981468Z Post job cleanup.
2026-09-09T17:25:51.6490527Z Pruning is unnecessary.
2026-09-09T17:25:51.6640492Z Node 20 is being deprecated. This workflow is running with Node 24 by default. If you need to temporarily use Node 20, you can set the ACTIONS_ALLOW_USE_UNSECURE_NODE_VERSION=true environment variable. For more information see: https://github.blog/changelog/2025-09-19-deprecation-of-node-20-on-github-actions-runners/
2026-09-09T17:25:51.6641761Z Post job cleanup.
2026-09-09T17:25:51.7735162Z [command]/usr/bin/git version
2026-09-09T17:25:51.7786981Z git version 2.55.0
2026-09-09T17:25:51.7851069Z Temporarily overriding HOME='/home/runner/work/_temp/a805e4db-4c76-41a0-8cbf-aea91fea707b' before making global git config changes
2026-09-09T17:25:51.7863216Z Adding repository directory to the temporary git global config as a safe directory
2026-09-09T17:25:51.7864546Z [command]/usr/bin/git config --global --add safe.directory /home/runner/work/GGD/GGD
2026-09-09T17:25:51.7933057Z [command]/usr/bin/git config --local --name-only --get-regexp core\.sshCommand
2026-09-09T17:25:51.7994316Z [command]/usr/bin/git submodule foreach --recursive sh -c "git config --local --name-only --get-regexp 'core\.sshCommand' && git config --local --unset-all 'core.sshCommand' || :"
2026-09-09T17:25:51.8393406Z [command]/usr/bin/git config --local --name-only --get-regexp http\.https\:\/\/github\.com\/\.extraheader
2026-09-09T17:25:51.8480760Z http.https://github.com/.extraheader
2026-09-09T17:25:51.8504315Z [command]/usr/bin/git config --local --unset-all http.https://github.com/.extraheader
2026-09-09T17:25:51.8566319Z [command]/usr/bin/git submodule foreach --recursive sh -c "git config --local --name-only --get-regexp 'http\.https\:\/\/github\.com\/\.extraheader' && git config --local --unset-all 'http.https://github.com/.extraheader' || :"
2026-09-09T17:25:51.8951695Z [command]/usr/bin/git config --local --name-only --get-regexp ^includeIf\.gitdir:
2026-09-09T17:25:51.8990203Z [command]/usr/bin/git submodule foreach --recursive git config --local --show-origin --name-only --get-regexp remote.origin.url
2026-09-09T17:25:51.9437001Z Cleaning up orphan processes
2026-09-09T17:25:51.9926784Z ##[warning]Node.js 20 is deprecated. The following actions target Node.js 20 but are being forced to run on Node.js 24: actions/checkout@v4, actions/setup-go@v5, actions/setup-node@v4, pnpm/action-setup@v4. For more information see: https://github.blog/changelog/2025-09-19-deprecation-of-node-20-on-github-actions-runners/
