id_a,character_a,id_b,character_b,similarity,collision_risk,recommended_fix
b2-elma,艾爾瑪,community-review-34-20260907,高速婆婆,0.7327,needs_review,改用更快語速
b2-matthias,馬提亞斯,b2-takopi,章魚嗶,0.7067,needs_review,改用非語言聲音
b2-kumoko,蜘蛛子,godie-etyr,木乃香,0.6947,needs_review,改用氣音
b2-sinbad,辛巴達,godie-o00l,傑洛士,0.6855,needs_review,提高音高
b2-matthias,馬提亞斯,godie-e008,夏娜,0.6213,acceptable,
b2-kumoko,蜘蛛子,godie-e008,夏娜,0.6186,acceptable,
b2-rem,蕾姆,godie-e00k,安云,0.6112,acceptable,
godie-u00l,拳四郎,godie-u01u,索隆,0.6104,acceptable,
b2-rem,蕾姆,godie-e001,龍宮禮奈,0.6081,acceptable,
b2-matthias,馬提亞斯,b2-rem,蕾姆,0.6069,acceptable,
b2-kumoko,蜘蛛子,b2-nube,鵺野鳴介,0.6048,acceptable,
b2-nube,鵺野鳴介,godie-h020,莉娜因巴斯,0.6028,acceptable,
b2-matthias,馬提亞斯,godie-etyr,木乃香,0.6014,acceptable,
community-review-27-20260907,庫洛魔法使,godie-e008,夏娜,0.6010,acceptable,
b2-kumoko,蜘蛛子,b2-matthias,馬提亞斯,0.5993,acceptable,
b2-uncle,異世界舅舅,godie-u00j,賽菲洛斯,0.5979,acceptable,
b2-zenitsu,我妻善逸,community-review-08-20260907,米卡莎,0.5976,acceptable,
community-review-16-20260907,魔法少女☆伊莉雅,godie-e001,龍宮禮奈,0.5949,acceptable,
godie-e001,龍宮禮奈,godie-n00b,哆拉A夢,0.5878,acceptable,
b2-goblin,哥布林殺手,community-review-23-20260907,坂田銀時,0.5854,acceptable,
godie-h020,莉娜因巴斯,godie-n00b,哆拉A夢,0.5853,acceptable,
godie-e002,Saber,godie-nplh,麻倉葉,0.5801,acceptable,
community-review-13-20260907,朝田詩乃,godie-emfr,涅吉,0.5794,acceptable,
community-review-32-20260907,阿薩謝爾,godie-etyr,木乃香,0.5794,acceptable,
b2-elma,艾爾瑪,godie-u00j,賽菲洛斯,0.5785,acceptable,
community-review-17-20260907,安茲·烏爾·恭,community-review-23-20260907,坂田銀時,0.5776,acceptable,
b2-bojji,波吉,b2-luckyman,幸運超人,0.5761,acceptable,
b2-elma,艾爾瑪,godie-o02p,初音,0.5746,acceptable,
b2-nube,鵺野鳴介,community-review-32-20260907,阿薩謝爾,0.5722,acceptable,
b2-zenitsu,我妻善逸,godie-o00l,傑洛士,0.5695,acceptable,
godie-e001,龍宮禮奈,godie-e008,夏娜,0.5668,acceptable,
b2-elma,艾爾瑪,community-review-02-20260907,八神庵,0.5664,acceptable,
b2-elma,艾爾瑪,godie-u00k,死之王,0.5663,acceptable,
community-review-04-20260907,空條承太郎,community-review-17-20260907,安茲·烏爾·恭,0.5662,acceptable,
community-review-27-20260907,庫洛魔法使,godie-etyr,木乃香,0.5659,acceptable,
b2-rem,蕾姆,b2-rin,遠坂凜,0.5656,acceptable,
b2-uncle,異世界舅舅,community-review-02-20260907,八神庵,0.5637,acceptable,
community-review-03-20260907,不知火舞,community-review-34-20260907,高速婆婆,0.5621,acceptable,
b2-takopi,章魚嗶,b2-touka,托卡・史考特,0.5614,acceptable,
b2-bojji,波吉,community-review-23-20260907,坂田銀時,0.5607,acceptable,
b2-nube,鵺野鳴介,community-review-27-20260907,庫洛魔法使,0.5602,acceptable,
community-review-13-20260907,朝田詩乃,godie-e00k,安云,0.5595,acceptable,
godie-h00l,林克,godie-u00j,賽菲洛斯,0.5594,acceptable,
b2-rin,遠坂凜,community-review-20-20260907,御坂美琴,0.5572,acceptable,
b2-nube,鵺野鳴介,b2-rin,遠坂凜,0.5567,acceptable,
godie-e008,夏娜,godie-etyr,木乃香,0.5548,acceptable,
community-review-32-20260907,阿薩謝爾,godie-h020,莉娜因巴斯,0.5540,acceptable,
community-review-08-20260907,米卡莎,godie-o00l,傑洛士,0.5535,acceptable,
b2-rin,遠坂凜,godie-h020,莉娜因巴斯,0.5528,acceptable,
b2-maple,梅普露,community-review-20-20260907,御坂美琴,0.5518,acceptable,
community-review-27-20260907,庫洛魔法使,godie-e001,龍宮禮奈,0.5515,acceptable,
b2-uncle,異世界舅舅,community-review-34-20260907,高速婆婆,0.5513,acceptable,
b2-guts,凱茲,godie-u00j,賽菲洛斯,0.5506,acceptable,
b2-matthias,馬提亞斯,godie-h020,莉娜因巴斯,0.5486,acceptable,
b2-elma,艾爾瑪,b2-uncle,異世界舅舅,0.5482,acceptable,
b2-kumoko,蜘蛛子,community-review-27-20260907,庫洛魔法使,0.5471,acceptable,
b2-elma,艾爾瑪,b2-guts,凱茲,0.5462,acceptable,
community-review-16-20260907,魔法少女☆伊莉雅,godie-e00k,安云,0.5444,acceptable,
b2-nube,鵺野鳴介,godie-e001,龍宮禮奈,0.5441,acceptable,
b2-matthias,馬提亞斯,godie-e001,龍宮禮奈,0.5431,acceptable,
b2-guts,凱茲,community-review-34-20260907,高速婆婆,0.5425,acceptable,
b2-nube,鵺野鳴介,godie-e008,夏娜,0.5394,acceptable,
godie-etyr,木乃香,godie-h020,莉娜因巴斯,0.5393,acceptable,
community-review-17-20260907,安茲·烏爾·恭,godie-osam,殺生丸,0.5371,acceptable,
godie-h00l,林克,godie-o00k,皮卡娘,0.5366,acceptable,
b2-popp,何布,godie-hart,克勞德,0.5345,acceptable,
community-review-27-20260907,庫洛魔法使,godie-ofar,皮卡丘,0.5327,acceptable,
godie-e001,龍宮禮奈,godie-h020,莉娜因巴斯,0.5315,acceptable,
community-review-34-20260907,高速婆婆,godie-u00j,賽菲洛斯,0.5311,acceptable,
community-review-04-20260907,空條承太郎,godie-osam,殺生丸,0.5310,acceptable,
godie-o00k,皮卡娘,godie-u00j,賽菲洛斯,0.5297,acceptable,
b2-popp,何布,community-review-08-20260907,米卡莎,0.5284,acceptable,
godie-e002,Saber,godie-h020,莉娜因巴斯,0.5254,acceptable,
community-review-16-20260907,魔法少女☆伊莉雅,godie-e008,夏娜,0.5249,acceptable,
b2-kumoko,蜘蛛子,godie-e001,龍宮禮奈,0.5242,acceptable,
godie-e008,夏娜,godie-h020,莉娜因巴斯,0.5226,acceptable,
b2-nube,鵺野鳴介,godie-etyr,木乃香,0.5215,acceptable,
b2-kumoko,蜘蛛子,community-review-32-20260907,阿薩謝爾,0.5195,acceptable,
b2-nube,鵺野鳴介,godie-n00b,哆拉A夢,0.5193,acceptable,
community-review-08-20260907,米卡莎,community-review-12-20260907,衛宮士郎,0.5185,acceptable,
godie-u00j,賽菲洛斯,godie-u00k,死之王,0.5162,acceptable,
b2-takopi,章魚嗶,community-review-33-20260907,近衛刀太,0.5154,acceptable,
b2-kumoko,蜘蛛子,godie-h020,莉娜因巴斯,0.5101,acceptable,
community-review-34-20260907,高速婆婆,godie-u00k,死之王,0.5094,acceptable,
b2-orphen,歐菲,b2-uncle,異世界舅舅,0.5090,acceptable,
b2-goblin,哥布林殺手,community-review-17-20260907,安茲·烏爾·恭,0.5074,acceptable,
godie-h00l,林克,godie-u00k,死之王,0.5062,acceptable,
godie-e00k,安云,godie-nplh,麻倉葉,0.5055,acceptable,
community-review-02-20260907,八神庵,godie-u00j,賽菲洛斯,0.5053,acceptable,
b2-kumoko,蜘蛛子,b2-rin,遠坂凜,0.5018,acceptable,
b2-rem,蕾姆,godie-e008,夏娜,0.5008,acceptable,
godie-etyr,木乃香,godie-n00b,哆拉A夢,0.5003,acceptable,
community-review-13-20260907,朝田詩乃,godie-nplh,麻倉葉,0.4991,acceptable,
godie-e001,龍宮禮奈,godie-e00k,安云,0.4987,acceptable,
b2-guts,凱茲,b2-uncle,異世界舅舅,0.4979,acceptable,
community-review-02-20260907,八神庵,community-review-34-20260907,高速婆婆,0.4971,acceptable,
b2-boxxo,阿箱＋拉蜜絲,community-review-34-20260907,高速婆婆,0.4956,acceptable,
b2-kumoko,蜘蛛子,godie-n00b,哆拉A夢,0.4951,acceptable,
b2-zenitsu,我妻善逸,godie-hpal,藤井八雲,0.4944,acceptable,
b2-nube,鵺野鳴介,b2-rem,蕾姆,0.4943,acceptable,
b2-rin,遠坂凜,godie-e00k,安云,0.4943,acceptable,
b2-nube,鵺野鳴介,community-review-20-20260907,御坂美琴,0.4941,acceptable,
godie-huth,魔人普烏,godie-o00k,皮卡娘,0.4931,acceptable,
b2-sinbad,辛巴達,b2-takopi,章魚嗶,0.4914,acceptable,
b2-matthias,馬提亞斯,b2-nube,鵺野鳴介,0.4898,acceptable,
community-review-22-20260907,菜月昴,godie-o00l,傑洛士,0.4892,acceptable,
community-review-18-20260907,吉爾伽美什,community-review-19-20260907,桐谷和人,0.4865,acceptable,
b2-uncle,異世界舅舅,godie-huth,魔人普烏,0.4862,acceptable,
b2-popp,何布,community-review-22-20260907,菜月昴,0.4840,acceptable,
b2-elma,艾爾瑪,godie-o00k,皮卡娘,0.4824,acceptable,
b2-goblin,哥布林殺手,godie-osam,殺生丸,0.4823,acceptable,
b2-rem,蕾姆,community-review-16-20260907,魔法少女☆伊莉雅,0.4803,acceptable,
b2-takopi,章魚嗶,godie-etyr,木乃香,0.4764,acceptable,
b2-maple,梅普露,b2-takopi,章魚嗶,0.4761,acceptable,
community-review-16-20260907,魔法少女☆伊莉雅,community-review-27-20260907,庫洛魔法使,0.4743,acceptable,
b2-uncle,異世界舅舅,godie-o00k,皮卡娘,0.4735,acceptable,
community-review-05-20260907,洛克人,godie-n00b,哆拉A夢,0.4732,acceptable,
b2-bojji,波吉,b2-goblin,哥布林殺手,0.4731,acceptable,
b2-kumoko,蜘蛛子,b2-rem,蕾姆,0.4731,acceptable,
b2-rem,蕾姆,godie-etyr,木乃香,0.4730,acceptable,
b2-matthias,馬提亞斯,community-review-27-20260907,庫洛魔法使,0.4727,acceptable,
community-review-08-20260907,米卡莎,godie-hart,克勞德,0.4726,acceptable,
godie-h020,莉娜因巴斯,godie-nplh,麻倉葉,0.4724,acceptable,
b2-rin,遠坂凜,community-review-32-20260907,阿薩謝爾,0.4715,acceptable,
community-review-04-20260907,空條承太郎,community-review-25-20260907,一拳超人,0.4710,acceptable,
community-review-37-20260907,吉伊卡哇,godie-u00n,蒙其.D.魯夫,0.4710,acceptable,
b2-rem,蕾姆,godie-h020,莉娜因巴斯,0.4709,acceptable,
godie-hvsh,Rider,godie-hvwd,桔梗,0.4705,acceptable,
community-review-01-20260907,武藤遊戲,community-review-08-20260907,米卡莎,0.4704,acceptable,
community-review-13-20260907,朝田詩乃,godie-e002,Saber,0.4702,acceptable,
community-review-34-20260907,高速婆婆,godie-o00k,皮卡娘,0.4700,acceptable,
b2-boxxo,阿箱＋拉蜜絲,godie-huth,魔人普烏,0.4696,acceptable,
godie-h01n,黑崎一護,godie-hpb1,蒼月潮,0.4676,acceptable,
community-review-27-20260907,庫洛魔法使,community-review-32-20260907,阿薩謝爾,0.4675,acceptable,
godie-e008,夏娜,godie-n00b,哆拉A夢,0.4672,acceptable,
community-review-08-20260907,米卡莎,godie-h01n,黑崎一護,0.4641,acceptable,
b2-boxxo,阿箱＋拉蜜絲,community-review-27-20260907,庫洛魔法使,0.4630,acceptable,
b2-luckyman,幸運超人,community-review-17-20260907,安茲·烏爾·恭,0.4611,acceptable,
b2-sinbad,辛巴達,community-review-08-20260907,米卡莎,0.4598,acceptable,
b2-rem,蕾姆,community-review-27-20260907,庫洛魔法使,0.4594,acceptable,
b2-zenitsu,我妻善逸,community-review-25-20260907,一拳超人,0.4593,acceptable,
b2-luckyman,幸運超人,godie-hpal,藤井八雲,0.4589,acceptable,
godie-edem,宇智波佐助,godie-huth,魔人普烏,0.4589,acceptable,
community-review-17-20260907,安茲·烏爾·恭,community-review-25-20260907,一拳超人,0.4585,acceptable,
godie-huth,魔人普烏,godie-o00x,悟空,0.4583,acceptable,
b2-elma,艾爾瑪,community-review-03-20260907,不知火舞,0.4578,acceptable,
b2-bojji,波吉,b2-haga,羽賀,0.4575,acceptable,
community-review-16-20260907,魔法少女☆伊莉雅,godie-emfr,涅吉,0.4572,acceptable,
b2-kumoko,蜘蛛子,community-review-20-20260907,御坂美琴,0.4565,acceptable,
community-review-03-20260907,不知火舞,community-review-27-20260907,庫洛魔法使,0.4558,acceptable,
community-review-17-20260907,安茲·烏爾·恭,godie-ubal,巴恩大魔王,0.4556,acceptable,
community-review-34-20260907,高速婆婆,godie-huth,魔人普烏,0.4549,acceptable,
b2-touka,托卡・史考特,community-review-01-20260907,武藤遊戲,0.4545,acceptable,
community-review-05-20260907,洛克人,godie-e001,龍宮禮奈,0.4542,acceptable,
community-review-04-20260907,空條承太郎,community-review-23-20260907,坂田銀時,0.4533,acceptable,
b2-boxxo,阿箱＋拉蜜絲,b2-uncle,異世界舅舅,0.4529,acceptable,
b2-orphen,歐菲,community-review-02-20260907,八神庵,0.4517,acceptable,
community-review-27-20260907,庫洛魔法使,godie-huth,魔人普烏,0.4510,acceptable,
community-review-13-20260907,朝田詩乃,godie-e001,龍宮禮奈,0.4500,acceptable,
b2-matthias,馬提亞斯,b2-rin,遠坂凜,0.4499,acceptable,
community-review-04-20260907,空條承太郎,godie-u00l,拳四郎,0.4499,acceptable,
community-review-23-20260907,坂田銀時,godie-osam,殺生丸,0.4499,acceptable,
b2-popp,何布,godie-o00l,傑洛士,0.4498,acceptable,
b2-popp,何布,b2-zenitsu,我妻善逸,0.4495,acceptable,
b2-orphen,歐菲,godie-u00j,賽菲洛斯,0.4490,acceptable,
b2-nube,鵺野鳴介,community-review-05-20260907,洛克人,0.4486,acceptable,
b2-elma,艾爾瑪,godie-h00l,林克,0.4480,acceptable,
b2-rin,遠坂凜,godie-e008,夏娜,0.4480,acceptable,
community-review-13-20260907,朝田詩乃,community-review-16-20260907,魔法少女☆伊莉雅,0.4468,acceptable,
godie-e002,Saber,godie-e00k,安云,0.4467,acceptable,
b2-haga,羽賀,b2-luckyman,幸運超人,0.4466,acceptable,
b2-orphen,歐菲,godie-h01u,呂布奉先,0.4465,acceptable,
b2-maple,梅普露,godie-h020,莉娜因巴斯,0.4463,acceptable,
b2-matthias,馬提亞斯,community-review-33-20260907,近衛刀太,0.4460,acceptable,
b2-haga,羽賀,community-review-23-20260907,坂田銀時,0.4458,acceptable,
b2-rem,蕾姆,godie-nplh,麻倉葉,0.4448,acceptable,
b2-zenitsu,我妻善逸,community-review-22-20260907,菜月昴,0.4448,acceptable,
godie-h00l,林克,godie-huth,魔人普烏,0.4445,acceptable,
community-review-32-20260907,阿薩謝爾,godie-e008,夏娜,0.4444,acceptable,
b2-rin,遠坂凜,godie-etyr,木乃香,0.4440,acceptable,
b2-uncle,異世界舅舅,godie-h00l,林克,0.4436,acceptable,
b2-zenitsu,我妻善逸,community-review-12-20260907,衛宮士郎,0.4434,acceptable,
b2-luckyman,幸運超人,community-review-23-20260907,坂田銀時,0.4431,acceptable,
community-review-34-20260907,高速婆婆,godie-o02p,初音,0.4428,acceptable,
godie-e001,龍宮禮奈,godie-etyr,木乃香,0.4426,acceptable,
b2-luckyman,幸運超人,community-review-08-20260907,米卡莎,0.4423,acceptable,
community-review-03-20260907,不知火舞,godie-huth,魔人普烏,0.4421,acceptable,
b2-uncle,異世界舅舅,community-review-03-20260907,不知火舞,0.4408,acceptable,
b2-haga,羽賀,community-review-08-20260907,米卡莎,0.4404,acceptable,
b2-maple,梅普露,godie-e002,Saber,0.4400,acceptable,
b2-rin,遠坂凜,godie-n00b,哆拉A夢,0.4393,acceptable,
b2-touka,托卡・史考特,community-review-08-20260907,米卡莎,0.4392,acceptable,
b2-haga,羽賀,b2-sinbad,辛巴達,0.4388,acceptable,
community-review-32-20260907,阿薩謝爾,godie-n00b,哆拉A夢,0.4385,acceptable,
b2-rem,蕾姆,community-review-05-20260907,洛克人,0.4384,acceptable,
b2-rem,蕾姆,godie-e002,Saber,0.4382,acceptable,
godie-edem,宇智波佐助,godie-u00j,賽菲洛斯,0.4380,acceptable,
b2-takopi,章魚嗶,godie-emns,夜神月,0.4378,acceptable,
b2-goblin,哥布林殺手,community-review-04-20260907,空條承太郎,0.4366,acceptable,
b2-takopi,章魚嗶,community-review-32-20260907,阿薩謝爾,0.4366,acceptable,
community-review-23-20260907,坂田銀時,godie-h01u,呂布奉先,0.4362,acceptable,
community-review-18-20260907,吉爾伽美什,godie-hpal,藤井八雲,0.4346,acceptable,
godie-h01u,呂布奉先,godie-u00l,拳四郎,0.4345,acceptable,
community-review-03-20260907,不知火舞,godie-o00k,皮卡娘,0.4344,acceptable,
b2-uncle,異世界舅舅,godie-emns,夜神月,0.4338,acceptable,
community-review-08-20260907,米卡莎,community-review-25-20260907,一拳超人,0.4338,acceptable,
b2-rin,遠坂凜,community-review-37-20260907,吉伊卡哇,0.4334,acceptable,
b2-maple,梅普露,community-review-13-20260907,朝田詩乃,0.4333,acceptable,
community-review-20-20260907,御坂美琴,godie-udea,飛鼠先生,0.4326,acceptable,
b2-guts,凱茲,godie-o00k,皮卡娘,0.4325,acceptable,
godie-e001,龍宮禮奈,godie-emfr,涅吉,0.4323,acceptable,
community-review-25-20260907,一拳超人,godie-hpal,藤井八雲,0.4315,acceptable,
b2-rin,遠坂凜,godie-e001,龍宮禮奈,0.4313,acceptable,
b2-nube,鵺野鳴介,community-review-16-20260907,魔法少女☆伊莉雅,0.4306,acceptable,
godie-e00k,安云,godie-emfr,涅吉,0.4298,acceptable,
community-review-27-20260907,庫洛魔法使,godie-h02r,妙蛙花,0.4278,acceptable,
godie-o00k,皮卡娘,godie-u00k,死之王,0.4278,acceptable,
b2-rem,蕾姆,community-review-13-20260907,朝田詩乃,0.4277,acceptable,
community-review-20-20260907,御坂美琴,godie-h020,莉娜因巴斯,0.4274,acceptable,
b2-sinbad,辛巴達,godie-e00r,初號機,0.4270,acceptable,
b2-haga,羽賀,b2-zenitsu,我妻善逸,0.4255,acceptable,
godie-e001,龍宮禮奈,godie-o00x,悟空,0.4255,acceptable,
b2-luckyman,幸運超人,godie-hpb1,蒼月潮,0.4250,acceptable,
b2-maple,梅普露,godie-nplh,麻倉葉,0.4244,acceptable,
b2-matthias,馬提亞斯,godie-e002,Saber,0.4241,acceptable,
community-review-03-20260907,不知火舞,community-review-32-20260907,阿薩謝爾,0.4238,acceptable,
b2-matthias,馬提亞斯,godie-n00b,哆拉A夢,0.4233,acceptable,
community-review-05-20260907,洛克人,godie-etyr,木乃香,0.4233,acceptable,
b2-boxxo,阿箱＋拉蜜絲,godie-etyr,木乃香,0.4211,acceptable,
godie-h00l,林克,godie-u010,飛影,0.4208,acceptable,
b2-boxxo,阿箱＋拉蜜絲,community-review-03-20260907,不知火舞,0.4206,acceptable,
community-review-20-20260907,御坂美琴,community-review-32-20260907,阿薩謝爾,0.4205,acceptable,
b2-uncle,異世界舅舅,godie-h01n,黑崎一護,0.4199,acceptable,
community-review-02-20260907,八神庵,godie-o00k,皮卡娘,0.4198,acceptable,
b2-boxxo,阿箱＋拉蜜絲,b2-rem,蕾姆,0.4197,acceptable,
godie-huth,魔人普烏,godie-n01c,勇者小呆,0.4185,acceptable,
b2-kumoko,蜘蛛子,community-review-05-20260907,洛克人,0.4184,acceptable,
community-review-18-20260907,吉爾伽美什,godie-o00l,傑洛士,0.4183,acceptable,
b2-zenitsu,我妻善逸,community-review-18-20260907,吉爾伽美什,0.4178,acceptable,
b2-touka,托卡・史考特,godie-hblm,慈悲的王者－賈修貝爾,0.4177,acceptable,
b2-haga,羽賀,community-review-18-20260907,吉爾伽美什,0.4176,acceptable,
community-review-12-20260907,衛宮士郎,godie-o00l,傑洛士,0.4175,acceptable,
b2-rem,蕾姆,godie-n00b,哆拉A夢,0.4173,acceptable,
b2-bojji,波吉,community-review-17-20260907,安茲·烏爾·恭,0.4170,acceptable,
b2-takopi,章魚嗶,godie-zombiex,聖杯黑泥醬－喪標麥可,0.4168,acceptable,
b2-touka,托卡・史考特,community-review-14-20260907,殺老師,0.4160,acceptable,
community-review-01-20260907,武藤遊戲,godie-h01n,黑崎一護,0.4156,acceptable,
community-review-08-20260907,米卡莎,godie-hpal,藤井八雲,0.4153,acceptable,
community-review-25-20260907,一拳超人,godie-hart,克勞德,0.4134,acceptable,
b2-guts,凱茲,godie-o02p,初音,0.4131,acceptable,
community-review-05-20260907,洛克人,community-review-16-20260907,魔法少女☆伊莉雅,0.4131,acceptable,
godie-edem,宇智波佐助,godie-u00v,基廉列克,0.4131,acceptable,
b2-haga,羽賀,community-review-12-20260907,衛宮士郎,0.4120,acceptable,
b2-nube,鵺野鳴介,godie-o00x,悟空,0.4115,acceptable,
b2-haga,羽賀,godie-o00l,傑洛士,0.4114,acceptable,
b2-rem,蕾姆,community-review-32-20260907,阿薩謝爾,0.4111,acceptable,
b2-boxxo,阿箱＋拉蜜絲,godie-u00n,蒙其.D.魯夫,0.4109,acceptable,
community-review-01-20260907,武藤遊戲,community-review-18-20260907,吉爾伽美什,0.4099,acceptable,
godie-hblm,慈悲的王者－賈修貝爾,godie-udea,飛鼠先生,0.4095,acceptable,
godie-o02p,初音,godie-u00k,死之王,0.4093,acceptable,
b2-popp,何布,community-review-01-20260907,武藤遊戲,0.4092,acceptable,
community-review-32-20260907,阿薩謝爾,community-review-33-20260907,近衛刀太,0.4091,acceptable,
godie-n01c,勇者小呆,godie-u00v,基廉列克,0.4091,acceptable,
community-review-18-20260907,吉爾伽美什,godie-hpb1,蒼月潮,0.4090,acceptable,
b2-haga,羽賀,b2-popp,何布,0.4088,acceptable,
b2-goblin,哥布林殺手,godie-ubal,巴恩大魔王,0.4085,acceptable,
b2-rin,遠坂凜,community-review-27-20260907,庫洛魔法使,0.4085,acceptable,
b2-maple,梅普露,godie-e001,龍宮禮奈,0.4069,acceptable,
godie-e008,夏娜,godie-e00k,安云,0.4067,acceptable,
b2-guts,凱茲,community-review-03-20260907,不知火舞,0.4062,acceptable,
b2-boxxo,阿箱＋拉蜜絲,community-review-05-20260907,洛克人,0.4046,acceptable,
b2-maple,梅普露,community-review-30-20260907,尼古貓貓,0.4046,acceptable,
community-review-33-20260907,近衛刀太,godie-nplh,麻倉葉,0.4041,acceptable,
b2-maple,梅普露,godie-e008,夏娜,0.4038,acceptable,
b2-guts,凱茲,godie-u00k,死之王,0.4036,acceptable,
b2-maple,梅普露,godie-e00k,安云,0.4036,acceptable,
b2-maple,梅普露,community-review-33-20260907,近衛刀太,0.4034,acceptable,
community-review-12-20260907,衛宮士郎,community-review-18-20260907,吉爾伽美什,0.4026,acceptable,
b2-guts,凱茲,godie-h00l,林克,0.4025,acceptable,
b2-uncle,異世界舅舅,godie-edem,宇智波佐助,0.4025,acceptable,
b2-maple,梅普露,b2-matthias,馬提亞斯,0.4015,acceptable,
b2-rin,遠坂凜,godie-emfr,涅吉,0.4015,acceptable,
community-review-08-20260907,米卡莎,godie-e007,天地志狼,0.4015,acceptable,
b2-matthias,馬提亞斯,community-review-32-20260907,阿薩謝爾,0.4011,acceptable,
godie-h01u,呂布奉先,godie-hart,克勞德,0.4010,acceptable,
community-review-05-20260907,洛克人,community-review-27-20260907,庫洛魔法使,0.4009,acceptable,
godie-h020,莉娜因巴斯,godie-n003,依文潔琳,0.4000,acceptable,
community-review-01-20260907,武藤遊戲,godie-hpb1,蒼月潮,0.3999,acceptable,
b2-sinbad,辛巴達,community-review-22-20260907,菜月昴,0.3990,acceptable,
community-review-05-20260907,洛克人,godie-o00x,悟空,0.3989,acceptable,
godie-h02r,妙蛙花,godie-ofar,皮卡丘,0.3983,acceptable,
community-review-08-20260907,米卡莎,community-review-18-20260907,吉爾伽美什,0.3981,acceptable,
community-review-13-20260907,朝田詩乃,godie-e008,夏娜,0.3981,acceptable,
b2-touka,托卡・史考特,godie-o00l,傑洛士,0.3980,acceptable,
b2-haga,羽賀,community-review-17-20260907,安茲·烏爾·恭,0.3978,acceptable,
godie-huth,魔人普烏,godie-u00j,賽菲洛斯,0.3977,acceptable,
b2-guts,凱茲,community-review-02-20260907,八神庵,0.3975,acceptable,
community-review-37-20260907,吉伊卡哇,godie-emfr,涅吉,0.3968,acceptable,
godie-n01c,勇者小呆,godie-o00x,悟空,0.3962,acceptable,
b2-boxxo,阿箱＋拉蜜絲,godie-o00k,皮卡娘,0.3952,acceptable,
godie-edem,宇智波佐助,godie-h00l,林克,0.3950,acceptable,
community-review-27-20260907,庫洛魔法使,godie-u00n,蒙其.D.魯夫,0.3949,acceptable,
community-review-27-20260907,庫洛魔法使,godie-o00x,悟空,0.3946,acceptable,
b2-haga,羽賀,godie-hart,克勞德,0.3936,acceptable,
b2-haga,羽賀,b2-takopi,章魚嗶,0.3934,acceptable,
b2-bojji,波吉,b2-takopi,章魚嗶,0.3929,acceptable,
b2-matthias,馬提亞斯,community-review-05-20260907,洛克人,0.3928,acceptable,
b2-boxxo,阿箱＋拉蜜絲,b2-kumoko,蜘蛛子,0.3925,acceptable,
community-review-05-20260907,洛克人,godie-h020,莉娜因巴斯,0.3913,acceptable,
community-review-03-20260907,不知火舞,godie-u00n,蒙其.D.魯夫,0.3911,acceptable,
community-review-01-20260907,武藤遊戲,godie-o00l,傑洛士,0.3908,acceptable,
community-review-18-20260907,吉爾伽美什,godie-h01n,黑崎一護,0.3907,acceptable,
b2-maple,梅普露,b2-nube,鵺野鳴介,0.3903,acceptable,
b2-luckyman,幸運超人,community-review-18-20260907,吉爾伽美什,0.3899,acceptable,
community-review-05-20260907,洛克人,community-review-32-20260907,阿薩謝爾,0.3898,acceptable,
community-review-27-20260907,庫洛魔法使,godie-o00k,皮卡娘,0.3893,acceptable,
b2-sinbad,辛巴達,godie-e007,天地志狼,0.3885,acceptable,
b2-touka,托卡・史考特,godie-udea,飛鼠先生,0.3885,acceptable,
b2-bojji,波吉,community-review-18-20260907,吉爾伽美什,0.3883,acceptable,
b2-luckyman,幸運超人,community-review-01-20260907,武藤遊戲,0.3883,acceptable,
b2-matthias,馬提亞斯,community-review-16-20260907,魔法少女☆伊莉雅,0.3882,acceptable,
b2-nube,鵺野鳴介,godie-o00k,皮卡娘,0.3882,acceptable,
b2-touka,托卡・史考特,b2-zenitsu,我妻善逸,0.3882,acceptable,
community-review-02-20260907,八神庵,godie-u00k,死之王,0.3880,acceptable,
community-review-20-20260907,御坂美琴,godie-emfr,涅吉,0.3876,acceptable,
community-review-16-20260907,魔法少女☆伊莉雅,godie-o00x,悟空,0.3873,acceptable,
community-review-32-20260907,阿薩謝爾,godie-e001,龍宮禮奈,0.3873,acceptable,
b2-boxxo,阿箱＋拉蜜絲,b2-nube,鵺野鳴介,0.3871,acceptable,
community-review-17-20260907,安茲·烏爾·恭,godie-hart,克勞德,0.3871,acceptable,
community-review-08-20260907,米卡莎,community-review-22-20260907,菜月昴,0.3870,acceptable,
godie-hpb1,蒼月潮,godie-u00l,拳四郎,0.3868,acceptable,
b2-maple,梅普露,b2-rin,遠坂凜,0.3867,acceptable,
b2-boxxo,阿箱＋拉蜜絲,godie-hblm,慈悲的王者－賈修貝爾,0.3862,acceptable,
b2-touka,托卡・史考特,community-review-12-20260907,衛宮士郎,0.3854,acceptable,
b2-zenitsu,我妻善逸,community-review-01-20260907,武藤遊戲,0.3852,acceptable,
community-review-08-20260907,米卡莎,godie-hpb1,蒼月潮,0.3839,acceptable,
b2-boxxo,阿箱＋拉蜜絲,godie-o00x,悟空,0.3832,acceptable,
community-review-17-20260907,安茲·烏爾·恭,godie-h01u,呂布奉先,0.3832,acceptable,
godie-emns,夜神月,godie-h00l,林克,0.3822,acceptable,
b2-maple,梅普露,community-review-32-20260907,阿薩謝爾,0.3819,acceptable,
b2-kumoko,蜘蛛子,b2-maple,梅普露,0.3818,acceptable,
b2-rem,蕾姆,community-review-20-20260907,御坂美琴,0.3817,acceptable,
community-review-30-20260907,尼古貓貓,godie-e00r,初號機,0.3814,acceptable,
b2-orphen,歐菲,godie-u01u,索隆,0.3798,acceptable,
community-review-34-20260907,高速婆婆,godie-h00l,林克,0.3795,acceptable,
b2-maple,梅普露,b2-touka,托卡・史考特,0.3792,acceptable,
b2-uncle,異世界舅舅,godie-u010,飛影,0.3785,acceptable,
community-review-02-20260907,八神庵,godie-h00l,林克,0.3784,acceptable,
godie-emns,夜神月,godie-huth,魔人普烏,0.3782,acceptable,
b2-zenitsu,我妻善逸,godie-u00h,鬼畜狂刀KYO,0.3781,acceptable,
godie-e00k,安云,godie-h020,莉娜因巴斯,0.3781,acceptable,
b2-popp,何布,community-review-25-20260907,一拳超人,0.3779,acceptable,
b2-takopi,章魚嗶,community-review-30-20260907,尼古貓貓,0.3779,acceptable,
community-review-22-20260907,菜月昴,community-review-25-20260907,一拳超人,0.3778,acceptable,
community-review-23-20260907,坂田銀時,godie-hart,克勞德,0.3777,acceptable,
godie-h01n,黑崎一護,godie-hart,克勞德,0.3771,acceptable,
community-review-16-20260907,魔法少女☆伊莉雅,godie-n00b,哆拉A夢,0.3768,acceptable,
godie-o02p,初音,godie-u00j,賽菲洛斯,0.3762,acceptable,
community-review-25-20260907,一拳超人,godie-hpb1,蒼月潮,0.3759,acceptable,
godie-o00k,皮卡娘,godie-o00x,悟空,0.3757,acceptable,
b2-maple,梅普露,b2-rem,蕾姆,0.3754,acceptable,
b2-sinbad,辛巴達,b2-zenitsu,我妻善逸,0.3751,acceptable,
b2-popp,何布,community-review-12-20260907,衛宮士郎,0.3748,acceptable,
community-review-15-20260907,比利海靈頓,godie-e00r,初號機,0.3743,acceptable,
community-review-32-20260907,阿薩謝爾,godie-e00k,安云,0.3741,acceptable,
community-review-01-20260907,武藤遊戲,godie-hart,克勞德,0.3736,acceptable,
godie-hapm,Berserker,godie-ubal,巴恩大魔王,0.3735,acceptable,
community-review-13-20260907,朝田詩乃,community-review-30-20260907,尼古貓貓,0.3732,acceptable,
b2-bojji,波吉,b2-popp,何布,0.3728,acceptable,
godie-e00k,安云,godie-n00b,哆拉A夢,0.3727,acceptable,
community-review-14-20260907,殺老師,godie-u00n,蒙其.D.魯夫,0.3725,acceptable,
b2-bojji,波吉,godie-o00l,傑洛士,0.3721,acceptable,
b2-orphen,歐菲,community-review-23-20260907,坂田銀時,0.3721,acceptable,
b2-matthias,馬提亞斯,godie-e00k,安云,0.3710,acceptable,
b2-orphen,歐菲,godie-u00l,拳四郎,0.3706,acceptable,
b2-kumoko,蜘蛛子,godie-o00x,悟空,0.3696,acceptable,
b2-nube,鵺野鳴介,godie-emfr,涅吉,0.3695,acceptable,
b2-rin,遠坂凜,godie-e002,Saber,0.3694,acceptable,
b2-orphen,歐菲,community-review-34-20260907,高速婆婆,0.3686,acceptable,
community-review-02-20260907,八神庵,community-review-03-20260907,不知火舞,0.3682,acceptable,
godie-edem,宇智波佐助,godie-h01u,呂布奉先,0.3679,acceptable,
godie-etyr,木乃香,godie-o00x,悟空,0.3679,acceptable,
community-review-18-20260907,吉爾伽美什,community-review-25-20260907,一拳超人,0.3678,acceptable,
community-review-27-20260907,庫洛魔法使,godie-h020,莉娜因巴斯,0.3677,acceptable,
b2-takopi,章魚嗶,godie-n01c,勇者小呆,0.3674,acceptable,
b2-maple,梅普露,godie-u00v,基廉列克,0.3673,acceptable,
godie-emfr,涅吉,godie-h020,莉娜因巴斯,0.3673,acceptable,
community-review-34-20260907,高速婆婆,godie-o00x,悟空,0.3666,acceptable,
b2-matthias,馬提亞斯,godie-nplh,麻倉葉,0.3664,acceptable,
community-review-27-20260907,庫洛魔法使,godie-n00b,哆拉A夢,0.3662,acceptable,
b2-luckyman,幸運超人,community-review-25-20260907,一拳超人,0.3657,acceptable,
community-review-01-20260907,武藤遊戲,community-review-23-20260907,坂田銀時,0.3653,acceptable,
community-review-19-20260907,桐谷和人,godie-hpal,藤井八雲,0.3651,acceptable,
b2-takopi,章魚嗶,godie-e00r,初號機,0.3650,acceptable,
b2-rem,蕾姆,godie-n003,依文潔琳,0.3646,acceptable,
community-review-05-20260907,洛克人,godie-e008,夏娜,0.3639,acceptable,
community-review-20-20260907,御坂美琴,godie-e00k,安云,0.3635,acceptable,
b2-bojji,波吉,community-review-22-20260907,菜月昴,0.3633,acceptable,
b2-boxxo,阿箱＋拉蜜絲,community-review-14-20260907,殺老師,0.3631,acceptable,
b2-goblin,哥布林殺手,godie-hart,克勞德,0.3631,acceptable,
b2-touka,托卡・史考特,godie-u00v,基廉列克,0.3627,acceptable,
community-review-03-20260907,不知火舞,godie-etyr,木乃香,0.3623,acceptable,
b2-boxxo,阿箱＋拉蜜絲,b2-takopi,章魚嗶,0.3600,acceptable,
b2-bojji,波吉,b2-sinbad,辛巴達,0.3597,acceptable,
b2-boxxo,阿箱＋拉蜜絲,community-review-32-20260907,阿薩謝爾,0.3594,acceptable,
b2-boxxo,阿箱＋拉蜜絲,godie-u00j,賽菲洛斯,0.3594,acceptable,
community-review-18-20260907,吉爾伽美什,godie-hart,克勞德,0.3593,acceptable,
b2-matthias,馬提亞斯,community-review-20-20260907,御坂美琴,0.3592,acceptable,
b2-rin,遠坂凜,community-review-13-20260907,朝田詩乃,0.3592,acceptable,
community-review-23-20260907,坂田銀時,community-review-25-20260907,一拳超人,0.3592,acceptable,
community-review-04-20260907,空條承太郎,godie-u01u,索隆,0.3585,acceptable,
godie-n00b,哆拉A夢,godie-nplh,麻倉葉,0.3583,acceptable,
community-review-01-20260907,武藤遊戲,community-review-25-20260907,一拳超人,0.3582,acceptable,
community-review-32-20260907,阿薩謝爾,godie-emfr,涅吉,0.3582,acceptable,
b2-boxxo,阿箱＋拉蜜絲,godie-h00l,林克,0.3581,acceptable,
community-review-08-20260907,米卡莎,godie-n00p,南野秀一,0.3578,acceptable,
community-review-16-20260907,魔法少女☆伊莉雅,godie-n003,依文潔琳,0.3575,acceptable,
community-review-20-20260907,御坂美琴,godie-e008,夏娜,0.3575,acceptable,
b2-rem,蕾姆,godie-u00n,蒙其.D.魯夫,0.3572,acceptable,
b2-nube,鵺野鳴介,godie-huth,魔人普烏,0.3567,acceptable,
b2-luckyman,幸運超人,b2-popp,何布,0.3565,acceptable,
community-review-32-20260907,阿薩謝爾,godie-e002,Saber,0.3555,acceptable,
b2-boxxo,阿箱＋拉蜜絲,community-review-16-20260907,魔法少女☆伊莉雅,0.3553,acceptable,
community-review-25-20260907,一拳超人,godie-osam,殺生丸,0.3548,acceptable,
community-review-30-20260907,尼古貓貓,godie-emfr,涅吉,0.3546,acceptable,
godie-h01u,呂布奉先,godie-osam,殺生丸,0.3544,acceptable,
godie-e00k,安云,godie-h02k,熊貓,0.3540,acceptable,
b2-uncle,異世界舅舅,godie-h01u,呂布奉先,0.3537,acceptable,
community-review-02-20260907,八神庵,godie-o02p,初音,0.3531,acceptable,
godie-edem,宇智波佐助,godie-u010,飛影,0.3530,acceptable,
community-review-12-20260907,衛宮士郎,godie-h01n,黑崎一護,0.3528,acceptable,
b2-nube,鵺野鳴介,godie-n01c,勇者小呆,0.3523,acceptable,
community-review-03-20260907,不知火舞,godie-emns,夜神月,0.3523,acceptable,
community-review-33-20260907,近衛刀太,godie-e002,Saber,0.3518,acceptable,
b2-bojji,波吉,godie-hart,克勞德,0.3517,acceptable,
community-review-37-20260907,吉伊卡哇,godie-o00x,悟空,0.3515,acceptable,
godie-huth,魔人普烏,godie-u00n,蒙其.D.魯夫,0.3514,acceptable,
b2-takopi,章魚嗶,godie-e008,夏娜,0.3513,acceptable,
b2-uncle,異世界舅舅,godie-u00k,死之王,0.3512,acceptable,
godie-hart,克勞德,godie-osam,殺生丸,0.3508,acceptable,
godie-e001,龍宮禮奈,godie-nplh,麻倉葉,0.3507,acceptable,
godie-h00l,林克,godie-ofar,皮卡丘,0.3506,acceptable,
b2-boxxo,阿箱＋拉蜜絲,community-review-02-20260907,八神庵,0.3500,acceptable,
godie-e007,天地志狼,godie-o00l,傑洛士,0.3498,acceptable,
community-review-20-20260907,御坂美琴,community-review-33-20260907,近衛刀太,0.3496,acceptable,
community-review-01-20260907,武藤遊戲,community-review-19-20260907,桐谷和人,0.3495,acceptable,
godie-h00l,林克,godie-o00x,悟空,0.3492,acceptable,
b2-touka,托卡・史考特,b2-uncle,異世界舅舅,0.3489,acceptable,
community-review-08-20260907,米卡莎,community-review-13-20260907,朝田詩乃,0.3489,acceptable,
b2-sinbad,辛巴達,b2-touka,托卡・史考特,0.3488,acceptable,
community-review-01-20260907,武藤遊戲,godie-hpal,藤井八雲,0.3485,acceptable,
b2-nube,鵺野鳴介,godie-e002,Saber,0.3484,acceptable,
godie-etyr,木乃香,godie-huth,魔人普烏,0.3484,acceptable,
godie-h01n,黑崎一護,godie-hpal,藤井八雲,0.3481,acceptable,
community-review-16-20260907,魔法少女☆伊莉雅,godie-etyr,木乃香,0.3475,acceptable,
b2-orphen,歐菲,godie-edem,宇智波佐助,0.3473,acceptable,
godie-e002,Saber,godie-emfr,涅吉,0.3473,acceptable,
godie-hpal,藤井八雲,godie-hpb1,蒼月潮,0.3472,acceptable,
godie-u00j,賽菲洛斯,godie-u010,飛影,0.3472,acceptable,
b2-matthias,馬提亞斯,community-review-13-20260907,朝田詩乃,0.3470,acceptable,
b2-popp,何布,community-review-18-20260907,吉爾伽美什,0.3464,acceptable,
b2-boxxo,阿箱＋拉蜜絲,b2-rin,遠坂凜,0.3463,acceptable,
b2-luckyman,幸運超人,godie-h01n,黑崎一護,0.3461,acceptable,
b2-rin,遠坂凜,community-review-05-20260907,洛克人,0.3461,acceptable,
b2-orphen,歐菲,godie-osam,殺生丸,0.3460,acceptable,
b2-popp,何布,b2-takopi,章魚嗶,0.3459,acceptable,
community-review-23-20260907,坂田銀時,godie-hpal,藤井八雲,0.3455,acceptable,
godie-e008,夏娜,godie-n003,依文潔琳,0.3454,acceptable,
b2-guts,凱茲,godie-edem,宇智波佐助,0.3453,acceptable,
community-review-19-20260907,桐谷和人,godie-hpb1,蒼月潮,0.3449,acceptable,
b2-matthias,馬提亞斯,godie-o00x,悟空,0.3447,acceptable,
b2-nube,鵺野鳴介,godie-udea,飛鼠先生,0.3445,acceptable,
b2-goblin,哥布林殺手,community-review-25-20260907,一拳超人,0.3439,acceptable,
community-review-13-20260907,朝田詩乃,community-review-27-20260907,庫洛魔法使,0.3438,acceptable,
godie-u00l,拳四郎,godie-u010,飛影,0.3435,acceptable,
b2-maple,梅普露,community-review-05-20260907,洛克人,0.3434,acceptable,
b2-rin,遠坂凜,godie-udea,飛鼠先生,0.3434,acceptable,
godie-h01u,呂布奉先,godie-u01u,索隆,0.3432,acceptable,
godie-e00k,安云,godie-etyr,木乃香,0.3431,acceptable,
b2-boxxo,阿箱＋拉蜜絲,b2-elma,艾爾瑪,0.3428,acceptable,
b2-nube,鵺野鳴介,godie-e00k,安云,0.3427,acceptable,
godie-h00l,林克,godie-o02p,初音,0.3427,acceptable,
community-review-33-20260907,近衛刀太,godie-etyr,木乃香,0.3417,acceptable,
b2-nube,鵺野鳴介,godie-n003,依文潔琳,0.3414,acceptable,
b2-sinbad,辛巴達,community-review-12-20260907,衛宮士郎,0.3413,acceptable,
b2-popp,何布,godie-osam,殺生丸,0.3408,acceptable,
b2-matthias,馬提亞斯,godie-u00v,基廉列克,0.3406,acceptable,
community-review-05-20260907,洛克人,godie-e00k,安云,0.3406,acceptable,
b2-boxxo,阿箱＋拉蜜絲,b2-touka,托卡・史考特,0.3401,acceptable,
community-review-02-20260907,八神庵,godie-u010,飛影,0.3396,acceptable,
community-review-27-20260907,庫洛魔法使,godie-e00k,安云,0.3395,acceptable,
godie-hpb1,蒼月潮,godie-u00h,鬼畜狂刀KYO,0.3395,acceptable,
godie-huth,魔人普烏,godie-u00v,基廉列克,0.3390,acceptable,
community-review-20-20260907,御坂美琴,community-review-37-20260907,吉伊卡哇,0.3388,acceptable,
b2-goblin,哥布林殺手,b2-orphen,歐菲,0.3382,acceptable,
b2-boxxo,阿箱＋拉蜜絲,b2-guts,凱茲,0.3378,acceptable,
b2-orphen,歐菲,community-review-18-20260907,吉爾伽美什,0.3376,acceptable,
b2-luckyman,幸運超人,godie-o00l,傑洛士,0.3373,acceptable,
community-review-33-20260907,近衛刀太,godie-emfr,涅吉,0.3367,acceptable,
community-review-02-20260907,八神庵,godie-huth,魔人普烏,0.3361,acceptable,
b2-orphen,歐菲,godie-huth,魔人普烏,0.3358,acceptable,
b2-uncle,異世界舅舅,godie-u00l,拳四郎,0.3356,acceptable,
b2-zenitsu,我妻善逸,godie-n00p,南野秀一,0.3356,acceptable,
godie-huth,魔人普烏,godie-udea,飛鼠先生,0.3356,acceptable,
godie-h01n,黑崎一護,godie-u010,飛影,0.3354,acceptable,
community-review-27-20260907,庫洛魔法使,godie-udea,飛鼠先生,0.3350,acceptable,
community-review-14-20260907,殺老師,community-review-27-20260907,庫洛魔法使,0.3348,acceptable,
community-review-18-20260907,吉爾伽美什,godie-u00l,拳四郎,0.3346,acceptable,
godie-emns,夜神月,godie-n01c,勇者小呆,0.3345,acceptable,
community-review-18-20260907,吉爾伽美什,godie-osam,殺生丸,0.3344,acceptable,
b2-kumoko,蜘蛛子,community-review-03-20260907,不知火舞,0.3341,acceptable,
community-review-32-20260907,阿薩謝爾,godie-h02k,熊貓,0.3339,acceptable,
b2-nube,鵺野鳴介,community-review-30-20260907,尼古貓貓,0.3338,acceptable,
community-review-27-20260907,庫洛魔法使,godie-n003,依文潔琳,0.3328,acceptable,
community-review-18-20260907,吉爾伽美什,godie-u01u,索隆,0.3322,acceptable,
b2-maple,梅普露,godie-etyr,木乃香,0.3321,acceptable,
community-review-08-20260907,米卡莎,godie-e00w,櫻綻剎那,0.3320,acceptable,
godie-edem,宇智波佐助,godie-u01u,索隆,0.3316,acceptable,
godie-h01n,黑崎一護,godie-u00h,鬼畜狂刀KYO,0.3311,acceptable,
godie-e00r,初號機,godie-orkn,臭作,0.3309,acceptable,
community-review-20-20260907,御坂美琴,godie-e001,龍宮禮奈,0.3305,acceptable,
community-review-20-20260907,御坂美琴,godie-n003,依文潔琳,0.3303,acceptable,
b2-luckyman,幸運超人,community-review-22-20260907,菜月昴,0.3301,acceptable,
b2-uncle,異世界舅舅,godie-o02p,初音,0.3300,acceptable,
godie-e008,夏娜,godie-o00x,悟空,0.3299,acceptable,
community-review-12-20260907,衛宮士郎,community-review-22-20260907,菜月昴,0.3294,acceptable,
b2-maple,梅普露,godie-n00b,哆拉A夢,0.3293,acceptable,
b2-touka,托卡・史考特,godie-u010,飛影,0.3290,acceptable,
b2-rem,蕾姆,community-review-37-20260907,吉伊卡哇,0.3288,acceptable,
community-review-13-20260907,朝田詩乃,godie-udea,飛鼠先生,0.3288,acceptable,
community-review-12-20260907,衛宮士郎,godie-hpal,藤井八雲,0.3286,acceptable,
community-review-13-20260907,朝田詩乃,community-review-14-20260907,殺老師,0.3283,acceptable,
community-review-18-20260907,吉爾伽美什,godie-h01u,呂布奉先,0.3272,acceptable,
community-review-32-20260907,阿薩謝爾,godie-udea,飛鼠先生,0.3272,acceptable,
godie-h01u,呂布奉先,godie-huth,魔人普烏,0.3272,acceptable,
b2-haga,羽賀,b2-touka,托卡・史考特,0.3271,acceptable,
b2-bojji,波吉,godie-e00r,初號機,0.3270,acceptable,
b2-rem,蕾姆,godie-o00x,悟空,0.3270,acceptable,
b2-touka,托卡・史考特,godie-e007,天地志狼,0.3270,acceptable,
godie-emns,夜神月,godie-h01u,呂布奉先,0.3268,acceptable,
b2-uncle,異世界舅舅,community-review-27-20260907,庫洛魔法使,0.3264,acceptable,
b2-maple,梅普露,godie-emfr,涅吉,0.3263,acceptable,
b2-orphen,歐菲,community-review-17-20260907,安茲·烏爾·恭,0.3263,acceptable,
community-review-18-20260907,吉爾伽美什,community-review-23-20260907,坂田銀時,0.3262,acceptable,
b2-maple,梅普露,community-review-27-20260907,庫洛魔法使,0.3259,acceptable,
godie-etyr,木乃香,godie-u00n,蒙其.D.魯夫,0.3259,acceptable,
godie-e008,夏娜,godie-u00v,基廉列克,0.3255,acceptable,
b2-guts,凱茲,godie-emns,夜神月,0.3254,acceptable,
b2-touka,托卡・史考特,godie-huth,魔人普烏,0.3253,acceptable,
community-review-03-20260907,不知火舞,godie-u00j,賽菲洛斯,0.3252,acceptable,
community-review-16-20260907,魔法少女☆伊莉雅,godie-n01c,勇者小呆,0.3252,acceptable,
community-review-23-20260907,坂田銀時,godie-hpb1,蒼月潮,0.3252,acceptable,
b2-zenitsu,我妻善逸,godie-hblm,慈悲的王者－賈修貝爾,0.3250,acceptable,
community-review-24-20260907,奇犽,godie-hvsh,Rider,0.3250,acceptable,
godie-hpb1,蒼月潮,godie-u010,飛影,0.3249,acceptable,
community-review-25-20260907,一拳超人,godie-o00l,傑洛士,0.3247,acceptable,
community-review-32-20260907,阿薩謝爾,godie-nplh,麻倉葉,0.3247,acceptable,
community-review-08-20260907,米卡莎,godie-hblm,慈悲的王者－賈修貝爾,0.3245,acceptable,
community-review-24-20260907,奇犽,community-review-33-20260907,近衛刀太,0.3244,acceptable,
community-review-03-20260907,不知火舞,godie-o02p,初音,0.3240,acceptable,
community-review-03-20260907,不知火舞,godie-h00l,林克,0.3238,acceptable,
b2-nube,鵺野鳴介,godie-hblm,慈悲的王者－賈修貝爾,0.3234,acceptable,
b2-uncle,異世界舅舅,community-review-14-20260907,殺老師,0.3231,acceptable,
b2-bojji,波吉,godie-osam,殺生丸,0.3230,acceptable,
community-review-23-20260907,坂田銀時,godie-ubal,巴恩大魔王,0.3228,acceptable,
community-review-20-20260907,御坂美琴,godie-e002,Saber,0.3223,acceptable,
community-review-08-20260907,米卡莎,community-review-17-20260907,安茲·烏爾·恭,0.3222,acceptable,
community-review-20-20260907,御坂美琴,community-review-27-20260907,庫洛魔法使,0.3218,acceptable,
community-review-27-20260907,庫洛魔法使,godie-hblm,慈悲的王者－賈修貝爾,0.3213,acceptable,
b2-guts,凱茲,godie-h01u,呂布奉先,0.3208,acceptable,
godie-e001,龍宮禮奈,godie-e002,Saber,0.3204,acceptable,
b2-goblin,哥布林殺手,community-review-01-20260907,武藤遊戲,0.3201,acceptable,
b2-kumoko,蜘蛛子,community-review-16-20260907,魔法少女☆伊莉雅,0.3198,acceptable,
godie-hblm,慈悲的王者－賈修貝爾,godie-u00n,蒙其.D.魯夫,0.3196,acceptable,
b2-bojji,波吉,godie-hpal,藤井八雲,0.3194,acceptable,
community-review-08-20260907,米卡莎,godie-edem,宇智波佐助,0.3193,acceptable,
godie-hart,克勞德,godie-n00p,南野秀一,0.3192,acceptable,
community-review-37-20260907,吉伊卡哇,godie-e007,天地志狼,0.3191,acceptable,
godie-u00l,拳四郎,godie-u00v,基廉列克,0.3191,acceptable,
godie-o00x,悟空,godie-u00n,蒙其.D.魯夫,0.3190,acceptable,
community-review-12-20260907,衛宮士郎,godie-edem,宇智波佐助,0.3186,acceptable,
community-review-23-20260907,坂田銀時,godie-u00l,拳四郎,0.3185,acceptable,
godie-osam,殺生丸,godie-u00h,鬼畜狂刀KYO,0.3185,acceptable,
b2-nube,鵺野鳴介,community-review-03-20260907,不知火舞,0.3183,acceptable,
godie-n00p,南野秀一,godie-o00l,傑洛士,0.3183,acceptable,
godie-e001,龍宮禮奈,godie-n003,依文潔琳,0.3181,acceptable,
b2-popp,何布,b2-touka,托卡・史考特,0.3180,acceptable,
b2-takopi,章魚嗶,godie-orkn,臭作,0.3180,acceptable,
b2-boxxo,阿箱＋拉蜜絲,b2-sinbad,辛巴達,0.3178,acceptable,
community-review-01-20260907,武藤遊戲,community-review-12-20260907,衛宮士郎,0.3176,acceptable,
godie-h01n,黑崎一護,godie-n01c,勇者小呆,0.3170,acceptable,
b2-popp,何布,b2-sinbad,辛巴達,0.3166,acceptable,
godie-emns,夜神月,godie-o00k,皮卡娘,0.3162,acceptable,
godie-emns,夜神月,godie-u00v,基廉列克,0.3161,acceptable,
godie-emfr,涅吉,godie-nplh,麻倉葉,0.3160,acceptable,
godie-huth,魔人普烏,godie-u00l,拳四郎,0.3157,acceptable,
b2-sinbad,辛巴達,godie-e00w,櫻綻剎那,0.3155,acceptable,
godie-hpal,藤井八雲,godie-o00l,傑洛士,0.3149,acceptable,
godie-emfr,涅吉,godie-etyr,木乃香,0.3145,acceptable,
community-review-17-20260907,安茲·烏爾·恭,godie-hpal,藤井八雲,0.3143,acceptable,
b2-boxxo,阿箱＋拉蜜絲,godie-u010,飛影,0.3142,acceptable,
community-review-02-20260907,八神庵,godie-u01u,索隆,0.3142,acceptable,
godie-n003,依文潔琳,godie-nplh,麻倉葉,0.3140,acceptable,
godie-e002,Saber,godie-n00b,哆拉A夢,0.3138,acceptable,
b2-nube,鵺野鳴介,community-review-13-20260907,朝田詩乃,0.3137,acceptable,
community-review-34-20260907,高速婆婆,godie-edem,宇智波佐助,0.3136,acceptable,
b2-takopi,章魚嗶,community-review-01-20260907,武藤遊戲,0.3135,acceptable,
b2-orphen,歐菲,godie-hpb1,蒼月潮,0.3134,acceptable,
community-review-25-20260907,一拳超人,godie-u00h,鬼畜狂刀KYO,0.3131,acceptable,
community-review-27-20260907,庫洛魔法使,godie-n01c,勇者小呆,0.3128,acceptable,
b2-guts,凱茲,godie-huth,魔人普烏,0.3126,acceptable,
community-review-16-20260907,魔法少女☆伊莉雅,godie-h02k,熊貓,0.3126,acceptable,
godie-e00k,安云,godie-n003,依文潔琳,0.3122,acceptable,
b2-popp,何布,godie-n00p,南野秀一,0.3121,acceptable,
community-review-02-20260907,八神庵,godie-u00l,拳四郎,0.3120,acceptable,
b2-bojji,波吉,community-review-04-20260907,空條承太郎,0.3118,acceptable,
b2-luckyman,幸運超人,godie-hart,克勞德,0.3118,acceptable,
b2-rin,遠坂凜,community-review-16-20260907,魔法少女☆伊莉雅,0.3115,acceptable,
godie-hart,克勞德,godie-hpb1,蒼月潮,0.3113,acceptable,
b2-zenitsu,我妻善逸,godie-h01n,黑崎一護,0.3112,acceptable,
b2-matthias,馬提亞斯,godie-emfr,涅吉,0.3108,acceptable,
community-review-12-20260907,衛宮士郎,godie-hart,克勞德,0.3108,acceptable,
b2-popp,何布,community-review-23-20260907,坂田銀時,0.3106,acceptable,
godie-hpal,藤井八雲,godie-u00h,鬼畜狂刀KYO,0.3104,acceptable,
godie-e002,Saber,godie-n003,依文潔琳,0.3101,acceptable,
b2-rin,遠坂凜,godie-hblm,慈悲的王者－賈修貝爾,0.3097,acceptable,
community-review-24-20260907,奇犽,godie-hvwd,桔梗,0.3096,acceptable,
b2-boxxo,阿箱＋拉蜜絲,community-review-20-20260907,御坂美琴,0.3094,acceptable,
b2-uncle,異世界舅舅,community-review-01-20260907,武藤遊戲,0.3093,acceptable,
b2-boxxo,阿箱＋拉蜜絲,godie-edem,宇智波佐助,0.3090,acceptable,
b2-sinbad,辛巴達,community-review-01-20260907,武藤遊戲,0.3087,acceptable,
b2-maple,梅普露,godie-udea,飛鼠先生,0.3086,acceptable,
godie-e008,夏娜,godie-u00n,蒙其.D.魯夫,0.3086,acceptable,
community-review-01-20260907,武藤遊戲,godie-osam,殺生丸,0.3082,acceptable,
godie-h01n,黑崎一護,godie-o00l,傑洛士,0.3082,acceptable,
b2-haga,羽賀,community-review-25-20260907,一拳超人,0.3081,acceptable,
community-review-20-20260907,御坂美琴,godie-etyr,木乃香,0.3081,acceptable,
godie-hpb1,蒼月潮,godie-u01u,索隆,0.3081,acceptable,
community-review-13-20260907,朝田詩乃,community-review-33-20260907,近衛刀太,0.3075,acceptable,
community-review-02-20260907,八神庵,godie-hpb1,蒼月潮,0.3073,acceptable,
godie-e00w,櫻綻剎那,godie-hvsh,Rider,0.3073,acceptable,
godie-e008,夏娜,godie-nplh,麻倉葉,0.3070,acceptable,
godie-emfr,涅吉,godie-h02k,熊貓,0.3065,acceptable,
community-review-22-20260907,菜月昴,godie-nplh,麻倉葉,0.3062,acceptable,
b2-goblin,哥布林殺手,godie-hpal,藤井八雲,0.3057,acceptable,
community-review-18-20260907,吉爾伽美什,community-review-22-20260907,菜月昴,0.3055,acceptable,
b2-luckyman,幸運超人,godie-h01u,呂布奉先,0.3053,acceptable,
b2-touka,托卡・史考特,community-review-18-20260907,吉爾伽美什,0.3052,acceptable,
community-review-13-20260907,朝田詩乃,community-review-20-20260907,御坂美琴,0.3051,acceptable,
community-review-22-20260907,菜月昴,godie-n003,依文潔琳,0.3051,acceptable,
godie-e00w,櫻綻剎那,godie-o00l,傑洛士,0.3050,acceptable,
community-review-04-20260907,空條承太郎,community-review-18-20260907,吉爾伽美什,0.3048,acceptable,
godie-n01c,勇者小呆,godie-o00k,皮卡娘,0.3043,acceptable,
b2-maple,梅普露,godie-n003,依文潔琳,0.3041,acceptable,
b2-zenitsu,我妻善逸,godie-e00k,安云,0.3039,acceptable,
community-review-03-20260907,不知火舞,godie-h02k,熊貓,0.3038,acceptable,
b2-maple,梅普露,godie-hvwd,桔梗,0.3037,acceptable,
godie-hblm,慈悲的王者－賈修貝爾,godie-o00l,傑洛士,0.3033,acceptable,
b2-matthias,馬提亞斯,godie-u00n,蒙其.D.魯夫,0.3032,acceptable,
godie-h02k,熊貓,godie-n003,依文潔琳,0.3032,acceptable,
community-review-13-20260907,朝田詩乃,godie-etyr,木乃香,0.3030,acceptable,
community-review-20-20260907,御坂美琴,godie-hblm,慈悲的王者－賈修貝爾,0.3030,acceptable,
godie-n00b,哆拉A夢,godie-o00x,悟空,0.3030,acceptable,
godie-e00w,櫻綻剎那,godie-nplh,麻倉葉,0.3029,acceptable,
community-review-25-20260907,一拳超人,godie-u00l,拳四郎,0.3027,acceptable,
godie-h01u,呂布奉先,godie-u00j,賽菲洛斯,0.3025,acceptable,
godie-h01n,黑崎一護,godie-h01u,呂布奉先,0.3022,acceptable,
b2-orphen,歐菲,community-review-04-20260907,空條承太郎,0.3020,acceptable,
godie-h020,莉娜因巴斯,godie-o00x,悟空,0.3020,acceptable,
community-review-33-20260907,近衛刀太,godie-u00n,蒙其.D.魯夫,0.3019,acceptable,
godie-o00x,悟空,godie-u00j,賽菲洛斯,0.3017,acceptable,
community-review-37-20260907,吉伊卡哇,godie-nplh,麻倉葉,0.3016,acceptable,
godie-h020,莉娜因巴斯,godie-udea,飛鼠先生,0.3015,acceptable,
community-review-24-20260907,奇犽,godie-ofar,皮卡丘,0.3013,acceptable,
community-review-08-20260907,米卡莎,godie-hapm,Berserker,0.3010,acceptable,
b2-goblin,哥布林殺手,godie-h01u,呂布奉先,0.3008,acceptable,
godie-u00v,基廉列克,godie-u01u,索隆,0.3008,acceptable,
community-review-34-20260907,高速婆婆,godie-emns,夜神月,0.3005,acceptable,
b2-zenitsu,我妻善逸,community-review-13-20260907,朝田詩乃,0.3001,acceptable,
community-review-37-20260907,吉伊卡哇,godie-e00w,櫻綻剎那,0.3001,acceptable,
community-review-16-20260907,魔法少女☆伊莉雅,godie-o00k,皮卡娘,0.2999,acceptable,
community-review-13-20260907,朝田詩乃,community-review-25-20260907,一拳超人,0.2997,acceptable,
b2-goblin,哥布林殺手,b2-haga,羽賀,0.2995,acceptable,
b2-haga,羽賀,godie-h01u,呂布奉先,0.2995,acceptable,
b2-popp,何布,godie-hpal,藤井八雲,0.2994,acceptable,
b2-rin,遠坂凜,godie-nplh,麻倉葉,0.2994,acceptable,
b2-sinbad,辛巴達,godie-hblm,慈悲的王者－賈修貝爾,0.2994,acceptable,
community-review-33-20260907,近衛刀太,godie-hvsh,Rider,0.2994,acceptable,
b2-bojji,波吉,community-review-08-20260907,米卡莎,0.2993,acceptable,
community-review-08-20260907,米卡莎,community-review-19-20260907,桐谷和人,0.2991,acceptable,
b2-luckyman,幸運超人,community-review-04-20260907,空條承太郎,0.2990,acceptable,
b2-haga,羽賀,godie-u00h,鬼畜狂刀KYO,0.2989,acceptable,
b2-bojji,波吉,community-review-12-20260907,衛宮士郎,0.2988,acceptable,
community-review-04-20260907,空條承太郎,community-review-22-20260907,菜月昴,0.2988,acceptable,
community-review-33-20260907,近衛刀太,godie-h02k,熊貓,0.2984,acceptable,
godie-h01n,黑崎一護,godie-u00l,拳四郎,0.2984,acceptable,
b2-zenitsu,我妻善逸,godie-nplh,麻倉葉,0.2980,acceptable,
b2-luckyman,幸運超人,b2-sinbad,辛巴達,0.2979,acceptable,
community-review-17-20260907,安茲·烏爾·恭,godie-u00h,鬼畜狂刀KYO,0.2974,acceptable,
community-review-01-20260907,武藤遊戲,godie-u00h,鬼畜狂刀KYO,0.2972,acceptable,
godie-e008,夏娜,godie-udea,飛鼠先生,0.2970,acceptable,
community-review-05-20260907,洛克人,godie-u00n,蒙其.D.魯夫,0.2969,acceptable,
community-review-27-20260907,庫洛魔法使,community-review-34-20260907,高速婆婆,0.2967,acceptable,
godie-h01u,呂布奉先,godie-hapm,Berserker,0.2964,acceptable,
community-review-05-20260907,洛克人,godie-huth,魔人普烏,0.2962,acceptable,
godie-nplh,麻倉葉,godie-u00n,蒙其.D.魯夫,0.2961,acceptable,
b2-nube,鵺野鳴介,godie-h02k,熊貓,0.2959,acceptable,
b2-zenitsu,我妻善逸,godie-e00w,櫻綻剎那,0.2959,acceptable,
community-review-08-20260907,米卡莎,godie-u00n,蒙其.D.魯夫,0.2959,acceptable,
b2-popp,何布,community-review-17-20260907,安茲·烏爾·恭,0.2956,acceptable,
community-review-01-20260907,武藤遊戲,godie-u00l,拳四郎,0.2954,acceptable,
community-review-08-20260907,米卡莎,godie-udea,飛鼠先生,0.2954,acceptable,
godie-hvsh,Rider,godie-n00p,南野秀一,0.2947,acceptable,
godie-u00j,賽菲洛斯,godie-u00v,基廉列克,0.2945,acceptable,
b2-boxxo,阿箱＋拉蜜絲,godie-e001,龍宮禮奈,0.2944,acceptable,
b2-takopi,章魚嗶,godie-e002,Saber,0.2944,acceptable,
b2-haga,羽賀,godie-osam,殺生丸,0.2940,acceptable,
godie-e007,天地志狼,godie-hblm,慈悲的王者－賈修貝爾,0.2940,acceptable,
community-review-13-20260907,朝田詩乃,community-review-37-20260907,吉伊卡哇,0.2938,acceptable,
community-review-16-20260907,魔法少女☆伊莉雅,community-review-32-20260907,阿薩謝爾,0.2937,acceptable,
b2-rin,遠坂凜,godie-n003,依文潔琳,0.2934,acceptable,
godie-o00k,皮卡娘,godie-o02p,初音,0.2934,acceptable,
b2-elma,艾爾瑪,godie-edem,宇智波佐助,0.2933,acceptable,
godie-huth,魔人普烏,godie-u010,飛影,0.2933,acceptable,
community-review-05-20260907,洛克人,community-review-20-20260907,御坂美琴,0.2932,acceptable,
godie-edem,宇智波佐助,godie-o00k,皮卡娘,0.2932,acceptable,
community-review-24-20260907,奇犽,godie-e002,Saber,0.2930,acceptable,
community-review-30-20260907,尼古貓貓,godie-n003,依文潔琳,0.2928,acceptable,
godie-h00l,林克,godie-n01c,勇者小呆,0.2927,acceptable,
godie-etyr,木乃香,godie-u00v,基廉列克,0.2926,acceptable,
b2-takopi,章魚嗶,community-review-14-20260907,殺老師,0.2925,acceptable,
community-review-04-20260907,空條承太郎,godie-u00h,鬼畜狂刀KYO,0.2923,acceptable,
community-review-20-20260907,御坂美琴,godie-h02k,熊貓,0.2920,acceptable,
godie-h01u,呂布奉先,godie-o00k,皮卡娘,0.2919,acceptable,
godie-edem,宇智波佐助,godie-hblm,慈悲的王者－賈修貝爾,0.2917,acceptable,
b2-takopi,章魚嗶,godie-efur,揍敵客大家長－揍敵客桀諾,0.2912,acceptable,
community-review-05-20260907,洛克人,godie-n003,依文潔琳,0.2912,acceptable,
b2-nube,鵺野鳴介,godie-nplh,麻倉葉,0.2910,acceptable,
b2-zenitsu,我妻善逸,godie-hpb1,蒼月潮,0.2910,acceptable,
community-review-37-20260907,吉伊卡哇,godie-u010,飛影,0.2908,acceptable,
godie-u00j,賽菲洛斯,godie-u00l,拳四郎,0.2903,acceptable,
community-review-08-20260907,米卡莎,godie-u00h,鬼畜狂刀KYO,0.2902,acceptable,
community-review-04-20260907,空條承太郎,godie-hart,克勞德,0.2900,acceptable,
godie-n00p,南野秀一,godie-n01c,勇者小呆,0.2900,acceptable,
godie-u00n,蒙其.D.魯夫,godie-udea,飛鼠先生,0.2900,acceptable,
community-review-13-20260907,朝田詩乃,godie-h020,莉娜因巴斯,0.2899,acceptable,
b2-uncle,異世界舅舅,godie-n01c,勇者小呆,0.2898,acceptable,
community-review-14-20260907,殺老師,community-review-33-20260907,近衛刀太,0.2897,acceptable,
godie-u010,飛影,godie-u01u,索隆,0.2897,acceptable,
godie-huth,魔人普烏,godie-zombiex,聖杯黑泥醬－喪標麥可,0.2895,acceptable,
godie-huth,魔人普烏,godie-u01u,索隆,0.2891,acceptable,
community-review-25-20260907,一拳超人,godie-hvsh,Rider,0.2890,acceptable,
b2-bojji,波吉,godie-h01u,呂布奉先,0.2888,acceptable,
godie-e008,夏娜,godie-n01c,勇者小呆,0.2884,acceptable,
community-review-12-20260907,衛宮士郎,community-review-13-20260907,朝田詩乃,0.2881,acceptable,
community-review-27-20260907,庫洛魔法使,godie-edem,宇智波佐助,0.2881,acceptable,
b2-haga,羽賀,godie-n00p,南野秀一,0.2880,acceptable,
b2-goblin,哥布林殺手,b2-luckyman,幸運超人,0.2876,acceptable,
b2-bojji,波吉,b2-orphen,歐菲,0.2874,acceptable,
community-review-02-20260907,八神庵,godie-edem,宇智波佐助,0.2872,acceptable,
community-review-17-20260907,安茲·烏爾·恭,community-review-22-20260907,菜月昴,0.2869,acceptable,
community-review-08-20260907,米卡莎,community-review-23-20260907,坂田銀時,0.2865,acceptable,
community-review-34-20260907,高速婆婆,godie-etyr,木乃香,0.2864,acceptable,
community-review-08-20260907,米卡莎,godie-osam,殺生丸,0.2862,acceptable,
godie-hpb1,蒼月潮,godie-u00j,賽菲洛斯,0.2859,acceptable,
b2-goblin,哥布林殺手,b2-popp,何布,0.2856,acceptable,
community-review-12-20260907,衛宮士郎,community-review-25-20260907,一拳超人,0.2856,acceptable,
community-review-16-20260907,魔法少女☆伊莉雅,community-review-20-20260907,御坂美琴,0.2856,acceptable,
community-review-37-20260907,吉伊卡哇,godie-huth,魔人普烏,0.2854,acceptable,
b2-elma,艾爾瑪,godie-huth,魔人普烏,0.2853,acceptable,
community-review-05-20260907,洛克人,godie-emfr,涅吉,0.2853,acceptable,
godie-hblm,慈悲的王者－賈修貝爾,godie-n00p,南野秀一,0.2853,acceptable,
b2-touka,托卡・史考特,godie-h01n,黑崎一護,0.2848,acceptable,
community-review-03-20260907,不知火舞,godie-n01c,勇者小呆,0.2847,acceptable,
godie-edem,宇智波佐助,godie-u00k,死之王,0.2845,acceptable,
b2-guts,凱茲,b2-orphen,歐菲,0.2842,acceptable,
community-review-32-20260907,阿薩謝爾,godie-hblm,慈悲的王者－賈修貝爾,0.2842,acceptable,
community-review-05-20260907,洛克人,godie-udea,飛鼠先生,0.2839,acceptable,
godie-huth,魔人普烏,godie-u00k,死之王,0.2835,acceptable,
community-review-08-20260907,米卡莎,community-review-30-20260907,尼古貓貓,0.2834,acceptable,
community-review-32-20260907,阿薩謝爾,godie-u00v,基廉列克,0.2833,acceptable,
b2-elma,艾爾瑪,godie-emns,夜神月,0.2832,acceptable,
b2-haga,羽賀,community-review-22-20260907,菜月昴,0.2824,acceptable,
community-review-37-20260907,吉伊卡哇,godie-u01u,索隆,0.2822,acceptable,
b2-takopi,章魚嗶,godie-u00v,基廉列克,0.2819,acceptable,
community-review-37-20260907,吉伊卡哇,godie-hvwd,桔梗,0.2818,acceptable,
community-review-33-20260907,近衛刀太,godie-udea,飛鼠先生,0.2817,acceptable,
b2-goblin,哥布林殺手,godie-u00h,鬼畜狂刀KYO,0.2815,acceptable,
b2-zenitsu,我妻善逸,community-review-19-20260907,桐谷和人,0.2815,acceptable,
b2-matthias,馬提亞斯,godie-e00r,初號機,0.2814,acceptable,
godie-e00r,初號機,godie-u00h,鬼畜狂刀KYO,0.2813,acceptable,
godie-emns,夜神月,godie-u00l,拳四郎,0.2813,acceptable,
godie-n003,依文潔琳,godie-n00b,哆拉A夢,0.2813,acceptable,
community-review-16-20260907,魔法少女☆伊莉雅,godie-huth,魔人普烏,0.2809,acceptable,
community-review-08-20260907,米卡莎,community-review-24-20260907,奇犽,0.2806,acceptable,
community-review-20-20260907,御坂美琴,community-review-30-20260907,尼古貓貓,0.2801,acceptable,
community-review-03-20260907,不知火舞,community-review-16-20260907,魔法少女☆伊莉雅,0.2800,acceptable,
godie-e00w,櫻綻剎那,godie-n00p,南野秀一,0.2800,acceptable,
community-review-13-20260907,朝田詩乃,godie-e00w,櫻綻剎那,0.2796,acceptable,
godie-edem,宇智波佐助,godie-ubal,巴恩大魔王,0.2794,acceptable,
b2-takopi,章魚嗶,godie-u00h,鬼畜狂刀KYO,0.2784,acceptable,
b2-zenitsu,我妻善逸,community-review-14-20260907,殺老師,0.2779,acceptable,
community-review-04-20260907,空條承太郎,community-review-12-20260907,衛宮士郎,0.2773,acceptable,
community-review-12-20260907,衛宮士郎,godie-efur,揍敵客大家長－揍敵客桀諾,0.2773,acceptable,
community-review-37-20260907,吉伊卡哇,godie-hvsh,Rider,0.2773,acceptable,
community-review-03-20260907,不知火舞,godie-o00x,悟空,0.2770,acceptable,
godie-edem,宇智波佐助,godie-n01c,勇者小呆,0.2770,acceptable,
b2-bojji,波吉,community-review-01-20260907,武藤遊戲,0.2769,acceptable,
b2-haga,羽賀,godie-hpal,藤井八雲,0.2768,acceptable,
community-review-32-20260907,阿薩謝爾,godie-n003,依文潔琳,0.2766,acceptable,
b2-goblin,哥布林殺手,community-review-18-20260907,吉爾伽美什,0.2765,acceptable,
community-review-19-20260907,桐谷和人,godie-hblm,慈悲的王者－賈修貝爾,0.2765,acceptable,
community-review-22-20260907,菜月昴,godie-hpal,藤井八雲,0.2763,acceptable,
godie-udea,飛鼠先生,godie-zombiex,聖杯黑泥醬－喪標麥可,0.2763,acceptable,
b2-orphen,歐菲,godie-u00n,蒙其.D.魯夫,0.2760,acceptable,
b2-haga,羽賀,community-review-01-20260907,武藤遊戲,0.2759,acceptable,
b2-maple,梅普露,godie-o00x,悟空,0.2759,acceptable,
community-review-14-20260907,殺老師,community-review-25-20260907,一拳超人,0.2758,acceptable,
community-review-32-20260907,阿薩謝爾,godie-u00n,蒙其.D.魯夫,0.2754,acceptable,
godie-h01u,呂布奉先,godie-u00h,鬼畜狂刀KYO,0.2754,acceptable,
community-review-13-20260907,朝田詩乃,godie-n003,依文潔琳,0.2753,acceptable,
community-review-16-20260907,魔法少女☆伊莉雅,godie-u00n,蒙其.D.魯夫,0.2752,acceptable,
b2-takopi,章魚嗶,godie-u00j,賽菲洛斯,0.2751,acceptable,
godie-h02k,熊貓,godie-o00k,皮卡娘,0.2751,acceptable,
godie-e008,夏娜,godie-emfr,涅吉,0.2750,acceptable,
godie-osam,殺生丸,godie-u00l,拳四郎,0.2747,acceptable,
godie-e008,夏娜,godie-huth,魔人普烏,0.2746,acceptable,
godie-o00k,皮卡娘,godie-u00l,拳四郎,0.2743,acceptable,
godie-e002,Saber,godie-hvwd,桔梗,0.2740,acceptable,
b2-sinbad,辛巴達,community-review-25-20260907,一拳超人,0.2739,acceptable,
community-review-01-20260907,武藤遊戲,godie-e00r,初號機,0.2737,acceptable,
b2-popp,何布,godie-e00w,櫻綻剎那,0.2736,acceptable,
community-review-04-20260907,空條承太郎,godie-h01u,呂布奉先,0.2735,acceptable,
community-review-01-20260907,武藤遊戲,godie-n00p,南野秀一,0.2734,acceptable,
godie-h01n,黑崎一護,godie-u00n,蒙其.D.魯夫,0.2733,acceptable,
b2-kumoko,蜘蛛子,b2-takopi,章魚嗶,0.2732,acceptable,
godie-e001,龍宮禮奈,godie-udea,飛鼠先生,0.2728,acceptable,
godie-hvwd,桔梗,godie-n00p,南野秀一,0.2727,acceptable,
godie-huth,魔人普烏,godie-n00b,哆拉A夢,0.2725,acceptable,
b2-rin,遠坂凜,community-review-24-20260907,奇犽,0.2724,acceptable,
b2-kumoko,蜘蛛子,godie-u00n,蒙其.D.魯夫,0.2723,acceptable,
b2-rem,蕾姆,godie-emfr,涅吉,0.2722,acceptable,
community-review-04-20260907,空條承太郎,godie-ubal,巴恩大魔王,0.2720,acceptable,
b2-maple,梅普露,community-review-16-20260907,魔法少女☆伊莉雅,0.2716,acceptable,
community-review-13-20260907,朝田詩乃,community-review-32-20260907,阿薩謝爾,0.2715,acceptable,
b2-rin,遠坂凜,godie-edem,宇智波佐助,0.2713,acceptable,
godie-edem,宇智波佐助,godie-u00l,拳四郎,0.2711,acceptable,
community-review-12-20260907,衛宮士郎,godie-e007,天地志狼,0.2710,acceptable,
community-review-32-20260907,阿薩謝爾,godie-huth,魔人普烏,0.2710,acceptable,
godie-e007,天地志狼,godie-h01n,黑崎一護,0.2707,acceptable,
b2-boxxo,阿箱＋拉蜜絲,b2-maple,梅普露,0.2706,acceptable,
community-review-27-20260907,庫洛魔法使,godie-emfr,涅吉,0.2705,acceptable,
godie-hblm,慈悲的王者－賈修貝爾,godie-u010,飛影,0.2705,acceptable,
godie-o00x,悟空,godie-u00v,基廉列克,0.2703,acceptable,
godie-edem,宇智波佐助,godie-h01n,黑崎一護,0.2698,acceptable,
godie-emfr,涅吉,godie-n003,依文潔琳,0.2698,acceptable,
community-review-24-20260907,奇犽,community-review-30-20260907,尼古貓貓,0.2697,acceptable,
b2-zenitsu,我妻善逸,godie-hart,克勞德,0.2696,acceptable,
community-review-33-20260907,近衛刀太,godie-e008,夏娜,0.2696,acceptable,
godie-h00l,林克,godie-u01u,索隆,0.2693,acceptable,
b2-rin,遠坂凜,community-review-30-20260907,尼古貓貓,0.2692,acceptable,
b2-rem,蕾姆,community-review-34-20260907,高速婆婆,0.2690,acceptable,
community-review-08-20260907,米卡莎,community-review-14-20260907,殺老師,0.2688,acceptable,
godie-e008,夏娜,godie-hblm,慈悲的王者－賈修貝爾,0.2687,acceptable,
b2-rin,遠坂凜,godie-huth,魔人普烏,0.2686,acceptable,
community-review-15-20260907,比利海靈頓,godie-u00j,賽菲洛斯,0.2686,acceptable,
godie-e00r,初號機,godie-u00j,賽菲洛斯,0.2686,acceptable,
community-review-30-20260907,尼古貓貓,godie-e008,夏娜,0.2683,acceptable,
b2-orphen,歐菲,godie-o00k,皮卡娘,0.2682,acceptable,
community-review-25-20260907,一拳超人,godie-h01n,黑崎一護,0.2682,acceptable,
community-review-12-20260907,衛宮士郎,community-review-19-20260907,桐谷和人,0.2675,acceptable,
b2-orphen,歐菲,godie-hart,克勞德,0.2674,acceptable,
godie-h020,莉娜因巴斯,godie-h02k,熊貓,0.2674,acceptable,
community-review-02-20260907,八神庵,godie-emns,夜神月,0.2672,acceptable,
godie-emfr,涅吉,godie-h01n,黑崎一護,0.2671,acceptable,
b2-luckyman,幸運超人,b2-zenitsu,我妻善逸,0.2669,acceptable,
godie-hvsh,Rider,godie-u00v,基廉列克,0.2667,acceptable,
community-review-30-20260907,尼古貓貓,community-review-33-20260907,近衛刀太,0.2666,acceptable,
godie-hart,克勞德,godie-u00h,鬼畜狂刀KYO,0.2666,acceptable,
b2-rem,蕾姆,godie-huth,魔人普烏,0.2664,acceptable,
community-review-01-20260907,武藤遊戲,godie-hapm,Berserker,0.2664,acceptable,
community-review-27-20260907,庫洛魔法使,godie-u00j,賽菲洛斯,0.2664,acceptable,
godie-n01c,勇者小呆,godie-u00j,賽菲洛斯,0.2664,acceptable,
godie-e007,天地志狼,godie-edem,宇智波佐助,0.2662,acceptable,
godie-e002,Saber,godie-e008,夏娜,0.2661,acceptable,
community-review-24-20260907,奇犽,godie-n003,依文潔琳,0.2660,acceptable,
community-review-30-20260907,尼古貓貓,godie-n01c,勇者小呆,0.2660,acceptable,
b2-kumoko,蜘蛛子,godie-emfr,涅吉,0.2657,acceptable,
community-review-30-20260907,尼古貓貓,godie-edem,宇智波佐助,0.2655,acceptable,
godie-edem,宇智波佐助,godie-n00p,南野秀一,0.2654,acceptable,
godie-emfr,涅吉,godie-udea,飛鼠先生,0.2654,acceptable,
community-review-01-20260907,武藤遊戲,community-review-13-20260907,朝田詩乃,0.2650,acceptable,
b2-boxxo,阿箱＋拉蜜絲,godie-h01n,黑崎一護,0.2647,acceptable,
b2-rin,遠坂凜,b2-touka,托卡・史考特,0.2647,acceptable,
b2-uncle,異世界舅舅,godie-n00p,南野秀一,0.2646,acceptable,
community-review-33-20260907,近衛刀太,godie-h020,莉娜因巴斯,0.2646,acceptable,
b2-zenitsu,我妻善逸,godie-e007,天地志狼,0.2645,acceptable,
community-review-27-20260907,庫洛魔法使,godie-h02k,熊貓,0.2645,acceptable,
b2-luckyman,幸運超人,b2-touka,托卡・史考特,0.2643,acceptable,
b2-sinbad,辛巴達,b2-uncle,異世界舅舅,0.2643,acceptable,
community-review-27-20260907,庫洛魔法使,godie-emns,夜神月,0.2643,acceptable,
godie-emns,夜神月,godie-u010,飛影,0.2636,acceptable,
b2-boxxo,阿箱＋拉蜜絲,b2-zenitsu,我妻善逸,0.2633,acceptable,
godie-emfr,涅吉,godie-n01c,勇者小呆,0.2633,acceptable,
godie-hpal,藤井八雲,godie-n00p,南野秀一,0.2631,acceptable,
community-review-24-20260907,奇犽,godie-nplh,麻倉葉,0.2630,acceptable,
b2-touka,托卡・史考特,godie-u00n,蒙其.D.魯夫,0.2629,acceptable,
community-review-32-20260907,阿薩謝爾,godie-o00k,皮卡娘,0.2629,acceptable,
community-review-02-20260907,八神庵,godie-u00h,鬼畜狂刀KYO,0.2628,acceptable,
community-review-05-20260907,洛克人,community-review-14-20260907,殺老師,0.2628,acceptable,
community-review-05-20260907,洛克人,godie-hblm,慈悲的王者－賈修貝爾,0.2627,acceptable,
b2-kumoko,蜘蛛子,godie-huth,魔人普烏,0.2626,acceptable,
b2-kumoko,蜘蛛子,community-review-33-20260907,近衛刀太,0.2625,acceptable,
b2-boxxo,阿箱＋拉蜜絲,b2-orphen,歐菲,0.2624,acceptable,
community-review-25-20260907,一拳超人,godie-u01u,索隆,0.2624,acceptable,
community-review-13-20260907,朝田詩乃,godie-o00l,傑洛士,0.2622,acceptable,
b2-uncle,異世界舅舅,community-review-32-20260907,阿薩謝爾,0.2620,acceptable,
b2-bojji,波吉,godie-ubal,巴恩大魔王,0.2619,acceptable,
community-review-05-20260907,洛克人,community-review-13-20260907,朝田詩乃,0.2619,acceptable,
b2-uncle,異世界舅舅,community-review-08-20260907,米卡莎,0.2618,acceptable,
community-review-14-20260907,殺老師,godie-emfr,涅吉,0.2618,acceptable,
community-review-01-20260907,武藤遊戲,godie-e007,天地志狼,0.2617,acceptable,
godie-emns,夜神月,godie-h01n,黑崎一護,0.2613,acceptable,
godie-e001,龍宮禮奈,godie-n01c,勇者小呆,0.2611,acceptable,
godie-h01n,黑崎一護,godie-hblm,慈悲的王者－賈修貝爾,0.2611,acceptable,
godie-emns,夜神月,godie-udea,飛鼠先生,0.2609,acceptable,
community-review-16-20260907,魔法少女☆伊莉雅,godie-nplh,麻倉葉,0.2607,acceptable,
b2-nube,鵺野鳴介,community-review-33-20260907,近衛刀太,0.2606,acceptable,
b2-touka,托卡・史考特,godie-zombiex,聖杯黑泥醬－喪標麥可,0.2606,acceptable,
b2-zenitsu,我妻善逸,godie-orkn,臭作,0.2606,acceptable,
community-review-03-20260907,不知火舞,community-review-33-20260907,近衛刀太,0.2606,acceptable,
community-review-12-20260907,衛宮士郎,community-review-23-20260907,坂田銀時,0.2605,acceptable,
b2-haga,羽賀,godie-u00l,拳四郎,0.2603,acceptable,
godie-h02r,妙蛙花,godie-u00k,死之王,0.2600,acceptable,
b2-touka,托卡・史考特,godie-edem,宇智波佐助,0.2599,acceptable,
godie-o00x,悟空,godie-u010,飛影,0.2599,acceptable,
b2-elma,艾爾瑪,b2-orphen,歐菲,0.2597,acceptable,
community-review-14-20260907,殺老師,godie-zombiex,聖杯黑泥醬－喪標麥可,0.2596,acceptable,
b2-rem,蕾姆,community-review-03-20260907,不知火舞,0.2595,acceptable,
b2-boxxo,阿箱＋拉蜜絲,godie-u00v,基廉列克,0.2593,acceptable,
b2-boxxo,阿箱＋拉蜜絲,godie-emns,夜神月,0.2592,acceptable,
community-review-17-20260907,安茲·烏爾·恭,godie-u00j,賽菲洛斯,0.2592,acceptable,
godie-n00p,南野秀一,godie-u00l,拳四郎,0.2591,acceptable,
community-review-37-20260907,吉伊卡哇,godie-hpal,藤井八雲,0.2588,acceptable,
b2-boxxo,阿箱＋拉蜜絲,godie-o00l,傑洛士,0.2587,acceptable,
community-review-16-20260907,魔法少女☆伊莉雅,community-review-30-20260907,尼古貓貓,0.2584,acceptable,
godie-u00h,鬼畜狂刀KYO,godie-u00v,基廉列克,0.2582,acceptable,
b2-kumoko,蜘蛛子,godie-n01c,勇者小呆,0.2579,acceptable,
godie-e00w,櫻綻剎那,godie-hvwd,桔梗,0.2576,acceptable,
community-review-17-20260907,安茲·烏爾·恭,godie-h01n,黑崎一護,0.2575,acceptable,
b2-touka,托卡・史考特,community-review-27-20260907,庫洛魔法使,0.2573,acceptable,
b2-sinbad,辛巴達,godie-n00p,南野秀一,0.2572,acceptable,
godie-e00w,櫻綻剎那,godie-emfr,涅吉,0.2572,acceptable,
b2-uncle,異世界舅舅,godie-u01u,索隆,0.2571,acceptable,
b2-haga,羽賀,b2-uncle,異世界舅舅,0.2570,acceptable,
community-review-23-20260907,坂田銀時,godie-o00l,傑洛士,0.2570,acceptable,
b2-haga,羽賀,godie-hpb1,蒼月潮,0.2567,acceptable,
godie-e00r,初號機,godie-zombiex,聖杯黑泥醬－喪標麥可,0.2566,acceptable,
godie-efur,揍敵客大家長－揍敵客桀諾,godie-u01u,索隆,0.2566,acceptable,
godie-h01n,黑崎一護,godie-u00j,賽菲洛斯,0.2566,acceptable,
b2-touka,托卡・史考特,community-review-22-20260907,菜月昴,0.2565,acceptable,
community-review-22-20260907,菜月昴,godie-n00p,南野秀一,0.2565,acceptable,
godie-n01c,勇者小呆,godie-u00n,蒙其.D.魯夫,0.2565,acceptable,
godie-n003,依文潔琳,godie-n00p,南野秀一,0.2564,acceptable,
b2-maple,梅普露,community-review-24-20260907,奇犽,0.2563,acceptable,
b2-touka,托卡・史考特,godie-h01u,呂布奉先,0.2563,acceptable,
b2-sinbad,辛巴達,community-review-18-20260907,吉爾伽美什,0.2559,acceptable,
b2-boxxo,阿箱＋拉蜜絲,godie-e008,夏娜,0.2558,acceptable,
b2-goblin,哥布林殺手,godie-o00l,傑洛士,0.2558,acceptable,
community-review-37-20260907,吉伊卡哇,godie-h020,莉娜因巴斯,0.2558,acceptable,
b2-boxxo,阿箱＋拉蜜絲,godie-e00k,安云,0.2555,acceptable,
community-review-01-20260907,武藤遊戲,godie-hblm,慈悲的王者－賈修貝爾,0.2553,acceptable,
godie-n003,依文潔琳,godie-o00k,皮卡娘,0.2552,acceptable,
godie-n003,依文潔琳,godie-u00n,蒙其.D.魯夫,0.2552,acceptable,
b2-rem,蕾姆,godie-h02k,熊貓,0.2550,acceptable,
b2-touka,托卡・史考特,godie-n00p,南野秀一,0.2550,acceptable,
b2-uncle,異世界舅舅,godie-o00x,悟空,0.2550,acceptable,
b2-goblin,哥布林殺手,community-review-08-20260907,米卡莎,0.2548,acceptable,
community-review-04-20260907,空條承太郎,godie-o00l,傑洛士,0.2548,acceptable,
b2-boxxo,阿箱＋拉蜜絲,b2-matthias,馬提亞斯,0.2545,acceptable,
godie-h01u,呂布奉先,godie-ubal,巴恩大魔王,0.2542,acceptable,
godie-hblm,慈悲的王者－賈修貝爾,godie-huth,魔人普烏,0.2541,acceptable,
b2-sinbad,辛巴達,godie-u00h,鬼畜狂刀KYO,0.2539,acceptable,
community-review-14-20260907,殺老師,community-review-32-20260907,阿薩謝爾,0.2538,acceptable,
godie-emns,夜神月,godie-etyr,木乃香,0.2537,acceptable,
community-review-13-20260907,朝田詩乃,community-review-19-20260907,桐谷和人,0.2533,acceptable,
community-review-12-20260907,衛宮士郎,godie-e00k,安云,0.2532,acceptable,
godie-n00b,哆拉A夢,godie-u00v,基廉列克,0.2529,acceptable,
community-review-01-20260907,武藤遊戲,community-review-22-20260907,菜月昴,0.2528,acceptable,
godie-etyr,木乃香,godie-nplh,麻倉葉,0.2528,acceptable,
b2-touka,托卡・史考特,community-review-13-20260907,朝田詩乃,0.2527,acceptable,
b2-boxxo,阿箱＋拉蜜絲,godie-n01c,勇者小呆,0.2525,acceptable,
godie-nplh,麻倉葉,godie-o00l,傑洛士,0.2525,acceptable,
godie-h020,莉娜因巴斯,godie-huth,魔人普烏,0.2524,acceptable,
community-review-30-20260907,尼古貓貓,godie-udea,飛鼠先生,0.2523,acceptable,
community-review-13-20260907,朝田詩乃,godie-n00b,哆拉A夢,0.2520,acceptable,
community-review-18-20260907,吉爾伽美什,community-review-37-20260907,吉伊卡哇,0.2520,acceptable,
b2-takopi,章魚嗶,godie-edem,宇智波佐助,0.2519,acceptable,
community-review-19-20260907,桐谷和人,community-review-25-20260907,一拳超人,0.2518,acceptable,
community-review-08-20260907,米卡莎,godie-nplh,麻倉葉,0.2517,acceptable,
community-review-19-20260907,桐谷和人,godie-u00h,鬼畜狂刀KYO,0.2515,acceptable,
godie-h01n,黑崎一護,godie-u00v,基廉列克,0.2513,acceptable,
b2-takopi,章魚嗶,b2-uncle,異世界舅舅,0.2512,acceptable,
b2-popp,何布,community-review-04-20260907,空條承太郎,0.2509,acceptable,
community-review-17-20260907,安茲·烏爾·恭,godie-n00p,南野秀一,0.2509,acceptable,
godie-h020,莉娜因巴斯,godie-u00v,基廉列克,0.2508,acceptable,
community-review-20-20260907,御坂美琴,godie-n01c,勇者小呆,0.2506,acceptable,
godie-edem,宇智波佐助,godie-o00x,悟空,0.2506,acceptable,
community-review-08-20260907,米卡莎,godie-emfr,涅吉,0.2505,acceptable,
godie-o00l,傑洛士,godie-osam,殺生丸,0.2505,acceptable,
b2-sinbad,辛巴達,community-review-30-20260907,尼古貓貓,0.2503,acceptable,
godie-h020,莉娜因巴斯,godie-hblm,慈悲的王者－賈修貝爾,0.2503,acceptable,
community-review-32-20260907,阿薩謝爾,godie-o00x,悟空,0.2502,acceptable,
b2-popp,何布,godie-e00r,初號機,0.2501,acceptable,
community-review-01-20260907,武藤遊戲,community-review-24-20260907,奇犽,0.2500,acceptable,
b2-touka,托卡・史考特,godie-n01c,勇者小呆,0.2499,acceptable,
community-review-14-20260907,殺老師,community-review-34-20260907,高速婆婆,0.2498,acceptable,
godie-h00l,林克,godie-u00l,拳四郎,0.2498,acceptable,
community-review-04-20260907,空條承太郎,godie-hpb1,蒼月潮,0.2496,acceptable,
community-review-20-20260907,御坂美琴,godie-n00b,哆拉A夢,0.2496,acceptable,
b2-touka,托卡・史考特,community-review-03-20260907,不知火舞,0.2495,acceptable,
community-review-18-20260907,吉爾伽美什,godie-u00v,基廉列克,0.2495,acceptable,
community-review-01-20260907,武藤遊戲,community-review-14-20260907,殺老師,0.2493,acceptable,
godie-etyr,木乃香,godie-n01c,勇者小呆,0.2491,acceptable,
b2-rem,蕾姆,b2-zenitsu,我妻善逸,0.2488,acceptable,
b2-takopi,章魚嗶,godie-ogld,黑人牙膏,0.2486,acceptable,
community-review-12-20260907,衛宮士郎,godie-n00p,南野秀一,0.2486,acceptable,
godie-h02k,熊貓,godie-nplh,麻倉葉,0.2486,acceptable,
community-review-03-20260907,不知火舞,godie-h01u,呂布奉先,0.2483,acceptable,
godie-u00k,死之王,godie-u01u,索隆,0.2483,acceptable,
b2-luckyman,幸運超人,community-review-19-20260907,桐谷和人,0.2482,acceptable,
b2-uncle,異世界舅舅,godie-osam,殺生丸,0.2481,acceptable,
godie-efur,揍敵客大家長－揍敵客桀諾,godie-u00v,基廉列克,0.2480,acceptable,
b2-sinbad,辛巴達,community-review-13-20260907,朝田詩乃,0.2478,acceptable,
community-review-25-20260907,一拳超人,godie-h01u,呂布奉先,0.2473,acceptable,
godie-h00l,林克,godie-n00p,南野秀一,0.2473,acceptable,
godie-n003,依文潔琳,godie-o00x,悟空,0.2473,acceptable,
b2-boxxo,阿箱＋拉蜜絲,godie-u00h,鬼畜狂刀KYO,0.2469,acceptable,
b2-kumoko,蜘蛛子,godie-e00k,安云,0.2468,acceptable,
community-review-22-20260907,菜月昴,godie-u00h,鬼畜狂刀KYO,0.2468,acceptable,
community-review-17-20260907,安茲·烏爾·恭,godie-o00l,傑洛士,0.2467,acceptable,
b2-touka,托卡・史考特,community-review-05-20260907,洛克人,0.2462,acceptable,
b2-maple,梅普露,godie-o00l,傑洛士,0.2459,acceptable,
community-review-03-20260907,不知火舞,godie-h020,莉娜因巴斯,0.2459,acceptable,
community-review-14-20260907,殺老師,godie-u00v,基廉列克,0.2456,acceptable,
godie-h01u,呂布奉先,godie-u00k,死之王,0.2455,acceptable,
b2-sinbad,辛巴達,godie-ubal,巴恩大魔王,0.2451,acceptable,
godie-e007,天地志狼,godie-hvwd,桔梗,0.2450,acceptable,
godie-efur,揍敵客大家長－揍敵客桀諾,godie-hapm,Berserker,0.2450,acceptable,
godie-emns,夜神月,godie-o02p,初音,0.2450,acceptable,
community-review-12-20260907,衛宮士郎,godie-osam,殺生丸,0.2449,acceptable,
community-review-22-20260907,菜月昴,community-review-23-20260907,坂田銀時,0.2449,acceptable,
godie-n01c,勇者小呆,godie-udea,飛鼠先生,0.2449,acceptable,
b2-orphen,歐菲,godie-h01n,黑崎一護,0.2447,acceptable,
godie-hpal,藤井八雲,godie-hvsh,Rider,0.2445,acceptable,
community-review-34-20260907,高速婆婆,godie-h01u,呂布奉先,0.2443,acceptable,
godie-efur,揍敵客大家長－揍敵客桀諾,godie-ubal,巴恩大魔王,0.2443,acceptable,
community-review-23-20260907,坂田銀時,godie-u00h,鬼畜狂刀KYO,0.2441,acceptable,
godie-e001,龍宮禮奈,godie-huth,魔人普烏,0.2441,acceptable,
b2-nube,鵺野鳴介,b2-takopi,章魚嗶,0.2440,acceptable,
community-review-02-20260907,八神庵,godie-h01n,黑崎一護,0.2440,acceptable,
b2-kumoko,蜘蛛子,community-review-34-20260907,高速婆婆,0.2437,acceptable,
b2-matthias,馬提亞斯,godie-n003,依文潔琳,0.2437,acceptable,
community-review-22-20260907,菜月昴,godie-e002,Saber,0.2436,acceptable,
godie-h01n,黑崎一護,godie-osam,殺生丸,0.2436,acceptable,
godie-o00k,皮卡娘,godie-u010,飛影,0.2436,acceptable,
community-review-02-20260907,八神庵,community-review-04-20260907,空條承太郎,0.2434,acceptable,
godie-o00l,傑洛士,godie-u00n,蒙其.D.魯夫,0.2434,acceptable,
b2-guts,凱茲,godie-h02k,熊貓,0.2433,acceptable,
godie-hblm,慈悲的王者－賈修貝爾,godie-ofar,皮卡丘,0.2433,acceptable,
b2-goblin,哥布林殺手,b2-sinbad,辛巴達,0.2428,acceptable,
community-review-01-20260907,武藤遊戲,godie-hvwd,桔梗,0.2426,acceptable,
godie-hvsh,Rider,godie-osam,殺生丸,0.2426,acceptable,
b2-boxxo,阿箱＋拉蜜絲,godie-h020,莉娜因巴斯,0.2425,acceptable,
b2-luckyman,幸運超人,godie-u00l,拳四郎,0.2422,acceptable,
community-review-05-20260907,洛克人,godie-o00k,皮卡娘,0.2421,acceptable,
b2-matthias,馬提亞斯,godie-udea,飛鼠先生,0.2420,acceptable,
community-review-13-20260907,朝田詩乃,godie-hvwd,桔梗,0.2420,acceptable,
godie-emfr,涅吉,godie-n00b,哆拉A夢,0.2419,acceptable,
godie-hblm,慈悲的王者－賈修貝爾,godie-o00x,悟空,0.2418,acceptable,
b2-luckyman,幸運超人,godie-hapm,Berserker,0.2417,acceptable,
b2-orphen,歐菲,godie-h00l,林克,0.2417,acceptable,
godie-hart,克勞德,godie-u00l,拳四郎,0.2416,acceptable,
godie-hart,克勞德,godie-hblm,慈悲的王者－賈修貝爾,0.2415,acceptable,
b2-uncle,異世界舅舅,godie-u00n,蒙其.D.魯夫,0.2414,acceptable,
godie-h01u,呂布奉先,godie-n01c,勇者小呆,0.2414,acceptable,
godie-nplh,麻倉葉,godie-udea,飛鼠先生,0.2413,acceptable,
godie-o00k,皮卡娘,godie-u01u,索隆,0.2411,acceptable,
b2-nube,鵺野鳴介,community-review-34-20260907,高速婆婆,0.2409,acceptable,
b2-zenitsu,我妻善逸,community-review-17-20260907,安茲·烏爾·恭,0.2409,acceptable,
b2-orphen,歐菲,godie-hpal,藤井八雲,0.2408,acceptable,
community-review-37-20260907,吉伊卡哇,godie-u00l,拳四郎,0.2408,acceptable,
b2-haga,羽賀,godie-e00r,初號機,0.2407,acceptable,
b2-touka,托卡・史考特,godie-h020,莉娜因巴斯,0.2405,acceptable,
community-review-13-20260907,朝田詩乃,godie-h01n,黑崎一護,0.2405,acceptable,
godie-u00j,賽菲洛斯,godie-u01u,索隆,0.2405,acceptable,
b2-luckyman,幸運超人,community-review-12-20260907,衛宮士郎,0.2400,acceptable,
b2-zenitsu,我妻善逸,godie-osam,殺生丸,0.2399,acceptable,
godie-e00r,初號機,godie-ubal,巴恩大魔王,0.2396,acceptable,
godie-hpb1,蒼月潮,godie-orkn,臭作,0.2396,acceptable,
b2-sinbad,辛巴達,godie-emns,夜神月,0.2394,acceptable,
community-review-20-20260907,御坂美琴,godie-hvwd,桔梗,0.2394,acceptable,
community-review-25-20260907,一拳超人,godie-e002,Saber,0.2394,acceptable,
community-review-19-20260907,桐谷和人,godie-udea,飛鼠先生,0.2393,acceptable,
b2-takopi,章魚嗶,godie-ubal,巴恩大魔王,0.2392,acceptable,
b2-zenitsu,我妻善逸,godie-u00l,拳四郎,0.2392,acceptable,
community-review-02-20260907,八神庵,community-review-17-20260907,安茲·烏爾·恭,0.2391,acceptable,
godie-h01n,黑崎一護,godie-huth,魔人普烏,0.2391,acceptable,
b2-bojji,波吉,godie-e00w,櫻綻剎那,0.2389,acceptable,
community-review-08-20260907,米卡莎,godie-hvwd,桔梗,0.2388,acceptable,
b2-popp,何布,community-review-14-20260907,殺老師,0.2387,acceptable,
community-review-30-20260907,尼古貓貓,godie-o00x,悟空,0.2387,acceptable,
community-review-33-20260907,近衛刀太,godie-u00v,基廉列克,0.2383,acceptable,
community-review-08-20260907,米卡莎,godie-h01u,呂布奉先,0.2382,acceptable,
community-review-14-20260907,殺老師,godie-etyr,木乃香,0.2380,acceptable,
b2-elma,艾爾瑪,godie-e00r,初號機,0.2379,acceptable,
b2-kumoko,蜘蛛子,godie-o00k,皮卡娘,0.2377,acceptable,
community-review-13-20260907,朝田詩乃,godie-hapm,Berserker,0.2376,acceptable,
godie-hart,克勞德,godie-hpal,藤井八雲,0.2376,acceptable,
b2-matthias,馬提亞斯,community-review-24-20260907,奇犽,0.2372,acceptable,
godie-hvwd,桔梗,godie-osam,殺生丸,0.2372,acceptable,
godie-h020,莉娜因巴斯,godie-u00n,蒙其.D.魯夫,0.2371,acceptable,
b2-popp,何布,godie-hpb1,蒼月潮,0.2370,acceptable,
b2-kumoko,蜘蛛子,godie-h02k,熊貓,0.2368,acceptable,
b2-uncle,異世界舅舅,godie-hpb1,蒼月潮,0.2367,acceptable,
community-review-23-20260907,坂田銀時,godie-n00p,南野秀一,0.2366,acceptable,
community-review-25-20260907,一拳超人,godie-e00w,櫻綻剎那,0.2364,acceptable,
b2-luckyman,幸運超人,b2-orphen,歐菲,0.2362,acceptable,
godie-e00k,安云,godie-o00x,悟空,0.2361,acceptable,
b2-maple,梅普露,b2-zenitsu,我妻善逸,0.2360,acceptable,
b2-maple,梅普露,godie-hblm,慈悲的王者－賈修貝爾,0.2359,acceptable,
b2-guts,凱茲,godie-u00l,拳四郎,0.2358,acceptable,
godie-hblm,慈悲的王者－賈修貝爾,godie-hvwd,桔梗,0.2356,acceptable,
community-review-03-20260907,不知火舞,godie-hblm,慈悲的王者－賈修貝爾,0.2355,acceptable,
community-review-22-20260907,菜月昴,godie-hart,克勞德,0.2355,acceptable,
godie-edem,宇智波佐助,godie-hpb1,蒼月潮,0.2354,acceptable,
b2-touka,托卡・史考特,godie-e00r,初號機,0.2352,acceptable,
community-review-37-20260907,吉伊卡哇,godie-n00b,哆拉A夢,0.2351,acceptable,
b2-takopi,章魚嗶,godie-udea,飛鼠先生,0.2350,acceptable,
godie-etyr,木乃香,godie-u00h,鬼畜狂刀KYO,0.2347,acceptable,
community-review-08-20260907,米卡莎,godie-n01c,勇者小呆,0.2346,acceptable,
community-review-25-20260907,一拳超人,godie-e00k,安云,0.2346,acceptable,
b2-touka,托卡・史考特,community-review-33-20260907,近衛刀太,0.2345,acceptable,
godie-nplh,麻倉葉,godie-u00v,基廉列克,0.2345,acceptable,
community-review-24-20260907,奇犽,godie-o00k,皮卡娘,0.2344,acceptable,
godie-n01c,勇者小呆,godie-u00l,拳四郎,0.2344,acceptable,
godie-huth,魔人普烏,godie-n003,依文潔琳,0.2342,acceptable,
community-review-27-20260907,庫洛魔法使,godie-h00l,林克,0.2341,acceptable,
b2-orphen,歐菲,godie-u010,飛影,0.2340,acceptable,
b2-kumoko,蜘蛛子,godie-u010,飛影,0.2339,acceptable,
b2-luckyman,幸運超人,community-review-37-20260907,吉伊卡哇,0.2337,acceptable,
community-review-17-20260907,安茲·烏爾·恭,community-review-18-20260907,吉爾伽美什,0.2336,acceptable,
b2-haga,羽賀,godie-u00v,基廉列克,0.2334,acceptable,
b2-boxxo,阿箱＋拉蜜絲,godie-h02k,熊貓,0.2333,acceptable,
b2-zenitsu,我妻善逸,community-review-04-20260907,空條承太郎,0.2333,acceptable,
b2-guts,凱茲,godie-u01u,索隆,0.2331,acceptable,
community-review-17-20260907,安茲·烏爾·恭,godie-hpb1,蒼月潮,0.2331,acceptable,
godie-h01u,呂布奉先,godie-n00p,南野秀一,0.2330,acceptable,
b2-orphen,歐菲,b2-touka,托卡・史考特,0.2327,acceptable,
b2-uncle,異世界舅舅,godie-u00h,鬼畜狂刀KYO,0.2325,acceptable,
b2-touka,托卡・史考特,community-review-23-20260907,坂田銀時,0.2324,acceptable,
godie-efur,揍敵客大家長－揍敵客桀諾,godie-h01n,黑崎一護,0.2324,acceptable,
community-review-16-20260907,魔法少女☆伊莉雅,godie-h020,莉娜因巴斯,0.2323,acceptable,
godie-h00l,林克,godie-h01u,呂布奉先,0.2323,acceptable,
godie-e00w,櫻綻剎那,godie-hart,克勞德,0.2322,acceptable,
community-review-27-20260907,庫洛魔法使,godie-zombiex,聖杯黑泥醬－喪標麥可,0.2319,acceptable,
community-review-33-20260907,近衛刀太,godie-e00k,安云,0.2319,acceptable,
godie-u00h,鬼畜狂刀KYO,godie-u00l,拳四郎,0.2317,acceptable,
community-review-01-20260907,武藤遊戲,community-review-17-20260907,安茲·烏爾·恭,0.2315,acceptable,
community-review-01-20260907,武藤遊戲,community-review-04-20260907,空條承太郎,0.2314,acceptable,
community-review-25-20260907,一拳超人,godie-o00k,皮卡娘,0.2314,acceptable,
community-review-33-20260907,近衛刀太,godie-hvwd,桔梗,0.2314,acceptable,
godie-e00w,櫻綻剎那,godie-hblm,慈悲的王者－賈修貝爾,0.2314,acceptable,
godie-o00l,傑洛士,godie-u00h,鬼畜狂刀KYO,0.2312,acceptable,
community-review-19-20260907,桐谷和人,godie-hart,克勞德,0.2311,acceptable,
community-review-24-20260907,奇犽,godie-udea,飛鼠先生,0.2311,acceptable,
community-review-04-20260907,空條承太郎,godie-hpal,藤井八雲,0.2309,acceptable,
godie-h020,莉娜因巴斯,godie-o00k,皮卡娘,0.2308,acceptable,
community-review-16-20260907,魔法少女☆伊莉雅,community-review-34-20260907,高速婆婆,0.2307,acceptable,
community-review-03-20260907,不知火舞,godie-u00k,死之王,0.2306,acceptable,
godie-h00l,林克,godie-h01n,黑崎一護,0.2306,acceptable,
b2-popp,何布,godie-h01n,黑崎一護,0.2299,acceptable,
community-review-03-20260907,不知火舞,godie-e008,夏娜,0.2297,acceptable,
godie-hart,克勞德,godie-u00n,蒙其.D.魯夫,0.2297,acceptable,
b2-nube,鵺野鳴介,community-review-24-20260907,奇犽,0.2296,acceptable,
community-review-13-20260907,朝田詩乃,godie-e007,天地志狼,0.2296,acceptable,
community-review-30-20260907,尼古貓貓,godie-e002,Saber,0.2295,acceptable,
b2-haga,羽賀,b2-orphen,歐菲,0.2294,acceptable,
community-review-04-20260907,空條承太郎,community-review-37-20260907,吉伊卡哇,0.2294,acceptable,
community-review-30-20260907,尼古貓貓,godie-hblm,慈悲的王者－賈修貝爾,0.2294,acceptable,
godie-hvsh,Rider,godie-u00l,拳四郎,0.2293,acceptable,
b2-kumoko,蜘蛛子,godie-hblm,慈悲的王者－賈修貝爾,0.2290,acceptable,
community-review-08-20260907,米卡莎,community-review-33-20260907,近衛刀太,0.2290,acceptable,
community-review-13-20260907,朝田詩乃,godie-n01c,勇者小呆,0.2290,acceptable,
b2-goblin,哥布林殺手,godie-u00l,拳四郎,0.2287,acceptable,
b2-sinbad,辛巴達,godie-h01n,黑崎一護,0.2284,acceptable,
godie-edem,宇智波佐助,godie-udea,飛鼠先生,0.2282,acceptable,
b2-haga,羽賀,community-review-14-20260907,殺老師,0.2279,acceptable,
community-review-18-20260907,吉爾伽美什,godie-u00h,鬼畜狂刀KYO,0.2278,acceptable,
community-review-37-20260907,吉伊卡哇,godie-h01n,黑崎一護,0.2278,acceptable,
b2-haga,羽賀,godie-ubal,巴恩大魔王,0.2277,acceptable,
community-review-03-20260907,不知火舞,godie-edem,宇智波佐助,0.2276,acceptable,
godie-o00x,悟空,godie-u00k,死之王,0.2276,acceptable,
b2-haga,羽賀,godie-h01n,黑崎一護,0.2274,acceptable,
community-review-33-20260907,近衛刀太,godie-e00r,初號機,0.2274,acceptable,
community-review-02-20260907,八神庵,community-review-27-20260907,庫洛魔法使,0.2270,acceptable,
b2-touka,托卡・史考特,godie-u01u,索隆,0.2269,acceptable,
godie-hapm,Berserker,godie-u00h,鬼畜狂刀KYO,0.2268,acceptable,
b2-sinbad,辛巴達,community-review-33-20260907,近衛刀太,0.2267,acceptable,
community-review-27-20260907,庫洛魔法使,community-review-30-20260907,尼古貓貓,0.2267,acceptable,
godie-emns,夜神月,godie-zombiex,聖杯黑泥醬－喪標麥可,0.2267,acceptable,
b2-rin,遠坂凜,godie-u00n,蒙其.D.魯夫,0.2265,acceptable,
community-review-34-20260907,高速婆婆,godie-u00n,蒙其.D.魯夫,0.2265,acceptable,
b2-rin,遠坂凜,community-review-33-20260907,近衛刀太,0.2264,acceptable,
community-review-16-20260907,魔法少女☆伊莉雅,godie-udea,飛鼠先生,0.2262,acceptable,
godie-hart,克勞德,godie-u00j,賽菲洛斯,0.2261,acceptable,
godie-hpal,藤井八雲,godie-u00l,拳四郎,0.2260,acceptable,
godie-emns,夜神月,godie-u00j,賽菲洛斯,0.2257,acceptable,
b2-rin,遠坂凜,godie-h01n,黑崎一護,0.2256,acceptable,
b2-takopi,章魚嗶,godie-h02k,熊貓,0.2256,acceptable,
community-review-18-20260907,吉爾伽美什,godie-emfr,涅吉,0.2256,acceptable,
godie-h020,莉娜因巴斯,godie-n01c,勇者小呆,0.2252,acceptable,
community-review-23-20260907,坂田銀時,community-review-37-20260907,吉伊卡哇,0.2250,acceptable,
community-review-30-20260907,尼古貓貓,godie-n00p,南野秀一,0.2250,acceptable,
community-review-34-20260907,高速婆婆,godie-u00h,鬼畜狂刀KYO,0.2250,acceptable,
godie-huth,魔人普烏,godie-o02p,初音,0.2250,acceptable,
godie-e002,Saber,godie-etyr,木乃香,0.2248,acceptable,
community-review-14-20260907,殺老師,godie-o00k,皮卡娘,0.2247,acceptable,
godie-hapm,Berserker,godie-ogld,黑人牙膏,0.2246,acceptable,
community-review-05-20260907,洛克人,godie-n01c,勇者小呆,0.2245,acceptable,
community-review-15-20260907,比利海靈頓,godie-u010,飛影,0.2240,acceptable,
community-review-37-20260907,吉伊卡哇,godie-e001,龍宮禮奈,0.2239,acceptable,
b2-sinbad,辛巴達,godie-hart,克勞德,0.2238,acceptable,
community-review-12-20260907,衛宮士郎,godie-h01u,呂布奉先,0.2238,acceptable,
community-review-19-20260907,桐谷和人,godie-ogld,黑人牙膏,0.2237,acceptable,
b2-touka,托卡・史考特,godie-e008,夏娜,0.2236,acceptable,
b2-guts,凱茲,godie-n01c,勇者小呆,0.2233,acceptable,
community-review-14-20260907,殺老師,godie-o00l,傑洛士,0.2233,acceptable,
b2-haga,羽賀,community-review-04-20260907,空條承太郎,0.2232,acceptable,
community-review-33-20260907,近衛刀太,godie-e00w,櫻綻剎那,0.2228,acceptable,
godie-hapm,Berserker,godie-huth,魔人普烏,0.2226,acceptable,
community-review-01-20260907,武藤遊戲,godie-u00v,基廉列克,0.2223,acceptable,
community-review-25-20260907,一拳超人,godie-ubal,巴恩大魔王,0.2223,acceptable,
b2-orphen,歐菲,godie-u00k,死之王,0.2221,acceptable,
b2-sinbad,辛巴達,community-review-14-20260907,殺老師,0.2221,acceptable,
b2-guts,凱茲,b2-zenitsu,我妻善逸,0.2217,acceptable,
b2-goblin,哥布林殺手,b2-touka,托卡・史考特,0.2213,acceptable,
b2-uncle,異世界舅舅,godie-etyr,木乃香,0.2213,acceptable,
b2-nube,鵺野鳴介,godie-u010,飛影,0.2212,acceptable,
godie-ofar,皮卡丘,godie-u00k,死之王,0.2212,acceptable,
community-review-13-20260907,朝田詩乃,godie-u00n,蒙其.D.魯夫,0.2211,acceptable,
b2-popp,何布,godie-u00h,鬼畜狂刀KYO,0.2210,acceptable,
b2-rin,遠坂凜,godie-n01c,勇者小呆,0.2210,acceptable,
community-review-03-20260907,不知火舞,community-review-05-20260907,洛克人,0.2209,acceptable,
godie-h01n,黑崎一護,godie-udea,飛鼠先生,0.2207,acceptable,
b2-popp,何布,godie-nplh,麻倉葉,0.2206,acceptable,
community-review-12-20260907,衛宮士郎,community-review-14-20260907,殺老師,0.2206,acceptable,
godie-u00v,基廉列克,godie-udea,飛鼠先生,0.2205,acceptable,
b2-boxxo,阿箱＋拉蜜絲,godie-emfr,涅吉,0.2202,acceptable,
b2-rem,蕾姆,godie-hblm,慈悲的王者－賈修貝爾,0.2202,acceptable,
community-review-34-20260907,高速婆婆,godie-h02k,熊貓,0.2202,acceptable,
b2-orphen,歐菲,godie-u00h,鬼畜狂刀KYO,0.2200,acceptable,
b2-luckyman,幸運超人,community-review-14-20260907,殺老師,0.2198,acceptable,
b2-touka,托卡・史考特,godie-hpb1,蒼月潮,0.2196,acceptable,
godie-e007,天地志狼,godie-n00p,南野秀一,0.2196,acceptable,
godie-efur,揍敵客大家長－揍敵客桀諾,godie-hpb1,蒼月潮,0.2195,acceptable,
b2-boxxo,阿箱＋拉蜜絲,godie-e007,天地志狼,0.2193,acceptable,
b2-orphen,歐菲,godie-o00x,悟空,0.2193,acceptable,
b2-haga,羽賀,godie-e00w,櫻綻剎那,0.2192,acceptable,
community-review-01-20260907,武藤遊戲,godie-hvsh,Rider,0.2192,acceptable,
b2-sinbad,辛巴達,community-review-34-20260907,高速婆婆,0.2189,acceptable,
b2-boxxo,阿箱＋拉蜜絲,community-review-08-20260907,米卡莎,0.2187,acceptable,
b2-kumoko,蜘蛛子,godie-udea,飛鼠先生,0.2185,acceptable,
b2-rem,蕾姆,godie-o00l,傑洛士,0.2182,acceptable,
b2-zenitsu,我妻善逸,godie-e002,Saber,0.2182,acceptable,
godie-etyr,木乃香,godie-udea,飛鼠先生,0.2181,acceptable,
b2-sinbad,辛巴達,godie-u00v,基廉列克,0.2179,acceptable,
godie-h01n,黑崎一護,godie-n00p,南野秀一,0.2179,acceptable,
community-review-01-20260907,武藤遊戲,godie-emfr,涅吉,0.2177,acceptable,
b2-zenitsu,我妻善逸,godie-n003,依文潔琳,0.2176,acceptable,
community-review-18-20260907,吉爾伽美什,godie-u00n,蒙其.D.魯夫,0.2176,acceptable,
b2-orphen,歐菲,godie-ubal,巴恩大魔王,0.2174,acceptable,
community-review-24-20260907,奇犽,community-review-25-20260907,一拳超人,0.2174,acceptable,
community-review-32-20260907,阿薩謝爾,community-review-34-20260907,高速婆婆,0.2174,acceptable,
b2-luckyman,幸運超人,godie-e007,天地志狼,0.2172,acceptable,
community-review-18-20260907,吉爾伽美什,godie-n00p,南野秀一,0.2172,acceptable,
godie-e00k,安云,godie-hpal,藤井八雲,0.2170,acceptable,
b2-orphen,歐菲,godie-emns,夜神月,0.2169,acceptable,
b2-touka,托卡・史考特,godie-hpal,藤井八雲,0.2167,acceptable,
b2-rem,蕾姆,community-review-33-20260907,近衛刀太,0.2166,acceptable,
community-review-24-20260907,奇犽,godie-u00n,蒙其.D.魯夫,0.2166,acceptable,
b2-nube,鵺野鳴介,b2-touka,托卡・史考特,0.2165,acceptable,
b2-zenitsu,我妻善逸,community-review-23-20260907,坂田銀時,0.2164,acceptable,
community-review-22-20260907,菜月昴,godie-e007,天地志狼,0.2164,acceptable,
godie-u00n,蒙其.D.魯夫,godie-u00v,基廉列克,0.2162,acceptable,
b2-takopi,章魚嗶,community-review-15-20260907,比利海靈頓,0.2161,acceptable,
community-review-22-20260907,菜月昴,godie-n00b,哆拉A夢,0.2160,acceptable,
community-review-23-20260907,坂田銀時,godie-e007,天地志狼,0.2159,acceptable,
b2-popp,何布,godie-e007,天地志狼,0.2157,acceptable,
b2-haga,羽賀,community-review-19-20260907,桐谷和人,0.2154,acceptable,
community-review-30-20260907,尼古貓貓,godie-e00w,櫻綻剎那,0.2154,acceptable,
b2-touka,托卡・史考特,godie-nplh,麻倉葉,0.2152,acceptable,
community-review-19-20260907,桐谷和人,godie-h01n,黑崎一護,0.2152,acceptable,
community-review-37-20260907,吉伊卡哇,godie-n003,依文潔琳,0.2152,acceptable,
community-review-19-20260907,桐谷和人,godie-emfr,涅吉,0.2150,acceptable,
b2-boxxo,阿箱＋拉蜜絲,community-review-33-20260907,近衛刀太,0.2149,acceptable,
community-review-27-20260907,庫洛魔法使,godie-u010,飛影,0.2149,acceptable,
community-review-12-20260907,衛宮士郎,community-review-24-20260907,奇犽,0.2148,acceptable,
godie-e008,夏娜,godie-edem,宇智波佐助,0.2147,acceptable,
b2-boxxo,阿箱＋拉蜜絲,b2-haga,羽賀,0.2146,acceptable,
b2-rem,蕾姆,community-review-14-20260907,殺老師,0.2146,acceptable,
godie-e002,Saber,godie-o00l,傑洛士,0.2145,acceptable,
community-review-01-20260907,武藤遊戲,godie-efur,揍敵客大家長－揍敵客桀諾,0.2141,acceptable,
b2-bojji,波吉,godie-u00v,基廉列克,0.2140,acceptable,
b2-kumoko,蜘蛛子,godie-u00h,鬼畜狂刀KYO,0.2140,acceptable,
godie-o00k,皮卡娘,godie-u00n,蒙其.D.魯夫,0.2140,acceptable,
godie-hpal,藤井八雲,godie-nplh,麻倉葉,0.2138,acceptable,
godie-etyr,木乃香,godie-n003,依文潔琳,0.2136,acceptable,
b2-goblin,哥布林殺手,godie-u01u,索隆,0.2135,acceptable,
community-review-01-20260907,武藤遊戲,community-review-33-20260907,近衛刀太,0.2133,acceptable,
b2-nube,鵺野鳴介,godie-h00l,林克,0.2132,acceptable,
b2-guts,凱茲,godie-u00h,鬼畜狂刀KYO,0.2131,acceptable,
godie-hapm,Berserker,godie-o02p,初音,0.2131,acceptable,
community-review-02-20260907,八神庵,godie-o00x,悟空,0.2130,acceptable,
community-review-17-20260907,安茲·烏爾·恭,godie-u00l,拳四郎,0.2127,acceptable,
b2-rem,蕾姆,community-review-25-20260907,一拳超人,0.2126,acceptable,
b2-orphen,歐菲,community-review-08-20260907,米卡莎,0.2125,acceptable,
b2-popp,何布,godie-hvwd,桔梗,0.2125,acceptable,
community-review-25-20260907,一拳超人,godie-emfr,涅吉,0.2125,acceptable,
godie-hpb1,蒼月潮,godie-u00n,蒙其.D.魯夫,0.2124,acceptable,
b2-maple,梅普露,godie-e00r,初號機,0.2121,acceptable,
b2-orphen,歐菲,godie-efur,揍敵客大家長－揍敵客桀諾,0.2121,acceptable,
community-review-18-20260907,吉爾伽美什,godie-hapm,Berserker,0.2121,acceptable,
b2-luckyman,幸運超人,b2-uncle,異世界舅舅,0.2117,acceptable,
godie-emns,夜神月,godie-o00x,悟空,0.2114,acceptable,
godie-hart,克勞德,godie-udea,飛鼠先生,0.2114,acceptable,
godie-hpb1,蒼月潮,godie-o00k,皮卡娘,0.2112,acceptable,
community-review-12-20260907,衛宮士郎,godie-nplh,麻倉葉,0.2111,acceptable,
community-review-19-20260907,桐谷和人,community-review-20-20260907,御坂美琴,0.2110,acceptable,
b2-bojji,波吉,community-review-25-20260907,一拳超人,0.2107,acceptable,
b2-matthias,馬提亞斯,godie-h02k,熊貓,0.2107,acceptable,
community-review-18-20260907,吉爾伽美什,godie-hblm,慈悲的王者－賈修貝爾,0.2105,acceptable,
community-review-13-20260907,朝田詩乃,community-review-24-20260907,奇犽,0.2104,acceptable,
godie-h01u,呂布奉先,godie-hpb1,蒼月潮,0.2104,acceptable,
godie-efur,揍敵客大家長－揍敵客桀諾,godie-u010,飛影,0.2102,acceptable,
community-review-33-20260907,近衛刀太,godie-o00l,傑洛士,0.2101,acceptable,
community-review-34-20260907,高速婆婆,godie-n003,依文潔琳,0.2101,acceptable,
community-review-37-20260907,吉伊卡哇,godie-h01u,呂布奉先,0.2100,acceptable,
b2-orphen,歐菲,community-review-01-20260907,武藤遊戲,0.2099,acceptable,
community-review-13-20260907,朝田詩乃,community-review-18-20260907,吉爾伽美什,0.2098,acceptable,
godie-e00r,初號機,godie-efur,揍敵客大家長－揍敵客桀諾,0.2098,acceptable,
b2-touka,托卡・史考特,community-review-32-20260907,阿薩謝爾,0.2097,acceptable,
community-review-01-20260907,武藤遊戲,godie-u01u,索隆,0.2097,acceptable,
b2-sinbad,辛巴達,godie-hpal,藤井八雲,0.2096,acceptable,
godie-edem,宇智波佐助,godie-u00n,蒙其.D.魯夫,0.2095,acceptable,
community-review-03-20260907,不知火舞,godie-n003,依文潔琳,0.2094,acceptable,
community-review-18-20260907,吉爾伽美什,godie-orkn,臭作,0.2094,acceptable,
b2-uncle,異世界舅舅,b2-zenitsu,我妻善逸,0.2093,acceptable,
community-review-12-20260907,衛宮士郎,godie-u01u,索隆,0.2093,acceptable,
b2-maple,梅普露,b2-sinbad,辛巴達,0.2092,acceptable,
godie-u00k,死之王,godie-u00l,拳四郎,0.2092,acceptable,
community-review-14-20260907,殺老師,godie-hpal,藤井八雲,0.2089,acceptable,
community-review-01-20260907,武藤遊戲,godie-h01u,呂布奉先,0.2088,acceptable,
community-review-19-20260907,桐谷和人,godie-e00w,櫻綻剎那,0.2088,acceptable,
b2-kumoko,蜘蛛子,godie-u00v,基廉列克,0.2087,acceptable,
community-review-34-20260907,高速婆婆,godie-u00l,拳四郎,0.2087,acceptable,
godie-etyr,木乃香,godie-hblm,慈悲的王者－賈修貝爾,0.2085,acceptable,
b2-luckyman,幸運超人,godie-osam,殺生丸,0.2084,acceptable,
community-review-19-20260907,桐谷和人,godie-u00l,拳四郎,0.2084,acceptable,
community-review-22-20260907,菜月昴,godie-hblm,慈悲的王者－賈修貝爾,0.2081,acceptable,
b2-haga,羽賀,godie-hblm,慈悲的王者－賈修貝爾,0.2080,acceptable,
community-review-22-20260907,菜月昴,godie-emfr,涅吉,0.2078,acceptable,
b2-maple,梅普露,community-review-14-20260907,殺老師,0.2077,acceptable,
godie-etyr,木乃香,godie-o00k,皮卡娘,0.2077,acceptable,
godie-hblm,慈悲的王者－賈修貝爾,godie-n003,依文潔琳,0.2077,acceptable,
godie-hvwd,桔梗,godie-nplh,麻倉葉,0.2077,acceptable,
community-review-18-20260907,吉爾伽美什,godie-e00w,櫻綻剎那,0.2075,acceptable,
community-review-22-20260907,菜月昴,godie-osam,殺生丸,0.2075,acceptable,
community-review-23-20260907,坂田銀時,godie-hvsh,Rider,0.2075,acceptable,
godie-hapm,Berserker,godie-hpal,藤井八雲,0.2075,acceptable,
community-review-20-20260907,御坂美琴,community-review-24-20260907,奇犽,0.2074,acceptable,
b2-goblin,哥布林殺手,community-review-22-20260907,菜月昴,0.2073,acceptable,
b2-kumoko,蜘蛛子,b2-uncle,異世界舅舅,0.2073,acceptable,
community-review-19-20260907,桐谷和人,godie-hvwd,桔梗,0.2073,acceptable,
community-review-15-20260907,比利海靈頓,godie-o00k,皮卡娘,0.2071,acceptable,
community-review-25-20260907,一拳超人,godie-u00j,賽菲洛斯,0.2069,acceptable,
b2-guts,凱茲,godie-u010,飛影,0.2068,acceptable,
b2-popp,何布,godie-udea,飛鼠先生,0.2068,acceptable,
community-review-02-20260907,八神庵,community-review-23-20260907,坂田銀時,0.2068,acceptable,
community-review-24-20260907,奇犽,godie-hpb1,蒼月潮,0.2068,acceptable,
b2-elma,艾爾瑪,b2-takopi,章魚嗶,0.2066,acceptable,
b2-zenitsu,我妻善逸,godie-u00n,蒙其.D.魯夫,0.2066,acceptable,
community-review-04-20260907,空條承太郎,community-review-08-20260907,米卡莎,0.2066,acceptable,
community-review-05-20260907,洛克人,godie-ofar,皮卡丘,0.2066,acceptable,
community-review-22-20260907,菜月昴,community-review-24-20260907,奇犽,0.2065,acceptable,
community-review-16-20260907,魔法少女☆伊莉雅,godie-h00l,林克,0.2063,acceptable,
godie-h02k,熊貓,godie-u00v,基廉列克,0.2063,acceptable,
godie-h02r,妙蛙花,godie-hblm,慈悲的王者－賈修貝爾,0.2062,acceptable,
godie-o00k,皮卡娘,godie-u00h,鬼畜狂刀KYO,0.2061,acceptable,
b2-kumoko,蜘蛛子,godie-e002,Saber,0.2060,acceptable,
b2-matthias,馬提亞斯,community-review-30-20260907,尼古貓貓,0.2060,acceptable,
b2-rem,蕾姆,b2-sinbad,辛巴達,0.2057,acceptable,
godie-emfr,涅吉,godie-u00h,鬼畜狂刀KYO,0.2057,acceptable,
godie-u00v,基廉列克,godie-ubal,巴恩大魔王,0.2057,acceptable,
b2-goblin,哥布林殺手,community-review-02-20260907,八神庵,0.2056,acceptable,
godie-hart,克勞德,godie-o00l,傑洛士,0.2056,acceptable,
godie-hpal,藤井八雲,godie-hvwd,桔梗,0.2055,acceptable,
community-review-14-20260907,殺老師,godie-o00x,悟空,0.2053,acceptable,
community-review-14-20260907,殺老師,godie-u00l,拳四郎,0.2053,acceptable,
community-review-24-20260907,奇犽,godie-hblm,慈悲的王者－賈修貝爾,0.2053,acceptable,
b2-sinbad,辛巴達,godie-emfr,涅吉,0.2052,acceptable,
community-review-14-20260907,殺老師,godie-nplh,麻倉葉,0.2050,acceptable,
community-review-18-20260907,吉爾伽美什,godie-u010,飛影,0.2049,acceptable,
b2-zenitsu,我妻善逸,godie-emfr,涅吉,0.2047,acceptable,
community-review-22-20260907,菜月昴,community-review-33-20260907,近衛刀太,0.2047,acceptable,
b2-zenitsu,我妻善逸,godie-hvsh,Rider,0.2046,acceptable,
godie-n00p,南野秀一,godie-u00n,蒙其.D.魯夫,0.2046,acceptable,
b2-nube,鵺野鳴介,godie-u00h,鬼畜狂刀KYO,0.2043,acceptable,
b2-takopi,章魚嗶,godie-osam,殺生丸,0.2042,acceptable,
community-review-14-20260907,殺老師,community-review-22-20260907,菜月昴,0.2041,acceptable,
community-review-24-20260907,奇犽,godie-h02k,熊貓,0.2041,acceptable,
godie-hart,克勞德,godie-hvwd,桔梗,0.2041,acceptable,
b2-orphen,歐菲,b2-sinbad,辛巴達,0.2040,acceptable,
community-review-14-20260907,殺老師,godie-e00k,安云,0.2040,acceptable,
godie-emfr,涅吉,godie-hvwd,桔梗,0.2040,acceptable,
godie-u00h,鬼畜狂刀KYO,godie-ubal,巴恩大魔王,0.2040,acceptable,
godie-hpb1,蒼月潮,godie-o00l,傑洛士,0.2039,acceptable,
b2-guts,凱茲,community-review-15-20260907,比利海靈頓,0.2038,acceptable,
community-review-12-20260907,衛宮士郎,godie-ubal,巴恩大魔王,0.2037,acceptable,
godie-n00p,南野秀一,godie-u00h,鬼畜狂刀KYO,0.2036,acceptable,
b2-boxxo,阿箱＋拉蜜絲,godie-u00l,拳四郎,0.2035,acceptable,
b2-orphen,歐菲,godie-n00p,南野秀一,0.2034,acceptable,
godie-hpb1,蒼月潮,godie-zombiex,聖杯黑泥醬－喪標麥可,0.2033,acceptable,
community-review-30-20260907,尼古貓貓,godie-etyr,木乃香,0.2032,acceptable,
godie-o00l,傑洛士,godie-ubal,巴恩大魔王,0.2032,acceptable,
community-review-14-20260907,殺老師,godie-hvsh,Rider,0.2031,acceptable,
community-review-32-20260907,阿薩謝爾,godie-n01c,勇者小呆,0.2030,acceptable,
b2-sinbad,辛巴達,godie-etyr,木乃香,0.2029,acceptable,
b2-touka,托卡・史考特,godie-hart,克勞德,0.2028,acceptable,
community-review-19-20260907,桐谷和人,godie-n00p,南野秀一,0.2028,acceptable,
community-review-24-20260907,奇犽,godie-ubal,巴恩大魔王,0.2027,acceptable,
godie-e002,Saber,godie-h02k,熊貓,0.2027,acceptable,
community-review-23-20260907,坂田銀時,godie-u01u,索隆,0.2025,acceptable,
b2-elma,艾爾瑪,community-review-27-20260907,庫洛魔法使,0.2024,acceptable,
community-review-17-20260907,安茲·烏爾·恭,godie-hvwd,桔梗,0.2024,acceptable,
godie-edem,宇智波佐助,godie-n003,依文潔琳,0.2024,acceptable,
community-review-24-20260907,奇犽,godie-n00p,南野秀一,0.2023,acceptable,
godie-u00j,賽菲洛斯,godie-ubal,巴恩大魔王,0.2023,acceptable,
b2-zenitsu,我妻善逸,godie-h020,莉娜因巴斯,0.2021,acceptable,
godie-e002,Saber,godie-u00v,基廉列克,0.2021,acceptable,
godie-e007,天地志狼,godie-e00w,櫻綻剎那,0.2019,acceptable,
b2-boxxo,阿箱＋拉蜜絲,godie-n00b,哆拉A夢,0.2018,acceptable,
b2-sinbad,辛巴達,community-review-23-20260907,坂田銀時,0.2018,acceptable,
b2-takopi,章魚嗶,godie-u01u,索隆,0.2018,acceptable,
community-review-08-20260907,米卡莎,godie-efur,揍敵客大家長－揍敵客桀諾,0.2018,acceptable,
community-review-22-20260907,菜月昴,godie-h020,莉娜因巴斯,0.2017,acceptable,
community-review-05-20260907,洛克人,godie-nplh,麻倉葉,0.2016,acceptable,
community-review-12-20260907,衛宮士郎,community-review-17-20260907,安茲·烏爾·恭,0.2016,acceptable,
b2-bojji,波吉,b2-touka,托卡・史考特,0.2014,acceptable,
godie-hapm,Berserker,godie-o00k,皮卡娘,0.2014,acceptable,
b2-guts,凱茲,community-review-24-20260907,奇犽,0.2013,acceptable,
b2-popp,何布,godie-emfr,涅吉,0.2013,acceptable,
godie-hart,克勞德,godie-hvsh,Rider,0.2013,acceptable,
b2-takopi,章魚嗶,godie-huth,魔人普烏,0.2011,acceptable,
b2-touka,托卡・史考特,godie-o00x,悟空,0.2010,acceptable,
b2-guts,凱茲,community-review-25-20260907,一拳超人,0.2009,acceptable,
community-review-03-20260907,不知火舞,community-review-14-20260907,殺老師,0.2008,acceptable,
community-review-19-20260907,桐谷和人,godie-u01u,索隆,0.2006,acceptable,
b2-nube,鵺野鳴介,godie-u00v,基廉列克,0.2005,acceptable,
community-review-13-20260907,朝田詩乃,godie-hpal,藤井八雲,0.2005,acceptable,
community-review-30-20260907,尼古貓貓,godie-hvwd,桔梗,0.2005,acceptable,
b2-uncle,異世界舅舅,godie-o00l,傑洛士,0.2004,acceptable,
godie-e007,天地志狼,godie-e00k,安云,0.2004,acceptable,
godie-e00r,初號機,godie-u00v,基廉列克,0.2004,acceptable,
b2-popp,何布,godie-hblm,慈悲的王者－賈修貝爾,0.2003,acceptable,
b2-touka,托卡・史考特,godie-u00j,賽菲洛斯,0.2003,acceptable,
community-review-08-20260907,米卡莎,godie-u00v,基廉列克,0.2003,acceptable,
b2-guts,凱茲,community-review-18-20260907,吉爾伽美什,0.2001,acceptable,
community-review-03-20260907,不知火舞,community-review-20-20260907,御坂美琴,0.2001,acceptable,
godie-o00k,皮卡娘,godie-udea,飛鼠先生,0.1999,acceptable,
b2-rin,遠坂凜,godie-h02k,熊貓,0.1996,acceptable,
community-review-18-20260907,吉爾伽美什,godie-e00k,安云,0.1996,acceptable,
b2-guts,凱茲,b2-touka,托卡・史考特,0.1994,acceptable,
b2-nube,鵺野鳴介,godie-u00n,蒙其.D.魯夫,0.1992,acceptable,
godie-h01u,呂布奉先,godie-udea,飛鼠先生,0.1992,acceptable,
b2-luckyman,幸運超人,godie-emns,夜神月,0.1991,acceptable,
community-review-25-20260907,一拳超人,community-review-33-20260907,近衛刀太,0.1991,acceptable,
godie-emns,夜神月,godie-u00k,死之王,0.1991,acceptable,
community-review-30-20260907,尼古貓貓,godie-h020,莉娜因巴斯,0.1990,acceptable,
b2-popp,何布,community-review-13-20260907,朝田詩乃,0.1988,acceptable,
community-review-03-20260907,不知火舞,godie-zombiex,聖杯黑泥醬－喪標麥可,0.1988,acceptable,
godie-o00x,悟空,godie-u00l,拳四郎,0.1988,acceptable,
b2-maple,梅普露,community-review-22-20260907,菜月昴,0.1987,acceptable,
b2-touka,托卡・史考特,godie-e00k,安云,0.1987,acceptable,
godie-e00r,初號機,godie-etyr,木乃香,0.1987,acceptable,
b2-luckyman,幸運超人,godie-n01c,勇者小呆,0.1986,acceptable,
b2-zenitsu,我妻善逸,godie-hvwd,桔梗,0.1986,acceptable,
godie-e00r,初號機,godie-ogld,黑人牙膏,0.1984,acceptable,
community-review-18-20260907,吉爾伽美什,godie-hvsh,Rider,0.1983,acceptable,
community-review-23-20260907,坂田銀時,godie-edem,宇智波佐助,0.1983,acceptable,
godie-e00r,初號機,godie-hapm,Berserker,0.1983,acceptable,
b2-rin,遠坂凜,community-review-08-20260907,米卡莎,0.1982,acceptable,
b2-touka,托卡・史考特,godie-etyr,木乃香,0.1982,acceptable,
godie-o00x,悟空,godie-u01u,索隆,0.1981,acceptable,
b2-orphen,歐菲,community-review-25-20260907,一拳超人,0.1979,acceptable,
community-review-18-20260907,吉爾伽美什,godie-zombiex,聖杯黑泥醬－喪標麥可,0.1978,acceptable,
community-review-08-20260907,米卡莎,godie-n003,依文潔琳,0.1977,acceptable,
community-review-08-20260907,米卡莎,godie-orkn,臭作,0.1977,acceptable,
community-review-14-20260907,殺老師,godie-e008,夏娜,0.1977,acceptable,
b2-maple,梅普露,godie-n01c,勇者小呆,0.1976,acceptable,
community-review-03-20260907,不知火舞,godie-e00k,安云,0.1976,acceptable,
godie-hblm,慈悲的王者－賈修貝爾,godie-n01c,勇者小呆,0.1976,acceptable,
godie-osam,殺生丸,godie-u01u,索隆,0.1976,acceptable,
community-review-08-20260907,米卡莎,godie-zombiex,聖杯黑泥醬－喪標麥可,0.1975,acceptable,
godie-n003,依文潔琳,godie-udea,飛鼠先生,0.1975,acceptable,
b2-matthias,馬提亞斯,godie-huth,魔人普烏,0.1973,acceptable,
godie-hpb1,蒼月潮,godie-ofar,皮卡丘,0.1973,acceptable,
godie-hblm,慈悲的王者－賈修貝爾,godie-u00h,鬼畜狂刀KYO,0.1972,acceptable,
b2-zenitsu,我妻善逸,godie-o00k,皮卡娘,0.1971,acceptable,
community-review-03-20260907,不知火舞,godie-udea,飛鼠先生,0.1971,acceptable,
godie-ogld,黑人牙膏,godie-u00v,基廉列克,0.1969,acceptable,
community-review-33-20260907,近衛刀太,godie-n01c,勇者小呆,0.1966,acceptable,
godie-n00b,哆拉A夢,godie-udea,飛鼠先生,0.1965,acceptable,
community-review-13-20260907,朝田詩乃,godie-hblm,慈悲的王者－賈修貝爾,0.1964,acceptable,
b2-haga,羽賀,godie-edem,宇智波佐助,0.1963,acceptable,
b2-uncle,異世界舅舅,community-review-17-20260907,安茲·烏爾·恭,0.1963,acceptable,
community-review-19-20260907,桐谷和人,godie-osam,殺生丸,0.1963,acceptable,
b2-touka,托卡・史考特,community-review-25-20260907,一拳超人,0.1961,acceptable,
godie-e00r,初號機,godie-emns,夜神月,0.1960,acceptable,
b2-guts,凱茲,godie-hpal,藤井八雲,0.1959,acceptable,
b2-nube,鵺野鳴介,godie-u00j,賽菲洛斯,0.1958,acceptable,
godie-osam,殺生丸,godie-ubal,巴恩大魔王,0.1957,acceptable,
community-review-04-20260907,空條承太郎,godie-h01n,黑崎一護,0.1956,acceptable,
godie-h00l,林克,godie-h02k,熊貓,0.1956,acceptable,
community-review-34-20260907,高速婆婆,godie-u01u,索隆,0.1954,acceptable,
b2-goblin,哥布林殺手,godie-hpb1,蒼月潮,0.1953,acceptable,
community-review-32-20260907,阿薩謝爾,godie-n00p,南野秀一,0.1953,acceptable,
b2-touka,托卡・史考特,godie-emfr,涅吉,0.1952,acceptable,
b2-rin,遠坂凜,community-review-03-20260907,不知火舞,0.1951,acceptable,
godie-h00l,林克,godie-h02r,妙蛙花,0.1951,acceptable,
b2-popp,何布,godie-orkn,臭作,0.1950,acceptable,
b2-zenitsu,我妻善逸,godie-u01u,索隆,0.1950,acceptable,
b2-matthias,馬提亞斯,godie-u00h,鬼畜狂刀KYO,0.1949,acceptable,
b2-nube,鵺野鳴介,community-review-22-20260907,菜月昴,0.1948,acceptable,
b2-uncle,異世界舅舅,community-review-23-20260907,坂田銀時,0.1947,acceptable,
community-review-27-20260907,庫洛魔法使,community-review-33-20260907,近衛刀太,0.1947,acceptable,
godie-efur,揍敵客大家長－揍敵客桀諾,godie-u00l,拳四郎,0.1947,acceptable,
b2-rem,蕾姆,community-review-22-20260907,菜月昴,0.1946,acceptable,
b2-zenitsu,我妻善逸,community-review-16-20260907,魔法少女☆伊莉雅,0.1946,acceptable,
community-review-12-20260907,衛宮士郎,godie-ofar,皮卡丘,0.1946,acceptable,
community-review-14-20260907,殺老師,godie-n00p,南野秀一,0.1946,acceptable,
community-review-15-20260907,比利海靈頓,community-review-22-20260907,菜月昴,0.1946,acceptable,
community-review-05-20260907,洛克人,godie-h02k,熊貓,0.1945,acceptable,
community-review-12-20260907,衛宮士郎,godie-udea,飛鼠先生,0.1945,acceptable,
community-review-01-20260907,武藤遊戲,godie-u010,飛影,0.1944,acceptable,
godie-edem,宇智波佐助,godie-u00h,鬼畜狂刀KYO,0.1943,acceptable,
godie-n003,依文潔琳,godie-o00l,傑洛士,0.1943,acceptable,
godie-ubal,巴恩大魔王,godie-udea,飛鼠先生,0.1942,acceptable,
community-review-05-20260907,洛克人,community-review-34-20260907,高速婆婆,0.1941,acceptable,
community-review-17-20260907,安茲·烏爾·恭,godie-edem,宇智波佐助,0.1941,acceptable,
community-review-20-20260907,御坂美琴,godie-edem,宇智波佐助,0.1940,acceptable,
godie-h01u,呂布奉先,godie-hvsh,Rider,0.1940,acceptable,
b2-bojji,波吉,b2-uncle,異世界舅舅,0.1938,acceptable,
community-review-03-20260907,不知火舞,godie-h01n,黑崎一護,0.1937,acceptable,
godie-e008,夏娜,godie-o00k,皮卡娘,0.1935,acceptable,
community-review-25-20260907,一拳超人,godie-nplh,麻倉葉,0.1934,acceptable,
community-review-27-20260907,庫洛魔法使,godie-h01n,黑崎一護,0.1933,acceptable,
community-review-02-20260907,八神庵,community-review-25-20260907,一拳超人,0.1930,acceptable,
godie-edem,宇智波佐助,godie-zombiex,聖杯黑泥醬－喪標麥可,0.1930,acceptable,
b2-uncle,異世界舅舅,godie-hpal,藤井八雲,0.1929,acceptable,
community-review-19-20260907,桐谷和人,community-review-30-20260907,尼古貓貓,0.1929,acceptable,
godie-n00p,南野秀一,godie-osam,殺生丸,0.1928,acceptable,
community-review-32-20260907,阿薩謝爾,godie-e00r,初號機,0.1926,acceptable,
b2-nube,鵺野鳴介,godie-edem,宇智波佐助,0.1925,acceptable,
community-review-30-20260907,尼古貓貓,godie-e001,龍宮禮奈,0.1925,acceptable,
b2-kumoko,蜘蛛子,godie-n003,依文潔琳,0.1923,acceptable,
community-review-24-20260907,奇犽,godie-hart,克勞德,0.1923,acceptable,
godie-n00p,南野秀一,godie-u00j,賽菲洛斯,0.1923,acceptable,
godie-emfr,涅吉,godie-n00p,南野秀一,0.1922,acceptable,
community-review-32-20260907,阿薩謝爾,godie-emns,夜神月,0.1920,acceptable,
community-review-37-20260907,吉伊卡哇,godie-edem,宇智波佐助,0.1918,acceptable,
community-review-14-20260907,殺老師,godie-hblm,慈悲的王者－賈修貝爾,0.1917,acceptable,
b2-goblin,哥布林殺手,community-review-12-20260907,衛宮士郎,0.1912,acceptable,
b2-matthias,馬提亞斯,godie-o00l,傑洛士,0.1910,acceptable,
community-review-14-20260907,殺老師,godie-h01n,黑崎一護,0.1910,acceptable,
godie-osam,殺生丸,godie-u00v,基廉列克,0.1909,acceptable,
community-review-12-20260907,衛宮士郎,godie-hblm,慈悲的王者－賈修貝爾,0.1908,acceptable,
community-review-14-20260907,殺老師,community-review-23-20260907,坂田銀時,0.1908,acceptable,
godie-hart,克勞德,godie-ofar,皮卡丘,0.1908,acceptable,
community-review-12-20260907,衛宮士郎,godie-zombiex,聖杯黑泥醬－喪標麥可,0.1907,acceptable,
community-review-13-20260907,朝田詩乃,godie-o00x,悟空,0.1907,acceptable,
godie-n00b,哆拉A夢,godie-n01c,勇者小呆,0.1907,acceptable,
community-review-12-20260907,衛宮士郎,godie-u010,飛影,0.1905,acceptable,
godie-hart,克勞德,godie-n01c,勇者小呆,0.1905,acceptable,
community-review-22-20260907,菜月昴,godie-u00v,基廉列克,0.1902,acceptable,
b2-boxxo,阿箱＋拉蜜絲,godie-o02p,初音,0.1901,acceptable,
b2-popp,何布,godie-hvsh,Rider,0.1899,acceptable,
b2-zenitsu,我妻善逸,godie-edem,宇智波佐助,0.1899,acceptable,
b2-uncle,異世界舅舅,godie-efur,揍敵客大家長－揍敵客桀諾,0.1897,acceptable,
godie-hpb1,蒼月潮,godie-udea,飛鼠先生,0.1897,acceptable,
b2-luckyman,幸運超人,godie-u00h,鬼畜狂刀KYO,0.1896,acceptable,
community-review-20-20260907,御坂美琴,godie-o00x,悟空,0.1894,acceptable,
godie-hapm,Berserker,godie-orkn,臭作,0.1892,acceptable,
godie-hpb1,蒼月潮,godie-huth,魔人普烏,0.1892,acceptable,
b2-luckyman,幸運超人,godie-efur,揍敵客大家長－揍敵客桀諾,0.1890,acceptable,
community-review-17-20260907,安茲·烏爾·恭,godie-n003,依文潔琳,0.1890,acceptable,
community-review-18-20260907,吉爾伽美什,godie-nplh,麻倉葉,0.1889,acceptable,
godie-hvwd,桔梗,godie-o00l,傑洛士,0.1888,acceptable,
b2-guts,凱茲,community-review-23-20260907,坂田銀時,0.1886,acceptable,
community-review-34-20260907,高速婆婆,godie-u010,飛影,0.1884,acceptable,
b2-luckyman,幸運超人,community-review-13-20260907,朝田詩乃,0.1883,acceptable,
b2-uncle,異世界舅舅,godie-udea,飛鼠先生,0.1883,acceptable,
godie-h01n,黑崎一護,godie-o00k,皮卡娘,0.1883,acceptable,
b2-luckyman,幸運超人,godie-n00p,南野秀一,0.1881,acceptable,
community-review-22-20260907,菜月昴,godie-h01n,黑崎一護,0.1881,acceptable,
godie-e001,龍宮禮奈,godie-o00k,皮卡娘,0.1880,acceptable,
b2-sinbad,辛巴達,community-review-17-20260907,安茲·烏爾·恭,0.1879,acceptable,
community-review-08-20260907,米卡莎,community-review-37-20260907,吉伊卡哇,0.1877,acceptable,
godie-h00l,林克,godie-hpb1,蒼月潮,0.1877,acceptable,
b2-boxxo,阿箱＋拉蜜絲,godie-h01u,呂布奉先,0.1876,acceptable,
community-review-37-20260907,吉伊卡哇,godie-o00k,皮卡娘,0.1876,acceptable,
godie-e007,天地志狼,godie-n01c,勇者小呆,0.1875,acceptable,
godie-o00k,皮卡娘,godie-orkn,臭作,0.1874,acceptable,
b2-uncle,異世界舅舅,community-review-18-20260907,吉爾伽美什,0.1873,acceptable,
b2-uncle,異世界舅舅,godie-u00v,基廉列克,0.1873,acceptable,
b2-luckyman,幸運超人,godie-nplh,麻倉葉,0.1871,acceptable,
godie-e002,Saber,godie-e00r,初號機,0.1871,acceptable,
b2-bojji,波吉,b2-zenitsu,我妻善逸,0.1870,acceptable,
godie-hpb1,蒼月潮,godie-hvsh,Rider,0.1869,acceptable,
community-review-19-20260907,桐谷和人,godie-n003,依文潔琳,0.1867,acceptable,
b2-takopi,章魚嗶,godie-hvsh,Rider,0.1866,acceptable,
community-review-01-20260907,武藤遊戲,godie-e008,夏娜,0.1866,acceptable,
b2-orphen,歐菲,community-review-03-20260907,不知火舞,0.1865,acceptable,
b2-touka,托卡・史考特,godie-e00w,櫻綻剎那,0.1865,acceptable,
godie-n01c,勇者小呆,godie-u010,飛影,0.1865,acceptable,
b2-boxxo,阿箱＋拉蜜絲,godie-hpb1,蒼月潮,0.1864,acceptable,
community-review-30-20260907,尼古貓貓,community-review-34-20260907,高速婆婆,0.1864,acceptable,
b2-popp,何布,community-review-33-20260907,近衛刀太,0.1863,acceptable,
community-review-22-20260907,菜月昴,godie-u00n,蒙其.D.魯夫,0.1863,acceptable,
community-review-08-20260907,米卡莎,godie-hvsh,Rider,0.1860,acceptable,
community-review-30-20260907,尼古貓貓,godie-e00k,安云,0.1860,acceptable,
b2-goblin,哥布林殺手,godie-hvsh,Rider,0.1858,acceptable,
b2-haga,羽賀,godie-hvsh,Rider,0.1857,acceptable,
b2-takopi,章魚嗶,godie-n00b,哆拉A夢,0.1857,acceptable,
community-review-12-20260907,衛宮士郎,godie-u00n,蒙其.D.魯夫,0.1857,acceptable,
community-review-14-20260907,殺老師,community-review-18-20260907,吉爾伽美什,0.1857,acceptable,
godie-hpb1,蒼月潮,godie-hvwd,桔梗,0.1856,acceptable,
b2-goblin,哥布林殺手,godie-h01n,黑崎一護,0.1853,acceptable,
b2-luckyman,幸運超人,community-review-16-20260907,魔法少女☆伊莉雅,0.1853,acceptable,
community-review-01-20260907,武藤遊戲,godie-e00w,櫻綻剎那,0.1852,acceptable,
b2-maple,梅普露,community-review-08-20260907,米卡莎,0.1851,acceptable,
godie-h01u,呂布奉先,godie-hpal,藤井八雲,0.1851,acceptable,
community-review-04-20260907,空條承太郎,godie-efur,揍敵客大家長－揍敵客桀諾,0.1850,acceptable,
community-review-14-20260907,殺老師,godie-e00w,櫻綻剎那,0.1848,acceptable,
community-review-34-20260907,高速婆婆,godie-n01c,勇者小呆,0.1848,acceptable,
godie-hvsh,Rider,godie-o00l,傑洛士,0.1848,acceptable,
b2-touka,托卡・史考特,community-review-30-20260907,尼古貓貓,0.1847,acceptable,
community-review-20-20260907,御坂美琴,godie-nplh,麻倉葉,0.1847,acceptable,
godie-hpb1,蒼月潮,godie-osam,殺生丸,0.1847,acceptable,
godie-n003,依文潔琳,godie-zombiex,聖杯黑泥醬－喪標麥可,0.1846,acceptable,
b2-maple,梅普露,godie-u00n,蒙其.D.魯夫,0.1844,acceptable,
godie-emfr,涅吉,godie-o00k,皮卡娘,0.1844,acceptable,
b2-boxxo,阿箱＋拉蜜絲,godie-n00p,南野秀一,0.1843,acceptable,
community-review-05-20260907,洛克人,godie-e002,Saber,0.1843,acceptable,
b2-boxxo,阿箱＋拉蜜絲,godie-e00r,初號機,0.1842,acceptable,
b2-luckyman,幸運超人,godie-e00w,櫻綻剎那,0.1842,acceptable,
b2-orphen,歐菲,community-review-19-20260907,桐谷和人,0.1840,acceptable,
community-review-34-20260907,高速婆婆,godie-h020,莉娜因巴斯,0.1840,acceptable,
community-review-15-20260907,比利海靈頓,godie-hapm,Berserker,0.1837,acceptable,
godie-hblm,慈悲的王者－賈修貝爾,godie-hpb1,蒼月潮,0.1836,acceptable,
community-review-04-20260907,空條承太郎,godie-u010,飛影,0.1835,acceptable,
community-review-14-20260907,殺老師,godie-e001,龍宮禮奈,0.1834,acceptable,
community-review-22-20260907,菜月昴,godie-h01u,呂布奉先,0.1831,acceptable,
godie-emns,夜神月,godie-hpb1,蒼月潮,0.1830,acceptable,
b2-goblin,哥布林殺手,b2-zenitsu,我妻善逸,0.1829,acceptable,
b2-touka,托卡・史考特,godie-emns,夜神月,0.1829,acceptable,
b2-guts,凱茲,community-review-27-20260907,庫洛魔法使,0.1828,acceptable,
community-review-04-20260907,空條承太郎,godie-e001,龍宮禮奈,0.1828,acceptable,
b2-touka,托卡・史考特,godie-efur,揍敵客大家長－揍敵客桀諾,0.1827,acceptable,
b2-touka,托卡・史考特,godie-n003,依文潔琳,0.1825,acceptable,
community-review-08-20260907,米卡莎,godie-ubal,巴恩大魔王,0.1825,acceptable,
community-review-13-20260907,朝田詩乃,community-review-22-20260907,菜月昴,0.1825,acceptable,
community-review-17-20260907,安茲·烏爾·恭,godie-hvsh,Rider,0.1825,acceptable,
godie-hpal,藤井八雲,godie-osam,殺生丸,0.1823,acceptable,
godie-u00h,鬼畜狂刀KYO,godie-u01u,索隆,0.1823,acceptable,
godie-e002,Saber,godie-u00n,蒙其.D.魯夫,0.1820,acceptable,
b2-boxxo,阿箱＋拉蜜絲,godie-udea,飛鼠先生,0.1819,acceptable,
community-review-17-20260907,安茲·烏爾·恭,godie-e00w,櫻綻剎那,0.1818,acceptable,
community-review-34-20260907,高速婆婆,godie-hpb1,蒼月潮,0.1818,acceptable,
community-review-20-20260907,御坂美琴,godie-u010,飛影,0.1817,acceptable,
b2-haga,羽賀,godie-e007,天地志狼,0.1816,acceptable,
community-review-24-20260907,奇犽,godie-h020,莉娜因巴斯,0.1816,acceptable,
community-review-14-20260907,殺老師,godie-u010,飛影,0.1815,acceptable,
godie-efur,揍敵客大家長－揍敵客桀諾,godie-udea,飛鼠先生,0.1815,acceptable,
community-review-25-20260907,一拳超人,godie-n00p,南野秀一,0.1813,acceptable,
godie-h01n,黑崎一護,godie-zombiex,聖杯黑泥醬－喪標麥可,0.1812,acceptable,
community-review-16-20260907,魔法少女☆伊莉雅,godie-zombiex,聖杯黑泥醬－喪標麥可,0.1811,acceptable,
godie-e007,天地志狼,godie-hpb1,蒼月潮,0.1811,acceptable,
godie-hblm,慈悲的王者－賈修貝爾,godie-hpal,藤井八雲,0.1811,acceptable,
b2-uncle,異世界舅舅,godie-hart,克勞德,0.1810,acceptable,
b2-kumoko,蜘蛛子,community-review-30-20260907,尼古貓貓,0.1809,acceptable,
b2-zenitsu,我妻善逸,community-review-30-20260907,尼古貓貓,0.1809,acceptable,
b2-uncle,異世界舅舅,godie-e00r,初號機,0.1808,acceptable,
community-review-33-20260907,近衛刀太,godie-n003,依文潔琳,0.1808,acceptable,
godie-h02k,熊貓,godie-u00j,賽菲洛斯,0.1807,acceptable,
b2-zenitsu,我妻善逸,community-review-33-20260907,近衛刀太,0.1805,acceptable,
b2-haga,羽賀,community-review-02-20260907,八神庵,0.1804,acceptable,
community-review-13-20260907,朝田詩乃,godie-u00v,基廉列克,0.1803,acceptable,
godie-h020,莉娜因巴斯,godie-u010,飛影,0.1803,acceptable,
b2-guts,凱茲,godie-hpb1,蒼月潮,0.1802,acceptable,
community-review-01-20260907,武藤遊戲,godie-n01c,勇者小呆,0.1801,acceptable,
b2-luckyman,幸運超人,godie-u00v,基廉列克,0.1800,acceptable,
b2-popp,何布,godie-e002,Saber,0.1799,acceptable,
community-review-18-20260907,吉爾伽美什,godie-etyr,木乃香,0.1798,acceptable,
godie-n00p,南野秀一,godie-ubal,巴恩大魔王,0.1798,acceptable,
b2-sinbad,辛巴達,godie-huth,魔人普烏,0.1796,acceptable,
b2-luckyman,幸運超人,godie-zombiex,聖杯黑泥醬－喪標麥可,0.1795,acceptable,
community-review-08-20260907,米卡莎,godie-e00k,安云,0.1795,acceptable,
b2-sinbad,辛巴達,community-review-02-20260907,八神庵,0.1794,acceptable,
godie-h01u,呂布奉先,godie-u00v,基廉列克,0.1794,acceptable,
b2-guts,凱茲,godie-ubal,巴恩大魔王,0.1793,acceptable,
community-review-01-20260907,武藤遊戲,godie-zombiex,聖杯黑泥醬－喪標麥可,0.1793,acceptable,
community-review-25-20260907,一拳超人,community-review-30-20260907,尼古貓貓,0.1793,acceptable,
b2-uncle,異世界舅舅,godie-e008,夏娜,0.1788,acceptable,
community-review-30-20260907,尼古貓貓,community-review-32-20260907,阿薩謝爾,0.1788,acceptable,
b2-guts,凱茲,godie-o00x,悟空,0.1787,acceptable,
godie-e00r,初號機,godie-n01c,勇者小呆,0.1786,acceptable,
b2-touka,托卡・史考特,community-review-20-20260907,御坂美琴,0.1784,acceptable,
community-review-05-20260907,洛克人,godie-u010,飛影,0.1784,acceptable,
community-review-14-20260907,殺老師,community-review-16-20260907,魔法少女☆伊莉雅,0.1781,acceptable,
b2-orphen,歐菲,godie-n01c,勇者小呆,0.1779,acceptable,
community-review-25-20260907,一拳超人,godie-hvwd,桔梗,0.1777,acceptable,
b2-maple,梅普露,community-review-12-20260907,衛宮士郎,0.1776,acceptable,
community-review-02-20260907,八神庵,community-review-18-20260907,吉爾伽美什,0.1776,acceptable,
b2-uncle,異世界舅舅,godie-h02k,熊貓,0.1774,acceptable,
community-review-16-20260907,魔法少女☆伊莉雅,godie-hblm,慈悲的王者－賈修貝爾,0.1774,acceptable,
b2-rem,蕾姆,godie-hpal,藤井八雲,0.1773,acceptable,
b2-takopi,章魚嗶,community-review-18-20260907,吉爾伽美什,0.1773,acceptable,
b2-zenitsu,我妻善逸,godie-h01u,呂布奉先,0.1773,acceptable,
godie-emfr,涅吉,godie-o00l,傑洛士,0.1773,acceptable,
b2-touka,托卡・史考特,godie-n00b,哆拉A夢,0.1772,acceptable,
community-review-02-20260907,八神庵,godie-h01u,呂布奉先,0.1772,acceptable,
community-review-08-20260907,米卡莎,godie-e002,Saber,0.1772,acceptable,
community-review-32-20260907,阿薩謝爾,godie-u00h,鬼畜狂刀KYO,0.1772,acceptable,
godie-e001,龍宮禮奈,godie-u00h,鬼畜狂刀KYO,0.1771,acceptable,
godie-e002,Saber,godie-e00w,櫻綻剎那,0.1771,acceptable,
godie-etyr,木乃香,godie-u010,飛影,0.1771,acceptable,
b2-haga,羽賀,godie-emns,夜神月,0.1770,acceptable,
godie-etyr,木乃香,godie-h02k,熊貓,0.1770,acceptable,
godie-n003,依文潔琳,godie-osam,殺生丸,0.1770,acceptable,
godie-e001,龍宮禮奈,godie-u00n,蒙其.D.魯夫,0.1769,acceptable,
godie-emfr,涅吉,godie-o00x,悟空,0.1769,acceptable,
godie-e001,龍宮禮奈,godie-hblm,慈悲的王者－賈修貝爾,0.1768,acceptable,
b2-boxxo,阿箱＋拉蜜絲,community-review-18-20260907,吉爾伽美什,0.1767,acceptable,
b2-goblin,哥布林殺手,godie-ofar,皮卡丘,0.1767,acceptable,
b2-popp,何布,godie-ogld,黑人牙膏,0.1767,acceptable,
godie-h01u,呂布奉先,godie-u00n,蒙其.D.魯夫,0.1767,acceptable,
b2-nube,鵺野鳴介,godie-e00r,初號機,0.1766,acceptable,
godie-e007,天地志狼,godie-hapm,Berserker,0.1766,acceptable,
community-review-16-20260907,魔法少女☆伊莉雅,godie-u00j,賽菲洛斯,0.1765,acceptable,
community-review-12-20260907,衛宮士郎,godie-hpb1,蒼月潮,0.1764,acceptable,
community-review-25-20260907,一拳超人,godie-e001,龍宮禮奈,0.1764,acceptable,
godie-h01n,黑崎一護,godie-nplh,麻倉葉,0.1764,acceptable,
b2-nube,鵺野鳴介,b2-uncle,異世界舅舅,0.1763,acceptable,
community-review-37-20260907,吉伊卡哇,godie-n00p,南野秀一,0.1763,acceptable,
community-review-19-20260907,桐谷和人,community-review-22-20260907,菜月昴,0.1762,acceptable,
godie-hpal,藤井八雲,godie-u010,飛影,0.1762,acceptable,
community-review-17-20260907,安茲·烏爾·恭,community-review-37-20260907,吉伊卡哇,0.1761,acceptable,
godie-hpal,藤井八雲,godie-u01u,索隆,0.1761,acceptable,
godie-efur,揍敵客大家長－揍敵客桀諾,godie-orkn,臭作,0.1760,acceptable,
b2-popp,何布,godie-u00v,基廉列克,0.1758,acceptable,
community-review-22-20260907,菜月昴,godie-e001,龍宮禮奈,0.1757,acceptable,
godie-u00v,基廉列克,godie-zombiex,聖杯黑泥醬－喪標麥可,0.1756,acceptable,
b2-boxxo,阿箱＋拉蜜絲,godie-nplh,麻倉葉,0.1755,acceptable,
b2-goblin,哥布林殺手,godie-hvwd,桔梗,0.1752,acceptable,
b2-sinbad,辛巴達,godie-osam,殺生丸,0.1752,acceptable,
community-review-19-20260907,桐谷和人,godie-e00k,安云,0.1752,acceptable,
godie-emns,夜神月,godie-u01u,索隆,0.1752,acceptable,
b2-goblin,哥布林殺手,godie-u00j,賽菲洛斯,0.1750,acceptable,
community-review-22-20260907,菜月昴,godie-hvsh,Rider,0.1749,acceptable,
godie-hapm,Berserker,godie-n003,依文潔琳,0.1749,acceptable,
godie-hblm,慈悲的王者－賈修貝爾,godie-zombiex,聖杯黑泥醬－喪標麥可,0.1749,acceptable,
b2-boxxo,阿箱＋拉蜜絲,godie-n003,依文潔琳,0.1746,acceptable,
community-review-04-20260907,空條承太郎,godie-n003,依文潔琳,0.1745,acceptable,
godie-e008,夏娜,godie-h02k,熊貓,0.1744,acceptable,
community-review-16-20260907,魔法少女☆伊莉雅,godie-e002,Saber,0.1743,acceptable,
b2-maple,梅普露,godie-n00p,南野秀一,0.1742,acceptable,
godie-edem,宇智波佐助,godie-efur,揍敵客大家長－揍敵客桀諾,0.1742,acceptable,
community-review-03-20260907,不知火舞,godie-u010,飛影,0.1740,acceptable,
community-review-20-20260907,御坂美琴,godie-huth,魔人普烏,0.1740,acceptable,
b2-orphen,歐菲,community-review-12-20260907,衛宮士郎,0.1736,acceptable,
b2-elma,艾爾瑪,godie-o00x,悟空,0.1735,acceptable,
community-review-12-20260907,衛宮士郎,godie-hvwd,桔梗,0.1735,acceptable,
b2-elma,艾爾瑪,godie-h02k,熊貓,0.1734,acceptable,
b2-popp,何布,godie-u00n,蒙其.D.魯夫,0.1733,acceptable,
b2-luckyman,幸運超人,godie-u00j,賽菲洛斯,0.1732,acceptable,
community-review-30-20260907,尼古貓貓,godie-o00k,皮卡娘,0.1731,acceptable,
b2-takopi,章魚嗶,community-review-08-20260907,米卡莎,0.1730,acceptable,
community-review-14-20260907,殺老師,godie-e007,天地志狼,0.1730,acceptable,
godie-emfr,涅吉,godie-hpal,藤井八雲,0.1730,acceptable,
community-review-08-20260907,米卡莎,godie-u00j,賽菲洛斯,0.1728,acceptable,
godie-hapm,Berserker,godie-u00j,賽菲洛斯,0.1727,acceptable,
community-review-24-20260907,奇犽,godie-edem,宇智波佐助,0.1725,acceptable,
godie-hvwd,桔梗,godie-n003,依文潔琳,0.1725,acceptable,
community-review-12-20260907,衛宮士郎,godie-emfr,涅吉,0.1724,acceptable,
b2-uncle,異世界舅舅,community-review-33-20260907,近衛刀太,0.1723,acceptable,
godie-h01u,呂布奉先,godie-o02p,初音,0.1723,acceptable,
b2-bojji,波吉,godie-hvsh,Rider,0.1722,acceptable,
b2-uncle,異世界舅舅,godie-zombiex,聖杯黑泥醬－喪標麥可,0.1720,acceptable,
b2-guts,凱茲,godie-n00p,南野秀一,0.1719,acceptable,
b2-rin,遠坂凜,godie-zombiex,聖杯黑泥醬－喪標麥可,0.1719,acceptable,
community-review-05-20260907,洛克人,community-review-18-20260907,吉爾伽美什,0.1719,acceptable,
godie-edem,宇智波佐助,godie-hapm,Berserker,0.1719,acceptable,
b2-uncle,異世界舅舅,community-review-16-20260907,魔法少女☆伊莉雅,0.1718,acceptable,
b2-boxxo,阿箱＋拉蜜絲,godie-ubal,巴恩大魔王,0.1717,acceptable,
b2-rem,蕾姆,godie-u00h,鬼畜狂刀KYO,0.1717,acceptable,
b2-touka,托卡・史考特,community-review-02-20260907,八神庵,0.1717,acceptable,
community-review-05-20260907,洛克人,godie-h01n,黑崎一護,0.1717,acceptable,
community-review-16-20260907,魔法少女☆伊莉雅,godie-hvwd,桔梗,0.1717,acceptable,
godie-u00h,鬼畜狂刀KYO,godie-u00j,賽菲洛斯,0.1717,acceptable,
b2-zenitsu,我妻善逸,community-review-24-20260907,奇犽,0.1716,acceptable,
b2-maple,梅普露,godie-edem,宇智波佐助,0.1715,acceptable,
godie-hapm,Berserker,godie-osam,殺生丸,0.1712,acceptable,
b2-boxxo,阿箱＋拉蜜絲,godie-hpal,藤井八雲,0.1710,acceptable,
community-review-34-20260907,高速婆婆,godie-h01n,黑崎一護,0.1710,acceptable,
community-review-20-20260907,御坂美琴,godie-o00k,皮卡娘,0.1709,acceptable,
community-review-16-20260907,魔法少女☆伊莉雅,godie-ofar,皮卡丘,0.1708,acceptable,
b2-boxxo,阿箱＋拉蜜絲,community-review-13-20260907,朝田詩乃,0.1707,acceptable,
b2-maple,梅普露,community-review-01-20260907,武藤遊戲,0.1707,acceptable,
community-review-18-20260907,吉爾伽美什,godie-h00l,林克,0.1707,acceptable,
community-review-30-20260907,尼古貓貓,godie-u00h,鬼畜狂刀KYO,0.1707,acceptable,
community-review-34-20260907,高速婆婆,godie-e00k,安云,0.1707,acceptable,
community-review-27-20260907,庫洛魔法使,godie-nplh,麻倉葉,0.1706,acceptable,
b2-rin,遠坂凜,godie-u010,飛影,0.1705,acceptable,
b2-takopi,章魚嗶,godie-h020,莉娜因巴斯,0.1705,acceptable,
community-review-14-20260907,殺老師,godie-hart,克勞德,0.1705,acceptable,
b2-guts,凱茲,community-review-17-20260907,安茲·烏爾·恭,0.1701,acceptable,
b2-kumoko,蜘蛛子,community-review-13-20260907,朝田詩乃,0.1701,acceptable,
b2-rin,遠坂凜,community-review-15-20260907,比利海靈頓,0.1700,acceptable,
b2-touka,托卡・史考特,community-review-34-20260907,高速婆婆,0.1700,acceptable,
godie-o00x,悟空,godie-ogld,黑人牙膏,0.1700,acceptable,
godie-n00p,南野秀一,godie-u010,飛影,0.1698,acceptable,
b2-maple,梅普露,godie-h02k,熊貓,0.1696,acceptable,
b2-kumoko,蜘蛛子,community-review-02-20260907,八神庵,0.1695,acceptable,
b2-guts,凱茲,community-review-19-20260907,桐谷和人,0.1694,acceptable,
community-review-04-20260907,空條承太郎,community-review-14-20260907,殺老師,0.1692,acceptable,
community-review-22-20260907,菜月昴,godie-hvwd,桔梗,0.1692,acceptable,
b2-matthias,馬提亞斯,b2-sinbad,辛巴達,0.1689,acceptable,
b2-luckyman,幸運超人,b2-rem,蕾姆,0.1688,acceptable,
community-review-16-20260907,魔法少女☆伊莉雅,community-review-22-20260907,菜月昴,0.1688,acceptable,
b2-goblin,哥布林殺手,godie-e007,天地志狼,0.1686,acceptable,
godie-hapm,Berserker,godie-u00v,基廉列克,0.1684,acceptable,
godie-e00w,櫻綻剎那,godie-hpal,藤井八雲,0.1683,acceptable,
community-review-03-20260907,不知火舞,godie-u00l,拳四郎,0.1682,acceptable,
community-review-01-20260907,武藤遊戲,godie-n003,依文潔琳,0.1679,acceptable,
community-review-24-20260907,奇犽,godie-n01c,勇者小呆,0.1678,acceptable,
godie-etyr,木乃香,godie-h01n,黑崎一護,0.1678,acceptable,
godie-orkn,臭作,godie-u00l,拳四郎,0.1678,acceptable,
b2-boxxo,阿箱＋拉蜜絲,godie-zombiex,聖杯黑泥醬－喪標麥可,0.1677,acceptable,
community-review-23-20260907,坂田銀時,godie-huth,魔人普烏,0.1677,acceptable,
community-review-02-20260907,八神庵,godie-hpal,藤井八雲,0.1675,acceptable,
godie-o00x,悟空,godie-udea,飛鼠先生,0.1675,acceptable,
b2-bojji,波吉,godie-hapm,Berserker,0.1674,acceptable,
b2-popp,何布,community-review-19-20260907,桐谷和人,0.1674,acceptable,
godie-e008,夏娜,godie-zombiex,聖杯黑泥醬－喪標麥可,0.1674,acceptable,
community-review-17-20260907,安茲·烏爾·恭,godie-e001,龍宮禮奈,0.1671,acceptable,
community-review-14-20260907,殺老師,godie-h01u,呂布奉先,0.1670,acceptable,
community-review-24-20260907,奇犽,godie-h01n,黑崎一護,0.1670,acceptable,
godie-e007,天地志狼,godie-o00x,悟空,0.1670,acceptable,
community-review-14-20260907,殺老師,godie-u01u,索隆,0.1668,acceptable,
b2-elma,艾爾瑪,godie-h01u,呂布奉先,0.1667,acceptable,
b2-popp,何布,godie-h01u,呂布奉先,0.1667,acceptable,
b2-matthias,馬提亞斯,godie-hblm,慈悲的王者－賈修貝爾,0.1666,acceptable,
community-review-23-20260907,坂田銀時,godie-e00w,櫻綻剎那,0.1666,acceptable,
godie-h00l,林克,godie-udea,飛鼠先生,0.1666,acceptable,
b2-boxxo,阿箱＋拉蜜絲,godie-u01u,索隆,0.1665,acceptable,
b2-rem,蕾姆,community-review-08-20260907,米卡莎,0.1665,acceptable,
b2-haga,羽賀,community-review-13-20260907,朝田詩乃,0.1664,acceptable,
b2-sinbad,辛巴達,godie-hapm,Berserker,0.1664,acceptable,
b2-uncle,異世界舅舅,godie-e007,天地志狼,0.1662,acceptable,
godie-e007,天地志狼,godie-hpal,藤井八雲,0.1662,acceptable,
b2-touka,托卡・史考特,godie-e001,龍宮禮奈,0.1660,acceptable,
community-review-22-20260907,菜月昴,godie-e00w,櫻綻剎那,0.1659,acceptable,
godie-e007,天地志狼,godie-ubal,巴恩大魔王,0.1659,acceptable,
b2-touka,托卡・史考特,godie-h00l,林克,0.1657,acceptable,
godie-emfr,涅吉,godie-hart,克勞德,0.1656,acceptable,
godie-n003,依文潔琳,godie-n01c,勇者小呆,0.1656,acceptable,
b2-guts,凱茲,community-review-01-20260907,武藤遊戲,0.1655,acceptable,
b2-matthias,馬提亞斯,godie-n01c,勇者小呆,0.1654,acceptable,
community-review-18-20260907,吉爾伽美什,godie-hvwd,桔梗,0.1653,acceptable,
godie-orkn,臭作,godie-u00v,基廉列克,0.1653,acceptable,
community-review-01-20260907,武藤遊戲,godie-u00j,賽菲洛斯,0.1652,acceptable,
b2-guts,凱茲,godie-zombiex,聖杯黑泥醬－喪標麥可,0.1651,acceptable,
community-review-12-20260907,衛宮士郎,godie-orkn,臭作,0.1651,acceptable,
godie-n00p,南野秀一,godie-udea,飛鼠先生,0.1650,acceptable,
b2-haga,羽賀,godie-orkn,臭作,0.1649,acceptable,
b2-maple,梅普露,godie-o00k,皮卡娘,0.1648,acceptable,
godie-e001,龍宮禮奈,godie-u00j,賽菲洛斯,0.1648,acceptable,
community-review-01-20260907,武藤遊戲,godie-u00n,蒙其.D.魯夫,0.1647,acceptable,
community-review-15-20260907,比利海靈頓,godie-u00v,基廉列克,0.1645,acceptable,
community-review-24-20260907,奇犽,godie-h02r,妙蛙花,0.1644,acceptable,
godie-h00l,林克,godie-hblm,慈悲的王者－賈修貝爾,0.1639,acceptable,
community-review-08-20260907,米卡莎,godie-u00l,拳四郎,0.1637,acceptable,
godie-emfr,涅吉,godie-hblm,慈悲的王者－賈修貝爾,0.1637,acceptable,
community-review-30-20260907,尼古貓貓,godie-h01n,黑崎一護,0.1636,acceptable,
godie-h02u,草泥馬,godie-hblm,慈悲的王者－賈修貝爾,0.1636,acceptable,
godie-n00b,哆拉A夢,godie-o00k,皮卡娘,0.1635,acceptable,
godie-h01n,黑崎一護,godie-u01u,索隆,0.1634,acceptable,
godie-h02k,熊貓,godie-o00x,悟空,0.1634,acceptable,
community-review-14-20260907,殺老師,godie-huth,魔人普烏,0.1633,acceptable,
b2-kumoko,蜘蛛子,godie-emns,夜神月,0.1632,acceptable,
b2-maple,梅普露,b2-popp,何布,0.1632,acceptable,
community-review-25-20260907,一拳超人,godie-h020,莉娜因巴斯,0.1632,acceptable,
community-review-12-20260907,衛宮士郎,godie-n003,依文潔琳,0.1631,acceptable,
b2-elma,艾爾瑪,community-review-16-20260907,魔法少女☆伊莉雅,0.1629,acceptable,
godie-e002,Saber,godie-hapm,Berserker,0.1629,acceptable,
godie-e00k,安云,godie-n01c,勇者小呆,0.1628,acceptable,
godie-efur,揍敵客大家長－揍敵客桀諾,godie-u00j,賽菲洛斯,0.1628,acceptable,
b2-boxxo,阿箱＋拉蜜絲,godie-orkn,臭作,0.1627,acceptable,
b2-sinbad,辛巴達,godie-e00k,安云,0.1626,acceptable,
godie-e002,Saber,godie-udea,飛鼠先生,0.1626,acceptable,
community-review-05-20260907,洛克人,godie-h00l,林克,0.1624,acceptable,
community-review-14-20260907,殺老師,godie-udea,飛鼠先生,0.1623,acceptable,
b2-goblin,哥布林殺手,b2-guts,凱茲,0.1621,acceptable,
b2-nube,鵺野鳴介,community-review-14-20260907,殺老師,0.1620,acceptable,
community-review-16-20260907,魔法少女☆伊莉雅,godie-edem,宇智波佐助,0.1619,acceptable,
b2-orphen,歐菲,godie-u00v,基廉列克,0.1618,acceptable,
godie-h02k,熊貓,godie-udea,飛鼠先生,0.1616,acceptable,
community-review-03-20260907,不知火舞,godie-u00h,鬼畜狂刀KYO,0.1615,acceptable,
b2-guts,凱茲,godie-h01n,黑崎一護,0.1613,acceptable,
b2-kumoko,蜘蛛子,community-review-14-20260907,殺老師,0.1610,acceptable,
b2-takopi,章魚嗶,godie-u00l,拳四郎,0.1610,acceptable,
b2-zenitsu,我妻善逸,godie-h00l,林克,0.1610,acceptable,
godie-u010,飛影,godie-zombiex,聖杯黑泥醬－喪標麥可,0.1610,acceptable,
b2-touka,托卡・史考特,community-review-24-20260907,奇犽,0.1608,acceptable,
b2-zenitsu,我妻善逸,godie-n01c,勇者小呆,0.1608,acceptable,
b2-elma,艾爾瑪,godie-u00v,基廉列克,0.1607,acceptable,
godie-h020,莉娜因巴斯,godie-hpal,藤井八雲,0.1607,acceptable,
community-review-30-20260907,尼古貓貓,godie-ubal,巴恩大魔王,0.1606,acceptable,
godie-hblm,慈悲的王者－賈修貝爾,godie-u00j,賽菲洛斯,0.1606,acceptable,
godie-n00b,哆拉A夢,godie-u00n,蒙其.D.魯夫,0.1606,acceptable,
b2-matthias,馬提亞斯,community-review-22-20260907,菜月昴,0.1604,acceptable,
godie-hpal,藤井八雲,godie-u00n,蒙其.D.魯夫,0.1604,acceptable,
community-review-20-20260907,御坂美琴,godie-h01n,黑崎一護,0.1603,acceptable,
godie-e00k,安云,godie-udea,飛鼠先生,0.1603,acceptable,
godie-e00w,櫻綻剎那,godie-u00h,鬼畜狂刀KYO,0.1603,acceptable,
b2-rin,遠坂凜,godie-hpal,藤井八雲,0.1601,acceptable,
community-review-04-20260907,空條承太郎,community-review-19-20260907,桐谷和人,0.1601,acceptable,
godie-edem,宇智波佐助,godie-emns,夜神月,0.1601,acceptable,
b2-guts,凱茲,godie-e00r,初號機,0.1599,acceptable,
godie-h00l,林克,godie-u00h,鬼畜狂刀KYO,0.1598,acceptable,
community-review-25-20260907,一拳超人,godie-n003,依文潔琳,0.1596,acceptable,
godie-e007,天地志狼,godie-h01u,呂布奉先,0.1596,acceptable,
godie-u00n,蒙其.D.魯夫,godie-zombiex,聖杯黑泥醬－喪標麥可,0.1596,acceptable,
community-review-03-20260907,不知火舞,godie-emfr,涅吉,0.1595,acceptable,
community-review-22-20260907,菜月昴,godie-hpb1,蒼月潮,0.1595,acceptable,
b2-guts,凱茲,b2-luckyman,幸運超人,0.1594,acceptable,
godie-e007,天地志狼,godie-u00l,拳四郎,0.1594,acceptable,
community-review-14-20260907,殺老師,godie-h020,莉娜因巴斯,0.1593,acceptable,
b2-guts,凱茲,b2-nube,鵺野鳴介,0.1592,acceptable,
community-review-01-20260907,武藤遊戲,community-review-30-20260907,尼古貓貓,0.1592,acceptable,
godie-edem,宇智波佐助,godie-osam,殺生丸,0.1592,acceptable,
community-review-18-20260907,吉爾伽美什,godie-emns,夜神月,0.1591,acceptable,
b2-guts,凱茲,b2-takopi,章魚嗶,0.1590,acceptable,
godie-e007,天地志狼,godie-emfr,涅吉,0.1589,acceptable,
community-review-17-20260907,安茲·烏爾·恭,godie-e002,Saber,0.1588,acceptable,
community-review-19-20260907,桐谷和人,godie-o00l,傑洛士,0.1588,acceptable,
community-review-24-20260907,奇犽,godie-e007,天地志狼,0.1588,acceptable,
community-review-16-20260907,魔法少女☆伊莉雅,godie-hart,克勞德,0.1587,acceptable,
community-review-22-20260907,菜月昴,godie-o00k,皮卡娘,0.1587,acceptable,
godie-e00r,初號機,godie-edem,宇智波佐助,0.1587,acceptable,
godie-u00n,蒙其.D.魯夫,godie-u01u,索隆,0.1586,acceptable,
godie-e00k,安云,godie-u00h,鬼畜狂刀KYO,0.1584,acceptable,
godie-u010,飛影,godie-udea,飛鼠先生,0.1584,acceptable,
community-review-19-20260907,桐谷和人,godie-edem,宇智波佐助,0.1583,acceptable,
community-review-19-20260907,桐谷和人,godie-zombiex,聖杯黑泥醬－喪標麥可,0.1583,acceptable,
godie-e002,Saber,godie-hpal,藤井八雲,0.1582,acceptable,
b2-kumoko,蜘蛛子,b2-sinbad,辛巴達,0.1581,acceptable,
community-review-23-20260907,坂田銀時,godie-h01n,黑崎一護,0.1581,acceptable,
b2-boxxo,阿箱＋拉蜜絲,community-review-25-20260907,一拳超人,0.1579,acceptable,
community-review-08-20260907,米卡莎,godie-e008,夏娜,0.1579,acceptable,
godie-efur,揍敵客大家長－揍敵客桀諾,godie-huth,魔人普烏,0.1579,acceptable,
community-review-16-20260907,魔法少女☆伊莉雅,community-review-18-20260907,吉爾伽美什,0.1578,acceptable,
godie-e001,龍宮禮奈,godie-h02k,熊貓,0.1577,acceptable,
godie-huth,魔人普烏,godie-n00p,南野秀一,0.1575,acceptable,
community-review-03-20260907,不知火舞,godie-e001,龍宮禮奈,0.1573,acceptable,
community-review-14-20260907,殺老師,godie-emns,夜神月,0.1572,acceptable,
community-review-18-20260907,吉爾伽美什,godie-h020,莉娜因巴斯,0.1572,acceptable,
godie-efur,揍敵客大家長－揍敵客桀諾,godie-u00n,蒙其.D.魯夫,0.1570,acceptable,
godie-ogld,黑人牙膏,godie-osam,殺生丸,0.1569,acceptable,
community-review-23-20260907,坂田銀時,godie-u00n,蒙其.D.魯夫,0.1566,acceptable,
b2-sinbad,辛巴達,godie-hpb1,蒼月潮,0.1565,acceptable,
b2-rem,蕾姆,godie-n01c,勇者小呆,0.1564,acceptable,
community-review-13-20260907,朝田詩乃,godie-ubal,巴恩大魔王,0.1564,acceptable,
community-review-12-20260907,衛宮士郎,godie-u00l,拳四郎,0.1563,acceptable,
community-review-30-20260907,尼古貓貓,godie-u00v,基廉列克,0.1562,acceptable,
b2-maple,梅普露,godie-e007,天地志狼,0.1560,acceptable,
community-review-16-20260907,魔法少女☆伊莉雅,godie-h01n,黑崎一護,0.1560,acceptable,
community-review-04-20260907,空條承太郎,godie-n00p,南野秀一,0.1559,acceptable,
community-review-13-20260907,朝田詩乃,godie-edem,宇智波佐助,0.1556,acceptable,
community-review-22-20260907,菜月昴,godie-u00l,拳四郎,0.1555,acceptable,
community-review-03-20260907,不知火舞,godie-hpal,藤井八雲,0.1553,acceptable,
godie-ogld,黑人牙膏,godie-u00j,賽菲洛斯,0.1553,acceptable,
b2-orphen,歐菲,community-review-27-20260907,庫洛魔法使,0.1549,acceptable,
godie-e00k,安云,godie-h01n,黑崎一護,0.1548,acceptable,
b2-uncle,異世界舅舅,community-review-04-20260907,空條承太郎,0.1547,acceptable,
community-review-01-20260907,武藤遊戲,godie-huth,魔人普烏,0.1547,acceptable,
b2-guts,凱茲,godie-hblm,慈悲的王者－賈修貝爾,0.1545,acceptable,
b2-popp,何布,community-review-24-20260907,奇犽,0.1545,acceptable,
b2-sinbad,辛巴達,godie-u00j,賽菲洛斯,0.1545,acceptable,
community-review-14-20260907,殺老師,godie-u00j,賽菲洛斯,0.1545,acceptable,
b2-maple,梅普露,community-review-03-20260907,不知火舞,0.1544,acceptable,
b2-matthias,馬提亞斯,community-review-14-20260907,殺老師,0.1544,acceptable,
b2-sinbad,辛巴達,godie-edem,宇智波佐助,0.1543,acceptable,
godie-e002,Saber,godie-hpb1,蒼月潮,0.1543,acceptable,
community-review-08-20260907,米卡莎,community-review-20-20260907,御坂美琴,0.1542,acceptable,
community-review-18-20260907,吉爾伽美什,godie-udea,飛鼠先生,0.1542,acceptable,
godie-efur,揍敵客大家長－揍敵客桀諾,godie-hart,克勞德,0.1542,acceptable,
community-review-30-20260907,尼古貓貓,godie-zombiex,聖杯黑泥醬－喪標麥可,0.1541,acceptable,
community-review-37-20260907,吉伊卡哇,godie-h02k,熊貓,0.1541,acceptable,
b2-luckyman,幸運超人,community-review-33-20260907,近衛刀太,0.1538,acceptable,
b2-touka,托卡・史考特,godie-o00k,皮卡娘,0.1537,acceptable,
community-review-18-20260907,吉爾伽美什,godie-o00k,皮卡娘,0.1537,acceptable,
godie-hblm,慈悲的王者－賈修貝爾,godie-orkn,臭作,0.1533,acceptable,
godie-e00r,初號機,godie-osam,殺生丸,0.1531,acceptable,
b2-takopi,章魚嗶,community-review-22-20260907,菜月昴,0.1530,acceptable,
community-review-17-20260907,安茲·烏爾·恭,godie-e007,天地志狼,0.1530,acceptable,
community-review-20-20260907,御坂美琴,godie-n00p,南野秀一,0.1530,acceptable,
community-review-22-20260907,菜月昴,community-review-32-20260907,阿薩謝爾,0.1529,acceptable,
community-review-18-20260907,吉爾伽美什,godie-huth,魔人普烏,0.1528,acceptable,
b2-touka,托卡・史考特,community-review-19-20260907,桐谷和人,0.1527,acceptable,
b2-zenitsu,我妻善逸,community-review-32-20260907,阿薩謝爾,0.1527,acceptable,
godie-hart,克勞德,godie-o00k,皮卡娘,0.1527,acceptable,
b2-popp,何布,godie-n003,依文潔琳,0.1526,acceptable,
godie-hapm,Berserker,godie-o00x,悟空,0.1524,acceptable,
godie-huth,魔人普烏,godie-u00h,鬼畜狂刀KYO,0.1524,acceptable,
b2-uncle,異世界舅舅,godie-ubal,巴恩大魔王,0.1523,acceptable,
godie-e00k,安云,godie-hvwd,桔梗,0.1523,acceptable,
b2-uncle,異世界舅舅,community-review-25-20260907,一拳超人,0.1522,acceptable,
community-review-12-20260907,衛宮士郎,godie-e00w,櫻綻剎那,0.1522,acceptable,
community-review-22-20260907,菜月昴,community-review-37-20260907,吉伊卡哇,0.1521,acceptable,
godie-h02k,熊貓,godie-huth,魔人普烏,0.1521,acceptable,
b2-haga,羽賀,godie-hapm,Berserker,0.1520,acceptable,
b2-maple,梅普露,community-review-18-20260907,吉爾伽美什,0.1520,acceptable,
community-review-30-20260907,尼古貓貓,godie-hapm,Berserker,0.1520,acceptable,
b2-touka,托卡・史考特,godie-u00l,拳四郎,0.1519,acceptable,
community-review-24-20260907,奇犽,godie-e008,夏娜,0.1519,acceptable,
godie-h02k,熊貓,godie-n00p,南野秀一,0.1518,acceptable,
b2-rin,遠坂凜,godie-o00k,皮卡娘,0.1517,acceptable,
b2-kumoko,蜘蛛子,godie-u00j,賽菲洛斯,0.1516,acceptable,
community-review-08-20260907,米卡莎,godie-e00r,初號機,0.1516,acceptable,
b2-sinbad,辛巴達,godie-u010,飛影,0.1515,acceptable,
community-review-03-20260907,不知火舞,godie-hpb1,蒼月潮,0.1514,acceptable,
b2-goblin,哥布林殺手,b2-uncle,異世界舅舅,0.1513,acceptable,
b2-orphen,歐菲,b2-takopi,章魚嗶,0.1512,acceptable,
b2-zenitsu,我妻善逸,community-review-03-20260907,不知火舞,0.1512,acceptable,
community-review-01-20260907,武藤遊戲,godie-orkn,臭作,0.1511,acceptable,
b2-boxxo,阿箱＋拉蜜絲,community-review-01-20260907,武藤遊戲,0.1510,acceptable,
b2-rem,蕾姆,godie-o00k,皮卡娘,0.1510,acceptable,
godie-h020,莉娜因巴斯,godie-n00p,南野秀一,0.1509,acceptable,
community-review-01-20260907,武藤遊戲,community-review-32-20260907,阿薩謝爾,0.1508,acceptable,
b2-rem,蕾姆,godie-ubal,巴恩大魔王,0.1507,acceptable,
b2-sinbad,辛巴達,godie-udea,飛鼠先生,0.1507,acceptable,
community-review-18-20260907,吉爾伽美什,godie-o00x,悟空,0.1507,acceptable,
b2-orphen,歐菲,community-review-14-20260907,殺老師,0.1506,acceptable,
godie-efur,揍敵客大家長－揍敵客桀諾,godie-o00x,悟空,0.1505,acceptable,
b2-bojji,波吉,godie-hpb1,蒼月潮,0.1504,acceptable,
godie-hpb1,蒼月潮,godie-n00p,南野秀一,0.1504,acceptable,
b2-maple,梅普露,community-review-34-20260907,高速婆婆,0.1502,acceptable,
godie-e00k,安云,godie-o00l,傑洛士,0.1502,acceptable,
community-review-27-20260907,庫洛魔法使,godie-u01u,索隆,0.1501,acceptable,
b2-sinbad,辛巴達,community-review-32-20260907,阿薩謝爾,0.1500,acceptable,
community-review-16-20260907,魔法少女☆伊莉雅,community-review-33-20260907,近衛刀太,0.1500,acceptable,
b2-haga,羽賀,godie-huth,魔人普烏,0.1499,acceptable,
b2-zenitsu,我妻善逸,godie-h02k,熊貓,0.1499,acceptable,
b2-guts,凱茲,godie-n003,依文潔琳,0.1498,acceptable,
b2-uncle,異世界舅舅,godie-hblm,慈悲的王者－賈修貝爾,0.1498,acceptable,
community-review-25-20260907,一拳超人,community-review-34-20260907,高速婆婆,0.1495,acceptable,
godie-edem,宇智波佐助,godie-orkn,臭作,0.1495,acceptable,
b2-haga,羽賀,godie-udea,飛鼠先生,0.1493,acceptable,
godie-h01n,黑崎一護,godie-ubal,巴恩大魔王,0.1493,acceptable,
community-review-37-20260907,吉伊卡哇,godie-n01c,勇者小呆,0.1491,acceptable,
community-review-02-20260907,八神庵,community-review-14-20260907,殺老師,0.1490,acceptable,
community-review-03-20260907,不知火舞,community-review-15-20260907,比利海靈頓,0.1490,acceptable,
community-review-04-20260907,空條承太郎,godie-u00j,賽菲洛斯,0.1490,acceptable,
b2-elma,艾爾瑪,godie-u00l,拳四郎,0.1489,acceptable,
b2-matthias,馬提亞斯,community-review-34-20260907,高速婆婆,0.1489,acceptable,
godie-e00w,櫻綻剎那,godie-h020,莉娜因巴斯,0.1489,acceptable,
community-review-24-20260907,奇犽,godie-h01u,呂布奉先,0.1488,acceptable,
b2-rem,蕾姆,godie-h01n,黑崎一護,0.1487,acceptable,
community-review-25-20260907,一拳超人,godie-e007,天地志狼,0.1487,acceptable,
b2-zenitsu,我妻善逸,godie-etyr,木乃香,0.1486,acceptable,
godie-e002,Saber,godie-ubal,巴恩大魔王,0.1485,acceptable,
b2-luckyman,幸運超人,b2-takopi,章魚嗶,0.1483,acceptable,
godie-emfr,涅吉,godie-hvsh,Rider,0.1483,acceptable,
b2-bojji,波吉,community-review-14-20260907,殺老師,0.1482,acceptable,
b2-rem,蕾姆,godie-udea,飛鼠先生,0.1482,acceptable,
godie-n00p,南野秀一,godie-u01u,索隆,0.1482,acceptable,
community-review-01-20260907,武藤遊戲,godie-udea,飛鼠先生,0.1481,acceptable,
community-review-16-20260907,魔法少女☆伊莉雅,godie-orkn,臭作,0.1481,acceptable,
b2-takopi,章魚嗶,godie-nplh,麻倉葉,0.1480,acceptable,
b2-rin,遠坂凜,community-review-34-20260907,高速婆婆,0.1479,acceptable,
community-review-30-20260907,尼古貓貓,godie-hvsh,Rider,0.1479,acceptable,
b2-goblin,哥布林殺手,community-review-15-20260907,比利海靈頓,0.1475,acceptable,
b2-maple,梅普露,godie-hapm,Berserker,0.1475,acceptable,
community-review-14-20260907,殺老師,godie-u00h,鬼畜狂刀KYO,0.1475,acceptable,
godie-efur,揍敵客大家長－揍敵客桀諾,godie-zombiex,聖杯黑泥醬－喪標麥可,0.1475,acceptable,
godie-o00l,傑洛士,godie-ofar,皮卡丘,0.1475,acceptable,
godie-e007,天地志狼,godie-u00v,基廉列克,0.1474,acceptable,
community-review-22-20260907,菜月昴,community-review-30-20260907,尼古貓貓,0.1473,acceptable,
godie-e001,龍宮禮奈,godie-ubal,巴恩大魔王,0.1473,acceptable,
community-review-02-20260907,八神庵,godie-n01c,勇者小呆,0.1472,acceptable,
godie-n01c,勇者小呆,godie-u00h,鬼畜狂刀KYO,0.1472,acceptable,
godie-e007,天地志狼,godie-hvsh,Rider,0.1471,acceptable,
b2-orphen,歐菲,godie-o02p,初音,0.1470,acceptable,
godie-e008,夏娜,godie-e00r,初號機,0.1470,acceptable,
b2-luckyman,幸運超人,godie-e002,Saber,0.1469,acceptable,
b2-popp,何布,godie-hapm,Berserker,0.1469,acceptable,
community-review-15-20260907,比利海靈頓,godie-h020,莉娜因巴斯,0.1469,acceptable,
community-review-16-20260907,魔法少女☆伊莉雅,godie-ubal,巴恩大魔王,0.1469,acceptable,
community-review-05-20260907,洛克人,godie-zombiex,聖杯黑泥醬－喪標麥可,0.1468,acceptable,
godie-e00k,安云,godie-o00k,皮卡娘,0.1467,acceptable,
b2-takopi,章魚嗶,godie-o00x,悟空,0.1466,acceptable,
community-review-34-20260907,高速婆婆,godie-n00b,哆拉A夢,0.1466,acceptable,
b2-guts,凱茲,godie-udea,飛鼠先生,0.1465,acceptable,
godie-emfr,涅吉,godie-ogld,黑人牙膏,0.1465,acceptable,
community-review-23-20260907,坂田銀時,godie-u00j,賽菲洛斯,0.1464,acceptable,
community-review-37-20260907,吉伊卡哇,godie-efur,揍敵客大家長－揍敵客桀諾,0.1464,acceptable,
godie-edem,宇智波佐助,godie-o02p,初音,0.1464,acceptable,
b2-guts,凱茲,godie-e00k,安云,0.1462,acceptable,
godie-hvwd,桔梗,godie-ubal,巴恩大魔王,0.1462,acceptable,
godie-e002,Saber,godie-hvsh,Rider,0.1458,acceptable,
godie-edem,宇智波佐助,godie-h02k,熊貓,0.1457,acceptable,
godie-h020,莉娜因巴斯,godie-u00h,鬼畜狂刀KYO,0.1457,acceptable,
b2-luckyman,幸運超人,godie-u00n,蒙其.D.魯夫,0.1455,acceptable,
community-review-19-20260907,桐谷和人,community-review-24-20260907,奇犽,0.1454,acceptable,
godie-hapm,Berserker,godie-n01c,勇者小呆,0.1454,acceptable,
community-review-20-20260907,御坂美琴,godie-ubal,巴恩大魔王,0.1453,acceptable,
community-review-24-20260907,奇犽,godie-hpal,藤井八雲,0.1453,acceptable,
b2-touka,托卡・史考特,godie-osam,殺生丸,0.1451,acceptable,
godie-edem,宇智波佐助,godie-hart,克勞德,0.1451,acceptable,
b2-luckyman,幸運超人,godie-hvsh,Rider,0.1450,acceptable,
godie-e00k,安云,godie-hblm,慈悲的王者－賈修貝爾,0.1450,acceptable,
godie-o00x,悟空,godie-ubal,巴恩大魔王,0.1450,acceptable,
b2-sinbad,辛巴達,godie-hvwd,桔梗,0.1449,acceptable,
godie-orkn,臭作,godie-u00h,鬼畜狂刀KYO,0.1448,acceptable,
community-review-05-20260907,洛克人,godie-h02r,妙蛙花,0.1447,acceptable,
community-review-24-20260907,奇犽,godie-e00k,安云,0.1447,acceptable,
godie-o00x,悟空,godie-u00h,鬼畜狂刀KYO,0.1447,acceptable,
godie-u00n,蒙其.D.魯夫,godie-u010,飛影,0.1447,acceptable,
b2-luckyman,幸運超人,godie-udea,飛鼠先生,0.1445,acceptable,
godie-u00j,賽菲洛斯,godie-u00n,蒙其.D.魯夫,0.1445,acceptable,
b2-guts,凱茲,community-review-16-20260907,魔法少女☆伊莉雅,0.1444,acceptable,
community-review-23-20260907,坂田銀時,godie-ofar,皮卡丘,0.1444,acceptable,
community-review-30-20260907,尼古貓貓,godie-hpal,藤井八雲,0.1444,acceptable,
godie-e007,天地志狼,godie-emns,夜神月,0.1444,acceptable,
godie-ogld,黑人牙膏,godie-u00h,鬼畜狂刀KYO,0.1442,acceptable,
community-review-19-20260907,桐谷和人,godie-u010,飛影,0.1441,acceptable,
b2-sinbad,辛巴達,godie-zombiex,聖杯黑泥醬－喪標麥可,0.1440,acceptable,
godie-emfr,涅吉,godie-u00l,拳四郎,0.1440,acceptable,
b2-nube,鵺野鳴介,community-review-15-20260907,比利海靈頓,0.1439,acceptable,
b2-nube,鵺野鳴介,godie-emns,夜神月,0.1439,acceptable,
community-review-34-20260907,高速婆婆,godie-hpal,藤井八雲,0.1439,acceptable,
b2-bojji,波吉,godie-u00h,鬼畜狂刀KYO,0.1437,acceptable,
godie-h020,莉娜因巴斯,godie-hvwd,桔梗,0.1437,acceptable,
godie-hvwd,桔梗,godie-udea,飛鼠先生,0.1437,acceptable,
b2-kumoko,蜘蛛子,b2-touka,托卡・史考特,0.1436,acceptable,
community-review-33-20260907,近衛刀太,godie-emns,夜神月,0.1436,acceptable,
godie-etyr,木乃香,godie-h00l,林克,0.1433,acceptable,
b2-elma,艾爾瑪,godie-u010,飛影,0.1432,acceptable,
b2-uncle,異世界舅舅,community-review-12-20260907,衛宮士郎,0.1431,acceptable,
community-review-01-20260907,武藤遊戲,godie-nplh,麻倉葉,0.1431,acceptable,
community-review-13-20260907,朝田詩乃,godie-hvsh,Rider,0.1431,acceptable,
b2-rin,遠坂凜,godie-u00v,基廉列克,0.1430,acceptable,
godie-e00w,櫻綻剎那,godie-udea,飛鼠先生,0.1430,acceptable,
community-review-02-20260907,八神庵,godie-osam,殺生丸,0.1429,acceptable,
godie-hart,克勞德,godie-ubal,巴恩大魔王,0.1429,acceptable,
b2-elma,艾爾瑪,godie-u01u,索隆,0.1428,acceptable,
community-review-17-20260907,安茲·烏爾·恭,community-review-19-20260907,桐谷和人,0.1428,acceptable,
community-review-19-20260907,桐谷和人,godie-o00k,皮卡娘,0.1428,acceptable,
b2-rin,遠坂凜,godie-hvwd,桔梗,0.1427,acceptable,
b2-goblin,哥布林殺手,community-review-24-20260907,奇犽,0.1426,acceptable,
b2-nube,鵺野鳴介,b2-zenitsu,我妻善逸,0.1426,acceptable,
b2-touka,托卡・史考特,godie-u00h,鬼畜狂刀KYO,0.1426,acceptable,
community-review-08-20260907,米卡莎,godie-u010,飛影,0.1426,acceptable,
godie-h01u,呂布奉先,godie-o00x,悟空,0.1424,acceptable,
godie-h02k,熊貓,godie-n01c,勇者小呆,0.1422,acceptable,
b2-maple,梅普露,godie-hpal,藤井八雲,0.1420,acceptable,
b2-sinbad,辛巴達,community-review-04-20260907,空條承太郎,0.1419,acceptable,
community-review-16-20260907,魔法少女☆伊莉雅,godie-e007,天地志狼,0.1419,acceptable,
community-review-17-20260907,安茲·烏爾·恭,godie-n01c,勇者小呆,0.1419,acceptable,
community-review-19-20260907,桐谷和人,godie-efur,揍敵客大家長－揍敵客桀諾,0.1419,acceptable,
b2-rem,蕾姆,b2-touka,托卡・史考特,0.1417,acceptable,
community-review-08-20260907,米卡莎,community-review-16-20260907,魔法少女☆伊莉雅,0.1417,acceptable,
community-review-05-20260907,洛克人,community-review-33-20260907,近衛刀太,0.1415,acceptable,
godie-e00k,安云,godie-e00w,櫻綻剎那,0.1415,acceptable,
godie-emns,夜神月,godie-hapm,Berserker,0.1415,acceptable,
godie-ogld,黑人牙膏,godie-u01u,索隆,0.1415,acceptable,
b2-maple,梅普露,community-review-19-20260907,桐谷和人,0.1414,acceptable,
community-review-32-20260907,阿薩謝爾,godie-zombiex,聖杯黑泥醬－喪標麥可,0.1412,acceptable,
b2-maple,梅普露,godie-e00w,櫻綻剎那,0.1409,acceptable,
community-review-23-20260907,坂田銀時,community-review-24-20260907,奇犽,0.1409,acceptable,
godie-e007,天地志狼,godie-udea,飛鼠先生,0.1409,acceptable,
community-review-14-20260907,殺老師,godie-hpb1,蒼月潮,0.1408,acceptable,
community-review-24-20260907,奇犽,godie-u00j,賽菲洛斯,0.1408,acceptable,
godie-e00k,安云,godie-edem,宇智波佐助,0.1407,acceptable,
b2-rin,遠坂凜,godie-u00h,鬼畜狂刀KYO,0.1406,acceptable,
b2-haga,羽賀,godie-hvwd,桔梗,0.1405,acceptable,
community-review-27-20260907,庫洛魔法使,godie-u00h,鬼畜狂刀KYO,0.1404,acceptable,
godie-u00j,賽菲洛斯,godie-udea,飛鼠先生,0.1404,acceptable,
b2-luckyman,幸運超人,godie-hblm,慈悲的王者－賈修貝爾,0.1403,acceptable,
community-review-15-20260907,比利海靈頓,godie-emfr,涅吉,0.1403,acceptable,
godie-hapm,Berserker,godie-zombiex,聖杯黑泥醬－喪標麥可,0.1403,acceptable,
b2-guts,凱茲,godie-h020,莉娜因巴斯,0.1400,acceptable,
community-review-08-20260907,米卡莎,community-review-32-20260907,阿薩謝爾,0.1400,acceptable,
community-review-19-20260907,桐谷和人,community-review-23-20260907,坂田銀時,0.1399,acceptable,
godie-etyr,木乃香,godie-hpal,藤井八雲,0.1399,acceptable,
b2-matthias,馬提亞斯,community-review-08-20260907,米卡莎,0.1398,acceptable,
godie-u00v,基廉列克,godie-u010,飛影,0.1398,acceptable,
community-review-19-20260907,桐谷和人,godie-u00j,賽菲洛斯,0.1397,acceptable,
community-review-32-20260907,阿薩謝爾,godie-h01n,黑崎一護,0.1397,acceptable,
b2-takopi,章魚嗶,godie-hapm,Berserker,0.1396,acceptable,
godie-n01c,勇者小呆,godie-nplh,麻倉葉,0.1394,acceptable,
community-review-12-20260907,衛宮士郎,godie-n01c,勇者小呆,0.1390,acceptable,
godie-h020,莉娜因巴斯,godie-zombiex,聖杯黑泥醬－喪標麥可,0.1390,acceptable,
godie-emfr,涅吉,godie-ubal,巴恩大魔王,0.1387,acceptable,
b2-nube,鵺野鳴介,community-review-19-20260907,桐谷和人,0.1386,acceptable,
godie-o00l,傑洛士,godie-udea,飛鼠先生,0.1386,acceptable,
b2-popp,何布,community-review-32-20260907,阿薩謝爾,0.1385,acceptable,
b2-sinbad,辛巴達,godie-u00n,蒙其.D.魯夫,0.1385,acceptable,
b2-touka,托卡・史考特,community-review-16-20260907,魔法少女☆伊莉雅,0.1385,acceptable,
b2-maple,梅普露,godie-huth,魔人普烏,0.1384,acceptable,
community-review-16-20260907,魔法少女☆伊莉雅,godie-u00h,鬼畜狂刀KYO,0.1383,acceptable,
b2-maple,梅普露,godie-hvsh,Rider,0.1381,acceptable,
godie-o00k,皮卡娘,godie-zombiex,聖杯黑泥醬－喪標麥可,0.1381,acceptable,
b2-guts,凱茲,b2-kumoko,蜘蛛子,0.1380,acceptable,
b2-guts,凱茲,b2-sinbad,辛巴達,0.1379,acceptable,
community-review-22-20260907,菜月昴,godie-u01u,索隆,0.1379,acceptable,
godie-e007,天地志狼,godie-osam,殺生丸,0.1379,acceptable,
godie-e008,夏娜,godie-h01n,黑崎一護,0.1378,acceptable,
godie-u00j,賽菲洛斯,godie-zombiex,聖杯黑泥醬－喪標麥可,0.1378,acceptable,
b2-matthias,馬提亞斯,godie-o00k,皮卡娘,0.1377,acceptable,
b2-nube,鵺野鳴介,community-review-08-20260907,米卡莎,0.1377,acceptable,
community-review-34-20260907,高速婆婆,godie-e008,夏娜,0.1377,acceptable,
godie-hapm,Berserker,godie-u01u,索隆,0.1377,acceptable,
community-review-37-20260907,吉伊卡哇,godie-emns,夜神月,0.1376,acceptable,
godie-orkn,臭作,godie-u00j,賽菲洛斯,0.1376,acceptable,
community-review-04-20260907,空條承太郎,godie-hvsh,Rider,0.1375,acceptable,
community-review-01-20260907,武藤遊戲,community-review-03-20260907,不知火舞,0.1374,acceptable,
community-review-30-20260907,尼古貓貓,godie-n00b,哆拉A夢,0.1373,acceptable,
b2-guts,凱茲,b2-rin,遠坂凜,0.1372,acceptable,
b2-sinbad,辛巴達,godie-e001,龍宮禮奈,0.1372,acceptable,
godie-h01u,呂布奉先,godie-zombiex,聖杯黑泥醬－喪標麥可,0.1372,acceptable,
b2-zenitsu,我妻善逸,godie-udea,飛鼠先生,0.1371,acceptable,
community-review-02-20260907,八神庵,community-review-15-20260907,比利海靈頓,0.1371,acceptable,
b2-guts,凱茲,community-review-20-20260907,御坂美琴,0.1370,acceptable,
community-review-14-20260907,殺老師,godie-e00r,初號機,0.1370,acceptable,
b2-bojji,波吉,godie-h01n,黑崎一護,0.1369,acceptable,
b2-rin,遠坂凜,community-review-12-20260907,衛宮士郎,0.1369,acceptable,
b2-zenitsu,我妻善逸,community-review-02-20260907,八神庵,0.1369,acceptable,
community-review-01-20260907,武藤遊戲,godie-edem,宇智波佐助,0.1369,acceptable,
community-review-16-20260907,魔法少女☆伊莉雅,godie-u00k,死之王,0.1367,acceptable,
godie-h01u,呂布奉先,godie-u010,飛影,0.1366,acceptable,
b2-luckyman,幸運超人,godie-emfr,涅吉,0.1365,acceptable,
b2-sinbad,辛巴達,godie-hvsh,Rider,0.1365,acceptable,
b2-haga,羽賀,godie-n01c,勇者小呆,0.1364,acceptable,
b2-sinbad,辛巴達,community-review-16-20260907,魔法少女☆伊莉雅,0.1364,acceptable,
community-review-01-20260907,武藤遊戲,community-review-16-20260907,魔法少女☆伊莉雅,0.1362,acceptable,
b2-elma,艾爾瑪,godie-u00h,鬼畜狂刀KYO,0.1359,acceptable,
community-review-34-20260907,高速婆婆,godie-zombiex,聖杯黑泥醬－喪標麥可,0.1359,acceptable,
community-review-18-20260907,吉爾伽美什,godie-n003,依文潔琳,0.1358,acceptable,
godie-e00r,初號機,godie-huth,魔人普烏,0.1357,acceptable,
godie-n003,依文潔琳,godie-ogld,黑人牙膏,0.1357,acceptable,
b2-haga,羽賀,godie-emfr,涅吉,0.1356,acceptable,
community-review-34-20260907,高速婆婆,godie-ogld,黑人牙膏,0.1356,acceptable,
community-review-32-20260907,阿薩謝爾,godie-hpal,藤井八雲,0.1354,acceptable,
b2-bojji,波吉,godie-efur,揍敵客大家長－揍敵客桀諾,0.1353,acceptable,
b2-rin,遠坂凜,godie-e007,天地志狼,0.1351,acceptable,
community-review-33-20260907,近衛刀太,godie-hpb1,蒼月潮,0.1351,acceptable,
b2-matthias,馬提亞斯,b2-touka,托卡・史考特,0.1350,acceptable,
b2-elma,艾爾瑪,b2-kumoko,蜘蛛子,0.1349,acceptable,
community-review-01-20260907,武藤遊戲,community-review-34-20260907,高速婆婆,0.1349,acceptable,
b2-kumoko,蜘蛛子,godie-e00r,初號機,0.1348,acceptable,
community-review-16-20260907,魔法少女☆伊莉雅,community-review-17-20260907,安茲·烏爾·恭,0.1348,acceptable,
godie-edem,宇智波佐助,godie-hpal,藤井八雲,0.1347,acceptable,
godie-hpb1,蒼月潮,godie-n01c,勇者小呆,0.1347,acceptable,
b2-goblin,哥布林殺手,community-review-14-20260907,殺老師,0.1346,acceptable,
community-review-37-20260907,吉伊卡哇,godie-e008,夏娜,0.1345,acceptable,
community-review-14-20260907,殺老師,godie-hvwd,桔梗,0.1344,acceptable,
community-review-37-20260907,吉伊卡哇,godie-udea,飛鼠先生,0.1344,acceptable,
community-review-15-20260907,比利海靈頓,godie-h02k,熊貓,0.1343,acceptable,
b2-boxxo,阿箱＋拉蜜絲,b2-luckyman,幸運超人,0.1341,acceptable,
b2-boxxo,阿箱＋拉蜜絲,godie-u00k,死之王,0.1341,acceptable,
community-review-30-20260907,尼古貓貓,godie-u00j,賽菲洛斯,0.1338,acceptable,
b2-sinbad,辛巴達,community-review-19-20260907,桐谷和人,0.1337,acceptable,
community-review-19-20260907,桐谷和人,godie-nplh,麻倉葉,0.1337,acceptable,
b2-zenitsu,我妻善逸,godie-e001,龍宮禮奈,0.1336,acceptable,
community-review-23-20260907,坂田銀時,godie-hapm,Berserker,0.1336,acceptable,
community-review-27-20260907,庫洛魔法使,godie-orkn,臭作,0.1336,acceptable,
b2-sinbad,辛巴達,godie-o00x,悟空,0.1335,acceptable,
godie-e008,夏娜,godie-u00j,賽菲洛斯,0.1335,acceptable,
community-review-22-20260907,菜月昴,godie-e00k,安云,0.1334,acceptable,
community-review-22-20260907,菜月昴,godie-n01c,勇者小呆,0.1334,acceptable,
community-review-32-20260907,阿薩謝爾,godie-u010,飛影,0.1334,acceptable,
b2-matthias,馬提亞斯,community-review-03-20260907,不知火舞,0.1333,acceptable,
community-review-24-20260907,奇犽,godie-emfr,涅吉,0.1333,acceptable,
b2-goblin,哥布林殺手,godie-n00p,南野秀一,0.1331,acceptable,
community-review-01-20260907,武藤遊戲,community-review-27-20260907,庫洛魔法使,0.1331,acceptable,
community-review-14-20260907,殺老師,godie-edem,宇智波佐助,0.1331,acceptable,
community-review-33-20260907,近衛刀太,godie-o00k,皮卡娘,0.1330,acceptable,
godie-hpal,藤井八雲,godie-orkn,臭作,0.1330,acceptable,
b2-sinbad,辛巴達,community-review-03-20260907,不知火舞,0.1328,acceptable,
community-review-17-20260907,安茲·烏爾·恭,community-review-24-20260907,奇犽,0.1328,acceptable,
b2-boxxo,阿箱＋拉蜜絲,community-review-19-20260907,桐谷和人,0.1327,acceptable,
community-review-30-20260907,尼古貓貓,godie-o00l,傑洛士,0.1326,acceptable,
community-review-02-20260907,八神庵,community-review-16-20260907,魔法少女☆伊莉雅,0.1322,acceptable,
community-review-17-20260907,安茲·烏爾·恭,godie-o00k,皮卡娘,0.1322,acceptable,
godie-hart,克勞德,godie-n003,依文潔琳,0.1322,acceptable,
godie-hvwd,桔梗,godie-u00n,蒙其.D.魯夫,0.1322,acceptable,
b2-rin,遠坂凜,community-review-19-20260907,桐谷和人,0.1321,acceptable,
community-review-12-20260907,衛宮士郎,godie-u00h,鬼畜狂刀KYO,0.1321,acceptable,
b2-bojji,波吉,godie-n00p,南野秀一,0.1320,acceptable,
community-review-12-20260907,衛宮士郎,community-review-27-20260907,庫洛魔法使,0.1320,acceptable,
community-review-17-20260907,安茲·烏爾·恭,godie-h00l,林克,0.1318,acceptable,
community-review-22-20260907,菜月昴,godie-h02k,熊貓,0.1314,acceptable,
b2-zenitsu,我妻善逸,godie-ofar,皮卡丘,0.1313,acceptable,
b2-guts,凱茲,godie-osam,殺生丸,0.1311,acceptable,
godie-e007,天地志狼,godie-efur,揍敵客大家長－揍敵客桀諾,0.1311,acceptable,
b2-rem,蕾姆,community-review-24-20260907,奇犽,0.1310,acceptable,
godie-e00k,安云,godie-u00n,蒙其.D.魯夫,0.1310,acceptable,
godie-orkn,臭作,godie-ubal,巴恩大魔王,0.1310,acceptable,
godie-huth,魔人普烏,godie-ubal,巴恩大魔王,0.1307,acceptable,
b2-orphen,歐菲,godie-zombiex,聖杯黑泥醬－喪標麥可,0.1306,acceptable,
godie-e00w,櫻綻剎那,godie-osam,殺生丸,0.1306,acceptable,
community-review-32-20260907,阿薩謝爾,godie-u00j,賽菲洛斯,0.1304,acceptable,
godie-emfr,涅吉,godie-hapm,Berserker,0.1303,acceptable,
godie-etyr,木乃香,godie-o00l,傑洛士,0.1303,acceptable,
b2-rin,遠坂凜,community-review-22-20260907,菜月昴,0.1302,acceptable,
community-review-22-20260907,菜月昴,community-review-27-20260907,庫洛魔法使,0.1302,acceptable,
godie-emfr,涅吉,godie-h00l,林克,0.1299,acceptable,
b2-popp,何布,godie-h020,莉娜因巴斯,0.1298,acceptable,
b2-zenitsu,我妻善逸,godie-o00x,悟空,0.1298,acceptable,
godie-emfr,涅吉,godie-u010,飛影,0.1298,acceptable,
b2-haga,羽賀,godie-nplh,麻倉葉,0.1297,acceptable,
b2-rem,蕾姆,community-review-04-20260907,空條承太郎,0.1297,acceptable,
b2-sinbad,辛巴達,godie-n003,依文潔琳,0.1297,acceptable,
godie-edem,宇智波佐助,godie-emfr,涅吉,0.1297,acceptable,
b2-uncle,異世界舅舅,godie-n003,依文潔琳,0.1295,acceptable,
community-review-04-20260907,空條承太郎,godie-o00k,皮卡娘,0.1295,acceptable,
community-review-05-20260907,洛克人,community-review-30-20260907,尼古貓貓,0.1295,acceptable,
b2-maple,梅普露,community-review-37-20260907,吉伊卡哇,0.1294,acceptable,
godie-osam,殺生丸,godie-u00j,賽菲洛斯,0.1294,acceptable,
b2-takopi,章魚嗶,community-review-13-20260907,朝田詩乃,0.1292,acceptable,
community-review-12-20260907,衛宮士郎,godie-h02k,熊貓,0.1292,acceptable,
community-review-34-20260907,高速婆婆,godie-e001,龍宮禮奈,0.1291,acceptable,
godie-hvwd,桔梗,godie-u00h,鬼畜狂刀KYO,0.1291,acceptable,
b2-boxxo,阿箱＋拉蜜絲,community-review-22-20260907,菜月昴,0.1290,acceptable,
b2-luckyman,幸運超人,godie-n003,依文潔琳,0.1290,acceptable,
community-review-22-20260907,菜月昴,godie-u010,飛影,0.1290,acceptable,
godie-h01n,黑崎一護,godie-orkn,臭作,0.1288,acceptable,
b2-goblin,哥布林殺手,community-review-19-20260907,桐谷和人,0.1287,acceptable,
community-review-19-20260907,桐谷和人,godie-etyr,木乃香,0.1286,acceptable,
community-review-30-20260907,尼古貓貓,godie-u00k,死之王,0.1285,acceptable,
community-review-03-20260907,不知火舞,godie-n00p,南野秀一,0.1282,acceptable,
b2-zenitsu,我妻善逸,community-review-05-20260907,洛克人,0.1280,acceptable,
community-review-13-20260907,朝田詩乃,godie-efur,揍敵客大家長－揍敵客桀諾,0.1280,acceptable,
godie-e001,龍宮禮奈,godie-ofar,皮卡丘,0.1280,acceptable,
godie-hapm,Berserker,godie-hvsh,Rider,0.1280,acceptable,
godie-n01c,勇者小呆,godie-u00k,死之王,0.1280,acceptable,
b2-goblin,哥布林殺手,godie-edem,宇智波佐助,0.1278,acceptable,
b2-matthias,馬提亞斯,community-review-25-20260907,一拳超人,0.1278,acceptable,
community-review-19-20260907,桐谷和人,godie-ofar,皮卡丘,0.1276,acceptable,
b2-haga,羽賀,godie-u00n,蒙其.D.魯夫,0.1275,acceptable,
community-review-01-20260907,武藤遊戲,godie-e00k,安云,0.1275,acceptable,
community-review-12-20260907,衛宮士郎,community-review-16-20260907,魔法少女☆伊莉雅,0.1275,acceptable,
b2-sinbad,辛巴達,godie-h01u,呂布奉先,0.1273,acceptable,
community-review-04-20260907,空條承太郎,godie-huth,魔人普烏,0.1273,acceptable,
b2-rin,遠坂凜,godie-o00x,悟空,0.1272,acceptable,
godie-e00w,櫻綻剎那,godie-ubal,巴恩大魔王,0.1272,acceptable,
godie-edem,宇智波佐助,godie-etyr,木乃香,0.1272,acceptable,
b2-sinbad,辛巴達,godie-nplh,麻倉葉,0.1271,acceptable,
community-review-17-20260907,安茲·烏爾·恭,community-review-30-20260907,尼古貓貓,0.1271,acceptable,
godie-e007,天地志狼,godie-h02k,熊貓,0.1271,acceptable,
godie-e008,夏娜,godie-u00h,鬼畜狂刀KYO,0.1271,acceptable,
community-review-14-20260907,殺老師,community-review-24-20260907,奇犽,0.1270,acceptable,
b2-elma,艾爾瑪,b2-goblin,哥布林殺手,0.1267,acceptable,
b2-haga,羽賀,community-review-34-20260907,高速婆婆,0.1267,acceptable,
b2-sinbad,辛巴達,community-review-20-20260907,御坂美琴,0.1267,acceptable,
community-review-23-20260907,坂田銀時,community-review-34-20260907,高速婆婆,0.1265,acceptable,
b2-goblin,哥布林殺手,godie-e00w,櫻綻剎那,0.1263,acceptable,
b2-nube,鵺野鳴介,community-review-25-20260907,一拳超人,0.1262,acceptable,
b2-bojji,波吉,godie-nplh,麻倉葉,0.1261,acceptable,
community-review-01-20260907,武藤遊戲,community-review-02-20260907,八神庵,0.1261,acceptable,
community-review-17-20260907,安茲·烏爾·恭,godie-hblm,慈悲的王者－賈修貝爾,0.1261,acceptable,
godie-o00l,傑洛士,godie-o00x,悟空,0.1260,acceptable,
community-review-23-20260907,坂田銀時,godie-o00k,皮卡娘,0.1259,acceptable,
community-review-30-20260907,尼古貓貓,godie-u01u,索隆,0.1259,acceptable,
community-review-05-20260907,洛克人,godie-hart,克勞德,0.1258,acceptable,
b2-guts,凱茲,community-review-12-20260907,衛宮士郎,0.1257,acceptable,
community-review-18-20260907,吉爾伽美什,godie-e001,龍宮禮奈,0.1257,acceptable,
community-review-33-20260907,近衛刀太,godie-h01n,黑崎一護,0.1256,acceptable,
community-review-20-20260907,御坂美琴,godie-hpb1,蒼月潮,0.1255,acceptable,
community-review-30-20260907,尼古貓貓,godie-u010,飛影,0.1255,acceptable,
b2-matthias,馬提亞斯,godie-hapm,Berserker,0.1254,acceptable,
b2-rin,遠坂凜,godie-hpb1,蒼月潮,0.1254,acceptable,
community-review-20-20260907,御坂美琴,godie-efur,揍敵客大家長－揍敵客桀諾,0.1254,acceptable,
community-review-04-20260907,空條承太郎,godie-h020,莉娜因巴斯,0.1253,acceptable,
community-review-20-20260907,御坂美琴,community-review-34-20260907,高速婆婆,0.1253,acceptable,
community-review-34-20260907,高速婆婆,godie-emfr,涅吉,0.1253,acceptable,
godie-n00p,南野秀一,godie-ogld,黑人牙膏,0.1251,acceptable,
b2-luckyman,幸運超人,community-review-02-20260907,八神庵,0.1250,acceptable,
godie-nplh,麻倉葉,godie-o00x,悟空,0.1250,acceptable,
b2-popp,何布,b2-rem,蕾姆,0.1249,acceptable,
b2-boxxo,阿箱＋拉蜜絲,community-review-15-20260907,比利海靈頓,0.1248,acceptable,
godie-h01n,黑崎一護,godie-o00x,悟空,0.1247,acceptable,
b2-takopi,章魚嗶,godie-h01n,黑崎一護,0.1246,acceptable,
godie-e00w,櫻綻剎那,godie-hpb1,蒼月潮,0.1246,acceptable,
godie-hpb1,蒼月潮,godie-nplh,麻倉葉,0.1246,acceptable,
b2-sinbad,辛巴達,community-review-27-20260907,庫洛魔法使,0.1245,acceptable,
godie-e00k,安云,godie-h02u,草泥馬,0.1245,acceptable,
godie-hart,克勞德,godie-huth,魔人普烏,0.1245,acceptable,
godie-u00h,鬼畜狂刀KYO,godie-udea,飛鼠先生,0.1245,acceptable,
b2-takopi,章魚嗶,godie-u00n,蒙其.D.魯夫,0.1244,acceptable,
godie-h01u,呂布奉先,godie-hblm,慈悲的王者－賈修貝爾,0.1244,acceptable,
community-review-19-20260907,桐谷和人,godie-orkn,臭作,0.1243,acceptable,
b2-nube,鵺野鳴介,godie-h01n,黑崎一護,0.1242,acceptable,
community-review-05-20260907,洛克人,community-review-37-20260907,吉伊卡哇,0.1242,acceptable,
community-review-24-20260907,奇犽,godie-efur,揍敵客大家長－揍敵客桀諾,0.1242,acceptable,
community-review-32-20260907,阿薩謝爾,godie-edem,宇智波佐助,0.1242,acceptable,
community-review-14-20260907,殺老師,godie-orkn,臭作,0.1241,acceptable,
community-review-04-20260907,空條承太郎,godie-hapm,Berserker,0.1240,acceptable,
godie-h01n,黑崎一護,godie-n003,依文潔琳,0.1240,acceptable,
b2-rem,蕾姆,community-review-18-20260907,吉爾伽美什,0.1239,acceptable,
godie-e007,天地志狼,godie-u00n,蒙其.D.魯夫,0.1239,acceptable,
godie-emfr,涅吉,godie-u00j,賽菲洛斯,0.1237,acceptable,
community-review-04-20260907,空條承太郎,godie-ofar,皮卡丘,0.1236,acceptable,
b2-nube,鵺野鳴介,community-review-18-20260907,吉爾伽美什,0.1235,acceptable,
godie-e002,Saber,godie-o00k,皮卡娘,0.1234,acceptable,
b2-boxxo,阿箱＋拉蜜絲,community-review-30-20260907,尼古貓貓,0.1232,acceptable,
godie-hapm,Berserker,godie-nplh,麻倉葉,0.1231,acceptable,
community-review-23-20260907,坂田銀時,godie-hvwd,桔梗,0.1230,acceptable,
godie-h02u,草泥馬,godie-n00p,南野秀一,0.1230,acceptable,
b2-kumoko,蜘蛛子,godie-h00l,林克,0.1229,acceptable,
godie-emns,夜神月,godie-u00n,蒙其.D.魯夫,0.1229,acceptable,
b2-haga,羽賀,community-review-33-20260907,近衛刀太,0.1228,acceptable,
community-review-14-20260907,殺老師,community-review-37-20260907,吉伊卡哇,0.1228,acceptable,
godie-h02k,熊貓,godie-n00b,哆拉A夢,0.1228,acceptable,
b2-boxxo,阿箱＋拉蜜絲,godie-e00w,櫻綻剎那,0.1227,acceptable,
godie-hblm,慈悲的王者－賈修貝爾,godie-ubal,巴恩大魔王,0.1227,acceptable,
godie-e007,天地志狼,godie-zombiex,聖杯黑泥醬－喪標麥可,0.1226,acceptable,
community-review-18-20260907,吉爾伽美什,godie-e00r,初號機,0.1225,acceptable,
godie-e00k,安云,godie-huth,魔人普烏,0.1224,acceptable,
godie-n00b,哆拉A夢,godie-o00l,傑洛士,0.1224,acceptable,
community-review-24-20260907,奇犽,community-review-27-20260907,庫洛魔法使,0.1221,acceptable,
godie-h020,莉娜因巴斯,godie-u00j,賽菲洛斯,0.1218,acceptable,
godie-hpal,藤井八雲,godie-u00j,賽菲洛斯,0.1217,acceptable,
b2-guts,凱茲,godie-e007,天地志狼,0.1216,acceptable,
b2-luckyman,幸運超人,b2-maple,梅普露,0.1215,acceptable,
b2-maple,梅普露,godie-h01u,呂布奉先,0.1215,acceptable,
godie-h02k,熊貓,godie-hapm,Berserker,0.1215,acceptable,
community-review-19-20260907,桐谷和人,community-review-32-20260907,阿薩謝爾,0.1212,acceptable,
godie-h00l,林克,godie-ogld,黑人牙膏,0.1210,acceptable,
b2-guts,凱茲,godie-e001,龍宮禮奈,0.1209,acceptable,
b2-guts,凱茲,community-review-04-20260907,空條承太郎,0.1207,acceptable,
community-review-37-20260907,吉伊卡哇,godie-u00v,基廉列克,0.1206,acceptable,
godie-h00l,林克,godie-hpal,藤井八雲,0.1206,acceptable,
community-review-16-20260907,魔法少女☆伊莉雅,community-review-25-20260907,一拳超人,0.1205,acceptable,
b2-nube,鵺野鳴介,godie-zombiex,聖杯黑泥醬－喪標麥可,0.1204,acceptable,
community-review-15-20260907,比利海靈頓,community-review-34-20260907,高速婆婆,0.1204,acceptable,
community-review-18-20260907,吉爾伽美什,godie-n00b,哆拉A夢,0.1203,acceptable,
community-review-20-20260907,御坂美琴,godie-zombiex,聖杯黑泥醬－喪標麥可,0.1203,acceptable,
godie-hvwd,桔梗,godie-u00l,拳四郎,0.1203,acceptable,
community-review-03-20260907,不知火舞,godie-n00b,哆拉A夢,0.1202,acceptable,
godie-hapm,Berserker,godie-hvwd,桔梗,0.1201,acceptable,
b2-bojji,波吉,godie-hvwd,桔梗,0.1200,acceptable,
b2-matthias,馬提亞斯,godie-ubal,巴恩大魔王,0.1200,acceptable,
b2-sinbad,辛巴達,godie-orkn,臭作,0.1200,acceptable,
godie-hart,克勞德,godie-zombiex,聖杯黑泥醬－喪標麥可,0.1200,acceptable,
community-review-01-20260907,武藤遊戲,godie-emns,夜神月,0.1199,acceptable,
b2-rin,遠坂凜,godie-efur,揍敵客大家長－揍敵客桀諾,0.1198,acceptable,
godie-e00r,初號機,godie-h02k,熊貓,0.1198,acceptable,
b2-luckyman,幸運超人,godie-e001,龍宮禮奈,0.1197,acceptable,
godie-efur,揍敵客大家長－揍敵客桀諾,godie-n01c,勇者小呆,0.1197,acceptable,
b2-rin,遠坂凜,community-review-14-20260907,殺老師,0.1196,acceptable,
community-review-02-20260907,八神庵,godie-e001,龍宮禮奈,0.1196,acceptable,
b2-luckyman,幸運超人,b2-nube,鵺野鳴介,0.1195,acceptable,
community-review-18-20260907,吉爾伽美什,godie-u00j,賽菲洛斯,0.1194,acceptable,
community-review-24-20260907,奇犽,godie-osam,殺生丸,0.1194,acceptable,
godie-n003,依文潔琳,godie-u00j,賽菲洛斯,0.1194,acceptable,
community-review-33-20260907,近衛刀太,godie-e001,龍宮禮奈,0.1192,acceptable,
community-review-15-20260907,比利海靈頓,godie-e007,天地志狼,0.1189,acceptable,
godie-h01n,黑崎一護,godie-hapm,Berserker,0.1188,acceptable,
b2-guts,凱茲,b2-rem,蕾姆,0.1187,acceptable,
community-review-30-20260907,尼古貓貓,godie-nplh,麻倉葉,0.1187,acceptable,
community-review-32-20260907,阿薩謝爾,godie-h01u,呂布奉先,0.1186,acceptable,
b2-rem,蕾姆,b2-uncle,異世界舅舅,0.1183,acceptable,
b2-rin,遠坂凜,godie-hapm,Berserker,0.1183,acceptable,
godie-hblm,慈悲的王者－賈修貝爾,godie-n00b,哆拉A夢,0.1183,acceptable,
b2-maple,梅普露,b2-uncle,異世界舅舅,0.1182,acceptable,
community-review-08-20260907,米卡莎,godie-h020,莉娜因巴斯,0.1182,acceptable,
godie-hpal,藤井八雲,godie-ubal,巴恩大魔王,0.1182,acceptable,
godie-hpb1,蒼月潮,godie-o00x,悟空,0.1181,acceptable,
community-review-13-20260907,朝田詩乃,godie-h02k,熊貓,0.1180,acceptable,
community-review-13-20260907,朝田詩乃,godie-u00l,拳四郎,0.1180,acceptable,
godie-h02k,熊貓,godie-u00n,蒙其.D.魯夫,0.1179,acceptable,
godie-n003,依文潔琳,godie-u00h,鬼畜狂刀KYO,0.1179,acceptable,
community-review-13-20260907,朝田詩乃,godie-hpb1,蒼月潮,0.1178,acceptable,
community-review-15-20260907,比利海靈頓,godie-e002,Saber,0.1177,acceptable,
godie-h02r,妙蛙花,godie-hpb1,蒼月潮,0.1177,acceptable,
community-review-37-20260907,吉伊卡哇,godie-ubal,巴恩大魔王,0.1176,acceptable,
godie-emns,夜神月,godie-n00p,南野秀一,0.1176,acceptable,
b2-touka,托卡・史考特,godie-h02k,熊貓,0.1175,acceptable,
b2-zenitsu,我妻善逸,godie-u00j,賽菲洛斯,0.1175,acceptable,
community-review-14-20260907,殺老師,community-review-17-20260907,安茲·烏爾·恭,0.1175,acceptable,
community-review-23-20260907,坂田銀時,godie-emns,夜神月,0.1175,acceptable,
community-review-34-20260907,高速婆婆,godie-n00p,南野秀一,0.1173,acceptable,
godie-n01c,勇者小呆,godie-u01u,索隆,0.1173,acceptable,
godie-orkn,臭作,godie-zombiex,聖杯黑泥醬－喪標麥可,0.1173,acceptable,
community-review-16-20260907,魔法少女☆伊莉雅,godie-u00l,拳四郎,0.1172,acceptable,
b2-goblin,哥布林殺手,community-review-13-20260907,朝田詩乃,0.1171,acceptable,
b2-bojji,波吉,godie-u00l,拳四郎,0.1170,acceptable,
community-review-25-20260907,一拳超人,godie-etyr,木乃香,0.1168,acceptable,
godie-hapm,Berserker,godie-u00n,蒙其.D.魯夫,0.1167,acceptable,
community-review-16-20260907,魔法少女☆伊莉雅,godie-h02r,妙蛙花,0.1164,acceptable,
b2-goblin,哥布林殺手,community-review-03-20260907,不知火舞,0.1163,acceptable,
community-review-13-20260907,朝田詩乃,community-review-17-20260907,安茲·烏爾·恭,0.1161,acceptable,
community-review-25-20260907,一拳超人,godie-ofar,皮卡丘,0.1160,acceptable,
godie-h00l,林克,godie-zombiex,聖杯黑泥醬－喪標麥可,0.1160,acceptable,
b2-haga,羽賀,godie-u01u,索隆,0.1159,acceptable,
godie-n003,依文潔琳,godie-ofar,皮卡丘,0.1157,acceptable,
b2-goblin,哥布林殺手,community-review-34-20260907,高速婆婆,0.1156,acceptable,
community-review-18-20260907,吉爾伽美什,godie-e008,夏娜,0.1156,acceptable,
community-review-15-20260907,比利海靈頓,community-review-20-20260907,御坂美琴,0.1154,acceptable,
b2-rin,遠坂凜,b2-zenitsu,我妻善逸,0.1153,acceptable,
community-review-04-20260907,空條承太郎,godie-n00b,哆拉A夢,0.1153,acceptable,
b2-bojji,波吉,godie-e007,天地志狼,0.1152,acceptable,
community-review-02-20260907,八神庵,godie-hart,克勞德,0.1152,acceptable,
community-review-05-20260907,洛克人,godie-o00l,傑洛士,0.1152,acceptable,
community-review-17-20260907,安茲·烏爾·恭,godie-emfr,涅吉,0.1152,acceptable,
community-review-32-20260907,阿薩謝爾,godie-e007,天地志狼,0.1152,acceptable,
community-review-32-20260907,阿薩謝爾,godie-h00l,林克,0.1152,acceptable,
community-review-37-20260907,吉伊卡哇,godie-ogld,黑人牙膏,0.1150,acceptable,
b2-touka,托卡・史考特,godie-hapm,Berserker,0.1149,acceptable,
b2-kumoko,蜘蛛子,godie-edem,宇智波佐助,0.1148,acceptable,
community-review-18-20260907,吉爾伽美什,godie-e002,Saber,0.1148,acceptable,
community-review-02-20260907,八神庵,godie-ogld,黑人牙膏,0.1146,acceptable,
godie-e00r,初號機,godie-udea,飛鼠先生,0.1146,acceptable,
b2-popp,何布,godie-e008,夏娜,0.1145,acceptable,
b2-zenitsu,我妻善逸,community-review-34-20260907,高速婆婆,0.1145,acceptable,
b2-guts,凱茲,godie-u00n,蒙其.D.魯夫,0.1144,acceptable,
community-review-01-20260907,武藤遊戲,godie-ogld,黑人牙膏,0.1144,acceptable,
community-review-18-20260907,吉爾伽美什,community-review-30-20260907,尼古貓貓,0.1144,acceptable,
community-review-02-20260907,八神庵,godie-h02k,熊貓,0.1143,acceptable,
community-review-17-20260907,安茲·烏爾·恭,godie-hapm,Berserker,0.1143,acceptable,
godie-e00w,櫻綻剎那,godie-hapm,Berserker,0.1143,acceptable,
godie-u00l,拳四郎,godie-u00n,蒙其.D.魯夫,0.1143,acceptable,
b2-goblin,哥布林殺手,godie-o02p,初音,0.1142,acceptable,
community-review-03-20260907,不知火舞,godie-hart,克勞德,0.1142,acceptable,
godie-emfr,涅吉,godie-h01u,呂布奉先,0.1142,acceptable,
community-review-01-20260907,武藤遊戲,community-review-37-20260907,吉伊卡哇,0.1141,acceptable,
community-review-13-20260907,朝田詩乃,godie-hart,克勞德,0.1141,acceptable,
b2-nube,鵺野鳴介,b2-popp,何布,0.1140,acceptable,
community-review-33-20260907,近衛刀太,godie-u00h,鬼畜狂刀KYO,0.1140,acceptable,
godie-h01u,呂布奉先,godie-ofar,皮卡丘,0.1140,acceptable,
b2-uncle,異世界舅舅,godie-emfr,涅吉,0.1139,acceptable,
community-review-33-20260907,近衛刀太,godie-hapm,Berserker,0.1139,acceptable,
community-review-05-20260907,洛克人,community-review-08-20260907,米卡莎,0.1138,acceptable,
godie-h02k,熊貓,godie-zombiex,聖杯黑泥醬－喪標麥可,0.1137,acceptable,
b2-luckyman,幸運超人,community-review-24-20260907,奇犽,0.1135,acceptable,
b2-luckyman,幸運超人,godie-e00r,初號機,0.1135,acceptable,
community-review-22-20260907,菜月昴,godie-udea,飛鼠先生,0.1135,acceptable,
community-review-12-20260907,衛宮士郎,community-review-30-20260907,尼古貓貓,0.1134,acceptable,
b2-orphen,歐菲,godie-e00r,初號機,0.1133,acceptable,
b2-rin,遠坂凜,b2-uncle,異世界舅舅,0.1133,acceptable,
community-review-18-20260907,吉爾伽美什,godie-efur,揍敵客大家長－揍敵客桀諾,0.1133,acceptable,
b2-maple,梅普露,godie-zombiex,聖杯黑泥醬－喪標麥可,0.1132,acceptable,
community-review-37-20260907,吉伊卡哇,godie-osam,殺生丸,0.1132,acceptable,
godie-n00b,哆拉A夢,godie-u010,飛影,0.1132,acceptable,
godie-u00h,鬼畜狂刀KYO,godie-u00n,蒙其.D.魯夫,0.1132,acceptable,
community-review-22-20260907,菜月昴,godie-ubal,巴恩大魔王,0.1131,acceptable,
godie-e00w,櫻綻剎那,godie-orkn,臭作,0.1131,acceptable,
godie-h020,莉娜因巴斯,godie-o02p,初音,0.1131,acceptable,
b2-rem,蕾姆,godie-ofar,皮卡丘,0.1130,acceptable,
community-review-16-20260907,魔法少女☆伊莉雅,community-review-24-20260907,奇犽,0.1130,acceptable,
b2-zenitsu,我妻善逸,godie-e008,夏娜,0.1127,acceptable,
godie-etyr,木乃香,godie-hapm,Berserker,0.1127,acceptable,
godie-o00l,傑洛士,godie-u01u,索隆,0.1127,acceptable,
b2-kumoko,蜘蛛子,community-review-01-20260907,武藤遊戲,0.1126,acceptable,
community-review-33-20260907,近衛刀太,godie-efur,揍敵客大家長－揍敵客桀諾,0.1126,acceptable,
community-review-08-20260907,米卡莎,godie-huth,魔人普烏,0.1125,acceptable,
community-review-19-20260907,桐谷和人,godie-h00l,林克,0.1124,acceptable,
b2-rin,遠坂凜,godie-ubal,巴恩大魔王,0.1123,acceptable,
community-review-20-20260907,御坂美琴,godie-orkn,臭作,0.1122,acceptable,
b2-zenitsu,我妻善逸,godie-u010,飛影,0.1121,acceptable,
godie-e007,天地志狼,godie-u00j,賽菲洛斯,0.1121,acceptable,
godie-h01u,呂布奉先,godie-n003,依文潔琳,0.1121,acceptable,
b2-guts,凱茲,community-review-22-20260907,菜月昴,0.1120,acceptable,
b2-luckyman,幸運超人,community-review-03-20260907,不知火舞,0.1120,acceptable,
godie-efur,揍敵客大家長－揍敵客桀諾,godie-hpal,藤井八雲,0.1120,acceptable,
b2-popp,何布,godie-e00k,安云,0.1119,acceptable,
community-review-22-20260907,菜月昴,godie-orkn,臭作,0.1119,acceptable,
b2-guts,凱茲,community-review-30-20260907,尼古貓貓,0.1118,acceptable,
community-review-18-20260907,吉爾伽美什,community-review-24-20260907,奇犽,0.1118,acceptable,
community-review-16-20260907,魔法少女☆伊莉雅,godie-h01u,呂布奉先,0.1117,acceptable,
community-review-16-20260907,魔法少女☆伊莉雅,godie-emns,夜神月,0.1113,acceptable,
community-review-19-20260907,桐谷和人,godie-o00x,悟空,0.1113,acceptable,
community-review-03-20260907,不知火舞,godie-e007,天地志狼,0.1112,acceptable,
b2-touka,托卡・史考特,community-review-15-20260907,比利海靈頓,0.1111,acceptable,
godie-e007,天地志狼,godie-h00l,林克,0.1111,acceptable,
godie-h020,莉娜因巴斯,godie-o00l,傑洛士,0.1111,acceptable,
community-review-25-20260907,一拳超人,godie-u010,飛影,0.1110,acceptable,
b2-guts,凱茲,community-review-14-20260907,殺老師,0.1109,acceptable,
community-review-05-20260907,洛克人,community-review-24-20260907,奇犽,0.1109,acceptable,
b2-uncle,異世界舅舅,godie-h020,莉娜因巴斯,0.1108,acceptable,
godie-o00k,皮卡娘,godie-osam,殺生丸,0.1108,acceptable,
community-review-33-20260907,近衛刀太,godie-o00x,悟空,0.1107,acceptable,
community-review-16-20260907,魔法少女☆伊莉雅,godie-h02u,草泥馬,0.1106,acceptable,
b2-goblin,哥布林殺手,godie-u00n,蒙其.D.魯夫,0.1105,acceptable,
b2-rin,遠坂凜,b2-sinbad,辛巴達,0.1105,acceptable,
community-review-20-20260907,御坂美琴,community-review-22-20260907,菜月昴,0.1105,acceptable,
community-review-12-20260907,衛宮士郎,community-review-20-20260907,御坂美琴,0.1103,acceptable,
godie-e00r,初號機,godie-o02p,初音,0.1103,acceptable,
b2-uncle,異世界舅舅,community-review-05-20260907,洛克人,0.1102,acceptable,
godie-e00k,安云,godie-ofar,皮卡丘,0.1102,acceptable,
godie-e00w,櫻綻剎那,godie-u00l,拳四郎,0.1101,acceptable,
godie-u00l,拳四郎,godie-udea,飛鼠先生,0.1101,acceptable,
b2-luckyman,幸運超人,godie-hvwd,桔梗,0.1099,acceptable,
community-review-27-20260907,庫洛魔法使,godie-h01u,呂布奉先,0.1099,acceptable,
community-review-15-20260907,比利海靈頓,godie-o02p,初音,0.1097,acceptable,
b2-nube,鵺野鳴介,godie-u00l,拳四郎,0.1096,acceptable,
community-review-01-20260907,武藤遊戲,godie-ubal,巴恩大魔王,0.1095,acceptable,
community-review-25-20260907,一拳超人,godie-u00n,蒙其.D.魯夫,0.1095,acceptable,
b2-luckyman,幸運超人,community-review-30-20260907,尼古貓貓,0.1094,acceptable,
b2-rin,遠坂凜,godie-hart,克勞德,0.1094,acceptable,
community-review-19-20260907,桐谷和人,community-review-27-20260907,庫洛魔法使,0.1094,acceptable,
godie-e001,龍宮禮奈,godie-e00w,櫻綻剎那,0.1094,acceptable,
godie-e00k,安云,godie-u01u,索隆,0.1093,acceptable,
b2-elma,艾爾瑪,godie-n01c,勇者小呆,0.1092,acceptable,
godie-h00l,林克,godie-o00l,傑洛士,0.1092,acceptable,
godie-hart,克勞德,godie-u010,飛影,0.1092,acceptable,
b2-elma,艾爾瑪,godie-n003,依文潔琳,0.1091,acceptable,
b2-uncle,異世界舅舅,community-review-30-20260907,尼古貓貓,0.1091,acceptable,
community-review-08-20260907,米卡莎,godie-o00x,悟空,0.1091,acceptable,
b2-guts,凱茲,godie-u00v,基廉列克,0.1088,acceptable,
community-review-12-20260907,衛宮士郎,godie-o00k,皮卡娘,0.1086,acceptable,
community-review-32-20260907,阿薩謝爾,godie-hapm,Berserker,0.1085,acceptable,
b2-haga,羽賀,godie-zombiex,聖杯黑泥醬－喪標麥可,0.1083,acceptable,
godie-e00r,初號機,godie-u01u,索隆,0.1083,acceptable,
b2-bojji,波吉,community-review-02-20260907,八神庵,0.1082,acceptable,
b2-haga,羽賀,godie-etyr,木乃香,0.1082,acceptable,
godie-h00l,林克,godie-n003,依文潔琳,0.1082,acceptable,
b2-orphen,歐菲,godie-o00l,傑洛士,0.1080,acceptable,
b2-touka,托卡・史考特,community-review-04-20260907,空條承太郎,0.1079,acceptable,
godie-hapm,Berserker,godie-u010,飛影,0.1079,acceptable,
b2-haga,羽賀,godie-u00j,賽菲洛斯,0.1078,acceptable,
community-review-03-20260907,不知火舞,community-review-23-20260907,坂田銀時,0.1078,acceptable,
community-review-17-20260907,安茲·烏爾·恭,godie-udea,飛鼠先生,0.1078,acceptable,
community-review-02-20260907,八神庵,community-review-30-20260907,尼古貓貓,0.1077,acceptable,
godie-emfr,涅吉,godie-hpb1,蒼月潮,0.1077,acceptable,
community-review-37-20260907,吉伊卡哇,godie-hapm,Berserker,0.1076,acceptable,
community-review-12-20260907,衛宮士郎,community-review-33-20260907,近衛刀太,0.1072,acceptable,
community-review-14-20260907,殺老師,godie-e002,Saber,0.1072,acceptable,
godie-h00l,林克,godie-h020,莉娜因巴斯,0.1072,acceptable,
community-review-30-20260907,尼古貓貓,godie-hpb1,蒼月潮,0.1071,acceptable,
b2-takopi,章魚嗶,godie-h01u,呂布奉先,0.1070,acceptable,
godie-osam,殺生丸,godie-u010,飛影,0.1070,acceptable,
b2-matthias,馬提亞斯,b2-zenitsu,我妻善逸,0.1069,acceptable,
godie-o00l,傑洛士,godie-orkn,臭作,0.1069,acceptable,
community-review-05-20260907,洛克人,godie-ogld,黑人牙膏,0.1066,acceptable,
community-review-32-20260907,阿薩謝爾,godie-o00l,傑洛士,0.1065,acceptable,
godie-n00p,南野秀一,godie-orkn,臭作,0.1065,acceptable,
community-review-19-20260907,桐谷和人,godie-huth,魔人普烏,0.1064,acceptable,
godie-nplh,麻倉葉,godie-o00k,皮卡娘,0.1064,acceptable,
godie-e008,夏娜,godie-hapm,Berserker,0.1062,acceptable,
community-review-27-20260907,庫洛魔法使,godie-u00l,拳四郎,0.1061,acceptable,
community-review-15-20260907,比利海靈頓,godie-n003,依文潔琳,0.1060,acceptable,
community-review-19-20260907,桐谷和人,godie-e002,Saber,0.1060,acceptable,
godie-ogld,黑人牙膏,godie-orkn,臭作,0.1060,acceptable,
community-review-19-20260907,桐谷和人,godie-h02u,草泥馬,0.1059,acceptable,
community-review-01-20260907,武藤遊戲,godie-o00x,悟空,0.1057,acceptable,
community-review-18-20260907,吉爾伽美什,godie-e007,天地志狼,0.1055,acceptable,
b2-kumoko,蜘蛛子,godie-nplh,麻倉葉,0.1054,acceptable,
b2-rin,遠坂凜,community-review-25-20260907,一拳超人,0.1054,acceptable,
community-review-30-20260907,尼古貓貓,godie-u00l,拳四郎,0.1053,acceptable,
godie-emfr,涅吉,godie-orkn,臭作,0.1053,acceptable,
godie-orkn,臭作,godie-u010,飛影,0.1052,acceptable,
community-review-05-20260907,洛克人,godie-h02u,草泥馬,0.1051,acceptable,
community-review-37-20260907,吉伊卡哇,godie-e00k,安云,0.1051,acceptable,
community-review-24-20260907,奇犽,godie-u00h,鬼畜狂刀KYO,0.1048,acceptable,
community-review-37-20260907,吉伊卡哇,godie-etyr,木乃香,0.1048,acceptable,
godie-hblm,慈悲的王者－賈修貝爾,godie-o00k,皮卡娘,0.1046,acceptable,
community-review-02-20260907,八神庵,godie-o00l,傑洛士,0.1045,acceptable,
b2-nube,鵺野鳴介,community-review-01-20260907,武藤遊戲,0.1044,acceptable,
community-review-02-20260907,八神庵,godie-etyr,木乃香,0.1043,acceptable,
b2-popp,何布,community-review-30-20260907,尼古貓貓,0.1042,acceptable,
community-review-24-20260907,奇犽,godie-o00x,悟空,0.1042,acceptable,
b2-guts,凱茲,community-review-08-20260907,米卡莎,0.1041,acceptable,
b2-orphen,歐菲,godie-hvsh,Rider,0.1041,acceptable,
b2-guts,凱茲,godie-etyr,木乃香,0.1040,acceptable,
community-review-02-20260907,八神庵,godie-u00n,蒙其.D.魯夫,0.1040,acceptable,
godie-emfr,涅吉,godie-u00v,基廉列克,0.1040,acceptable,
b2-luckyman,幸運超人,community-review-34-20260907,高速婆婆,0.1039,acceptable,
b2-uncle,異世界舅舅,community-review-22-20260907,菜月昴,0.1039,acceptable,
community-review-03-20260907,不知火舞,community-review-25-20260907,一拳超人,0.1039,acceptable,
community-review-19-20260907,桐谷和人,godie-h01u,呂布奉先,0.1039,acceptable,
community-review-20-20260907,御坂美琴,godie-u00n,蒙其.D.魯夫,0.1039,acceptable,
godie-e008,夏娜,godie-u010,飛影,0.1039,acceptable,
community-review-04-20260907,空條承太郎,godie-o00x,悟空,0.1037,acceptable,
b2-rem,蕾姆,community-review-17-20260907,安茲·烏爾·恭,0.1036,acceptable,
community-review-23-20260907,坂田銀時,godie-n01c,勇者小呆,0.1036,acceptable,
b2-goblin,哥布林殺手,godie-emfr,涅吉,0.1035,acceptable,
godie-hapm,Berserker,godie-n00b,哆拉A夢,0.1033,acceptable,
godie-huth,魔人普烏,godie-orkn,臭作,0.1033,acceptable,
community-review-08-20260907,米卡莎,godie-h00l,林克,0.1031,acceptable,
community-review-14-20260907,殺老師,godie-n01c,勇者小呆,0.1030,acceptable,
community-review-18-20260907,吉爾伽美什,community-review-27-20260907,庫洛魔法使,0.1030,acceptable,
godie-h02r,妙蛙花,godie-hart,克勞德,0.1030,acceptable,
b2-elma,艾爾瑪,community-review-15-20260907,比利海靈頓,0.1029,acceptable,
community-review-14-20260907,殺老師,godie-h00l,林克,0.1029,acceptable,
community-review-34-20260907,高速婆婆,godie-ubal,巴恩大魔王,0.1029,acceptable,
godie-emns,夜神月,godie-hart,克勞德,0.1029,acceptable,
community-review-14-20260907,殺老師,community-review-15-20260907,比利海靈頓,0.1028,acceptable,
b2-uncle,異世界舅舅,godie-nplh,麻倉葉,0.1026,acceptable,
community-review-20-20260907,御坂美琴,godie-ofar,皮卡丘,0.1025,acceptable,
godie-efur,揍敵客大家長－揍敵客桀諾,godie-h01u,呂布奉先,0.1025,acceptable,
community-review-37-20260907,吉伊卡哇,godie-e002,Saber,0.1023,acceptable,
godie-o00x,悟空,godie-o02p,初音,0.1023,acceptable,
b2-elma,艾爾瑪,b2-sinbad,辛巴達,0.1022,acceptable,
godie-e002,Saber,godie-o00x,悟空,0.1020,acceptable,
b2-guts,凱茲,godie-hart,克勞德,0.1018,acceptable,
b2-rem,蕾姆,godie-e007,天地志狼,0.1018,acceptable,
community-review-18-20260907,吉爾伽美什,godie-edem,宇智波佐助,0.1018,acceptable,
community-review-12-20260907,衛宮士郎,godie-h02r,妙蛙花,0.1017,acceptable,
godie-n003,依文潔琳,godie-ubal,巴恩大魔王,0.1016,acceptable,
b2-luckyman,幸運超人,community-review-20-20260907,御坂美琴,0.1015,acceptable,
community-review-13-20260907,朝田詩乃,godie-u01u,索隆,0.1014,acceptable,
godie-e00r,初號機,godie-h01u,呂布奉先,0.1014,acceptable,
godie-h01n,黑崎一護,godie-hvwd,桔梗,0.1014,acceptable,
godie-huth,魔人普烏,godie-o00l,傑洛士,0.1014,acceptable,
godie-hpb1,蒼月潮,godie-n003,依文潔琳,0.1012,acceptable,
godie-o02p,初音,godie-u010,飛影,0.1012,acceptable,
b2-boxxo,阿箱＋拉蜜絲,community-review-12-20260907,衛宮士郎,0.1011,acceptable,
b2-luckyman,幸運超人,godie-u010,飛影,0.1011,acceptable,
godie-e008,夏娜,godie-emns,夜神月,0.1011,acceptable,
godie-h01n,黑崎一護,godie-hvsh,Rider,0.1010,acceptable,
b2-maple,梅普露,community-review-17-20260907,安茲·烏爾·恭,0.1008,acceptable,
community-review-04-20260907,空條承太郎,godie-e002,Saber,0.1008,acceptable,
b2-elma,艾爾瑪,community-review-30-20260907,尼古貓貓,0.1007,acceptable,
b2-goblin,哥布林殺手,community-review-33-20260907,近衛刀太,0.1007,acceptable,
godie-e00k,安云,godie-zombiex,聖杯黑泥醬－喪標麥可,0.1007,acceptable,
community-review-13-20260907,朝田詩乃,godie-h01u,呂布奉先,0.1006,acceptable,
community-review-37-20260907,吉伊卡哇,godie-hpb1,蒼月潮,0.1006,acceptable,
community-review-18-20260907,吉爾伽美什,godie-ogld,黑人牙膏,0.1005,acceptable,
godie-n00b,哆拉A夢,godie-ubal,巴恩大魔王,0.1003,acceptable,
b2-bojji,波吉,community-review-19-20260907,桐谷和人,0.1002,acceptable,
community-review-04-20260907,空條承太郎,godie-e00w,櫻綻剎那,0.1002,acceptable,
community-review-20-20260907,御坂美琴,godie-u00h,鬼畜狂刀KYO,0.1002,acceptable,
community-review-25-20260907,一拳超人,godie-n00b,哆拉A夢,0.1001,acceptable,
godie-hpal,藤井八雲,godie-u00v,基廉列克,0.1000,acceptable,
b2-goblin,哥布林殺手,godie-efur,揍敵客大家長－揍敵客桀諾,0.0999,acceptable,
community-review-13-20260907,朝田詩乃,godie-e00r,初號機,0.0999,acceptable,
b2-bojji,波吉,godie-u00j,賽菲洛斯,0.0998,acceptable,
community-review-19-20260907,桐谷和人,godie-e007,天地志狼,0.0998,acceptable,
godie-h01u,呂布奉先,godie-o00l,傑洛士,0.0998,acceptable,
b2-zenitsu,我妻善逸,community-review-20-20260907,御坂美琴,0.0997,acceptable,
community-review-12-20260907,衛宮士郎,godie-huth,魔人普烏,0.0997,acceptable,
b2-maple,梅普露,godie-h01n,黑崎一護,0.0996,acceptable,
b2-rin,遠坂凜,godie-n00p,南野秀一,0.0996,acceptable,
community-review-01-20260907,武藤遊戲,godie-h020,莉娜因巴斯,0.0996,acceptable,
community-review-14-20260907,殺老師,godie-hapm,Berserker,0.0996,acceptable,
community-review-16-20260907,魔法少女☆伊莉雅,godie-u01u,索隆,0.0995,acceptable,
b2-popp,何布,godie-n01c,勇者小呆,0.0994,acceptable,
b2-popp,何布,godie-u00l,拳四郎,0.0993,acceptable,
godie-nplh,麻倉葉,godie-u00j,賽菲洛斯,0.0992,acceptable,
community-review-33-20260907,近衛刀太,godie-h01u,呂布奉先,0.0991,acceptable,
community-review-34-20260907,高速婆婆,godie-hblm,慈悲的王者－賈修貝爾,0.0991,acceptable,
godie-emfr,涅吉,godie-u00n,蒙其.D.魯夫,0.0991,acceptable,
godie-hapm,Berserker,godie-u00l,拳四郎,0.0989,acceptable,
community-review-20-20260907,御坂美琴,godie-e007,天地志狼,0.0988,acceptable,
godie-e00r,初號機,godie-hvsh,Rider,0.0988,acceptable,
community-review-17-20260907,安茲·烏爾·恭,community-review-34-20260907,高速婆婆,0.0987,acceptable,
community-review-37-20260907,吉伊卡哇,godie-o00l,傑洛士,0.0986,acceptable,
b2-luckyman,幸運超人,godie-e00k,安云,0.0985,acceptable,
community-review-08-20260907,米卡莎,godie-etyr,木乃香,0.0985,acceptable,
community-review-16-20260907,魔法少女☆伊莉雅,community-review-37-20260907,吉伊卡哇,0.0985,acceptable,
godie-e002,Saber,godie-n00p,南野秀一,0.0985,acceptable,
b2-luckyman,幸運超人,godie-ubal,巴恩大魔王,0.0984,acceptable,
b2-nube,鵺野鳴介,godie-u01u,索隆,0.0984,acceptable,
b2-rem,蕾姆,community-review-12-20260907,衛宮士郎,0.0984,acceptable,
community-review-32-20260907,阿薩謝爾,community-review-37-20260907,吉伊卡哇,0.0983,acceptable,
godie-hvsh,Rider,godie-n01c,勇者小呆,0.0982,acceptable,
community-review-25-20260907,一拳超人,community-review-27-20260907,庫洛魔法使,0.0981,acceptable,
godie-u00k,死之王,godie-u010,飛影,0.0981,acceptable,
community-review-33-20260907,近衛刀太,godie-hpal,藤井八雲,0.0980,acceptable,
godie-h02u,草泥馬,godie-hpb1,蒼月潮,0.0980,acceptable,
godie-nplh,麻倉葉,godie-orkn,臭作,0.0980,acceptable,
b2-bojji,波吉,community-review-33-20260907,近衛刀太,0.0979,acceptable,
community-review-12-20260907,衛宮士郎,godie-e008,夏娜,0.0979,acceptable,
godie-e00w,櫻綻剎那,godie-u00v,基廉列克,0.0977,acceptable,
b2-orphen,歐菲,godie-ogld,黑人牙膏,0.0976,acceptable,
godie-h00l,林克,godie-u00n,蒙其.D.魯夫,0.0975,acceptable,
godie-n01c,勇者小呆,godie-o00l,傑洛士,0.0975,acceptable,
community-review-19-20260907,桐谷和人,godie-hvsh,Rider,0.0974,acceptable,
godie-e007,天地志狼,godie-huth,魔人普烏,0.0974,acceptable,
godie-hvwd,桔梗,godie-u00v,基廉列克,0.0974,acceptable,
godie-hvsh,Rider,godie-nplh,麻倉葉,0.0973,acceptable,
b2-goblin,哥布林殺手,godie-h02r,妙蛙花,0.0972,acceptable,
godie-o00k,皮卡娘,godie-ofar,皮卡丘,0.0972,acceptable,
b2-uncle,異世界舅舅,godie-e001,龍宮禮奈,0.0971,acceptable,
community-review-19-20260907,桐谷和人,godie-ubal,巴恩大魔王,0.0970,acceptable,
b2-matthias,馬提亞斯,community-review-18-20260907,吉爾伽美什,0.0969,acceptable,
community-review-12-20260907,衛宮士郎,godie-hvsh,Rider,0.0968,acceptable,
godie-orkn,臭作,godie-u00n,蒙其.D.魯夫,0.0968,acceptable,
b2-maple,梅普露,godie-u010,飛影,0.0967,acceptable,
community-review-04-20260907,空條承太郎,community-review-13-20260907,朝田詩乃,0.0967,acceptable,
community-review-27-20260907,庫洛魔法使,godie-ubal,巴恩大魔王,0.0967,acceptable,
godie-n003,依文潔琳,godie-u00k,死之王,0.0967,acceptable,
b2-rem,蕾姆,godie-hpb1,蒼月潮,0.0963,acceptable,
b2-elma,艾爾瑪,community-review-14-20260907,殺老師,0.0962,acceptable,
godie-hapm,Berserker,godie-udea,飛鼠先生,0.0962,acceptable,
community-review-34-20260907,高速婆婆,godie-hart,克勞德,0.0961,acceptable,
godie-huth,魔人普烏,godie-nplh,麻倉葉,0.0961,acceptable,
godie-hpb1,蒼月潮,godie-ogld,黑人牙膏,0.0960,acceptable,
godie-u00n,蒙其.D.魯夫,godie-ubal,巴恩大魔王,0.0960,acceptable,
godie-nplh,麻倉葉,godie-u00h,鬼畜狂刀KYO,0.0959,acceptable,
community-review-27-20260907,庫洛魔法使,godie-h02u,草泥馬,0.0958,acceptable,
community-review-03-20260907,不知火舞,community-review-13-20260907,朝田詩乃,0.0957,acceptable,
godie-e007,天地志狼,godie-u010,飛影,0.0957,acceptable,
b2-kumoko,蜘蛛子,godie-hpal,藤井八雲,0.0956,acceptable,
community-review-01-20260907,武藤遊戲,community-review-20-20260907,御坂美琴,0.0956,acceptable,
godie-h00l,林克,godie-osam,殺生丸,0.0956,acceptable,
b2-maple,梅普露,b2-orphen,歐菲,0.0955,acceptable,
b2-sinbad,辛巴達,godie-efur,揍敵客大家長－揍敵客桀諾,0.0955,acceptable,
b2-nube,鵺野鳴介,godie-ubal,巴恩大魔王,0.0954,acceptable,
community-review-04-20260907,空條承太郎,community-review-15-20260907,比利海靈頓,0.0953,acceptable,
b2-guts,凱茲,godie-hapm,Berserker,0.0952,acceptable,
godie-efur,揍敵客大家長－揍敵客桀諾,godie-o00l,傑洛士,0.0952,acceptable,
b2-haga,羽賀,godie-h00l,林克,0.0951,acceptable,
b2-takopi,章魚嗶,godie-o02p,初音,0.0951,acceptable,
community-review-30-20260907,尼古貓貓,godie-ogld,黑人牙膏,0.0949,acceptable,
godie-e00r,初號機,godie-n00b,哆拉A夢,0.0949,acceptable,
godie-e00k,安云,godie-hpb1,蒼月潮,0.0947,acceptable,
godie-h02r,妙蛙花,godie-o00l,傑洛士,0.0947,acceptable,
b2-rem,蕾姆,godie-hvwd,桔梗,0.0946,acceptable,
b2-sinbad,辛巴達,godie-h00l,林克,0.0945,acceptable,
community-review-30-20260907,尼古貓貓,godie-efur,揍敵客大家長－揍敵客桀諾,0.0944,acceptable,
b2-orphen,歐菲,godie-udea,飛鼠先生,0.0943,acceptable,
community-review-15-20260907,比利海靈頓,community-review-24-20260907,奇犽,0.0943,acceptable,
community-review-32-20260907,阿薩謝爾,godie-ubal,巴恩大魔王,0.0943,acceptable,
community-review-01-20260907,武藤遊戲,godie-o00k,皮卡娘,0.0942,acceptable,
community-review-22-20260907,菜月昴,godie-emns,夜神月,0.0942,acceptable,
community-review-08-20260907,米卡莎,community-review-34-20260907,高速婆婆,0.0941,acceptable,
b2-boxxo,阿箱＋拉蜜絲,community-review-24-20260907,奇犽,0.0938,acceptable,
b2-rem,蕾姆,community-review-01-20260907,武藤遊戲,0.0938,acceptable,
community-review-30-20260907,尼古貓貓,godie-orkn,臭作,0.0938,acceptable,
godie-emfr,涅吉,godie-ofar,皮卡丘,0.0938,acceptable,
godie-e001,龍宮禮奈,godie-h02u,草泥馬,0.0937,acceptable,
b2-guts,凱茲,community-review-32-20260907,阿薩謝爾,0.0934,acceptable,
b2-guts,凱茲,godie-n00b,哆拉A夢,0.0934,acceptable,
godie-efur,揍敵客大家長－揍敵客桀諾,godie-o00k,皮卡娘,0.0934,acceptable,
godie-hpal,藤井八雲,godie-zombiex,聖杯黑泥醬－喪標麥可,0.0934,acceptable,
godie-h01n,黑崎一護,godie-u00k,死之王,0.0933,acceptable,
b2-zenitsu,我妻善逸,community-review-37-20260907,吉伊卡哇,0.0932,acceptable,
community-review-04-20260907,空條承太郎,godie-emfr,涅吉,0.0932,acceptable,
community-review-30-20260907,尼古貓貓,godie-huth,魔人普烏,0.0932,acceptable,
b2-orphen,歐菲,b2-popp,何布,0.0931,acceptable,
godie-etyr,木乃香,godie-hpb1,蒼月潮,0.0931,acceptable,
godie-u00h,鬼畜狂刀KYO,godie-u00k,死之王,0.0931,acceptable,
b2-boxxo,阿箱＋拉蜜絲,godie-hart,克勞德,0.0930,acceptable,
godie-n00b,哆拉A夢,godie-u00h,鬼畜狂刀KYO,0.0929,acceptable,
b2-maple,梅普露,godie-ubal,巴恩大魔王,0.0928,acceptable,
community-review-33-20260907,近衛刀太,godie-ubal,巴恩大魔王,0.0928,acceptable,
b2-goblin,哥布林殺手,b2-maple,梅普露,0.0927,acceptable,
community-review-08-20260907,米卡莎,godie-n00b,哆拉A夢,0.0926,acceptable,
godie-h020,莉娜因巴斯,godie-hapm,Berserker,0.0926,acceptable,
b2-elma,艾爾瑪,godie-hpb1,蒼月潮,0.0925,acceptable,
b2-matthias,馬提亞斯,community-review-01-20260907,武藤遊戲,0.0925,acceptable,
community-review-18-20260907,吉爾伽美什,community-review-32-20260907,阿薩謝爾,0.0925,acceptable,
godie-e00r,初號機,godie-o00x,悟空,0.0925,acceptable,
godie-hvwd,桔梗,godie-orkn,臭作,0.0925,acceptable,
community-review-05-20260907,洛克人,community-review-19-20260907,桐谷和人,0.0924,acceptable,
b2-elma,艾爾瑪,godie-zombiex,聖杯黑泥醬－喪標麥可,0.0923,acceptable,
godie-e008,夏娜,godie-hvwd,桔梗,0.0923,acceptable,
godie-h01u,呂布奉先,godie-h02r,妙蛙花,0.0922,acceptable,
godie-h020,莉娜因巴斯,godie-hpb1,蒼月潮,0.0922,acceptable,
godie-hart,克勞德,godie-orkn,臭作,0.0922,acceptable,
godie-u01u,索隆,godie-ubal,巴恩大魔王,0.0921,acceptable,
b2-takopi,章魚嗶,godie-e007,天地志狼,0.0920,acceptable,
community-review-17-20260907,安茲·烏爾·恭,godie-o00x,悟空,0.0920,acceptable,
community-review-13-20260907,朝田詩乃,godie-orkn,臭作,0.0919,acceptable,
godie-e007,天地志狼,godie-n003,依文潔琳,0.0919,acceptable,
community-review-17-20260907,安茲·烏爾·恭,godie-zombiex,聖杯黑泥醬－喪標麥可,0.0918,acceptable,
community-review-30-20260907,尼古貓貓,godie-hart,克勞德,0.0917,acceptable,
godie-e001,龍宮禮奈,godie-o00l,傑洛士,0.0917,acceptable,
community-review-13-20260907,朝田詩乃,godie-u00h,鬼畜狂刀KYO,0.0915,acceptable,
godie-e002,Saber,godie-u00h,鬼畜狂刀KYO,0.0915,acceptable,
b2-sinbad,辛巴達,godie-e008,夏娜,0.0912,acceptable,
b2-guts,凱茲,godie-efur,揍敵客大家長－揍敵客桀諾,0.0911,acceptable,
b2-uncle,異世界舅舅,godie-ogld,黑人牙膏,0.0911,acceptable,
b2-kumoko,蜘蛛子,community-review-19-20260907,桐谷和人,0.0910,acceptable,
community-review-05-20260907,洛克人,godie-emns,夜神月,0.0909,acceptable,
godie-emns,夜神月,godie-osam,殺生丸,0.0909,acceptable,
godie-etyr,木乃香,godie-u00l,拳四郎,0.0909,acceptable,
b2-zenitsu,我妻善逸,godie-huth,魔人普烏,0.0907,acceptable,
b2-elma,艾爾瑪,community-review-23-20260907,坂田銀時,0.0906,acceptable,
b2-touka,托卡・史考特,community-review-17-20260907,安茲·烏爾·恭,0.0906,acceptable,
community-review-19-20260907,桐谷和人,community-review-37-20260907,吉伊卡哇,0.0906,acceptable,
godie-h02u,草泥馬,godie-u00k,死之王,0.0906,acceptable,
b2-sinbad,辛巴達,community-review-05-20260907,洛克人,0.0905,acceptable,
community-review-37-20260907,吉伊卡哇,godie-hblm,慈悲的王者－賈修貝爾,0.0905,acceptable,
godie-o00k,皮卡娘,godie-u00v,基廉列克,0.0904,acceptable,
godie-hpal,藤井八雲,godie-o00k,皮卡娘,0.0903,acceptable,
community-review-16-20260907,魔法少女☆伊莉雅,godie-u010,飛影,0.0902,acceptable,
b2-boxxo,阿箱＋拉蜜絲,community-review-23-20260907,坂田銀時,0.0901,acceptable,
b2-nube,鵺野鳴介,godie-hapm,Berserker,0.0901,acceptable,
community-review-05-20260907,洛克人,godie-n00p,南野秀一,0.0900,acceptable,
godie-hblm,慈悲的王者－賈修貝爾,godie-nplh,麻倉葉,0.0900,acceptable,
godie-edem,宇智波佐助,godie-h020,莉娜因巴斯,0.0899,acceptable,
godie-hpb1,蒼月潮,godie-ubal,巴恩大魔王,0.0898,acceptable,
godie-e001,龍宮禮奈,godie-h02r,妙蛙花,0.0897,acceptable,
godie-h02k,熊貓,godie-hblm,慈悲的王者－賈修貝爾,0.0897,acceptable,
community-review-14-20260907,殺老師,godie-ubal,巴恩大魔王,0.0893,acceptable,
godie-o00l,傑洛士,godie-u010,飛影,0.0893,acceptable,
community-review-08-20260907,米卡莎,community-review-27-20260907,庫洛魔法使,0.0891,acceptable,
community-review-23-20260907,坂田銀時,godie-zombiex,聖杯黑泥醬－喪標麥可,0.0891,acceptable,
community-review-33-20260907,近衛刀太,godie-e007,天地志狼,0.0891,acceptable,
b2-kumoko,蜘蛛子,godie-h01n,黑崎一護,0.0889,acceptable,
community-review-37-20260907,吉伊卡哇,godie-u00h,鬼畜狂刀KYO,0.0889,acceptable,
godie-hart,克勞德,godie-o02p,初音,0.0889,acceptable,
community-review-23-20260907,坂田銀時,godie-udea,飛鼠先生,0.0888,acceptable,
community-review-27-20260907,庫洛魔法使,godie-hpb1,蒼月潮,0.0888,acceptable,
godie-osam,殺生丸,godie-u00n,蒙其.D.魯夫,0.0888,acceptable,
b2-goblin,哥布林殺手,godie-h02u,草泥馬,0.0887,acceptable,
b2-maple,梅普露,godie-hpb1,蒼月潮,0.0887,acceptable,
b2-orphen,歐菲,community-review-30-20260907,尼古貓貓,0.0887,acceptable,
community-review-19-20260907,桐谷和人,godie-h020,莉娜因巴斯,0.0884,acceptable,
godie-e002,Saber,godie-e007,天地志狼,0.0884,acceptable,
godie-e00w,櫻綻剎那,godie-h01n,黑崎一護,0.0884,acceptable,
community-review-03-20260907,不知火舞,community-review-22-20260907,菜月昴,0.0883,acceptable,
community-review-17-20260907,安茲·烏爾·恭,godie-ofar,皮卡丘,0.0883,acceptable,
b2-boxxo,阿箱＋拉蜜絲,godie-hapm,Berserker,0.0882,acceptable,
b2-sinbad,辛巴達,godie-h02k,熊貓,0.0882,acceptable,
community-review-04-20260907,空條承太郎,godie-u00n,蒙其.D.魯夫,0.0882,acceptable,
godie-e001,龍宮禮奈,godie-u01u,索隆,0.0882,acceptable,
godie-o00l,傑洛士,godie-ogld,黑人牙膏,0.0882,acceptable,
b2-boxxo,阿箱＋拉蜜絲,community-review-04-20260907,空條承太郎,0.0881,acceptable,
community-review-22-20260907,菜月昴,godie-hapm,Berserker,0.0881,acceptable,
godie-n003,依文潔琳,godie-u00v,基廉列克,0.0881,acceptable,
godie-ogld,黑人牙膏,godie-u00k,死之王,0.0880,acceptable,
b2-uncle,異世界舅舅,godie-orkn,臭作,0.0879,acceptable,
community-review-03-20260907,不知火舞,godie-u01u,索隆,0.0879,acceptable,
community-review-13-20260907,朝田詩乃,godie-u010,飛影,0.0879,acceptable,
b2-haga,羽賀,community-review-37-20260907,吉伊卡哇,0.0878,acceptable,
godie-e008,夏娜,godie-hart,克勞德,0.0878,acceptable,
community-review-14-20260907,殺老師,godie-osam,殺生丸,0.0877,acceptable,
b2-rin,遠坂凜,community-review-01-20260907,武藤遊戲,0.0876,acceptable,
community-review-33-20260907,近衛刀太,community-review-37-20260907,吉伊卡哇,0.0876,acceptable,
b2-haga,羽賀,godie-o00k,皮卡娘,0.0873,acceptable,
community-review-25-20260907,一拳超人,godie-huth,魔人普烏,0.0872,acceptable,
godie-n00b,哆拉A夢,godie-u00j,賽菲洛斯,0.0870,acceptable,
b2-orphen,歐菲,b2-zenitsu,我妻善逸,0.0868,acceptable,
community-review-24-20260907,奇犽,godie-zombiex,聖杯黑泥醬－喪標麥可,0.0868,acceptable,
community-review-25-20260907,一拳超人,godie-emns,夜神月,0.0868,acceptable,
b2-popp,何布,godie-o00k,皮卡娘,0.0866,acceptable,
community-review-08-20260907,米卡莎,godie-u01u,索隆,0.0866,acceptable,
godie-etyr,木乃香,godie-hvwd,桔梗,0.0865,acceptable,
community-review-25-20260907,一拳超人,godie-h00l,林克,0.0863,acceptable,
community-review-32-20260907,阿薩謝爾,godie-hart,克勞德,0.0861,acceptable,
godie-orkn,臭作,godie-udea,飛鼠先生,0.0861,acceptable,
community-review-03-20260907,不知火舞,godie-e00r,初號機,0.0860,acceptable,
community-review-08-20260907,米卡莎,godie-e001,龍宮禮奈,0.0860,acceptable,
godie-h02u,草泥馬,godie-hart,克勞德,0.0860,acceptable,
community-review-23-20260907,坂田銀時,godie-h02r,妙蛙花,0.0859,acceptable,
b2-maple,梅普露,godie-orkn,臭作,0.0858,acceptable,
community-review-27-20260907,庫洛魔法使,godie-hpal,藤井八雲,0.0858,acceptable,
godie-h02k,熊貓,godie-hvsh,Rider,0.0858,acceptable,
godie-h01n,黑崎一護,godie-n00b,哆拉A夢,0.0857,acceptable,
godie-o02p,初音,godie-u01u,索隆,0.0857,acceptable,
b2-matthias,馬提亞斯,b2-popp,何布,0.0856,acceptable,
b2-takopi,章魚嗶,godie-o00k,皮卡娘,0.0856,acceptable,
b2-zenitsu,我妻善逸,godie-h02u,草泥馬,0.0856,acceptable,
godie-h00l,林克,godie-hart,克勞德,0.0855,acceptable,
community-review-02-20260907,八神庵,godie-e00r,初號機,0.0854,acceptable,
b2-zenitsu,我妻善逸,community-review-27-20260907,庫洛魔法使,0.0853,acceptable,
godie-nplh,麻倉葉,godie-zombiex,聖杯黑泥醬－喪標麥可,0.0853,acceptable,
community-review-24-20260907,奇犽,godie-e00w,櫻綻剎那,0.0852,acceptable,
b2-touka,托卡・史考特,community-review-37-20260907,吉伊卡哇,0.0851,acceptable,
community-review-30-20260907,尼古貓貓,godie-e007,天地志狼,0.0851,acceptable,
godie-h02k,熊貓,godie-o02p,初音,0.0851,acceptable,
godie-nplh,麻倉葉,godie-ubal,巴恩大魔王,0.0851,acceptable,
community-review-19-20260907,桐谷和人,godie-e001,龍宮禮奈,0.0850,acceptable,
community-review-34-20260907,高速婆婆,godie-o00l,傑洛士,0.0850,acceptable,
community-review-18-20260907,吉爾伽美什,community-review-34-20260907,高速婆婆,0.0849,acceptable,
godie-emns,夜神月,godie-o00l,傑洛士,0.0849,acceptable,
b2-touka,托卡・史考特,godie-orkn,臭作,0.0845,acceptable,
community-review-02-20260907,八神庵,community-review-08-20260907,米卡莎,0.0845,acceptable,
godie-h02u,草泥馬,godie-o00l,傑洛士,0.0844,acceptable,
b2-elma,艾爾瑪,godie-etyr,木乃香,0.0843,acceptable,
b2-sinbad,辛巴達,godie-u00l,拳四郎,0.0843,acceptable,
community-review-14-20260907,殺老師,godie-n00b,哆拉A夢,0.0843,acceptable,
godie-efur,揍敵客大家長－揍敵客桀諾,godie-h020,莉娜因巴斯,0.0843,acceptable,
community-review-04-20260907,空條承太郎,godie-edem,宇智波佐助,0.0842,acceptable,
b2-guts,凱茲,b2-haga,羽賀,0.0841,acceptable,
community-review-32-20260907,阿薩謝爾,godie-hvwd,桔梗,0.0841,acceptable,
godie-emfr,涅吉,godie-u01u,索隆,0.0841,acceptable,
b2-rem,蕾姆,godie-h02r,妙蛙花,0.0839,acceptable,
community-review-18-20260907,吉爾伽美什,godie-ubal,巴恩大魔王,0.0839,acceptable,
godie-e00r,初號機,godie-u00l,拳四郎,0.0839,acceptable,
godie-u01u,索隆,godie-udea,飛鼠先生,0.0839,acceptable,
b2-goblin,哥布林殺手,godie-udea,飛鼠先生,0.0838,acceptable,
community-review-22-20260907,菜月昴,godie-huth,魔人普烏,0.0838,acceptable,
b2-kumoko,蜘蛛子,community-review-22-20260907,菜月昴,0.0836,acceptable,
community-review-33-20260907,近衛刀太,godie-u010,飛影,0.0836,acceptable,
b2-haga,羽賀,b2-rem,蕾姆,0.0835,acceptable,
b2-kumoko,蜘蛛子,community-review-08-20260907,米卡莎,0.0835,acceptable,
b2-orphen,歐菲,godie-etyr,木乃香,0.0835,acceptable,
godie-e001,龍宮禮奈,godie-hpal,藤井八雲,0.0832,acceptable,
godie-h020,莉娜因巴斯,godie-ogld,黑人牙膏,0.0832,acceptable,
b2-elma,艾爾瑪,godie-hapm,Berserker,0.0829,acceptable,
godie-etyr,木乃香,godie-u00j,賽菲洛斯,0.0829,acceptable,
godie-n00p,南野秀一,godie-nplh,麻倉葉,0.0829,acceptable,
b2-nube,鵺野鳴介,community-review-02-20260907,八神庵,0.0827,acceptable,
b2-haga,羽賀,community-review-16-20260907,魔法少女☆伊莉雅,0.0826,acceptable,
community-review-32-20260907,阿薩謝爾,godie-hvsh,Rider,0.0826,acceptable,
b2-bojji,波吉,godie-emns,夜神月,0.0825,acceptable,
godie-e001,龍宮禮奈,godie-hart,克勞德,0.0824,acceptable,
community-review-02-20260907,八神庵,godie-u00v,基廉列克,0.0823,acceptable,
community-review-15-20260907,比利海靈頓,godie-n00p,南野秀一,0.0823,acceptable,
b2-nube,鵺野鳴介,godie-orkn,臭作,0.0822,acceptable,
godie-e001,龍宮禮奈,godie-u010,飛影,0.0822,acceptable,
godie-etyr,木乃香,godie-n00p,南野秀一,0.0822,acceptable,
godie-n00p,南野秀一,godie-o00x,悟空,0.0821,acceptable,
b2-takopi,章魚嗶,community-review-02-20260907,八神庵,0.0820,acceptable,
godie-e007,天地志狼,godie-hart,克勞德,0.0820,acceptable,
b2-matthias,馬提亞斯,community-review-37-20260907,吉伊卡哇,0.0819,acceptable,
godie-n003,依文潔琳,godie-u01u,索隆,0.0819,acceptable,
b2-goblin,哥布林殺手,community-review-37-20260907,吉伊卡哇,0.0818,acceptable,
b2-uncle,異世界舅舅,godie-hapm,Berserker,0.0818,acceptable,
b2-luckyman,幸運超人,b2-matthias,馬提亞斯,0.0817,acceptable,
community-review-13-20260907,朝田詩乃,godie-osam,殺生丸,0.0817,acceptable,
community-review-19-20260907,桐谷和人,godie-u00n,蒙其.D.魯夫,0.0817,acceptable,
godie-e00r,初號機,godie-h020,莉娜因巴斯,0.0817,acceptable,
b2-kumoko,蜘蛛子,godie-o00l,傑洛士,0.0816,acceptable,
b2-rem,蕾姆,godie-hapm,Berserker,0.0816,acceptable,
godie-e00r,初號機,godie-nplh,麻倉葉,0.0816,acceptable,
godie-o00x,悟空,godie-orkn,臭作,0.0816,acceptable,
b2-guts,凱茲,b2-maple,梅普露,0.0815,acceptable,
b2-takopi,章魚嗶,community-review-03-20260907,不知火舞,0.0815,acceptable,
community-review-16-20260907,魔法少女☆伊莉雅,godie-n00p,南野秀一,0.0815,acceptable,
community-review-23-20260907,坂田銀時,godie-n003,依文潔琳,0.0814,acceptable,
community-review-32-20260907,阿薩謝爾,godie-o02p,初音,0.0814,acceptable,
godie-huth,魔人普烏,godie-osam,殺生丸,0.0814,acceptable,
b2-luckyman,幸運超人,godie-o00k,皮卡娘,0.0812,acceptable,
community-review-05-20260907,洛克人,community-review-25-20260907,一拳超人,0.0812,acceptable,
godie-e00k,安云,godie-h02r,妙蛙花,0.0811,acceptable,
b2-elma,艾爾瑪,godie-hpal,藤井八雲,0.0810,acceptable,
community-review-22-20260907,菜月昴,godie-e00r,初號機,0.0810,acceptable,
b2-rem,蕾姆,community-review-23-20260907,坂田銀時,0.0809,acceptable,
community-review-24-20260907,奇犽,community-review-32-20260907,阿薩謝爾,0.0809,acceptable,
godie-hvsh,Rider,godie-u01u,索隆,0.0809,acceptable,
community-review-20-20260907,御坂美琴,godie-hapm,Berserker,0.0808,acceptable,
godie-o00k,皮卡娘,godie-ogld,黑人牙膏,0.0808,acceptable,
b2-zenitsu,我妻善逸,godie-zombiex,聖杯黑泥醬－喪標麥可,0.0807,acceptable,
community-review-13-20260907,朝田詩乃,godie-n00p,南野秀一,0.0805,acceptable,
godie-h01u,呂布奉先,godie-hvwd,桔梗,0.0804,acceptable,
b2-kumoko,蜘蛛子,community-review-15-20260907,比利海靈頓,0.0803,acceptable,
b2-maple,梅普露,godie-u00h,鬼畜狂刀KYO,0.0803,acceptable,
community-review-08-20260907,米卡莎,godie-o00k,皮卡娘,0.0803,acceptable,
community-review-27-20260907,庫洛魔法使,godie-e002,Saber,0.0803,acceptable,
godie-emfr,涅吉,godie-zombiex,聖杯黑泥醬－喪標麥可,0.0802,acceptable,
godie-h01n,黑崎一護,godie-h020,莉娜因巴斯,0.0802,acceptable,
godie-e007,天地志狼,godie-orkn,臭作,0.0801,acceptable,
b2-rem,蕾姆,godie-hart,克勞德,0.0799,acceptable,
b2-sinbad,辛巴達,godie-o02p,初音,0.0798,acceptable,
godie-e00r,初號機,godie-h01n,黑崎一護,0.0798,acceptable,
godie-h020,莉娜因巴斯,godie-hart,克勞德,0.0798,acceptable,
community-review-24-20260907,奇犽,community-review-37-20260907,吉伊卡哇,0.0797,acceptable,
b2-haga,羽賀,godie-e002,Saber,0.0796,acceptable,
community-review-15-20260907,比利海靈頓,godie-u00n,蒙其.D.魯夫,0.0795,acceptable,
community-review-25-20260907,一拳超人,community-review-37-20260907,吉伊卡哇,0.0794,acceptable,
b2-guts,凱茲,community-review-05-20260907,洛克人,0.0793,acceptable,
b2-zenitsu,我妻善逸,godie-n00b,哆拉A夢,0.0793,acceptable,
community-review-12-20260907,衛宮士郎,community-review-37-20260907,吉伊卡哇,0.0792,acceptable,
godie-emfr,涅吉,godie-huth,魔人普烏,0.0792,acceptable,
community-review-01-20260907,武藤遊戲,godie-h00l,林克,0.0791,acceptable,
community-review-22-20260907,菜月昴,godie-o00x,悟空,0.0791,acceptable,
community-review-25-20260907,一拳超人,godie-efur,揍敵客大家長－揍敵客桀諾,0.0790,acceptable,
godie-o00k,皮卡娘,godie-ubal,巴恩大魔王,0.0790,acceptable,
community-review-01-20260907,武藤遊戲,godie-etyr,木乃香,0.0789,acceptable,
community-review-13-20260907,朝田詩乃,godie-zombiex,聖杯黑泥醬－喪標麥可,0.0788,acceptable,
godie-e001,龍宮禮奈,godie-h00l,林克,0.0787,acceptable,
community-review-04-20260907,空條承太郎,community-review-34-20260907,高速婆婆,0.0786,acceptable,
community-review-27-20260907,庫洛魔法使,godie-n00p,南野秀一,0.0786,acceptable,
community-review-30-20260907,尼古貓貓,godie-emns,夜神月,0.0786,acceptable,
godie-hblm,慈悲的王者－賈修貝爾,godie-hvsh,Rider,0.0786,acceptable,
b2-rem,蕾姆,godie-h01u,呂布奉先,0.0785,acceptable,
b2-zenitsu,我妻善逸,godie-h02r,妙蛙花,0.0785,acceptable,
b2-haga,羽賀,b2-maple,梅普露,0.0784,acceptable,
godie-e008,夏娜,godie-orkn,臭作,0.0784,acceptable,
godie-ubal,巴恩大魔王,godie-zombiex,聖杯黑泥醬－喪標麥可,0.0784,acceptable,
godie-e00k,安云,godie-n00p,南野秀一,0.0783,acceptable,
b2-matthias,馬提亞斯,godie-hpal,藤井八雲,0.0782,acceptable,
b2-rem,蕾姆,community-review-19-20260907,桐谷和人,0.0782,acceptable,
community-review-37-20260907,吉伊卡哇,godie-hart,克勞德,0.0780,acceptable,
godie-n00p,南野秀一,godie-zombiex,聖杯黑泥醬－喪標麥可,0.0778,acceptable,
godie-e002,Saber,godie-hblm,慈悲的王者－賈修貝爾,0.0777,acceptable,
community-review-17-20260907,安茲·烏爾·恭,godie-huth,魔人普烏,0.0774,acceptable,
community-review-19-20260907,桐谷和人,godie-h02r,妙蛙花,0.0774,acceptable,
b2-goblin,哥布林殺手,godie-u010,飛影,0.0773,acceptable,
godie-efur,揍敵客大家長－揍敵客桀諾,godie-emfr,涅吉,0.0773,acceptable,
b2-rem,蕾姆,godie-edem,宇智波佐助,0.0772,acceptable,
community-review-24-20260907,奇犽,godie-o00l,傑洛士,0.0772,acceptable,
godie-h02r,妙蛙花,godie-h02u,草泥馬,0.0772,acceptable,
community-review-25-20260907,一拳超人,godie-n01c,勇者小呆,0.0771,acceptable,
godie-n00b,哆拉A夢,godie-u01u,索隆,0.0770,acceptable,
community-review-22-20260907,菜月昴,godie-etyr,木乃香,0.0769,acceptable,
godie-e00r,初號機,godie-o00k,皮卡娘,0.0769,acceptable,
b2-bojji,波吉,godie-u00n,蒙其.D.魯夫,0.0767,acceptable,
community-review-14-20260907,殺老師,community-review-30-20260907,尼古貓貓,0.0767,acceptable,
godie-hpal,藤井八雲,godie-ogld,黑人牙膏,0.0766,acceptable,
b2-rin,遠坂凜,godie-u01u,索隆,0.0765,acceptable,
b2-haga,羽賀,community-review-32-20260907,阿薩謝爾,0.0764,acceptable,
godie-h02k,熊貓,godie-hvwd,桔梗,0.0764,acceptable,
b2-kumoko,蜘蛛子,community-review-37-20260907,吉伊卡哇,0.0763,acceptable,
community-review-04-20260907,空條承太郎,godie-h02r,妙蛙花,0.0762,acceptable,
community-review-20-20260907,御坂美琴,godie-h02u,草泥馬,0.0762,acceptable,
b2-rem,蕾姆,godie-h02u,草泥馬,0.0761,acceptable,
godie-hblm,慈悲的王者－賈修貝爾,godie-ogld,黑人牙膏,0.0761,acceptable,
godie-hpal,藤井八雲,godie-huth,魔人普烏,0.0760,acceptable,
godie-hvsh,Rider,godie-u00h,鬼畜狂刀KYO,0.0760,acceptable,
godie-n00p,南野秀一,godie-u00v,基廉列克,0.0760,acceptable,
b2-kumoko,蜘蛛子,b2-zenitsu,我妻善逸,0.0759,acceptable,
godie-emns,夜神月,godie-u00h,鬼畜狂刀KYO,0.0758,acceptable,
b2-bojji,波吉,community-review-24-20260907,奇犽,0.0757,acceptable,
godie-osam,殺生丸,godie-udea,飛鼠先生,0.0757,acceptable,
b2-haga,羽賀,community-review-30-20260907,尼古貓貓,0.0756,acceptable,
b2-takopi,章魚嗶,godie-u010,飛影,0.0756,acceptable,
community-review-33-20260907,近衛刀太,godie-huth,魔人普烏,0.0755,acceptable,
godie-edem,宇智波佐助,godie-ogld,黑人牙膏,0.0755,acceptable,
b2-uncle,異世界舅舅,community-review-13-20260907,朝田詩乃,0.0754,acceptable,
godie-h02r,妙蛙花,godie-n003,依文潔琳,0.0753,acceptable,
community-review-03-20260907,不知火舞,godie-u00v,基廉列克,0.0752,acceptable,
community-review-15-20260907,比利海靈頓,godie-h00l,林克,0.0752,acceptable,
community-review-02-20260907,八神庵,community-review-32-20260907,阿薩謝爾,0.0751,acceptable,
b2-rin,遠坂凜,b2-takopi,章魚嗶,0.0750,acceptable,
community-review-20-20260907,御坂美琴,godie-h01u,呂布奉先,0.0750,acceptable,
community-review-20-20260907,御坂美琴,godie-u00j,賽菲洛斯,0.0750,acceptable,
godie-e00k,安云,godie-u00l,拳四郎,0.0750,acceptable,
community-review-04-20260907,空條承太郎,godie-zombiex,聖杯黑泥醬－喪標麥可,0.0749,acceptable,
godie-edem,宇智波佐助,godie-o00l,傑洛士,0.0748,acceptable,
godie-hpal,藤井八雲,godie-ofar,皮卡丘,0.0748,acceptable,
b2-orphen,歐菲,community-review-33-20260907,近衛刀太,0.0747,acceptable,
b2-orphen,歐菲,community-review-22-20260907,菜月昴,0.0745,acceptable,
b2-rin,遠坂凜,godie-ofar,皮卡丘,0.0745,acceptable,
community-review-12-20260907,衛宮士郎,community-review-32-20260907,阿薩謝爾,0.0745,acceptable,
community-review-16-20260907,魔法少女☆伊莉雅,godie-hpal,藤井八雲,0.0743,acceptable,
godie-hblm,慈悲的王者－賈修貝爾,godie-osam,殺生丸,0.0743,acceptable,
godie-hpal,藤井八雲,godie-udea,飛鼠先生,0.0743,acceptable,
b2-goblin,哥布林殺手,godie-e002,Saber,0.0741,acceptable,
community-review-03-20260907,不知火舞,godie-nplh,麻倉葉,0.0741,acceptable,
godie-o02p,初音,godie-u00h,鬼畜狂刀KYO,0.0740,acceptable,
b2-luckyman,幸運超人,godie-o00x,悟空,0.0739,acceptable,
community-review-05-20260907,洛克人,godie-e007,天地志狼,0.0739,acceptable,
community-review-33-20260907,近衛刀太,community-review-34-20260907,高速婆婆,0.0739,acceptable,
community-review-03-20260907,不知火舞,godie-o00l,傑洛士,0.0738,acceptable,
community-review-12-20260907,衛宮士郎,community-review-15-20260907,比利海靈頓,0.0738,acceptable,
community-review-24-20260907,奇犽,godie-u010,飛影,0.0738,acceptable,
community-review-03-20260907,不知火舞,community-review-08-20260907,米卡莎,0.0736,acceptable,
godie-n00p,南野秀一,godie-o00k,皮卡娘,0.0736,acceptable,
community-review-32-20260907,阿薩謝爾,godie-u00l,拳四郎,0.0735,acceptable,
godie-o00l,傑洛士,godie-u00l,拳四郎,0.0735,acceptable,
community-review-12-20260907,衛宮士郎,godie-e002,Saber,0.0734,acceptable,
community-review-04-20260907,空條承太郎,godie-hvwd,桔梗,0.0731,acceptable,
godie-efur,揍敵客大家長－揍敵客桀諾,godie-u00k,死之王,0.0730,acceptable,
b2-elma,艾爾瑪,godie-h01n,黑崎一護,0.0729,acceptable,
community-review-04-20260907,空條承太郎,community-review-27-20260907,庫洛魔法使,0.0729,acceptable,
community-review-08-20260907,米卡莎,godie-ogld,黑人牙膏,0.0727,acceptable,
community-review-37-20260907,吉伊卡哇,godie-zombiex,聖杯黑泥醬－喪標麥可,0.0726,acceptable,
godie-emfr,涅吉,godie-u00k,死之王,0.0726,acceptable,
b2-haga,羽賀,community-review-03-20260907,不知火舞,0.0725,acceptable,
community-review-04-20260907,空條承太郎,godie-u00v,基廉列克,0.0724,acceptable,
community-review-14-20260907,殺老師,godie-efur,揍敵客大家長－揍敵客桀諾,0.0721,acceptable,
community-review-30-20260907,尼古貓貓,godie-h00l,林克,0.0721,acceptable,
godie-h02u,草泥馬,godie-ofar,皮卡丘,0.0721,acceptable,
community-review-04-20260907,空條承太郎,community-review-30-20260907,尼古貓貓,0.0718,acceptable,
b2-luckyman,幸運超人,community-review-27-20260907,庫洛魔法使,0.0717,acceptable,
community-review-02-20260907,八神庵,godie-zombiex,聖杯黑泥醬－喪標麥可,0.0717,acceptable,
b2-matthias,馬提亞斯,godie-hvwd,桔梗,0.0716,acceptable,
b2-kumoko,蜘蛛子,godie-hapm,Berserker,0.0715,acceptable,
b2-rem,蕾姆,godie-orkn,臭作,0.0715,acceptable,
community-review-05-20260907,洛克人,godie-u00j,賽菲洛斯,0.0715,acceptable,
godie-h02u,草泥馬,godie-u010,飛影,0.0714,acceptable,
godie-hvwd,桔梗,godie-o00x,悟空,0.0714,acceptable,
b2-boxxo,阿箱＋拉蜜絲,b2-goblin,哥布林殺手,0.0713,acceptable,
b2-sinbad,辛巴達,godie-n01c,勇者小呆,0.0713,acceptable,
community-review-15-20260907,比利海靈頓,community-review-27-20260907,庫洛魔法使,0.0713,acceptable,
community-review-18-20260907,吉爾伽美什,godie-h02k,熊貓,0.0713,acceptable,
community-review-20-20260907,御坂美琴,godie-h02r,妙蛙花,0.0713,acceptable,
godie-o00l,傑洛士,godie-u00j,賽菲洛斯,0.0713,acceptable,
community-review-27-20260907,庫洛魔法使,godie-u00k,死之王,0.0712,acceptable,
b2-haga,羽賀,godie-h02k,熊貓,0.0708,acceptable,
community-review-02-20260907,八神庵,godie-orkn,臭作,0.0708,acceptable,
community-review-15-20260907,比利海靈頓,community-review-19-20260907,桐谷和人,0.0708,acceptable,
godie-e00w,櫻綻剎那,godie-ofar,皮卡丘,0.0708,acceptable,
community-review-24-20260907,奇犽,godie-h02u,草泥馬,0.0707,acceptable,
b2-uncle,異世界舅舅,community-review-19-20260907,桐谷和人,0.0706,acceptable,
community-review-03-20260907,不知火舞,community-review-30-20260907,尼古貓貓,0.0705,acceptable,
b2-kumoko,蜘蛛子,godie-hvwd,桔梗,0.0704,acceptable,
b2-takopi,章魚嗶,community-review-37-20260907,吉伊卡哇,0.0704,acceptable,
community-review-27-20260907,庫洛魔法使,godie-hart,克勞德,0.0704,acceptable,
godie-u00l,拳四郎,godie-zombiex,聖杯黑泥醬－喪標麥可,0.0704,acceptable,
b2-maple,梅普露,godie-u00j,賽菲洛斯,0.0703,acceptable,
b2-popp,何布,community-review-37-20260907,吉伊卡哇,0.0703,acceptable,
godie-etyr,木乃香,godie-ogld,黑人牙膏,0.0702,acceptable,
godie-hpb1,蒼月潮,godie-u00k,死之王,0.0702,acceptable,
community-review-15-20260907,比利海靈頓,godie-n00b,哆拉A夢,0.0700,acceptable,
b2-kumoko,蜘蛛子,community-review-24-20260907,奇犽,0.0699,acceptable,
godie-e00r,初號機,godie-u00n,蒙其.D.魯夫,0.0699,acceptable,
b2-rem,蕾姆,godie-u00v,基廉列克,0.0698,acceptable,
godie-emfr,涅吉,godie-osam,殺生丸,0.0697,acceptable,
community-review-25-20260907,一拳超人,godie-h02u,草泥馬,0.0696,acceptable,
b2-touka,托卡・史考特,godie-hvwd,桔梗,0.0693,acceptable,
community-review-33-20260907,近衛刀太,godie-n00b,哆拉A夢,0.0693,acceptable,
community-review-01-20260907,武藤遊戲,godie-e001,龍宮禮奈,0.0692,acceptable,
community-review-15-20260907,比利海靈頓,godie-h01n,黑崎一護,0.0692,acceptable,
community-review-32-20260907,阿薩謝爾,godie-e00w,櫻綻剎那,0.0690,acceptable,
godie-e007,天地志狼,godie-e00r,初號機,0.0689,acceptable,
godie-hvwd,桔梗,godie-ofar,皮卡丘,0.0689,acceptable,
b2-maple,梅普露,godie-efur,揍敵客大家長－揍敵客桀諾,0.0688,acceptable,
community-review-32-20260907,阿薩謝爾,godie-u01u,索隆,0.0688,acceptable,
b2-popp,何布,b2-rin,遠坂凜,0.0686,acceptable,
community-review-37-20260907,吉伊卡哇,godie-o02p,初音,0.0686,acceptable,
community-review-37-20260907,吉伊卡哇,godie-u00j,賽菲洛斯,0.0686,acceptable,
community-review-14-20260907,殺老師,community-review-19-20260907,桐谷和人,0.0685,acceptable,
godie-etyr,木乃香,godie-h01u,呂布奉先,0.0685,acceptable,
godie-hvwd,桔梗,godie-zombiex,聖杯黑泥醬－喪標麥可,0.0685,acceptable,
community-review-02-20260907,八神庵,godie-n003,依文潔琳,0.0683,acceptable,
godie-hpal,藤井八雲,godie-n003,依文潔琳,0.0683,acceptable,
b2-goblin,哥布林殺手,godie-e001,龍宮禮奈,0.0682,acceptable,
b2-luckyman,幸運超人,godie-h020,莉娜因巴斯,0.0682,acceptable,
community-review-17-20260907,安茲·烏爾·恭,godie-u00n,蒙其.D.魯夫,0.0681,acceptable,
community-review-25-20260907,一拳超人,godie-h02r,妙蛙花,0.0681,acceptable,
b2-haga,羽賀,b2-rin,遠坂凜,0.0680,acceptable,
community-review-23-20260907,坂田銀時,godie-hblm,慈悲的王者－賈修貝爾,0.0678,acceptable,
community-review-34-20260907,高速婆婆,godie-e007,天地志狼,0.0678,acceptable,
b2-haga,羽賀,godie-e00k,安云,0.0677,acceptable,
community-review-14-20260907,殺老師,godie-ogld,黑人牙膏,0.0677,acceptable,
community-review-17-20260907,安茲·烏爾·恭,godie-u00v,基廉列克,0.0676,acceptable,
community-review-22-20260907,菜月昴,godie-e008,夏娜,0.0676,acceptable,
community-review-19-20260907,桐谷和人,godie-n00b,哆拉A夢,0.0674,acceptable,
b2-goblin,哥布林殺手,godie-n00b,哆拉A夢,0.0673,acceptable,
godie-e002,Saber,godie-n01c,勇者小呆,0.0672,acceptable,
godie-h02k,熊貓,godie-u010,飛影,0.0672,acceptable,
b2-bojji,波吉,community-review-37-20260907,吉伊卡哇,0.0671,acceptable,
b2-luckyman,幸運超人,godie-huth,魔人普烏,0.0671,acceptable,
b2-elma,艾爾瑪,b2-zenitsu,我妻善逸,0.0670,acceptable,
godie-hblm,慈悲的王者－賈修貝爾,godie-u00l,拳四郎,0.0670,acceptable,
community-review-14-20260907,殺老師,godie-n003,依文潔琳,0.0669,acceptable,
community-review-23-20260907,坂田銀時,godie-u00v,基廉列克,0.0669,acceptable,
community-review-13-20260907,朝田詩乃,godie-ofar,皮卡丘,0.0668,acceptable,
community-review-34-20260907,高速婆婆,godie-e00r,初號機,0.0667,acceptable,
godie-ofar,皮卡丘,godie-u010,飛影,0.0667,acceptable,
b2-rem,蕾姆,godie-n00p,南野秀一,0.0666,acceptable,
community-review-34-20260907,高速婆婆,godie-u00v,基廉列克,0.0666,acceptable,
community-review-34-20260907,高速婆婆,godie-udea,飛鼠先生,0.0664,acceptable,
godie-hart,克勞德,godie-nplh,麻倉葉,0.0664,acceptable,
godie-emfr,涅吉,godie-h02r,妙蛙花,0.0663,acceptable,
b2-luckyman,幸運超人,godie-h00l,林克,0.0662,acceptable,
community-review-12-20260907,衛宮士郎,godie-h020,莉娜因巴斯,0.0662,acceptable,
b2-takopi,章魚嗶,community-review-34-20260907,高速婆婆,0.0661,acceptable,
godie-h02k,熊貓,godie-ubal,巴恩大魔王,0.0661,acceptable,
godie-u00h,鬼畜狂刀KYO,godie-u010,飛影,0.0661,acceptable,
b2-elma,艾爾瑪,godie-e008,夏娜,0.0660,acceptable,
b2-haga,羽賀,godie-n003,依文潔琳,0.0659,acceptable,
b2-popp,何布,community-review-20-20260907,御坂美琴,0.0659,acceptable,
community-review-15-20260907,比利海靈頓,community-review-25-20260907,一拳超人,0.0659,acceptable,
godie-e002,Saber,godie-orkn,臭作,0.0658,acceptable,
godie-h00l,林克,godie-n00b,哆拉A夢,0.0657,acceptable,
godie-u010,飛影,godie-ubal,巴恩大魔王,0.0655,acceptable,
b2-boxxo,阿箱＋拉蜜絲,community-review-37-20260907,吉伊卡哇,0.0654,acceptable,
b2-maple,梅普露,godie-u00l,拳四郎,0.0654,acceptable,
godie-e00w,櫻綻剎那,godie-etyr,木乃香,0.0654,acceptable,
community-review-25-20260907,一拳超人,godie-hblm,慈悲的王者－賈修貝爾,0.0653,acceptable,
community-review-02-20260907,八神庵,community-review-22-20260907,菜月昴,0.0652,acceptable,
godie-efur,揍敵客大家長－揍敵客桀諾,godie-nplh,麻倉葉,0.0652,acceptable,
godie-o02p,初音,godie-u00v,基廉列克,0.0651,acceptable,
b2-matthias,馬提亞斯,godie-h01n,黑崎一護,0.0650,acceptable,
b2-uncle,異世界舅舅,community-review-20-20260907,御坂美琴,0.0650,acceptable,
godie-e007,天地志狼,godie-u00h,鬼畜狂刀KYO,0.0650,acceptable,
godie-emns,夜神月,godie-h020,莉娜因巴斯,0.0650,acceptable,
b2-kumoko,蜘蛛子,godie-hpb1,蒼月潮,0.0649,acceptable,
community-review-22-20260907,菜月昴,godie-h00l,林克,0.0648,acceptable,
b2-takopi,章魚嗶,godie-hpal,藤井八雲,0.0646,acceptable,
godie-h02k,熊貓,godie-u00k,死之王,0.0645,acceptable,
b2-orphen,歐菲,community-review-32-20260907,阿薩謝爾,0.0642,acceptable,
b2-elma,艾爾瑪,godie-e001,龍宮禮奈,0.0641,acceptable,
community-review-20-20260907,御坂美琴,godie-u00v,基廉列克,0.0641,acceptable,
godie-n01c,勇者小呆,godie-zombiex,聖杯黑泥醬－喪標麥可,0.0641,acceptable,
community-review-04-20260907,空條承太郎,godie-h02u,草泥馬,0.0640,acceptable,
b2-orphen,歐菲,godie-emfr,涅吉,0.0639,acceptable,
godie-e001,龍宮禮奈,godie-u00k,死之王,0.0639,acceptable,
godie-o02p,初音,godie-u00l,拳四郎,0.0639,acceptable,
community-review-01-20260907,武藤遊戲,godie-h02k,熊貓,0.0637,acceptable,
b2-goblin,哥布林殺手,community-review-32-20260907,阿薩謝爾,0.0635,acceptable,
godie-e008,夏娜,godie-hpal,藤井八雲,0.0635,acceptable,
godie-hart,克勞德,godie-ogld,黑人牙膏,0.0635,acceptable,
community-review-24-20260907,奇犽,godie-u00l,拳四郎,0.0634,acceptable,
community-review-17-20260907,安茲·烏爾·恭,community-review-20-20260907,御坂美琴,0.0633,acceptable,
godie-efur,揍敵客大家長－揍敵客桀諾,godie-ogld,黑人牙膏,0.0632,acceptable,
godie-h00l,林克,godie-hapm,Berserker,0.0632,acceptable,
community-review-16-20260907,魔法少女☆伊莉雅,godie-hpb1,蒼月潮,0.0631,acceptable,
b2-sinbad,辛巴達,community-review-37-20260907,吉伊卡哇,0.0630,acceptable,
community-review-15-20260907,比利海靈頓,godie-u00l,拳四郎,0.0630,acceptable,
community-review-32-20260907,阿薩謝爾,godie-orkn,臭作,0.0630,acceptable,
community-review-17-20260907,安茲·烏爾·恭,godie-h020,莉娜因巴斯,0.0629,acceptable,
community-review-25-20260907,一拳超人,godie-o00x,悟空,0.0629,acceptable,
b2-rem,蕾姆,godie-zombiex,聖杯黑泥醬－喪標麥可,0.0628,acceptable,
godie-n01c,勇者小呆,godie-ogld,黑人牙膏,0.0628,acceptable,
community-review-16-20260907,魔法少女☆伊莉雅,godie-o00l,傑洛士,0.0627,acceptable,
community-review-12-20260907,衛宮士郎,godie-h02u,草泥馬,0.0625,acceptable,
godie-h02r,妙蛙花,godie-o00k,皮卡娘,0.0624,acceptable,
b2-guts,凱茲,godie-e008,夏娜,0.0622,acceptable,
community-review-17-20260907,安茲·烏爾·恭,godie-e00k,安云,0.0622,acceptable,
b2-rem,蕾姆,community-review-02-20260907,八神庵,0.0619,acceptable,
community-review-02-20260907,八神庵,community-review-33-20260907,近衛刀太,0.0619,acceptable,
community-review-30-20260907,尼古貓貓,godie-h02k,熊貓,0.0619,acceptable,
b2-bojji,波吉,community-review-13-20260907,朝田詩乃,0.0618,acceptable,
community-review-15-20260907,比利海靈頓,godie-e001,龍宮禮奈,0.0618,acceptable,
b2-popp,何布,godie-u00j,賽菲洛斯,0.0617,acceptable,
godie-o00x,悟空,godie-zombiex,聖杯黑泥醬－喪標麥可,0.0617,acceptable,
b2-maple,梅普露,godie-osam,殺生丸,0.0615,acceptable,
b2-haga,羽賀,b2-matthias,馬提亞斯,0.0614,acceptable,
b2-guts,凱茲,godie-nplh,麻倉葉,0.0613,acceptable,
b2-rin,遠坂凜,godie-h02u,草泥馬,0.0613,acceptable,
community-review-37-20260907,吉伊卡哇,godie-ofar,皮卡丘,0.0613,acceptable,
godie-h02k,熊貓,godie-u00h,鬼畜狂刀KYO,0.0613,acceptable,
community-review-25-20260907,一拳超人,community-review-32-20260907,阿薩謝爾,0.0612,acceptable,
community-review-17-20260907,安茲·烏爾·恭,godie-h02k,熊貓,0.0611,acceptable,
community-review-18-20260907,吉爾伽美什,godie-n01c,勇者小呆,0.0610,acceptable,
godie-orkn,臭作,godie-u01u,索隆,0.0610,acceptable,
community-review-16-20260907,魔法少女☆伊莉雅,community-review-19-20260907,桐谷和人,0.0608,acceptable,
community-review-37-20260907,吉伊卡哇,godie-h00l,林克,0.0608,acceptable,
godie-hvsh,Rider,godie-ubal,巴恩大魔王,0.0608,acceptable,
b2-elma,艾爾瑪,b2-rem,蕾姆,0.0607,acceptable,
b2-uncle,異世界舅舅,godie-e00k,安云,0.0607,acceptable,
b2-zenitsu,我妻善逸,godie-ubal,巴恩大魔王,0.0606,acceptable,
godie-emns,夜神月,godie-hpal,藤井八雲,0.0606,acceptable,
community-review-33-20260907,近衛刀太,godie-n00p,南野秀一,0.0604,acceptable,
b2-nube,鵺野鳴介,godie-ogld,黑人牙膏,0.0603,acceptable,
godie-h01u,呂布奉先,godie-h020,莉娜因巴斯,0.0603,acceptable,
b2-luckyman,幸運超人,community-review-05-20260907,洛克人,0.0602,acceptable,
b2-kumoko,蜘蛛子,godie-n00p,南野秀一,0.0601,acceptable,
b2-nube,鵺野鳴介,godie-hpal,藤井八雲,0.0601,acceptable,
b2-rin,遠坂凜,godie-h01u,呂布奉先,0.0600,acceptable,
b2-takopi,章魚嗶,godie-hvwd,桔梗,0.0597,acceptable,
community-review-03-20260907,不知火舞,community-review-18-20260907,吉爾伽美什,0.0593,acceptable,
b2-rin,遠坂凜,godie-h02r,妙蛙花,0.0592,acceptable,
community-review-22-20260907,菜月昴,godie-u00j,賽菲洛斯,0.0592,acceptable,
community-review-02-20260907,八神庵,godie-ubal,巴恩大魔王,0.0591,acceptable,
community-review-05-20260907,洛克人,community-review-22-20260907,菜月昴,0.0591,acceptable,
godie-e008,夏娜,godie-o00l,傑洛士,0.0589,acceptable,
b2-takopi,章魚嗶,godie-emfr,涅吉,0.0588,acceptable,
b2-rem,蕾姆,community-review-30-20260907,尼古貓貓,0.0587,acceptable,
community-review-27-20260907,庫洛魔法使,community-review-37-20260907,吉伊卡哇,0.0587,acceptable,
godie-e00w,櫻綻剎那,godie-u00j,賽菲洛斯,0.0587,acceptable,
community-review-32-20260907,阿薩謝爾,godie-osam,殺生丸,0.0586,acceptable,
community-review-17-20260907,安茲·烏爾·恭,godie-u00k,死之王,0.0585,acceptable,
community-review-16-20260907,魔法少女☆伊莉雅,godie-efur,揍敵客大家長－揍敵客桀諾,0.0584,acceptable,
godie-u01u,索隆,godie-zombiex,聖杯黑泥醬－喪標麥可,0.0584,acceptable,
b2-luckyman,幸運超人,godie-etyr,木乃香,0.0583,acceptable,
b2-elma,艾爾瑪,b2-nube,鵺野鳴介,0.0581,acceptable,
godie-e007,天地志狼,godie-nplh,麻倉葉,0.0581,acceptable,
godie-h02r,妙蛙花,godie-u010,飛影,0.0581,acceptable,
community-review-24-20260907,奇犽,godie-hapm,Berserker,0.0580,acceptable,
community-review-15-20260907,比利海靈頓,godie-n01c,勇者小呆,0.0579,acceptable,
godie-hart,克勞德,godie-u01u,索隆,0.0579,acceptable,
b2-nube,鵺野鳴介,godie-hpb1,蒼月潮,0.0578,acceptable,
b2-popp,何布,godie-e001,龍宮禮奈,0.0578,acceptable,
godie-e00r,初號機,godie-hpal,藤井八雲,0.0578,acceptable,
godie-e001,龍宮禮奈,godie-zombiex,聖杯黑泥醬－喪標麥可,0.0577,acceptable,
b2-bojji,波吉,b2-guts,凱茲,0.0576,acceptable,
godie-nplh,麻倉葉,godie-osam,殺生丸,0.0576,acceptable,
community-review-08-20260907,米卡莎,godie-emns,夜神月,0.0575,acceptable,
community-review-37-20260907,吉伊卡哇,godie-orkn,臭作,0.0574,acceptable,
b2-touka,托卡・史考特,godie-e002,Saber,0.0573,acceptable,
community-review-02-20260907,八神庵,godie-hblm,慈悲的王者－賈修貝爾,0.0573,acceptable,
godie-e00k,安云,godie-u00j,賽菲洛斯,0.0571,acceptable,
godie-efur,揍敵客大家長－揍敵客桀諾,godie-hblm,慈悲的王者－賈修貝爾,0.0571,acceptable,
b2-maple,梅普露,community-review-25-20260907,一拳超人,0.0570,acceptable,
community-review-13-20260907,朝田詩乃,community-review-23-20260907,坂田銀時,0.0570,acceptable,
community-review-23-20260907,坂田銀時,godie-h02u,草泥馬,0.0569,acceptable,
godie-e007,天地志狼,godie-o00k,皮卡娘,0.0569,acceptable,
b2-popp,何布,b2-uncle,異世界舅舅,0.0568,acceptable,
b2-boxxo,阿箱＋拉蜜絲,godie-efur,揍敵客大家長－揍敵客桀諾,0.0567,acceptable,
b2-goblin,哥布林殺手,godie-hblm,慈悲的王者－賈修貝爾,0.0567,acceptable,
b2-touka,托卡・史考特,godie-o02p,初音,0.0567,acceptable,
b2-bojji,波吉,godie-zombiex,聖杯黑泥醬－喪標麥可,0.0566,acceptable,
b2-nube,鵺野鳴介,community-review-04-20260907,空條承太郎,0.0566,acceptable,
b2-nube,鵺野鳴介,godie-efur,揍敵客大家長－揍敵客桀諾,0.0566,acceptable,
community-review-23-20260907,坂田銀時,godie-u00k,死之王,0.0566,acceptable,
godie-e001,龍宮禮奈,godie-hvwd,桔梗,0.0566,acceptable,
community-review-20-20260907,御坂美琴,godie-hart,克勞德,0.0563,acceptable,
community-review-25-20260907,一拳超人,godie-edem,宇智波佐助,0.0562,acceptable,
b2-guts,凱茲,community-review-13-20260907,朝田詩乃,0.0561,acceptable,
b2-nube,鵺野鳴介,b2-sinbad,辛巴達,0.0560,acceptable,
b2-orphen,歐菲,b2-rem,蕾姆,0.0560,acceptable,
community-review-22-20260907,菜月昴,godie-zombiex,聖杯黑泥醬－喪標麥可,0.0560,acceptable,
godie-e008,夏娜,godie-e00w,櫻綻剎那,0.0560,acceptable,
b2-orphen,歐菲,community-review-24-20260907,奇犽,0.0556,acceptable,
b2-takopi,章魚嗶,godie-n003,依文潔琳,0.0556,acceptable,
b2-uncle,異世界舅舅,community-review-24-20260907,奇犽,0.0556,acceptable,
b2-zenitsu,我妻善逸,community-review-15-20260907,比利海靈頓,0.0556,acceptable,
community-review-19-20260907,桐谷和人,godie-e008,夏娜,0.0555,acceptable,
b2-bojji,波吉,community-review-16-20260907,魔法少女☆伊莉雅,0.0553,acceptable,
community-review-15-20260907,比利海靈頓,godie-ubal,巴恩大魔王,0.0552,acceptable,
godie-n00p,南野秀一,godie-ofar,皮卡丘,0.0552,acceptable,
community-review-13-20260907,朝田詩乃,godie-h00l,林克,0.0551,acceptable,
godie-h02k,熊貓,godie-u00l,拳四郎,0.0551,acceptable,
godie-hart,克勞德,godie-n00b,哆拉A夢,0.0551,acceptable,
godie-e00w,櫻綻剎那,godie-h01u,呂布奉先,0.0549,acceptable,
community-review-15-20260907,比利海靈頓,godie-efur,揍敵客大家長－揍敵客桀諾,0.0546,acceptable,
godie-e002,Saber,godie-u00j,賽菲洛斯,0.0545,acceptable,
b2-haga,羽賀,godie-u010,飛影,0.0544,acceptable,
community-review-17-20260907,安茲·烏爾·恭,godie-h02r,妙蛙花,0.0544,acceptable,
b2-luckyman,幸運超人,godie-h02k,熊貓,0.0541,acceptable,
b2-nube,鵺野鳴介,godie-osam,殺生丸,0.0541,acceptable,
b2-takopi,章魚嗶,godie-e00w,櫻綻剎那,0.0541,acceptable,
community-review-15-20260907,比利海靈頓,godie-u00h,鬼畜狂刀KYO,0.0540,acceptable,
godie-e00r,初號機,godie-u010,飛影,0.0540,acceptable,
godie-e007,天地志狼,godie-ofar,皮卡丘,0.0539,acceptable,
godie-n01c,勇者小呆,godie-o02p,初音,0.0539,acceptable,
b2-rin,遠坂凜,community-review-18-20260907,吉爾伽美什,0.0538,acceptable,
godie-e00k,安云,godie-h00l,林克,0.0538,acceptable,
b2-bojji,波吉,godie-n01c,勇者小呆,0.0535,acceptable,
community-review-15-20260907,比利海靈頓,godie-zombiex,聖杯黑泥醬－喪標麥可,0.0534,acceptable,
godie-e002,Saber,godie-osam,殺生丸,0.0534,acceptable,
godie-h02r,妙蛙花,godie-n00p,南野秀一,0.0534,acceptable,
b2-goblin,哥布林殺手,godie-o00k,皮卡娘,0.0530,acceptable,
b2-nube,鵺野鳴介,godie-n00p,南野秀一,0.0530,acceptable,
godie-hapm,Berserker,godie-ofar,皮卡丘,0.0530,acceptable,
b2-guts,凱茲,godie-emfr,涅吉,0.0529,acceptable,
b2-kumoko,蜘蛛子,community-review-18-20260907,吉爾伽美什,0.0529,acceptable,
community-review-02-20260907,八神庵,community-review-12-20260907,衛宮士郎,0.0529,acceptable,
community-review-05-20260907,洛克人,godie-u00h,鬼畜狂刀KYO,0.0529,acceptable,
godie-e001,龍宮禮奈,godie-h01n,黑崎一護,0.0527,acceptable,
community-review-27-20260907,庫洛魔法使,godie-hapm,Berserker,0.0525,acceptable,
godie-e00k,安云,godie-hart,克勞德,0.0525,acceptable,
b2-goblin,哥布林殺手,godie-e00k,安云,0.0524,acceptable,
community-review-12-20260907,衛宮士郎,godie-o00x,悟空,0.0523,acceptable,
community-review-18-20260907,吉爾伽美什,community-review-33-20260907,近衛刀太,0.0522,acceptable,
b2-touka,托卡・史考特,godie-ubal,巴恩大魔王,0.0521,acceptable,
godie-e001,龍宮禮奈,godie-hapm,Berserker,0.0521,acceptable,
godie-h01u,呂布奉先,godie-orkn,臭作,0.0521,acceptable,
community-review-02-20260907,八神庵,godie-emfr,涅吉,0.0520,acceptable,
community-review-30-20260907,尼古貓貓,community-review-37-20260907,吉伊卡哇,0.0520,acceptable,
godie-h00l,林克,godie-h02u,草泥馬,0.0520,acceptable,
b2-bojji,波吉,b2-rem,蕾姆,0.0519,acceptable,
b2-nube,鵺野鳴介,godie-h01u,呂布奉先,0.0519,acceptable,
community-review-24-20260907,奇犽,godie-u00k,死之王,0.0519,acceptable,
community-review-12-20260907,衛宮士郎,godie-hapm,Berserker,0.0518,acceptable,
b2-nube,鵺野鳴介,community-review-37-20260907,吉伊卡哇,0.0517,acceptable,
community-review-20-20260907,御坂美琴,godie-u00l,拳四郎,0.0516,acceptable,
b2-rin,遠坂凜,godie-e00r,初號機,0.0515,acceptable,
b2-orphen,歐菲,godie-hapm,Berserker,0.0514,acceptable,
b2-sinbad,辛巴達,community-review-15-20260907,比利海靈頓,0.0514,acceptable,
godie-e00k,安云,godie-orkn,臭作,0.0514,acceptable,
b2-goblin,哥布林殺手,godie-hapm,Berserker,0.0513,acceptable,
b2-boxxo,阿箱＋拉蜜絲,godie-hvwd,桔梗,0.0511,acceptable,
community-review-20-20260907,御坂美琴,godie-o00l,傑洛士,0.0511,acceptable,
b2-boxxo,阿箱＋拉蜜絲,godie-e002,Saber,0.0510,acceptable,
b2-rin,遠坂凜,godie-o00l,傑洛士,0.0510,acceptable,
community-review-12-20260907,衛宮士郎,godie-u00j,賽菲洛斯,0.0510,acceptable,
godie-h00l,林克,godie-orkn,臭作,0.0508,acceptable,
community-review-05-20260907,洛克人,godie-o02p,初音,0.0507,acceptable,
community-review-03-20260907,不知火舞,community-review-12-20260907,衛宮士郎,0.0506,acceptable,
community-review-15-20260907,比利海靈頓,godie-edem,宇智波佐助,0.0506,acceptable,
b2-maple,梅普露,community-review-04-20260907,空條承太郎,0.0505,acceptable,
b2-orphen,歐菲,godie-hblm,慈悲的王者－賈修貝爾,0.0505,acceptable,
community-review-12-20260907,衛宮士郎,godie-e001,龍宮禮奈,0.0505,acceptable,
godie-hapm,Berserker,godie-n00p,南野秀一,0.0505,acceptable,
b2-elma,艾爾瑪,godie-e007,天地志狼,0.0503,acceptable,
community-review-04-20260907,空條承太郎,godie-ogld,黑人牙膏,0.0503,acceptable,
godie-edem,宇智波佐助,godie-hvsh,Rider,0.0502,acceptable,
b2-orphen,歐菲,godie-e007,天地志狼,0.0501,acceptable,
community-review-30-20260907,尼古貓貓,godie-u00n,蒙其.D.魯夫,0.0501,acceptable,
community-review-33-20260907,近衛刀太,godie-u00l,拳四郎,0.0499,acceptable,
community-review-17-20260907,安茲·烏爾·恭,godie-h02u,草泥馬,0.0498,acceptable,
godie-e002,Saber,godie-h01n,黑崎一護,0.0497,acceptable,
b2-nube,鵺野鳴介,godie-e00w,櫻綻剎那,0.0495,acceptable,
godie-e00r,初號機,godie-n003,依文潔琳,0.0495,acceptable,
b2-haga,羽賀,b2-nube,鵺野鳴介,0.0494,acceptable,
b2-luckyman,幸運超人,godie-e008,夏娜,0.0494,acceptable,
community-review-03-20260907,不知火舞,community-review-17-20260907,安茲·烏爾·恭,0.0494,acceptable,
b2-orphen,歐菲,godie-e00w,櫻綻剎那,0.0493,acceptable,
godie-h01u,呂布奉先,godie-nplh,麻倉葉,0.0493,acceptable,
b2-kumoko,蜘蛛子,godie-o02p,初音,0.0492,acceptable,
godie-emfr,涅吉,godie-h02u,草泥馬,0.0492,acceptable,
community-review-02-20260907,八神庵,godie-e008,夏娜,0.0489,acceptable,
community-review-20-20260907,御坂美琴,godie-hpal,藤井八雲,0.0489,acceptable,
b2-maple,梅普露,godie-u01u,索隆,0.0482,acceptable,
godie-efur,揍敵客大家長－揍敵客桀諾,godie-hvwd,桔梗,0.0482,acceptable,
b2-elma,艾爾瑪,godie-e00k,安云,0.0481,acceptable,
b2-kumoko,蜘蛛子,b2-luckyman,幸運超人,0.0481,acceptable,
b2-orphen,歐菲,godie-e008,夏娜,0.0481,acceptable,
community-review-37-20260907,吉伊卡哇,godie-h02r,妙蛙花,0.0480,acceptable,
godie-e00k,安云,godie-ubal,巴恩大魔王,0.0480,acceptable,
b2-luckyman,幸運超人,community-review-32-20260907,阿薩謝爾,0.0479,acceptable,
b2-matthias,馬提亞斯,community-review-17-20260907,安茲·烏爾·恭,0.0479,acceptable,
community-review-19-20260907,桐谷和人,godie-n01c,勇者小呆,0.0478,acceptable,
godie-e002,Saber,godie-zombiex,聖杯黑泥醬－喪標麥可,0.0478,acceptable,
b2-elma,艾爾瑪,godie-orkn,臭作,0.0477,acceptable,
godie-e007,天地志狼,godie-etyr,木乃香,0.0477,acceptable,
godie-e00w,櫻綻剎那,godie-n00b,哆拉A夢,0.0477,acceptable,
godie-emns,夜神月,godie-hblm,慈悲的王者－賈修貝爾,0.0477,acceptable,
community-review-01-20260907,武藤遊戲,godie-e002,Saber,0.0476,acceptable,
community-review-33-20260907,近衛刀太,godie-zombiex,聖杯黑泥醬－喪標麥可,0.0475,acceptable,
community-review-15-20260907,比利海靈頓,godie-hblm,慈悲的王者－賈修貝爾,0.0474,acceptable,
community-review-17-20260907,安茲·烏爾·恭,godie-u01u,索隆,0.0474,acceptable,
community-review-33-20260907,近衛刀太,godie-hart,克勞德,0.0474,acceptable,
b2-elma,艾爾瑪,community-review-32-20260907,阿薩謝爾,0.0473,acceptable,
b2-kumoko,蜘蛛子,community-review-17-20260907,安茲·烏爾·恭,0.0472,acceptable,
community-review-30-20260907,尼古貓貓,godie-h01u,呂布奉先,0.0472,acceptable,
godie-huth,魔人普烏,godie-ofar,皮卡丘,0.0472,acceptable,
b2-uncle,異世界舅舅,community-review-37-20260907,吉伊卡哇,0.0471,acceptable,
godie-e001,龍宮禮奈,godie-e007,天地志狼,0.0470,acceptable,
b2-bojji,波吉,b2-maple,梅普露,0.0469,acceptable,
b2-nube,鵺野鳴介,godie-u00k,死之王,0.0468,acceptable,
community-review-05-20260907,洛克人,community-review-15-20260907,比利海靈頓,0.0468,acceptable,
community-review-18-20260907,吉爾伽美什,community-review-20-20260907,御坂美琴,0.0467,acceptable,
b2-popp,何布,godie-u01u,索隆,0.0466,acceptable,
godie-n00b,哆拉A夢,godie-zombiex,聖杯黑泥醬－喪標麥可,0.0465,acceptable,
community-review-13-20260907,朝田詩乃,godie-h02r,妙蛙花,0.0464,acceptable,
godie-h02r,妙蛙花,godie-hvwd,桔梗,0.0464,acceptable,
godie-u00l,拳四郎,godie-ubal,巴恩大魔王,0.0464,acceptable,
godie-e00w,櫻綻剎那,godie-h02r,妙蛙花,0.0463,acceptable,
godie-emns,夜神月,godie-n00b,哆拉A夢,0.0463,acceptable,
b2-matthias,馬提亞斯,godie-ogld,黑人牙膏,0.0461,acceptable,
b2-zenitsu,我妻善逸,godie-efur,揍敵客大家長－揍敵客桀諾,0.0461,acceptable,
godie-e007,天地志狼,godie-u01u,索隆,0.0461,acceptable,
community-review-24-20260907,奇犽,godie-u01u,索隆,0.0459,acceptable,
community-review-13-20260907,朝田詩乃,godie-huth,魔人普烏,0.0458,acceptable,
community-review-33-20260907,近衛刀太,godie-osam,殺生丸,0.0458,acceptable,
godie-e001,龍宮禮奈,godie-efur,揍敵客大家長－揍敵客桀諾,0.0457,acceptable,
godie-e001,龍宮禮奈,godie-osam,殺生丸,0.0457,acceptable,
godie-h02r,妙蛙花,godie-hpal,藤井八雲,0.0457,acceptable,
community-review-23-20260907,坂田銀時,godie-e001,龍宮禮奈,0.0456,acceptable,
b2-goblin,哥布林殺手,godie-nplh,麻倉葉,0.0453,acceptable,
b2-matthias,馬提亞斯,community-review-04-20260907,空條承太郎,0.0453,acceptable,
b2-elma,艾爾瑪,community-review-25-20260907,一拳超人,0.0452,acceptable,
godie-e001,龍宮禮奈,godie-emns,夜神月,0.0452,acceptable,
godie-ogld,黑人牙膏,godie-u010,飛影,0.0452,acceptable,
godie-e00r,初號機,godie-hvwd,桔梗,0.0447,acceptable,
community-review-04-20260907,空條承太郎,community-review-32-20260907,阿薩謝爾,0.0446,acceptable,
community-review-03-20260907,不知火舞,community-review-04-20260907,空條承太郎,0.0444,acceptable,
community-review-37-20260907,吉伊卡哇,godie-e00r,初號機,0.0444,acceptable,
b2-boxxo,阿箱＋拉蜜絲,godie-hvsh,Rider,0.0443,acceptable,
godie-h020,莉娜因巴斯,godie-ubal,巴恩大魔王,0.0443,acceptable,
godie-h02k,熊貓,godie-osam,殺生丸,0.0443,acceptable,
godie-o00x,悟空,godie-ofar,皮卡丘,0.0443,acceptable,
b2-bojji,波吉,b2-matthias,馬提亞斯,0.0442,acceptable,
godie-h01u,呂布奉先,godie-h02u,草泥馬,0.0441,acceptable,
godie-o00x,悟空,godie-osam,殺生丸,0.0441,acceptable,
b2-elma,艾爾瑪,b2-luckyman,幸運超人,0.0440,acceptable,
b2-uncle,異世界舅舅,godie-e00w,櫻綻剎那,0.0440,acceptable,
godie-e001,龍宮禮奈,godie-orkn,臭作,0.0440,acceptable,
godie-h00l,林克,godie-nplh,麻倉葉,0.0440,acceptable,
b2-nube,鵺野鳴介,community-review-17-20260907,安茲·烏爾·恭,0.0439,acceptable,
community-review-15-20260907,比利海靈頓,community-review-37-20260907,吉伊卡哇,0.0439,acceptable,
godie-hapm,Berserker,godie-hpb1,蒼月潮,0.0439,acceptable,
community-review-17-20260907,安茲·烏爾·恭,community-review-27-20260907,庫洛魔法使,0.0438,acceptable,
community-review-23-20260907,坂田銀時,godie-efur,揍敵客大家長－揍敵客桀諾,0.0438,acceptable,
godie-hapm,Berserker,godie-hart,克勞德,0.0438,acceptable,
b2-luckyman,幸運超人,godie-ofar,皮卡丘,0.0437,acceptable,
community-review-04-20260907,空條承太郎,community-review-33-20260907,近衛刀太,0.0437,acceptable,
community-review-15-20260907,比利海靈頓,community-review-32-20260907,阿薩謝爾,0.0436,acceptable,
community-review-22-20260907,菜月昴,godie-ogld,黑人牙膏,0.0436,acceptable,
community-review-33-20260907,近衛刀太,godie-orkn,臭作,0.0435,acceptable,
godie-h01n,黑崎一護,godie-h02r,妙蛙花,0.0435,acceptable,
community-review-08-20260907,米卡莎,godie-ofar,皮卡丘,0.0434,acceptable,
godie-e00r,初號機,godie-emfr,涅吉,0.0434,acceptable,
b2-haga,羽賀,community-review-27-20260907,庫洛魔法使,0.0433,acceptable,
b2-nube,鵺野鳴介,godie-o02p,初音,0.0433,acceptable,
b2-rin,遠坂凜,community-review-02-20260907,八神庵,0.0433,acceptable,
b2-sinbad,辛巴達,godie-e002,Saber,0.0433,acceptable,
community-review-05-20260907,洛克人,godie-ubal,巴恩大魔王,0.0432,acceptable,
community-review-25-20260907,一拳超人,godie-u00k,死之王,0.0432,acceptable,
godie-etyr,木乃香,godie-u01u,索隆,0.0432,acceptable,
community-review-04-20260907,空條承太郎,community-review-16-20260907,魔法少女☆伊莉雅,0.0430,acceptable,
community-review-23-20260907,坂田銀時,godie-h00l,林克,0.0430,acceptable,
b2-sinbad,辛巴達,godie-ogld,黑人牙膏,0.0429,acceptable,
community-review-37-20260907,吉伊卡哇,godie-h02u,草泥馬,0.0429,acceptable,
b2-uncle,異世界舅舅,godie-n00b,哆拉A夢,0.0428,acceptable,
community-review-15-20260907,比利海靈頓,community-review-17-20260907,安茲·烏爾·恭,0.0427,acceptable,
b2-popp,何布,community-review-05-20260907,洛克人,0.0426,acceptable,
b2-popp,何布,godie-h02k,熊貓,0.0425,acceptable,
community-review-02-20260907,八神庵,godie-udea,飛鼠先生,0.0425,acceptable,
community-review-25-20260907,一拳超人,godie-zombiex,聖杯黑泥醬－喪標麥可,0.0424,acceptable,
b2-boxxo,阿箱＋拉蜜絲,community-review-17-20260907,安茲·烏爾·恭,0.0423,acceptable,
b2-luckyman,幸運超人,godie-orkn,臭作,0.0423,acceptable,
godie-h01n,黑崎一護,godie-ofar,皮卡丘,0.0423,acceptable,
godie-h01n,黑崎一護,godie-h02u,草泥馬,0.0422,acceptable,
b2-rin,遠坂凜,godie-orkn,臭作,0.0421,acceptable,
community-review-05-20260907,洛克人,godie-hapm,Berserker,0.0421,acceptable,
b2-guts,凱茲,community-review-37-20260907,吉伊卡哇,0.0420,acceptable,
community-review-05-20260907,洛克人,godie-hvsh,Rider,0.0420,acceptable,
b2-guts,凱茲,godie-o00l,傑洛士,0.0419,acceptable,
community-review-27-20260907,庫洛魔法使,godie-o02p,初音,0.0419,acceptable,
community-review-03-20260907,不知火舞,godie-orkn,臭作,0.0418,acceptable,
community-review-23-20260907,坂田銀時,godie-o02p,初音,0.0418,acceptable,
community-review-18-20260907,吉爾伽美什,godie-ofar,皮卡丘,0.0416,acceptable,
b2-kumoko,蜘蛛子,godie-zombiex,聖杯黑泥醬－喪標麥可,0.0415,acceptable,
godie-hapm,Berserker,godie-u00k,死之王,0.0414,acceptable,
godie-etyr,木乃香,godie-orkn,臭作,0.0413,acceptable,
b2-rin,遠坂凜,godie-emns,夜神月,0.0412,acceptable,
godie-h02r,妙蛙花,godie-huth,魔人普烏,0.0412,acceptable,
godie-h02u,草泥馬,godie-n003,依文潔琳,0.0412,acceptable,
godie-n01c,勇者小呆,godie-osam,殺生丸,0.0412,acceptable,
b2-kumoko,蜘蛛子,community-review-04-20260907,空條承太郎,0.0411,acceptable,
godie-hvwd,桔梗,godie-u010,飛影,0.0410,acceptable,
b2-sinbad,辛巴達,godie-n00b,哆拉A夢,0.0409,acceptable,
community-review-02-20260907,八神庵,community-review-05-20260907,洛克人,0.0409,acceptable,
godie-h02u,草泥馬,godie-hvwd,桔梗,0.0409,acceptable,
b2-uncle,異世界舅舅,godie-hvsh,Rider,0.0408,acceptable,
community-review-04-20260907,空條承太郎,godie-e00k,安云,0.0408,acceptable,
community-review-20-20260907,御坂美琴,godie-h00l,林克,0.0408,acceptable,
godie-e00w,櫻綻剎那,godie-h02u,草泥馬,0.0407,acceptable,
b2-boxxo,阿箱＋拉蜜絲,godie-ogld,黑人牙膏,0.0406,acceptable,
b2-elma,艾爾瑪,godie-ogld,黑人牙膏,0.0406,acceptable,
godie-e00r,初號機,godie-e00w,櫻綻剎那,0.0405,acceptable,
godie-e00w,櫻綻剎那,godie-h02k,熊貓,0.0405,acceptable,
godie-e008,夏娜,godie-n00p,南野秀一,0.0404,acceptable,
b2-kumoko,蜘蛛子,godie-e007,天地志狼,0.0403,acceptable,
b2-elma,艾爾瑪,community-review-01-20260907,武藤遊戲,0.0402,acceptable,
b2-popp,何布,community-review-15-20260907,比利海靈頓,0.0402,acceptable,
godie-e002,Saber,godie-h01u,呂布奉先,0.0401,acceptable,
b2-luckyman,幸運超人,community-review-15-20260907,比利海靈頓,0.0400,acceptable,
b2-popp,何布,godie-n00b,哆拉A夢,0.0400,acceptable,
godie-e001,龍宮禮奈,godie-u00v,基廉列克,0.0400,acceptable,
b2-takopi,章魚嗶,community-review-04-20260907,空條承太郎,0.0399,acceptable,
b2-rem,蕾姆,godie-ogld,黑人牙膏,0.0398,acceptable,
community-review-05-20260907,洛克人,community-review-12-20260907,衛宮士郎,0.0397,acceptable,
b2-sinbad,辛巴達,godie-u01u,索隆,0.0396,acceptable,
godie-ofar,皮卡丘,godie-u00n,蒙其.D.魯夫,0.0396,acceptable,
b2-goblin,哥布林殺手,godie-zombiex,聖杯黑泥醬－喪標麥可,0.0394,acceptable,
b2-matthias,馬提亞斯,b2-uncle,異世界舅舅,0.0394,acceptable,
b2-popp,何布,godie-zombiex,聖杯黑泥醬－喪標麥可,0.0394,acceptable,
b2-elma,艾爾瑪,godie-n00b,哆拉A夢,0.0393,acceptable,
b2-touka,托卡・史考特,godie-ogld,黑人牙膏,0.0393,acceptable,
godie-hapm,Berserker,godie-hblm,慈悲的王者－賈修貝爾,0.0393,acceptable,
godie-n003,依文潔琳,godie-o02p,初音,0.0391,acceptable,
b2-takopi,章魚嗶,community-review-17-20260907,安茲·烏爾·恭,0.0390,acceptable,
b2-goblin,哥布林殺手,godie-n01c,勇者小呆,0.0389,acceptable,
community-review-27-20260907,庫洛魔法使,godie-o00l,傑洛士,0.0389,acceptable,
b2-haga,羽賀,godie-e001,龍宮禮奈,0.0388,acceptable,
community-review-03-20260907,不知火舞,godie-osam,殺生丸,0.0386,acceptable,
godie-e00w,櫻綻剎那,godie-n01c,勇者小呆,0.0386,acceptable,
b2-kumoko,蜘蛛子,b2-popp,何布,0.0385,acceptable,
community-review-04-20260907,空條承太郎,godie-n01c,勇者小呆,0.0385,acceptable,
b2-matthias,馬提亞斯,community-review-19-20260907,桐谷和人,0.0384,acceptable,
b2-zenitsu,我妻善逸,godie-hapm,Berserker,0.0384,acceptable,
godie-e008,夏娜,godie-u00k,死之王,0.0384,acceptable,
community-review-02-20260907,八神庵,godie-hapm,Berserker,0.0382,acceptable,
b2-takopi,章魚嗶,community-review-23-20260907,坂田銀時,0.0381,acceptable,
community-review-08-20260907,米卡莎,godie-h02k,熊貓,0.0380,acceptable,
community-review-16-20260907,魔法少女☆伊莉雅,godie-hapm,Berserker,0.0380,acceptable,
godie-e008,夏娜,godie-h01u,呂布奉先,0.0379,acceptable,
community-review-15-20260907,比利海靈頓,community-review-16-20260907,魔法少女☆伊莉雅,0.0378,acceptable,
community-review-15-20260907,比利海靈頓,godie-h01u,呂布奉先,0.0376,acceptable,
godie-h02r,妙蛙花,godie-hapm,Berserker,0.0376,acceptable,
godie-hapm,Berserker,godie-o00l,傑洛士,0.0376,acceptable,
godie-e008,夏娜,godie-efur,揍敵客大家長－揍敵客桀諾,0.0375,acceptable,
godie-hvsh,Rider,godie-u00n,蒙其.D.魯夫,0.0375,acceptable,
godie-hvsh,Rider,godie-ogld,黑人牙膏,0.0372,acceptable,
b2-maple,梅普露,community-review-23-20260907,坂田銀時,0.0371,acceptable,
community-review-25-20260907,一拳超人,godie-e008,夏娜,0.0371,acceptable,
community-review-37-20260907,吉伊卡哇,godie-u00k,死之王,0.0371,acceptable,
community-review-14-20260907,殺老師,community-review-20-20260907,御坂美琴,0.0370,acceptable,
community-review-19-20260907,桐谷和人,godie-hapm,Berserker,0.0370,acceptable,
godie-etyr,木乃香,godie-zombiex,聖杯黑泥醬－喪標麥可,0.0369,acceptable,
godie-n003,依文潔琳,godie-u010,飛影,0.0369,acceptable,
community-review-25-20260907,一拳超人,godie-hapm,Berserker,0.0368,acceptable,
community-review-15-20260907,比利海靈頓,godie-hart,克勞德,0.0365,acceptable,
godie-e00w,櫻綻剎那,godie-u010,飛影,0.0365,acceptable,
community-review-22-20260907,菜月昴,community-review-34-20260907,高速婆婆,0.0364,acceptable,
godie-e007,天地志狼,godie-h02r,妙蛙花,0.0364,acceptable,
godie-hvwd,桔梗,godie-o00k,皮卡娘,0.0364,acceptable,
b2-elma,艾爾瑪,b2-touka,托卡・史考特,0.0363,acceptable,
community-review-23-20260907,坂田銀時,godie-u010,飛影,0.0363,acceptable,
godie-h00l,林克,godie-ubal,巴恩大魔王,0.0362,acceptable,
b2-matthias,馬提亞斯,godie-orkn,臭作,0.0361,acceptable,
godie-h02u,草泥馬,godie-hpal,藤井八雲,0.0361,acceptable,
community-review-02-20260907,八神庵,godie-e00k,安云,0.0360,acceptable,
community-review-25-20260907,一拳超人,godie-h02k,熊貓,0.0360,acceptable,
godie-h01n,黑崎一護,godie-o02p,初音,0.0360,acceptable,
godie-o02p,初音,godie-udea,飛鼠先生,0.0360,acceptable,
b2-popp,何布,community-review-03-20260907,不知火舞,0.0359,acceptable,
godie-h020,莉娜因巴斯,godie-hvsh,Rider,0.0359,acceptable,
b2-rem,蕾姆,b2-takopi,章魚嗶,0.0358,acceptable,
godie-hpal,藤井八雲,godie-n01c,勇者小呆,0.0358,acceptable,
b2-maple,梅普露,godie-hart,克勞德,0.0357,acceptable,
godie-h02r,妙蛙花,godie-o00x,悟空,0.0357,acceptable,
community-review-34-20260907,高速婆婆,godie-orkn,臭作,0.0356,acceptable,
b2-elma,艾爾瑪,community-review-17-20260907,安茲·烏爾·恭,0.0354,acceptable,
b2-orphen,歐菲,godie-h02k,熊貓,0.0354,acceptable,
community-review-03-20260907,不知火舞,godie-hapm,Berserker,0.0353,acceptable,
godie-edem,宇智波佐助,godie-ofar,皮卡丘,0.0353,acceptable,
b2-bojji,波吉,godie-emfr,涅吉,0.0352,acceptable,
godie-e008,夏娜,godie-o02p,初音,0.0352,acceptable,
b2-kumoko,蜘蛛子,b2-orphen,歐菲,0.0351,acceptable,
b2-nube,鵺野鳴介,godie-hvwd,桔梗,0.0349,acceptable,
godie-hpal,藤井八雲,godie-n00b,哆拉A夢,0.0349,acceptable,
b2-luckyman,幸運超人,b2-rin,遠坂凜,0.0348,acceptable,
community-review-04-20260907,空條承太郎,godie-e00r,初號機,0.0348,acceptable,
godie-efur,揍敵客大家長－揍敵客桀諾,godie-osam,殺生丸,0.0348,acceptable,
b2-elma,艾爾瑪,godie-h020,莉娜因巴斯,0.0347,acceptable,
b2-elma,艾爾瑪,godie-u00n,蒙其.D.魯夫,0.0346,acceptable,
community-review-17-20260907,安茲·烏爾·恭,godie-e00r,初號機,0.0346,acceptable,
community-review-05-20260907,洛克人,godie-efur,揍敵客大家長－揍敵客桀諾,0.0345,acceptable,
b2-orphen,歐菲,community-review-37-20260907,吉伊卡哇,0.0344,acceptable,
godie-h01u,呂布奉先,godie-h02k,熊貓,0.0344,acceptable,
b2-matthias,馬提亞斯,godie-zombiex,聖杯黑泥醬－喪標麥可,0.0342,acceptable,
b2-uncle,異世界舅舅,godie-hvwd,桔梗,0.0342,acceptable,
community-review-02-20260907,八神庵,godie-e00w,櫻綻剎那,0.0341,acceptable,
community-review-23-20260907,坂田銀時,godie-e00r,初號機,0.0341,acceptable,
community-review-17-20260907,安茲·烏爾·恭,godie-nplh,麻倉葉,0.0340,acceptable,
b2-goblin,哥布林殺手,community-review-16-20260907,魔法少女☆伊莉雅,0.0339,acceptable,
community-review-33-20260907,近衛刀太,godie-hblm,慈悲的王者－賈修貝爾,0.0339,acceptable,
b2-nube,鵺野鳴介,community-review-12-20260907,衛宮士郎,0.0338,acceptable,
b2-popp,何布,godie-emns,夜神月,0.0338,acceptable,
b2-takopi,章魚嗶,godie-n00p,南野秀一,0.0338,acceptable,
godie-nplh,麻倉葉,godie-u00l,拳四郎,0.0336,acceptable,
b2-matthias,馬提亞斯,godie-hpb1,蒼月潮,0.0334,acceptable,
community-review-05-20260907,洛克人,godie-hpb1,蒼月潮,0.0334,acceptable,
godie-h02u,草泥馬,godie-o00x,悟空,0.0334,acceptable,
community-review-17-20260907,安茲·烏爾·恭,godie-e008,夏娜,0.0333,acceptable,
godie-h02r,妙蛙花,godie-u00n,蒙其.D.魯夫,0.0333,acceptable,
b2-orphen,歐菲,godie-n003,依文潔琳,0.0331,acceptable,
community-review-13-20260907,朝田詩乃,godie-o00k,皮卡娘,0.0331,acceptable,
community-review-02-20260907,八神庵,godie-n00p,南野秀一,0.0328,acceptable,
godie-hvwd,桔梗,godie-n01c,勇者小呆,0.0328,acceptable,
godie-n00p,南野秀一,godie-o02p,初音,0.0328,acceptable,
b2-popp,何布,community-review-27-20260907,庫洛魔法使,0.0327,acceptable,
community-review-19-20260907,桐谷和人,community-review-33-20260907,近衛刀太,0.0327,acceptable,
godie-e001,龍宮禮奈,godie-ogld,黑人牙膏,0.0327,acceptable,
godie-u00k,死之王,godie-ubal,巴恩大魔王,0.0327,acceptable,
b2-popp,何布,community-review-16-20260907,魔法少女☆伊莉雅,0.0326,acceptable,
godie-edem,宇智波佐助,godie-h02r,妙蛙花,0.0326,acceptable,
b2-kumoko,蜘蛛子,godie-ogld,黑人牙膏,0.0324,acceptable,
godie-e007,天地志狼,godie-e008,夏娜,0.0324,acceptable,
b2-zenitsu,我妻善逸,godie-u00k,死之王,0.0322,acceptable,
b2-elma,艾爾瑪,godie-ubal,巴恩大魔王,0.0321,acceptable,
godie-e008,夏娜,godie-h00l,林克,0.0321,acceptable,
b2-kumoko,蜘蛛子,godie-u00l,拳四郎,0.0320,acceptable,
b2-takopi,章魚嗶,community-review-20-20260907,御坂美琴,0.0320,acceptable,
godie-etyr,木乃香,godie-u00k,死之王,0.0320,acceptable,
community-review-27-20260907,庫洛魔法使,godie-efur,揍敵客大家長－揍敵客桀諾,0.0319,acceptable,
b2-maple,梅普露,community-review-02-20260907,八神庵,0.0318,acceptable,
b2-rem,蕾姆,community-review-15-20260907,比利海靈頓,0.0316,acceptable,
b2-zenitsu,我妻善逸,godie-emns,夜神月,0.0316,acceptable,
community-review-04-20260907,空條承太郎,godie-e007,天地志狼,0.0315,acceptable,
b2-rem,蕾姆,godie-e00w,櫻綻剎那,0.0314,acceptable,
godie-e007,天地志狼,godie-h020,莉娜因巴斯,0.0313,acceptable,
godie-e007,天地志狼,godie-h02u,草泥馬,0.0313,acceptable,
godie-h020,莉娜因巴斯,godie-orkn,臭作,0.0312,acceptable,
b2-bojji,波吉,godie-u010,飛影,0.0311,acceptable,
godie-n00b,哆拉A夢,godie-ofar,皮卡丘,0.0311,acceptable,
b2-sinbad,辛巴達,godie-u00k,死之王,0.0310,acceptable,
community-review-04-20260907,空條承太郎,godie-etyr,木乃香,0.0310,acceptable,
community-review-18-20260907,吉爾伽美什,godie-h02r,妙蛙花,0.0309,acceptable,
community-review-20-20260907,御坂美琴,godie-emns,夜神月,0.0309,acceptable,
b2-nube,鵺野鳴介,godie-e007,天地志狼,0.0308,acceptable,
community-review-04-20260907,空條承太郎,godie-o02p,初音,0.0306,acceptable,
godie-ofar,皮卡丘,godie-ubal,巴恩大魔王,0.0305,acceptable,
godie-e002,Saber,godie-huth,魔人普烏,0.0304,acceptable,
community-review-13-20260907,朝田詩乃,godie-h02u,草泥馬,0.0303,acceptable,
godie-hvsh,Rider,godie-zombiex,聖杯黑泥醬－喪標麥可,0.0303,acceptable,
godie-o02p,初音,godie-ofar,皮卡丘,0.0303,acceptable,
community-review-01-20260907,武藤遊戲,godie-ofar,皮卡丘,0.0302,acceptable,
b2-elma,艾爾瑪,community-review-37-20260907,吉伊卡哇,0.0301,acceptable,
godie-e00w,櫻綻剎那,godie-o00x,悟空,0.0301,acceptable,
b2-elma,艾爾瑪,b2-maple,梅普露,0.0299,acceptable,
godie-h01n,黑崎一護,godie-h02k,熊貓,0.0298,acceptable,
godie-h02u,草泥馬,godie-u00n,蒙其.D.魯夫,0.0297,acceptable,
community-review-08-20260907,米卡莎,godie-h02r,妙蛙花,0.0295,acceptable,
community-review-19-20260907,桐谷和人,community-review-34-20260907,高速婆婆,0.0294,acceptable,
b2-bojji,波吉,godie-e001,龍宮禮奈,0.0293,acceptable,
b2-luckyman,幸運超人,godie-h02r,妙蛙花,0.0293,acceptable,
community-review-14-20260907,殺老師,godie-h02k,熊貓,0.0293,acceptable,
community-review-15-20260907,比利海靈頓,godie-huth,魔人普烏,0.0293,acceptable,
community-review-19-20260907,桐谷和人,godie-h02k,熊貓,0.0293,acceptable,
godie-h02u,草泥馬,godie-huth,魔人普烏,0.0293,acceptable,
godie-h02r,妙蛙花,godie-n00b,哆拉A夢,0.0291,acceptable,
godie-hvsh,Rider,godie-ofar,皮卡丘,0.0291,acceptable,
godie-nplh,麻倉葉,godie-ofar,皮卡丘,0.0291,acceptable,
community-review-34-20260907,高速婆婆,godie-hapm,Berserker,0.0290,acceptable,
community-review-24-20260907,奇犽,community-review-34-20260907,高速婆婆,0.0284,acceptable,
godie-e00k,安云,godie-hapm,Berserker,0.0284,acceptable,
godie-efur,揍敵客大家長－揍敵客桀諾,godie-ofar,皮卡丘,0.0283,acceptable,
b2-rin,遠坂凜,godie-hvsh,Rider,0.0282,acceptable,
community-review-34-20260907,高速婆婆,godie-e002,Saber,0.0281,acceptable,
godie-hart,克勞德,godie-o00x,悟空,0.0281,acceptable,
godie-ofar,皮卡丘,godie-u01u,索隆,0.0281,acceptable,
community-review-23-20260907,坂田銀時,community-review-27-20260907,庫洛魔法使,0.0280,acceptable,
b2-rin,遠坂凜,godie-u00l,拳四郎,0.0279,acceptable,
community-review-02-20260907,八神庵,godie-efur,揍敵客大家長－揍敵客桀諾,0.0279,acceptable,
community-review-23-20260907,坂田銀時,godie-e002,Saber,0.0279,acceptable,
godie-ofar,皮卡丘,godie-u00j,賽菲洛斯,0.0279,acceptable,
b2-bojji,波吉,godie-udea,飛鼠先生,0.0276,acceptable,
b2-goblin,哥布林殺手,godie-n003,依文潔琳,0.0276,acceptable,
b2-kumoko,蜘蛛子,godie-hart,克勞德,0.0275,acceptable,
community-review-01-20260907,武藤遊戲,community-review-05-20260907,洛克人,0.0275,acceptable,
godie-edem,宇智波佐助,godie-hvwd,桔梗,0.0275,acceptable,
b2-maple,梅普露,community-review-15-20260907,比利海靈頓,0.0274,acceptable,
b2-matthias,馬提亞斯,godie-e00w,櫻綻剎那,0.0274,acceptable,
b2-sinbad,辛巴達,community-review-24-20260907,奇犽,0.0273,acceptable,
godie-emns,夜神月,godie-n003,依文潔琳,0.0273,acceptable,
b2-rin,遠坂凜,community-review-23-20260907,坂田銀時,0.0272,acceptable,
b2-goblin,哥布林殺手,b2-rem,蕾姆,0.0271,acceptable,
community-review-33-20260907,近衛刀太,godie-edem,宇智波佐助,0.0270,acceptable,
godie-e00k,安云,godie-h01u,呂布奉先,0.0270,acceptable,
b2-rem,蕾姆,godie-emns,夜神月,0.0269,acceptable,
b2-rin,遠坂凜,godie-u00j,賽菲洛斯,0.0269,acceptable,
godie-e00w,櫻綻剎那,godie-edem,宇智波佐助,0.0269,acceptable,
b2-elma,艾爾瑪,community-review-08-20260907,米卡莎,0.0268,acceptable,
b2-guts,凱茲,godie-ogld,黑人牙膏,0.0268,acceptable,
community-review-05-20260907,洛克人,godie-hpal,藤井八雲,0.0268,acceptable,
godie-e001,龍宮禮奈,godie-edem,宇智波佐助,0.0268,acceptable,
b2-orphen,歐菲,community-review-16-20260907,魔法少女☆伊莉雅,0.0267,acceptable,
godie-h02u,草泥馬,godie-o00k,皮卡娘,0.0267,acceptable,
godie-orkn,臭作,godie-u00k,死之王,0.0267,acceptable,
godie-emns,夜神月,godie-nplh,麻倉葉,0.0266,acceptable,
godie-e00w,櫻綻剎那,godie-emns,夜神月,0.0265,acceptable,
community-review-17-20260907,安茲·烏爾·恭,community-review-33-20260907,近衛刀太,0.0264,acceptable,
godie-h02r,妙蛙花,godie-u00j,賽菲洛斯,0.0264,acceptable,
b2-popp,何布,godie-ubal,巴恩大魔王,0.0263,acceptable,
b2-rem,蕾姆,godie-e00r,初號機,0.0262,acceptable,
community-review-04-20260907,空條承太郎,community-review-05-20260907,洛克人,0.0261,acceptable,
godie-e007,天地志狼,godie-u00k,死之王,0.0261,acceptable,
godie-n01c,勇者小呆,godie-ubal,巴恩大魔王,0.0260,acceptable,
godie-e001,龍宮禮奈,godie-u00l,拳四郎,0.0259,acceptable,
godie-ofar,皮卡丘,godie-u00l,拳四郎,0.0258,acceptable,
b2-sinbad,辛巴達,godie-h020,莉娜因巴斯,0.0257,acceptable,
community-review-22-20260907,菜月昴,godie-o02p,初音,0.0256,acceptable,
godie-emns,夜神月,godie-hvsh,Rider,0.0256,acceptable,
godie-hblm,慈悲的王者－賈修貝爾,godie-u00v,基廉列克,0.0255,acceptable,
godie-ogld,黑人牙膏,godie-u00l,拳四郎,0.0254,acceptable,
community-review-14-20260907,殺老師,godie-o02p,初音,0.0253,acceptable,
godie-h01u,呂布奉先,godie-ogld,黑人牙膏,0.0253,acceptable,
community-review-17-20260907,安茲·烏爾·恭,godie-o02p,初音,0.0251,acceptable,
community-review-19-20260907,桐谷和人,godie-emns,夜神月,0.0251,acceptable,
b2-elma,艾爾瑪,community-review-05-20260907,洛克人,0.0250,acceptable,
community-review-27-20260907,庫洛魔法使,godie-u00v,基廉列克,0.0249,acceptable,
community-review-25-20260907,一拳超人,godie-ogld,黑人牙膏,0.0248,acceptable,
godie-edem,宇智波佐助,godie-h02u,草泥馬,0.0247,acceptable,
godie-h020,莉娜因巴斯,godie-u00l,拳四郎,0.0247,acceptable,
b2-guts,凱茲,godie-e00w,櫻綻剎那,0.0245,acceptable,
b2-bojji,波吉,godie-e002,Saber,0.0244,acceptable,
godie-e008,夏娜,godie-ubal,巴恩大魔王,0.0244,acceptable,
b2-goblin,哥布林殺手,godie-orkn,臭作,0.0243,acceptable,
godie-hpb1,蒼月潮,godie-u00v,基廉列克,0.0243,acceptable,
b2-nube,鵺野鳴介,godie-o00l,傑洛士,0.0242,acceptable,
community-review-13-20260907,朝田詩乃,godie-u00j,賽菲洛斯,0.0242,acceptable,
community-review-20-20260907,御坂美琴,godie-e00r,初號機,0.0241,acceptable,
b2-rin,遠坂凜,godie-e00w,櫻綻剎那,0.0240,acceptable,
godie-hart,克勞德,godie-u00k,死之王,0.0240,acceptable,
b2-zenitsu,我妻善逸,godie-ogld,黑人牙膏,0.0239,acceptable,
community-review-22-20260907,菜月昴,godie-edem,宇智波佐助,0.0239,acceptable,
godie-h02r,妙蛙花,godie-hvsh,Rider,0.0239,acceptable,
godie-e00r,初號機,godie-n00p,南野秀一,0.0237,acceptable,
community-review-05-20260907,洛克人,godie-u00v,基廉列克,0.0236,acceptable,
godie-h020,莉娜因巴斯,godie-ofar,皮卡丘,0.0236,acceptable,
community-review-17-20260907,安茲·烏爾·恭,godie-u010,飛影,0.0235,acceptable,
community-review-01-20260907,武藤遊戲,godie-n00b,哆拉A夢,0.0234,acceptable,
godie-h02r,妙蛙花,godie-nplh,麻倉葉,0.0234,acceptable,
community-review-27-20260907,庫洛魔法使,godie-e007,天地志狼,0.0232,acceptable,
godie-ofar,皮卡丘,godie-u00v,基廉列克,0.0232,acceptable,
godie-h02r,妙蛙花,godie-u00l,拳四郎,0.0231,acceptable,
godie-h02r,妙蛙花,godie-u01u,索隆,0.0231,acceptable,
godie-h02u,草泥馬,godie-u00l,拳四郎,0.0231,acceptable,
godie-ofar,皮卡丘,godie-osam,殺生丸,0.0231,acceptable,
community-review-23-20260907,坂田銀時,godie-o00x,悟空,0.0230,acceptable,
godie-h02u,草泥馬,godie-n00b,哆拉A夢,0.0229,acceptable,
godie-e00k,安云,godie-emns,夜神月,0.0228,acceptable,
b2-kumoko,蜘蛛子,godie-orkn,臭作,0.0227,acceptable,
community-review-18-20260907,吉爾伽美什,godie-h02u,草泥馬,0.0227,acceptable,
community-review-15-20260907,比利海靈頓,godie-orkn,臭作,0.0226,acceptable,
godie-n01c,勇者小呆,godie-ofar,皮卡丘,0.0226,acceptable,
godie-h02r,妙蛙花,godie-ubal,巴恩大魔王,0.0225,acceptable,
godie-hpb1,蒼月潮,godie-n00b,哆拉A夢,0.0225,acceptable,
godie-o00l,傑洛士,godie-u00v,基廉列克,0.0225,acceptable,
community-review-15-20260907,比利海靈頓,godie-hpal,藤井八雲,0.0224,acceptable,
b2-kumoko,蜘蛛子,community-review-25-20260907,一拳超人,0.0222,acceptable,
b2-rem,蕾姆,godie-u01u,索隆,0.0222,acceptable,
godie-hblm,慈悲的王者－賈修貝爾,godie-u01u,索隆,0.0221,acceptable,
godie-ofar,皮卡丘,godie-ogld,黑人牙膏,0.0221,acceptable,
community-review-01-20260907,武藤遊戲,godie-h02r,妙蛙花,0.0220,acceptable,
community-review-23-20260907,坂田銀時,community-review-33-20260907,近衛刀太,0.0220,acceptable,
community-review-24-20260907,奇犽,godie-u00v,基廉列克,0.0220,acceptable,
community-review-04-20260907,空條承太郎,godie-nplh,麻倉葉,0.0219,acceptable,
b2-bojji,波吉,godie-huth,魔人普烏,0.0218,acceptable,
b2-goblin,哥布林殺手,b2-kumoko,蜘蛛子,0.0218,acceptable,
b2-goblin,哥布林殺手,godie-h00l,林克,0.0218,acceptable,
godie-h02r,妙蛙花,godie-o02p,初音,0.0216,acceptable,
b2-haga,羽賀,godie-o00x,悟空,0.0215,acceptable,
godie-hart,克勞德,godie-u00v,基廉列克,0.0215,acceptable,
godie-hvwd,桔梗,godie-u01u,索隆,0.0213,acceptable,
b2-maple,梅普露,godie-ogld,黑人牙膏,0.0212,acceptable,
community-review-16-20260907,魔法少女☆伊莉雅,community-review-23-20260907,坂田銀時,0.0212,acceptable,
community-review-19-20260907,桐谷和人,godie-u00v,基廉列克,0.0212,acceptable,
b2-goblin,哥布林殺手,godie-u00v,基廉列克,0.0211,acceptable,
b2-matthias,馬提亞斯,community-review-15-20260907,比利海靈頓,0.0211,acceptable,
b2-matthias,馬提亞斯,godie-emns,夜神月,0.0211,acceptable,
b2-nube,鵺野鳴介,godie-hvsh,Rider,0.0211,acceptable,
community-review-16-20260907,魔法少女☆伊莉雅,godie-u00v,基廉列克,0.0211,acceptable,
community-review-08-20260907,米卡莎,godie-h02u,草泥馬,0.0210,acceptable,
godie-n00b,哆拉A夢,godie-n00p,南野秀一,0.0210,acceptable,
godie-u00k,死之王,godie-u00v,基廉列克,0.0210,acceptable,
b2-zenitsu,我妻善逸,godie-u00v,基廉列克,0.0209,acceptable,
godie-h02r,妙蛙花,godie-u00v,基廉列克,0.0209,acceptable,
godie-h02u,草泥馬,godie-hvsh,Rider,0.0209,acceptable,
community-review-34-20260907,高速婆婆,godie-nplh,麻倉葉,0.0208,acceptable,
b2-maple,梅普露,godie-h00l,林克,0.0207,acceptable,
godie-e00w,櫻綻剎那,godie-u00n,蒙其.D.魯夫,0.0207,acceptable,
b2-takopi,章魚嗶,godie-e001,龍宮禮奈,0.0206,acceptable,
community-review-12-20260907,衛宮士郎,godie-u00v,基廉列克,0.0206,acceptable,
community-review-24-20260907,奇犽,godie-huth,魔人普烏,0.0206,acceptable,
godie-e002,Saber,godie-edem,宇智波佐助,0.0206,acceptable,
godie-nplh,麻倉葉,godie-u01u,索隆,0.0206,acceptable,
b2-nube,鵺野鳴介,godie-h02r,妙蛙花,0.0205,acceptable,
community-review-02-20260907,八神庵,community-review-20-20260907,御坂美琴,0.0205,acceptable,
community-review-04-20260907,空條承太郎,godie-h00l,林克,0.0205,acceptable,
godie-efur,揍敵客大家長－揍敵客桀諾,godie-h02r,妙蛙花,0.0205,acceptable,
godie-h02u,草泥馬,godie-nplh,麻倉葉,0.0205,acceptable,
godie-h02u,草泥馬,godie-u01u,索隆,0.0205,acceptable,
godie-e00w,櫻綻剎那,godie-huth,魔人普烏,0.0204,acceptable,
godie-h02r,妙蛙花,godie-n01c,勇者小呆,0.0204,acceptable,
godie-e00k,安云,godie-u00v,基廉列克,0.0203,acceptable,
b2-rem,蕾姆,godie-u010,飛影,0.0202,acceptable,
godie-h020,莉娜因巴斯,godie-h02r,妙蛙花,0.0201,acceptable,
b2-luckyman,幸運超人,godie-h02u,草泥馬,0.0199,acceptable,
community-review-15-20260907,比利海靈頓,godie-e00w,櫻綻剎那,0.0199,acceptable,
godie-h00l,林克,godie-u00v,基廉列克,0.0199,acceptable,
godie-n00b,哆拉A夢,godie-o02p,初音,0.0198,acceptable,
b2-matthias,馬提亞斯,godie-edem,宇智波佐助,0.0197,acceptable,
community-review-15-20260907,比利海靈頓,godie-hvsh,Rider,0.0197,acceptable,
godie-o00l,傑洛士,godie-u00k,死之王,0.0195,acceptable,
godie-h02u,草泥馬,godie-hapm,Berserker,0.0193,acceptable,
godie-ofar,皮卡丘,godie-u00h,鬼畜狂刀KYO,0.0192,acceptable,
community-review-17-20260907,安茲·烏爾·恭,godie-emns,夜神月,0.0191,acceptable,
community-review-05-20260907,洛克人,godie-u01u,索隆,0.0190,acceptable,
b2-nube,鵺野鳴介,godie-hart,克勞德,0.0189,acceptable,
community-review-25-20260907,一拳超人,godie-u00v,基廉列克,0.0189,acceptable,
community-review-13-20260907,朝田詩乃,community-review-34-20260907,高速婆婆,0.0188,acceptable,
godie-efur,揍敵客大家長－揍敵客桀諾,godie-n00p,南野秀一,0.0188,acceptable,
community-review-20-20260907,御坂美琴,godie-ogld,黑人牙膏,0.0187,acceptable,
b2-nube,鵺野鳴介,godie-ofar,皮卡丘,0.0184,acceptable,
godie-emns,夜神月,godie-ofar,皮卡丘,0.0184,acceptable,
godie-h020,莉娜因巴斯,godie-h02u,草泥馬,0.0184,acceptable,
b2-goblin,哥布林殺手,godie-huth,魔人普烏,0.0183,acceptable,
b2-maple,梅普露,godie-ofar,皮卡丘,0.0180,acceptable,
godie-e001,龍宮禮奈,godie-h01u,呂布奉先,0.0180,acceptable,
godie-o00k,皮卡娘,godie-o00l,傑洛士,0.0180,acceptable,
community-review-13-20260907,朝田詩乃,godie-emns,夜神月,0.0179,acceptable,
b2-haga,羽賀,community-review-20-20260907,御坂美琴,0.0178,acceptable,
b2-haga,羽賀,godie-h020,莉娜因巴斯,0.0175,acceptable,
godie-etyr,木乃香,godie-hart,克勞德,0.0174,acceptable,
community-review-15-20260907,比利海靈頓,godie-nplh,麻倉葉,0.0173,acceptable,
b2-uncle,異世界舅舅,godie-h02r,妙蛙花,0.0172,acceptable,
community-review-05-20260907,洛克人,godie-u00k,死之王,0.0172,acceptable,
b2-bojji,波吉,godie-u01u,索隆,0.0171,acceptable,
godie-u00k,死之王,godie-zombiex,聖杯黑泥醬－喪標麥可,0.0169,acceptable,
b2-matthias,馬提亞斯,godie-efur,揍敵客大家長－揍敵客桀諾,0.0168,acceptable,
community-review-02-20260907,八神庵,community-review-37-20260907,吉伊卡哇,0.0168,acceptable,
godie-h020,莉娜因巴斯,godie-osam,殺生丸,0.0168,acceptable,
community-review-30-20260907,尼古貓貓,godie-o02p,初音,0.0167,acceptable,
b2-touka,托卡・史考特,godie-u00k,死之王,0.0164,acceptable,
godie-h02r,妙蛙花,godie-osam,殺生丸,0.0164,acceptable,
godie-e002,Saber,godie-u01u,索隆,0.0163,acceptable,
godie-etyr,木乃香,godie-ofar,皮卡丘,0.0163,acceptable,
godie-h02u,草泥馬,godie-u00v,基廉列克,0.0161,acceptable,
community-review-02-20260907,八神庵,godie-e007,天地志狼,0.0160,acceptable,
b2-goblin,哥布林殺手,community-review-27-20260907,庫洛魔法使,0.0158,acceptable,
b2-matthias,馬提亞斯,godie-hart,克勞德,0.0157,acceptable,
b2-uncle,異世界舅舅,godie-ofar,皮卡丘,0.0157,acceptable,
community-review-03-20260907,不知火舞,community-review-37-20260907,吉伊卡哇,0.0157,acceptable,
community-review-24-20260907,奇犽,godie-e001,龍宮禮奈,0.0157,acceptable,
godie-e008,夏娜,godie-ofar,皮卡丘,0.0157,acceptable,
godie-emns,夜神月,godie-h02r,妙蛙花,0.0157,acceptable,
godie-hvsh,Rider,godie-o00x,悟空,0.0157,acceptable,
godie-h01n,黑崎一護,godie-ogld,黑人牙膏,0.0155,acceptable,
godie-h02r,妙蛙花,godie-ogld,黑人牙膏,0.0155,acceptable,
b2-nube,鵺野鳴介,b2-orphen,歐菲,0.0154,acceptable,
community-review-27-20260907,庫洛魔法使,godie-hvwd,桔梗,0.0154,acceptable,
godie-e001,龍宮禮奈,godie-e00r,初號機,0.0154,acceptable,
b2-maple,梅普露,godie-h02r,妙蛙花,0.0153,acceptable,
community-review-24-20260907,奇犽,godie-h00l,林克,0.0153,acceptable,
community-review-32-20260907,阿薩謝爾,godie-ofar,皮卡丘,0.0153,acceptable,
godie-e002,Saber,godie-ofar,皮卡丘,0.0153,acceptable,
godie-hvsh,Rider,godie-u010,飛影,0.0153,acceptable,
godie-hvwd,桔梗,godie-n00b,哆拉A夢,0.0152,acceptable,
community-review-15-20260907,比利海靈頓,godie-ofar,皮卡丘,0.0151,acceptable,
godie-h02k,熊貓,godie-hpal,藤井八雲,0.0151,acceptable,
godie-h02k,熊貓,godie-ofar,皮卡丘,0.0151,acceptable,
b2-luckyman,幸運超人,godie-edem,宇智波佐助,0.0150,acceptable,
community-review-03-20260907,不知火舞,godie-e002,Saber,0.0150,acceptable,
b2-boxxo,阿箱＋拉蜜絲,godie-h02r,妙蛙花,0.0148,acceptable,
godie-etyr,木乃香,godie-h02r,妙蛙花,0.0148,acceptable,
b2-haga,羽賀,godie-efur,揍敵客大家長－揍敵客桀諾,0.0147,acceptable,
godie-h02u,草泥馬,godie-n01c,勇者小呆,0.0145,acceptable,
b2-boxxo,阿箱＋拉蜜絲,b2-popp,何布,0.0144,acceptable,
community-review-22-20260907,菜月昴,godie-ofar,皮卡丘,0.0144,acceptable,
b2-matthias,馬提亞斯,godie-ofar,皮卡丘,0.0143,acceptable,
community-review-32-20260907,阿薩謝爾,godie-h02r,妙蛙花,0.0143,acceptable,
godie-e00r,初號機,godie-ofar,皮卡丘,0.0143,acceptable,
b2-boxxo,阿箱＋拉蜜絲,godie-ofar,皮卡丘,0.0142,acceptable,
b2-boxxo,阿箱＋拉蜜絲,godie-osam,殺生丸,0.0142,acceptable,
b2-rem,蕾姆,godie-u00j,賽菲洛斯,0.0142,acceptable,
b2-sinbad,辛巴達,godie-ofar,皮卡丘,0.0142,acceptable,
community-review-12-20260907,衛宮士郎,godie-emns,夜神月,0.0141,acceptable,
community-review-15-20260907,比利海靈頓,godie-e00k,安云,0.0141,acceptable,
community-review-27-20260907,庫洛魔法使,godie-e00r,初號機,0.0141,acceptable,
community-review-34-20260907,高速婆婆,community-review-37-20260907,吉伊卡哇,0.0141,acceptable,
godie-e00r,初號機,godie-h00l,林克,0.0141,acceptable,
godie-h02u,草泥馬,godie-u00j,賽菲洛斯,0.0139,acceptable,
b2-takopi,章魚嗶,godie-ofar,皮卡丘,0.0138,acceptable,
community-review-14-20260907,殺老師,godie-ofar,皮卡丘,0.0138,acceptable,
b2-haga,羽賀,godie-ofar,皮卡丘,0.0137,acceptable,
b2-touka,托卡・史考特,godie-ofar,皮卡丘,0.0137,acceptable,
godie-e008,夏娜,godie-h02r,妙蛙花,0.0137,acceptable,
godie-h02r,妙蛙花,godie-u00h,鬼畜狂刀KYO,0.0136,acceptable,
godie-h020,莉娜因巴斯,godie-u01u,索隆,0.0135,acceptable,
godie-h02u,草泥馬,godie-ubal,巴恩大魔王,0.0135,acceptable,
b2-takopi,章魚嗶,community-review-27-20260907,庫洛魔法使,0.0132,acceptable,
b2-orphen,歐菲,godie-h02r,妙蛙花,0.0130,acceptable,
community-review-17-20260907,安茲·烏爾·恭,community-review-32-20260907,阿薩謝爾,0.0130,acceptable,
community-review-24-20260907,奇犽,godie-e00r,初號機,0.0130,acceptable,
b2-bojji,波吉,godie-ofar,皮卡丘,0.0129,acceptable,
b2-guts,凱茲,godie-e002,Saber,0.0129,acceptable,
godie-e001,龍宮禮奈,godie-hpb1,蒼月潮,0.0129,acceptable,
godie-ofar,皮卡丘,godie-orkn,臭作,0.0129,acceptable,
b2-matthias,馬提亞斯,godie-h02r,妙蛙花,0.0128,acceptable,
b2-takopi,章魚嗶,community-review-24-20260907,奇犽,0.0128,acceptable,
community-review-33-20260907,近衛刀太,godie-ofar,皮卡丘,0.0128,acceptable,
godie-e00k,安云,godie-u010,飛影,0.0128,acceptable,
godie-efur,揍敵客大家長－揍敵客桀諾,godie-h02u,草泥馬,0.0128,acceptable,
b2-matthias,馬提亞斯,community-review-12-20260907,衛宮士郎,0.0127,acceptable,
b2-takopi,章魚嗶,godie-h00l,林克,0.0127,acceptable,
community-review-18-20260907,吉爾伽美什,godie-u00k,死之王,0.0127,acceptable,
godie-ofar,皮卡丘,godie-zombiex,聖杯黑泥醬－喪標麥可,0.0127,acceptable,
b2-touka,托卡・史考特,godie-h02r,妙蛙花,0.0126,acceptable,
community-review-05-20260907,洛克人,godie-edem,宇智波佐助,0.0126,acceptable,
godie-ofar,皮卡丘,godie-udea,飛鼠先生,0.0126,acceptable,
b2-rem,蕾姆,godie-h00l,林克,0.0125,acceptable,
b2-takopi,章魚嗶,community-review-05-20260907,洛克人,0.0125,acceptable,
community-review-01-20260907,武藤遊戲,godie-h02u,草泥馬,0.0124,acceptable,
community-review-03-20260907,不知火舞,godie-efur,揍敵客大家長－揍敵客桀諾,0.0124,acceptable,
community-review-30-20260907,尼古貓貓,godie-ofar,皮卡丘,0.0124,acceptable,
godie-hpal,藤井八雲,godie-o00x,悟空,0.0124,acceptable,
community-review-12-20260907,衛宮士郎,godie-n00b,哆拉A夢,0.0123,acceptable,
godie-e002,Saber,godie-u00l,拳四郎,0.0123,acceptable,
godie-h02k,熊貓,godie-h02r,妙蛙花,0.0123,acceptable,
b2-goblin,哥布林殺手,b2-rin,遠坂凜,0.0122,acceptable,
b2-goblin,哥布林殺手,godie-h020,莉娜因巴斯,0.0122,acceptable,
b2-takopi,章魚嗶,godie-hpb1,蒼月潮,0.0122,acceptable,
b2-elma,艾爾瑪,godie-h02r,妙蛙花,0.0121,acceptable,
b2-elma,艾爾瑪,godie-ofar,皮卡丘,0.0121,acceptable,
b2-guts,凱茲,godie-ofar,皮卡丘,0.0121,acceptable,
godie-emns,夜神月,godie-h02k,熊貓,0.0121,acceptable,
b2-takopi,章魚嗶,godie-hblm,慈悲的王者－賈修貝爾,0.0120,acceptable,
b2-popp,何布,godie-ofar,皮卡丘,0.0119,acceptable,
b2-takopi,章魚嗶,community-review-12-20260907,衛宮士郎,0.0119,acceptable,
b2-takopi,章魚嗶,godie-h02r,妙蛙花,0.0119,acceptable,
b2-goblin,哥布林殺手,b2-takopi,章魚嗶,0.0118,acceptable,
godie-e002,Saber,godie-h02r,妙蛙花,0.0118,acceptable,
godie-e00r,初號機,godie-u00k,死之王,0.0118,acceptable,
b2-goblin,哥布林殺手,godie-e00r,初號機,0.0117,acceptable,
community-review-02-20260907,八神庵,godie-h02r,妙蛙花,0.0117,acceptable,
community-review-12-20260907,衛宮士郎,godie-e00r,初號機,0.0117,acceptable,
godie-e00r,初號機,godie-h02r,妙蛙花,0.0117,acceptable,
b2-orphen,歐菲,godie-hvwd,桔梗,0.0115,acceptable,
b2-kumoko,蜘蛛子,godie-ofar,皮卡丘,0.0114,acceptable,
b2-takopi,章魚嗶,godie-hart,克勞德,0.0114,acceptable,
b2-orphen,歐菲,godie-ofar,皮卡丘,0.0112,acceptable,
godie-n00b,哆拉A夢,godie-orkn,臭作,0.0112,acceptable,
b2-takopi,章魚嗶,godie-o00l,傑洛士,0.0111,acceptable,
community-review-22-20260907,菜月昴,godie-h02r,妙蛙花,0.0111,acceptable,
community-review-14-20260907,殺老師,godie-h02r,妙蛙花,0.0110,acceptable,
community-review-22-20260907,菜月昴,godie-h02u,草泥馬,0.0110,acceptable,
godie-e00r,初號機,godie-hpb1,蒼月潮,0.0110,acceptable,
b2-sinbad,辛巴達,godie-h02r,妙蛙花,0.0109,acceptable,
b2-takopi,章魚嗶,community-review-16-20260907,魔法少女☆伊莉雅,0.0109,acceptable,
godie-e00r,初號機,godie-hart,克勞德,0.0109,acceptable,
community-review-15-20260907,比利海靈頓,godie-h02r,妙蛙花,0.0108,acceptable,
community-review-15-20260907,比利海靈頓,godie-o00l,傑洛士,0.0108,acceptable,
godie-h02u,草泥馬,godie-osam,殺生丸,0.0107,acceptable,
b2-guts,凱茲,godie-h02r,妙蛙花,0.0106,acceptable,
b2-takopi,章魚嗶,b2-zenitsu,我妻善逸,0.0106,acceptable,
community-review-05-20260907,洛克人,godie-e00r,初號機,0.0106,acceptable,
godie-e00r,初號機,godie-hblm,慈悲的王者－賈修貝爾,0.0106,acceptable,
community-review-33-20260907,近衛刀太,godie-h02r,妙蛙花,0.0105,acceptable,
b2-takopi,章魚嗶,godie-u00k,死之王,0.0104,acceptable,
godie-emns,夜神月,godie-h02u,草泥馬,0.0104,acceptable,
b2-haga,羽賀,godie-h02r,妙蛙花,0.0103,acceptable,
b2-maple,梅普露,godie-h02u,草泥馬,0.0103,acceptable,
b2-takopi,章魚嗶,community-review-19-20260907,桐谷和人,0.0103,acceptable,
b2-bojji,波吉,godie-hblm,慈悲的王者－賈修貝爾,0.0102,acceptable,
b2-kumoko,蜘蛛子,godie-h02r,妙蛙花,0.0102,acceptable,
community-review-34-20260907,高速婆婆,godie-efur,揍敵客大家長－揍敵客桀諾,0.0102,acceptable,
godie-h02u,草泥馬,godie-ogld,黑人牙膏,0.0102,acceptable,
godie-h02k,熊貓,godie-h02u,草泥馬,0.0100,acceptable,
community-review-03-20260907,不知火舞,godie-h02r,妙蛙花,0.0099,acceptable,
godie-h02r,妙蛙花,godie-orkn,臭作,0.0099,acceptable,
godie-h02r,妙蛙花,godie-udea,飛鼠先生,0.0099,acceptable,
b2-takopi,章魚嗶,community-review-25-20260907,一拳超人,0.0098,acceptable,
b2-takopi,章魚嗶,godie-e00k,安云,0.0098,acceptable,
b2-nube,鵺野鳴介,godie-h02u,草泥馬,0.0097,acceptable,
community-review-24-20260907,奇犽,godie-o02p,初音,0.0097,acceptable,
godie-e008,夏娜,godie-h02u,草泥馬,0.0097,acceptable,
godie-h02r,妙蛙花,godie-zombiex,聖杯黑泥醬－喪標麥可,0.0097,acceptable,
b2-bojji,波吉,godie-h02r,妙蛙花,0.0096,acceptable,
community-review-02-20260907,八神庵,godie-n00b,哆拉A夢,0.0096,acceptable,
community-review-16-20260907,魔法少女☆伊莉雅,godie-e00r,初號機,0.0095,acceptable,
godie-e00r,初號機,godie-o00l,傑洛士,0.0095,acceptable,
godie-h02u,草泥馬,godie-u00h,鬼畜狂刀KYO,0.0095,acceptable,
b2-zenitsu,我妻善逸,godie-e00r,初號機,0.0094,acceptable,
community-review-15-20260907,比利海靈頓,godie-etyr,木乃香,0.0094,acceptable,
community-review-02-20260907,八神庵,godie-ofar,皮卡丘,0.0093,acceptable,
community-review-19-20260907,桐谷和人,godie-e00r,初號機,0.0093,acceptable,
community-review-34-20260907,高速婆婆,godie-h02r,妙蛙花,0.0093,acceptable,
godie-e001,龍宮禮奈,godie-o02p,初音,0.0093,acceptable,
community-review-15-20260907,比利海靈頓,godie-u01u,索隆,0.0091,acceptable,
community-review-30-20260907,尼古貓貓,godie-h02r,妙蛙花,0.0091,acceptable,
godie-etyr,木乃香,godie-h02u,草泥馬,0.0090,acceptable,
community-review-25-20260907,一拳超人,godie-e00r,初號機,0.0089,acceptable,
b2-bojji,波吉,community-review-34-20260907,高速婆婆,0.0088,acceptable,
b2-zenitsu,我妻善逸,godie-o02p,初音,0.0088,acceptable,
community-review-20-20260907,御坂美琴,godie-e00w,櫻綻剎那,0.0088,acceptable,
b2-matthias,馬提亞斯,godie-u010,飛影,0.0087,acceptable,
b2-popp,何布,godie-h02r,妙蛙花,0.0087,acceptable,
godie-e002,Saber,godie-hart,克勞德,0.0086,acceptable,
community-review-32-20260907,阿薩謝爾,godie-h02u,草泥馬,0.0085,acceptable,
godie-e007,天地志狼,godie-ogld,黑人牙膏,0.0085,acceptable,
godie-h02u,草泥馬,godie-o02p,初音,0.0085,acceptable,
community-review-15-20260907,比利海靈頓,godie-udea,飛鼠先生,0.0084,acceptable,
godie-h02u,草泥馬,godie-udea,飛鼠先生,0.0084,acceptable,
b2-bojji,波吉,b2-boxxo,阿箱＋拉蜜絲,0.0082,acceptable,
b2-uncle,異世界舅舅,godie-h02u,草泥馬,0.0082,acceptable,
community-review-03-20260907,不知火舞,godie-ofar,皮卡丘,0.0081,acceptable,
community-review-14-20260907,殺老師,godie-h02u,草泥馬,0.0081,acceptable,
community-review-03-20260907,不知火舞,community-review-24-20260907,奇犽,0.0080,acceptable,
godie-h00l,林克,godie-hvwd,桔梗,0.0080,acceptable,
b2-matthias,馬提亞斯,godie-h02u,草泥馬,0.0079,acceptable,
b2-touka,托卡・史考特,godie-h02u,草泥馬,0.0079,acceptable,
community-review-15-20260907,比利海靈頓,godie-u00k,死之王,0.0079,acceptable,
b2-boxxo,阿箱＋拉蜜絲,godie-h02u,草泥馬,0.0078,acceptable,
godie-e00k,安云,godie-e00r,初號機,0.0078,acceptable,
godie-e00k,安云,godie-efur,揍敵客大家長－揍敵客桀諾,0.0078,acceptable,
godie-nplh,麻倉葉,godie-u010,飛影,0.0078,acceptable,
b2-elma,艾爾瑪,b2-haga,羽賀,0.0076,acceptable,
b2-popp,何布,godie-efur,揍敵客大家長－揍敵客桀諾,0.0076,acceptable,
community-review-02-20260907,八神庵,godie-hvsh,Rider,0.0076,acceptable,
godie-etyr,木乃香,godie-hvsh,Rider,0.0076,acceptable,
godie-e002,Saber,godie-h02u,草泥馬,0.0074,acceptable,
community-review-15-20260907,比利海靈頓,community-review-33-20260907,近衛刀太,0.0072,acceptable,
community-review-34-20260907,高速婆婆,godie-ofar,皮卡丘,0.0072,acceptable,
b2-haga,羽賀,godie-h02u,草泥馬,0.0071,acceptable,
b2-orphen,歐菲,godie-h02u,草泥馬,0.0071,acceptable,
b2-uncle,異世界舅舅,community-review-15-20260907,比利海靈頓,0.0071,acceptable,
b2-maple,梅普露,godie-o02p,初音,0.0070,acceptable,
b2-takopi,章魚嗶,godie-h02u,草泥馬,0.0069,acceptable,
godie-h020,莉娜因巴斯,godie-u00k,死之王,0.0068,acceptable,
community-review-33-20260907,近衛刀太,godie-h02u,草泥馬,0.0067,acceptable,
b2-kumoko,蜘蛛子,godie-h02u,草泥馬,0.0066,acceptable,
b2-sinbad,辛巴達,godie-h02u,草泥馬,0.0066,acceptable,
community-review-15-20260907,比利海靈頓,godie-h02u,草泥馬,0.0066,acceptable,
community-review-25-20260907,一拳超人,godie-orkn,臭作,0.0066,acceptable,
godie-efur,揍敵客大家長－揍敵客桀諾,godie-n00b,哆拉A夢,0.0066,acceptable,
godie-e00r,初號機,godie-h02u,草泥馬,0.0065,acceptable,
b2-elma,艾爾瑪,community-review-20-20260907,御坂美琴,0.0064,acceptable,
community-review-23-20260907,坂田銀時,godie-h020,莉娜因巴斯,0.0063,acceptable,
b2-bojji,波吉,godie-h02u,草泥馬,0.0062,acceptable,
godie-h02u,草泥馬,godie-orkn,臭作,0.0061,acceptable,
b2-luckyman,幸運超人,godie-u01u,索隆,0.0060,acceptable,
community-review-16-20260907,魔法少女☆伊莉雅,godie-hvsh,Rider,0.0060,acceptable,
community-review-24-20260907,奇犽,godie-orkn,臭作,0.0060,acceptable,
b2-elma,艾爾瑪,godie-h02u,草泥馬,0.0059,acceptable,
b2-popp,何布,godie-u010,飛影,0.0058,acceptable,
community-review-02-20260907,八神庵,godie-h02u,草泥馬,0.0058,acceptable,
b2-popp,何布,godie-h02u,草泥馬,0.0057,acceptable,
community-review-23-20260907,坂田銀時,godie-orkn,臭作,0.0057,acceptable,
godie-h02u,草泥馬,godie-zombiex,聖杯黑泥醬－喪標麥可,0.0057,acceptable,
community-review-12-20260907,衛宮士郎,godie-h00l,林克,0.0054,acceptable,
godie-ogld,黑人牙膏,godie-zombiex,聖杯黑泥醬－喪標麥可,0.0054,acceptable,
community-review-30-20260907,尼古貓貓,godie-h02u,草泥馬,0.0053,acceptable,
b2-rin,遠坂凜,godie-ogld,黑人牙膏,0.0052,acceptable,
godie-efur,揍敵客大家長－揍敵客桀諾,godie-emns,夜神月,0.0052,acceptable,
godie-hblm,慈悲的王者－賈修貝爾,godie-o02p,初音,0.0052,acceptable,
b2-guts,凱茲,godie-h02u,草泥馬,0.0049,acceptable,
community-review-03-20260907,不知火舞,godie-h02u,草泥馬,0.0046,acceptable,
community-review-34-20260907,高速婆婆,godie-h02u,草泥馬,0.0044,acceptable,
godie-e007,天地志狼,godie-n00b,哆拉A夢,0.0043,acceptable,
godie-e008,夏娜,godie-u01u,索隆,0.0043,acceptable,
godie-o00l,傑洛士,godie-o02p,初音,0.0039,acceptable,
b2-maple,梅普露,godie-u00k,死之王,0.0038,acceptable,
godie-hvsh,Rider,godie-o00k,皮卡娘,0.0035,acceptable,
godie-o02p,初音,godie-osam,殺生丸,0.0035,acceptable,
community-review-15-20260907,比利海靈頓,community-review-18-20260907,吉爾伽美什,0.0034,acceptable,
community-review-04-20260907,空條承太郎,community-review-24-20260907,奇犽,0.0033,acceptable,
godie-hvsh,Rider,godie-n003,依文潔琳,0.0033,acceptable,
b2-bojji,波吉,community-review-15-20260907,比利海靈頓,0.0032,acceptable,
b2-kumoko,蜘蛛子,godie-ubal,巴恩大魔王,0.0027,acceptable,
godie-h02k,熊貓,godie-o00l,傑洛士,0.0026,acceptable,
community-review-03-20260907,不知火舞,community-review-19-20260907,桐谷和人,0.0023,acceptable,
godie-h02k,熊貓,godie-u01u,索隆,0.0023,acceptable,
community-review-27-20260907,庫洛魔法使,godie-e00w,櫻綻剎那,0.0022,acceptable,
community-review-22-20260907,菜月昴,godie-efur,揍敵客大家長－揍敵客桀諾,0.0021,acceptable,
godie-huth,魔人普烏,godie-ogld,黑人牙膏,0.0020,acceptable,
b2-goblin,哥布林殺手,godie-h02k,熊貓,0.0016,acceptable,
godie-e002,Saber,godie-u00k,死之王,0.0016,acceptable,
b2-luckyman,幸運超人,godie-o02p,初音,0.0013,acceptable,
community-review-34-20260907,高速婆婆,godie-hvwd,桔梗,0.0013,acceptable,
b2-matthias,馬提亞斯,godie-hvsh,Rider,0.0012,acceptable,
community-review-32-20260907,阿薩謝爾,godie-efur,揍敵客大家長－揍敵客桀諾,0.0012,acceptable,
b2-haga,羽賀,community-review-05-20260907,洛克人,0.0011,acceptable,
godie-hblm,慈悲的王者－賈修貝爾,godie-u00k,死之王,0.0010,acceptable,
b2-elma,艾爾瑪,b2-rin,遠坂凜,0.0009,acceptable,
community-review-24-20260907,奇犽,godie-emns,夜神月,0.0007,acceptable,
community-review-30-20260907,尼古貓貓,godie-osam,殺生丸,0.0005,acceptable,
community-review-14-20260907,殺老師,godie-u00k,死之王,0.0002,acceptable,
b2-touka,托卡・史考特,godie-hvsh,Rider,-0.0002,acceptable,
b2-haga,羽賀,godie-e008,夏娜,-0.0004,acceptable,
community-review-16-20260907,魔法少女☆伊莉雅,godie-e00w,櫻綻剎那,-0.0004,acceptable,
godie-o02p,初音,godie-zombiex,聖杯黑泥醬－喪標麥可,-0.0004,acceptable,
b2-kumoko,蜘蛛子,godie-e00w,櫻綻剎那,-0.0006,acceptable,
b2-orphen,歐菲,b2-rin,遠坂凜,-0.0007,acceptable,
community-review-03-20260907,不知火舞,godie-ubal,巴恩大魔王,-0.0007,acceptable,
b2-orphen,歐菲,godie-orkn,臭作,-0.0008,acceptable,
godie-e002,Saber,godie-h00l,林克,-0.0008,acceptable,
community-review-05-20260907,洛克人,godie-hvwd,桔梗,-0.0010,acceptable,
community-review-04-20260907,空條承太郎,godie-udea,飛鼠先生,-0.0012,acceptable,
b2-bojji,波吉,godie-edem,宇智波佐助,-0.0013,acceptable,
b2-rem,蕾姆,godie-osam,殺生丸,-0.0013,acceptable,
b2-bojji,波吉,b2-elma,艾爾瑪,-0.0020,acceptable,
community-review-04-20260907,空條承太郎,godie-h02k,熊貓,-0.0020,acceptable,
community-review-16-20260907,魔法少女☆伊莉雅,godie-o02p,初音,-0.0020,acceptable,
community-review-04-20260907,空條承太郎,godie-hblm,慈悲的王者－賈修貝爾,-0.0021,acceptable,
b2-goblin,哥布林殺手,community-review-30-20260907,尼古貓貓,-0.0023,acceptable,
community-review-27-20260907,庫洛魔法使,godie-osam,殺生丸,-0.0023,acceptable,
godie-etyr,木乃香,godie-ubal,巴恩大魔王,-0.0023,acceptable,
godie-h02k,熊貓,godie-orkn,臭作,-0.0024,acceptable,
community-review-27-20260907,庫洛魔法使,godie-ogld,黑人牙膏,-0.0027,acceptable,
godie-emfr,涅吉,godie-emns,夜神月,-0.0027,acceptable,
b2-kumoko,蜘蛛子,godie-osam,殺生丸,-0.0028,acceptable,
b2-elma,艾爾瑪,community-review-04-20260907,空條承太郎,-0.0029,acceptable,
b2-elma,艾爾瑪,godie-emfr,涅吉,-0.0029,acceptable,
community-review-04-20260907,空條承太郎,godie-u00k,死之王,-0.0031,acceptable,
godie-e00w,櫻綻剎那,godie-n003,依文潔琳,-0.0031,acceptable,
b2-haga,羽賀,b2-kumoko,蜘蛛子,-0.0034,acceptable,
godie-h00l,林克,godie-hvsh,Rider,-0.0035,acceptable,
godie-e007,天地志狼,godie-o02p,初音,-0.0037,acceptable,
b2-goblin,哥布林殺手,b2-nube,鵺野鳴介,-0.0040,acceptable,
godie-e008,夏娜,godie-hpb1,蒼月潮,-0.0040,acceptable,
b2-elma,艾爾瑪,community-review-18-20260907,吉爾伽美什,-0.0041,acceptable,
community-review-17-20260907,安茲·烏爾·恭,godie-ogld,黑人牙膏,-0.0041,acceptable,
b2-orphen,歐菲,godie-nplh,麻倉葉,-0.0045,acceptable,
community-review-32-20260907,阿薩謝爾,godie-hpb1,蒼月潮,-0.0046,acceptable,
community-review-15-20260907,比利海靈頓,godie-emns,夜神月,-0.0048,acceptable,
community-review-20-20260907,御坂美琴,community-review-25-20260907,一拳超人,-0.0048,acceptable,
b2-bojji,波吉,community-review-30-20260907,尼古貓貓,-0.0049,acceptable,
b2-bojji,波吉,b2-kumoko,蜘蛛子,-0.0050,acceptable,
community-review-04-20260907,空條承太郎,community-review-20-20260907,御坂美琴,-0.0051,acceptable,
b2-rem,蕾姆,godie-hvsh,Rider,-0.0054,acceptable,
community-review-25-20260907,一拳超人,godie-o02p,初音,-0.0059,acceptable,
godie-e00w,櫻綻剎那,godie-ogld,黑人牙膏,-0.0060,acceptable,
community-review-08-20260907,米卡莎,community-review-15-20260907,比利海靈頓,-0.0062,acceptable,
community-review-05-20260907,洛克人,godie-e00w,櫻綻剎那,-0.0063,acceptable,
b2-elma,艾爾瑪,godie-efur,揍敵客大家長－揍敵客桀諾,-0.0064,acceptable,
godie-efur,揍敵客大家長－揍敵客桀諾,godie-n003,依文潔琳,-0.0064,acceptable,
godie-o00l,傑洛士,godie-zombiex,聖杯黑泥醬－喪標麥可,-0.0064,acceptable,
b2-elma,艾爾瑪,community-review-24-20260907,奇犽,-0.0066,acceptable,
godie-u00h,鬼畜狂刀KYO,godie-zombiex,聖杯黑泥醬－喪標麥可,-0.0066,acceptable,
godie-efur,揍敵客大家長－揍敵客桀諾,godie-h02k,熊貓,-0.0068,acceptable,
community-review-02-20260907,八神庵,community-review-19-20260907,桐谷和人,-0.0070,acceptable,
community-review-15-20260907,比利海靈頓,godie-hpb1,蒼月潮,-0.0072,acceptable,
godie-e00k,安云,godie-hvsh,Rider,-0.0072,acceptable,
b2-rem,蕾姆,godie-o02p,初音,-0.0074,acceptable,
b2-uncle,異世界舅舅,godie-e002,Saber,-0.0074,acceptable,
b2-bojji,波吉,godie-n003,依文潔琳,-0.0075,acceptable,
godie-e00w,櫻綻剎那,godie-u00k,死之王,-0.0076,acceptable,
b2-goblin,哥布林殺手,community-review-20-20260907,御坂美琴,-0.0079,acceptable,
b2-orphen,歐菲,godie-e001,龍宮禮奈,-0.0080,acceptable,
b2-popp,何布,godie-h00l,林克,-0.0080,acceptable,
godie-e008,夏娜,godie-ogld,黑人牙膏,-0.0080,acceptable,
godie-ogld,黑人牙膏,godie-u00n,蒙其.D.魯夫,-0.0081,acceptable,
community-review-04-20260907,空條承太郎,godie-orkn,臭作,-0.0086,acceptable,
godie-osam,殺生丸,godie-zombiex,聖杯黑泥醬－喪標麥可,-0.0086,acceptable,
b2-elma,艾爾瑪,godie-nplh,麻倉葉,-0.0087,acceptable,
b2-goblin,哥布林殺手,community-review-05-20260907,洛克人,-0.0088,acceptable,
b2-kumoko,蜘蛛子,community-review-23-20260907,坂田銀時,-0.0089,acceptable,
b2-goblin,哥布林殺手,b2-matthias,馬提亞斯,-0.0094,acceptable,
godie-edem,宇智波佐助,godie-n00b,哆拉A夢,-0.0096,acceptable,
community-review-17-20260907,安茲·烏爾·恭,godie-n00b,哆拉A夢,-0.0097,acceptable,
b2-bojji,波吉,godie-e00k,安云,-0.0098,acceptable,
community-review-12-20260907,衛宮士郎,godie-etyr,木乃香,-0.0098,acceptable,
b2-bojji,波吉,godie-o02p,初音,-0.0101,acceptable,
godie-n01c,勇者小呆,godie-orkn,臭作,-0.0101,acceptable,
community-review-33-20260907,近衛刀太,godie-u00j,賽菲洛斯,-0.0105,acceptable,
godie-e00k,安云,godie-ogld,黑人牙膏,-0.0105,acceptable,
godie-e00w,櫻綻剎那,godie-zombiex,聖杯黑泥醬－喪標麥可,-0.0105,acceptable,
b2-matthias,馬提亞斯,godie-u00j,賽菲洛斯,-0.0108,acceptable,
community-review-15-20260907,比利海靈頓,godie-hvwd,桔梗,-0.0109,acceptable,
b2-haga,羽賀,community-review-24-20260907,奇犽,-0.0111,acceptable,
b2-kumoko,蜘蛛子,godie-u00k,死之王,-0.0111,acceptable,
godie-n00b,哆拉A夢,godie-osam,殺生丸,-0.0111,acceptable,
community-review-12-20260907,衛宮士郎,community-review-34-20260907,高速婆婆,-0.0112,acceptable,
b2-bojji,波吉,godie-h020,莉娜因巴斯,-0.0113,acceptable,
b2-guts,凱茲,godie-hvwd,桔梗,-0.0113,acceptable,
community-review-04-20260907,空條承太郎,godie-e008,夏娜,-0.0114,acceptable,
b2-elma,艾爾瑪,godie-o00l,傑洛士,-0.0116,acceptable,
godie-e00w,櫻綻剎那,godie-h00l,林克,-0.0117,acceptable,
godie-n003,依文潔琳,godie-orkn,臭作,-0.0122,acceptable,
godie-edem,宇智波佐助,godie-nplh,麻倉葉,-0.0125,acceptable,
b2-bojji,波吉,godie-etyr,木乃香,-0.0128,acceptable,
b2-bojji,波吉,community-review-20-20260907,御坂美琴,-0.0129,acceptable,
b2-popp,何布,godie-etyr,木乃香,-0.0130,acceptable,
community-review-32-20260907,阿薩謝爾,godie-ogld,黑人牙膏,-0.0133,acceptable,
b2-luckyman,幸運超人,godie-u00k,死之王,-0.0135,acceptable,
godie-hvwd,桔梗,godie-u00k,死之王,-0.0135,acceptable,
b2-bojji,波吉,godie-e008,夏娜,-0.0137,acceptable,
b2-rin,遠坂凜,godie-h00l,林克,-0.0138,acceptable,
community-review-16-20260907,魔法少女☆伊莉雅,godie-ogld,黑人牙膏,-0.0140,acceptable,
community-review-16-20260907,魔法少女☆伊莉雅,godie-osam,殺生丸,-0.0140,acceptable,
b2-kumoko,蜘蛛子,godie-u01u,索隆,-0.0143,acceptable,
community-review-33-20260907,近衛刀太,godie-u01u,索隆,-0.0143,acceptable,
b2-rin,遠坂凜,community-review-04-20260907,空條承太郎,-0.0144,acceptable,
community-review-05-20260907,洛克人,godie-u00l,拳四郎,-0.0145,acceptable,
godie-e002,Saber,godie-o02p,初音,-0.0145,acceptable,
b2-orphen,歐菲,community-review-20-20260907,御坂美琴,-0.0147,acceptable,
community-review-04-20260907,空條承太郎,godie-emns,夜神月,-0.0150,acceptable,
community-review-15-20260907,比利海靈頓,community-review-30-20260907,尼古貓貓,-0.0152,acceptable,
godie-efur,揍敵客大家長－揍敵客桀諾,godie-u00h,鬼畜狂刀KYO,-0.0153,acceptable,
community-review-23-20260907,坂田銀時,godie-emfr,涅吉,-0.0154,acceptable,
godie-e001,龍宮禮奈,godie-n00p,南野秀一,-0.0157,acceptable,
godie-e00w,櫻綻剎那,godie-u01u,索隆,-0.0158,acceptable,
b2-popp,何布,community-review-02-20260907,八神庵,-0.0160,acceptable,
b2-elma,艾爾瑪,b2-matthias,馬提亞斯,-0.0164,acceptable,
community-review-24-20260907,奇犽,godie-ogld,黑人牙膏,-0.0166,acceptable,
godie-efur,揍敵客大家長－揍敵客桀諾,godie-o02p,初音,-0.0167,acceptable,
community-review-05-20260907,洛克人,godie-orkn,臭作,-0.0168,acceptable,
godie-e00w,櫻綻剎那,godie-o00k,皮卡娘,-0.0168,acceptable,
community-review-20-20260907,御坂美琴,godie-osam,殺生丸,-0.0169,acceptable,
b2-orphen,歐菲,godie-e00k,安云,-0.0171,acceptable,
b2-orphen,歐菲,community-review-15-20260907,比利海靈頓,-0.0172,acceptable,
b2-popp,何布,godie-edem,宇智波佐助,-0.0177,acceptable,
godie-n00p,南野秀一,godie-u00k,死之王,-0.0178,acceptable,
b2-rem,蕾姆,godie-efur,揍敵客大家長－揍敵客桀諾,-0.0179,acceptable,
godie-etyr,木乃香,godie-o02p,初音,-0.0183,acceptable,
community-review-02-20260907,八神庵,community-review-24-20260907,奇犽,-0.0184,acceptable,
community-review-15-20260907,比利海靈頓,godie-o00x,悟空,-0.0186,acceptable,
b2-elma,艾爾瑪,community-review-22-20260907,菜月昴,-0.0188,acceptable,
godie-o02p,初音,godie-u00n,蒙其.D.魯夫,-0.0188,acceptable,
community-review-01-20260907,武藤遊戲,godie-o02p,初音,-0.0189,acceptable,
b2-bojji,波吉,godie-n00b,哆拉A夢,-0.0192,acceptable,
b2-goblin,哥布林殺手,godie-e008,夏娜,-0.0193,acceptable,
godie-etyr,木乃香,godie-osam,殺生丸,-0.0195,acceptable,
b2-luckyman,幸運超人,godie-n00b,哆拉A夢,-0.0197,acceptable,
community-review-23-20260907,坂田銀時,community-review-30-20260907,尼古貓貓,-0.0197,acceptable,
b2-orphen,歐菲,community-review-13-20260907,朝田詩乃,-0.0199,acceptable,
godie-ogld,黑人牙膏,godie-udea,飛鼠先生,-0.0200,acceptable,
godie-e008,夏娜,godie-osam,殺生丸,-0.0203,acceptable,
godie-huth,魔人普烏,godie-hvwd,桔梗,-0.0205,acceptable,
godie-emns,夜神月,godie-ogld,黑人牙膏,-0.0206,acceptable,
godie-n00b,哆拉A夢,godie-ogld,黑人牙膏,-0.0208,acceptable,
b2-bojji,波吉,b2-nube,鵺野鳴介,-0.0213,acceptable,
b2-rin,遠坂凜,godie-u00k,死之王,-0.0214,acceptable,
b2-bojji,波吉,community-review-32-20260907,阿薩謝爾,-0.0216,acceptable,
godie-e00k,安云,godie-osam,殺生丸,-0.0218,acceptable,
b2-sinbad,辛巴達,godie-o00k,皮卡娘,-0.0219,acceptable,
godie-h02k,熊貓,godie-hart,克勞德,-0.0219,acceptable,
community-review-01-20260907,武藤遊戲,godie-u00k,死之王,-0.0220,acceptable,
b2-bojji,波吉,godie-ogld,黑人牙膏,-0.0222,acceptable,
b2-elma,艾爾瑪,godie-osam,殺生丸,-0.0222,acceptable,
b2-kumoko,蜘蛛子,godie-h01u,呂布奉先,-0.0223,acceptable,
b2-matthias,馬提亞斯,community-review-23-20260907,坂田銀時,-0.0223,acceptable,
godie-e002,Saber,godie-u010,飛影,-0.0223,acceptable,
b2-maple,梅普露,godie-emns,夜神月,-0.0224,acceptable,
b2-haga,羽賀,community-review-15-20260907,比利海靈頓,-0.0228,acceptable,
community-review-17-20260907,安茲·烏爾·恭,godie-etyr,木乃香,-0.0230,acceptable,
community-review-25-20260907,一拳超人,godie-udea,飛鼠先生,-0.0230,acceptable,
b2-orphen,歐菲,community-review-05-20260907,洛克人,-0.0232,acceptable,
b2-rem,蕾姆,godie-u00k,死之王,-0.0234,acceptable,
godie-e00w,櫻綻剎那,godie-efur,揍敵客大家長－揍敵客桀諾,-0.0236,acceptable,
b2-bojji,波吉,community-review-27-20260907,庫洛魔法使,-0.0239,acceptable,
b2-guts,凱茲,godie-hvsh,Rider,-0.0242,acceptable,
community-review-23-20260907,坂田銀時,godie-nplh,麻倉葉,-0.0242,acceptable,
b2-rem,蕾姆,godie-u00l,拳四郎,-0.0243,acceptable,
b2-elma,艾爾瑪,community-review-33-20260907,近衛刀太,-0.0248,acceptable,
godie-osam,殺生丸,godie-u00k,死之王,-0.0251,acceptable,
community-review-24-20260907,奇犽,godie-etyr,木乃香,-0.0255,acceptable,
b2-matthias,馬提亞斯,community-review-02-20260907,八神庵,-0.0258,acceptable,
b2-bojji,波吉,godie-o00k,皮卡娘,-0.0259,acceptable,
godie-efur,揍敵客大家長－揍敵客桀諾,godie-etyr,木乃香,-0.0270,acceptable,
godie-u00k,死之王,godie-udea,飛鼠先生,-0.0274,acceptable,
b2-popp,何布,godie-o02p,初音,-0.0276,acceptable,
community-review-20-20260907,御坂美琴,godie-hvsh,Rider,-0.0276,acceptable,
b2-bojji,波吉,godie-o00x,悟空,-0.0278,acceptable,
godie-hvwd,桔梗,godie-u00j,賽菲洛斯,-0.0279,acceptable,
community-review-13-20260907,朝田詩乃,community-review-15-20260907,比利海靈頓,-0.0281,acceptable,
b2-guts,凱茲,godie-orkn,臭作,-0.0284,acceptable,
godie-nplh,麻倉葉,godie-o02p,初音,-0.0284,acceptable,
community-review-23-20260907,坂田銀時,godie-h02k,熊貓,-0.0285,acceptable,
godie-nplh,麻倉葉,godie-ogld,黑人牙膏,-0.0285,acceptable,
godie-e002,Saber,godie-ogld,黑人牙膏,-0.0287,acceptable,
b2-luckyman,幸運超人,godie-ogld,黑人牙膏,-0.0289,acceptable,
b2-elma,艾爾瑪,godie-n00p,南野秀一,-0.0292,acceptable,
b2-rin,遠坂凜,community-review-17-20260907,安茲·烏爾·恭,-0.0292,acceptable,
b2-elma,艾爾瑪,godie-udea,飛鼠先生,-0.0295,acceptable,
community-review-34-20260907,高速婆婆,godie-osam,殺生丸,-0.0295,acceptable,
b2-rin,遠坂凜,godie-o02p,初音,-0.0297,acceptable,
b2-haga,羽賀,godie-n00b,哆拉A夢,-0.0299,acceptable,
b2-matthias,馬提亞斯,godie-o02p,初音,-0.0301,acceptable,
godie-e00w,櫻綻剎那,godie-o02p,初音,-0.0301,acceptable,
b2-matthias,馬提亞斯,godie-h00l,林克,-0.0302,acceptable,
community-review-24-20260907,奇犽,godie-n00b,哆拉A夢,-0.0303,acceptable,
b2-orphen,歐菲,godie-h020,莉娜因巴斯,-0.0304,acceptable,
godie-emns,夜神月,godie-ubal,巴恩大魔王,-0.0306,acceptable,
b2-bojji,波吉,godie-h02k,熊貓,-0.0308,acceptable,
godie-e00k,安云,godie-u00k,死之王,-0.0309,acceptable,
godie-efur,揍敵客大家長－揍敵客桀諾,godie-h00l,林克,-0.0310,acceptable,
community-review-20-20260907,御坂美琴,godie-o02p,初音,-0.0316,acceptable,
godie-hpal,藤井八雲,godie-u00k,死之王,-0.0316,acceptable,
community-review-17-20260907,安茲·烏爾·恭,godie-efur,揍敵客大家長－揍敵客桀諾,-0.0317,acceptable,
community-review-33-20260907,近衛刀太,godie-o02p,初音,-0.0322,acceptable,
community-review-34-20260907,高速婆婆,godie-e00w,櫻綻剎那,-0.0322,acceptable,
community-review-02-20260907,八神庵,godie-nplh,麻倉葉,-0.0323,acceptable,
godie-hvsh,Rider,godie-orkn,臭作,-0.0324,acceptable,
godie-n00b,哆拉A夢,godie-u00l,拳四郎,-0.0325,acceptable,
godie-n003,依文潔琳,godie-u00l,拳四郎,-0.0328,acceptable,
godie-e002,Saber,godie-efur,揍敵客大家長－揍敵客桀諾,-0.0332,acceptable,
b2-elma,艾爾瑪,community-review-13-20260907,朝田詩乃,-0.0336,acceptable,
b2-haga,羽賀,godie-u00k,死之王,-0.0336,acceptable,
b2-bojji,波吉,community-review-03-20260907,不知火舞,-0.0337,acceptable,
b2-guts,凱茲,b2-popp,何布,-0.0337,acceptable,
community-review-13-20260907,朝田詩乃,godie-ogld,黑人牙膏,-0.0337,acceptable,
community-review-20-20260907,御坂美琴,godie-u01u,索隆,-0.0337,acceptable,
community-review-23-20260907,坂田銀時,godie-e00k,安云,-0.0345,acceptable,
godie-n00b,哆拉A夢,godie-u00k,死之王,-0.0346,acceptable,
community-review-15-20260907,比利海靈頓,community-review-23-20260907,坂田銀時,-0.0355,acceptable,
community-review-03-20260907,不知火舞,godie-hvwd,桔梗,-0.0357,acceptable,
b2-goblin,哥布林殺手,godie-u00k,死之王,-0.0359,acceptable,
b2-matthias,馬提亞斯,godie-h01u,呂布奉先,-0.0367,acceptable,
b2-goblin,哥布林殺手,godie-emns,夜神月,-0.0373,acceptable,
community-review-02-20260907,八神庵,godie-h020,莉娜因巴斯,-0.0374,acceptable,
godie-efur,揍敵客大家長－揍敵客桀諾,godie-hvsh,Rider,-0.0375,acceptable,
godie-h02k,熊貓,godie-hpb1,蒼月潮,-0.0383,acceptable,
community-review-03-20260907,不知火舞,godie-e00w,櫻綻剎那,-0.0385,acceptable,
godie-hpb1,蒼月潮,godie-o02p,初音,-0.0385,acceptable,
godie-u00k,死之王,godie-u00n,蒙其.D.魯夫,-0.0385,acceptable,
b2-bojji,波吉,godie-orkn,臭作,-0.0389,acceptable,
community-review-02-20260907,八神庵,community-review-13-20260907,朝田詩乃,-0.0393,acceptable,
community-review-15-20260907,比利海靈頓,godie-osam,殺生丸,-0.0394,acceptable,
community-review-20-20260907,御坂美琴,community-review-23-20260907,坂田銀時,-0.0394,acceptable,
b2-bojji,波吉,community-review-05-20260907,洛克人,-0.0397,acceptable,
community-review-03-20260907,不知火舞,godie-hvsh,Rider,-0.0400,acceptable,
b2-kumoko,蜘蛛子,godie-efur,揍敵客大家長－揍敵客桀諾,-0.0402,acceptable,
godie-e00k,安云,godie-o02p,初音,-0.0403,acceptable,
b2-nube,鵺野鳴介,community-review-23-20260907,坂田銀時,-0.0410,acceptable,
godie-h01u,呂布奉先,godie-n00b,哆拉A夢,-0.0422,acceptable,
community-review-08-20260907,米卡莎,godie-o02p,初音,-0.0424,acceptable,
b2-bojji,波吉,godie-u00k,死之王,-0.0428,acceptable,
community-review-08-20260907,米卡莎,godie-u00k,死之王,-0.0431,acceptable,
b2-elma,艾爾瑪,community-review-19-20260907,桐谷和人,-0.0432,acceptable,
b2-kumoko,蜘蛛子,godie-hvsh,Rider,-0.0436,acceptable,
godie-orkn,臭作,godie-osam,殺生丸,-0.0440,acceptable,
community-review-05-20260907,洛克人,godie-h01u,呂布奉先,-0.0444,acceptable,
b2-matthias,馬提亞斯,b2-orphen,歐菲,-0.0452,acceptable,
b2-elma,艾爾瑪,godie-hblm,慈悲的王者－賈修貝爾,-0.0463,acceptable,
community-review-13-20260907,朝田詩乃,godie-u00k,死之王,-0.0473,acceptable,
community-review-03-20260907,不知火舞,godie-ogld,黑人牙膏,-0.0474,acceptable,
community-review-23-20260907,坂田銀時,godie-e008,夏娜,-0.0478,acceptable,
community-review-23-20260907,坂田銀時,godie-etyr,木乃香,-0.0499,acceptable,
b2-matthias,馬提亞斯,godie-n00p,南野秀一,-0.0503,acceptable,
godie-emns,夜神月,godie-hvwd,桔梗,-0.0503,acceptable,
godie-nplh,麻倉葉,godie-u00k,死之王,-0.0504,acceptable,
b2-matthias,馬提亞斯,godie-u00k,死之王,-0.0506,acceptable,
community-review-23-20260907,坂田銀時,community-review-32-20260907,阿薩謝爾,-0.0507,acceptable,
b2-popp,何布,godie-huth,魔人普烏,-0.0510,acceptable,
community-review-12-20260907,衛宮士郎,godie-ogld,黑人牙膏,-0.0514,acceptable,
godie-emns,夜神月,godie-orkn,臭作,-0.0517,acceptable,
community-review-33-20260907,近衛刀太,godie-ogld,黑人牙膏,-0.0518,acceptable,
godie-hpal,藤井八雲,godie-o02p,初音,-0.0526,acceptable,
godie-o02p,初音,godie-ubal,巴恩大魔王,-0.0528,acceptable,
b2-goblin,哥布林殺手,godie-etyr,木乃香,-0.0532,acceptable,
community-review-27-20260907,庫洛魔法使,godie-hvsh,Rider,-0.0532,acceptable,
godie-e008,夏娜,godie-u00l,拳四郎,-0.0532,acceptable,
community-review-15-20260907,比利海靈頓,godie-e008,夏娜,-0.0541,acceptable,
b2-kumoko,蜘蛛子,community-review-12-20260907,衛宮士郎,-0.0544,acceptable,
b2-matthias,馬提亞斯,godie-u01u,索隆,-0.0546,acceptable,
b2-elma,艾爾瑪,godie-hart,克勞德,-0.0562,acceptable,
b2-matthias,馬提亞斯,godie-osam,殺生丸,-0.0569,acceptable,
godie-o02p,初音,godie-orkn,臭作,-0.0570,acceptable,
godie-hvsh,Rider,godie-u00j,賽菲洛斯,-0.0571,acceptable,
community-review-23-20260907,坂田銀時,godie-n00b,哆拉A夢,-0.0575,acceptable,
community-review-34-20260907,高速婆婆,godie-hvsh,Rider,-0.0579,acceptable,
community-review-15-20260907,比利海靈頓,godie-ogld,黑人牙膏,-0.0581,acceptable,
godie-ogld,黑人牙膏,godie-ubal,巴恩大魔王,-0.0595,acceptable,
b2-guts,凱茲,b2-matthias,馬提亞斯,-0.0598,acceptable,
godie-o02p,初音,godie-ogld,黑人牙膏,-0.0598,acceptable,
b2-matthias,馬提亞斯,godie-e007,天地志狼,-0.0605,acceptable,
godie-h02k,熊貓,godie-ogld,黑人牙膏,-0.0612,acceptable,
b2-rin,遠坂凜,godie-osam,殺生丸,-0.0624,acceptable,
b2-elma,艾爾瑪,community-review-12-20260907,衛宮士郎,-0.0629,acceptable,
community-review-17-20260907,安茲·烏爾·恭,godie-orkn,臭作,-0.0631,acceptable,
community-review-05-20260907,洛克人,community-review-17-20260907,安茲·烏爾·恭,-0.0637,acceptable,
community-review-12-20260907,衛宮士郎,godie-o02p,初音,-0.0637,acceptable,
b2-orphen,歐菲,godie-n00b,哆拉A夢,-0.0642,acceptable,
b2-bojji,波吉,godie-h00l,林克,-0.0644,acceptable,
b2-matthias,馬提亞斯,godie-u00l,拳四郎,-0.0647,acceptable,
b2-guts,凱茲,community-review-33-20260907,近衛刀太,-0.0649,acceptable,
b2-haga,羽賀,godie-o02p,初音,-0.0657,acceptable,
community-review-23-20260907,坂田銀時,godie-ogld,黑人牙膏,-0.0661,acceptable,
godie-hvwd,桔梗,godie-ogld,黑人牙膏,-0.0662,acceptable,
b2-elma,艾爾瑪,godie-hvwd,桔梗,-0.0693,acceptable,
godie-e008,夏娜,godie-hvsh,Rider,-0.0714,acceptable,
godie-huth,魔人普烏,godie-hvsh,Rider,-0.0721,acceptable,
community-review-05-20260907,洛克人,godie-osam,殺生丸,-0.0726,acceptable,
community-review-32-20260907,阿薩謝爾,godie-u00k,死之王,-0.0727,acceptable,
godie-hvsh,Rider,godie-u00k,死之王,-0.0736,acceptable,
b2-popp,何布,godie-o00x,悟空,-0.0738,acceptable,
b2-popp,何布,community-review-34-20260907,高速婆婆,-0.0802,acceptable,
b2-bojji,波吉,b2-rin,遠坂凜,-0.0814,acceptable,
b2-orphen,歐菲,godie-e002,Saber,-0.0832,acceptable,
b2-elma,艾爾瑪,godie-e002,Saber,-0.0844,acceptable,
godie-emfr,涅吉,godie-o02p,初音,-0.0845,acceptable,
community-review-33-20260907,近衛刀太,godie-u00k,死之王,-0.0849,acceptable,
godie-hvsh,Rider,godie-n00b,哆拉A夢,-0.0850,acceptable,
b2-goblin,哥布林殺手,godie-ogld,黑人牙膏,-0.0854,acceptable,
community-review-05-20260907,洛克人,community-review-23-20260907,坂田銀時,-0.0854,acceptable,
b2-haga,羽賀,godie-ogld,黑人牙膏,-0.0886,acceptable,
godie-hvsh,Rider,godie-udea,飛鼠先生,-0.0908,acceptable,
b2-goblin,哥布林殺手,godie-o00x,悟空,-0.0928,acceptable,
community-review-02-20260907,八神庵,godie-hvwd,桔梗,-0.0934,acceptable,
community-review-33-20260907,近衛刀太,godie-h00l,林克,-0.0943,acceptable,
godie-e002,Saber,godie-emns,夜神月,-0.0943,acceptable,
community-review-20-20260907,御坂美琴,godie-u00k,死之王,-0.0985,acceptable,
b2-elma,艾爾瑪,godie-e00w,櫻綻剎那,-0.0989,acceptable,
community-review-12-20260907,衛宮士郎,godie-u00k,死之王,-0.0996,acceptable,
godie-hvwd,桔梗,godie-o02p,初音,-0.1001,acceptable,
community-review-18-20260907,吉爾伽美什,godie-o02p,初音,-0.1042,acceptable,
godie-hvsh,Rider,godie-o02p,初音,-0.1112,acceptable,
community-review-02-20260907,八神庵,godie-e002,Saber,-0.1121,acceptable,
community-review-13-20260907,朝田詩乃,godie-o02p,初音,-0.1128,acceptable,
community-review-01-20260907,武藤遊戲,community-review-15-20260907,比利海靈頓,-0.1164,acceptable,
community-review-22-20260907,菜月昴,godie-u00k,死之王,-0.1210,acceptable,
godie-e001,龍宮禮奈,godie-hvsh,Rider,-0.1331,acceptable,
b2-elma,艾爾瑪,b2-popp,何布,-0.1338,acceptable,
b2-popp,何布,godie-u00k,死之王,-0.1441,acceptable,
b2-elma,艾爾瑪,godie-hvsh,Rider,-0.1455,acceptable,
community-review-19-20260907,桐谷和人,godie-u00k,死之王,-0.1456,acceptable,
community-review-19-20260907,桐谷和人,godie-o02p,初音,-0.1461,acceptable,
