unit	Workspace tests (vitest, coverage beacons on)	﻿2026-09-08T17:41:48.3627511Z ##[group]Run set -o pipefail
unit	Workspace tests (vitest, coverage beacons on)	2026-09-08T17:41:48.3627873Z ^[[36;1mset -o pipefail^[[0m
unit	Workspace tests (vitest, coverage beacons on)	2026-09-08T17:41:48.3628181Z ^[[36;1mforks="${GGD_VITEST_FORKS_PER_PACKAGE:-$(nproc)}"^[[0m
unit	Workspace tests (vitest, coverage beacons on)	2026-09-08T17:41:48.3628768Z ^[[36;1mecho "nproc=$(nproc)  workspace-concurrency=${GGD_WORKSPACE_TEST_CONCURRENCY}  forks-per-package=${forks}"^[[0m
unit	Workspace tests (vitest, coverage beacons on)	2026-09-08T17:41:48.3629465Z ^[[36;1mpnpm -r --workspace-concurrency="${GGD_WORKSPACE_TEST_CONCURRENCY}" --if-present test \^[[0m
unit	Workspace tests (vitest, coverage beacons on)	2026-09-08T17:41:48.3630067Z ^[[36;1m  -- --poolOptions.forks.maxForks "${forks}" --poolOptions.forks.minForks 1 \^[[0m
unit	Workspace tests (vitest, coverage beacons on)	2026-09-08T17:41:48.3630535Z ^[[36;1m  2>&1 | tee "${RUNNER_TEMP}/vitest-unit.log"^[[0m
unit	Workspace tests (vitest, coverage beacons on)	2026-09-08T17:41:48.3656302Z shell: /usr/bin/bash --noprofile --norc -e -o pipefail {0}
unit	Workspace tests (vitest, coverage beacons on)	2026-09-08T17:41:48.3656684Z env:
unit	Workspace tests (vitest, coverage beacons on)	2026-09-08T17:41:48.3656895Z   GO_VERSION: 1.25.14
unit	Workspace tests (vitest, coverage beacons on)	2026-09-08T17:41:48.3657191Z   PNPM_HOME: /home/runner/setup-pnpm/node_modules/.bin
unit	Workspace tests (vitest, coverage beacons on)	2026-09-08T17:41:48.3657606Z   GGD_COVERAGE_FILE: /home/runner/work/_temp/coverage-unit.ndjson
unit	Workspace tests (vitest, coverage beacons on)	2026-09-08T17:41:48.3658045Z   GGD_WORKSPACE_TEST_CONCURRENCY: 1
unit	Workspace tests (vitest, coverage beacons on)	2026-09-08T17:41:48.3658335Z   GGD_VITEST_FORKS_PER_PACKAGE: 
unit	Workspace tests (vitest, coverage beacons on)	2026-09-08T17:41:48.3658593Z ##[endgroup]
unit	Workspace tests (vitest, coverage beacons on)	2026-09-08T17:41:48.3810078Z nproc=4  workspace-concurrency=1  forks-per-package=4
unit	Workspace tests (vitest, coverage beacons on)	2026-09-08T17:41:48.7663574Z Scope: 20 of 21 workspace projects
unit	Workspace tests (vitest, coverage beacons on)	2026-09-08T17:41:48.7698309Z ##[group]@ggd/test-dashboard@0.0.0 : test apps/test-dashboard
unit	Workspace tests (vitest, coverage beacons on)	2026-09-08T17:41:48.7737315Z 
unit	Workspace tests (vitest, coverage beacons on)	2026-09-08T17:41:48.7738233Z > @ggd/test-dashboard@0.0.0 test /home/runner/work/GGD/GGD/apps/test-dashboard
unit	Workspace tests (vitest, coverage beacons on)	2026-09-08T17:41:48.7739311Z > vitest run --poolOptions.forks.maxForks 4 --poolOptions.forks.minForks 1
unit	Workspace tests (vitest, coverage beacons on)	2026-09-08T17:41:48.7739828Z 
unit	Workspace tests (vitest, coverage beacons on)	2026-09-08T17:41:49.1143466Z 
unit	Workspace tests (vitest, coverage beacons on)	2026-09-08T17:41:49.1145470Z ^[[1m^[[7m^[[36m RUN ^[[39m^[[27m^[[22m ^[[36mv2.1.9 ^[[39m^[[90m/home/runner/work/GGD/GGD/apps/test-dashboard^[[39m
unit	Workspace tests (vitest, coverage beacons on)	2026-09-08T17:41:49.1146086Z 
unit	Workspace tests (vitest, coverage beacons on)	2026-09-08T17:41:49.4056394Z  ^[[32m✓^[[39m src/store.test.ts ^[[2m(^[[22m^[[2m7 tests^[[22m^[[2m)^[[22m^[[90m 21^[[2mms^[[22m^[[39m
unit	Workspace tests (vitest, coverage beacons on)	2026-09-08T17:41:49.4146139Z 
unit	Workspace tests (vitest, coverage beacons on)	2026-09-08T17:41:49.4153535Z ^[[2m Test Files ^[[22m ^[[1m^[[32m1 passed^[[39m^[[22m^[[90m (1)^[[39m
unit	Workspace tests (vitest, coverage beacons on)	2026-09-08T17:41:49.4154783Z ^[[2m      Tests ^[[22m ^[[1m^[[32m7 passed^[[39m^[[22m^[[90m (7)^[[39m
unit	Workspace tests (vitest, coverage beacons on)	2026-09-08T17:41:49.4155666Z ^[[2m   Start at ^[[22m 17:41:49
unit	Workspace tests (vitest, coverage beacons on)	2026-09-08T17:41:49.4157651Z ^[[2m   Duration ^[[22m 300ms^[[2m (transform 84ms, setup 0ms, collect 96ms, tests 21ms, environment 0ms, prepare 50ms)^[[22m
unit	Workspace tests (vitest, coverage beacons on)	2026-09-08T17:41:49.4158489Z 
unit	Workspace tests (vitest, coverage beacons on)	2026-09-08T17:41:49.4259702Z ##[endgroup]
unit	Workspace tests (vitest, coverage beacons on)	2026-09-08T17:41:49.4263712Z ##[group]@ggd/shared@0.0.0 : test packages/shared
unit	Workspace tests (vitest, coverage beacons on)	2026-09-08T17:41:49.4271083Z 
unit	Workspace tests (vitest, coverage beacons on)	2026-09-08T17:41:49.4271437Z > @ggd/shared@0.0.0 test /home/runner/work/GGD/GGD/packages/shared
unit	Workspace tests (vitest, coverage beacons on)	2026-09-08T17:41:49.4272037Z > vitest run --poolOptions.forks.maxForks 4 --poolOptions.forks.minForks 1
unit	Workspace tests (vitest, coverage beacons on)	2026-09-08T17:41:49.4272347Z 
unit	Workspace tests (vitest, coverage beacons on)	2026-09-08T17:41:49.6851683Z 
unit	Workspace tests (vitest, coverage beacons on)	2026-09-08T17:41:49.6853522Z ^[[1m^[[7m^[[36m RUN ^[[39m^[[27m^[[22m ^[[36mv2.1.9 ^[[39m^[[90m/home/runner/work/GGD/GGD/packages/shared^[[39m
unit	Workspace tests (vitest, coverage beacons on)	2026-09-08T17:41:49.6854508Z 
unit	Workspace tests (vitest, coverage beacons on)	2026-09-08T17:41:53.5884095Z  ^[[32m✓^[[39m src/sim/autoEngageStalledWalk.test.ts ^[[2m(^[[22m^[[2m26 tests^[[22m^[[2m)^[[22m^[[33m 843^[[2mms^[[22m^[[39m
unit	Workspace tests (vitest, coverage beacons on)	2026-09-08T17:41:54.0076356Z  ^[[32m✓^[[39m src/sim/mobs.boss.test.ts ^[[2m(^[[22m^[[2m43 tests^[[22m^[[2m)^[[22m^[[90m 129^[[2mms^[[22m^[[39m
unit	Workspace tests (vitest, coverage beacons on)	2026-09-08T17:41:54.3547677Z  ^[[32m✓^[[39m src/ops/skillsSyncCoversGenerators.test.ts ^[[2m(^[[22m^[[2m6 tests^[[22m^[[2m)^[[22m^[[33m 499^[[2mms^[[22m^[[39m
unit	Workspace tests (vitest, coverage beacons on)	2026-09-08T17:41:54.3571875Z    ^[[33m^[[2m✓^[[22m^[[39m skills:sync / skills:check 涵蓋所有產生器^[[2m > ^[[22m每一支寫 docs/ 或 content/ 產物的產生器,目錄都在聚合指令的視野裡 ^[[33m417^[[2mms^[[22m^[[39m
unit	Workspace tests (vitest, coverage beacons on)	2026-09-08T17:41:55.0953052Z  ^[[32m✓^[[39m src/content/noOpModifierClaims.test.ts ^[[2m(^[[22m^[[2m10 tests^[[22m^[[2m)^[[22m^[[33m 393^[[2mms^[[22m^[[39m
unit	Workspace tests (vitest, coverage beacons on)	2026-09-08T17:41:55.3822676Z  ^[[32m✓^[[39m src/sim/economy/legendaryClaims.test.ts ^[[2m(^[[22m^[[2m5 tests^[[22m^[[2m)^[[22m^[[33m 1453^[[2mms^[[22m^[[39m
unit	Workspace tests (vitest, coverage beacons on)	2026-09-08T17:41:55.5923345Z  ^[[32m✓^[[39m src/sim/effects/invulnerable.test.ts ^[[2m(^[[22m^[[2m39 tests^[[22m^[[2m)^[[22m^[[90m 170^[[2mms^[[22m^[[39m
unit	Workspace tests (vitest, coverage beacons on)	2026-09-08T17:41:56.3376251Z  ^[[32m✓^[[39m src/sim/combat/damageTypeOverride.test.ts ^[[2m(^[[22m^[[2m29 tests^[[22m^[[2m)^[[22m^[[90m 63^[[2mms^[[22m^[[39m
unit	Workspace tests (vitest, coverage beacons on)	2026-09-08T17:41:56.9908264Z  ^[[32m✓^[[39m src/sim/leapJassFidelity.test.ts ^[[2m(^[[22m^[[2m16 tests^[[22m^[[2m)^[[22m^[[90m 57^[[2mms^[[22m^[[39m
unit	Workspace tests (vitest, coverage beacons on)	2026-09-08T17:41:58.4006009Z  ^[[32m✓^[[39m src/sim/castabilitySweep.test.ts ^[[2m(^[[22m^[[2m2 tests^[[22m^[[2m)^[[22m^[[33m 4319^[[2mms^[[22m^[[39m
unit	Workspace tests (vitest, coverage beacons on)	2026-09-08T17:41:58.4026524Z    ^[[33m^[[2m✓^[[22m^[[39m task #128 — in-game castability coverage sweep^[[2m > ^[[22mspawns every whitelisted champion and fires every slot, writing docs/_castability-128.md ^[[33m2153^[[2mms^[[22m^[[39m
unit	Workspace tests (vitest, coverage beacons on)	2026-09-08T17:41:58.7403597Z  ^[[32m✓^[[39m src/sim/combat/block.test.ts ^[[2m(^[[22m^[[2m35 tests^[[22m^[[2m)^[[22m^[[90m 153^[[2mms^[[22m^[[39m
unit	Workspace tests (vitest, coverage beacons on)	2026-09-08T17:42:00.4693152Z  ^[[32m✓^[[39m src/sim/effects/evasion.test.ts ^[[2m(^[[22m^[[2m31 tests^[[22m^[[2m)^[[22m^[[33m 796^[[2mms^[[22m^[[39m
unit	Workspace tests (vitest, coverage beacons on)	2026-09-08T17:42:00.5640232Z  ^[[32m✓^[[39m src/sim/effects/incomingReflect.test.ts ^[[2m(^[[22m^[[2m31 tests^[[22m^[[2m)^[[22m^[[33m 2485^[[2mms^[[22m^[[39m
unit	Workspace tests (vitest, coverage beacons on)	2026-09-08T17:42:00.5900989Z  ^[[32m✓^[[39m src/sim/abilities/nativeFidelity.test.ts ^[[2m(^[[22m^[[2m18 tests^[[22m^[[2m)^[[22m^[[33m 2917^[[2mms^[[22m^[[39m
unit	Workspace tests (vitest, coverage beacons on)	2026-09-08T17:42:00.5926179Z    ^[[33m^[[2m✓^[[22m^[[39m WC3 permanent passives are permanent (task #78)^[[2m > ^[[22m染血的柴刀's crit multiplier is what basic attacks actually crit for ^[[33m304^[[2mms^[[22m^[[39m
unit	Workspace tests (vitest, coverage beacons on)	2026-09-08T17:42:00.5946179Z    ^[[33m^[[2m✓^[[22m^[[39m WC3 permanent passives are permanent (task #78)^[[2m > ^[[22m鋼鐵尾巴 AHbh procs ON ATTACK at the map's 10 % chance for the map's bonus damage ^[[33m562^[[2mms^[[22m^[[39m
unit	Workspace tests (vitest, coverage beacons on)	2026-09-08T17:42:01.8887157Z  ^[[32m✓^[[39m src/sim/effects/onHitTerms.shipped.test.ts ^[[2m(^[[22m^[[2m40 tests^[[22m^[[2m)^[[22m^[[33m 1321^[[2mms^[[22m^[[39m
unit	Workspace tests (vitest, coverage beacons on)	2026-09-08T17:42:01.8889111Z    ^[[33m^[[2m✓^[[22m^[[39m §2C 朗基努斯之槍 —— 機率讀總敏捷,傷害讀總力量^[[2m > ^[[22m觸發率 ≈ 總敏捷 %,而且會隨敏捷一起上升 ^[[33m403^[[2mms^[[22m^[[39m
unit	Workspace tests (vitest, coverage beacons on)	2026-09-08T17:42:02.1595961Z  ^[[32m✓^[[39m src/sim/pipeline.test.ts ^[[2m(^[[22m^[[2m24 tests^[[22m^[[2m)^[[22m^[[90m 275^[[2mms^[[22m^[[39m
unit	Workspace tests (vitest, coverage beacons on)	2026-09-08T17:42:02.4346051Z  ^[[32m✓^[[39m src/sim/mobs.level.test.ts ^[[2m(^[[22m^[[2m26 tests^[[22m^[[2m)^[[22m^[[90m 129^[[2mms^[[22m^[[39m
unit	Workspace tests (vitest, coverage beacons on)	2026-09-08T17:42:03.5528630Z  ^[[32m✓^[[39m src/sim/effects/shieldAbsorb.test.ts ^[[2m(^[[22m^[[2m35 tests^[[22m^[[2m)^[[22m^[[90m 51^[[2mms^[[22m^[[39m
unit	Workspace tests (vitest, coverage beacons on)	2026-09-08T17:42:03.7407634Z  ^[[32m✓^[[39m src/sim/economy/goldPayoutMultipliers.test.ts ^[[2m(^[[22m^[[2m31 tests^[[22m^[[2m)^[[22m^[[90m 110^[[2mms^[[22m^[[39m
unit	Workspace tests (vitest, coverage beacons on)	2026-09-08T17:42:04.7257330Z  ^[[32m✓^[[39m src/sim/efurKit.test.ts ^[[2m(^[[22m^[[2m10 tests^[[22m^[[2m)^[[22m^[[33m 2373^[[2mms^[[22m^[[39m
unit	Workspace tests (vitest, coverage beacons on)	2026-09-08T17:42:05.5174950Z  ^[[32m✓^[[39m src/sim/content/condition.test.ts ^[[2m(^[[22m^[[2m46 tests^[[22m^[[2m)^[[22m^[[33m 741^[[2mms^[[22m^[[39m
unit	Workspace tests (vitest, coverage beacons on)	2026-09-08T17:42:05.5189144Z    ^[[33m^[[2m✓^[[22m^[[39m ④ 機率是一種條件^[[2m > ^[[22m★ p=0.25 跑 400 次 → 觸發次數落在 3σ 區間內（不是「有觸發過」） ^[[33m434^[[2mms^[[22m^[[39m
unit	Workspace tests (vitest, coverage beacons on)	2026-09-08T17:42:06.3483827Z  ^[[32m✓^[[39m src/sim/aura/aura.test.ts ^[[2m(^[[22m^[[2m33 tests^[[22m^[[2m)^[[22m^[[33m 411^[[2mms^[[22m^[[39m
unit	Workspace tests (vitest, coverage beacons on)	2026-09-08T17:42:07.5176236Z  ^[[32m✓^[[39m src/ops/acceptanceN4.test.ts ^[[2m(^[[22m^[[2m5 tests^[[22m^[[2m)^[[22m^[[33m 2209^[[2mms^[[22m^[[39m
unit	Workspace tests (vitest, coverage beacons on)	2026-09-08T17:42:07.7069306Z  ^[[32m✓^[[39m src/sim/economy/itemTiers.test.ts ^[[2m(^[[22m^[[2m20 tests^[[22m^[[2m)^[[22m^[[33m 3917^[[2mms^[[22m^[[39m
unit	Workspace tests (vitest, coverage beacons on)	2026-09-08T17:42:07.7094605Z    ^[[33m^[[2m✓^[[22m^[[39m legendary is DRAFT-ONLY^[[2m > ^[[22m而且 0 元是「沒有自己的標價」不是「不能賣」—— 收的是統一價 ^[[33m2133^[[2mms^[[22m^[[39m
unit	Workspace tests (vitest, coverage beacons on)	2026-09-08T17:42:09.1659539Z  ^[[32m✓^[[39m src/content/schema/effects/modelFxStagingContract.test.ts ^[[2m(^[[22m^[[2m7 tests^[[22m^[[2m)^[[22m^[[33m 2202^[[2mms^[[22m^[[39m
unit	Workspace tests (vitest, coverage beacons on)	2026-09-08T17:42:10.4193167Z  ^[[32m✓^[[39m src/ops/acceptanceN5.test.ts ^[[2m(^[[22m^[[2m5 tests^[[22m^[[2m)^[[22m^[[33m 2545^[[2mms^[[22m^[[39m
unit	Workspace tests (vitest, coverage beacons on)	2026-09-08T17:42:10.4225425Z    ^[[33m^[[2m✓^[[22m^[[39m 46 份驗收 · 批5 生成與隨機（GH#963）^[[2m > ^[[22m★★ ⑤ 執行時一套治具跑 5 份 ＋ ⭐ 決定性（同種子逐位元同 · **換種子必須不同**） ^[[33m1078^[[2mms^[[22m^[[39m
unit	Workspace tests (vitest, coverage beacons on)	2026-09-08T17:42:13.2510103Z  ^[[32m✓^[[39m src/sim/economy/questDraftGate.test.ts ^[[2m(^[[22m^[[2m9 tests^[[22m^[[2m)^[[22m^[[33m 2778^[[2mms^[[22m^[[39m
unit	Workspace tests (vitest, coverage beacons on)	2026-09-08T17:42:13.2514461Z    ^[[33m^[[2m✓^[[22m^[[39m 天堂之劍是 10 倍暴擊,不是 50 倍 (eco-heaven-sword-crit)^[[2m > ^[[22m★ proc 的那一刀 ÷ 平常那一刀 = 10.0(讀木樁掉的血,不是讀欄位) ^[[33m349^[[2mms^[[22m^[[39m
unit	Workspace tests (vitest, coverage beacons on)	2026-09-08T17:42:14.6697825Z  ^[[32m✓^[[39m src/sim/berserkOwnerSpec.test.ts ^[[2m(^[[22m^[[2m15 tests^[[22m^[[2m)^[[22m^[[33m 2831^[[2mms^[[22m^[[39m
unit	Workspace tests (vitest, coverage beacons on)	2026-09-08T17:42:14.6699374Z    ^[[33m^[[2m✓^[[22m^[[39m 59-00 暴走(天生技·被動·自動觸發)—— owner 2026-08-12 重製規格^[[2m > ^[[22m內部冷卻走完之前不會再觸發,走完之後次數無限 ^[[33m412^[[2mms^[[22m^[[39m
unit	Workspace tests (vitest, coverage beacons on)	2026-09-08T17:42:15.8551074Z  ^[[32m✓^[[39m src/sim/combatJuice.test.ts ^[[2m(^[[22m^[[2m27 tests^[[22m^[[2m)^[[22m^[[90m 118^[[2mms^[[22m^[[39m
unit	Workspace tests (vitest, coverage beacons on)	2026-09-08T17:42:16.7502766Z  ^[[32m✓^[[39m src/sim/leap.test.ts ^[[2m(^[[22m^[[2m21 tests^[[22m^[[2m)^[[22m^[[33m 1961^[[2mms^[[22m^[[39m
unit	Workspace tests (vitest, coverage beacons on)	2026-09-08T17:42:18.6256508Z  ^[[32m✓^[[39m src/ops/configDecorationCensus.test.ts ^[[2m(^[[22m^[[2m4 tests^[[22m^[[2m)^[[22m^[[33m 1566^[[2mms^[[22m^[[39m
unit	Workspace tests (vitest, coverage beacons on)	2026-09-08T17:42:18.6262126Z    ^[[33m^[[2m✓^[[22m^[[39m 🔍 設定裝飾欄位普查 (config-decoration-census)^[[2m > ^[[22m② sentinel —— 已知裝飾的量得到 **且** 已知正常的量不到（⭐ 兩個方向） ^[[33m1560^[[2mms^[[22m^[[39m
unit	Workspace tests (vitest, coverage beacons on)	2026-09-08T17:42:19.3036344Z  ^[[32m✓^[[39m src/sim/windOrbAndFormBuffs.test.ts ^[[2m(^[[22m^[[2m7 tests^[[22m^[[2m)^[[22m^[[33m 1172^[[2mms^[[22m^[[39m
unit	Workspace tests (vitest, coverage beacons on)	2026-09-08T17:42:19.6433623Z  ^[[32m✓^[[39m src/sim/abilities/innateActive.test.ts ^[[2m(^[[22m^[[2m20 tests^[[22m^[[2m)^[[22m^[[33m 2369^[[2mms^[[22m^[[39m
unit	Workspace tests (vitest, coverage beacons on)	2026-09-08T17:42:19.9382678Z  ^[[32m✓^[[39m src/content/voxelSkin/generate.test.ts ^[[2m(^[[22m^[[2m30 tests^[[22m^[[2m)^[[22m^[[90m 84^[[2mms^[[22m^[[39m
unit	Workspace tests (vitest, coverage beacons on)	2026-09-08T17:42:20.0777154Z  ^[[32m✓^[[39m src/sim/killTriggerItems.test.ts ^[[2m(^[[22m^[[2m22 tests^[[22m^[[2m)^[[22m^[[90m 268^[[2mms^[[22m^[[39m
unit	Workspace tests (vitest, coverage beacons on)	2026-09-08T17:42:21.1924078Z  ^[[32m✓^[[39m src/sim/tauntDecisionFields.test.ts ^[[2m(^[[22m^[[2m28 tests^[[22m^[[2m)^[[22m^[[90m 76^[[2mms^[[22m^[[39m
unit	Workspace tests (vitest, coverage beacons on)	2026-09-08T17:42:22.6556017Z  ^[[32m✓^[[39m src/sim/mobSpecialBounty.test.ts ^[[2m(^[[22m^[[2m19 tests^[[22m^[[2m)^[[22m^[[90m 84^[[2mms^[[22m^[[39m
unit	Workspace tests (vitest, coverage beacons on)	2026-09-08T17:42:22.7728653Z  ^[[32m✓^[[39m src/sim/laneB.innates.test.ts ^[[2m(^[[22m^[[2m16 tests^[[22m^[[2m)^[[22m^[[33m 1473^[[2mms^[[22m^[[39m
unit	Workspace tests (vitest, coverage beacons on)	2026-09-08T17:42:22.7756345Z    ^[[33m^[[2m✓^[[22m^[[39m ① 92-00 憂鬱的眼神 (godie-h02v) — 打草泥馬的人自己開始揮空^[[2m > ^[[22mthe curse actually makes the CURSED unit's basic attacks miss a third of the time ^[[33m676^[[2mms^[[22m^[[39m
unit	Workspace tests (vitest, coverage beacons on)	2026-09-08T17:42:23.2972868Z  ^[[32m✓^[[39m src/content/bundle.test.ts ^[[2m(^[[22m^[[2m15 tests^[[22m^[[2m)^[[22m^[[33m 14338^[[2mms^[[22m^[[39m
unit	Workspace tests (vitest, coverage beacons on)	2026-09-08T17:42:23.2982369Z    ^[[33m^[[2m✓^[[22m^[[39m content bundle — emission^[[2m > ^[[22memits a bundle holding every doc the per-doc path would load ^[[33m1077^[[2mms^[[22m^[[39m
unit	Workspace tests (vitest, coverage beacons on)	2026-09-08T17:42:23.2984479Z    ^[[33m^[[2m✓^[[22m^[[39m content bundle — emission^[[2m > ^[[22mtwo builds of identical content are byte-identical ^[[33m1072^[[2mms^[[22m^[[39m
unit	Workspace tests (vitest, coverage beacons on)	2026-09-08T17:42:23.2986244Z    ^[[33m^[[2m✓^[[22m^[[39m content bundle — emission^[[2m > ^[[22memitting the bundle cannot move contentVersion ^[[33m611^[[2mms^[[22m^[[39m
unit	Workspace tests (vitest, coverage beacons on)	2026-09-08T17:42:23.2990160Z    ^[[33m^[[2m✓^[[22m^[[39m content bundle — emission^[[2m > ^[[22mdeleteContentBundle removes it (the content-api staleness guard) ^[[33m431^[[2mms^[[22m^[[39m
unit	Workspace tests (vitest, coverage beacons on)	2026-09-08T17:42:23.2995944Z    ^[[33m^[[2m✓^[[22m^[[39m content bundle — consumption^[[2m > ^[[22ma bundle-backed load produces the SAME store as a per-doc load ^[[33m2064^[[2mms^[[22m^[[39m
unit	Workspace tests (vitest, coverage beacons on)	2026-09-08T17:42:23.2997937Z    ^[[33m^[[2m✓^[[22m^[[39m content bundle — consumption^[[2m > ^[[22mcosts exactly ONE request ^[[33m397^[[2mms^[[22m^[[39m
unit	Workspace tests (vitest, coverage beacons on)	2026-09-08T17:42:23.2999679Z    ^[[33m^[[2m✓^[[22m^[[39m content bundle — fallback^[[2m > ^[[22muses the bundle when it is there (no per-doc reads at all) ^[[33m516^[[2mms^[[22m^[[39m
unit	Workspace tests (vitest, coverage beacons on)	2026-09-08T17:42:23.3001420Z    ^[[33m^[[2m✓^[[22m^[[39m content bundle — fallback^[[2m > ^[[22mfalls back to per-doc when the bundle 404s ^[[33m1888^[[2mms^[[22m^[[39m
unit	Workspace tests (vitest, coverage beacons on)	2026-09-08T17:42:23.3006085Z    ^[[33m^[[2m✓^[[22m^[[39m content bundle — fallback^[[2m > ^[[22mfalls back when the bundle is CORRUPT, not just missing ^[[33m1726^[[2mms^[[22m^[[39m
unit	Workspace tests (vitest, coverage beacons on)	2026-09-08T17:42:23.3007866Z    ^[[33m^[[2m✓^[[22m^[[39m content bundle — fallback^[[2m > ^[[22mfalls back when the payload is valid JSON of the WRONG shape ^[[33m764^[[2mms^[[22m^[[39m
unit	Workspace tests (vitest, coverage beacons on)	2026-09-08T17:42:23.3009623Z    ^[[33m^[[2m✓^[[22m^[[39m content bundle — fallback^[[2m > ^[[22mfalls back on a schema-version bump it does not understand ^[[33m934^[[2mms^[[22m^[[39m
unit	Workspace tests (vitest, coverage beacons on)	2026-09-08T17:42:23.3011969Z    ^[[33m^[[2m✓^[[22m^[[39m content bundle — fallback^[[2m > ^[[22mthe fallback still yields the same store as the bundle would have ^[[33m1092^[[2mms^[[22m^[[39m
unit	Workspace tests (vitest, coverage beacons on)	2026-09-08T17:42:23.3014122Z    ^[[33m^[[2m✓^[[22m^[[39m content bundle — the ONE value the round trip normalizes^[[2m > ^[[22m-0 becomes 0 — the same normalization hashDoc already applies ^[[33m311^[[2mms^[[22m^[[39m
unit	Workspace tests (vitest, coverage beacons on)	2026-09-08T17:42:24.2055898Z  ^[[32m✓^[[39m src/sim/autoAcquire.test.ts ^[[2m(^[[22m^[[2m29 tests^[[22m^[[2m)^[[22m^[[33m 400^[[2mms^[[22m^[[39m
unit	Workspace tests (vitest, coverage beacons on)	2026-09-08T17:42:24.7776300Z  ^[[32m✓^[[39m src/ops/codeOnlyKnobs.test.ts ^[[2m(^[[22m^[[2m4 tests^[[22m^[[2m)^[[22m^[[90m 144^[[2mms^[[22m^[[39m
unit	Workspace tests (vitest, coverage beacons on)	2026-09-08T17:42:25.1610453Z  ^[[32m✓^[[39m src/ops/acceptanceN3.test.ts ^[[2m(^[[22m^[[2m6 tests^[[22m^[[2m)^[[22m^[[33m 769^[[2mms^[[22m^[[39m
unit	Workspace tests (vitest, coverage beacons on)	2026-09-08T17:42:25.3499848Z  ^[[32m✓^[[39m src/content/championIdentity.test.ts ^[[2m(^[[22m^[[2m14 tests^[[22m^[[2m)^[[22m^[[90m 117^[[2mms^[[22m^[[39m
unit	Workspace tests (vitest, coverage beacons on)	2026-09-08T17:42:25.6566887Z  ^[[32m✓^[[39m src/sim/effects/dot.test.ts ^[[2m(^[[22m^[[2m24 tests^[[22m^[[2m)^[[22m^[[90m 173^[[2mms^[[22m^[[39m
unit	Workspace tests (vitest, coverage beacons on)	2026-09-08T17:42:27.2970982Z  ^[[32m✓^[[39m src/content/vertexTint.test.ts ^[[2m(^[[22m^[[2m7 tests^[[22m^[[2m)^[[22m^[[33m 657^[[2mms^[[22m^[[39m
unit	Workspace tests (vitest, coverage beacons on)	2026-09-08T17:42:29.0006626Z  ^[[32m✓^[[39m src/sim/balanceTuning.test.ts ^[[2m(^[[22m^[[2m15 tests^[[22m^[[2m)^[[22m^[[33m 388^[[2mms^[[22m^[[39m
unit	Workspace tests (vitest, coverage beacons on)	2026-09-08T17:42:29.2495038Z  ^[[32m✓^[[39m src/sim/laneA.innates.test.ts ^[[2m(^[[22m^[[2m9 tests^[[22m^[[2m)^[[22m^[[33m 2200^[[2mms^[[22m^[[39m
unit	Workspace tests (vitest, coverage beacons on)	2026-09-08T17:42:29.6446104Z  ^[[32m✓^[[39m src/sim/economy/legendaryTags.test.ts ^[[2m(^[[22m^[[2m27 tests^[[22m^[[2m)^[[22m^[[33m 2464^[[2mms^[[22m^[[39m
unit	Workspace tests (vitest, coverage beacons on)	2026-09-08T17:42:30.3954311Z ^[[90mstdout^[[2m | src/content/fieldAdoption.test.ts^[[2m > ^[[22m^[[2mfield adoption census (recipe S8: mechanism shipped, content 0)^[[2m > ^[[22m^[[2mprints the census — this is the owner-facing report
unit	Workspace tests (vitest, coverage beacons on)	2026-09-08T17:42:30.3955208Z ^[[22m^[[39m
unit	Workspace tests (vitest, coverage beacons on)	2026-09-08T17:42:30.3955962Z FIELD ADOPTION CENSUS — 1848 docs, 4193 registered keys, 1958 ms
unit	Workspace tests (vitest, coverage beacons on)	2026-09-08T17:42:30.3956395Z 
unit	Workspace tests (vitest, coverage beacons on)	2026-09-08T17:42:30.3957048Z   ── field (1738 reachable, 401 at ZERO) ──
unit	Workspace tests (vitest, coverage beacons on)	2026-09-08T17:42:30.3957719Z     ZERO     0/10      0.0%  field:abilities.augment.targets[].condition
unit	Workspace tests (vitest, coverage beacons on)	2026-09-08T17:42:30.3958466Z     ZERO     0/10      0.0%  field:abilities.augment.targets[].ops[].hookOn
unit	Workspace tests (vitest, coverage beacons on)	2026-09-08T17:42:30.3959167Z     ZERO     0/10      0.0%  field:abilities.augment.targets[].ops[].scope
unit	Workspace tests (vitest, coverage beacons on)	2026-09-08T17:42:30.3959924Z     ZERO     0/10      0.0%  field:abilities.augment.targets[].ops[].stat
unit	Workspace tests (vitest, coverage beacons on)	2026-09-08T17:42:30.3960675Z     ZERO     0/184     0.0%  field:abilities.effects[]#applyBuff.attackType
unit	Workspace tests (vitest, coverage beacons on)	2026-09-08T17:42:30.3961479Z     ZERO     0/184     0.0%  field:abilities.effects[]#applyBuff.attributes
unit	Workspace tests (vitest, coverage beacons on)	2026-09-08T17:42:30.3962121Z     ZERO     0/184     0.0%  field:abilities.effects[]#applyBuff.block
unit	Workspace tests (vitest, coverage beacons on)	2026-09-08T17:42:30.3963032Z     ZERO     0/107     0.0%  field:abilities.effects[]#applyBuff.condition|0|3|0.appliedBy
unit	Workspace tests (vitest, coverage beacons on)	2026-09-08T17:42:30.3963909Z     ZERO     0/184     0.0%  field:abilities.effects[]#applyBuff.critStrike
unit	Workspace tests (vitest, coverage beacons on)	2026-09-08T17:42:30.3964916Z     ZERO     0/184     0.0%  field:abilities.effects[]#applyBuff.deathWard
unit	Workspace tests (vitest, coverage beacons on)	2026-09-08T17:42:30.3965821Z     ZERO     0/171     0.0%  field:abilities.effects[]#applyBuff.hooks[].chanceFrom
unit	Workspace tests (vitest, coverage beacons on)	2026-09-08T17:42:30.3966851Z     ZERO     0/1       0.0%  field:abilities.effects[]#applyBuff.hooks[].chanceFrom.flat
unit	Workspace tests (vitest, coverage beacons on)	2026-09-08T17:42:30.3967764Z     ZERO     0/171     0.0%  field:abilities.effects[]#applyBuff.hooks[].oncePerCast
unit	Workspace tests (vitest, coverage beacons on)	2026-09-08T17:42:30.3968630Z     ZERO     0/171     0.0%  field:abilities.effects[]#applyBuff.hooks[].perTarget
unit	Workspace tests (vitest, coverage beacons on)	2026-09-08T17:42:30.3969411Z     ZERO     0/184     0.0%  field:abilities.effects[]#applyBuff.immobile
unit	Workspace tests (vitest, coverage beacons on)	2026-09-08T17:42:30.3970277Z     ZERO     0/233     0.0%  field:abilities.effects[]#applyBuff.modifiers[].fromResource
unit	Workspace tests (vitest, coverage beacons on)	2026-09-08T17:42:30.3971223Z     ZERO     0/233     0.0%  field:abilities.effects[]#applyBuff.modifiers[].scopeAbilityId
unit	Workspace tests (vitest, coverage beacons on)	2026-09-08T17:42:30.3972188Z     ZERO     0/233     0.0%  field:abilities.effects[]#applyBuff.modifiers[].scopeSlot
unit	Workspace tests (vitest, coverage beacons on)	2026-09-08T17:42:30.3973005Z     ZERO     0/184     0.0%  field:abilities.effects[]#applyBuff.penetration
unit	Workspace tests (vitest, coverage beacons on)	2026-09-08T17:42:30.3973587Z     ZERO     0/1       0.0%  field:abilities.effects[]#applyBuff.penetration.armorFlat
unit	Workspace tests (vitest, coverage beacons on)	2026-09-08T17:42:30.3974572Z     ZERO     0/1       0.0%  field:abilities.effects[]#applyBuff.penetration.mrFlat
unit	Workspace tests (vitest, coverage beacons on)	2026-09-08T17:42:30.3975188Z     ZERO     0/1       0.0%  field:abilities.effects[]#applyBuff.penetration.mrPct
unit	Workspace tests (vitest, coverage beacons on)	2026-09-08T17:42:30.3976079Z     ZERO     0/184     0.0%  field:abilities.effects[]#applyBuff.primaryAttribute
unit	Workspace tests (vitest, coverage beacons on)	2026-09-08T17:42:30.3976657Z     ZERO     0/184     0.0%  field:abilities.effects[]#applyBuff.sourceScope
unit	Workspace tests (vitest, coverage beacons on)	2026-09-08T17:42:30.3977288Z     ZERO     0/184     0.0%  field:abilities.effects[]#applyBuff.typeStreakImmunity
unit	Workspace tests (vitest, coverage beacons on)	2026-09-08T17:42:30.3978195Z     ZERO     0/1       0.0%  field:abilities.effects[]#applyBuff.typeStreakImmunity.resetMode
unit	Workspace tests (vitest, coverage beacons on)	2026-09-08T17:42:30.3979203Z     ZERO     0/1       0.0%  field:abilities.effects[]#applyBuff.typeStreakImmunity.streakTimeoutSec
unit	Workspace tests (vitest, coverage beacons on)	2026-09-08T17:42:30.3980114Z     ZERO     0/164     0.0%  field:abilities.effects[]#applyStatus.breakOnDamage
unit	Workspace tests (vitest, coverage beacons on)	2026-09-08T17:42:30.3980868Z     ZERO     0/164     0.0%  field:abilities.effects[]#applyStatus.breakOnDamageMin
unit	Workspace tests (vitest, coverage beacons on)	2026-09-08T17:42:30.3981731Z     ZERO     0/164     0.0%  field:abilities.effects[]#applyStatus.clipTimeScale
unit	Workspace tests (vitest, coverage beacons on)	2026-09-08T17:42:30.3982396Z     ZERO     0/164     0.0%  field:abilities.effects[]#applyStatus.forceClip
unit	Workspace tests (vitest, coverage beacons on)	2026-09-08T17:42:30.3982990Z     ZERO     0/164     0.0%  field:abilities.effects[]#applyStatus.sourceScope
unit	Workspace tests (vitest, coverage beacons on)	2026-09-08T17:42:30.3983568Z     ZERO     0/24      0.0%  field:abilities.effects[]#blink.maxTargets
unit	Workspace tests (vitest, coverage beacons on)	2026-09-08T17:42:30.3984332Z     ZERO     0/24      0.0%  field:abilities.effects[]#blink.radius
unit	Workspace tests (vitest, coverage beacons on)	2026-09-08T17:42:30.3984984Z     ZERO     0/24      0.0%  field:abilities.effects[]#blink.radiusTier
unit	Workspace tests (vitest, coverage beacons on)	2026-09-08T17:42:30.3985732Z     ZERO     0/24      0.0%  field:abilities.effects[]#blink.side
unit	Workspace tests (vitest, coverage beacons on)	2026-09-08T17:42:30.3986439Z     ZERO     0/1       0.0%  field:abilities.effects[]#carry.condition
unit	Workspace tests (vitest, coverage beacons on)	2026-09-08T17:42:30.3987391Z     ZERO     0/370     0.0%  field:abilities.effects[]#chainLightning.amount.conditionTier
unit	Workspace tests (vitest, coverage beacons on)	2026-09-08T17:42:30.3988130Z     ZERO     0/4       0.0%  field:abilities.effects[]#chainLightning.canCrit
unit	Workspace tests (vitest, coverage beacons on)	2026-09-08T17:42:30.3988864Z     ZERO     0/4       0.0%  field:abilities.effects[]#chainLightning.condition
unit	Workspace tests (vitest, coverage beacons on)	2026-09-08T17:42:30.3989645Z     ZERO     0/4       0.0%  field:abilities.effects[]#chainLightning.maxTotalJumps
unit	Workspace tests (vitest, coverage beacons on)	2026-09-08T17:42:30.3990461Z     ZERO     0/4       0.0%  field:abilities.effects[]#chainLightning.onHitTargetsMode
unit	Workspace tests (vitest, coverage beacons on)	2026-09-08T17:42:30.3991226Z     ZERO     0/4       0.0%  field:abilities.effects[]#chainLightning.revisit
unit	Workspace tests (vitest, coverage beacons on)	2026-09-08T17:42:30.3991984Z     ZERO     0/4       0.0%  field:abilities.effects[]#chainLightning.runOnEmptyHit
unit	Workspace tests (vitest, coverage beacons on)	2026-09-08T17:42:30.3992733Z     ZERO     0/33      0.0%  field:abilities.effects[]#championForm.condition
unit	Workspace tests (vitest, coverage beacons on)	2026-09-08T17:42:30.3993422Z     ZERO     0/2       0.0%  field:abilities.effects[]#comboStrikes.condition
unit	Workspace tests (vitest, coverage beacons on)	2026-09-08T17:42:30.3994271Z     ZERO     0/2       0.0%  field:abilities.effects[]#comboStrikes.dropDeadTargets
unit	Workspace tests (vitest, coverage beacons on)	2026-09-08T17:42:30.3995031Z     ZERO     0/2       0.0%  field:abilities.effects[]#comboStrikes.finisherDelaySec
unit	Workspace tests (vitest, coverage beacons on)	2026-09-08T17:42:30.3995754Z     ZERO     0/2       0.0%  field:abilities.effects[]#comboStrikes.intervalJitter
unit	Workspace tests (vitest, coverage beacons on)	2026-09-08T17:42:30.3996462Z     ZERO     0/2       0.0%  field:abilities.effects[]#comboStrikes.intervalSec
unit	Workspace tests (vitest, coverage beacons on)	2026-09-08T17:42:30.3997180Z     ZERO     0/2       0.0%  field:abilities.effects[]#comboStrikes.maxTargets
unit	Workspace tests (vitest, coverage beacons on)	2026-09-08T17:42:30.3997867Z     ZERO     0/2       0.0%  field:abilities.effects[]#comboStrikes.perStrikeSoundKey
unit	Workspace tests (vitest, coverage beacons on)	2026-09-08T17:42:30.3998557Z     ZERO     0/2       0.0%  field:abilities.effects[]#comboStrikes.radius
unit	Workspace tests (vitest, coverage beacons on)	2026-09-08T17:42:30.3999231Z     ZERO     0/2       0.0%  field:abilities.effects[]#comboStrikes.side
unit	Workspace tests (vitest, coverage beacons on)	2026-09-08T17:42:30.3999966Z     ZERO     0/2       0.0%  field:abilities.effects[]#comboStrikes.steps
unit	Workspace tests (vitest, coverage beacons on)	2026-09-08T17:42:30.4000753Z     ZERO     0/2       0.0%  field:abilities.effects[]#comboStrikes.stopOnCasterDeath
unit	Workspace tests (vitest, coverage beacons on)	2026-09-08T17:42:30.4001709Z     ZERO     0/2       0.0%  field:abilities.effects[]#comboStrikes.strikes
unit	Workspace tests (vitest, coverage beacons on)	2026-09-08T17:42:30.4002443Z     ZERO     0/2       0.0%  field:abilities.effects[]#comboStrikes.targetMode
unit	Workspace tests (vitest, coverage beacons on)	2026-09-08T17:42:30.4003178Z     ZERO     0/1       0.0%  field:abilities.effects[]#convertTeam.condition
unit	Workspace tests (vitest, coverage beacons on)	2026-09-08T17:42:30.4004268Z     ZERO     0/1       0.0%  field:abilities.effects[]#convertTeam.countsForOriginalTeam
unit	Workspace tests (vitest, coverage beacons on)	2026-09-08T17:42:30.4005094Z     ZERO     0/1       0.0%  field:abilities.effects[]#convertTeam.durationSec
unit	Workspace tests (vitest, coverage beacons on)	2026-09-08T17:42:30.4005820Z     ZERO     0/1       0.0%  field:abilities.effects[]#convertTeam.radius
unit	Workspace tests (vitest, coverage beacons on)	2026-09-08T17:42:30.4006548Z     ZERO     0/1       0.0%  field:abilities.effects[]#convertTeam.radiusTier
unit	Workspace tests (vitest, coverage beacons on)	2026-09-08T17:42:30.4007272Z     ZERO     0/1       0.0%  field:abilities.effects[]#cycleBuff.condition
unit	Workspace tests (vitest, coverage beacons on)	2026-09-08T17:42:30.4007901Z     ZERO     0/258     0.0%  field:abilities.effects[]#damage.canCrit
unit	Workspace tests (vitest, coverage beacons on)	2026-09-08T17:42:30.4008503Z     ZERO     0/13      0.0%  field:abilities.effects[]#damage.incomingPct.applyGlobalDamageMult
unit	Workspace tests (vitest, coverage beacons on)	2026-09-08T17:42:30.4009081Z     ZERO     0/13      0.0%  field:abilities.effects[]#damage.incomingPct.basis
unit	Workspace tests (vitest, coverage beacons on)	2026-09-08T17:42:30.4009698Z     ZERO     0/13      0.0%  field:abilities.effects[]#damage.incomingPct.whenTooLate
unit	Workspace tests (vitest, coverage beacons on)	2026-09-08T17:42:30.4010257Z     ZERO     0/90      0.0%  field:abilities.effects[]#damageArea.maxTargetsCounts
unit	Workspace tests (vitest, coverage beacons on)	2026-09-08T17:42:30.4010833Z     ZERO     0/90      0.0%  field:abilities.effects[]#damageArea.runOnEmptyHit
unit	Workspace tests (vitest, coverage beacons on)	2026-09-08T17:42:30.4011333Z     ZERO     0/40      0.0%  field:abilities.effects[]#damageLine.condition
unit	Workspace tests (vitest, coverage beacons on)	2026-09-08T17:42:30.4011898Z     ZERO     0/40      0.0%  field:abilities.effects[]#damageLine.maxTargetsCounts
unit	Workspace tests (vitest, coverage beacons on)	2026-09-08T17:42:30.4012465Z     ZERO     0/40      0.0%  field:abilities.effects[]#damageLine.runOnEmptyHit
unit	Workspace tests (vitest, coverage beacons on)	2026-09-08T17:42:30.4012992Z     ZERO     0/40      0.0%  field:abilities.effects[]#damageLine.victimCondition
unit	Workspace tests (vitest, coverage beacons on)	2026-09-08T17:42:30.4013626Z     ZERO     0/18      0.0%  field:abilities.effects[]#dash.condition
unit	Workspace tests (vitest, coverage beacons on)	2026-09-08T17:42:30.4014258Z     ZERO     0/18      0.0%  field:abilities.effects[]#dash.onEndOn
unit	Workspace tests (vitest, coverage beacons on)	2026-09-08T17:42:30.4014740Z     ZERO     0/18      0.0%  field:abilities.effects[]#dash.onEndWhenDead
unit	Workspace tests (vitest, coverage beacons on)	2026-09-08T17:42:30.4015250Z     ZERO     0/2       0.0%  field:abilities.effects[]#delayed.advance.startDist
unit	Workspace tests (vitest, coverage beacons on)	2026-09-08T17:42:30.4015740Z     ZERO     0/48      0.0%  field:abilities.effects[]#delayed.maxTargets
unit	Workspace tests (vitest, coverage beacons on)	2026-09-08T17:42:30.4016218Z     ZERO     0/7       0.0%  field:abilities.effects[]#devour.condition
unit	Workspace tests (vitest, coverage beacons on)	2026-09-08T17:42:30.4016692Z     ZERO     0/7       0.0%  field:abilities.effects[]#devour.onDevourPer
unit	Workspace tests (vitest, coverage beacons on)	2026-09-08T17:42:30.4017174Z     ZERO     0/22      0.0%  field:abilities.effects[]#dispel.maxTargets
unit	Workspace tests (vitest, coverage beacons on)	2026-09-08T17:42:30.4017645Z     ZERO     0/26      0.0%  field:abilities.effects[]#dot.dispellable
unit	Workspace tests (vitest, coverage beacons on)	2026-09-08T17:42:30.4018122Z     ZERO     0/26      0.0%  field:abilities.effects[]#dot.maxStacks
unit	Workspace tests (vitest, coverage beacons on)	2026-09-08T17:42:30.4018593Z     ZERO     0/26      0.0%  field:abilities.effects[]#dot.onCasterDeath
unit	Workspace tests (vitest, coverage beacons on)	2026-09-08T17:42:30.4019080Z     ZERO     0/26      0.0%  field:abilities.effects[]#dot.tickOnApply
unit	Workspace tests (vitest, coverage beacons on)	2026-09-08T17:42:30.4019595Z     ZERO     0/5       0.0%  field:abilities.effects[]#eventValueConversion.condition
unit	Workspace tests (vitest, coverage beacons on)	2026-09-08T17:42:30.4020170Z     ZERO     0/5       0.0%  field:abilities.effects[]#eventValueConversion.maxTargets
unit	Workspace tests (vitest, coverage beacons on)	2026-09-08T17:42:30.4020716Z     ZERO     0/5       0.0%  field:abilities.effects[]#eventValueConversion.radius
unit	Workspace tests (vitest, coverage beacons on)	2026-09-08T17:42:30.4021284Z     ZERO     0/5       0.0%  field:abilities.effects[]#eventValueConversion.radiusTier
unit	Workspace tests (vitest, coverage beacons on)	2026-09-08T17:42:30.4021813Z     ZERO     0/5       0.0%  field:abilities.effects[]#eventValueConversion.side
unit	Workspace tests (vitest, coverage beacons on)	2026-09-08T17:42:30.4022311Z     ZERO     0/2       0.0%  field:abilities.effects[]#extendBuff.basis
unit	Workspace tests (vitest, coverage beacons on)	2026-09-08T17:42:30.4022804Z     ZERO     0/2       0.0%  field:abilities.effects[]#extendBuff.condition
unit	Workspace tests (vitest, coverage beacons on)	2026-09-08T17:42:30.4023308Z     ZERO     0/2       0.0%  field:abilities.effects[]#extendBuff.maxTargets
unit	Workspace tests (vitest, coverage beacons on)	2026-09-08T17:42:30.4023907Z     ZERO     0/2       0.0%  field:abilities.effects[]#extendBuff.perDamageFlat
unit	Workspace tests (vitest, coverage beacons on)	2026-09-08T17:42:30.4024628Z     ZERO     0/2       0.0%  field:abilities.effects[]#extendBuff.radius
unit	Workspace tests (vitest, coverage beacons on)	2026-09-08T17:42:30.4025119Z     ZERO     0/2       0.0%  field:abilities.effects[]#extendBuff.radiusTier
unit	Workspace tests (vitest, coverage beacons on)	2026-09-08T17:42:30.4025599Z     ZERO     0/2       0.0%  field:abilities.effects[]#extendBuff.side
unit	Workspace tests (vitest, coverage beacons on)	2026-09-08T17:42:30.4026090Z     ZERO     0/16      0.0%  field:abilities.effects[]#floatingText.condition
unit	Workspace tests (vitest, coverage beacons on)	2026-09-08T17:42:30.4026606Z     ZERO     0/16      0.0%  field:abilities.effects[]#floatingText.maxTargets
unit	Workspace tests (vitest, coverage beacons on)	2026-09-08T17:42:30.4027099Z     ZERO     0/16      0.0%  field:abilities.effects[]#floatingText.radius
unit	Workspace tests (vitest, coverage beacons on)	2026-09-08T17:42:30.4027583Z     ZERO     0/16      0.0%  field:abilities.effects[]#floatingText.side
unit	Workspace tests (vitest, coverage beacons on)	2026-09-08T17:42:30.4028096Z     ZERO     0/16      0.0%  field:abilities.effects[]#floatingText.velocityAngle
unit	Workspace tests (vitest, coverage beacons on)	2026-09-08T17:42:30.4028618Z     ZERO     0/7       0.0%  field:abilities.effects[]#grantAttribute.condition
unit	Workspace tests (vitest, coverage beacons on)	2026-09-08T17:42:30.4029172Z     ZERO     0/7       0.0%  field:abilities.effects[]#grantAttribute.maxAttributeBasis
unit	Workspace tests (vitest, coverage beacons on)	2026-09-08T17:42:30.4029695Z     ZERO     0/4       0.0%  field:abilities.effects[]#grantGold.condition
unit	Workspace tests (vitest, coverage beacons on)	2026-09-08T17:42:30.4030182Z     ZERO     0/4       0.0%  field:abilities.effects[]#grantGold.fallbackLevel
unit	Workspace tests (vitest, coverage beacons on)	2026-09-08T17:42:30.4030683Z     ZERO     0/4       0.0%  field:abilities.effects[]#grantGold.mobLevelSource
unit	Workspace tests (vitest, coverage beacons on)	2026-09-08T17:42:30.4031161Z     ZERO     0/1       0.0%  field:abilities.effects[]#grantXp.condition
unit	Workspace tests (vitest, coverage beacons on)	2026-09-08T17:42:30.4031632Z     ZERO     0/13      0.0%  field:abilities.effects[]#heal.condition
unit	Workspace tests (vitest, coverage beacons on)	2026-09-08T17:42:30.4034474Z     ZERO     0/21      0.0%  field:abilities.effects[]#invulnerable.condition
unit	Workspace tests (vitest, coverage beacons on)	2026-09-08T17:42:30.4035122Z     ZERO     0/25      0.0%  field:abilities.effects[]#knockback.getupTicks
unit	Workspace tests (vitest, coverage beacons on)	2026-09-08T17:42:30.4035606Z     ZERO     0/25      0.0%  field:abilities.effects[]#knockback.hpBasis
unit	Workspace tests (vitest, coverage beacons on)	2026-09-08T17:42:30.4036261Z     ZERO     0/25      0.0%  field:abilities.effects[]#knockback.impactPower
unit	Workspace tests (vitest, coverage beacons on)	2026-09-08T17:42:30.4036759Z     ZERO     0/25      0.0%  field:abilities.effects[]#knockback.launchDistance
unit	Workspace tests (vitest, coverage beacons on)	2026-09-08T17:42:30.4037267Z     ZERO     0/25      0.0%  field:abilities.effects[]#knockback.launchHeight
unit	Workspace tests (vitest, coverage beacons on)	2026-09-08T17:42:30.4037732Z     ZERO     0/12      0.0%  field:abilities.effects[]#leap.condition
unit	Workspace tests (vitest, coverage beacons on)	2026-09-08T17:42:30.4038219Z     ZERO     0/1       0.0%  field:abilities.effects[]#manaBarrier.condition
unit	Workspace tests (vitest, coverage beacons on)	2026-09-08T17:42:30.4038698Z     ZERO     0/1       0.0%  field:abilities.effects[]#manaBarrier.maxTargets
unit	Workspace tests (vitest, coverage beacons on)	2026-09-08T17:42:30.4039177Z     ZERO     0/1       0.0%  field:abilities.effects[]#manaBarrier.radius
unit	Workspace tests (vitest, coverage beacons on)	2026-09-08T17:42:30.4039656Z     ZERO     0/1       0.0%  field:abilities.effects[]#manaBarrier.radiusTier
unit	Workspace tests (vitest, coverage beacons on)	2026-09-08T17:42:30.4040127Z     ZERO     0/1       0.0%  field:abilities.effects[]#manaBarrier.side
unit	Workspace tests (vitest, coverage beacons on)	2026-09-08T17:42:30.4040620Z     ZERO     0/17      0.0%  field:abilities.effects[]#modifyCooldown.abilityId
unit	Workspace tests (vitest, coverage beacons on)	2026-09-08T17:42:30.4041143Z     ZERO     0/17      0.0%  field:abilities.effects[]#modifyCooldown.maxTargets
unit	Workspace tests (vitest, coverage beacons on)	2026-09-08T17:42:30.4041639Z     ZERO     0/17      0.0%  field:abilities.effects[]#modifyCooldown.radius
unit	Workspace tests (vitest, coverage beacons on)	2026-09-08T17:42:30.4042141Z     ZERO     0/17      0.0%  field:abilities.effects[]#modifyCooldown.radiusTier
unit	Workspace tests (vitest, coverage beacons on)	2026-09-08T17:42:30.4042645Z     ZERO     0/17      0.0%  field:abilities.effects[]#modifyCooldown.side
unit	Workspace tests (vitest, coverage beacons on)	2026-09-08T17:42:30.4043129Z     ZERO     0/8       0.0%  field:abilities.effects[]#proxyCast.abilityId
unit	Workspace tests (vitest, coverage beacons on)	2026-09-08T17:42:30.4043600Z     ZERO     0/8       0.0%  field:abilities.effects[]#proxyCast.condition
unit	Workspace tests (vitest, coverage beacons on)	2026-09-08T17:42:30.4044207Z     ZERO     0/8       0.0%  field:abilities.effects[]#proxyCast.fixedRank
unit	Workspace tests (vitest, coverage beacons on)	2026-09-08T17:42:30.4044701Z     ZERO     0/8       0.0%  field:abilities.effects[]#proxyCast.maxTargets
unit	Workspace tests (vitest, coverage beacons on)	2026-09-08T17:42:30.4045193Z     ZERO     0/8       0.0%  field:abilities.effects[]#proxyCast.radius
unit	Workspace tests (vitest, coverage beacons on)	2026-09-08T17:42:30.4045686Z     ZERO     0/8       0.0%  field:abilities.effects[]#proxyCast.radiusTier
unit	Workspace tests (vitest, coverage beacons on)	2026-09-08T17:42:30.4046346Z     ZERO     0/8       0.0%  field:abilities.effects[]#proxyCast.side
unit	Workspace tests (vitest, coverage beacons on)	2026-09-08T17:42:30.4046997Z     ZERO     0/10      0.0%  field:abilities.effects[]#randomArea.condition
unit	Workspace tests (vitest, coverage beacons on)	2026-09-08T17:42:30.4047655Z     ZERO     0/5       0.0%  field:abilities.effects[]#revive.condition
unit	Workspace tests (vitest, coverage beacons on)	2026-09-08T17:42:30.4048324Z     ZERO     0/9       0.0%  field:abilities.effects[]#screenFlash.condition
unit	Workspace tests (vitest, coverage beacons on)	2026-09-08T17:42:30.4049103Z     ZERO     0/9       0.0%  field:abilities.effects[]#screenFlash.maxTargets
unit	Workspace tests (vitest, coverage beacons on)	2026-09-08T17:42:30.4049883Z     ZERO     0/9       0.0%  field:abilities.effects[]#screenFlash.radius
unit	Workspace tests (vitest, coverage beacons on)	2026-09-08T17:42:30.4050647Z     ZERO     0/9       0.0%  field:abilities.effects[]#screenFlash.side
unit	Workspace tests (vitest, coverage beacons on)	2026-09-08T17:42:30.4051445Z     ZERO     0/28      0.0%  field:abilities.effects[]#screenShake.condition
unit	Workspace tests (vitest, coverage beacons on)	2026-09-08T17:42:30.4052282Z     ZERO     0/28      0.0%  field:abilities.effects[]#screenShake.maxTargets
unit	Workspace tests (vitest, coverage beacons on)	2026-09-08T17:42:30.4053077Z     ZERO     0/28      0.0%  field:abilities.effects[]#screenShake.side
unit	Workspace tests (vitest, coverage beacons on)	2026-09-08T17:42:30.4053893Z     ZERO     0/17      0.0%  field:abilities.effects[]#shield.condition
unit	Workspace tests (vitest, coverage beacons on)	2026-09-08T17:42:30.4054838Z     ZERO     0/17      0.0%  field:abilities.effects[]#shield.onExisting
unit	Workspace tests (vitest, coverage beacons on)	2026-09-08T17:42:30.4055634Z     ZERO     0/17      0.0%  field:abilities.effects[]#shield.stackKey
unit	Workspace tests (vitest, coverage beacons on)	2026-09-08T17:42:30.4056455Z     ZERO     0/2       0.0%  field:abilities.effects[]#shieldBreak.condition
unit	Workspace tests (vitest, coverage beacons on)	2026-09-08T17:42:30.4057317Z     ZERO     0/2       0.0%  field:abilities.effects[]#shieldBreak.maxTargets
unit	Workspace tests (vitest, coverage beacons on)	2026-09-08T17:42:30.4058150Z     ZERO     0/2       0.0%  field:abilities.effects[]#shieldBreak.radius
unit	Workspace tests (vitest, coverage beacons on)	2026-09-08T17:42:30.4059004Z     ZERO     0/2       0.0%  field:abilities.effects[]#shieldBreak.radiusTier
unit	Workspace tests (vitest, coverage beacons on)	2026-09-08T17:42:30.4059832Z     ZERO     0/2       0.0%  field:abilities.effects[]#shieldBreak.side
unit	Workspace tests (vitest, coverage beacons on)	2026-09-08T17:42:30.4060634Z     ZERO     0/90      0.0%  field:abilities.effects[]#spawnModelFx.attach
unit	Workspace tests (vitest, coverage beacons on)	2026-09-08T17:42:30.4061446Z     ZERO     0/90      0.0%  field:abilities.effects[]#spawnModelFx.boneOn
unit	Workspace tests (vitest, coverage beacons on)	2026-09-08T17:42:30.4062432Z     ZERO     0/90      0.0%  field:abilities.effects[]#spawnModelFx.condition
unit	Workspace tests (vitest, coverage beacons on)	2026-09-08T17:42:30.4063126Z     ZERO     0/90      0.0%  field:abilities.effects[]#spawnModelFx.maxTargets
unit	Workspace tests (vitest, coverage beacons on)	2026-09-08T17:42:30.4063828Z     ZERO     0/90      0.0%  field:abilities.effects[]#spawnModelFx.radius
unit	Workspace tests (vitest, coverage beacons on)	2026-09-08T17:42:30.4099930Z     ZERO     0/90      0.0%  field:abilities.effects[]#spawnModelFx.side
unit	Workspace tests (vitest, coverage beacons on)	2026-09-08T17:42:30.4100944Z     ZERO     0/23      0.0%  field:abilities.effects[]#spawnProjectile.condition
unit	Workspace tests (vitest, coverage beacons on)	2026-09-08T17:42:30.4101688Z     ZERO     0/86      0.0%  field:abilities.effects[]#spawnVfx.condition
unit	Workspace tests (vitest, coverage beacons on)	2026-09-08T17:42:30.4102457Z     ZERO     0/9       0.0%  field:abilities.effects[]#spendMana.condition
unit	Workspace tests (vitest, coverage beacons on)	2026-09-08T17:42:30.4103168Z     ZERO     0/7       0.0%  field:abilities.effects[]#summon.autoTargetable
unit	Workspace tests (vitest, coverage beacons on)	2026-09-08T17:42:30.4103920Z     ZERO     0/7       0.0%  field:abilities.effects[]#summon.bountyGold
unit	Workspace tests (vitest, coverage beacons on)	2026-09-08T17:42:30.4115656Z     ZERO     0/7       0.0%  field:abilities.effects[]#summon.burnsInFireRing
unit	Workspace tests (vitest, coverage beacons on)	2026-09-08T17:42:30.4116405Z     ZERO     0/7       0.0%  field:abilities.effects[]#summon.capScope
unit	Workspace tests (vitest, coverage beacons on)	2026-09-08T17:42:30.4117111Z     ZERO     0/7       0.0%  field:abilities.effects[]#summon.condition
unit	Workspace tests (vitest, coverage beacons on)	2026-09-08T17:42:30.4117811Z     ZERO     0/7       0.0%  field:abilities.effects[]#summon.killCredit
unit	Workspace tests (vitest, coverage beacons on)	2026-09-08T17:42:30.4118482Z     ZERO     0/7       0.0%  field:abilities.effects[]#summon.level
unit	Workspace tests (vitest, coverage beacons on)	2026-09-08T17:42:30.4119310Z     ZERO     0/7       0.0%  field:abilities.effects[]#summon.manualTargetable
unit	Workspace tests (vitest, coverage beacons on)	2026-09-08T17:42:30.4120146Z     ZERO     0/7       0.0%  field:abilities.effects[]#summon.maxAlive
unit	Workspace tests (vitest, coverage beacons on)	2026-09-08T17:42:30.4120812Z     ZERO     0/7       0.0%  field:abilities.effects[]#summon.mobTargetable
unit	Workspace tests (vitest, coverage beacons on)	2026-09-08T17:42:30.4121464Z     ZERO     0/7       0.0%  field:abilities.effects[]#summon.onCap
unit	Workspace tests (vitest, coverage beacons on)	2026-09-08T17:42:30.4122131Z     ZERO     0/7       0.0%  field:abilities.effects[]#summon.targetPriority
unit	Workspace tests (vitest, coverage beacons on)	2026-09-08T17:42:30.4123142Z     ZERO     0/1       0.0%  field:abilities.effects[]#swapResource.condition
unit	Workspace tests (vitest, coverage beacons on)	2026-09-08T17:42:30.4145742Z     ZERO     0/1       0.0%  field:abilities.effects[]#swapResource.maxTargets
unit	Workspace tests (vitest, coverage beacons on)	2026-09-08T17:42:30.4146635Z     ZERO     0/1       0.0%  field:abilities.effects[]#swapResource.onInvalidTarget
unit	Workspace tests (vitest, coverage beacons on)	2026-09-08T17:42:30.4147483Z     ZERO     0/1       0.0%  field:abilities.effects[]#swapResource.radius
unit	Workspace tests (vitest, coverage beacons on)	2026-09-08T17:42:30.4148300Z     ZERO     0/1       0.0%  field:abilities.effects[]#swapResource.radiusTier
unit	Workspace tests (vitest, coverage beacons on)	2026-09-08T17:42:30.4149113Z     ZERO     0/1       0.0%  field:abilities.effects[]#swapResource.side
unit	Workspace tests (vitest, coverage beacons on)	2026-09-08T17:42:30.4149794Z     ZERO     0/4       0.0%  field:abilities.effects[]#taunt.condition
unit	Workspace tests (vitest, coverage beacons on)	2026-09-08T17:42:30.4150620Z     ZERO     0/4       0.0%  field:abilities.effects[]#weightedBranch.branches[].weightFrom.basis
unit	Workspace tests (vitest, coverage beacons on)	2026-09-08T17:42:30.4151474Z     ZERO     0/94      0.0%  field:abilities.hitFeel.exFreeze
unit	Workspace tests (vitest, coverage beacons on)	2026-09-08T17:42:30.4152171Z     ZERO     0/3       0.0%  field:abilities.marks[].roundDelta
unit	Workspace tests (vitest, coverage beacons on)	2026-09-08T17:42:30.4152940Z     ZERO     0/131     0.0%  field:abilities.passive.ranks[].attackType
unit	Workspace tests (vitest, coverage beacons on)	2026-09-08T17:42:30.4153710Z     ZERO     0/5       0.0%  field:abilities.passive.ranks[].auras[].lingerSec
unit	Workspace tests (vitest, coverage beacons on)	2026-09-08T17:42:30.4154742Z     ZERO     0/5       0.0%  field:abilities.passive.ranks[].auras[].scaleByNearby
unit	Workspace tests (vitest, coverage beacons on)	2026-09-08T17:42:30.4155584Z     ZERO     0/1       0.0%  field:abilities.passive.ranks[].auras[].scaleByNearby.includeSelf
unit	Workspace tests (vitest, coverage beacons on)	2026-09-08T17:42:30.4156380Z     ZERO     0/1       0.0%  field:abilities.passive.ranks[].auras[].scaleByNearby.min
unit	Workspace tests (vitest, coverage beacons on)	2026-09-08T17:42:30.4157220Z     ZERO     0/1       0.0%  field:abilities.passive.ranks[].auras[].scaleByNearby.radius
unit	Workspace tests (vitest, coverage beacons on)	2026-09-08T17:42:30.4157991Z     ZERO     0/131     0.0%  field:abilities.passive.ranks[].damageTypeOverride
unit	Workspace tests (vitest, coverage beacons on)	2026-09-08T17:42:30.4158715Z     ZERO     0/131     0.0%  field:abilities.passive.ranks[].immobile
unit	Workspace tests (vitest, coverage beacons on)	2026-09-08T17:42:30.4159348Z     ZERO     0/131     0.0%  field:abilities.passive.ranks[].penetration
unit	Workspace tests (vitest, coverage beacons on)	2026-09-08T17:42:30.4160315Z     ZERO     0/131     0.0%  field:abilities.passive.ranks[].primaryAttribute
unit	Workspace tests (vitest, coverage beacons on)	2026-09-08T17:42:30.4161062Z     ZERO     0/131     0.0%  field:abilities.passive.ranks[].typeStreakImmunity
unit	Workspace tests (vitest, coverage beacons on)	2026-09-08T17:42:30.4161788Z     ZERO     0/131     0.0%  field:abilities.passive.ranks[].whileStatus
unit	Workspace tests (vitest, coverage beacons on)	2026-09-08T17:42:30.4162477Z     ZERO     0/6       0.0%  field:abilities.persistentVfx[].alpha
unit	Workspace tests (vitest, coverage beacons on)	2026-09-08T17:42:30.4163180Z     ZERO     0/6       0.0%  field:abilities.persistentVfx[].scale
unit	Workspace tests (vitest, coverage beacons on)	2026-09-08T17:42:30.4163906Z     ZERO     0/6       0.0%  field:abilities.persistentVfx[].when
unit	Workspace tests (vitest, coverage beacons on)	2026-09-08T17:42:30.4168737Z     ZERO     0/421     0.0%  field:abilities.recoveryRoots
unit	Workspace tests (vitest, coverage beacons on)	2026-09-08T17:42:30.4169388Z     ZERO     0/421     0.0%  field:abilities.rootWhileCasting
unit	Workspace tests (vitest, coverage beacons on)	2026-09-08T17:42:30.4169970Z     ZERO     0/421     0.0%  field:abilities.statusCost
unit	Workspace tests (vitest, coverage beacons on)	2026-09-08T17:42:30.4170625Z     ZERO     0/260     0.0%  field:abilities.template|0.cards[].contentSha256
unit	Workspace tests (vitest, coverage beacons on)	2026-09-08T17:42:30.4171457Z     ZERO     0/260     0.0%  field:abilities.template|0.cards[].inheritDefaults
unit	Workspace tests (vitest, coverage beacons on)	2026-09-08T17:42:30.4172224Z     ZERO     0/260     0.0%  field:abilities.template|0.cards[].version
unit	Workspace tests (vitest, coverage beacons on)	2026-09-08T17:42:30.4172873Z     ZERO     0/260     0.0%  field:abilities.template|0.onConflict
unit	Workspace tests (vitest, coverage beacons on)	2026-09-08T17:42:30.4173479Z     ZERO     0/2       0.0%  field:abilities.toggle.cooldownOnExit
unit	Workspace tests (vitest, coverage beacons on)	2026-09-08T17:42:30.4174275Z     ZERO     0/2       0.0%  field:abilities.toggle.costOnExit
unit	Workspace tests (vitest, coverage beacons on)	2026-09-08T17:42:30.4174917Z     ZERO     0/2       0.0%  field:abilities.toggle.exitOnResourceEmpty
unit	Workspace tests (vitest, coverage beacons on)	2026-09-08T17:42:30.4175551Z     ZERO     0/2       0.0%  field:abilities.toggle.upkeepIntervalSec
unit	Workspace tests (vitest, coverage beacons on)	2026-09-08T17:42:30.4176172Z     ZERO     0/2       0.0%  field:abilities.toggle.upkeepResource
unit	Workspace tests (vitest, coverage beacons on)	2026-09-08T17:42:30.4176741Z     ZERO     0/2       0.0%  field:abilities.toggle.whileOn
unit	Workspace tests (vitest, coverage beacons on)	2026-09-08T17:42:30.4177356Z     ZERO     0/2       0.0%  field:abilities.toggle.whileOnDuringExit
unit	Workspace tests (vitest, coverage beacons on)	2026-09-08T17:42:30.4177959Z     ZERO     0/31      0.0%  field:abilities.vfxLayers[].enabled
unit	Workspace tests (vitest, coverage beacons on)	2026-09-08T17:42:30.4178773Z     ZERO     0/31      0.0%  field:abilities.vfxLayers[].facingDeg
unit	Workspace tests (vitest, coverage beacons on)	2026-09-08T17:42:30.4179382Z     ZERO     0/31      0.0%  field:abilities.vfxLayers[].flyHeight
unit	Workspace tests (vitest, coverage beacons on)	2026-09-08T17:42:30.4179973Z     ZERO     0/31      0.0%  field:abilities.vfxLayers[].tint
unit	Workspace tests (vitest, coverage beacons on)	2026-09-08T17:42:30.4180498Z     ZERO     0/13      0.0%  field:arenas.decor[].y
unit	Workspace tests (vitest, coverage beacons on)	2026-09-08T17:42:30.4181129Z     ZERO     0/6       0.0%  field:arenas.zones[].obstacles[]#circle.gateGroup
unit	Workspace tests (vitest, coverage beacons on)	2026-09-08T17:42:30.4181819Z     ZERO     0/1       0.0%  field:arenas.zones[].obstacles[]#segment.gateGroup
unit	Workspace tests (vitest, coverage beacons on)	2026-09-08T17:42:30.4182417Z     ZERO     0/91      0.0%  field:augments.attackType
unit	Workspace tests (vitest, coverage beacons on)	2026-09-08T17:42:30.4182934Z     ZERO     0/91      0.0%  field:augments.attributes
unit	Workspace tests (vitest, coverage beacons on)	2026-09-08T17:42:30.4183456Z     ZERO     0/91      0.0%  field:augments.critStrike
unit	Workspace tests (vitest, coverage beacons on)	2026-09-08T17:42:30.4193568Z     ZERO     0/91      0.0%  field:augments.deathWard
unit	Workspace tests (vitest, coverage beacons on)	2026-09-08T17:42:30.4194612Z     ZERO     0/91      0.0%  field:augments.immobile
unit	Workspace tests (vitest, coverage beacons on)	2026-09-08T17:42:30.4195294Z     ZERO     0/91      0.0%  field:augments.penetration
unit	Workspace tests (vitest, coverage beacons on)	2026-09-08T17:42:30.4195995Z     ZERO     0/91      0.0%  field:augments.primaryAttribute
unit	Workspace tests (vitest, coverage beacons on)	2026-09-08T17:42:30.4196661Z     ZERO     0/91      0.0%  field:augments.statusImmunity
unit	Workspace tests (vitest, coverage beacons on)	2026-09-08T17:42:30.4197304Z     ZERO     0/91      0.0%  field:augments.typeStreakImmunity
unit	Workspace tests (vitest, coverage beacons on)	2026-09-08T17:42:30.4197888Z     ZERO     0/91      0.0%  field:augments.vision
unit	Workspace tests (vitest, coverage beacons on)	2026-09-08T17:42:30.4198562Z     ZERO     0/71      0.0%  field:champions.abilities.*.augment
unit	Workspace tests (vitest, coverage beacons on)	2026-09-08T17:42:30.4199220Z     ZERO     0/71      0.0%  field:champions.abilities.*.castTimeTier
unit	Workspace tests (vitest, coverage beacons on)	2026-09-08T17:42:30.4199986Z     ZERO     0/71      0.0%  field:champions.abilities.*.innateActivePassive
unit	Workspace tests (vitest, coverage beacons on)	2026-09-08T17:42:30.4200769Z     ZERO     0/71      0.0%  field:champions.abilities.*.innateKind
unit	Workspace tests (vitest, coverage beacons on)	2026-09-08T17:42:30.4201496Z     ZERO     0/71      0.0%  field:champions.abilities.*.marks
unit	Workspace tests (vitest, coverage beacons on)	2026-09-08T17:42:30.4202215Z     ZERO     0/71      0.0%  field:champions.abilities.*.rangeUnlimited
unit	Workspace tests (vitest, coverage beacons on)	2026-09-08T17:42:30.4202958Z     ZERO     0/71      0.0%  field:champions.abilities.*.recoveryRoots
unit	Workspace tests (vitest, coverage beacons on)	2026-09-08T17:42:30.4203925Z     ZERO     0/71      0.0%  field:champions.abilities.*.rootWhileCasting
unit	Workspace tests (vitest, coverage beacons on)	2026-09-08T17:42:30.4204883Z     ZERO     0/71      0.0%  field:champions.abilities.*.statusCost
unit	Workspace tests (vitest, coverage beacons on)	2026-09-08T17:42:30.4205547Z     ZERO     0/71      0.0%  field:champions.alpha
unit	Workspace tests (vitest, coverage beacons on)	2026-09-08T17:42:30.4206168Z     ZERO     0/71      0.0%  field:champions.archetype
unit	Workspace tests (vitest, coverage beacons on)	2026-09-08T17:42:30.4206822Z     ZERO     0/71      0.0%  field:champions.asGrowthTier
unit	Workspace tests (vitest, coverage beacons on)	2026-09-08T17:42:30.4207466Z     ZERO     0/71      0.0%  field:champions.baseAttackTime
unit	Workspace tests (vitest, coverage beacons on)	2026-09-08T17:42:30.4208156Z     ZERO     0/71      0.0%  field:champions.healthRegenPctOfMax
unit	Workspace tests (vitest, coverage beacons on)	2026-09-08T17:42:30.4208782Z     ZERO     0/71      0.0%  field:champions.modelVersions
unit	Workspace tests (vitest, coverage beacons on)	2026-09-08T17:42:30.4209521Z     ZERO     0/71      0.0%  field:champions.statOverrides
unit	Workspace tests (vitest, coverage beacons on)	2026-09-08T17:42:30.4210176Z     ZERO     0/40      0.0%  field:champions.transform.reenter
unit	Workspace tests (vitest, coverage beacons on)	2026-09-08T17:42:30.4210977Z     ZERO     0/1       0.0%  field:config#config.ambient-vfx@1.bindings{}[].enabled
unit	Workspace tests (vitest, coverage beacons on)	2026-09-08T17:42:30.4211915Z     ZERO     0/1       0.0%  field:config#config.arena-rules@1.augmentTiers[].guaranteeAtD
unit	Workspace tests (vitest, coverage beacons on)	2026-09-08T17:42:30.4212692Z     ZERO     0/1       0.0%  field:config#config.arena-rules@1.augmentTiers[].maxRound
unit	Workspace tests (vitest, coverage beacons on)	2026-09-08T17:42:30.4213386Z     ZERO     0/1       0.0%  field:config#config.arena-rules@1.gacha
unit	Workspace tests (vitest, coverage beacons on)	2026-09-08T17:42:30.4214428Z     ZERO     0/1       0.0%  field:config#config.arena-rules@1.mobWaves.boss.championId
unit	Workspace tests (vitest, coverage beacons on)	2026-09-08T17:42:30.4215308Z     ZERO     0/1       0.0%  field:config#config.arena-rules@1.mobWaves.boss.modelKey
unit	Workspace tests (vitest, coverage beacons on)	2026-09-08T17:42:30.4216147Z     ZERO     0/1       0.0%  field:config#config.arena-rules@1.mobWaves.mob.modelKey
unit	Workspace tests (vitest, coverage beacons on)	2026-09-08T17:42:30.4217019Z     ZERO     0/1       0.0%  field:config#config.arena-rules@1.mobWaves.schedule[].championId
unit	Workspace tests (vitest, coverage beacons on)	2026-09-08T17:42:30.4217969Z     ZERO     0/1       0.0%  field:config#config.arena-rules@1.mobWaves.special.championId
unit	Workspace tests (vitest, coverage beacons on)	2026-09-08T17:42:30.4218812Z     ZERO     0/1       0.0%  field:config#config.arena-rules@1.mobWaves.special.heroLevel
unit	Workspace tests (vitest, coverage beacons on)	2026-09-08T17:42:30.4219912Z     ZERO     0/1       0.0%  field:config#config.arena-rules@1.mobWaves.special.modelKey
unit	Workspace tests (vitest, coverage beacons on)	2026-09-08T17:42:30.4220650Z     ZERO     0/1       0.0%  field:config#config.arena-rules@1.overflow
unit	Workspace tests (vitest, coverage beacons on)	2026-09-08T17:42:30.4221387Z     ZERO     0/1       0.0%  field:config#config.base-bonus@1.bonus.ap
unit	Workspace tests (vitest, coverage beacons on)	2026-09-08T17:42:30.4222068Z     ZERO     0/1       0.0%  field:config#config.base-bonus@1.bonus.armor
unit	Workspace tests (vitest, coverage beacons on)	2026-09-08T17:42:30.4222793Z     ZERO     0/1       0.0%  field:config#config.base-bonus@1.bonus.as
unit	Workspace tests (vitest, coverage beacons on)	2026-09-08T17:42:30.4223454Z     ZERO     0/1       0.0%  field:config#config.base-bonus@1.bonus.cdr
unit	Workspace tests (vitest, coverage beacons on)	2026-09-08T17:42:30.4224366Z     ZERO     0/1       0.0%  field:config#config.base-bonus@1.bonus.cooldownDrainRate
unit	Workspace tests (vitest, coverage beacons on)	2026-09-08T17:42:30.4225174Z     ZERO     0/1       0.0%  field:config#config.base-bonus@1.bonus.critChance
unit	Workspace tests (vitest, coverage beacons on)	2026-09-08T17:42:30.4225932Z     ZERO     0/1       0.0%  field:config#config.base-bonus@1.bonus.critDamage
unit	Workspace tests (vitest, coverage beacons on)	2026-09-08T17:42:30.4226694Z     ZERO     0/1       0.0%  field:config#config.base-bonus@1.bonus.evasion
unit	Workspace tests (vitest, coverage beacons on)	2026-09-08T17:42:30.4227462Z     ZERO     0/1       0.0%  field:config#config.base-bonus@1.bonus.healthRegen
unit	Workspace tests (vitest, coverage beacons on)	2026-09-08T17:42:30.4228278Z     ZERO     0/1       0.0%  field:config#config.base-bonus@1.bonus.lifesteal
unit	Workspace tests (vitest, coverage beacons on)	2026-09-08T17:42:30.4229114Z     ZERO     0/1       0.0%  field:config#config.base-bonus@1.bonus.maxHitPctMaxHp
unit	Workspace tests (vitest, coverage beacons on)	2026-09-08T17:42:30.4229877Z     ZERO     0/1       0.0%  field:config#config.base-bonus@1.bonus.ms
unit	Workspace tests (vitest, coverage beacons on)	2026-09-08T17:42:30.4230588Z     ZERO     0/1       0.0%  field:config#config.base-bonus@1.bonus.outputDamagePct
unit	Workspace tests (vitest, coverage beacons on)	2026-09-08T17:42:30.4231450Z     ZERO     0/1       0.0%  field:config#config.base-bonus@1.bonus.outputHealingPct
unit	Workspace tests (vitest, coverage beacons on)	2026-09-08T17:42:30.4232361Z     ZERO     0/1       0.0%  field:config#config.base-bonus@1.bonus.outputShieldPct
unit	Workspace tests (vitest, coverage beacons on)	2026-09-08T17:42:30.4233188Z     ZERO     0/1       0.0%  field:config#config.base-bonus@1.bonus.range
unit	Workspace tests (vitest, coverage beacons on)	2026-09-08T17:42:30.4234169Z     ZERO     0/1       0.0%  field:config#config.base-bonus@1.bonus.spellVamp
unit	Workspace tests (vitest, coverage beacons on)	2026-09-08T17:42:30.4235262Z     ZERO     0/1       0.0%  field:config#config.base-bonus@1.bonus.unavoidablePct
unit	Workspace tests (vitest, coverage beacons on)	2026-09-08T17:42:30.4236101Z     ZERO     0/1       0.0%  field:config#config.combat-feel@1.knockback.authoredWins
unit	Workspace tests (vitest, coverage beacons on)	2026-09-08T17:42:30.4236999Z     ZERO     0/1       0.0%  field:config#config.combat-feel@1.knockback.launchEdgeUsesFireRing
unit	Workspace tests (vitest, coverage beacons on)	2026-09-08T17:42:30.4237716Z     ZERO     0/1       0.0%  field:config#config.combat-feel@1.knockback.launchLongUnits
unit	Workspace tests (vitest, coverage beacons on)	2026-09-08T17:42:30.4238291Z     ZERO     0/1       0.0%  field:config#config.combat-feel@1.knockback.launchShortUnits
unit	Workspace tests (vitest, coverage beacons on)	2026-09-08T17:42:30.4238880Z     ZERO     0/1       0.0%  field:config#config.combat-feel@1.knockback.longerDamageWins
unit	Workspace tests (vitest, coverage beacons on)	2026-09-08T17:42:30.4239527Z     ZERO     0/1       0.0%  field:config#config.controller-scheme@1.schemes{}.autoFarm.overrideReason
unit	Workspace tests (vitest, coverage beacons on)	2026-09-08T17:42:30.4240109Z     ZERO     0/1       0.0%  field:config#config.feel-fx@1.orderFeedback
unit	Workspace tests (vitest, coverage beacons on)	2026-09-08T17:42:30.4240619Z     ZERO     0/1       0.0%  field:config#config.form-visuals@1.forms{}.modelKey
unit	Workspace tests (vitest, coverage beacons on)	2026-09-08T17:42:30.4241088Z     ZERO     0/1       0.0%  field:config#config.ranking@1.note
unit	Workspace tests (vitest, coverage beacons on)	2026-09-08T17:42:30.4241587Z     ZERO     0/1       0.0%  field:config#config.stat-caps@1.caps.cooldownDrainRate
unit	Workspace tests (vitest, coverage beacons on)	2026-09-08T17:42:30.4242280Z     ZERO     0/1       0.0%  field:config#config.stat-caps@1.caps.critChance
unit	Workspace tests (vitest, coverage beacons on)	2026-09-08T17:42:30.4243020Z     ZERO     0/1       0.0%  field:config#config.stat-caps@1.caps.critDamage
unit	Workspace tests (vitest, coverage beacons on)	2026-09-08T17:42:30.4243757Z     ZERO     0/1       0.0%  field:config#config.stat-caps@1.caps.evasion
unit	Workspace tests (vitest, coverage beacons on)	2026-09-08T17:42:30.4244733Z     ZERO     0/1       0.0%  field:config#config.stat-caps@1.caps.maxHitPctMaxHp
unit	Workspace tests (vitest, coverage beacons on)	2026-09-08T17:42:30.4245512Z     ZERO     0/1       0.0%  field:config#config.stat-caps@1.caps.outputDamagePct
unit	Workspace tests (vitest, coverage beacons on)	2026-09-08T17:42:30.4246332Z     ZERO     0/1       0.0%  field:config#config.stat-caps@1.caps.outputHealingPct
unit	Workspace tests (vitest, coverage beacons on)	2026-09-08T17:42:30.4247136Z     ZERO     0/1       0.0%  field:config#config.stat-caps@1.caps.outputShieldPct
unit	Workspace tests (vitest, coverage beacons on)	2026-09-08T17:42:30.4248092Z     ZERO     0/1       0.0%  field:config#config.stat-caps@1.caps.spellVamp
unit	Workspace tests (vitest, coverage beacons on)	2026-09-08T17:42:30.4248770Z     ZERO     0/1       0.0%  field:config#config.stat-caps@1.caps.unavoidablePct
unit	Workspace tests (vitest, coverage beacons on)	2026-09-08T17:42:30.4249475Z     ZERO     0/1       0.0%  field:config#config.ugc@1.heroModelMaxBytes
unit	Workspace tests (vitest, coverage beacons on)	2026-09-08T17:42:30.4250220Z     ZERO     0/1       0.0%  field:config#config.ugc@1.heroModelUploadsEnabled
unit	Workspace tests (vitest, coverage beacons on)	2026-09-08T17:42:30.4250946Z     ZERO     0/1       0.0%  field:config#config.ugc@1.powerUserQuotaPerDay
unit	Workspace tests (vitest, coverage beacons on)	2026-09-08T17:42:30.4251682Z     ZERO     0/1       0.0%  field:config#config.ui-cues@1.lobbyStore.enabled
unit	Workspace tests (vitest, coverage beacons on)	2026-09-08T17:42:30.4252389Z     ZERO     0/1       0.0%  field:config#config.unit-tints@1.units{}.alpha
unit	Workspace tests (vitest, coverage beacons on)	2026-09-08T17:42:30.4253201Z     ZERO     0/1       0.0%  field:config#config.vfx-ability-art@1.bindings{}.owner.anchor
unit	Workspace tests (vitest, coverage beacons on)	2026-09-08T17:42:30.4254300Z     ZERO     0/1       0.0%  field:config#config.vfx-ability-art@1.bindings{}.owner.flyHeight
unit	Workspace tests (vitest, coverage beacons on)	2026-09-08T17:42:30.4255212Z     ZERO     0/1       0.0%  field:config#config.vfx-ability-art@1.bindings{}.owner.scale
unit	Workspace tests (vitest, coverage beacons on)	2026-09-08T17:42:30.4256120Z     ZERO     0/1       0.0%  field:config#config.vfx-ability-art@1.bindings{}.owner.tint
unit	Workspace tests (vitest, coverage beacons on)	2026-09-08T17:42:30.4256986Z     ZERO     0/1       0.0%  field:config#config.vfx-cleanup@1.modelFxEmittersEnabled
unit	Workspace tests (vitest, coverage beacons on)	2026-09-08T17:42:30.4257751Z     ZERO     0/1       0.0%  field:config#config.vfx-families@1.abilities{}.alpha
unit	Workspace tests (vitest, coverage beacons on)	2026-09-08T17:42:30.4258506Z     ZERO     0/1       0.0%  field:config#config.vfx-families@1.abilities{}.enabled
unit	Workspace tests (vitest, coverage beacons on)	2026-09-08T17:42:30.4259316Z     ZERO     0/1       0.0%  field:config#config.vfx-families@1.abilities{}.facingDeg
unit	Workspace tests (vitest, coverage beacons on)	2026-09-08T17:42:30.4260196Z     ZERO     0/1       0.0%  field:config#config.vfx-families@1.abilities{}.soundDissipate
unit	Workspace tests (vitest, coverage beacons on)	2026-09-08T17:42:30.4261002Z     ZERO     0/1       0.0%  field:config#config.vfx-families@1.abilities{}.soundLoop
unit	Workspace tests (vitest, coverage beacons on)	2026-09-08T17:42:30.4261781Z     ZERO     0/1       0.0%  field:config#config.vfx-families@1.abilities{}.timeScale
unit	Workspace tests (vitest, coverage beacons on)	2026-09-08T17:42:30.4262877Z     ZERO     0/1       0.0%  field:config#config.vfx-families@1.families{}.models
unit	Workspace tests (vitest, coverage beacons on)	2026-09-08T17:42:30.4263781Z     ZERO     0/1       0.0%  field:config#config.vfx-families@1.families{}.soundGain
unit	Workspace tests (vitest, coverage beacons on)	2026-09-08T17:42:30.4265023Z     ZERO     0/1       0.0%  field:config#config.vfx-families@1.families{}.soundLoopMaxMs
unit	Workspace tests (vitest, coverage beacons on)	2026-09-08T17:42:30.4265963Z     ZERO     0/1       0.0%  field:config#config.vfx-families@1.families{}.soundLoopMs
unit	Workspace tests (vitest, coverage beacons on)	2026-09-08T17:42:30.4266811Z     ZERO     0/1       0.0%  field:config#config.weather@1.note
unit	Workspace tests (vitest, coverage beacons on)	2026-09-08T17:42:30.4267532Z     ZERO     0/4       0.0%  field:items.auras[].hooks
unit	Workspace tests (vitest, coverage beacons on)	2026-09-08T17:42:30.4268220Z     ZERO     0/4       0.0%  field:items.auras[].includeSelf
unit	Workspace tests (vitest, coverage beacons on)	2026-09-08T17:42:30.4268825Z     ZERO     0/4       0.0%  field:items.auras[].lingerSec
unit	Workspace tests (vitest, coverage beacons on)	2026-09-08T17:42:30.4269269Z     ZERO     0/142     0.0%  field:items.draftEligible
unit	Workspace tests (vitest, coverage beacons on)	2026-09-08T17:42:30.4269683Z     ZERO     0/142     0.0%  field:items.iconKey
unit	Workspace tests (vitest, coverage beacons on)	2026-09-08T17:42:30.4270093Z     ZERO     0/86      0.0%  field:items.modifiers[].from
unit	Workspace tests (vitest, coverage beacons on)	2026-09-08T17:42:30.4270597Z     ZERO     0/86      0.0%  field:items.modifiers[].scopeAbilityId
unit	Workspace tests (vitest, coverage beacons on)	2026-09-08T17:42:30.4271105Z     ZERO     0/86      0.0%  field:items.modifiers[].scopeSlot
unit	Workspace tests (vitest, coverage beacons on)	2026-09-08T17:42:30.4271556Z     ZERO     0/77      0.0%  field:items.passive[].consumeOn
unit	Workspace tests (vitest, coverage beacons on)	2026-09-08T17:42:30.4271989Z     ZERO     0/77      0.0%  field:items.passive[].critSource
unit	Workspace tests (vitest, coverage beacons on)	2026-09-08T17:42:30.4272396Z     ZERO     0/77      0.0%  field:items.passive[].damageCrit
unit	Workspace tests (vitest, coverage beacons on)	2026-09-08T17:42:30.4272807Z     ZERO     0/77      0.0%  field:items.passive[].damageType
unit	Workspace tests (vitest, coverage beacons on)	2026-09-08T17:42:30.4273505Z     ZERO     0/77      0.0%  field:items.passive[].internalCooldownScope
unit	Workspace tests (vitest, coverage beacons on)	2026-09-08T17:42:30.4274409Z     ZERO     0/77      0.0%  field:items.passive[].onConsumed
unit	Workspace tests (vitest, coverage beacons on)	2026-09-08T17:42:30.4275095Z     ZERO     0/77      0.0%  field:items.passive[].oncePerCast
unit	Workspace tests (vitest, coverage beacons on)	2026-09-08T17:42:30.4275790Z     ZERO     0/77      0.0%  field:items.passive[].perTarget
unit	Workspace tests (vitest, coverage beacons on)	2026-09-08T17:42:30.4276699Z     ZERO     0/77      0.0%  field:items.passive[].reflectedDamageSource
unit	Workspace tests (vitest, coverage beacons on)	2026-09-08T17:42:30.4278032Z     ZERO     0/77      0.0%  field:items.passive[].reflectedDamageType
unit	Workspace tests (vitest, coverage beacons on)	2026-09-08T17:42:30.4278882Z     ZERO     0/3       0.0%  field:items.sets[].countDuplicates
unit	Workspace tests (vitest, coverage beacons on)	2026-09-08T17:42:30.4279497Z     ZERO     0/3       0.0%  field:items.sets[].enabled
unit	Workspace tests (vitest, coverage beacons on)	2026-09-08T17:42:30.4280203Z     ZERO     0/3       0.0%  field:items.sets[].requiredPieces
unit	Workspace tests (vitest, coverage beacons on)	2026-09-08T17:42:30.4280900Z     ZERO     0/142     0.0%  field:items.unique
unit	Workspace tests (vitest, coverage beacons on)	2026-09-08T17:42:30.4281552Z     ZERO     0/7       0.0%  field:maps.backgroundProps[].y
unit	Workspace tests (vitest, coverage beacons on)	2026-09-08T17:42:30.4282221Z     ZERO     0/7       0.0%  field:maps.landmarkProps[].y
unit	Workspace tests (vitest, coverage beacons on)	2026-09-08T17:42:30.4282862Z     ZERO     0/152     0.0%  field:models.bodyVersion
unit	Workspace tests (vitest, coverage beacons on)	2026-09-08T17:42:30.4283539Z     ZERO     0/152     0.0%  field:models.fxAlpha
unit	Workspace tests (vitest, coverage beacons on)	2026-09-08T17:42:30.4284436Z     ZERO     0/152     0.0%  field:models.heroBody
unit	Workspace tests (vitest, coverage beacons on)	2026-09-08T17:42:30.4285082Z     ZERO     0/152     0.0%  field:models.voxel
unit	Workspace tests (vitest, coverage beacons on)	2026-09-08T17:42:30.4285678Z     ZERO     0/5       0.0%  field:skins.alpha
unit	Workspace tests (vitest, coverage beacons on)	2026-09-08T17:42:30.4286289Z     ZERO     0/5       0.0%  field:skins.tint
unit	Workspace tests (vitest, coverage beacons on)	2026-09-08T17:42:30.4286935Z     ZERO     0/51      0.0%  field:status-effects.alpha
unit	Workspace tests (vitest, coverage beacons on)	2026-09-08T17:42:30.4287648Z     ZERO     0/51      0.0%  field:status-effects.iconKey
unit	Workspace tests (vitest, coverage beacons on)	2026-09-08T17:42:30.4288361Z     ZERO     0/51      0.0%  field:status-effects.tint
unit	Workspace tests (vitest, coverage beacons on)	2026-09-08T17:42:30.4289117Z     ZERO     0/9       0.0%  field:vfx#vfx@1.orient.yawDeg
unit	Workspace tests (vitest, coverage beacons on)	2026-09-08T17:42:30.4289891Z     ZERO     0/629     0.0%  field:vfx#vfx@1.presentation
unit	Workspace tests (vitest, coverage beacons on)	2026-09-08T17:42:30.4290660Z     ZERO     0/629     0.0%  field:vfx#vfx@1.spriteSheet
unit	Workspace tests (vitest, coverage beacons on)	2026-09-08T17:42:30.4291354Z     ZERO     0/1       0.0%  field:vfx#vfx@1.tracks.*.globalSeq
unit	Workspace tests (vitest, coverage beacons on)	2026-09-08T17:42:30.4292147Z     ZERO     0/1       0.0%  field:vfx#vfx@1.tracks.gravity
unit	Workspace tests (vitest, coverage beacons on)	2026-09-08T17:42:30.4292989Z     ZERO     0/1       0.0%  field:vfx#vfx@1.tracks.latitude
unit	Workspace tests (vitest, coverage beacons on)	2026-09-08T17:42:30.4293727Z     ZERO     0/1       0.0%  field:vfx#vfx@1.tracks.length
unit	Workspace tests (vitest, coverage beacons on)	2026-09-08T17:42:30.4294904Z     ZERO     0/1       0.0%  field:vfx#vfx@1.tracks.lifespan
unit	Workspace tests (vitest, coverage beacons on)	2026-09-08T17:42:30.4295506Z     ZERO     0/1       0.0%  field:vfx#vfx@1.tracks.speed
unit	Workspace tests (vitest, coverage beacons on)	2026-09-08T17:42:30.4296085Z     ZERO     0/1       0.0%  field:vfx#vfx@1.tracks.visibility
unit	Workspace tests (vitest, coverage beacons on)	2026-09-08T17:42:30.4296683Z     ZERO     0/1       0.0%  field:vfx#vfx@1.tracks.width
unit	Workspace tests (vitest, coverage beacons on)	2026-09-08T17:42:30.4297351Z     ZERO     0/3       0.0%  field:vfx-scripts.segments[]|1#anim.atMs
unit	Workspace tests (vitest, coverage beacons on)	2026-09-08T17:42:30.4298117Z     ZERO     0/3       0.0%  field:vfx-scripts.segments[]|1#anim.replaces
unit	Workspace tests (vitest, coverage beacons on)	2026-09-08T17:42:30.4298957Z     ZERO     0/3       0.0%  field:vfx-scripts.segments[]|1#anim.replacesForMs
unit	Workspace tests (vitest, coverage beacons on)	2026-09-08T17:42:30.4300020Z     ZERO     0/3       0.0%  field:vfx-scripts.segments[]|1#anim.strikeIndex
unit	Workspace tests (vitest, coverage beacons on)	2026-09-08T17:42:30.4301079Z     ZERO     0/3       0.0%  field:vfx-scripts.segments[]|1#floatingText.driftAngleDeg
unit	Workspace tests (vitest, coverage beacons on)	2026-09-08T17:42:30.4302536Z     ZERO     0/3       0.0%  field:vfx-scripts.segments[]|1#floatingText.driftAngleStepDeg
unit	Workspace tests (vitest, coverage beacons on)	2026-09-08T17:42:30.4303886Z     ZERO     0/3       0.0%  field:vfx-scripts.segments[]|1#floatingText.driftFrom
unit	Workspace tests (vitest, coverage beacons on)	2026-09-08T17:42:30.4305174Z     ZERO     0/3       0.0%  field:vfx-scripts.segments[]|1#floatingText.driftSpeed
unit	Workspace tests (vitest, coverage beacons on)	2026-09-08T17:42:30.4306203Z     ZERO     0/3       0.0%  field:vfx-scripts.segments[]|1#floatingText.replaces
unit	Workspace tests (vitest, coverage beacons on)	2026-09-08T17:42:30.4307209Z     ZERO     0/3       0.0%  field:vfx-scripts.segments[]|1#floatingText.replacesForMs
unit	Workspace tests (vitest, coverage beacons on)	2026-09-08T17:42:30.4308193Z     ZERO     0/2       0.0%  field:vfx-scripts.segments[]|1#hideBody.atMs
unit	Workspace tests (vitest, coverage beacons on)	2026-09-08T17:42:30.4309316Z     ZERO     0/2       0.0%  field:vfx-scripts.segments[]|1#hideBody.replaces
unit	Workspace tests (vitest, coverage beacons on)	2026-09-08T17:42:30.4310121Z     ZERO     0/2       0.0%  field:vfx-scripts.segments[]|1#hideBody.replacesForMs
unit	Workspace tests (vitest, coverage beacons on)	2026-09-08T17:42:30.4310926Z     ZERO     0/2       0.0%  field:vfx-scripts.segments[]|1#hideBody.strikeIndex
unit	Workspace tests (vitest, coverage beacons on)	2026-09-08T17:42:30.4311815Z     ZERO     0/9       0.0%  field:vfx-scripts.segments[]|1#modelFx.count
unit	Workspace tests (vitest, coverage beacons on)	2026-09-08T17:42:30.4312633Z     ZERO     0/9       0.0%  field:vfx-scripts.segments[]|1#modelFx.distance
unit	Workspace tests (vitest, coverage beacons on)	2026-09-08T17:42:30.4313767Z     ZERO     0/9       0.0%  field:vfx-scripts.segments[]|1#modelFx.offsetSideU
unit	Workspace tests (vitest, coverage beacons on)	2026-09-08T17:42:30.4314767Z     ZERO     0/9       0.0%  field:vfx-scripts.segments[]|1#modelFx.replaces
unit	Workspace tests (vitest, coverage beacons on)	2026-09-08T17:42:30.4315573Z     ZERO     0/9       0.0%  field:vfx-scripts.segments[]|1#modelFx.replacesForMs
unit	Workspace tests (vitest, coverage beacons on)	2026-09-08T17:42:30.4316532Z     ZERO     0/9       0.0%  field:vfx-scripts.segments[]|1#modelFx.scaleAxis
unit	Workspace tests (vitest, coverage beacons on)	2026-09-08T17:42:30.4317472Z     ZERO     0/9       0.0%  field:vfx-scripts.segments[]|1#modelFx.soundKey
unit	Workspace tests (vitest, coverage beacons on)	2026-09-08T17:42:30.4318432Z     ZERO     0/9       0.0%  field:vfx-scripts.segments[]|1#modelFx.spacing
unit	Workspace tests (vitest, coverage beacons on)	2026-09-08T17:42:30.4319352Z     ZERO     0/9       0.0%  field:vfx-scripts.segments[]|1#modelFx.speed
unit	Workspace tests (vitest, coverage beacons on)	2026-09-08T17:42:30.4320306Z     ZERO     0/9       0.0%  field:vfx-scripts.segments[]|1#modelFx.spinDegPerSec
unit	Workspace tests (vitest, coverage beacons on)	2026-09-08T17:42:30.4321275Z     ZERO     0/9       0.0%  field:vfx-scripts.segments[]|1#modelFx.trailIntervalSec
unit	Workspace tests (vitest, coverage beacons on)	2026-09-08T17:42:30.4322299Z     ZERO     0/9       0.0%  field:vfx-scripts.segments[]|1#modelFx.trailVfxId
unit	Workspace tests (vitest, coverage beacons on)	2026-09-08T17:42:30.4323195Z     ZERO     0/9       0.0%  field:vfx-scripts.segments[]|1#modelFx.yawOffsetDeg
unit	Workspace tests (vitest, coverage beacons on)	2026-09-08T17:42:30.4324178Z     ZERO     0/4       0.0%  field:vfx-scripts.segments[]|1#screenShake.replaces
unit	Workspace tests (vitest, coverage beacons on)	2026-09-08T17:42:30.4324991Z     ZERO     0/4       0.0%  field:vfx-scripts.segments[]|1#screenShake.replacesForMs
unit	Workspace tests (vitest, coverage beacons on)	2026-09-08T17:42:30.4325757Z     ZERO     0/2       0.0%  field:vfx-scripts.segments[]|1#sound.replaces
unit	Workspace tests (vitest, coverage beacons on)	2026-09-08T17:42:30.4326494Z     ZERO     0/2       0.0%  field:vfx-scripts.segments[]|1#sound.replacesForMs
unit	Workspace tests (vitest, coverage beacons on)	2026-09-08T17:42:30.4327255Z     ZERO     0/7       0.0%  field:vfx-scripts.segments[]|1#vfx.alpha
unit	Workspace tests (vitest, coverage beacons on)	2026-09-08T17:42:30.4328058Z     ZERO     0/7       0.0%  field:vfx-scripts.segments[]|1#vfx.facingDeg
unit	Workspace tests (vitest, coverage beacons on)	2026-09-08T17:42:30.4328898Z     ZERO     0/7       0.0%  field:vfx-scripts.segments[]|1#vfx.flyHeight
unit	Workspace tests (vitest, coverage beacons on)	2026-09-08T17:42:30.4329753Z     ZERO     0/7       0.0%  field:vfx-scripts.segments[]|1#vfx.offsetForwardU
unit	Workspace tests (vitest, coverage beacons on)	2026-09-08T17:42:30.4330887Z     ZERO     0/7       0.0%  field:vfx-scripts.segments[]|1#vfx.offsetSideU
unit	Workspace tests (vitest, coverage beacons on)	2026-09-08T17:42:30.4331766Z     ZERO     0/7       0.0%  field:vfx-scripts.segments[]|1#vfx.pitchDeg
unit	Workspace tests (vitest, coverage beacons on)	2026-09-08T17:42:30.4332573Z     ZERO     0/7       0.0%  field:vfx-scripts.segments[]|1#vfx.replaces
unit	Workspace tests (vitest, coverage beacons on)	2026-09-08T17:42:30.4333344Z     ZERO     0/7       0.0%  field:vfx-scripts.segments[]|1#vfx.replacesForMs
unit	Workspace tests (vitest, coverage beacons on)	2026-09-08T17:42:30.4334285Z     ZERO     0/7       0.0%  field:vfx-scripts.segments[]|1#vfx.timeScale
unit	Workspace tests (vitest, coverage beacons on)	2026-09-08T17:42:30.4335089Z     ZERO     0/7       0.0%  field:vfx-scripts.segments[]|1#vfx.tint
unit	Workspace tests (vitest, coverage beacons on)	2026-09-08T17:42:30.4335886Z     ZERO     0/7       0.0%  field:vfx-scripts.segments[]|1#vfx.w3xScale
unit	Workspace tests (vitest, coverage beacons on)	2026-09-08T17:42:30.4337063Z              1/2      50.0%  field:abilities.effects[]#applyBuff.condition|0|1|0.other.scale
unit	Workspace tests (vitest, coverage beacons on)	2026-09-08T17:42:30.4338318Z              1/2      50.0%  field:abilities.effects[]#applyBuff.condition|0|1|0.other.stat
unit	Workspace tests (vitest, coverage beacons on)	2026-09-08T17:42:30.4339452Z              1/2      50.0%  field:abilities.effects[]#applyBuff.condition|0|1|1.other.scale
unit	Workspace tests (vitest, coverage beacons on)	2026-09-08T17:42:30.4340674Z              1/2      50.0%  field:abilities.effects[]#applyBuff.condition|0|1|1.other.stat
unit	Workspace tests (vitest, coverage beacons on)	2026-09-08T17:42:30.4341733Z              1/7      14.3%  field:abilities.effects[]#applyBuff.critStrike.empowers
unit	Workspace tests (vitest, coverage beacons on)	2026-09-08T17:42:30.4343039Z              1/7      14.3%  field:abilities.effects[]#applyBuff.critStrike.lifestealMode
unit	Workspace tests (vitest, coverage beacons on)	2026-09-08T17:42:30.4344261Z              1/1     100.0%  field:abilities.effects[]#applyBuff.deathWard.modelKey
unit	Workspace tests (vitest, coverage beacons on)	2026-09-08T17:42:30.4345307Z              1/1     100.0%  field:abilities.effects[]#applyBuff.hooks[].chanceFrom.basis
unit	Workspace tests (vitest, coverage beacons on)	2026-09-08T17:42:30.4346429Z              1/1     100.0%  field:abilities.effects[]#applyBuff.penetration.armorPct
unit	Workspace tests (vitest, coverage beacons on)	2026-09-08T17:42:30.4347579Z              1/164     0.6%  field:abilities.effects[]#applyStatus.healingTakenMult
unit	Workspace tests (vitest, coverage beacons on)	2026-09-08T17:42:30.4348708Z              1/164     0.6%  field:abilities.effects[]#applyStatus.lifestealMult
unit	Workspace tests (vitest, coverage beacons on)	2026-09-08T17:42:30.4349911Z              1/164     0.6%  field:abilities.effects[]#applyStatus.regenMult
unit	Workspace tests (vitest, coverage beacons on)	2026-09-08T17:42:30.4350804Z              1/1     100.0%  field:abilities.effects[]#carry.maxTargets
unit	Workspace tests (vitest, coverage beacons on)	2026-09-08T17:42:30.4351746Z              1/1     100.0%  field:abilities.effects[]#carry.onCarrierDeath
unit	Workspace tests (vitest, coverage beacons on)	2026-09-08T17:42:30.4352724Z              1/1     100.0%  field:abilities.effects[]#carry.onHitTargets
unit	Workspace tests (vitest, coverage beacons on)	2026-09-08T17:42:30.4353713Z              1/1     100.0%  field:abilities.effects[]#carry.radius
unit	Workspace tests (vitest, coverage beacons on)	2026-09-08T17:42:30.4355037Z              1/1     100.0%  field:abilities.effects[]#carry.radiusTier
unit	Workspace tests (vitest, coverage beacons on)	2026-09-08T17:42:30.4356043Z              1/1     100.0%  field:abilities.effects[]#carry.side
unit	Workspace tests (vitest, coverage beacons on)	2026-09-08T17:42:30.4357046Z              1/1     100.0%  field:abilities.effects[]#carry.untargetable
unit	Workspace tests (vitest, coverage beacons on)	2026-09-08T17:42:30.4358222Z              1/1     100.0%  field:abilities.effects[]#carry.untargetable.abilityAoe
unit	Workspace tests (vitest, coverage beacons on)	2026-09-08T17:42:30.4359312Z              1/1     100.0%  field:abilities.effects[]#carry.untargetable.autoAcquire
unit	Workspace tests (vitest, coverage beacons on)	2026-09-08T17:42:30.4360524Z              1/1     100.0%  field:abilities.effects[]#carry.untargetable.manualTarget
unit	Workspace tests (vitest, coverage beacons on)	2026-09-08T17:42:30.4361687Z              1/1     100.0%  field:abilities.effects[]#carry.untargetable.mobAggro
unit	Workspace tests (vitest, coverage beacons on)	2026-09-08T17:42:30.4362863Z              1/1     100.0%  field:abilities.effects[]#carry.victimCondition
unit	Workspace tests (vitest, coverage beacons on)	2026-09-08T17:42:30.4364256Z              1/370     0.3%  field:abilities.effects[]#chainLightning.amount.attrRatios
unit	Workspace tests (vitest, coverage beacons on)	2026-09-08T17:42:30.4365580Z              1/1     100.0%  field:abilities.effects[]#chainLightning.amount.attrRatios[].basis
unit	Workspace tests (vitest, coverage beacons on)	2026-09-08T17:42:30.4366588Z              1/1     100.0%  field:abilities.effects[]#convertTeam.maxHeld
unit	Workspace tests (vitest, coverage beacons on)	2026-09-08T17:42:30.4367578Z              1/1     100.0%  field:abilities.effects[]#convertTeam.oncePerRoundPerVictim
unit	Workspace tests (vitest, coverage beacons on)	2026-09-08T17:42:30.4368766Z              1/1     100.0%  field:abilities.effects[]#convertTeam.until
unit	Workspace tests (vitest, coverage beacons on)	2026-09-08T17:42:30.4369871Z              1/1     100.0%  field:abilities.effects[]#cycleBuff.applyTo
unit	Workspace tests (vitest, coverage beacons on)	2026-09-08T17:42:30.4371325Z              1/258     0.4%  field:abilities.effects[]#damage.bankedBonus
unit	Workspace tests (vitest, coverage beacons on)	2026-09-08T17:42:30.4372419Z              1/2      50.0%  field:abilities.effects[]#damage.refund.basis
unit	Workspace tests (vitest, coverage beacons on)	2026-09-08T17:42:30.4373618Z              1/90      1.1%  field:abilities.effects[]#damageArea.canCrit
unit	Workspace tests (vitest, coverage beacons on)	2026-09-08T17:42:30.4375490Z              1/90      1.1%  field:abilities.effects[]#damageArea.falloff
unit	Workspace tests (vitest, coverage beacons on)	2026-09-08T17:42:30.4376540Z              1/22      4.5%  field:abilities.effects[]#dispel.condition
unit	Workspace tests (vitest, coverage beacons on)	2026-09-08T17:42:30.4377625Z              1/5      20.0%  field:abilities.effects[]#eventValueConversion.buff
unit	Workspace tests (vitest, coverage beacons on)	2026-09-08T17:42:30.4378820Z              1/1     100.0%  field:abilities.effects[]#eventValueConversion.buff.ratio
unit	Workspace tests (vitest, coverage beacons on)	2026-09-08T17:42:30.4380066Z              1/7      14.3%  field:abilities.effects[]#grantAttribute.maxAttribute
unit	Workspace tests (vitest, coverage beacons on)	2026-09-08T17:42:30.4381377Z              1/4      25.0%  field:abilities.effects[]#grantGold.perTargetLevel
unit	Workspace tests (vitest, coverage beacons on)	2026-09-08T17:42:30.4382453Z              1/1     100.0%  field:abilities.effects[]#grantXp.to
unit	Workspace tests (vitest, coverage beacons on)	2026-09-08T17:42:30.4383484Z              1/1     100.0%  field:abilities.effects[]#manaBarrier.durationSec
unit	Workspace tests (vitest, coverage beacons on)	2026-09-08T17:42:30.4384906Z              1/1     100.0%  field:abilities.effects[]#manaBarrier.minManaReserve
unit	Workspace tests (vitest, coverage beacons on)	2026-09-08T17:42:30.4386053Z              1/1     100.0%  field:abilities.effects[]#manaBarrier.who
unit	Workspace tests (vitest, coverage beacons on)	2026-09-08T17:42:30.4387159Z              1/17      5.9%  field:abilities.effects[]#modifyCooldown.condition
unit	Workspace tests (vitest, coverage beacons on)	2026-09-08T17:42:30.4387977Z              1/17      5.9%  field:abilities.effects[]#modifyCooldown.hookKey
unit	Workspace tests (vitest, coverage beacons on)	2026-09-08T17:42:30.4388638Z              1/17      5.9%  field:abilities.effects[]#modifyCooldown.hookScope
unit	Workspace tests (vitest, coverage beacons on)	2026-09-08T17:42:30.4389271Z              1/17      5.9%  field:abilities.effects[]#modifyCooldown.target
unit	Workspace tests (vitest, coverage beacons on)	2026-09-08T17:42:30.4389884Z              1/39      2.6%  field:abilities.effects[]#restore.condition
unit	Workspace tests (vitest, coverage beacons on)	2026-09-08T17:42:30.4390476Z              1/9      11.1%  field:abilities.effects[]#spendMana.bankAs
unit	Workspace tests (vitest, coverage beacons on)	2026-09-08T17:42:30.4391100Z              1/1     100.0%  field:abilities.effects[]#swapResource.clampMin
unit	Workspace tests (vitest, coverage beacons on)	2026-09-08T17:42:30.4392003Z              1/1     100.0%  field:abilities.effects[]#swapResource.resource
unit	Workspace tests (vitest, coverage beacons on)	2026-09-08T17:42:30.4392635Z              1/4      25.0%  field:abilities.effects[]#taunt.forcedTarget
unit	Workspace tests (vitest, coverage beacons on)	2026-09-08T17:42:30.4393257Z              1/4      25.0%  field:abilities.effects[]#taunt.includeNeutrals
unit	Workspace tests (vitest, coverage beacons on)	2026-09-08T17:42:30.4393827Z              1/4      25.0%  field:abilities.effects[]#taunt.side
unit	Workspace tests (vitest, coverage beacons on)	2026-09-08T17:42:30.4394813Z              1/12      8.3%  field:abilities.effects[]#weightedBranch.condition
unit	Workspace tests (vitest, coverage beacons on)	2026-09-08T17:42:30.4395357Z              1/421     0.2%  field:abilities.interruptOn
unit	Workspace tests (vitest, coverage beacons on)	2026-09-08T17:42:30.4395832Z              1/421     0.2%  field:abilities.marks
unit	Workspace tests (vitest, coverage beacons on)	2026-09-08T17:42:30.4396356Z              1/3      33.3%  field:abilities.marks[].perStackLost
unit	Workspace tests (vitest, coverage beacons on)	2026-09-08T17:42:30.4396955Z              1/5      20.0%  field:abilities.passive.ranks[].auras[].hooks
unit	Workspace tests (vitest, coverage beacons on)	2026-09-08T17:42:30.4397592Z              1/5      20.0%  field:abilities.passive.ranks[].auras[].includeSelf
unit	Workspace tests (vitest, coverage beacons on)	2026-09-08T17:42:30.4398223Z              1/131     0.8%  field:abilities.passive.ranks[].deathWard
unit	Workspace tests (vitest, coverage beacons on)	2026-09-08T17:42:30.4398837Z              1/131     0.8%  field:abilities.passive.ranks[].statusImmunity
unit	Workspace tests (vitest, coverage beacons on)	2026-09-08T17:42:30.4399421Z              1/131     0.8%  field:abilities.passive.ranks[].vision
unit	Workspace tests (vitest, coverage beacons on)	2026-09-08T17:42:30.4399950Z              1/421     0.2%  field:abilities.rangeUnlimited
unit	Workspace tests (vitest, coverage beacons on)	2026-09-08T17:42:30.4400427Z              1/421     0.2%  field:abilities.toggle
unit	Workspace tests (vitest, coverage beacons on)	2026-09-08T17:42:30.4400915Z              1/13      7.7%  field:arenas.zones[].gateHolds
unit	Workspace tests (vitest, coverage beacons on)	2026-09-08T17:42:30.4401509Z              1/41      2.4%  field:augments.eligibility.excludeSelfMechanic
unit	Workspace tests (vitest, coverage beacons on)	2026-09-08T17:42:30.4402122Z              1/41      2.4%  field:augments.eligibility.onlyAttackType
unit	Workspace tests (vitest, coverage beacons on)	2026-09-08T17:42:30.4402766Z              1/41      2.4%  field:augments.eligibility.requiresEnemyMechanic
unit	Workspace tests (vitest, coverage beacons on)	2026-09-08T17:42:30.4403282Z              1/91      1.1%  field:augments.flight
unit	Workspace tests (vitest, coverage beacons on)	2026-09-08T17:42:30.4403834Z              1/71      1.4%  field:champions.abilities.*.interruptOn
unit	Workspace tests (vitest, coverage beacons on)	2026-09-08T17:42:30.4404650Z              1/71      1.4%  field:champions.abilities.*.recoverySec
unit	Workspace tests (vitest, coverage beacons on)	2026-09-08T17:42:30.4405204Z              1/71      1.4%  field:champions.abilities.*.toggle
unit	Workspace tests (vitest, coverage beacons on)	2026-09-08T17:42:30.4405910Z              1/71      1.4%  field:champions.healthDrainPctOfMax
unit	Workspace tests (vitest, coverage beacons on)	2026-09-08T17:42:30.4406644Z              1/71      1.4%  field:champions.immobile
unit	Workspace tests (vitest, coverage beacons on)	2026-09-08T17:42:30.4407481Z              1/1     100.0%  field:config#config.admin-friend@1.note
unit	Workspace tests (vitest, coverage beacons on)	2026-09-08T17:42:30.4408389Z              1/1     100.0%  field:config#config.ambient-vfx@1.arenaFire
unit	Workspace tests (vitest, coverage beacons on)	2026-09-08T17:42:30.4409462Z              1/1     100.0%  field:config#config.ambient-vfx@1.attackTrail
unit	Workspace tests (vitest, coverage beacons on)	2026-09-08T17:42:30.4410639Z              1/1     100.0%  field:config#config.ambient-vfx@1.attackTrail.byWeaponTag[].y
unit	Workspace tests (vitest, coverage beacons on)	2026-09-08T17:42:30.4411584Z              1/1     100.0%  field:config#config.ambient-vfx@1.backdrop
unit	Workspace tests (vitest, coverage beacons on)	2026-09-08T17:42:30.4412644Z              1/1     100.0%  field:config#config.ambient-vfx@1.bindings{}[].note
unit	Workspace tests (vitest, coverage beacons on)	2026-09-08T17:42:30.4413785Z              1/1     100.0%  field:config#config.ambient-vfx@1.bindings{}[].whileToggle
unit	Workspace tests (vitest, coverage beacons on)	2026-09-08T17:42:30.4414948Z              1/1     100.0%  field:config#config.ambient-vfx@1.hitCues
unit	Workspace tests (vitest, coverage beacons on)	2026-09-08T17:42:30.4415980Z              1/1     100.0%  field:config#config.ambient-vfx@1.hitCues.shieldGained
unit	Workspace tests (vitest, coverage beacons on)	2026-09-08T17:42:30.4416833Z              1/1     100.0%  field:config#config.ambient-vfx@1.scenery
unit	Workspace tests (vitest, coverage beacons on)	2026-09-08T17:42:30.4417537Z              1/1     100.0%  field:config#config.ambient-vfx@1.scenery.outlineShells
unit	Workspace tests (vitest, coverage beacons on)	2026-09-08T17:42:30.4418458Z              1/1     100.0%  field:config#config.aoe-tiers@1.note
unit	Workspace tests (vitest, coverage beacons on)	2026-09-08T17:42:30.4419510Z              1/1     100.0%  field:config#config.ap-coefficient@1.keepAuthoredPerRankAp
unit	Workspace tests (vitest, coverage beacons on)	2026-09-08T17:42:30.4420479Z              1/1     100.0%  field:config#config.ap-coefficient@1.note
unit	Workspace tests (vitest, coverage beacons on)	2026-09-08T17:42:30.4421452Z              1/1     100.0%  field:config#config.ap-damage-scaling@1.note
unit	Workspace tests (vitest, coverage beacons on)	2026-09-08T17:42:30.4422363Z              1/1     100.0%  field:config#config.arena-pool@1.note
unit	Workspace tests (vitest, coverage beacons on)	2026-09-08T17:42:30.4423552Z              1/1     100.0%  field:config#config.arena-rules@1.augmentTiers
unit	Workspace tests (vitest, coverage beacons on)	2026-09-08T17:42:30.4424821Z              1/1     100.0%  field:config#config.arena-rules@1.autoSpendSkillPoints
unit	Workspace tests (vitest, coverage beacons on)	2026-09-08T17:42:30.4425980Z              1/1     100.0%  field:config#config.arena-rules@1.botOnlyRingAccelEnabled
unit	Workspace tests (vitest, coverage beacons on)	2026-09-08T17:42:30.4427057Z              1/1     100.0%  field:config#config.arena-rules@1.botOnlyRingAccelSec
unit	Workspace tests (vitest, coverage beacons on)	2026-09-08T17:42:30.4427893Z              1/1     100.0%  field:config#config.arena-rules@1.botShop
unit	Workspace tests (vitest, coverage beacons on)	2026-09-08T17:42:30.4428817Z              1/1     100.0%  field:config#config.arena-rules@1.bothDraftsExtraSec
unit	Workspace tests (vitest, coverage beacons on)	2026-09-08T17:42:30.4429828Z              1/1     100.0%  field:config#config.arena-rules@1.disadvantageWeights
unit	Workspace tests (vitest, coverage beacons on)	2026-09-08T17:42:30.4430810Z              1/1     100.0%  field:config#config.arena-rules@1.draftConflict
unit	Workspace tests (vitest, coverage beacons on)	2026-09-08T17:42:30.4431732Z              1/1     100.0%  field:config#config.arena-rules@1.exUnlockRound
unit	Workspace tests (vitest, coverage beacons on)	2026-09-08T17:42:30.4432622Z              1/1     100.0%  field:config#config.arena-rules@1.finalRound
unit	Workspace tests (vitest, coverage beacons on)	2026-09-08T17:42:30.4433463Z              1/1     100.0%  field:config#config.arena-rules@1.flowers
unit	Workspace tests (vitest, coverage beacons on)	2026-09-08T17:42:30.4434733Z              1/1     100.0%  field:config#config.arena-rules@1.goldDrop
unit	Workspace tests (vitest, coverage beacons on)	2026-09-08T17:42:30.4435669Z              1/1     100.0%  field:config#config.arena-rules@1.grailDraft
unit	Workspace tests (vitest, coverage beacons on)	2026-09-08T17:42:30.4436743Z              1/1     100.0%  field:config#config.arena-rules@1.guardianTower
unit	Workspace tests (vitest, coverage beacons on)	2026-09-08T17:42:30.4437846Z              1/1     100.0%  field:config#config.arena-rules@1.humanSeatsFromRound
unit	Workspace tests (vitest, coverage beacons on)	2026-09-08T17:42:30.4438886Z              1/1     100.0%  field:config#config.arena-rules@1.itemDraft
unit	Workspace tests (vitest, coverage beacons on)	2026-09-08T17:42:30.4439871Z              1/1     100.0%  field:config#config.arena-rules@1.itemDraft.excludedCraftRoles
unit	Workspace tests (vitest, coverage beacons on)	2026-09-08T17:42:30.4440952Z              1/1     100.0%  field:config#config.arena-rules@1.legendaryShelf
unit	Workspace tests (vitest, coverage beacons on)	2026-09-08T17:42:30.4442054Z              1/1     100.0%  field:config#config.arena-rules@1.legendaryShelf.randomOnlyTables
unit	Workspace tests (vitest, coverage beacons on)	2026-09-08T17:42:30.4443509Z              1/1     100.0%  field:config#config.arena-rules@1.legendaryShelf.sellRefundPct
unit	Workspace tests (vitest, coverage beacons on)	2026-09-08T17:42:30.4444674Z              1/1     100.0%  field:config#config.arena-rules@1.mobWaves
unit	Workspace tests (vitest, coverage beacons on)	2026-09-08T17:42:30.4445658Z              1/1     100.0%  field:config#config.arena-rules@1.mobWaves.boss
unit	Workspace tests (vitest, coverage beacons on)	2026-09-08T17:42:30.4446809Z              1/1     100.0%  field:config#config.arena-rules@1.mobWaves.boss.aggroRank
unit	Workspace tests (vitest, coverage beacons on)	2026-09-08T17:42:30.4448398Z              1/1     100.0%  field:config#config.arena-rules@1.mobWaves.boss.championSource
unit	Workspace tests (vitest, coverage beacons on)	2026-09-08T17:42:30.4449567Z              1/1     100.0%  field:config#config.arena-rules@1.mobWaves.boss.countOverkill
unit	Workspace tests (vitest, coverage beacons on)	2026-09-08T17:42:30.4450863Z              1/1     100.0%  field:config#config.arena-rules@1.mobWaves.boss.countsAsChampion
unit	Workspace tests (vitest, coverage beacons on)	2026-09-08T17:42:30.4452027Z              1/1     100.0%  field:config#config.arena-rules@1.mobWaves.boss.healthBar
unit	Workspace tests (vitest, coverage beacons on)	2026-09-08T17:42:30.4453150Z              1/1     100.0%  field:config#config.arena-rules@1.mobWaves.boss.healthBarAnchor
unit	Workspace tests (vitest, coverage beacons on)	2026-09-08T17:42:30.4454472Z              1/1     100.0%  field:config#config.arena-rules@1.mobWaves.boss.healthBarReveal
unit	Workspace tests (vitest, coverage beacons on)	2026-09-08T17:42:30.4455718Z              1/1     100.0%  field:config#config.arena-rules@1.mobWaves.boss.heroDamageMult
unit	Workspace tests (vitest, coverage beacons on)	2026-09-08T17:42:30.4456926Z              1/1     100.0%  field:config#config.arena-rules@1.mobWaves.boss.heroHpMult
unit	Workspace tests (vitest, coverage beacons on)	2026-09-08T17:42:30.4457949Z              1/1     100.0%  field:config#config.arena-rules@1.mobWaves.boss.heroLevel
unit	Workspace tests (vitest, coverage beacons on)	2026-09-08T17:42:30.4459098Z              1/1     100.0%  field:config#config.arena-rules@1.mobWaves.boss.heroLevelSource
unit	Workspace tests (vitest, coverage beacons on)	2026-09-08T17:42:30.4460206Z              1/1     100.0%  field:config#config.arena-rules@1.mobWaves.boss.hpFlatBonus
unit	Workspace tests (vitest, coverage beacons on)	2026-09-08T17:42:30.4461325Z              1/1     100.0%  field:config#config.arena-rules@1.mobWaves.boss.hpMult
unit	Workspace tests (vitest, coverage beacons on)	2026-09-08T17:42:30.4462318Z              1/1     100.0%  field:config#config.arena-rules@1.mobWaves.boss.king
unit	Workspace tests (vitest, coverage beacons on)	2026-09-08T17:42:30.4463771Z              1/1     100.0%  field:config#config.arena-rules@1.mobWaves.boss.king.areaMinTargets
unit	Workspace tests (vitest, coverage beacons on)	2026-09-08T17:42:30.4465528Z              1/1     100.0%  field:config#config.arena-rules@1.mobWaves.boss.king.learnRankMode
unit	Workspace tests (vitest, coverage beacons on)	2026-09-08T17:42:30.4466864Z              1/1     100.0%  field:config#config.arena-rules@1.mobWaves.boss.king.situationalAiming
unit	Workspace tests (vitest, coverage beacons on)	2026-09-08T17:42:30.4468066Z              1/1     100.0%  field:config#config.arena-rules@1.mobWaves.boss.lastHitMode
unit	Workspace tests (vitest, coverage beacons on)	2026-09-08T17:42:30.4469123Z              1/1     100.0%  field:config#config.arena-rules@1.mobWaves.boss.levelCurve
unit	Workspace tests (vitest, coverage beacons on)	2026-09-08T17:42:30.4470386Z              1/1     100.0%  field:config#config.arena-rules@1.mobWaves.boss.maxPerRound
unit	Workspace tests (vitest, coverage beacons on)	2026-09-08T17:42:30.4471565Z              1/1     100.0%  field:config#config.arena-rules@1.mobWaves.boss.maxPerRoundScope
unit	Workspace tests (vitest, coverage beacons on)	2026-09-08T17:42:30.4472703Z              1/1     100.0%  field:config#config.arena-rules@1.mobWaves.boss.moveSpeedMult
unit	Workspace tests (vitest, coverage beacons on)	2026-09-08T17:42:30.4473807Z              1/1     100.0%  field:config#config.arena-rules@1.mobWaves.boss.noClip
unit	Workspace tests (vitest, coverage beacons on)	2026-09-08T17:42:30.4475275Z              1/1     100.0%  field:config#config.arena-rules@1.mobWaves.boss.noClipObstacles
unit	Workspace tests (vitest, coverage beacons on)	2026-09-08T17:42:30.4476362Z              1/1     100.0%  field:config#config.arena-rules@1.mobWaves.boss.noClipStayInside
unit	Workspace tests (vitest, coverage beacons on)	2026-09-08T17:42:30.4477523Z              1/1     100.0%  field:config#config.arena-rules@1.mobWaves.boss.noClipUnits
unit	Workspace tests (vitest, coverage beacons on)	2026-09-08T17:42:30.4478642Z              1/1     100.0%  field:config#config.arena-rules@1.mobWaves.boss.settlementTitle
unit	Workspace tests (vitest, coverage beacons on)	2026-09-08T17:42:30.4479562Z              1/1     100.0%  field:config#config.arena-rules@1.mobWaves.boss.sizeMult
unit	Workspace tests (vitest, coverage beacons on)	2026-09-08T17:42:30.4480593Z              1/1     100.0%  field:config#config.arena-rules@1.mobWaves.healthBar
unit	Workspace tests (vitest, coverage beacons on)	2026-09-08T17:42:30.4481558Z              1/1     100.0%  field:config#config.arena-rules@1.mobWaves.mob.baseHp
unit	Workspace tests (vitest, coverage beacons on)	2026-09-08T17:42:30.4482592Z              1/1     100.0%  field:config#config.arena-rules@1.mobWaves.mob.baseLevel
unit	Workspace tests (vitest, coverage beacons on)	2026-09-08T17:42:30.4483865Z              1/1     100.0%  field:config#config.arena-rules@1.mobWaves.mob.baseRegen
unit	Workspace tests (vitest, coverage beacons on)	2026-09-08T17:42:30.4485129Z              1/1     100.0%  field:config#config.arena-rules@1.mobWaves.mob.championId
unit	Workspace tests (vitest, coverage beacons on)	2026-09-08T17:42:30.4486287Z              1/1     100.0%  field:config#config.arena-rules@1.mobWaves.mob.championSource
unit	Workspace tests (vitest, coverage beacons on)	2026-09-08T17:42:30.4487484Z              1/1     100.0%  field:config#config.arena-rules@1.mobWaves.mob.groundRingDiameter
unit	Workspace tests (vitest, coverage beacons on)	2026-09-08T17:42:30.4488698Z              1/1     100.0%  field:config#config.arena-rules@1.mobWaves.mob.groundRingSizeFollow
unit	Workspace tests (vitest, coverage beacons on)	2026-09-08T17:42:30.4489834Z              1/1     100.0%  field:config#config.arena-rules@1.mobWaves.mob.hpPerLevel
unit	Workspace tests (vitest, coverage beacons on)	2026-09-08T17:42:30.4490908Z              1/1     100.0%  field:config#config.arena-rules@1.mobWaves.mob.levelCurve
unit	Workspace tests (vitest, coverage beacons on)	2026-09-08T17:42:30.4492014Z              1/1     100.0%  field:config#config.arena-rules@1.mobWaves.mob.levelPerRound
unit	Workspace tests (vitest, coverage beacons on)	2026-09-08T17:42:30.4493330Z              1/1     100.0%  field:config#config.arena-rules@1.mobWaves.mob.moveSpeed
unit	Workspace tests (vitest, coverage beacons on)	2026-09-08T17:42:30.4495091Z              1/1     100.0%  field:config#config.arena-rules@1.mobWaves.mob.regenPerLevel
unit	Workspace tests (vitest, coverage beacons on)	2026-09-08T17:42:30.4496241Z              1/1     100.0%  field:config#config.arena-rules@1.mobWaves.mob.sizeMult
unit	Workspace tests (vitest, coverage beacons on)	2026-09-08T17:42:30.4497340Z              1/1     100.0%  field:config#config.arena-rules@1.mobWaves.mob.tintStrength
unit	Workspace tests (vitest, coverage beacons on)	2026-09-08T17:42:30.4498440Z              1/1     100.0%  field:config#config.arena-rules@1.mobWaves.normalMobShadow
unit	Workspace tests (vitest, coverage beacons on)	2026-09-08T17:42:30.4499473Z              1/1     100.0%  field:config#config.arena-rules@1.mobWaves.roundHoldMobKinds
unit	Workspace tests (vitest, coverage beacons on)	2026-09-08T17:42:30.4500410Z              1/1     100.0%  field:config#config.arena-rules@1.mobWaves.schedule
unit	Workspace tests (vitest, coverage beacons on)	2026-09-08T17:42:30.4501347Z              1/1     100.0%  field:config#config.arena-rules@1.mobWaves.special
unit	Workspace tests (vitest, coverage beacons on)	2026-09-08T17:42:30.4502307Z              1/1     100.0%  field:config#config.arena-rules@1.mobWaves.special.bountyGold
unit	Workspace tests (vitest, coverage beacons on)	2026-09-08T17:42:30.4503361Z              1/1     100.0%  field:config#config.arena-rules@1.mobWaves.special.bountyLevels
unit	Workspace tests (vitest, coverage beacons on)	2026-09-08T17:42:30.4504747Z              1/1     100.0%  field:config#config.arena-rules@1.mobWaves.special.bountyXp
unit	Workspace tests (vitest, coverage beacons on)	2026-09-08T17:42:30.4505880Z              1/1     100.0%  field:config#config.arena-rules@1.mobWaves.special.championSource
unit	Workspace tests (vitest, coverage beacons on)	2026-09-08T17:42:30.4506982Z              1/1     100.0%  field:config#config.arena-rules@1.mobWaves.special.countOverkill
unit	Workspace tests (vitest, coverage beacons on)	2026-09-08T17:42:30.4508138Z              1/1     100.0%  field:config#config.arena-rules@1.mobWaves.special.countsAsChampion
unit	Workspace tests (vitest, coverage beacons on)	2026-09-08T17:42:30.4509307Z              1/1     100.0%  field:config#config.arena-rules@1.mobWaves.special.heroDamageMult
unit	Workspace tests (vitest, coverage beacons on)	2026-09-08T17:42:30.4510378Z              1/1     100.0%  field:config#config.arena-rules@1.mobWaves.special.heroHpMult
unit	Workspace tests (vitest, coverage beacons on)	2026-09-08T17:42:30.4511524Z              1/1     100.0%  field:config#config.arena-rules@1.mobWaves.special.heroLevelSource
unit	Workspace tests (vitest, coverage beacons on)	2026-09-08T17:42:30.4512659Z              1/1     100.0%  field:config#config.arena-rules@1.mobWaves.special.hpFlatBonus
unit	Workspace tests (vitest, coverage beacons on)	2026-09-08T17:42:30.4513705Z              1/1     100.0%  field:config#config.arena-rules@1.mobWaves.special.lastHitMode
unit	Workspace tests (vitest, coverage beacons on)	2026-09-08T17:42:30.4515020Z              1/1     100.0%  field:config#config.arena-rules@1.mobWaves.special.lastHitMultiplier
unit	Workspace tests (vitest, coverage beacons on)	2026-09-08T17:42:30.4516138Z              1/1     100.0%  field:config#config.arena-rules@1.mobWaves.special.levelCurve
unit	Workspace tests (vitest, coverage beacons on)	2026-09-08T17:42:30.4517255Z              1/1     100.0%  field:config#config.arena-rules@1.mobWaves.special.settlementMode
unit	Workspace tests (vitest, coverage beacons on)	2026-09-08T17:42:30.4518380Z              1/1     100.0%  field:config#config.arena-rules@1.mobWaves.special.settlementTitle
unit	Workspace tests (vitest, coverage beacons on)	2026-09-08T17:42:30.4519452Z              1/1     100.0%  field:config#config.arena-rules@1.mobWaves.special.sizeMult
unit	Workspace tests (vitest, coverage beacons on)	2026-09-08T17:42:30.4520516Z              1/1     100.0%  field:config#config.arena-rules@1.mobWaves.special.splitByDamage
unit	Workspace tests (vitest, coverage beacons on)	2026-09-08T17:42:30.4521625Z              1/1     100.0%  field:config#config.arena-rules@1.mobWaves.stopSpawnOnTeamWipe
unit	Workspace tests (vitest, coverage beacons on)	2026-09-08T17:42:30.4522615Z              1/1     100.0%  field:config#config.arena-rules@1.postMatchLingerSec
unit	Workspace tests (vitest, coverage beacons on)	2026-09-08T17:42:30.4523717Z              1/1     100.0%  field:config#config.arena-rules@1.retiredLootTables
unit	Workspace tests (vitest, coverage beacons on)	2026-09-08T17:42:30.4525567Z              1/1     100.0%  field:config#config.arena-rules@1.reviveCircles
unit	Workspace tests (vitest, coverage beacons on)	2026-09-08T17:42:30.4526490Z              1/1     100.0%  field:config#config.arena-rules@1.round11
unit	Workspace tests (vitest, coverage beacons on)	2026-09-08T17:42:30.4527444Z              1/1     100.0%  field:config#config.arena-rules@1.rounds{}.augmentTier
unit	Workspace tests (vitest, coverage beacons on)	2026-09-08T17:42:30.4528426Z              1/1     100.0%  field:config#config.arena-rules@1.rounds{}.autoLearn
unit	Workspace tests (vitest, coverage beacons on)	2026-09-08T17:42:30.4529383Z              1/1     100.0%  field:config#config.arena-rules@1.rounds{}.draftBoth
unit	Workspace tests (vitest, coverage beacons on)	2026-09-08T17:42:30.4530379Z              1/1     100.0%  field:config#config.arena-rules@1.rounds{}.grantGold
unit	Workspace tests (vitest, coverage beacons on)	2026-09-08T17:42:30.4531389Z              1/1     100.0%  field:config#config.arena-rules@1.rounds{}.grantLevels
unit	Workspace tests (vitest, coverage beacons on)	2026-09-08T17:42:30.4532438Z              1/1     100.0%  field:config#config.arena-rules@1.rounds{}.weaponDraftPct
unit	Workspace tests (vitest, coverage beacons on)	2026-09-08T17:42:30.4533537Z              1/1     100.0%  field:config#config.arena-rules@1.rounds{}.weaponLootTable
unit	Workspace tests (vitest, coverage beacons on)	2026-09-08T17:42:30.4534730Z              1/1     100.0%  field:config#config.arena-rules@1.ultUnlockRound
unit	Workspace tests (vitest, coverage beacons on)	2026-09-08T17:42:30.4535621Z              1/1     100.0%  field:config#config.arena-rules@1.vision
unit	Workspace tests (vitest, coverage beacons on)	2026-09-08T17:42:30.4536457Z              1/1     100.0%  field:config#config.arena-rules@1.vision.fullVision
unit	Workspace tests (vitest, coverage beacons on)	2026-09-08T17:42:30.4537172Z              1/1     100.0%  field:config#config.arena-rules@1.vision.wallBlocksBasicAttack
unit	Workspace tests (vitest, coverage beacons on)	2026-09-08T17:42:30.4537850Z              1/1     100.0%  field:config#config.arena-rules@1.weaponShelfOpen
unit	Workspace tests (vitest, coverage beacons on)	2026-09-08T17:42:30.4538449Z              1/1     100.0%  field:config#config.arena-rules@1.weaponTiers
unit	Workspace tests (vitest, coverage beacons on)	2026-09-08T17:42:30.4539122Z              1/1     100.0%  field:config#config.arena-rules@1.weaponTiers[].guaranteeAtD
unit	Workspace tests (vitest, coverage beacons on)	2026-09-08T17:42:30.4539808Z              1/1     100.0%  field:config#config.arena-rules@1.weaponTiers[].maxRound
unit	Workspace tests (vitest, coverage beacons on)	2026-09-08T17:42:30.4540583Z              1/1     100.0%  field:config#config.audio-map@1.bgm{}.gain
unit	Workspace tests (vitest, coverage beacons on)	2026-09-08T17:42:30.4541164Z              1/1     100.0%  field:config#config.audio-map@1.castLayerCap
unit	Workspace tests (vitest, coverage beacons on)	2026-09-08T17:42:30.4541725Z              1/1     100.0%  field:config#config.audio-map@1.mapBgm
unit	Workspace tests (vitest, coverage beacons on)	2026-09-08T17:42:30.4542303Z              1/1     100.0%  field:config#config.audio-map@1.modelFxSound
unit	Workspace tests (vitest, coverage beacons on)	2026-09-08T17:42:30.4542901Z              1/1     100.0%  field:config#config.audio-map@1.rankUpAudience
unit	Workspace tests (vitest, coverage beacons on)	2026-09-08T17:42:30.4543565Z              1/1     100.0%  field:config#config.audio-map@1.sfx{}.cooldownMs
unit	Workspace tests (vitest, coverage beacons on)	2026-09-08T17:42:30.4544429Z              1/1     100.0%  field:config#config.audio-map@1.sfx{}.gain
unit	Workspace tests (vitest, coverage beacons on)	2026-09-08T17:42:30.4545333Z              1/1     100.0%  field:config#config.audio-map@1.sfx{}.maxConcurrent
unit	Workspace tests (vitest, coverage beacons on)	2026-09-08T17:42:30.4546155Z              1/1     100.0%  field:config#config.audio-mix@1.note
unit	Workspace tests (vitest, coverage beacons on)	2026-09-08T17:42:30.4547109Z              1/1     100.0%  field:config#config.audio-mix@1.voice.roundEndMachineVoice
unit	Workspace tests (vitest, coverage beacons on)	2026-09-08T17:42:30.4548183Z              1/1     100.0%  field:config#config.audio-mix@1.voice.roundEndMinGapSec
unit	Workspace tests (vitest, coverage beacons on)	2026-09-08T17:42:30.4549056Z              1/1     100.0%  field:config#config.augment-filter@1.note
unit	Workspace tests (vitest, coverage beacons on)	2026-09-08T17:42:30.4549937Z              1/1     100.0%  field:config#config.authoring-rules@1.editor
unit	Workspace tests (vitest, coverage beacons on)	2026-09-08T17:42:30.4550815Z              1/1     100.0%  field:config#config.authoring-rules@1.note
unit	Workspace tests (vitest, coverage beacons on)	2026-09-08T17:42:30.4551699Z              1/1     100.0%  field:config#config.base-bonus@1.bonus.ad
unit	Workspace tests (vitest, coverage beacons on)	2026-09-08T17:42:30.4552495Z              1/1     100.0%  field:config#config.base-bonus@1.bonus.manaRegen
unit	Workspace tests (vitest, coverage beacons on)	2026-09-08T17:42:30.4553324Z              1/1     100.0%  field:config#config.base-bonus@1.bonus.maxHealth
unit	Workspace tests (vitest, coverage beacons on)	2026-09-08T17:42:30.4554493Z              1/1     100.0%  field:config#config.base-bonus@1.bonus.maxMana
unit	Workspace tests (vitest, coverage beacons on)	2026-09-08T17:42:30.4555368Z              1/1     100.0%  field:config#config.base-bonus@1.bonus.mr
unit	Workspace tests (vitest, coverage beacons on)	2026-09-08T17:42:30.4556131Z              1/1     100.0%  field:config#config.berserk@1.note
unit	Workspace tests (vitest, coverage beacons on)	2026-09-08T17:42:30.4557187Z              1/1     100.0%  field:config#config.block@1.chanceMult
unit	Workspace tests (vitest, coverage beacons on)	2026-09-08T17:42:30.4557938Z              1/1     100.0%  field:config#config.block@1.note
unit	Workspace tests (vitest, coverage beacons on)	2026-09-08T17:42:30.4558640Z              1/1     100.0%  field:config#config.body-scale@1.note
unit	Workspace tests (vitest, coverage beacons on)	2026-09-08T17:42:30.4559571Z              1/1     100.0%  field:config#config.boss-intro@1.champions{}.authoringNote
unit	Workspace tests (vitest, coverage beacons on)	2026-09-08T17:42:30.4560559Z              1/1     100.0%  field:config#config.boss-intro@1.champions{}.quote
unit	Workspace tests (vitest, coverage beacons on)	2026-09-08T17:42:30.4561492Z              1/1     100.0%  field:config#config.boss-intro@1.champions{}.tips
unit	Workspace tests (vitest, coverage beacons on)	2026-09-08T17:42:30.4562358Z              1/1     100.0%  field:config#config.boss-intro@1.champions{}.weaknesses
unit	Workspace tests (vitest, coverage beacons on)	2026-09-08T17:42:30.4563247Z              1/1     100.0%  field:config#config.boss-intro@1.dropOrder
unit	Workspace tests (vitest, coverage beacons on)	2026-09-08T17:42:30.4564221Z              1/1     100.0%  field:config#config.boss-intro@1.layout
unit	Workspace tests (vitest, coverage beacons on)	2026-09-08T17:42:30.4565088Z              1/1     100.0%  field:config#config.boss-intro@1.note
unit	Workspace tests (vitest, coverage beacons on)	2026-09-08T17:42:30.4565888Z              1/1     100.0%  field:config#config.camera@1.note
unit	Workspace tests (vitest, coverage beacons on)	2026-09-08T17:42:30.4566680Z              1/1     100.0%  field:config#config.camera@1.zoom.defaultDolly
unit	Workspace tests (vitest, coverage beacons on)	2026-09-08T17:42:30.4567542Z              1/1     100.0%  field:config#config.cast-approach@1.note
unit	Workspace tests (vitest, coverage beacons on)	2026-09-08T17:42:30.4568416Z              1/1     100.0%  field:config#config.cast-time-tiers@1.note
unit	Workspace tests (vitest, coverage beacons on)	2026-09-08T17:42:30.4569260Z              1/1     100.0%  field:config#config.cast-time@1.castTimeMaxSec
unit	Workspace tests (vitest, coverage beacons on)	2026-09-08T17:42:30.4570291Z              1/1     100.0%  field:config#config.cast-time@1.comboWindowFrom
unit	Workspace tests (vitest, coverage beacons on)	2026-09-08T17:42:30.4571118Z              1/1     100.0%  field:config#config.cast-time@1.note
unit	Workspace tests (vitest, coverage beacons on)	2026-09-08T17:42:30.4572075Z              1/1     100.0%  field:config#config.champion-voices@1.champions{}.soundset
unit	Workspace tests (vitest, coverage beacons on)	2026-09-08T17:42:30.4573084Z              1/1     100.0%  field:config#config.combat-env@1.multipliers.abilityDamage
unit	Workspace tests (vitest, coverage beacons on)	2026-09-08T17:42:30.4574262Z              1/1     100.0%  field:config#config.combat-env@1.multipliers.abilityPower
unit	Workspace tests (vitest, coverage beacons on)	2026-09-08T17:42:30.4575517Z              1/1     100.0%  field:config#config.combat-env@1.multipliers.abilityRange
unit	Workspace tests (vitest, coverage beacons on)	2026-09-08T17:42:30.4576582Z              1/1     100.0%  field:config#config.combat-env@1.multipliers.agiToArmor
unit	Workspace tests (vitest, coverage beacons on)	2026-09-08T17:42:30.4577634Z              1/1     100.0%  field:config#config.combat-env@1.multipliers.agiToAttackSpeed
unit	Workspace tests (vitest, coverage beacons on)	2026-09-08T17:42:30.4578586Z              1/1     100.0%  field:config#config.combat-env@1.multipliers.agiToEvasion
unit	Workspace tests (vitest, coverage beacons on)	2026-09-08T17:42:30.4579554Z              1/1     100.0%  field:config#config.combat-env@1.multipliers.attackDamage
unit	Workspace tests (vitest, coverage beacons on)	2026-09-08T17:42:30.4580553Z              1/1     100.0%  field:config#config.combat-env@1.multipliers.attackRange
unit	Workspace tests (vitest, coverage beacons on)	2026-09-08T17:42:30.4581531Z              1/1     100.0%  field:config#config.combat-env@1.multipliers.attackSpeed
unit	Workspace tests (vitest, coverage beacons on)	2026-09-08T17:42:30.4582519Z              1/1     100.0%  field:config#config.combat-env@1.multipliers.cooldown
unit	Workspace tests (vitest, coverage beacons on)	2026-09-08T17:42:30.4583537Z              1/1     100.0%  field:config#config.combat-env@1.multipliers.critChance
unit	Workspace tests (vitest, coverage beacons on)	2026-09-08T17:42:30.4584645Z              1/1     100.0%  field:config#config.combat-env@1.multipliers.critDamage
unit	Workspace tests (vitest, coverage beacons on)	2026-09-08T17:42:30.4585610Z              1/1     100.0%  field:config#config.combat-env@1.multipliers.damageDealt
unit	Workspace tests (vitest, coverage beacons on)	2026-09-08T17:42:30.4586578Z              1/1     100.0%  field:config#config.combat-env@1.multipliers.defense
unit	Workspace tests (vitest, coverage beacons on)	2026-09-08T17:42:30.4587654Z              1/1     100.0%  field:config#config.combat-env@1.multipliers.goldEliteKill
unit	Workspace tests (vitest, coverage beacons on)	2026-09-08T17:42:30.4588833Z              1/1     100.0%  field:config#config.combat-env@1.multipliers.goldHeroKill
unit	Workspace tests (vitest, coverage beacons on)	2026-09-08T17:42:30.4589970Z              1/1     100.0%  field:config#config.combat-env@1.multipliers.goldMobKill
unit	Workspace tests (vitest, coverage beacons on)	2026-09-08T17:42:30.4591029Z              1/1     100.0%  field:config#config.combat-env@1.multipliers.goldQuest
unit	Workspace tests (vitest, coverage beacons on)	2026-09-08T17:42:30.4592215Z              1/1     100.0%  field:config#config.combat-env@1.multipliers.goldRoundPayout
unit	Workspace tests (vitest, coverage beacons on)	2026-09-08T17:42:30.4593344Z              1/1     100.0%  field:config#config.combat-env@1.multipliers.healing
unit	Workspace tests (vitest, coverage beacons on)	2026-09-08T17:42:30.4594869Z              1/1     100.0%  field:config#config.combat-env@1.multipliers.healthRegen
unit	Workspace tests (vitest, coverage beacons on)	2026-09-08T17:42:30.4595977Z              1/1     100.0%  field:config#config.combat-env@1.multipliers.intToAbilityPower
unit	Workspace tests (vitest, coverage beacons on)	2026-09-08T17:42:30.4597139Z              1/1     100.0%  field:config#config.combat-env@1.multipliers.intToMagicResist
unit	Workspace tests (vitest, coverage beacons on)	2026-09-08T17:42:30.4598254Z              1/1     100.0%  field:config#config.combat-env@1.multipliers.intToManaRegen
unit	Workspace tests (vitest, coverage beacons on)	2026-09-08T17:42:30.4599361Z              1/1     100.0%  field:config#config.combat-env@1.multipliers.intToMaxMana
unit	Workspace tests (vitest, coverage beacons on)	2026-09-08T17:42:30.4600456Z              1/1     100.0%  field:config#config.combat-env@1.multipliers.itemCooldown
unit	Workspace tests (vitest, coverage beacons on)	2026-09-08T17:42:30.4601518Z              1/1     100.0%  field:config#config.combat-env@1.multipliers.lifesteal
unit	Workspace tests (vitest, coverage beacons on)	2026-09-08T17:42:30.4602554Z              1/1     100.0%  field:config#config.combat-env@1.multipliers.magicResistMult
unit	Workspace tests (vitest, coverage beacons on)	2026-09-08T17:42:30.4603525Z              1/1     100.0%  field:config#config.combat-env@1.multipliers.manaRegen
unit	Workspace tests (vitest, coverage beacons on)	2026-09-08T17:42:30.4604604Z              1/1     100.0%  field:config#config.combat-env@1.multipliers.maxHealth
unit	Workspace tests (vitest, coverage beacons on)	2026-09-08T17:42:30.4605582Z              1/1     100.0%  field:config#config.combat-env@1.multipliers.maxMana
unit	Workspace tests (vitest, coverage beacons on)	2026-09-08T17:42:30.4606575Z              1/1     100.0%  field:config#config.combat-env@1.multipliers.moveSpeed
unit	Workspace tests (vitest, coverage beacons on)	2026-09-08T17:42:30.4607628Z              1/1     100.0%  field:config#config.combat-env@1.multipliers.moveSpeedMelee
unit	Workspace tests (vitest, coverage beacons on)	2026-09-08T17:42:30.4608798Z              1/1     100.0%  field:config#config.combat-env@1.multipliers.moveSpeedRanged
unit	Workspace tests (vitest, coverage beacons on)	2026-09-08T17:42:30.4609831Z              1/1     100.0%  field:config#config.combat-env@1.multipliers.shield
unit	Workspace tests (vitest, coverage beacons on)	2026-09-08T17:42:30.4610801Z              1/1     100.0%  field:config#config.combat-env@1.multipliers.strToAttackDamage
unit	Workspace tests (vitest, coverage beacons on)	2026-09-08T17:42:30.4611915Z              1/1     100.0%  field:config#config.combat-env@1.multipliers.strToCritChance
unit	Workspace tests (vitest, coverage beacons on)	2026-09-08T17:42:30.4613324Z              1/1     100.0%  field:config#config.combat-env@1.multipliers.strToHealthRegen
unit	Workspace tests (vitest, coverage beacons on)	2026-09-08T17:42:30.4614643Z              1/1     100.0%  field:config#config.combat-env@1.multipliers.strToMaxHealth
unit	Workspace tests (vitest, coverage beacons on)	2026-09-08T17:42:30.4615614Z              1/1     100.0%  field:config#config.combat-feel@1.aimAssist
unit	Workspace tests (vitest, coverage beacons on)	2026-09-08T17:42:30.4616506Z              1/1     100.0%  field:config#config.combat-feel@1.autoEngage
unit	Workspace tests (vitest, coverage beacons on)	2026-09-08T17:42:30.4617483Z              1/1     100.0%  field:config#config.combat-feel@1.autoEngage.acquireLeash
unit	Workspace tests (vitest, coverage beacons on)	2026-09-08T17:42:30.4618616Z              1/1     100.0%  field:config#config.combat-feel@1.autoEngage.meleeAcquireFloor
unit	Workspace tests (vitest, coverage beacons on)	2026-09-08T17:42:30.4619807Z              1/1     100.0%  field:config#config.combat-feel@1.autoEngage.threatWindowTicks
unit	Workspace tests (vitest, coverage beacons on)	2026-09-08T17:42:30.4620804Z              1/1     100.0%  field:config#config.combat-feel@1.facing
unit	Workspace tests (vitest, coverage beacons on)	2026-09-08T17:42:30.4621632Z              1/1     100.0%  field:config#config.combat-feel@1.hitstop
unit	Workspace tests (vitest, coverage beacons on)	2026-09-08T17:42:30.4622727Z              1/1     100.0%  field:config#config.combat-feel@1.hitstop.holdsAttackerWalk
unit	Workspace tests (vitest, coverage beacons on)	2026-09-08T17:42:30.4623853Z              1/1     100.0%  field:config#config.combat-feel@1.hitstop.holdsVictimWalk
unit	Workspace tests (vitest, coverage beacons on)	2026-09-08T17:42:30.4625068Z              1/1     100.0%  field:config#config.combat-feel@1.hitstop.scale
unit	Workspace tests (vitest, coverage beacons on)	2026-09-08T17:42:30.4626139Z              1/1     100.0%  field:config#config.combat-feel@1.hitstop.stuckGuard
unit	Workspace tests (vitest, coverage beacons on)	2026-09-08T17:42:30.4627207Z              1/1     100.0%  field:config#config.combat-feel@1.hitstop.stuckGuard.enabled
unit	Workspace tests (vitest, coverage beacons on)	2026-09-08T17:42:30.4628264Z              1/1     100.0%  field:config#config.combat-feel@1.hitstop.stuckGuard.releaseSec
unit	Workspace tests (vitest, coverage beacons on)	2026-09-08T17:42:30.4629423Z              1/1     100.0%  field:config#config.combat-feel@1.hitstop.stuckGuard.thresholdSec
unit	Workspace tests (vitest, coverage beacons on)	2026-09-08T17:42:30.4630586Z              1/1     100.0%  field:config#config.combat-feel@1.hitstop.stuckGuard.windowSec
unit	Workspace tests (vitest, coverage beacons on)	2026-09-08T17:42:30.4631591Z              1/1     100.0%  field:config#config.combat-feel@1.impactFeel
unit	Workspace tests (vitest, coverage beacons on)	2026-09-08T17:42:30.4632942Z              1/1     100.0%  field:config#config.combat-feel@1.impactFeel.blockCamKickMult
unit	Workspace tests (vitest, coverage beacons on)	2026-09-08T17:42:30.4634311Z              1/1     100.0%  field:config#config.combat-feel@1.impactFeel.blockShakeMult
unit	Workspace tests (vitest, coverage beacons on)	2026-09-08T17:42:30.4635473Z              1/1     100.0%  field:config#config.combat-feel@1.impactFeel.exCamKickFloor
unit	Workspace tests (vitest, coverage beacons on)	2026-09-08T17:42:30.4636514Z              1/1     100.0%  field:config#config.combat-feel@1.impactFeel.exFreezeTicks
unit	Workspace tests (vitest, coverage beacons on)	2026-09-08T17:42:30.4637590Z              1/1     100.0%  field:config#config.combat-feel@1.impactFeel.exShakeCap
unit	Workspace tests (vitest, coverage beacons on)	2026-09-08T17:42:30.4638746Z              1/1     100.0%  field:config#config.combat-feel@1.impactFeel.exShakeMult
unit	Workspace tests (vitest, coverage beacons on)	2026-09-08T17:42:30.4639858Z              1/1     100.0%  field:config#config.combat-feel@1.impactFeel.hitstopCounterCap
unit	Workspace tests (vitest, coverage beacons on)	2026-09-08T17:42:30.4641050Z              1/1     100.0%  field:config#config.combat-feel@1.impactFeel.hitstopPerImpact
unit	Workspace tests (vitest, coverage beacons on)	2026-09-08T17:42:30.4642231Z              1/1     100.0%  field:config#config.combat-feel@1.impactFeel.hitstunAdvantage
unit	Workspace tests (vitest, coverage beacons on)	2026-09-08T17:42:30.4643305Z              1/1     100.0%  field:config#config.combat-feel@1.impactFeel.hitstunPerImpact
unit	Workspace tests (vitest, coverage beacons on)	2026-09-08T17:42:30.4644544Z              1/1     100.0%  field:config#config.combat-feel@1.impactFeel.knockdownTicks
unit	Workspace tests (vitest, coverage beacons on)	2026-09-08T17:42:30.4645750Z              1/1     100.0%  field:config#config.combat-feel@1.impactFeel.tierHeavyImpact
unit	Workspace tests (vitest, coverage beacons on)	2026-09-08T17:42:30.4646985Z              1/1     100.0%  field:config#config.combat-feel@1.impactFeel.tierMediumImpact
unit	Workspace tests (vitest, coverage beacons on)	2026-09-08T17:42:30.4648026Z              1/1     100.0%  field:config#config.combat-feel@1.knockback
unit	Workspace tests (vitest, coverage beacons on)	2026-09-08T17:42:30.4649046Z              1/1     100.0%  field:config#config.combat-feel@1.manualOrder
unit	Workspace tests (vitest, coverage beacons on)	2026-09-08T17:42:30.4650351Z              1/1     100.0%  field:config#config.combat-feel@1.manualOrder.attackMoveNearestToCursor
unit	Workspace tests (vitest, coverage beacons on)	2026-09-08T17:42:30.4651784Z              1/1     100.0%  field:config#config.combat-feel@1.manualOrder.idleAutoEngageSec
unit	Workspace tests (vitest, coverage beacons on)	2026-09-08T17:42:30.4653164Z              1/1     100.0%  field:config#config.combat-feel@1.manualOrder.recoveryCancelOnOrder
unit	Workspace tests (vitest, coverage beacons on)	2026-09-08T17:42:30.4654562Z              1/1     100.0%  field:config#config.combat-feel@1.moveFeel
unit	Workspace tests (vitest, coverage beacons on)	2026-09-08T17:42:30.4655604Z              1/1     100.0%  field:config#config.combat-feel@1.moveFeel.accelTicks
unit	Workspace tests (vitest, coverage beacons on)	2026-09-08T17:42:30.4656706Z              1/1     100.0%  field:config#config.combat-feel@1.moveFeel.autoRangeBuffer
unit	Workspace tests (vitest, coverage beacons on)	2026-09-08T17:42:30.4657868Z              1/1     100.0%  field:config#config.combat-feel@1.moveFeel.avoidMargin
unit	Workspace tests (vitest, coverage beacons on)	2026-09-08T17:42:30.4659009Z              1/1     100.0%  field:config#config.combat-feel@1.moveFeel.chaosRerollTicks
unit	Workspace tests (vitest, coverage beacons on)	2026-09-08T17:42:30.4660136Z              1/1     100.0%  field:config#config.combat-feel@1.moveFeel.flowerClearance
unit	Workspace tests (vitest, coverage beacons on)	2026-09-08T17:42:30.4661203Z              1/1     100.0%  field:config#config.combat-feel@1.moveFeel.holdFraction
unit	Workspace tests (vitest, coverage beacons on)	2026-09-08T17:42:30.4662175Z              1/1     100.0%  field:config#config.combat-feel@1.moveFeel.whiffLungeDist
unit	Workspace tests (vitest, coverage beacons on)	2026-09-08T17:42:30.4663179Z              1/1     100.0%  field:config#config.combat-feel@1.predictionHold
unit	Workspace tests (vitest, coverage beacons on)	2026-09-08T17:42:30.4664412Z              1/1     100.0%  field:config#config.combat-feel@1.predictionHold.flags
unit	Workspace tests (vitest, coverage beacons on)	2026-09-08T17:42:30.4665401Z              1/1     100.0%  field:config#config.combat-feel@1.standstill
unit	Workspace tests (vitest, coverage beacons on)	2026-09-08T17:42:30.4666538Z              1/1     100.0%  field:config#config.combat-feel@1.standstill.closingRatio
unit	Workspace tests (vitest, coverage beacons on)	2026-09-08T17:42:30.4667785Z              1/1     100.0%  field:config#config.combat-feel@1.standstill.legacyAbsoluteClosing
unit	Workspace tests (vitest, coverage beacons on)	2026-09-08T17:42:30.4668931Z              1/1     100.0%  field:config#config.combat-feel@1.standstill.stillEps
unit	Workspace tests (vitest, coverage beacons on)	2026-09-08T17:42:30.4669923Z              1/1     100.0%  field:config#config.combat-feel@1.stuckEscape
unit	Workspace tests (vitest, coverage beacons on)	2026-09-08T17:42:30.4671010Z              1/1     100.0%  field:config#config.combat-feel@1.stuckEscape.anchorRadius
unit	Workspace tests (vitest, coverage beacons on)	2026-09-08T17:42:30.4672435Z              1/1     100.0%  field:config#config.combat-feel@1.stuckEscape.enabled
unit	Workspace tests (vitest, coverage beacons on)	2026-09-08T17:42:30.4673480Z              1/1     100.0%  field:config#config.combat-feel@1.stuckEscape.releaseSec
unit	Workspace tests (vitest, coverage beacons on)	2026-09-08T17:42:30.4675089Z              1/1     100.0%  field:config#config.combat-feel@1.stuckEscape.thresholdSec
unit	Workspace tests (vitest, coverage beacons on)	2026-09-08T17:42:30.4676330Z              1/1     100.0%  field:config#config.combo-strikes@1.families[].rhythmUnknownWhy
unit	Workspace tests (vitest, coverage beacons on)	2026-09-08T17:42:30.4677382Z              1/1     100.0%  field:config#config.combo-strikes@1.families[].steps
unit	Workspace tests (vitest, coverage beacons on)	2026-09-08T17:42:30.4678503Z              1/1     100.0%  field:config#config.combo-strikes@1.families[].strikes
unit	Workspace tests (vitest, coverage beacons on)	2026-09-08T17:42:30.4679674Z              1/1     100.0%  field:config#config.combo-strikes@1.families[].unresolvedReason
unit	Workspace tests (vitest, coverage beacons on)	2026-09-08T17:42:30.4680712Z              1/1     100.0%  field:config#config.combo-strikes@1.note
unit	Workspace tests (vitest, coverage beacons on)	2026-09-08T17:42:30.4681607Z              1/1     100.0%  field:config#config.combo-strikes@1.stepSplit
unit	Workspace tests (vitest, coverage beacons on)	2026-09-08T17:42:30.4682425Z              1/1     100.0%  field:config#config.content-load@1.note
unit	Workspace tests (vitest, coverage beacons on)	2026-09-08T17:42:30.4683279Z              1/1     100.0%  field:config#config.controller-scheme@1.note
unit	Workspace tests (vitest, coverage beacons on)	2026-09-08T17:42:30.4684652Z              1/1     100.0%  field:config#config.controller-scheme@1.schemes{}.aim.switchThreshold
unit	Workspace tests (vitest, coverage beacons on)	2026-09-08T17:42:30.4685902Z              1/1     100.0%  field:config#config.controller-scheme@1.schemes{}.aim.weights
unit	Workspace tests (vitest, coverage beacons on)	2026-09-08T17:42:30.4687260Z              1/1     100.0%  field:config#config.controller-scheme@1.schemes{}.autoFarm.idleDelaySecOverride
unit	Workspace tests (vitest, coverage beacons on)	2026-09-08T17:42:30.4688713Z              1/1     100.0%  field:config#config.controller-scheme@1.schemes{}.autoFarm.pveOnlyWaiverReason
unit	Workspace tests (vitest, coverage beacons on)	2026-09-08T17:42:30.4689969Z              1/1     100.0%  field:config#config.cooldown-rules@1.hookMinSeconds
unit	Workspace tests (vitest, coverage beacons on)	2026-09-08T17:42:30.4690800Z              1/1     100.0%  field:config#config.cooldown-rules@1.note
unit	Workspace tests (vitest, coverage beacons on)	2026-09-08T17:42:30.4691387Z              1/1     100.0%  field:config#config.cooldown-tiers@1.note
unit	Workspace tests (vitest, coverage beacons on)	2026-09-08T17:42:30.4691914Z              1/1     100.0%  field:config#config.crit@1.note
unit	Workspace tests (vitest, coverage beacons on)	2026-09-08T17:42:30.4692561Z              1/1     100.0%  field:config#config.damage-colors@1.blockFlashMode
unit	Workspace tests (vitest, coverage beacons on)	2026-09-08T17:42:30.4693363Z              1/1     100.0%  field:config#config.damage-colors@1.note
unit	Workspace tests (vitest, coverage beacons on)	2026-09-08T17:42:30.4693937Z              1/1     100.0%  field:config#config.damage-rules@1.note
unit	Workspace tests (vitest, coverage beacons on)	2026-09-08T17:42:30.4694868Z              1/1     100.0%  field:config#config.damage-rules@1.oneShotPctOfMaxHp
unit	Workspace tests (vitest, coverage beacons on)	2026-09-08T17:42:30.4695558Z              1/1     100.0%  field:config#config.damage-tier-exemptions@1.note
unit	Workspace tests (vitest, coverage beacons on)	2026-09-08T17:42:30.4696258Z              1/1     100.0%  field:config#config.damage-tier-exemptions@1.rules[].docs
unit	Workspace tests (vitest, coverage beacons on)	2026-09-08T17:42:30.4697004Z              1/1     100.0%  field:config#config.damage-tier-exemptions@1.rules[].kinds
unit	Workspace tests (vitest, coverage beacons on)	2026-09-08T17:42:30.4697736Z              1/1     100.0%  field:config#config.damage-tier-exemptions@1.rules[].maxFlat
unit	Workspace tests (vitest, coverage beacons on)	2026-09-08T17:42:30.4698514Z              1/1     100.0%  field:config#config.damage-tier-exemptions@1.rules[].perTrigger
unit	Workspace tests (vitest, coverage beacons on)	2026-09-08T17:42:30.4699269Z              1/1     100.0%  field:config#config.damage-tier-exemptions@1.rules[].zeroOnly
unit	Workspace tests (vitest, coverage beacons on)	2026-09-08T17:42:30.4699912Z              1/1     100.0%  field:config#config.damage-tiers@1.note
unit	Workspace tests (vitest, coverage beacons on)	2026-09-08T17:42:30.4700454Z              1/1     100.0%  field:config#config.dispel@1.note
unit	Workspace tests (vitest, coverage beacons on)	2026-09-08T17:42:30.4701075Z              1/1     100.0%  field:config#config.displacement-tiers@1.markedBlink
unit	Workspace tests (vitest, coverage beacons on)	2026-09-08T17:42:30.4701778Z              1/1     100.0%  field:config#config.displacement-tiers@1.markedBlink.enabled
unit	Workspace tests (vitest, coverage beacons on)	2026-09-08T17:42:30.4702561Z              1/1     100.0%  field:config#config.displacement-tiers@1.markedBlink.requireOwnMark
unit	Workspace tests (vitest, coverage beacons on)	2026-09-08T17:42:30.4703225Z              1/1     100.0%  field:config#config.displacement-tiers@1.note
unit	Workspace tests (vitest, coverage beacons on)	2026-09-08T17:42:30.4703874Z              1/1     100.0%  field:config#config.displacement-tiers@1.wallBlock
unit	Workspace tests (vitest, coverage beacons on)	2026-09-08T17:42:30.4704771Z              1/1     100.0%  field:config#config.displacement-tiers@1.wallBlock.flightExempt
unit	Workspace tests (vitest, coverage beacons on)	2026-09-08T17:42:30.4705487Z              1/1     100.0%  field:config#config.feel-fx@1.castCharge
unit	Workspace tests (vitest, coverage beacons on)	2026-09-08T17:42:30.4706435Z              1/1     100.0%  field:config#config.feel-fx@1.cooldownPredict
unit	Workspace tests (vitest, coverage beacons on)	2026-09-08T17:42:30.4707010Z              1/1     100.0%  field:config#config.feel-fx@1.exDim
unit	Workspace tests (vitest, coverage beacons on)	2026-09-08T17:42:30.4707555Z              1/1     100.0%  field:config#config.feel-fx@1.impactDebris
unit	Workspace tests (vitest, coverage beacons on)	2026-09-08T17:42:30.4708166Z              1/1     100.0%  field:config#config.feel-fx@1.impactSmokeLifeScale
unit	Workspace tests (vitest, coverage beacons on)	2026-09-08T17:42:30.4708706Z              1/1     100.0%  field:config#config.feel-fx@1.note
unit	Workspace tests (vitest, coverage beacons on)	2026-09-08T17:42:30.4709319Z              1/1     100.0%  field:config#config.form-visuals@1.forms{}.attachBone
unit	Workspace tests (vitest, coverage beacons on)	2026-09-08T17:42:30.4709981Z              1/1     100.0%  field:config#config.form-visuals@1.forms{}.attachModelKey
unit	Workspace tests (vitest, coverage beacons on)	2026-09-08T17:42:30.4710644Z              1/1     100.0%  field:config#config.form-visuals@1.forms{}.attachOffsetY
unit	Workspace tests (vitest, coverage beacons on)	2026-09-08T17:42:30.4711299Z              1/1     100.0%  field:config#config.form-visuals@1.forms{}.attachScale
unit	Workspace tests (vitest, coverage beacons on)	2026-09-08T17:42:30.4711913Z              1/1     100.0%  field:config#config.form-visuals@1.forms{}.note
unit	Workspace tests (vitest, coverage beacons on)	2026-09-08T17:42:30.4712539Z              1/1     100.0%  field:config#config.form-visuals@1.forms{}.scaleMult
unit	Workspace tests (vitest, coverage beacons on)	2026-09-08T17:42:30.4713140Z              1/1     100.0%  field:config#config.form-visuals@1.forms{}.tint
unit	Workspace tests (vitest, coverage beacons on)	2026-09-08T17:42:30.4713685Z              1/1     100.0%  field:config#config.form-visuals@1.note
unit	Workspace tests (vitest, coverage beacons on)	2026-09-08T17:42:30.4714558Z              1/1     100.0%  field:config#config.form-visuals@1.statusStrength
unit	Workspace tests (vitest, coverage beacons on)	2026-09-08T17:42:30.4715144Z              1/1     100.0%  field:config#config.form-visuals@1.statuses
unit	Workspace tests (vitest, coverage beacons on)	2026-09-08T17:42:30.4715702Z              1/1     100.0%  field:config#config.gamepad@1.note
unit	Workspace tests (vitest, coverage beacons on)	2026-09-08T17:42:30.4716250Z              1/1     100.0%  field:config#config.hud-layout@1.note
unit	Workspace tests (vitest, coverage beacons on)	2026-09-08T17:42:30.4716792Z              1/1     100.0%  field:config#config.icon-style@1.loras
unit	Workspace tests (vitest, coverage beacons on)	2026-09-08T17:42:30.4717318Z              1/1     100.0%  field:config#config.icon-style@1.note
unit	Workspace tests (vitest, coverage beacons on)	2026-09-08T17:42:30.4717862Z              1/1     100.0%  field:config#config.icon-upload@1.note
unit	Workspace tests (vitest, coverage beacons on)	2026-09-08T17:42:30.4718503Z              1/1     100.0%  field:config#config.item-card@1.iconFillPct
unit	Workspace tests (vitest, coverage beacons on)	2026-09-08T17:42:30.4719056Z              1/1     100.0%  field:config#config.item-card@1.note
unit	Workspace tests (vitest, coverage beacons on)	2026-09-08T17:42:30.4719604Z              1/1     100.0%  field:config#config.lobby-layout@1.note
unit	Workspace tests (vitest, coverage beacons on)	2026-09-08T17:42:30.4720161Z              1/1     100.0%  field:config#config.lobby-rally@1.note
unit	Workspace tests (vitest, coverage beacons on)	2026-09-08T17:42:30.4720710Z              1/1     100.0%  field:config#config.mana-economy@1.note
unit	Workspace tests (vitest, coverage beacons on)	2026-09-08T17:42:30.4721257Z              1/1     100.0%  field:config#config.mana-tiers@1.note
unit	Workspace tests (vitest, coverage beacons on)	2026-09-08T17:42:30.4721789Z              1/1     100.0%  field:config#config.map-report@1.note
unit	Workspace tests (vitest, coverage beacons on)	2026-09-08T17:42:30.4722358Z              1/1     100.0%  field:config#config.map-spec@1.cornerLabel
unit	Workspace tests (vitest, coverage beacons on)	2026-09-08T17:42:30.4722899Z              1/1     100.0%  field:config#config.map-spec@1.intro
unit	Workspace tests (vitest, coverage beacons on)	2026-09-08T17:42:30.4723420Z              1/1     100.0%  field:config#config.map-spec@1.nav
unit	Workspace tests (vitest, coverage beacons on)	2026-09-08T17:42:30.4724168Z              1/1     100.0%  field:config#config.map-spec@1.nav.minSpawnRoomBodyRadii
unit	Workspace tests (vitest, coverage beacons on)	2026-09-08T17:42:30.4724809Z              1/1     100.0%  field:config#config.map-spec@1.note
unit	Workspace tests (vitest, coverage beacons on)	2026-09-08T17:42:30.4725328Z              1/1     100.0%  field:config#config.map-spec@1.spawn
unit	Workspace tests (vitest, coverage beacons on)	2026-09-08T17:42:30.4725842Z              1/1     100.0%  field:config#config.mitigation@1.note
unit	Workspace tests (vitest, coverage beacons on)	2026-09-08T17:42:30.4726434Z              1/1     100.0%  field:config#config.model-lod@1.adaptiveCostMode
unit	Workspace tests (vitest, coverage beacons on)	2026-09-08T17:42:30.4726968Z              1/1     100.0%  field:config#config.model-lod@1.note
unit	Workspace tests (vitest, coverage beacons on)	2026-09-08T17:42:30.4727738Z              1/1     100.0%  field:config#config.model-lod@1.platformPolicy
unit	Workspace tests (vitest, coverage beacons on)	2026-09-08T17:42:30.4728670Z              1/1     100.0%  field:config#config.model-lod@1.platformPolicy.minDevice
unit	Workspace tests (vitest, coverage beacons on)	2026-09-08T17:42:30.4729626Z              1/1     100.0%  field:config#config.model-lod@1.platformPolicy.phone
unit	Workspace tests (vitest, coverage beacons on)	2026-09-08T17:42:30.4730664Z              1/1     100.0%  field:config#config.model-lod@1.platformPolicy.phoneHardBlock
unit	Workspace tests (vitest, coverage beacons on)	2026-09-08T17:42:30.4731888Z              1/1     100.0%  field:config#config.model-lod@1.platformPolicy.phoneShortEdgePx
unit	Workspace tests (vitest, coverage beacons on)	2026-09-08T17:42:30.4733256Z              1/1     100.0%  field:config#config.model-lod@1.platformPolicy.tabletFpsCap
unit	Workspace tests (vitest, coverage beacons on)	2026-09-08T17:42:30.4734478Z              1/1     100.0%  field:config#config.move-speed-tiers@1.exemptions[].id
unit	Workspace tests (vitest, coverage beacons on)	2026-09-08T17:42:30.4735318Z              1/1     100.0%  field:config#config.move-speed-tiers@1.exemptions[].op
unit	Workspace tests (vitest, coverage beacons on)	2026-09-08T17:42:30.4736106Z              1/1     100.0%  field:config#config.move-speed-tiers@1.note
unit	Workspace tests (vitest, coverage beacons on)	2026-09-08T17:42:30.4737015Z              1/1     100.0%  field:config#config.new-hero-checks@1.note
unit	Workspace tests (vitest, coverage beacons on)	2026-09-08T17:42:30.4737949Z              1/1     100.0%  field:config#config.one-shot-clamp@1.note
unit	Workspace tests (vitest, coverage beacons on)	2026-09-08T17:42:30.4738809Z              1/1     100.0%  field:config#config.origin-routes@1.note
unit	Workspace tests (vitest, coverage beacons on)	2026-09-08T17:42:30.4739699Z              1/1     100.0%  field:config#config.owner-knobs@1.note
unit	Workspace tests (vitest, coverage beacons on)	2026-09-08T17:42:30.4740544Z              1/1     100.0%  field:config#config.per-level-bonus@1.note
unit	Workspace tests (vitest, coverage beacons on)	2026-09-08T17:42:30.4741438Z              1/1     100.0%  field:config#config.practice@1.note
unit	Workspace tests (vitest, coverage beacons on)	2026-09-08T17:42:30.4742330Z              1/1     100.0%  field:config#config.range-guide@1.note
unit	Workspace tests (vitest, coverage beacons on)	2026-09-08T17:42:30.4743209Z              1/1     100.0%  field:config#config.range-tiers@1.note
unit	Workspace tests (vitest, coverage beacons on)	2026-09-08T17:42:30.4744216Z              1/1     100.0%  field:config#config.rank-growth@1.note
unit	Workspace tests (vitest, coverage beacons on)	2026-09-08T17:42:30.4744962Z              1/1     100.0%  field:config#config.regen@1.note
unit	Workspace tests (vitest, coverage beacons on)	2026-09-08T17:42:30.4745480Z              1/1     100.0%  field:config#config.replay@1.note
unit	Workspace tests (vitest, coverage beacons on)	2026-09-08T17:42:30.4746173Z              1/1     100.0%  field:config#config.review-tuning@1.note
unit	Workspace tests (vitest, coverage beacons on)	2026-09-08T17:42:30.4747085Z              1/1     100.0%  field:config#config.roster@1.hiddenChampions
unit	Workspace tests (vitest, coverage beacons on)	2026-09-08T17:42:30.4748120Z              1/1     100.0%  field:config#config.roster@1.hiddenChampionsInMobPool
unit	Workspace tests (vitest, coverage beacons on)	2026-09-08T17:42:30.4749069Z              1/1     100.0%  field:config#config.roster@1.note
unit	Workspace tests (vitest, coverage beacons on)	2026-09-08T17:42:30.4750207Z              1/1     100.0%  field:config#config.screen-fx@1.note
unit	Workspace tests (vitest, coverage beacons on)	2026-09-08T17:42:30.4751011Z              1/1     100.0%  field:config#config.shield@1.note
unit	Workspace tests (vitest, coverage beacons on)	2026-09-08T17:42:30.4752033Z              1/1     100.0%  field:config#config.shield@1.spellWardBlocksWholeCast
unit	Workspace tests (vitest, coverage beacons on)	2026-09-08T17:42:30.4752984Z              1/1     100.0%  field:config#config.skill-normalize@1.note
unit	Workspace tests (vitest, coverage beacons on)	2026-09-08T17:42:30.4753804Z              1/1     100.0%  field:config#config.speed-growth-tiers@1.note
unit	Workspace tests (vitest, coverage beacons on)	2026-09-08T17:42:30.4754829Z              1/1     100.0%  field:config#config.stat-caps@1.caps.ad
unit	Workspace tests (vitest, coverage beacons on)	2026-09-08T17:42:30.4755751Z              1/1     100.0%  field:config#config.stat-caps@1.caps.ap
unit	Workspace tests (vitest, coverage beacons on)	2026-09-08T17:42:30.4756692Z              1/1     100.0%  field:config#config.stat-caps@1.caps.armor
unit	Workspace tests (vitest, coverage beacons on)	2026-09-08T17:42:30.4757610Z              1/1     100.0%  field:config#config.stat-caps@1.caps.as
unit	Workspace tests (vitest, coverage beacons on)	2026-09-08T17:42:30.4758536Z              1/1     100.0%  field:config#config.stat-caps@1.caps.cdr
unit	Workspace tests (vitest, coverage beacons on)	2026-09-08T17:42:30.4759511Z              1/1     100.0%  field:config#config.stat-caps@1.caps.healthRegen
unit	Workspace tests (vitest, coverage beacons on)	2026-09-08T17:42:30.4760534Z              1/1     100.0%  field:config#config.stat-caps@1.caps.lifesteal
unit	Workspace tests (vitest, coverage beacons on)	2026-09-08T17:42:30.4761526Z              1/1     100.0%  field:config#config.stat-caps@1.caps.manaRegen
unit	Workspace tests (vitest, coverage beacons on)	2026-09-08T17:42:30.4762483Z              1/1     100.0%  field:config#config.stat-caps@1.caps.maxHealth
unit	Workspace tests (vitest, coverage beacons on)	2026-09-08T17:42:30.4763394Z              1/1     100.0%  field:config#config.stat-caps@1.caps.maxMana
unit	Workspace tests (vitest, coverage beacons on)	2026-09-08T17:42:30.4764443Z              1/1     100.0%  field:config#config.stat-caps@1.caps.mr
unit	Workspace tests (vitest, coverage beacons on)	2026-09-08T17:42:30.4765324Z              1/1     100.0%  field:config#config.stat-caps@1.caps.ms
unit	Workspace tests (vitest, coverage beacons on)	2026-09-08T17:42:30.4766158Z              1/1     100.0%  field:config#config.stat-caps@1.caps.range
unit	Workspace tests (vitest, coverage beacons on)	2026-09-08T17:42:30.4767161Z              1/1     100.0%  field:config#config.stat-normalization@1.bandsByScale.range
unit	Workspace tests (vitest, coverage beacons on)	2026-09-08T17:42:30.4768694Z              1/1     100.0%  field:config#config.stat-normalization@1.byOrigin.ad.坦克
unit	Workspace tests (vitest, coverage beacons on)	2026-09-08T17:42:30.4770070Z              1/1     100.0%  field:config#config.stat-normalization@1.byOrigin.ad.射手
unit	Workspace tests (vitest, coverage beacons on)	2026-09-08T17:42:30.4771544Z              1/1     100.0%  field:config#config.stat-normalization@1.byOrigin.ad.法刺
unit	Workspace tests (vitest, coverage beacons on)	2026-09-08T17:42:30.4772642Z              1/1     100.0%  field:config#config.stat-normalization@1.byOrigin.ad.法師
unit	Workspace tests (vitest, coverage beacons on)	2026-09-08T17:42:30.4773841Z              1/1     100.0%  field:config#config.stat-normalization@1.byOrigin.ad.法鬥
unit	Workspace tests (vitest, coverage beacons on)	2026-09-08T17:42:30.4775289Z              1/1     100.0%  field:config#config.stat-normalization@1.byOrigin.ad.狂戰
unit	Workspace tests (vitest, coverage beacons on)	2026-09-08T17:42:30.4776500Z              1/1     100.0%  field:config#config.stat-normalization@1.byOrigin.ad.砲手
unit	Workspace tests (vitest, coverage beacons on)	2026-09-08T17:42:30.4777702Z              1/1     100.0%  field:config#config.stat-normalization@1.byOrigin.ad.硬輔
unit	Workspace tests (vitest, coverage beacons on)	2026-09-08T17:42:30.4778898Z              1/1     100.0%  field:config#config.stat-normalization@1.byOrigin.ad.軟輔
unit	Workspace tests (vitest, coverage beacons on)	2026-09-08T17:42:30.4780051Z              1/1     100.0%  field:config#config.stat-normalization@1.byOrigin.ad.鬥士
unit	Workspace tests (vitest, coverage beacons on)	2026-09-08T17:42:30.4781178Z              1/1     100.0%  field:config#config.stat-normalization@1.byOrigin.ap.坦克
unit	Workspace tests (vitest, coverage beacons on)	2026-09-08T17:42:30.4782183Z              1/1     100.0%  field:config#config.stat-normalization@1.byOrigin.ap.射手
unit	Workspace tests (vitest, coverage beacons on)	2026-09-08T17:42:30.4782986Z              1/1     100.0%  field:config#config.stat-normalization@1.byOrigin.ap.法刺
unit	Workspace tests (vitest, coverage beacons on)	2026-09-08T17:42:30.4784246Z              1/1     100.0%  field:config#config.stat-normalization@1.byOrigin.ap.法師
unit	Workspace tests (vitest, coverage beacons on)	2026-09-08T17:42:30.4785412Z              1/1     100.0%  field:config#config.stat-normalization@1.byOrigin.ap.法鬥
unit	Workspace tests (vitest, coverage beacons on)	2026-09-08T17:42:30.4786687Z              1/1     100.0%  field:config#config.stat-normalization@1.byOrigin.ap.狂戰
unit	Workspace tests (vitest, coverage beacons on)	2026-09-08T17:42:30.4787964Z              1/1     100.0%  field:config#config.stat-normalization@1.byOrigin.ap.砲手
unit	Workspace tests (vitest, coverage beacons on)	2026-09-08T17:42:30.4789217Z              1/1     100.0%  field:config#config.stat-normalization@1.byOrigin.ap.硬輔
unit	Workspace tests (vitest, coverage beacons on)	2026-09-08T17:42:30.4790364Z              1/1     100.0%  field:config#config.stat-normalization@1.byOrigin.ap.軟輔
unit	Workspace tests (vitest, coverage beacons on)	2026-09-08T17:42:30.4791512Z              1/1     100.0%  field:config#config.stat-normalization@1.byOrigin.ap.鬥士
unit	Workspace tests (vitest, coverage beacons on)	2026-09-08T17:42:30.4792742Z              1/1     100.0%  field:config#config.stat-normalization@1.byOrigin.armor.坦克
unit	Workspace tests (vitest, coverage beacons on)	2026-09-08T17:42:30.4794135Z              1/1     100.0%  field:config#config.stat-normalization@1.byOrigin.armor.射手
unit	Workspace tests (vitest, coverage beacons on)	2026-09-08T17:42:30.4795389Z              1/1     100.0%  field:config#config.stat-normalization@1.byOrigin.armor.法刺
unit	Workspace tests (vitest, coverage beacons on)	2026-09-08T17:42:30.4796619Z              1/1     100.0%  field:config#config.stat-normalization@1.byOrigin.armor.法師
unit	Workspace tests (vitest, coverage beacons on)	2026-09-08T17:42:30.4797557Z              1/1     100.0%  field:config#config.stat-normalization@1.byOrigin.armor.法鬥
unit	Workspace tests (vitest, coverage beacons on)	2026-09-08T17:42:30.4798818Z              1/1     100.0%  field:config#config.stat-normalization@1.byOrigin.armor.狂戰
unit	Workspace tests (vitest, coverage beacons on)	2026-09-08T17:42:30.4800066Z              1/1     100.0%  field:config#config.stat-normalization@1.byOrigin.armor.砲手
unit	Workspace tests (vitest, coverage beacons on)	2026-09-08T17:42:30.4801196Z              1/1     100.0%  field:config#config.stat-normalization@1.byOrigin.armor.硬輔
unit	Workspace tests (vitest, coverage beacons on)	2026-09-08T17:42:30.4802248Z              1/1     100.0%  field:config#config.stat-normalization@1.byOrigin.armor.軟輔
unit	Workspace tests (vitest, coverage beacons on)	2026-09-08T17:42:30.4803509Z              1/1     100.0%  field:config#config.stat-normalization@1.byOrigin.armor.鬥士
unit	Workspace tests (vitest, coverage beacons on)	2026-09-08T17:42:30.4804898Z              1/1     100.0%  field:config#config.stat-normalization@1.byOrigin.as.坦克
unit	Workspace tests (vitest, coverage beacons on)	2026-09-08T17:42:30.4806064Z              1/1     100.0%  field:config#config.stat-normalization@1.byOrigin.as.射手
unit	Workspace tests (vitest, coverage beacons on)	2026-09-08T17:42:30.4807271Z              1/1     100.0%  field:config#config.stat-normalization@1.byOrigin.as.法刺
unit	Workspace tests (vitest, coverage beacons on)	2026-09-08T17:42:30.4808353Z              1/1     100.0%  field:config#config.stat-normalization@1.byOrigin.as.法師
unit	Workspace tests (vitest, coverage beacons on)	2026-09-08T17:42:30.4809418Z              1/1     100.0%  field:config#config.stat-normalization@1.byOrigin.as.法鬥
unit	Workspace tests (vitest, coverage beacons on)	2026-09-08T17:42:30.4810528Z              1/1     100.0%  field:config#config.stat-normalization@1.byOrigin.as.狂戰
unit	Workspace tests (vitest, coverage beacons on)	2026-09-08T17:42:30.4811655Z              1/1     100.0%  field:config#config.stat-normalization@1.byOrigin.as.砲手
unit	Workspace tests (vitest, coverage beacons on)	2026-09-08T17:42:30.4813063Z              1/1     100.0%  field:config#config.stat-normalization@1.byOrigin.as.硬輔
unit	Workspace tests (vitest, coverage beacons on)	2026-09-08T17:42:30.4814446Z              1/1     100.0%  field:config#config.stat-normalization@1.byOrigin.as.軟輔
unit	Workspace tests (vitest, coverage beacons on)	2026-09-08T17:42:30.4815605Z              1/1     100.0%  field:config#config.stat-normalization@1.byOrigin.as.鬥士
unit	Workspace tests (vitest, coverage beacons on)	2026-09-08T17:42:30.4816836Z              1/1     100.0%  field:config#config.stat-normalization@1.byOrigin.healthRegen.坦克
unit	Workspace tests (vitest, coverage beacons on)	2026-09-08T17:42:30.4818171Z              1/1     100.0%  field:config#config.stat-normalization@1.byOrigin.healthRegen.射手
unit	Workspace tests (vitest, coverage beacons on)	2026-09-08T17:42:30.4819919Z              1/1     100.0%  field:config#config.stat-normalization@1.byOrigin.healthRegen.法刺
unit	Workspace tests (vitest, coverage beacons on)	2026-09-08T17:42:30.4821329Z              1/1     100.0%  field:config#config.stat-normalization@1.byOrigin.healthRegen.法師
unit	Workspace tests (vitest, coverage beacons on)	2026-09-08T17:42:30.4822654Z              1/1     100.0%  field:config#config.stat-normalization@1.byOrigin.healthRegen.法鬥
unit	Workspace tests (vitest, coverage beacons on)	2026-09-08T17:42:30.4824191Z              1/1     100.0%  field:config#config.stat-normalization@1.byOrigin.healthRegen.狂戰
unit	Workspace tests (vitest, coverage beacons on)	2026-09-08T17:42:30.4825489Z              1/1     100.0%  field:config#config.stat-normalization@1.byOrigin.healthRegen.砲手
unit	Workspace tests (vitest, coverage beacons on)	2026-09-08T17:42:30.4826866Z              1/1     100.0%  field:config#config.stat-normalization@1.byOrigin.healthRegen.硬輔
unit	Workspace tests (vitest, coverage beacons on)	2026-09-08T17:42:30.4828083Z              1/1     100.0%  field:config#config.stat-normalization@1.byOrigin.healthRegen.軟輔
unit	Workspace tests (vitest, coverage beacons on)	2026-09-08T17:42:30.4829483Z              1/1     100.0%  field:config#config.stat-normalization@1.byOrigin.healthRegen.鬥士
unit	Workspace tests (vitest, coverage beacons on)	2026-09-08T17:42:30.4830839Z              1/1     100.0%  field:config#config.stat-normalization@1.byOrigin.manaRegen.坦克
unit	Workspace tests (vitest, coverage beacons on)	2026-09-08T17:42:30.4832165Z              1/1     100.0%  field:config#config.stat-normalization@1.byOrigin.manaRegen.射手
unit	Workspace tests (vitest, coverage beacons on)	2026-09-08T17:42:30.4833414Z              1/1     100.0%  field:config#config.stat-normalization@1.byOrigin.manaRegen.法刺
unit	Workspace tests (vitest, coverage beacons on)	2026-09-08T17:42:30.4834803Z              1/1     100.0%  field:config#config.stat-normalization@1.byOrigin.manaRegen.法師
unit	Workspace tests (vitest, coverage beacons on)	2026-09-08T17:42:30.4836372Z              1/1     100.0%  field:config#config.stat-normalization@1.byOrigin.manaRegen.法鬥
unit	Workspace tests (vitest, coverage beacons on)	2026-09-08T17:42:30.4837558Z              1/1     100.0%  field:config#config.stat-normalization@1.byOrigin.manaRegen.狂戰
unit	Workspace tests (vitest, coverage beacons on)	2026-09-08T17:42:30.4838832Z              1/1     100.0%  field:config#config.stat-normalization@1.byOrigin.manaRegen.砲手
unit	Workspace tests (vitest, coverage beacons on)	2026-09-08T17:42:30.4840158Z              1/1     100.0%  field:config#config.stat-normalization@1.byOrigin.manaRegen.硬輔
unit	Workspace tests (vitest, coverage beacons on)	2026-09-08T17:42:30.4841467Z              1/1     100.0%  field:config#config.stat-normalization@1.byOrigin.manaRegen.軟輔
unit	Workspace tests (vitest, coverage beacons on)	2026-09-08T17:42:30.4842791Z              1/1     100.0%  field:config#config.stat-normalization@1.byOrigin.manaRegen.鬥士
unit	Workspace tests (vitest, coverage beacons on)	2026-09-08T17:42:30.4844340Z              1/1     100.0%  field:config#config.stat-normalization@1.byOrigin.maxHealth.坦克
unit	Workspace tests (vitest, coverage beacons on)	2026-09-08T17:42:30.4845647Z              1/1     100.0%  field:config#config.stat-normalization@1.byOrigin.maxHealth.射手
unit	Workspace tests (vitest, coverage beacons on)	2026-09-08T17:42:30.4847033Z              1/1     100.0%  field:config#config.stat-normalization@1.byOrigin.maxHealth.法刺
unit	Workspace tests (vitest, coverage beacons on)	2026-09-08T17:42:30.4848641Z              1/1     100.0%  field:config#config.stat-normalization@1.byOrigin.maxHealth.法師
unit	Workspace tests (vitest, coverage beacons on)	2026-09-08T17:42:30.4850014Z              1/1     100.0%  field:config#config.stat-normalization@1.byOrigin.maxHealth.法鬥
unit	Workspace tests (vitest, coverage beacons on)	2026-09-08T17:42:30.4851323Z              1/1     100.0%  field:config#config.stat-normalization@1.byOrigin.maxHealth.狂戰
unit	Workspace tests (vitest, coverage beacons on)	2026-09-08T17:42:30.4852510Z              1/1     100.0%  field:config#config.stat-normalization@1.byOrigin.maxHealth.砲手
unit	Workspace tests (vitest, coverage beacons on)	2026-09-08T17:42:30.4853825Z              1/1     100.0%  field:config#config.stat-normalization@1.byOrigin.maxHealth.硬輔
unit	Workspace tests (vitest, coverage beacons on)	2026-09-08T17:42:30.4855314Z              1/1     100.0%  field:config#config.stat-normalization@1.byOrigin.maxHealth.軟輔
unit	Workspace tests (vitest, coverage beacons on)	2026-09-08T17:42:30.4856634Z              1/1     100.0%  field:config#config.stat-normalization@1.byOrigin.maxHealth.鬥士
unit	Workspace tests (vitest, coverage beacons on)	2026-09-08T17:42:30.4857953Z              1/1     100.0%  field:config#config.stat-normalization@1.byOrigin.maxMana.坦克
unit	Workspace tests (vitest, coverage beacons on)	2026-09-08T17:42:30.4859326Z              1/1     100.0%  field:config#config.stat-normalization@1.byOrigin.maxMana.射手
unit	Workspace tests (vitest, coverage beacons on)	2026-09-08T17:42:30.4860974Z              1/1     100.0%  field:config#config.stat-normalization@1.byOrigin.maxMana.法刺
unit	Workspace tests (vitest, coverage beacons on)	2026-09-08T17:42:30.4862180Z              1/1     100.0%  field:config#config.stat-normalization@1.byOrigin.maxMana.法師
unit	Workspace tests (vitest, coverage beacons on)	2026-09-08T17:42:30.4863331Z              1/1     100.0%  field:config#config.stat-normalization@1.byOrigin.maxMana.法鬥
unit	Workspace tests (vitest, coverage beacons on)	2026-09-08T17:42:30.4864714Z              1/1     100.0%  field:config#config.stat-normalization@1.byOrigin.maxMana.狂戰
unit	Workspace tests (vitest, coverage beacons on)	2026-09-08T17:42:30.4866059Z              1/1     100.0%  field:config#config.stat-normalization@1.byOrigin.maxMana.砲手
unit	Workspace tests (vitest, coverage beacons on)	2026-09-08T17:42:30.4867318Z              1/1     100.0%  field:config#config.stat-normalization@1.byOrigin.maxMana.硬輔
unit	Workspace tests (vitest, coverage beacons on)	2026-09-08T17:42:30.4868505Z              1/1     100.0%  field:config#config.stat-normalization@1.byOrigin.maxMana.軟輔
unit	Workspace tests (vitest, coverage beacons on)	2026-09-08T17:42:30.4869756Z              1/1     100.0%  field:config#config.stat-normalization@1.byOrigin.maxMana.鬥士
unit	Workspace tests (vitest, coverage beacons on)	2026-09-08T17:42:30.4871286Z              1/1     100.0%  field:config#config.stat-normalization@1.byOrigin.mr.坦克
unit	Workspace tests (vitest, coverage beacons on)	2026-09-08T17:42:30.4872427Z              1/1     100.0%  field:config#config.stat-normalization@1.byOrigin.mr.射手
unit	Workspace tests (vitest, coverage beacons on)	2026-09-08T17:42:30.4873574Z              1/1     100.0%  field:config#config.stat-normalization@1.byOrigin.mr.法刺
unit	Workspace tests (vitest, coverage beacons on)	2026-09-08T17:42:30.4874924Z              1/1     100.0%  field:config#config.stat-normalization@1.byOrigin.mr.法師
unit	Workspace tests (vitest, coverage beacons on)	2026-09-08T17:42:30.4876147Z              1/1     100.0%  field:config#config.stat-normalization@1.byOrigin.mr.法鬥
unit	Workspace tests (vitest, coverage beacons on)	2026-09-08T17:42:30.4877370Z              1/1     100.0%  field:config#config.stat-normalization@1.byOrigin.mr.狂戰
unit	Workspace tests (vitest, coverage beacons on)	2026-09-08T17:42:30.4878483Z              1/1     100.0%  field:config#config.stat-normalization@1.byOrigin.mr.砲手
unit	Workspace tests (vitest, coverage beacons on)	2026-09-08T17:42:30.4879641Z              1/1     100.0%  field:config#config.stat-normalization@1.byOrigin.mr.硬輔
unit	Workspace tests (vitest, coverage beacons on)	2026-09-08T17:42:30.4880764Z              1/1     100.0%  field:config#config.stat-normalization@1.byOrigin.mr.軟輔
unit	Workspace tests (vitest, coverage beacons on)	2026-09-08T17:42:30.4881937Z              1/1     100.0%  field:config#config.stat-normalization@1.byOrigin.mr.鬥士
unit	Workspace tests (vitest, coverage beacons on)	2026-09-08T17:42:30.4883071Z              1/1     100.0%  field:config#config.stat-normalization@1.byOrigin.ms.坦克
unit	Workspace tests (vitest, coverage beacons on)	2026-09-08T17:42:30.4884911Z              1/1     100.0%  field:config#config.stat-normalization@1.byOrigin.ms.射手
unit	Workspace tests (vitest, coverage beacons on)	2026-09-08T17:42:30.4886084Z              1/1     100.0%  field:config#config.stat-normalization@1.byOrigin.ms.法刺
unit	Workspace tests (vitest, coverage beacons on)	2026-09-08T17:42:30.4887454Z              1/1     100.0%  field:config#config.stat-normalization@1.byOrigin.ms.法師
unit	Workspace tests (vitest, coverage beacons on)	2026-09-08T17:42:30.4888653Z              1/1     100.0%  field:config#config.stat-normalization@1.byOrigin.ms.法鬥
unit	Workspace tests (vitest, coverage beacons on)	2026-09-08T17:42:30.4889838Z              1/1     100.0%  field:config#config.stat-normalization@1.byOrigin.ms.狂戰
unit	Workspace tests (vitest, coverage beacons on)	2026-09-08T17:42:30.4890916Z              1/1     100.0%  field:config#config.stat-normalization@1.byOrigin.ms.砲手
unit	Workspace tests (vitest, coverage beacons on)	2026-09-08T17:42:30.4892062Z              1/1     100.0%  field:config#config.stat-normalization@1.byOrigin.ms.硬輔
unit	Workspace tests (vitest, coverage beacons on)	2026-09-08T17:42:30.4893515Z              1/1     100.0%  field:config#config.stat-normalization@1.byOrigin.ms.軟輔
unit	Workspace tests (vitest, coverage beacons on)	2026-09-08T17:42:30.4894876Z              1/1     100.0%  field:config#config.stat-normalization@1.byOrigin.ms.鬥士
unit	Workspace tests (vitest, coverage beacons on)	2026-09-08T17:42:30.4896003Z              1/1     100.0%  field:config#config.stat-normalization@1.byOrigin.range.坦克
unit	Workspace tests (vitest, coverage beacons on)	2026-09-08T17:42:30.4897137Z              1/1     100.0%  field:config#config.stat-normalization@1.byOrigin.range.射手
unit	Workspace tests (vitest, coverage beacons on)	2026-09-08T17:42:30.4898356Z              1/1     100.0%  field:config#config.stat-normalization@1.byOrigin.range.法刺
unit	Workspace tests (vitest, coverage beacons on)	2026-09-08T17:42:30.4899469Z              1/1     100.0%  field:config#config.stat-normalization@1.byOrigin.range.法師
unit	Workspace tests (vitest, coverage beacons on)	2026-09-08T17:42:30.4900594Z              1/1     100.0%  field:config#config.stat-normalization@1.byOrigin.range.法鬥
unit	Workspace tests (vitest, coverage beacons on)	2026-09-08T17:42:30.4901751Z              1/1     100.0%  field:config#config.stat-normalization@1.byOrigin.range.狂戰
unit	Workspace tests (vitest, coverage beacons on)	2026-09-08T17:42:30.4903006Z              1/1     100.0%  field:config#config.stat-normalization@1.byOrigin.range.砲手
unit	Workspace tests (vitest, coverage beacons on)	2026-09-08T17:42:30.4904406Z              1/1     100.0%  field:config#config.stat-normalization@1.byOrigin.range.硬輔
unit	Workspace tests (vitest, coverage beacons on)	2026-09-08T17:42:30.4905614Z              1/1     100.0%  field:config#config.stat-normalization@1.byOrigin.range.軟輔
unit	Workspace tests (vitest, coverage beacons on)	2026-09-08T17:42:30.4906823Z              1/1     100.0%  field:config#config.stat-normalization@1.byOrigin.range.鬥士
unit	Workspace tests (vitest, coverage beacons on)	2026-09-08T17:42:30.4907865Z              1/1     100.0%  field:config#config.stat-normalization@1.note
unit	Workspace tests (vitest, coverage beacons on)	2026-09-08T17:42:30.4908907Z              1/1     100.0%  field:config#config.stat-normalization@1.roleFromOrigin
unit	Workspace tests (vitest, coverage beacons on)	2026-09-08T17:42:30.4909991Z              1/1     100.0%  field:config#config.stat-normalization@1.scaleByOrigin.range
unit	Workspace tests (vitest, coverage beacons on)	2026-09-08T17:42:30.4911346Z              1/1     100.0%  field:config#config.stat-normalization@1.scaleByOrigin.range.坦克
unit	Workspace tests (vitest, coverage beacons on)	2026-09-08T17:42:30.4912631Z              1/1     100.0%  field:config#config.stat-normalization@1.scaleByOrigin.range.射手
unit	Workspace tests (vitest, coverage beacons on)	2026-09-08T17:42:30.4914263Z              1/1     100.0%  field:config#config.stat-normalization@1.scaleByOrigin.range.法刺
unit	Workspace tests (vitest, coverage beacons on)	2026-09-08T17:42:30.4915605Z              1/1     100.0%  field:config#config.stat-normalization@1.scaleByOrigin.range.法師
unit	Workspace tests (vitest, coverage beacons on)	2026-09-08T17:42:30.4916889Z              1/1     100.0%  field:config#config.stat-normalization@1.scaleByOrigin.range.法鬥
unit	Workspace tests (vitest, coverage beacons on)	2026-09-08T17:42:30.4918199Z              1/1     100.0%  field:config#config.stat-normalization@1.scaleByOrigin.range.狂戰
unit	Workspace tests (vitest, coverage beacons on)	2026-09-08T17:42:30.4919422Z              1/1     100.0%  field:config#config.stat-normalization@1.scaleByOrigin.range.砲手
unit	Workspace tests (vitest, coverage beacons on)	2026-09-08T17:42:30.4920684Z              1/1     100.0%  field:config#config.stat-normalization@1.scaleByOrigin.range.硬輔
unit	Workspace tests (vitest, coverage beacons on)	2026-09-08T17:42:30.4922034Z              1/1     100.0%  field:config#config.stat-normalization@1.scaleByOrigin.range.軟輔
unit	Workspace tests (vitest, coverage beacons on)	2026-09-08T17:42:30.4923300Z              1/1     100.0%  field:config#config.stat-normalization@1.scaleByOrigin.range.鬥士
unit	Workspace tests (vitest, coverage beacons on)	2026-09-08T17:42:30.4924740Z              1/1     100.0%  field:config#config.stat-normalization@1.transformInheritsOrigin
unit	Workspace tests (vitest, coverage beacons on)	2026-09-08T17:42:30.4925753Z              1/1     100.0%  field:config#config.stealth@1.note
unit	Workspace tests (vitest, coverage beacons on)	2026-09-08T17:42:30.4926677Z              1/1     100.0%  field:config#config.store@1.crystalRewards
unit	Workspace tests (vitest, coverage beacons on)	2026-09-08T17:42:30.4927662Z              1/1     100.0%  field:config#config.store@1.crystalRewards.base
unit	Workspace tests (vitest, coverage beacons on)	2026-09-08T17:42:30.4928793Z              1/1     100.0%  field:config#config.store@1.crystalRewards.maxMultiplier
unit	Workspace tests (vitest, coverage beacons on)	2026-09-08T17:42:30.4929911Z              1/1     100.0%  field:config#config.store@1.crystalRewards.minHumans
unit	Workspace tests (vitest, coverage beacons on)	2026-09-08T17:42:30.4930917Z              1/1     100.0%  field:config#config.store@1.crystalRewards.offset
unit	Workspace tests (vitest, coverage beacons on)	2026-09-08T17:42:30.4931862Z              1/1     100.0%  field:config#config.store@1.randomPickOwnership
unit	Workspace tests (vitest, coverage beacons on)	2026-09-08T17:42:30.4932675Z              1/1     100.0%  field:config#config.taunt@1.note
unit	Workspace tests (vitest, coverage beacons on)	2026-09-08T17:42:30.4933481Z              1/1     100.0%  field:config#config.toggle-ability@1.note
unit	Workspace tests (vitest, coverage beacons on)	2026-09-08T17:42:30.4934736Z              1/1     100.0%  field:config#config.ugc@1.note
unit	Workspace tests (vitest, coverage beacons on)	2026-09-08T17:42:30.4935586Z              1/1     100.0%  field:config#config.ui-cues@1.commsWheel
unit	Workspace tests (vitest, coverage beacons on)	2026-09-08T17:42:30.4936545Z              1/1     100.0%  field:config#config.ui-cues@1.draftShowStatPath
unit	Workspace tests (vitest, coverage beacons on)	2026-09-08T17:42:30.4937520Z              1/1     100.0%  field:config#config.ui-cues@1.lobbyStore
unit	Workspace tests (vitest, coverage beacons on)	2026-09-08T17:42:30.4938543Z              1/1     100.0%  field:config#config.ui-cues@1.lobbyStore.champions
unit	Workspace tests (vitest, coverage beacons on)	2026-09-08T17:42:30.4939472Z              1/1     100.0%  field:config#config.ui-cues@1.lobbyStore.skins
unit	Workspace tests (vitest, coverage beacons on)	2026-09-08T17:42:30.4940460Z              1/1     100.0%  field:config#config.ui-cues@1.mouseTwoStageCast
unit	Workspace tests (vitest, coverage beacons on)	2026-09-08T17:42:30.4941400Z              1/1     100.0%  field:config#config.ui-cues@1.note
unit	Workspace tests (vitest, coverage beacons on)	2026-09-08T17:42:30.4942436Z              1/1     100.0%  field:config#config.ui-cues@1.playerContent
unit	Workspace tests (vitest, coverage beacons on)	2026-09-08T17:42:30.4943342Z              1/1     100.0%  field:config#config.ui-lexicon@1.note
unit	Workspace tests (vitest, coverage beacons on)	2026-09-08T17:42:30.4944509Z              1/1     100.0%  field:config#config.unit-tints@1.transient[].alpha
unit	Workspace tests (vitest, coverage beacons on)	2026-09-08T17:42:30.4945589Z              1/1     100.0%  field:config#config.unit-tints@1.transient[].erasesStaticTint
unit	Workspace tests (vitest, coverage beacons on)	2026-09-08T17:42:30.4946535Z              1/1     100.0%  field:config#config.unit-tints@1.transient[].tint
unit	Workspace tests (vitest, coverage beacons on)	2026-09-08T17:42:30.4947417Z              1/1     100.0%  field:config#config.unit-tints@1.units{}.championId
unit	Workspace tests (vitest, coverage beacons on)	2026-09-08T17:42:30.4948288Z              1/1     100.0%  field:config#config.unit-tints@1.units{}.tint
unit	Workspace tests (vitest, coverage beacons on)	2026-09-08T17:42:30.4949187Z              1/1     100.0%  field:config#config.unsafe-textures@1.note
unit	Workspace tests (vitest, coverage beacons on)	2026-09-08T17:42:30.4950072Z              1/1     100.0%  field:config#config.valhalla-sandbox@1.note
unit	Workspace tests (vitest, coverage beacons on)	2026-09-08T17:42:30.4951031Z              1/1     100.0%  field:config#config.vfx-ability-art@1.bindings{}.family
unit	Workspace tests (vitest, coverage beacons on)	2026-09-08T17:42:30.4952207Z              1/1     100.0%  field:config#config.vfx-ability-art@1.bindings{}.family.anchor
unit	Workspace tests (vitest, coverage beacons on)	2026-09-08T17:42:30.4953491Z              1/1     100.0%  field:config#config.vfx-ability-art@1.bindings{}.family.flyHeight
unit	Workspace tests (vitest, coverage beacons on)	2026-09-08T17:42:30.4955128Z              1/1     100.0%  field:config#config.vfx-ability-art@1.bindings{}.family.paramSource
unit	Workspace tests (vitest, coverage beacons on)	2026-09-08T17:42:30.4956335Z              1/1     100.0%  field:config#config.vfx-ability-art@1.bindings{}.family.scale
unit	Workspace tests (vitest, coverage beacons on)	2026-09-08T17:42:30.4957415Z              1/1     100.0%  field:config#config.vfx-ability-art@1.bindings{}.family.tint
unit	Workspace tests (vitest, coverage beacons on)	2026-09-08T17:42:30.4958386Z              1/1     100.0%  field:config#config.vfx-ability-art@1.bindings{}.owner
unit	Workspace tests (vitest, coverage beacons on)	2026-09-08T17:42:30.4959413Z              1/1     100.0%  field:config#config.vfx-ability-art@1.bindings{}.owner.family
unit	Workspace tests (vitest, coverage beacons on)	2026-09-08T17:42:30.4960421Z              1/1     100.0%  field:config#config.vfx-ability-art@1.bindings{}.prim
unit	Workspace tests (vitest, coverage beacons on)	2026-09-08T17:42:30.4961465Z              1/1     100.0%  field:config#config.vfx-ability-art@1.bindings{}.prim.size
unit	Workspace tests (vitest, coverage beacons on)	2026-09-08T17:42:30.4962550Z              1/1     100.0%  field:config#config.vfx-ability-art@1.bindings{}.promoted
unit	Workspace tests (vitest, coverage beacons on)	2026-09-08T17:42:30.4963725Z              1/1     100.0%  field:config#config.vfx-budget@1.additiveOverflowBrightness
unit	Workspace tests (vitest, coverage beacons on)	2026-09-08T17:42:30.4965047Z              1/1     100.0%  field:config#config.vfx-budget@1.maxConcurrentAdditive
unit	Workspace tests (vitest, coverage beacons on)	2026-09-08T17:42:30.4966010Z              1/1     100.0%  field:config#config.vfx-budget@1.note
unit	Workspace tests (vitest, coverage beacons on)	2026-09-08T17:42:30.4967022Z              1/1     100.0%  field:config#config.vfx-cleanup@1.castMoteEmitShare
unit	Workspace tests (vitest, coverage beacons on)	2026-09-08T17:42:30.4968024Z              1/1     100.0%  field:config#config.vfx-cleanup@1.deathFxBurnSec
unit	Workspace tests (vitest, coverage beacons on)	2026-09-08T17:42:30.4969037Z              1/1     100.0%  field:config#config.vfx-cleanup@1.deathFxCalmScale
unit	Workspace tests (vitest, coverage beacons on)	2026-09-08T17:42:30.4970138Z              1/1     100.0%  field:config#config.vfx-cleanup@1.deathFxRelightOnChannel
unit	Workspace tests (vitest, coverage beacons on)	2026-09-08T17:42:30.4971182Z              1/1     100.0%  field:config#config.vfx-cleanup@1.emitterSweepSec
unit	Workspace tests (vitest, coverage beacons on)	2026-09-08T17:42:30.4972233Z              1/1     100.0%  field:config#config.vfx-cleanup@1.fxTintEmissiveFloor
unit	Workspace tests (vitest, coverage beacons on)	2026-09-08T17:42:30.4973288Z              1/1     100.0%  field:config#config.vfx-cleanup@1.groundTextureCacheMax
unit	Workspace tests (vitest, coverage beacons on)	2026-09-08T17:42:30.4974889Z              1/1     100.0%  field:config#config.vfx-cleanup@1.groundTextureCacheMaxMobile
unit	Workspace tests (vitest, coverage beacons on)	2026-09-08T17:42:30.4976061Z              1/1     100.0%  field:config#config.vfx-cleanup@1.lifecycleGrowthMinDelta
unit	Workspace tests (vitest, coverage beacons on)	2026-09-08T17:42:30.4977048Z              1/1     100.0%  field:config#config.vfx-cleanup@1.lifecycleLedgerEnabled
unit	Workspace tests (vitest, coverage beacons on)	2026-09-08T17:42:30.4978024Z              1/1     100.0%  field:config#config.vfx-cleanup@1.lifecycleMaxAgeSec
unit	Workspace tests (vitest, coverage beacons on)	2026-09-08T17:42:30.4979081Z              1/1     100.0%  field:config#config.vfx-cleanup@1.lifecycleRoundHistory
unit	Workspace tests (vitest, coverage beacons on)	2026-09-08T17:42:30.4980080Z              1/1     100.0%  field:config#config.vfx-cleanup@1.lifecycleSampleSec
unit	Workspace tests (vitest, coverage beacons on)	2026-09-08T17:42:30.4981018Z              1/1     100.0%  field:config#config.vfx-cleanup@1.maxActiveRibbons
unit	Workspace tests (vitest, coverage beacons on)	2026-09-08T17:42:30.4982075Z              1/1     100.0%  field:config#config.vfx-cleanup@1.maxOneShotEmitters
unit	Workspace tests (vitest, coverage beacons on)	2026-09-08T17:42:30.4982601Z              1/1     100.0%  field:config#config.vfx-cleanup@1.note
unit	Workspace tests (vitest, coverage beacons on)	2026-09-08T17:42:30.4983299Z              1/1     100.0%  field:config#config.vfx-cleanup@1.purgeImpactPoolOnRoundEnd
unit	Workspace tests (vitest, coverage beacons on)	2026-09-08T17:42:30.4984175Z              1/1     100.0%  field:config#config.vfx-cleanup@1.purgeVictoryFxOnCombatStart
unit	Workspace tests (vitest, coverage beacons on)	2026-09-08T17:42:30.4984770Z              1/1     100.0%  field:config#config.vfx-cleanup@1.ribbonFadeBudgetSec
unit	Workspace tests (vitest, coverage beacons on)	2026-09-08T17:42:30.4985296Z              1/1     100.0%  field:config#config.vfx-cleanup@1.roundPurgeMode
unit	Workspace tests (vitest, coverage beacons on)	2026-09-08T17:42:30.4985871Z              1/1     100.0%  field:config#config.vfx-cleanup@1.stockGlowAdditive
unit	Workspace tests (vitest, coverage beacons on)	2026-09-08T17:42:30.4986444Z              1/1     100.0%  field:config#config.vfx-cleanup@1.vfxDissipateMaxSec
unit	Workspace tests (vitest, coverage beacons on)	2026-09-08T17:42:30.4987023Z              1/1     100.0%  field:config#config.vfx-cleanup@1.vfxFadeOutMaxSec
unit	Workspace tests (vitest, coverage beacons on)	2026-09-08T17:42:30.4987708Z              1/1     100.0%  field:config#config.vfx-cleanup@1.vfxHardCapExemptPrefixes
unit	Workspace tests (vitest, coverage beacons on)	2026-09-08T17:42:30.4988341Z              1/1     100.0%  field:config#config.vfx-cleanup@1.vfxHardCapScope
unit	Workspace tests (vitest, coverage beacons on)	2026-09-08T17:42:30.4989257Z              1/1     100.0%  field:config#config.vfx-cleanup@1.vfxHardMaxLifeSec
unit	Workspace tests (vitest, coverage beacons on)	2026-09-08T17:42:30.4989959Z              1/1     100.0%  field:config#config.vfx-families@1.abilities{}.anchor
unit	Workspace tests (vitest, coverage beacons on)	2026-09-08T17:42:30.4990650Z              1/1     100.0%  field:config#config.vfx-families@1.abilities{}.family
unit	Workspace tests (vitest, coverage beacons on)	2026-09-08T17:42:30.4991382Z              1/1     100.0%  field:config#config.vfx-families@1.abilities{}.flyHeight
unit	Workspace tests (vitest, coverage beacons on)	2026-09-08T17:42:30.4992095Z              1/1     100.0%  field:config#config.vfx-families@1.abilities{}.pitchDeg
unit	Workspace tests (vitest, coverage beacons on)	2026-09-08T17:42:30.4992757Z              1/1     100.0%  field:config#config.vfx-families@1.abilities{}.soundGain
unit	Workspace tests (vitest, coverage beacons on)	2026-09-08T17:42:30.4993379Z              1/1     100.0%  field:config#config.vfx-families@1.abilities{}.soundImpact
unit	Workspace tests (vitest, coverage beacons on)	2026-09-08T17:42:30.4994196Z              1/1     100.0%  field:config#config.vfx-families@1.abilities{}.soundLaunch
unit	Workspace tests (vitest, coverage beacons on)	2026-09-08T17:42:30.4994762Z              1/1     100.0%  field:config#config.vfx-families@1.abilities{}.tint
unit	Workspace tests (vitest, coverage beacons on)	2026-09-08T17:42:30.4995426Z              1/1     100.0%  field:config#config.vfx-families@1.abilities{}.w3xScale
unit	Workspace tests (vitest, coverage beacons on)	2026-09-08T17:42:30.4996043Z              1/1     100.0%  field:config#config.vfx-families@1.beamAngleDeg
unit	Workspace tests (vitest, coverage beacons on)	2026-09-08T17:42:30.4996624Z              1/1     100.0%  field:config#config.vfx-families@1.beamPitchDeg
unit	Workspace tests (vitest, coverage beacons on)	2026-09-08T17:42:30.4997212Z              1/1     100.0%  field:config#config.vfx-families@1.boltAngleDeg
unit	Workspace tests (vitest, coverage beacons on)	2026-09-08T17:42:30.4997822Z              1/1     100.0%  field:config#config.vfx-families@1.boltPitchDeg
unit	Workspace tests (vitest, coverage beacons on)	2026-09-08T17:42:30.4998396Z              1/1     100.0%  field:config#config.vfx-families@1.castArcs
unit	Workspace tests (vitest, coverage beacons on)	2026-09-08T17:42:30.4998973Z              1/1     100.0%  field:config#config.vfx-families@1.castHeightSource
unit	Workspace tests (vitest, coverage beacons on)	2026-09-08T17:42:30.4999664Z              1/1     100.0%  field:config#config.vfx-families@1.dashAngleDeg
unit	Workspace tests (vitest, coverage beacons on)	2026-09-08T17:42:30.5000305Z              1/1     100.0%  field:config#config.vfx-families@1.dashPitchDeg
unit	Workspace tests (vitest, coverage beacons on)	2026-09-08T17:42:30.5000987Z              1/1     100.0%  field:config#config.vfx-families@1.families{}.groundDecal
unit	Workspace tests (vitest, coverage beacons on)	2026-09-08T17:42:30.5001930Z              1/1     100.0%  field:config#config.vfx-families@1.families{}.soundDissipate
unit	Workspace tests (vitest, coverage beacons on)	2026-09-08T17:42:30.5002662Z              1/1     100.0%  field:config#config.vfx-families@1.families{}.soundImpact
unit	Workspace tests (vitest, coverage beacons on)	2026-09-08T17:42:30.5003322Z              1/1     100.0%  field:config#config.vfx-families@1.families{}.soundLaunch
unit	Workspace tests (vitest, coverage beacons on)	2026-09-08T17:42:30.5003902Z              1/1     100.0%  field:config#config.vfx-families@1.families{}.soundLoop
unit	Workspace tests (vitest, coverage beacons on)	2026-09-08T17:42:30.5004628Z              1/1     100.0%  field:config#config.vfx-families@1.familyPitchDefaults
unit	Workspace tests (vitest, coverage beacons on)	2026-09-08T17:42:30.5005230Z              1/1     100.0%  field:config#config.vfx-families@1.impactRingAlpha
unit	Workspace tests (vitest, coverage beacons on)	2026-09-08T17:42:30.5005875Z              1/1     100.0%  field:config#config.vfx-families@1.impactRingFadePow
unit	Workspace tests (vitest, coverage beacons on)	2026-09-08T17:42:30.5006487Z              1/1     100.0%  field:config#config.vfx-families@1.impactRingLife
unit	Workspace tests (vitest, coverage beacons on)	2026-09-08T17:42:30.5007154Z              1/1     100.0%  field:config#config.vfx-families@1.impactRingMaxLifeSec
unit	Workspace tests (vitest, coverage beacons on)	2026-09-08T17:42:30.5007756Z              1/1     100.0%  field:config#config.vfx-families@1.impactRingRadius
unit	Workspace tests (vitest, coverage beacons on)	2026-09-08T17:42:30.5008418Z              1/1     100.0%  field:config#config.vfx-families@1.impactRingTierSpeed
unit	Workspace tests (vitest, coverage beacons on)	2026-09-08T17:42:30.5009073Z              1/1     100.0%  field:config#config.vfx-families@1.maxAbilityVfxLayers
unit	Workspace tests (vitest, coverage beacons on)	2026-09-08T17:42:30.5009672Z              1/1     100.0%  field:config#config.vfx-families@1.maxConcurrentArcs
unit	Workspace tests (vitest, coverage beacons on)	2026-09-08T17:42:30.5010224Z              1/1     100.0%  field:config#config.vfx-families@1.oneShotMaxLifeSec
unit	Workspace tests (vitest, coverage beacons on)	2026-09-08T17:42:30.5010831Z              1/1     100.0%  field:config#config.vfx-families@1.projectileArtFromDoc
unit	Workspace tests (vitest, coverage beacons on)	2026-09-08T17:42:30.5011477Z              1/1     100.0%  field:config#config.vfx-families@1.projectileFlyHeightY
unit	Workspace tests (vitest, coverage beacons on)	2026-09-08T17:42:30.5012127Z              1/1     100.0%  field:config#config.vfx-families@1.projectileRadiusGain
unit	Workspace tests (vitest, coverage beacons on)	2026-09-08T17:42:30.5012697Z              1/1     100.0%  field:config#config.vfx-families@1.slashAngleDeg
unit	Workspace tests (vitest, coverage beacons on)	2026-09-08T17:42:30.5013690Z              1/1     100.0%  field:config#config.vfx-families@1.slashPitchDeg
unit	Workspace tests (vitest, coverage beacons on)	2026-09-08T17:42:30.5014463Z              1/1     100.0%  field:config#config.vfx-families@1.soundEnabled
unit	Workspace tests (vitest, coverage beacons on)	2026-09-08T17:42:30.5015072Z              1/1     100.0%  field:config#config.vfx-families@1.tornadoAngleDeg
unit	Workspace tests (vitest, coverage beacons on)	2026-09-08T17:42:30.5015654Z              1/1     100.0%  field:config#config.vfx-families@1.tornadoPitchDeg
unit	Workspace tests (vitest, coverage beacons on)	2026-09-08T17:42:30.5016123Z              1/1     100.0%  field:config#config.vfx-scripts@1.note
unit	Workspace tests (vitest, coverage beacons on)	2026-09-08T17:42:30.5016724Z              1/1     100.0%  field:config#config.vfx-scripts@1.yieldDefaultCastFx
unit	Workspace tests (vitest, coverage beacons on)	2026-09-08T17:42:30.5017213Z              1/1     100.0%  field:config#config.victory-fx@1.note
unit	Workspace tests (vitest, coverage beacons on)	2026-09-08T17:42:30.5017746Z              1/1     100.0%  field:config#config.victory-podium@1.note
unit	Workspace tests (vitest, coverage beacons on)	2026-09-08T17:42:30.5018352Z              1/1     100.0%  field:config#config.victory-podium@1.podiumSpacing
unit	Workspace tests (vitest, coverage beacons on)	2026-09-08T17:42:30.5018967Z              1/1     100.0%  field:config#config.victory-podium@1.podiumZoneSource
unit	Workspace tests (vitest, coverage beacons on)	2026-09-08T17:42:30.5019607Z              1/1     100.0%  field:config#config.victory-podium@1.roundCardCollapsed
unit	Workspace tests (vitest, coverage beacons on)	2026-09-08T17:42:30.5020169Z              1/1     100.0%  field:config#config.victory-podium@1.roundPresentSec
unit	Workspace tests (vitest, coverage beacons on)	2026-09-08T17:42:30.5020777Z              1/1     100.0%  field:config#config.victory-taunts@1.roundWin{}.source
unit	Workspace tests (vitest, coverage beacons on)	2026-09-08T17:42:30.5021321Z              1/1     100.0%  field:config#config.voxel-barcodes@1.note
unit	Workspace tests (vitest, coverage beacons on)	2026-09-08T17:42:30.5021879Z              1/1     100.0%  field:config#config.voxel-barcodes@1.slotOrder
unit	Workspace tests (vitest, coverage beacons on)	2026-09-08T17:42:30.5022406Z              1/1     100.0%  field:config#config.voxel-bodies@1.note
unit	Workspace tests (vitest, coverage beacons on)	2026-09-08T17:42:30.5022911Z              1/1     100.0%  field:config#config.voxel-look@1.note
unit	Workspace tests (vitest, coverage beacons on)	2026-09-08T17:42:30.5023391Z              1/1     100.0%  field:config#config.weakness@1.note
unit	Workspace tests (vitest, coverage beacons on)	2026-09-08T17:42:30.5023914Z              1/1     100.0%  field:config#config.weather@1.rainAlpha
unit	Workspace tests (vitest, coverage beacons on)	2026-09-08T17:42:30.5024724Z              1/1     100.0%  field:config#config.weather@1.rainChance
unit	Workspace tests (vitest, coverage beacons on)	2026-09-08T17:42:30.5025286Z              1/1     100.0%  field:config#config.weather@1.rainDropsAtFull
unit	Workspace tests (vitest, coverage beacons on)	2026-09-08T17:42:30.5025803Z              1/1     100.0%  field:config#config.weather@1.rainEnabled
unit	Workspace tests (vitest, coverage beacons on)	2026-09-08T17:42:30.5026363Z              1/1     100.0%  field:config#config.weather@1.rainFallSpeed
unit	Workspace tests (vitest, coverage beacons on)	2026-09-08T17:42:30.5026889Z              1/1     100.0%  field:config#config.weather@1.rainStreak
unit	Workspace tests (vitest, coverage beacons on)	2026-09-08T17:42:30.5027447Z              1/1     100.0%  field:config#config.weather@1.rainTiltDeg
unit	Workspace tests (vitest, coverage beacons on)	2026-09-08T17:42:30.5027984Z              1/1     100.0%  field:config#config.world-cues@1.hud
unit	Workspace tests (vitest, coverage beacons on)	2026-09-08T17:42:30.5028493Z              1/1     100.0%  field:config#config.world-cues@1.note
unit	Workspace tests (vitest, coverage beacons on)	2026-09-08T17:42:30.5029082Z              1/1     100.0%  field:config#config.world-cues@1.zoneIsolation
unit	Workspace tests (vitest, coverage beacons on)	2026-09-08T17:42:30.5029615Z              1/1     100.0%  field:config#config.wounds@1.note
unit	Workspace tests (vitest, coverage beacons on)	2026-09-08T17:42:30.5030220Z              1/1     100.0%  field:config#config@1.economy.assistWindowTicks
unit	Workspace tests (vitest, coverage beacons on)	2026-09-08T17:42:30.5030841Z              1/1     100.0%  field:config#config@1.economy.capstoneRoundGate
unit	Workspace tests (vitest, coverage beacons on)	2026-09-08T17:42:30.5031394Z              1/1     100.0%  field:config#config@1.economy.killBounty
unit	Workspace tests (vitest, coverage beacons on)	2026-09-08T17:42:30.5031987Z              1/1     100.0%  field:config#config@1.economy.legendaryOrbPrice
unit	Workspace tests (vitest, coverage beacons on)	2026-09-08T17:42:30.5032480Z              1/1     100.0%  field:config#config@1.economy.statTickPrice
unit	Workspace tests (vitest, coverage beacons on)	2026-09-08T17:42:30.5033012Z              1/1     100.0%  field:config#config@1.economy.statTickTarget
unit	Workspace tests (vitest, coverage beacons on)	2026-09-08T17:42:30.5033637Z              1/1     100.0%  field:config#config@1.match.champSelectEarlyStartVsBot
unit	Workspace tests (vitest, coverage beacons on)	2026-09-08T17:42:30.5034572Z              1/1     100.0%  field:config#config@1.match.champSelectSecVsBot
unit	Workspace tests (vitest, coverage beacons on)	2026-09-08T17:42:30.5035189Z              1/1     100.0%  field:config#config@1.match.championLockEnforced
unit	Workspace tests (vitest, coverage beacons on)	2026-09-08T17:42:30.5035815Z              1/1     100.0%  field:config#config@1.match.disposeEmptyChampSelect
unit	Workspace tests (vitest, coverage beacons on)	2026-09-08T17:42:30.5036540Z              1/1     100.0%  field:config#config@1.match.fireRing
unit	Workspace tests (vitest, coverage beacons on)	2026-09-08T17:42:30.5037076Z              1/1     100.0%  field:config#config@1.match.fireRing.boss
unit	Workspace tests (vitest, coverage beacons on)	2026-09-08T17:42:30.5037795Z              1/1     100.0%  field:config#config@1.match.fireRing.boss.delayFireRingSec
unit	Workspace tests (vitest, coverage beacons on)	2026-09-08T17:42:30.5038485Z              1/1     100.0%  field:config#config@1.match.fireRing.boss.extendCombatSec
unit	Workspace tests (vitest, coverage beacons on)	2026-09-08T17:42:30.5039064Z              1/1     100.0%  field:config#config@1.match.fireRing.burnCurve
unit	Workspace tests (vitest, coverage beacons on)	2026-09-08T17:42:30.5039725Z              1/1     100.0%  field:config#config@1.match.fireRing.lethalSaveApplies
unit	Workspace tests (vitest, coverage beacons on)	2026-09-08T17:42:30.5040323Z              1/1     100.0%  field:config#config@1.match.fireRing.maxPctPerSec
unit	Workspace tests (vitest, coverage beacons on)	2026-09-08T17:42:30.5040880Z              1/1     100.0%  field:config#config@1.match.fireRing.minRadius
unit	Workspace tests (vitest, coverage beacons on)	2026-09-08T17:42:30.5041532Z              1/1     100.0%  field:config#config@1.match.fireRing.roundHardCapSec
unit	Workspace tests (vitest, coverage beacons on)	2026-09-08T17:42:30.5042107Z              1/1     100.0%  field:config#config@1.match.fireRing.shrinkSec
unit	Workspace tests (vitest, coverage beacons on)	2026-09-08T17:42:30.5042737Z              1/1     100.0%  field:config#config@1.match.fireRing.stage1Radius
unit	Workspace tests (vitest, coverage beacons on)	2026-09-08T17:42:30.5043376Z              1/1     100.0%  field:config#config@1.match.fireRing.stage2ShrinkSec
unit	Workspace tests (vitest, coverage beacons on)	2026-09-08T17:42:30.5043898Z              1/1     100.0%  field:config#config@1.match.fireRing.stage2StartSec
unit	Workspace tests (vitest, coverage beacons on)	2026-09-08T17:42:30.5044608Z              1/1     100.0%  field:config#config@1.match.forceSettleVsBot
unit	Workspace tests (vitest, coverage beacons on)	2026-09-08T17:42:30.5045255Z              1/1     100.0%  field:config#config@1.match.intermissionEarlyStartVsBot
unit	Workspace tests (vitest, coverage beacons on)	2026-09-08T17:42:30.5045786Z              1/1     100.0%  field:config#config@1.match.maxRounds
unit	Workspace tests (vitest, coverage beacons on)	2026-09-08T17:42:30.5046366Z              1/1     100.0%  field:config#config@1.match.roomCombatCapEnabled
unit	Workspace tests (vitest, coverage beacons on)	2026-09-08T17:42:30.5046918Z              1/1     100.0%  field:config#config@1.match.roomCombatMaxSec
unit	Workspace tests (vitest, coverage beacons on)	2026-09-08T17:42:30.5047500Z              1/1     100.0%  field:config#config@1.match.scoreCheatedMatches
unit	Workspace tests (vitest, coverage beacons on)	2026-09-08T17:42:30.5048370Z              1/1     100.0%  field:config#config@1.match.settlementCardOnHealthSpent
unit	Workspace tests (vitest, coverage beacons on)	2026-09-08T17:42:30.5048969Z              1/1     100.0%  field:config#config@1.progression.heroStartLevel
unit	Workspace tests (vitest, coverage beacons on)	2026-09-08T17:42:30.5049707Z              1/1     100.0%  field:config#config@1.progression.roundGrantKeepsRemainder
unit	Workspace tests (vitest, coverage beacons on)	2026-09-08T17:42:30.5050177Z              1/1     100.0%  field:config#config@1.rating
unit	Workspace tests (vitest, coverage beacons on)	2026-09-08T17:42:30.5050783Z              1/1     100.0%  field:config#config@1.rating.ccTicks
unit	Workspace tests (vitest, coverage beacons on)	2026-09-08T17:42:30.5051285Z              1/1     100.0%  field:config#config@1.rating.damage
unit	Workspace tests (vitest, coverage beacons on)	2026-09-08T17:42:30.5051703Z              1/1     100.0%  field:config#config@1.rating.healed
unit	Workspace tests (vitest, coverage beacons on)	2026-09-08T17:42:30.5052026Z              1/1     100.0%  field:config#config@1.rating.kda
unit	Workspace tests (vitest, coverage beacons on)	2026-09-08T17:42:30.5052417Z              1/1     100.0%  field:config#config@1.rating.killParticipation
unit	Workspace tests (vitest, coverage beacons on)	2026-09-08T17:42:30.5052815Z              1/1     100.0%  field:config#config@1.rating.objectives
unit	Workspace tests (vitest, coverage beacons on)	2026-09-08T17:42:30.5053320Z              1/1     100.0%  field:config#config@1.rating.rescues
unit	Workspace tests (vitest, coverage beacons on)	2026-09-08T17:42:30.5053820Z              1/1     100.0%  field:config#config@1.rating.tanked
unit	Workspace tests (vitest, coverage beacons on)	2026-09-08T17:42:30.5054479Z              1/4      25.0%  field:items.auras[].scaleByNearby
unit	Workspace tests (vitest, coverage beacons on)	2026-09-08T17:42:30.5054916Z              1/142     0.7%  field:items.critStrike
unit	Workspace tests (vitest, coverage beacons on)	2026-09-08T17:42:30.5055418Z              1/86      1.2%  field:items.modifiers[].fromResource
unit	Workspace tests (vitest, coverage beacons on)	2026-09-08T17:42:30.5055909Z              1/86      1.2%  field:items.modifiers[].requires
unit	Workspace tests (vitest, coverage beacons on)	2026-09-08T17:42:30.5056439Z              1/5      20.0%  field:items.modifiers[].requires.mismatchScale
unit	Workspace tests (vitest, coverage beacons on)	2026-09-08T17:42:30.5056872Z              1/77      1.3%  field:items.passive[].chanceFrom
unit	Workspace tests (vitest, coverage beacons on)	2026-09-08T17:42:30.5057258Z              1/142     0.7%  field:items.penetration
unit	Workspace tests (vitest, coverage beacons on)	2026-09-08T17:42:30.5057692Z              1/142     0.7%  field:items.typeStreakImmunity
unit	Workspace tests (vitest, coverage beacons on)	2026-09-08T17:42:30.5058051Z              1/7      14.3%  field:maps.note
unit	Workspace tests (vitest, coverage beacons on)	2026-09-08T17:42:30.5058555Z              1/7      14.3%  field:projectiles.flight.pitchDeg
unit	Workspace tests (vitest, coverage beacons on)	2026-09-08T17:42:30.5059228Z              1/6      16.7%  field:vfx#attachment@1.anim
unit	Workspace tests (vitest, coverage beacons on)	2026-09-08T17:42:30.5059695Z              1/6      16.7%  field:vfx#attachment@1.animLoop
unit	Workspace tests (vitest, coverage beacons on)	2026-09-08T17:42:30.5060146Z              1/6      16.7%  field:vfx#attachment@1.follow
unit	Workspace tests (vitest, coverage beacons on)	2026-09-08T17:42:30.5060597Z              1/6      16.7%  field:vfx#attachment@1.offsetY
unit	Workspace tests (vitest, coverage beacons on)	2026-09-08T17:42:30.5061047Z              1/67      1.5%  field:vfx#ribbon@1.uvScrollPerSec
unit	Workspace tests (vitest, coverage beacons on)	2026-09-08T17:42:30.5061468Z              1/629     0.2%  field:vfx#vfx@1.gore
unit	Workspace tests (vitest, coverage beacons on)	2026-09-08T17:42:30.5061872Z              1/629     0.2%  field:vfx#vfx@1.tracks
unit	Workspace tests (vitest, coverage beacons on)	2026-09-08T17:42:30.5062310Z              1/1     100.0%  field:vfx#vfx@1.tracks.*.interp
unit	Workspace tests (vitest, coverage beacons on)	2026-09-08T17:42:30.5062721Z              1/1     100.0%  field:vfx#vfx@1.tracks.emission
unit	Workspace tests (vitest, coverage beacons on)	2026-09-08T17:42:30.5063341Z              1/3      33.3%  field:vfx-scripts.segments[]|1#floatingText.riseSpeed
unit	Workspace tests (vitest, coverage beacons on)	2026-09-08T17:42:30.5063926Z              1/9      11.1%  field:vfx-scripts.segments[]|1#modelFx.heightKeys
unit	Workspace tests (vitest, coverage beacons on)	2026-09-08T17:42:30.5064633Z              1/4      25.0%  field:vfx-subtypes.params{}.values
unit	Workspace tests (vitest, coverage beacons on)	2026-09-08T17:42:30.5065207Z              2/10     20.0%  field:abilities.augment.targets[].ops[].nodeKind
unit	Workspace tests (vitest, coverage beacons on)	2026-09-08T17:42:30.5065658Z              2/421     0.5%  field:abilities.castTimeTier
unit	Workspace tests (vitest, coverage beacons on)	2026-09-08T17:42:30.5066286Z              2/10     20.0%  field:abilities.effects[]#applyBuff.block.lethalBasis
unit	Workspace tests (vitest, coverage beacons on)	2026-09-08T17:42:30.5066865Z              2/10     20.0%  field:abilities.effects[]#applyBuff.block.vfxId
unit	Workspace tests (vitest, coverage beacons on)	2026-09-08T17:42:30.5067505Z              2/10     20.0%  field:abilities.effects[]#applyBuff.block.vfxScale
unit	Workspace tests (vitest, coverage beacons on)	2026-09-08T17:42:30.5068064Z              2/10     20.0%  field:abilities.effects[]#applyBuff.block.vfxTint
unit	Workspace tests (vitest, coverage beacons on)	2026-09-08T17:42:30.5068709Z              2/107     1.9%  field:abilities.effects[]#applyBuff.condition|0|1|0.other
unit	Workspace tests (vitest, coverage beacons on)	2026-09-08T17:42:30.5069418Z              2/107     1.9%  field:abilities.effects[]#applyBuff.condition|0|1|1.other
unit	Workspace tests (vitest, coverage beacons on)	2026-09-08T17:42:30.5070078Z              2/184     1.1%  field:abilities.effects[]#applyBuff.damageTypeOverride
unit	Workspace tests (vitest, coverage beacons on)	2026-09-08T17:42:30.5070964Z              2/184     1.1%  field:abilities.effects[]#applyBuff.exclusiveOnExisting
unit	Workspace tests (vitest, coverage beacons on)	2026-09-08T17:42:30.5071561Z              2/184     1.1%  field:abilities.effects[]#applyBuff.flight
unit	Workspace tests (vitest, coverage beacons on)	2026-09-08T17:42:30.5072211Z              2/171     1.2%  field:abilities.effects[]#applyBuff.hooks[].consumeOn
unit	Workspace tests (vitest, coverage beacons on)	2026-09-08T17:42:30.5072924Z              2/171     1.2%  field:abilities.effects[]#applyBuff.hooks[].critSource
unit	Workspace tests (vitest, coverage beacons on)	2026-09-08T17:42:30.5073727Z              2/171     1.2%  field:abilities.effects[]#applyBuff.hooks[].internalCooldownScope
unit	Workspace tests (vitest, coverage beacons on)	2026-09-08T17:42:30.5074651Z              2/171     1.2%  field:abilities.effects[]#applyBuff.hooks[].reflectedDamageSource
unit	Workspace tests (vitest, coverage beacons on)	2026-09-08T17:42:30.5075403Z              2/171     1.2%  field:abilities.effects[]#applyBuff.hooks[].reflectedDamageType
unit	Workspace tests (vitest, coverage beacons on)	2026-09-08T17:42:30.5076147Z              2/5      40.0%  field:abilities.effects[]#applyBuff.statusImmunity.charges
unit	Workspace tests (vitest, coverage beacons on)	2026-09-08T17:42:30.5076936Z              2/6      33.3%  field:abilities.effects[]#applyBuff.vision.stealthFadeDelaySec
unit	Workspace tests (vitest, coverage beacons on)	2026-09-08T17:42:30.5077553Z              2/164     1.2%  field:abilities.effects[]#applyStatus.refresh
unit	Workspace tests (vitest, coverage beacons on)	2026-09-08T17:42:30.5078158Z              2/164     1.2%  field:abilities.effects[]#applyStatus.silenced
unit	Workspace tests (vitest, coverage beacons on)	2026-09-08T17:42:30.5078704Z              2/24      8.3%  field:abilities.effects[]#blink.condition
unit	Workspace tests (vitest, coverage beacons on)	2026-09-08T17:42:30.5079283Z              2/24      8.3%  field:abilities.effects[]#blink.markStatusId
unit	Workspace tests (vitest, coverage beacons on)	2026-09-08T17:42:30.5079898Z              2/4      50.0%  field:abilities.effects[]#chainLightning.onHitTargets
unit	Workspace tests (vitest, coverage beacons on)	2026-09-08T17:42:30.5080418Z              2/2     100.0%  field:abilities.effects[]#comboStrikes.family
unit	Workspace tests (vitest, coverage beacons on)	2026-09-08T17:42:30.5080963Z              2/2     100.0%  field:abilities.effects[]#comboStrikes.finisher
unit	Workspace tests (vitest, coverage beacons on)	2026-09-08T17:42:30.5081587Z              2/2     100.0%  field:abilities.effects[]#comboStrikes.strikeReposition
unit	Workspace tests (vitest, coverage beacons on)	2026-09-08T17:42:30.5082070Z              2/258     0.8%  field:abilities.effects[]#damage.comboBonus
unit	Workspace tests (vitest, coverage beacons on)	2026-09-08T17:42:30.5082829Z              2/258     0.8%  field:abilities.effects[]#damage.distanceScale
unit	Workspace tests (vitest, coverage beacons on)	2026-09-08T17:42:30.5083539Z              2/13     15.4%  field:abilities.effects[]#damage.incomingPct.maxChainDepth
unit	Workspace tests (vitest, coverage beacons on)	2026-09-08T17:42:30.5084266Z              2/258     0.8%  field:abilities.effects[]#damage.refund
unit	Workspace tests (vitest, coverage beacons on)	2026-09-08T17:42:30.5084843Z              2/40      5.0%  field:abilities.effects[]#damageLine.canCrit
unit	Workspace tests (vitest, coverage beacons on)	2026-09-08T17:42:30.5085492Z              2/40      5.0%  field:abilities.effects[]#damageLine.onHitTargetsMode
unit	Workspace tests (vitest, coverage beacons on)	2026-09-08T17:42:30.5086010Z              2/18     11.1%  field:abilities.effects[]#dash.onEnd
unit	Workspace tests (vitest, coverage beacons on)	2026-09-08T17:42:30.5086541Z              2/48      4.2%  field:abilities.effects[]#delayed.advance
unit	Workspace tests (vitest, coverage beacons on)	2026-09-08T17:42:30.5087124Z              2/2     100.0%  field:abilities.effects[]#delayed.advance.dir
unit	Workspace tests (vitest, coverage beacons on)	2026-09-08T17:42:30.5087761Z              2/48      4.2%  field:abilities.effects[]#delayed.hitOncePerTarget
unit	Workspace tests (vitest, coverage beacons on)	2026-09-08T17:42:30.5088399Z              2/48      4.2%  field:abilities.effects[]#delayed.strikeReposition
unit	Workspace tests (vitest, coverage beacons on)	2026-09-08T17:42:30.5088947Z              2/7      28.6%  field:abilities.effects[]#devour.maxTargets
unit	Workspace tests (vitest, coverage beacons on)	2026-09-08T17:42:30.5089471Z              2/7      28.6%  field:abilities.effects[]#devour.radius
unit	Workspace tests (vitest, coverage beacons on)	2026-09-08T17:42:30.5090047Z              2/7      28.6%  field:abilities.effects[]#devour.radiusTier
unit	Workspace tests (vitest, coverage beacons on)	2026-09-08T17:42:30.5090572Z              2/7      28.6%  field:abilities.effects[]#devour.side
unit	Workspace tests (vitest, coverage beacons on)	2026-09-08T17:42:30.5091103Z              2/26      7.7%  field:abilities.effects[]#dot.applyTo
unit	Workspace tests (vitest, coverage beacons on)	2026-09-08T17:42:30.5091680Z              2/26      7.7%  field:abilities.effects[]#dot.resourcePctPhase
unit	Workspace tests (vitest, coverage beacons on)	2026-09-08T17:42:30.5092328Z              2/2     100.0%  field:abilities.effects[]#extendBuff.perDamagePctOfMaxHealth
unit	Workspace tests (vitest, coverage beacons on)	2026-09-08T17:42:30.5092822Z              2/2     100.0%  field:abilities.effects[]#extendBuff.who
unit	Workspace tests (vitest, coverage beacons on)	2026-09-08T17:42:30.5093400Z              2/16     12.5%  field:abilities.effects[]#floatingText.driftAngleDeg
unit	Workspace tests (vitest, coverage beacons on)	2026-09-08T17:42:30.5094827Z              2/16     12.5%  field:abilities.effects[]#floatingText.driftAngleStepDeg
unit	Workspace tests (vitest, coverage beacons on)	2026-09-08T17:42:30.5095703Z              2/16     12.5%  field:abilities.effects[]#floatingText.driftFrom
unit	Workspace tests (vitest, coverage beacons on)	2026-09-08T17:42:30.5096311Z              2/16     12.5%  field:abilities.effects[]#floatingText.driftSpeed
unit	Workspace tests (vitest, coverage beacons on)	2026-09-08T17:42:30.5096915Z              2/7      28.6%  field:abilities.effects[]#grantAttribute.durationSec
unit	Workspace tests (vitest, coverage beacons on)	2026-09-08T17:42:30.5097597Z              2/7      28.6%  field:abilities.effects[]#grantAttribute.maxSourceTotal
unit	Workspace tests (vitest, coverage beacons on)	2026-09-08T17:42:30.5098176Z              2/7      28.6%  field:abilities.effects[]#grantAttribute.store
unit	Workspace tests (vitest, coverage beacons on)	2026-09-08T17:42:30.5098756Z              2/25      8.0%  field:abilities.effects[]#knockback.applyTo
unit	Workspace tests (vitest, coverage beacons on)	2026-09-08T17:42:30.5099290Z              2/25      8.0%  field:abilities.effects[]#knockback.condition
unit	Workspace tests (vitest, coverage beacons on)	2026-09-08T17:42:30.5099838Z              2/25      8.0%  field:abilities.effects[]#knockback.subtractGap
unit	Workspace tests (vitest, coverage beacons on)	2026-09-08T17:42:30.5100366Z              2/25      8.0%  field:abilities.effects[]#knockback.uncontrollable
unit	Workspace tests (vitest, coverage beacons on)	2026-09-08T17:42:30.5100854Z              2/12     16.7%  field:abilities.effects[]#leap.dragToCaster
unit	Workspace tests (vitest, coverage beacons on)	2026-09-08T17:42:30.5101399Z              2/17     11.8%  field:abilities.effects[]#modifyCooldown.basis
unit	Workspace tests (vitest, coverage beacons on)	2026-09-08T17:42:30.5101921Z              2/2     100.0%  field:abilities.effects[]#shieldBreak.count
unit	Workspace tests (vitest, coverage beacons on)	2026-09-08T17:42:30.5102439Z              2/2     100.0%  field:abilities.effects[]#shieldBreak.order
unit	Workspace tests (vitest, coverage beacons on)	2026-09-08T17:42:30.5103003Z              2/90      2.2%  field:abilities.effects[]#spawnModelFx.spreadDeg
unit	Workspace tests (vitest, coverage beacons on)	2026-09-08T17:42:30.5103605Z              2/9      22.2%  field:abilities.effects[]#spendMana.pctMaxMana
unit	Workspace tests (vitest, coverage beacons on)	2026-09-08T17:42:30.5104371Z              2/4      50.0%  field:abilities.effects[]#taunt.maxTargets
unit	Workspace tests (vitest, coverage beacons on)	2026-09-08T17:42:30.5104905Z              2/4      50.0%  field:abilities.effects[]#taunt.radiusTier
unit	Workspace tests (vitest, coverage beacons on)	2026-09-08T17:42:30.5105362Z              2/421     0.5%  field:abilities.innateActivePassive
unit	Workspace tests (vitest, coverage beacons on)	2026-09-08T17:42:30.5105928Z              2/3      66.7%  field:abilities.marks[].lethal.restoreMode
unit	Workspace tests (vitest, coverage beacons on)	2026-09-08T17:42:30.5106687Z              2/131     1.5%  field:abilities.passive.ranks[].flight
unit	Workspace tests (vitest, coverage beacons on)	2026-09-08T17:42:30.5107018Z              2/421     0.5%  field:abilities.recoverySec
unit	Workspace tests (vitest, coverage beacons on)	2026-09-08T17:42:30.5107400Z              2/31      6.5%  field:abilities.vfxLayers[].timeScale
unit	Workspace tests (vitest, coverage beacons on)	2026-09-08T17:42:30.5107705Z              2/91      2.2%  field:augments.block
unit	Workspace tests (vitest, coverage beacons on)	2026-09-08T17:42:30.5108424Z              2/41      4.9%  field:augments.eligibility.prefersSelfMechanic
unit	Workspace tests (vitest, coverage beacons on)	2026-09-08T17:42:30.5109034Z              2/41      4.9%  field:augments.eligibility.requiresAnyAbilitySlot
unit	Workspace tests (vitest, coverage beacons on)	2026-09-08T17:42:30.5109506Z              2/71      2.8%  field:champions.abilities.*.persistentVfx
unit	Workspace tests (vitest, coverage beacons on)	2026-09-08T17:42:30.5109988Z              2/7      28.6%  field:champions.passive.modifiers
unit	Workspace tests (vitest, coverage beacons on)	2026-09-08T17:42:30.5110473Z              2/142     1.4%  field:items.damageTypeOverride
unit	Workspace tests (vitest, coverage beacons on)	2026-09-08T17:42:30.5110882Z              2/142     1.4%  field:items.flight
unit	Workspace tests (vitest, coverage beacons on)	2026-09-08T17:42:30.5111186Z              2/142     1.4%  field:items.marks
unit	Workspace tests (vitest, coverage beacons on)	2026-09-08T17:42:30.5111681Z              2/5      40.0%  field:items.modifiers[].requires.primaryStat
unit	Workspace tests (vitest, coverage beacons on)	2026-09-08T17:42:30.5112125Z              2/77      2.6%  field:items.passive[].maxTriggers
unit	Workspace tests (vitest, coverage beacons on)	2026-09-08T17:42:30.5112455Z              2/142     1.4%  field:items.vision
unit	Workspace tests (vitest, coverage beacons on)	2026-09-08T17:42:30.5112846Z              2/152     1.3%  field:models.fxTint
unit	Workspace tests (vitest, coverage beacons on)	2026-09-08T17:42:30.5113260Z              2/152     1.3%  field:models.yawOffsetDeg
unit	Workspace tests (vitest, coverage beacons on)	2026-09-08T17:42:30.5113830Z              2/3      66.7%  field:vfx-scripts.segments[]|1#floatingText.atMs
unit	Workspace tests (vitest, coverage beacons on)	2026-09-08T17:42:30.5114660Z              2/3      66.7%  field:vfx-scripts.segments[]|1#floatingText.strikeIndex
unit	Workspace tests (vitest, coverage beacons on)	2026-09-08T17:42:30.5115225Z              2/2     100.0%  field:vfx-scripts.segments[]|1#hideBody.at
unit	Workspace tests (vitest, coverage beacons on)	2026-09-08T17:42:30.5115841Z              2/9      22.2%  field:vfx-scripts.segments[]|1#modelFx.clipTimeScale
unit	Workspace tests (vitest, coverage beacons on)	2026-09-08T17:42:30.5116343Z              2/9      22.2%  field:vfx-scripts.segments[]|1#modelFx.tint
unit	Workspace tests (vitest, coverage beacons on)	2026-09-08T17:42:30.5116954Z              2/4      50.0%  field:vfx-scripts.segments[]|1#screenShake.atMs
unit	Workspace tests (vitest, coverage beacons on)	2026-09-08T17:42:30.5117736Z              2/2     100.0%  field:vfx-scripts.segments[]|1#sound.atMs
unit	Workspace tests (vitest, coverage beacons on)	2026-09-08T17:42:30.5118328Z              2/2     100.0%  field:vfx-scripts.segments[]|1#sound.strikeIndex
unit	Workspace tests (vitest, coverage beacons on)	2026-09-08T17:42:30.5118902Z              2/7      28.6%  field:vfx-scripts.segments[]|1#vfx.strikeIndex
unit	Workspace tests (vitest, coverage beacons on)	2026-09-08T17:42:30.5119395Z              3/421     0.7%  field:abilities.cooldownShape
unit	Workspace tests (vitest, coverage beacons on)	2026-09-08T17:42:30.5120111Z              3/7      42.9%  field:abilities.effects[]#applyBuff.damageTypeOverride.applyAt
unit	Workspace tests (vitest, coverage beacons on)	2026-09-08T17:42:30.5120820Z              3/171     1.8%  field:abilities.effects[]#applyBuff.hooks[].damageCrit
unit	Workspace tests (vitest, coverage beacons on)	2026-09-08T17:42:30.5121381Z              3/171     1.8%  field:abilities.effects[]#applyBuff.hooks[].onConsumed
unit	Workspace tests (vitest, coverage beacons on)	2026-09-08T17:42:30.5121874Z              3/184     1.6%  field:abilities.effects[]#applyBuff.vision
unit	Workspace tests (vitest, coverage beacons on)	2026-09-08T17:42:30.5122420Z              3/164     1.8%  field:abilities.effects[]#applyStatus.disarmed
unit	Workspace tests (vitest, coverage beacons on)	2026-09-08T17:42:30.5122978Z              3/164     1.8%  field:abilities.effects[]#applyStatus.dispellable
unit	Workspace tests (vitest, coverage beacons on)	2026-09-08T17:42:30.5123514Z              3/164     1.8%  field:abilities.effects[]#applyStatus.stacks
unit	Workspace tests (vitest, coverage beacons on)	2026-09-08T17:42:30.5124275Z              3/26     11.5%  field:abilities.effects[]#damage.resourcePct.scale
unit	Workspace tests (vitest, coverage beacons on)	2026-09-08T17:42:30.5124846Z              3/90      3.3%  field:abilities.effects[]#damageArea.onHitTargetsMode
unit	Workspace tests (vitest, coverage beacons on)	2026-09-08T17:42:30.5125393Z              3/90      3.3%  field:abilities.effects[]#damageArea.resourcePct
unit	Workspace tests (vitest, coverage beacons on)	2026-09-08T17:42:30.5125916Z              3/18     16.7%  field:abilities.effects[]#dash.distanceTier
unit	Workspace tests (vitest, coverage beacons on)	2026-09-08T17:42:30.5126489Z              3/48      6.3%  field:abilities.effects[]#delayed.dropDeadTargets
unit	Workspace tests (vitest, coverage beacons on)	2026-09-08T17:42:30.5127008Z              3/48      6.3%  field:abilities.effects[]#delayed.finalEffects
unit	Workspace tests (vitest, coverage beacons on)	2026-09-08T17:42:30.5127475Z              3/7      42.9%  field:abilities.effects[]#devour.healPct
unit	Workspace tests (vitest, coverage beacons on)	2026-09-08T17:42:30.5127954Z              3/26     11.5%  field:abilities.effects[]#dot.resourcePct
unit	Workspace tests (vitest, coverage beacons on)	2026-09-08T17:42:30.5128420Z              3/4      75.0%  field:abilities.effects[]#grantGold.flat
unit	Workspace tests (vitest, coverage beacons on)	2026-09-08T17:42:30.5128947Z              3/5      60.0%  field:abilities.effects[]#revive.manaPct
unit	Workspace tests (vitest, coverage beacons on)	2026-09-08T17:42:30.5129341Z              3/9      33.3%  field:abilities.effects[]#spendMana.pctCurrentMana
unit	Workspace tests (vitest, coverage beacons on)	2026-09-08T17:42:30.5129695Z              3/7      42.9%  field:abilities.effects[]#summon.championId
unit	Workspace tests (vitest, coverage beacons on)	2026-09-08T17:42:30.5130037Z              3/7      42.9%  field:abilities.effects[]#summon.formation
unit	Workspace tests (vitest, coverage beacons on)	2026-09-08T17:42:30.5130363Z              3/7      42.9%  field:abilities.effects[]#summon.spread
unit	Workspace tests (vitest, coverage beacons on)	2026-09-08T17:42:30.5130757Z              3/12     25.0%  field:abilities.effects[]#weightedBranch.maxTargets
unit	Workspace tests (vitest, coverage beacons on)	2026-09-08T17:42:30.5131046Z              3/3     100.0%  field:abilities.marks[].lethal
unit	Workspace tests (vitest, coverage beacons on)	2026-09-08T17:42:30.5131357Z              3/91      3.3%  field:augments.damageTypeOverride
unit	Workspace tests (vitest, coverage beacons on)	2026-09-08T17:42:30.5131693Z              3/71      4.2%  field:champions.abilities.*.cooldownShape
unit	Workspace tests (vitest, coverage beacons on)	2026-09-08T17:42:30.5131949Z              3/142     2.1%  field:items.attributes
unit	Workspace tests (vitest, coverage beacons on)	2026-09-08T17:42:30.5132267Z              3/86      3.5%  field:items.modifiers[].msBonusTier
unit	Workspace tests (vitest, coverage beacons on)	2026-09-08T17:42:30.5132571Z              3/77      3.9%  field:items.passive[].abilitySlot
unit	Workspace tests (vitest, coverage beacons on)	2026-09-08T17:42:30.5132803Z              3/142     2.1%  field:items.sets
unit	Workspace tests (vitest, coverage beacons on)	2026-09-08T17:42:30.5133128Z              3/3     100.0%  field:items.sets[].name
unit	Workspace tests (vitest, coverage beacons on)	2026-09-08T17:42:30.5133492Z              3/3     100.0%  field:loot-tables.name
unit	Workspace tests (vitest, coverage beacons on)	2026-09-08T17:42:30.5133871Z              3/3     100.0%  field:loot-tables.note
unit	Workspace tests (vitest, coverage beacons on)	2026-09-08T17:42:30.5134641Z              3/7      42.9%  field:projectiles.flight.rollDegPerUnit
unit	Workspace tests (vitest, coverage beacons on)	2026-09-08T17:42:30.5135178Z              3/7      42.9%  field:projectiles.flight.yawOffsetDeg
unit	Workspace tests (vitest, coverage beacons on)	2026-09-08T17:42:30.5135648Z              3/9      33.3%  field:vfx#vfx@1.orient.pitchDeg
unit	Workspace tests (vitest, coverage beacons on)	2026-09-08T17:42:30.5136104Z              3/9      33.3%  field:vfx#vfx@1.orient.yawFrom
unit	Workspace tests (vitest, coverage beacons on)	2026-09-08T17:42:30.5136627Z              3/3     100.0%  field:vfx-scripts.segments[]|1#anim.at
unit	Workspace tests (vitest, coverage beacons on)	2026-09-08T17:42:30.5137274Z              3/3     100.0%  field:vfx-scripts.segments[]|1#anim.clipWindowMs
unit	Workspace tests (vitest, coverage beacons on)	2026-09-08T17:42:30.5138005Z              3/3     100.0%  field:vfx-scripts.segments[]|1#floatingText.at
unit	Workspace tests (vitest, coverage beacons on)	2026-09-08T17:42:30.5138680Z              3/3     100.0%  field:vfx-scripts.segments[]|1#floatingText.colorRgb
unit	Workspace tests (vitest, coverage beacons on)	2026-09-08T17:42:30.5139373Z              3/3     100.0%  field:vfx-scripts.segments[]|1#floatingText.durationSec
unit	Workspace tests (vitest, coverage beacons on)	2026-09-08T17:42:30.5140030Z              3/3     100.0%  field:vfx-scripts.segments[]|1#floatingText.sizeScale
unit	Workspace tests (vitest, coverage beacons on)	2026-09-08T17:42:30.5140616Z              3/9      33.3%  field:vfx-scripts.segments[]|1#modelFx.alpha
unit	Workspace tests (vitest, coverage beacons on)	2026-09-08T17:42:30.5141147Z              3/9      33.3%  field:vfx-scripts.segments[]|1#modelFx.atMs
unit	Workspace tests (vitest, coverage beacons on)	2026-09-08T17:42:30.5141663Z              3/9      33.3%  field:vfx-scripts.segments[]|1#modelFx.strikeIndex
unit	Workspace tests (vitest, coverage beacons on)	2026-09-08T17:42:30.5142263Z              3/4      75.0%  field:vfx-scripts.segments[]|1#screenShake.strikeIndex
unit	Workspace tests (vitest, coverage beacons on)	2026-09-08T17:42:30.5142761Z              3/7      42.9%  field:vfx-scripts.segments[]|1#vfx.attach
unit	Workspace tests (vitest, coverage beacons on)	2026-09-08T17:42:30.5143464Z              4/10     40.0%  field:abilities.effects[]#applyBuff.block.internalCooldown
unit	Workspace tests (vitest, coverage beacons on)	2026-09-08T17:42:30.5144280Z              4/10     40.0%  field:abilities.effects[]#applyBuff.block.lethalOnly
unit	Workspace tests (vitest, coverage beacons on)	2026-09-08T17:42:30.5145075Z              4/7      57.1%  field:abilities.effects[]#applyBuff.damageTypeOverride.impactType
unit	Workspace tests (vitest, coverage beacons on)	2026-09-08T17:42:30.5145801Z              4/171     2.3%  field:abilities.effects[]#applyBuff.hooks[].damageSource
unit	Workspace tests (vitest, coverage beacons on)	2026-09-08T17:42:30.5146449Z              4/171     2.3%  field:abilities.effects[]#applyBuff.hooks[].key
unit	Workspace tests (vitest, coverage beacons on)	2026-09-08T17:42:30.5147142Z              4/171     2.3%  field:abilities.effects[]#applyBuff.hooks[].maxTriggers
unit	Workspace tests (vitest, coverage beacons on)	2026-09-08T17:42:30.5147748Z              4/184     2.2%  field:abilities.effects[]#applyBuff.statusImmunity
unit	Workspace tests (vitest, coverage beacons on)	2026-09-08T17:42:30.5148409Z              4/6      66.7%  field:abilities.effects[]#applyBuff.vision.trueSightRadius
unit	Workspace tests (vitest, coverage beacons on)	2026-09-08T17:42:30.5149019Z              4/24     16.7%  field:abilities.effects[]#blink.distanceUnits
unit	Workspace tests (vitest, coverage beacons on)	2026-09-08T17:42:30.5150071Z              4/370     1.1%  field:abilities.effects[]#chainLightning.amount.slotRankRatios
unit	Workspace tests (vitest, coverage beacons on)	2026-09-08T17:42:30.5150700Z              4/4     100.0%  field:abilities.effects[]#chainLightning.centre
unit	Workspace tests (vitest, coverage beacons on)	2026-09-08T17:42:30.5151354Z              4/4     100.0%  field:abilities.effects[]#chainLightning.damageType
unit	Workspace tests (vitest, coverage beacons on)	2026-09-08T17:42:30.5152037Z              4/4     100.0%  field:abilities.effects[]#chainLightning.jumpIntervalSec
unit	Workspace tests (vitest, coverage beacons on)	2026-09-08T17:42:30.5152663Z              4/4     100.0%  field:abilities.effects[]#chainLightning.maxSources
unit	Workspace tests (vitest, coverage beacons on)	2026-09-08T17:42:30.5153280Z              4/4     100.0%  field:abilities.effects[]#chainLightning.radius
unit	Workspace tests (vitest, coverage beacons on)	2026-09-08T17:42:30.5153943Z              4/4     100.0%  field:abilities.effects[]#chainLightning.radiusTier
unit	Workspace tests (vitest, coverage beacons on)	2026-09-08T17:42:30.5154882Z              4/40     10.0%  field:abilities.effects[]#damageLine.maxTargets
unit	Workspace tests (vitest, coverage beacons on)	2026-09-08T17:42:30.5155463Z              4/40     10.0%  field:abilities.effects[]#damageLine.resourcePct
unit	Workspace tests (vitest, coverage beacons on)	2026-09-08T17:42:30.5155989Z              4/48      8.3%  field:abilities.effects[]#delayed.condition
unit	Workspace tests (vitest, coverage beacons on)	2026-09-08T17:42:30.5156503Z              4/22     18.2%  field:abilities.effects[]#dispel.radiusTier
unit	Workspace tests (vitest, coverage beacons on)	2026-09-08T17:42:30.5157022Z              4/26     15.4%  field:abilities.effects[]#dot.condition
unit	Workspace tests (vitest, coverage beacons on)	2026-09-08T17:42:30.5157616Z              4/5      80.0%  field:abilities.effects[]#eventValueConversion.basis
unit	Workspace tests (vitest, coverage beacons on)	2026-09-08T17:42:30.5158200Z              4/7      57.1%  field:abilities.effects[]#grantAttribute.everyNth
unit	Workspace tests (vitest, coverage beacons on)	2026-09-08T17:42:30.5158706Z              4/4     100.0%  field:abilities.effects[]#grantGold.to
unit	Workspace tests (vitest, coverage beacons on)	2026-09-08T17:42:30.5159207Z              4/13     30.8%  field:abilities.effects[]#heal.applyTo
unit	Workspace tests (vitest, coverage beacons on)	2026-09-08T17:42:30.5159761Z              4/12     33.3%  field:abilities.effects[]#leap.throwDistance
unit	Workspace tests (vitest, coverage beacons on)	2026-09-08T17:42:30.5160329Z              4/17     23.5%  field:abilities.effects[]#modifyCooldown.amount
unit	Workspace tests (vitest, coverage beacons on)	2026-09-08T17:42:30.5160821Z              4/5      80.0%  field:abilities.effects[]#revive.hpPct
unit	Workspace tests (vitest, coverage beacons on)	2026-09-08T17:42:30.5161548Z              4/5      80.0%  field:abilities.effects[]#revive.side
unit	Workspace tests (vitest, coverage beacons on)	2026-09-08T17:42:30.5162044Z              4/5      80.0%  field:abilities.effects[]#revive.teamCharge
unit	Workspace tests (vitest, coverage beacons on)	2026-09-08T17:42:30.5162576Z              4/28     14.3%  field:abilities.effects[]#screenShake.radius
unit	Workspace tests (vitest, coverage beacons on)	2026-09-08T17:42:30.5163137Z              4/90      4.4%  field:abilities.effects[]#spawnModelFx.spacing
unit	Workspace tests (vitest, coverage beacons on)	2026-09-08T17:42:30.5163753Z              4/90      4.4%  field:abilities.effects[]#spawnModelFx.touchOncePerTarget
unit	Workspace tests (vitest, coverage beacons on)	2026-09-08T17:42:30.5164537Z              4/90      4.4%  field:abilities.effects[]#spawnModelFx.touchRadius
unit	Workspace tests (vitest, coverage beacons on)	2026-09-08T17:42:30.5165187Z              4/90      4.4%  field:abilities.effects[]#spawnModelFx.touchSide
unit	Workspace tests (vitest, coverage beacons on)	2026-09-08T17:42:30.5165711Z              4/7      57.1%  field:abilities.effects[]#summon.at
unit	Workspace tests (vitest, coverage beacons on)	2026-09-08T17:42:30.5166209Z              4/7      57.1%  field:abilities.effects[]#summon.team
unit	Workspace tests (vitest, coverage beacons on)	2026-09-08T17:42:30.5166752Z              4/4     100.0%  field:abilities.effects[]#taunt.radius
unit	Workspace tests (vitest, coverage beacons on)	2026-09-08T17:42:30.5167515Z              4/12     33.3%  field:abilities.effects[]#weightedBranch.branches[].weightFrom
unit	Workspace tests (vitest, coverage beacons on)	2026-09-08T17:42:30.5168131Z              4/5      80.0%  field:abilities.passive.ranks[].auras[].modifiers
unit	Workspace tests (vitest, coverage beacons on)	2026-09-08T17:42:30.5168618Z              4/131     3.1%  field:abilities.passive.ranks[].block
unit	Workspace tests (vitest, coverage beacons on)	2026-09-08T17:42:30.5169178Z              4/421     1.0%  field:abilities.persistentVfx
unit	Workspace tests (vitest, coverage beacons on)	2026-09-08T17:42:30.5169725Z              4/31     12.9%  field:abilities.vfxLayers[].pitchDeg
unit	Workspace tests (vitest, coverage beacons on)	2026-09-08T17:42:30.5170115Z              4/142     2.8%  field:items.auras
unit	Workspace tests (vitest, coverage beacons on)	2026-09-08T17:42:30.5170532Z              4/4     100.0%  field:items.auras[].key
unit	Workspace tests (vitest, coverage beacons on)	2026-09-08T17:42:30.5170975Z              4/4     100.0%  field:items.auras[].modifiers
unit	Workspace tests (vitest, coverage beacons on)	2026-09-08T17:42:30.5171329Z              4/142     2.8%  field:items.block
unit	Workspace tests (vitest, coverage beacons on)	2026-09-08T17:42:30.5171849Z              4/5      80.0%  field:items.modifiers[].requires.attackType
unit	Workspace tests (vitest, coverage beacons on)	2026-09-08T17:42:30.5172304Z              4/5      80.0%  field:items.modifiers[].requires.onMismatch
unit	Workspace tests (vitest, coverage beacons on)	2026-09-08T17:42:30.5172856Z              4/77      5.2%  field:items.passive[].requires
unit	Workspace tests (vitest, coverage beacons on)	2026-09-08T17:42:30.5173175Z              4/152     2.6%  field:models.hiddenPrimitives
unit	Workspace tests (vitest, coverage beacons on)	2026-09-08T17:42:30.5173732Z              4/9      44.4%  field:vfx-scripts.segments[]|1#modelFx.clip
unit	Workspace tests (vitest, coverage beacons on)	2026-09-08T17:42:30.5174537Z              4/9      44.4%  field:vfx-scripts.segments[]|1#modelFx.offsetForwardU
unit	Workspace tests (vitest, coverage beacons on)	2026-09-08T17:42:30.5175089Z              4/7      57.1%  field:vfx-scripts.segments[]|1#vfx.atMs
unit	Workspace tests (vitest, coverage beacons on)	2026-09-08T17:42:30.5175528Z              4/4     100.0%  field:vfx-subtypes.notes
unit	Workspace tests (vitest, coverage beacons on)	2026-09-08T17:42:30.5176037Z              4/4     100.0%  field:vfx-subtypes.params{}.max
unit	Workspace tests (vitest, coverage beacons on)	2026-09-08T17:42:30.5176525Z              4/4     100.0%  field:vfx-subtypes.params{}.min
unit	Workspace tests (vitest, coverage beacons on)	2026-09-08T17:42:30.5177177Z              5/12     41.7%  field:abilities.effects[]#applyBuff.attributes.agi
unit	Workspace tests (vitest, coverage beacons on)	2026-09-08T17:42:30.5177716Z              5/184     2.7%  field:abilities.effects[]#applyBuff.condition
unit	Workspace tests (vitest, coverage beacons on)	2026-09-08T17:42:30.5178223Z              5/184     2.7%  field:abilities.effects[]#applyBuff.maxStat
unit	Workspace tests (vitest, coverage beacons on)	2026-09-08T17:42:30.5178819Z              5/5     100.0%  field:abilities.effects[]#applyBuff.maxStat.basis
unit	Workspace tests (vitest, coverage beacons on)	2026-09-08T17:42:30.5179357Z              5/164     3.0%  field:abilities.effects[]#applyStatus.feared
unit	Workspace tests (vitest, coverage beacons on)	2026-09-08T17:42:30.5179962Z              5/90      5.6%  field:abilities.effects[]#damageArea.condition
unit	Workspace tests (vitest, coverage beacons on)	2026-09-08T17:42:30.5180607Z              5/48     10.4%  field:abilities.effects[]#delayed.stopOnCasterDeath
unit	Workspace tests (vitest, coverage beacons on)	2026-09-08T17:42:30.5181110Z              5/22     22.7%  field:abilities.effects[]#dispel.order
unit	Workspace tests (vitest, coverage beacons on)	2026-09-08T17:42:30.5181741Z              5/5     100.0%  field:abilities.effects[]#eventValueConversion.source
unit	Workspace tests (vitest, coverage beacons on)	2026-09-08T17:42:30.5182360Z              5/5     100.0%  field:abilities.effects[]#eventValueConversion.to
unit	Workspace tests (vitest, coverage beacons on)	2026-09-08T17:42:30.5182969Z              5/5     100.0%  field:abilities.effects[]#eventValueConversion.who
unit	Workspace tests (vitest, coverage beacons on)	2026-09-08T17:42:30.5183527Z              5/7      71.4%  field:abilities.effects[]#grantAttribute.mode
unit	Workspace tests (vitest, coverage beacons on)	2026-09-08T17:42:30.5184524Z              5/8      62.5%  field:abilities.effects[]#proxyCast.emitCastEvents
unit	Workspace tests (vitest, coverage beacons on)	2026-09-08T17:42:30.5185357Z              5/8      62.5%  field:abilities.effects[]#proxyCast.maxDepth
unit	Workspace tests (vitest, coverage beacons on)	2026-09-08T17:42:30.5185878Z              5/8      62.5%  field:abilities.effects[]#proxyCast.rankMode
unit	Workspace tests (vitest, coverage beacons on)	2026-09-08T17:42:30.5186434Z              5/8      62.5%  field:abilities.effects[]#proxyCast.requireLearned
unit	Workspace tests (vitest, coverage beacons on)	2026-09-08T17:42:30.5186980Z              5/9      55.6%  field:abilities.effects[]#screenFlash.scripted
unit	Workspace tests (vitest, coverage beacons on)	2026-09-08T17:42:30.5187512Z              5/7      71.4%  field:abilities.effects[]#summon.onOwnerDeath
unit	Workspace tests (vitest, coverage beacons on)	2026-09-08T17:42:30.5188111Z              5/12     41.7%  field:abilities.effects[]#weightedBranch.radius
unit	Workspace tests (vitest, coverage beacons on)	2026-09-08T17:42:30.5188749Z              5/12     41.7%  field:abilities.effects[]#weightedBranch.radiusTier
unit	Workspace tests (vitest, coverage beacons on)	2026-09-08T17:42:30.5189315Z              5/12     41.7%  field:abilities.effects[]#weightedBranch.side
unit	Workspace tests (vitest, coverage beacons on)	2026-09-08T17:42:30.5189821Z              5/131     3.8%  field:abilities.passive.ranks[].auras
unit	Workspace tests (vitest, coverage beacons on)	2026-09-08T17:42:30.5190420Z              5/5     100.0%  field:abilities.passive.ranks[].auras[].key
unit	Workspace tests (vitest, coverage beacons on)	2026-09-08T17:42:30.5190897Z              5/7      71.4%  field:champions.passive.hooks
unit	Workspace tests (vitest, coverage beacons on)	2026-09-08T17:42:30.5191386Z              5/77      6.5%  field:items.passive[].damageSource
unit	Workspace tests (vitest, coverage beacons on)	2026-09-08T17:42:30.5191773Z              5/152     3.3%  field:models.fxSpawnHeight
unit	Workspace tests (vitest, coverage beacons on)	2026-09-08T17:42:30.5192155Z              5/5     100.0%  field:skins.description
unit	Workspace tests (vitest, coverage beacons on)	2026-09-08T17:42:30.5192707Z              5/9      55.6%  field:vfx-scripts.segments[]|1#modelFx.heightU
unit	Workspace tests (vitest, coverage beacons on)	2026-09-08T17:42:30.5193321Z              6/12     50.0%  field:abilities.effects[]#applyBuff.attributes.int
unit	Workspace tests (vitest, coverage beacons on)	2026-09-08T17:42:30.5194216Z              6/7      85.7%  field:abilities.effects[]#applyBuff.flight.hoverHeight
unit	Workspace tests (vitest, coverage beacons on)	2026-09-08T17:42:30.5194861Z              6/171     3.5%  field:abilities.effects[]#applyBuff.hooks[].damageType
unit	Workspace tests (vitest, coverage beacons on)	2026-09-08T17:42:30.5195391Z              6/258     2.3%  field:abilities.effects[]#damage.hpPct
unit	Workspace tests (vitest, coverage beacons on)	2026-09-08T17:42:30.5195933Z              6/7      85.7%  field:abilities.effects[]#devour.onDevour
unit	Workspace tests (vitest, coverage beacons on)	2026-09-08T17:42:30.5196817Z              6/16     37.5%  field:abilities.effects[]#dispel.pools.shields
unit	Workspace tests (vitest, coverage beacons on)	2026-09-08T17:42:30.5197330Z              6/22     27.3%  field:abilities.effects[]#dispel.radius
unit	Workspace tests (vitest, coverage beacons on)	2026-09-08T17:42:30.5197845Z              6/22     27.3%  field:abilities.effects[]#dispel.side
unit	Workspace tests (vitest, coverage beacons on)	2026-09-08T17:42:30.5198458Z              6/8      75.0%  field:abilities.effects[]#proxyCast.targetMode
unit	Workspace tests (vitest, coverage beacons on)	2026-09-08T17:42:30.5198995Z              6/17     35.3%  field:abilities.effects[]#shield.absorbs
unit	Workspace tests (vitest, coverage beacons on)	2026-09-08T17:42:30.5199586Z              6/90      6.7%  field:abilities.effects[]#spawnModelFx.alpha
unit	Workspace tests (vitest, coverage beacons on)	2026-09-08T17:42:30.5200185Z              6/90      6.7%  field:abilities.effects[]#spawnModelFx.spinDegPerSec
unit	Workspace tests (vitest, coverage beacons on)	2026-09-08T17:42:30.5200698Z              6/86      7.0%  field:abilities.effects[]#spawnVfx.durationSec
unit	Workspace tests (vitest, coverage beacons on)	2026-09-08T17:42:30.5201186Z              6/7      85.7%  field:abilities.effects[]#summon.hpMult
unit	Workspace tests (vitest, coverage beacons on)	2026-09-08T17:42:30.5201728Z              6/131     4.6%  field:abilities.passive.ranks[].critStrike
unit	Workspace tests (vitest, coverage beacons on)	2026-09-08T17:42:30.5202250Z              6/6     100.0%  field:abilities.persistentVfx[].attach
unit	Workspace tests (vitest, coverage beacons on)	2026-09-08T17:42:30.5202727Z              6/31     19.4%  field:abilities.vfxLayers[].alpha
unit	Workspace tests (vitest, coverage beacons on)	2026-09-08T17:42:30.5203262Z              6/41     14.6%  field:augments.eligibility.requiresMana
unit	Workspace tests (vitest, coverage beacons on)	2026-09-08T17:42:30.5203703Z              6/6     100.0%  field:vfx#attachment@1.note
unit	Workspace tests (vitest, coverage beacons on)	2026-09-08T17:42:30.5204368Z              6/6     100.0%  field:vfx#attachment@1.scale
unit	Workspace tests (vitest, coverage beacons on)	2026-09-08T17:42:30.5204887Z              6/9      66.7%  field:vfx#vfx@1.orient.swirlDegPerSec
unit	Workspace tests (vitest, coverage beacons on)	2026-09-08T17:42:30.5205671Z              7/7     100.0%  field:abilities.effects[]#applyBuff.flight.ignoreObstacles
unit	Workspace tests (vitest, coverage beacons on)	2026-09-08T17:42:30.5206390Z              7/7     100.0%  field:abilities.effects[]#applyBuff.flight.ignoreUnits
unit	Workspace tests (vitest, coverage beacons on)	2026-09-08T17:42:30.5207048Z              7/7     100.0%  field:abilities.effects[]#applyBuff.flight.stayInsideBoundary
unit	Workspace tests (vitest, coverage beacons on)	2026-09-08T17:42:30.5207637Z              7/233     3.0%  field:abilities.effects[]#applyBuff.modifiers[].from
unit	Workspace tests (vitest, coverage beacons on)	2026-09-08T17:42:30.5208456Z              7/184     3.8%  field:abilities.effects[]#applyBuff.stackVisual
unit	Workspace tests (vitest, coverage beacons on)	2026-09-08T17:42:30.5209060Z              7/7     100.0%  field:abilities.effects[]#devour.throughShields
unit	Workspace tests (vitest, coverage beacons on)	2026-09-08T17:42:30.5209582Z              7/7     100.0%  field:abilities.effects[]#devour.victim
unit	Workspace tests (vitest, coverage beacons on)	2026-09-08T17:42:30.5210203Z              7/8      87.5%  field:abilities.effects[]#proxyCast.respectCooldown
unit	Workspace tests (vitest, coverage beacons on)	2026-09-08T17:42:30.5210788Z              7/9      77.8%  field:abilities.effects[]#spendMana.applyTo
unit	Workspace tests (vitest, coverage beacons on)	2026-09-08T17:42:30.5211291Z              7/7     100.0%  field:abilities.effects[]#summon.body
unit	Workspace tests (vitest, coverage beacons on)	2026-09-08T17:42:30.5211874Z              7/7     100.0%  field:abilities.effects[]#summon.damageMult
unit	Workspace tests (vitest, coverage beacons on)	2026-09-08T17:42:30.5212463Z              7/7     100.0%  field:abilities.effects[]#summon.durationSec
unit	Workspace tests (vitest, coverage beacons on)	2026-09-08T17:42:30.5212909Z              7/13     53.8%  field:arenas.zones[].bounds
unit	Workspace tests (vitest, coverage beacons on)	2026-09-08T17:42:30.5213349Z              7/13     53.8%  field:arenas.zones[].gates
unit	Workspace tests (vitest, coverage beacons on)	2026-09-08T17:42:30.5214167Z              7/13     53.8%  field:arenas.zones[].interactions
unit	Workspace tests (vitest, coverage beacons on)	2026-09-08T17:42:30.5214720Z              7/13     53.8%  field:arenas.zones[].nav
unit	Workspace tests (vitest, coverage beacons on)	2026-09-08T17:42:30.5215283Z              7/7     100.0%  field:arenas.zones[].obstacles[]#box.gateGroup
unit	Workspace tests (vitest, coverage beacons on)	2026-09-08T17:42:30.5215667Z              7/13     53.8%  field:arenas.zones[].regions
unit	Workspace tests (vitest, coverage beacons on)	2026-09-08T17:42:30.5216238Z              7/41     17.1%  field:augments.eligibility.requiresAbilitySlots
unit	Workspace tests (vitest, coverage beacons on)	2026-09-08T17:42:30.5216645Z              7/71      9.9%  field:champions.passive
unit	Workspace tests (vitest, coverage beacons on)	2026-09-08T17:42:30.5217120Z              7/142     4.9%  field:items.requiresAttackType
unit	Workspace tests (vitest, coverage beacons on)	2026-09-08T17:42:30.5217498Z              7/7     100.0%  field:maps.backdrop
unit	Workspace tests (vitest, coverage beacons on)	2026-09-08T17:42:30.5217941Z              7/7     100.0%  field:maps.backgroundProps
unit	Workspace tests (vitest, coverage beacons on)	2026-09-08T17:42:30.5218479Z              7/7     100.0%  field:maps.backgroundProps[].rotQuarter
unit	Workspace tests (vitest, coverage beacons on)	2026-09-08T17:42:30.5218966Z              7/7     100.0%  field:maps.backgroundProps[].scale
unit	Workspace tests (vitest, coverage beacons on)	2026-09-08T17:42:30.5219705Z              7/7     100.0%  field:maps.gimmick.gateGroups
unit	Workspace tests (vitest, coverage beacons on)	2026-09-08T17:42:30.5220145Z              7/7     100.0%  field:maps.gimmick.schedule
unit	Workspace tests (vitest, coverage beacons on)	2026-09-08T17:42:30.5220544Z              7/7     100.0%  field:maps.groundStyle
unit	Workspace tests (vitest, coverage beacons on)	2026-09-08T17:42:30.5220970Z              7/7     100.0%  field:maps.interactions
unit	Workspace tests (vitest, coverage beacons on)	2026-09-08T17:42:30.5221473Z              7/7     100.0%  field:maps.interactions[].params
unit	Workspace tests (vitest, coverage beacons on)	2026-09-08T17:42:30.5221883Z              7/7     100.0%  field:maps.landmarkProps
unit	Workspace tests (vitest, coverage beacons on)	2026-09-08T17:42:30.5222310Z              7/7     100.0%  field:maps.landmarkProps[].blocks
unit	Workspace tests (vitest, coverage beacons on)	2026-09-08T17:42:30.5222773Z              7/7     100.0%  field:maps.landmarkProps[].rotQuarter
unit	Workspace tests (vitest, coverage beacons on)	2026-09-08T17:42:30.5223219Z              7/7     100.0%  field:maps.landmarkProps[].scale
unit	Workspace tests (vitest, coverage beacons on)	2026-09-08T17:42:30.5223601Z              7/7     100.0%  field:maps.scenery
unit	Workspace tests (vitest, coverage beacons on)	2026-09-08T17:42:30.5224140Z              7/152     4.6%  field:models.fxLongAxis
unit	Workspace tests (vitest, coverage beacons on)	2026-09-08T17:42:30.5224649Z              7/21     33.3%  field:projectiles.flight
unit	Workspace tests (vitest, coverage beacons on)	2026-09-08T17:42:30.5225230Z              7/9      77.8%  field:vfx-scripts.segments[]|1#modelFx.scale
unit	Workspace tests (vitest, coverage beacons on)	2026-09-08T17:42:30.5225734Z              7/7     100.0%  field:vfx-scripts.segments[]|1#vfx.at
unit	Workspace tests (vitest, coverage beacons on)	2026-09-08T17:42:30.5226277Z              7/7     100.0%  field:vfx-scripts.segments[]|1#vfx.durationSec
unit	Workspace tests (vitest, coverage beacons on)	2026-09-08T17:42:30.5226903Z              8/184     4.3%  field:abilities.effects[]#applyBuff.exclusiveGroup
unit	Workspace tests (vitest, coverage beacons on)	2026-09-08T17:42:30.5227527Z              8/164     4.9%  field:abilities.effects[]#applyStatus.targetsAllies
unit	Workspace tests (vitest, coverage beacons on)	2026-09-08T17:42:30.5228052Z              8/48     16.7%  field:abilities.effects[]#delayed.anchor
unit	Workspace tests (vitest, coverage beacons on)	2026-09-08T17:42:30.5228583Z              8/22     36.4%  field:abilities.effects[]#dispel.count
unit	Workspace tests (vitest, coverage beacons on)	2026-09-08T17:42:30.5229184Z              8/25     32.0%  field:abilities.effects[]#knockback.distanceTier
unit	Workspace tests (vitest, coverage beacons on)	2026-09-08T17:42:30.5229720Z              8/8     100.0%  field:abilities.effects[]#proxyCast.payCosts
unit	Workspace tests (vitest, coverage beacons on)	2026-09-08T17:42:30.5230292Z              8/8     100.0%  field:abilities.effects[]#proxyCast.slot
unit	Workspace tests (vitest, coverage beacons on)	2026-09-08T17:42:30.5231181Z              8/90      8.9%  field:abilities.effects[]#spawnModelFx.clipTimeScale
unit	Workspace tests (vitest, coverage beacons on)	2026-09-08T17:42:30.5231690Z              8/31     25.8%  field:abilities.vfxLayers[].w3xScale
unit	Workspace tests (vitest, coverage beacons on)	2026-09-08T17:42:30.5232236Z              8/44     18.2%  field:ability-templates.params{}.inert
unit	Workspace tests (vitest, coverage beacons on)	2026-09-08T17:42:30.5232802Z              9/9     100.0%  field:abilities.effects[]#screenFlash.applyTo
unit	Workspace tests (vitest, coverage beacons on)	2026-09-08T17:42:30.5233352Z              9/131     6.9%  field:abilities.passive.ranks[].attributes
unit	Workspace tests (vitest, coverage beacons on)	2026-09-08T17:42:30.5233719Z              9/13     69.2%  field:arenas.backdrop
unit	Workspace tests (vitest, coverage beacons on)	2026-09-08T17:42:30.5234443Z              9/41     22.0%  field:augments.eligibility.requiresModeFeature
unit	Workspace tests (vitest, coverage beacons on)	2026-09-08T17:42:30.5234919Z              9/71     12.7%  field:champions.missileSpeed
unit	Workspace tests (vitest, coverage beacons on)	2026-09-08T17:42:30.5235323Z              9/152     5.9%  field:models.fxEmitters
unit	Workspace tests (vitest, coverage beacons on)	2026-09-08T17:42:30.5235797Z              9/152     5.9%  field:models.teamTintMaterials
unit	Workspace tests (vitest, coverage beacons on)	2026-09-08T17:42:30.5236186Z              9/629     1.4%  field:vfx#vfx@1.orient
unit	Workspace tests (vitest, coverage beacons on)	2026-09-08T17:42:30.5236790Z              9/9     100.0%  field:vfx-scripts.segments[]|1#modelFx.anchor
unit	Workspace tests (vitest, coverage beacons on)	2026-09-08T17:42:30.5237365Z              9/9     100.0%  field:vfx-scripts.segments[]|1#modelFx.lifeSec
unit	Workspace tests (vitest, coverage beacons on)	2026-09-08T17:42:30.5237787Z             10/421     2.4%  field:abilities.augment
unit	Workspace tests (vitest, coverage beacons on)	2026-09-08T17:42:30.5238412Z             10/12     83.3%  field:abilities.effects[]#applyBuff.attributes.str
unit	Workspace tests (vitest, coverage beacons on)	2026-09-08T17:42:30.5238963Z             10/164     6.1%  field:abilities.effects[]#applyStatus.berserk
unit	Workspace tests (vitest, coverage beacons on)	2026-09-08T17:42:30.5239510Z             10/164     6.1%  field:abilities.effects[]#applyStatus.condition
unit	Workspace tests (vitest, coverage beacons on)	2026-09-08T17:42:30.5239987Z             10/258     3.9%  field:abilities.effects[]#damage.condition
unit	Workspace tests (vitest, coverage beacons on)	2026-09-08T17:42:30.5240481Z             10/12     83.3%  field:abilities.effects[]#leap.landRadius
unit	Workspace tests (vitest, coverage beacons on)	2026-09-08T17:42:30.5240989Z             10/12     83.3%  field:abilities.effects[]#leap.onLand
unit	Workspace tests (vitest, coverage beacons on)	2026-09-08T17:42:30.5241582Z             10/10    100.0%  field:abilities.effects[]#randomArea.firstAtCast
unit	Workspace tests (vitest, coverage beacons on)	2026-09-08T17:42:30.5242511Z             10/10    100.0%  field:abilities.effects[]#randomArea.stopOnCasterDeath
unit	Workspace tests (vitest, coverage beacons on)	2026-09-08T17:42:30.5243060Z             10/10    100.0%  field:abilities.effects[]#randomArea.who
unit	Workspace tests (vitest, coverage beacons on)	2026-09-08T17:42:30.5243595Z             10/131     7.6%  field:abilities.passive.ranks[].whileForm
unit	Workspace tests (vitest, coverage beacons on)	2026-09-08T17:42:30.5244308Z             10/71     14.1%  field:champions.abilities.*.vfxLayers
unit	Workspace tests (vitest, coverage beacons on)	2026-09-08T17:42:30.5244771Z             10/21     47.6%  field:projectiles.pierce
unit	Workspace tests (vitest, coverage beacons on)	2026-09-08T17:42:30.5245177Z             10/10    100.0%  field:vfx-scripts.notes
unit	Workspace tests (vitest, coverage beacons on)	2026-09-08T17:42:30.5245599Z             10/10    100.0%  field:vfx-scripts.yields
unit	Workspace tests (vitest, coverage beacons on)	2026-09-08T17:42:30.5246116Z             11/258     4.3%  field:abilities.effects[]#damage.applyTo
unit	Workspace tests (vitest, coverage beacons on)	2026-09-08T17:42:30.5246709Z             11/48     22.9%  field:abilities.effects[]#delayed.radiusTier
unit	Workspace tests (vitest, coverage beacons on)	2026-09-08T17:42:30.5247115Z             11/71     15.5%  field:champions.tint
unit	Workspace tests (vitest, coverage beacons on)	2026-09-08T17:42:30.5247702Z             12/164     7.3%  field:abilities.effects[]#applyStatus.missChance
unit	Workspace tests (vitest, coverage beacons on)	2026-09-08T17:42:30.5248196Z             12/24     50.0%  field:abilities.effects[]#blink.onArrive
unit	Workspace tests (vitest, coverage beacons on)	2026-09-08T17:42:30.5248697Z             12/24     50.0%  field:abilities.effects[]#blink.stopShortUnits
unit	Workspace tests (vitest, coverage beacons on)	2026-09-08T17:42:30.5249347Z             12/13     92.3%  field:abilities.effects[]#damage.incomingPct.negateOriginal
unit	Workspace tests (vitest, coverage beacons on)	2026-09-08T17:42:30.5249905Z             12/90     13.3%  field:abilities.effects[]#damageArea.maxTargets
unit	Workspace tests (vitest, coverage beacons on)	2026-09-08T17:42:30.5250415Z             12/12    100.0%  field:abilities.effects[]#leap.applyTo
unit	Workspace tests (vitest, coverage beacons on)	2026-09-08T17:42:30.5250958Z             12/90     13.3%  field:abilities.effects[]#spawnModelFx.onTouch
unit	Workspace tests (vitest, coverage beacons on)	2026-09-08T17:42:30.5251553Z             12/90     13.3%  field:abilities.effects[]#spawnModelFx.speed
unit	Workspace tests (vitest, coverage beacons on)	2026-09-08T17:42:30.5252091Z             12/86     14.0%  field:abilities.effects[]#spawnVfx.attach
unit	Workspace tests (vitest, coverage beacons on)	2026-09-08T17:42:30.5252622Z             12/86     14.0%  field:abilities.effects[]#spawnVfx.boneOn
unit	Workspace tests (vitest, coverage beacons on)	2026-09-08T17:42:30.5253163Z             13/164     7.9%  field:abilities.effects[]#applyStatus.applyTo
unit	Workspace tests (vitest, coverage beacons on)	2026-09-08T17:42:30.5253936Z             13/370     3.5%  field:abilities.effects[]#chainLightning.amount.mult
unit	Workspace tests (vitest, coverage beacons on)	2026-09-08T17:42:30.5254763Z             13/258     5.0%  field:abilities.effects[]#damage.incomingPct
unit	Workspace tests (vitest, coverage beacons on)	2026-09-08T17:42:30.5255285Z             13/48     27.1%  field:abilities.effects[]#delayed.radius
unit	Workspace tests (vitest, coverage beacons on)	2026-09-08T17:42:30.5255804Z             13/48     27.1%  field:abilities.effects[]#delayed.side
unit	Workspace tests (vitest, coverage beacons on)	2026-09-08T17:42:30.5256347Z             13/16     81.3%  field:abilities.effects[]#dispel.pools.dot
unit	Workspace tests (vitest, coverage beacons on)	2026-09-08T17:42:30.5256699Z             13/13    100.0%  field:arenas.decor
unit	Workspace tests (vitest, coverage beacons on)	2026-09-08T17:42:30.5257134Z             13/13    100.0%  field:arenas.decor[].rotQuarter
unit	Workspace tests (vitest, coverage beacons on)	2026-09-08T17:42:30.5257582Z             13/13    100.0%  field:arenas.decor[].scale
unit	Workspace tests (vitest, coverage beacons on)	2026-09-08T17:42:30.5257989Z             13/13    100.0%  field:arenas.groundStyle
unit	Workspace tests (vitest, coverage beacons on)	2026-09-08T17:42:30.5258349Z             13/13    100.0%  field:arenas.scenery
unit	Workspace tests (vitest, coverage beacons on)	2026-09-08T17:42:30.5258874Z             13/20     65.0%  field:arenas.scenery.lighting.peakColor
unit	Workspace tests (vitest, coverage beacons on)	2026-09-08T17:42:30.5259338Z             13/71     18.3%  field:champions.bodyScale
unit	Workspace tests (vitest, coverage beacons on)	2026-09-08T17:42:30.5259810Z             13/77     16.9%  field:items.passive[].victim
unit	Workspace tests (vitest, coverage beacons on)	2026-09-08T17:42:30.5260563Z             14/107    13.1%  field:abilities.effects[]#applyBuff.condition|0|3|0.minStacks
unit	Workspace tests (vitest, coverage beacons on)	2026-09-08T17:42:30.5261146Z             14/184     7.6%  field:abilities.effects[]#applyBuff.permanentScope
unit	Workspace tests (vitest, coverage beacons on)	2026-09-08T17:42:30.5261698Z             14/40     35.0%  field:abilities.effects[]#damageLine.onHitTargets
unit	Workspace tests (vitest, coverage beacons on)	2026-09-08T17:42:30.5262238Z             14/48     29.2%  field:abilities.effects[]#delayed.targetMode
unit	Workspace tests (vitest, coverage beacons on)	2026-09-08T17:42:30.5262833Z             14/16     87.5%  field:abilities.effects[]#dispel.pools.buffs
unit	Workspace tests (vitest, coverage beacons on)	2026-09-08T17:42:30.5263433Z             14/90     15.6%  field:abilities.effects[]#spawnModelFx.anchor
unit	Workspace tests (vitest, coverage beacons on)	2026-09-08T17:42:30.5264398Z             14/90     15.6%  field:abilities.effects[]#spawnModelFx.offsetForwardU
unit	Workspace tests (vitest, coverage beacons on)	2026-09-08T17:42:30.5264994Z             14/90     15.6%  field:abilities.effects[]#spawnModelFx.path
unit	Workspace tests (vitest, coverage beacons on)	2026-09-08T17:42:30.5265801Z             14/90     15.6%  field:abilities.effects[]#spawnModelFx.scaleAxis
unit	Workspace tests (vitest, coverage beacons on)	2026-09-08T17:42:30.5266318Z             14/31     45.2%  field:abilities.vfxLayers[].delayMs
unit	Workspace tests (vitest, coverage beacons on)	2026-09-08T17:42:30.5266894Z             15/164     9.1%  field:abilities.effects[]#applyStatus.root
unit	Workspace tests (vitest, coverage beacons on)	2026-09-08T17:42:30.5267482Z             15/90     16.7%  field:abilities.effects[]#damageArea.victimCondition
unit	Workspace tests (vitest, coverage beacons on)	2026-09-08T17:42:30.5267951Z             15/39     38.5%  field:abilities.effects[]#restore.manaPct
unit	Workspace tests (vitest, coverage beacons on)	2026-09-08T17:42:30.5268474Z             15/41     36.6%  field:augments.eligibility.requiresSelfMechanic
unit	Workspace tests (vitest, coverage beacons on)	2026-09-08T17:42:30.5269121Z             16/258     6.2%  field:abilities.effects[]#damage.resourcePct
unit	Workspace tests (vitest, coverage beacons on)	2026-09-08T17:42:30.5269646Z             16/22     72.7%  field:abilities.effects[]#dispel.pools
unit	Workspace tests (vitest, coverage beacons on)	2026-09-08T17:42:30.5270207Z             16/16    100.0%  field:abilities.effects[]#dispel.pools.status
unit	Workspace tests (vitest, coverage beacons on)	2026-09-08T17:42:30.5270761Z             16/16    100.0%  field:abilities.effects[]#floatingText.applyTo
unit	Workspace tests (vitest, coverage beacons on)	2026-09-08T17:42:30.5271389Z             16/16    100.0%  field:abilities.effects[]#floatingText.colorRgb
unit	Workspace tests (vitest, coverage beacons on)	2026-09-08T17:42:30.5271948Z             16/16    100.0%  field:abilities.effects[]#floatingText.durationSec
unit	Workspace tests (vitest, coverage beacons on)	2026-09-08T17:42:30.5272559Z             16/16    100.0%  field:abilities.effects[]#floatingText.riseSpeed
unit	Workspace tests (vitest, coverage beacons on)	2026-09-08T17:42:30.5273157Z             16/16    100.0%  field:abilities.effects[]#floatingText.sizeScale
unit	Workspace tests (vitest, coverage beacons on)	2026-09-08T17:42:30.5273740Z             16/17     94.1%  field:abilities.effects[]#modifyCooldown.slot
unit	Workspace tests (vitest, coverage beacons on)	2026-09-08T17:42:30.5274370Z             16/16    100.0%  field:arenas.backdrop.layers
unit	Workspace tests (vitest, coverage beacons on)	2026-09-08T17:42:30.5274844Z             16/16    100.0%  field:arenas.backdrop.layers[].alpha
unit	Workspace tests (vitest, coverage beacons on)	2026-09-08T17:42:30.5275293Z             16/16    100.0%  field:arenas.backdrop.layers[].jitter
unit	Workspace tests (vitest, coverage beacons on)	2026-09-08T17:42:30.5275735Z             16/16    100.0%  field:arenas.backdrop.layers[].rim
unit	Workspace tests (vitest, coverage beacons on)	2026-09-08T17:42:30.5276250Z             16/16    100.0%  field:arenas.backdrop.layers[].segments
unit	Workspace tests (vitest, coverage beacons on)	2026-09-08T17:42:30.5276935Z             16/77     20.8%  field:items.passive[].chance
unit	Workspace tests (vitest, coverage beacons on)	2026-09-08T17:42:30.5277502Z             17/17    100.0%  field:abilities.effects[]#modifyCooldown.who
unit	Workspace tests (vitest, coverage beacons on)	2026-09-08T17:42:30.5278177Z             18/233     7.7%  field:abilities.effects[]#applyBuff.modifiers[].msBonusTier
unit	Workspace tests (vitest, coverage beacons on)	2026-09-08T17:42:30.5278734Z             18/184     9.8%  field:abilities.effects[]#applyBuff.perRank
unit	Workspace tests (vitest, coverage beacons on)	2026-09-08T17:42:30.5279405Z             18/18    100.0%  field:abilities.effects[]#applyBuff.perRank[].duration
unit	Workspace tests (vitest, coverage beacons on)	2026-09-08T17:42:30.5279916Z             18/22     81.8%  field:abilities.effects[]#dispel.polarity
unit	Workspace tests (vitest, coverage beacons on)	2026-09-08T17:42:30.5280488Z             18/90     20.0%  field:abilities.effects[]#spawnModelFx.count
unit	Workspace tests (vitest, coverage beacons on)	2026-09-08T17:42:30.5281170Z             19/171    11.1%  field:abilities.effects[]#applyBuff.hooks[].abilitySlot
unit	Workspace tests (vitest, coverage beacons on)	2026-09-08T17:42:30.5281845Z             19/21     90.5%  field:abilities.effects[]#invulnerable.blocksTrueDamage
unit	Workspace tests (vitest, coverage beacons on)	2026-09-08T17:42:30.5282354Z             19/71     26.8%  field:champions.abilities.*.hitFeel
unit	Workspace tests (vitest, coverage beacons on)	2026-09-08T17:42:30.5282826Z             20/20    100.0%  field:arenas.scenery.lighting
unit	Workspace tests (vitest, coverage beacons on)	2026-09-08T17:42:30.5283329Z             20/20    100.0%  field:arenas.scenery.lighting.fillIntensity
unit	Workspace tests (vitest, coverage beacons on)	2026-09-08T17:42:30.5283831Z             20/20    100.0%  field:arenas.scenery.lighting.intensityAmp
unit	Workspace tests (vitest, coverage beacons on)	2026-09-08T17:42:30.5284520Z             20/20    100.0%  field:arenas.scenery.lighting.keyColor
unit	Workspace tests (vitest, coverage beacons on)	2026-09-08T17:42:30.5285041Z             20/20    100.0%  field:arenas.scenery.lighting.keyIntensity
unit	Workspace tests (vitest, coverage beacons on)	2026-09-08T17:42:30.5285567Z             20/20    100.0%  field:arenas.scenery.lighting.keyPitchDeg
unit	Workspace tests (vitest, coverage beacons on)	2026-09-08T17:42:30.5286075Z             20/20    100.0%  field:arenas.scenery.lighting.keyYawDeg
unit	Workspace tests (vitest, coverage beacons on)	2026-09-08T17:42:30.5286576Z             20/20    100.0%  field:arenas.scenery.lighting.periodSec
unit	Workspace tests (vitest, coverage beacons on)	2026-09-08T17:42:30.5287091Z             20/20    100.0%  field:arenas.scenery.lighting.wave
unit	Workspace tests (vitest, coverage beacons on)	2026-09-08T17:42:30.5287655Z             20/20    100.0%  field:arenas.scenery.lighting.yawSweepDeg
unit	Workspace tests (vitest, coverage beacons on)	2026-09-08T17:42:30.5288319Z             20/20    100.0%  field:arenas.scenery.palette
unit	Workspace tests (vitest, coverage beacons on)	2026-09-08T17:42:30.5288800Z             20/20    100.0%  field:arenas.scenery.palette.floor
unit	Workspace tests (vitest, coverage beacons on)	2026-09-08T17:42:30.5289320Z             20/20    100.0%  field:arenas.scenery.palette.ground
unit	Workspace tests (vitest, coverage beacons on)	2026-09-08T17:42:30.5289812Z             20/20    100.0%  field:arenas.scenery.palette.sky
unit	Workspace tests (vitest, coverage beacons on)	2026-09-08T17:42:30.5290297Z             20/20    100.0%  field:arenas.scenery.palette.void
unit	Workspace tests (vitest, coverage beacons on)	2026-09-08T17:42:30.5290762Z             20/20    100.0%  field:arenas.scenery.palette.wall
unit	Workspace tests (vitest, coverage beacons on)	2026-09-08T17:42:30.5291205Z             20/20    100.0%  field:arenas.scenery.props
unit	Workspace tests (vitest, coverage beacons on)	2026-09-08T17:42:30.5291747Z             20/20    100.0%  field:arenas.scenery.props[].arcFromDeg
unit	Workspace tests (vitest, coverage beacons on)	2026-09-08T17:42:30.5292240Z             20/20    100.0%  field:arenas.scenery.props[].arcSpanDeg
unit	Workspace tests (vitest, coverage beacons on)	2026-09-08T17:42:30.5292702Z             20/20    100.0%  field:arenas.scenery.props[].bandFrom
unit	Workspace tests (vitest, coverage beacons on)	2026-09-08T17:42:30.5293131Z             20/20    100.0%  field:arenas.scenery.props[].bandTo
unit	Workspace tests (vitest, coverage beacons on)	2026-09-08T17:42:30.5293603Z             20/20    100.0%  field:arenas.scenery.props[].facing
unit	Workspace tests (vitest, coverage beacons on)	2026-09-08T17:42:30.5294300Z             20/20    100.0%  field:arenas.scenery.props[].rotQuarter
unit	Workspace tests (vitest, coverage beacons on)	2026-09-08T17:42:30.5294796Z             20/20    100.0%  field:arenas.scenery.props[].scaleMax
unit	Workspace tests (vitest, coverage beacons on)	2026-09-08T17:42:30.5295277Z             20/20    100.0%  field:arenas.scenery.props[].scaleMin
unit	Workspace tests (vitest, coverage beacons on)	2026-09-08T17:42:30.5295737Z             20/20    100.0%  field:arenas.scenery.props[].seed
unit	Workspace tests (vitest, coverage beacons on)	2026-09-08T17:42:30.5296336Z             21/21    100.0%  field:abilities.effects[]#invulnerable.applyTo
unit	Workspace tests (vitest, coverage beacons on)	2026-09-08T17:42:30.5296934Z             21/21    100.0%  field:abilities.effects[]#invulnerable.blocksControl
unit	Workspace tests (vitest, coverage beacons on)	2026-09-08T17:42:30.5297575Z             21/21    100.0%  field:abilities.effects[]#invulnerable.blocksDamage
unit	Workspace tests (vitest, coverage beacons on)	2026-09-08T17:42:30.5298011Z             21/421     5.0%  field:abilities.vfxLayers
unit	Workspace tests (vitest, coverage beacons on)	2026-09-08T17:42:30.5298431Z             21/21    100.0%  field:projectiles.meshShape
unit	Workspace tests (vitest, coverage beacons on)	2026-09-08T17:42:30.5298827Z             21/21    100.0%  field:projectiles.vfxKey
unit	Workspace tests (vitest, coverage beacons on)	2026-09-08T17:42:30.5299654Z             22/107    20.6%  field:abilities.effects[]#applyBuff.condition|0|1|1.mode
unit	Workspace tests (vitest, coverage beacons on)	2026-09-08T17:42:30.5300180Z             22/184    12.0%  field:abilities.effects[]#applyBuff.hooks
unit	Workspace tests (vitest, coverage beacons on)	2026-09-08T17:42:30.5300961Z             22/370     5.9%  field:abilities.effects[]#chainLightning.amount.perRank
unit	Workspace tests (vitest, coverage beacons on)	2026-09-08T17:42:30.5301448Z             22/77     28.6%  field:items.passive[].condition
unit	Workspace tests (vitest, coverage beacons on)	2026-09-08T17:42:30.5302167Z             23/284     8.1%  field:abilities.effects[]#chainLightning.amount.ratios[].when
unit	Workspace tests (vitest, coverage beacons on)	2026-09-08T17:42:30.5302884Z             23/40     57.5%  field:abilities.effects[]#damageLine.includeOrigin
unit	Workspace tests (vitest, coverage beacons on)	2026-09-08T17:42:30.5303434Z             23/26     88.5%  field:abilities.effects[]#dot.stacking
unit	Workspace tests (vitest, coverage beacons on)	2026-09-08T17:42:30.5303863Z             23/421     5.5%  field:abilities.hitFeel
unit	Workspace tests (vitest, coverage beacons on)	2026-09-08T17:42:30.5304762Z             23/44     52.3%  field:ability-templates.params{}.origin
unit	Workspace tests (vitest, coverage beacons on)	2026-09-08T17:42:30.5305301Z             24/24    100.0%  field:abilities.effects[]#blink.applyTo
unit	Workspace tests (vitest, coverage beacons on)	2026-09-08T17:42:30.5305830Z             24/31     77.4%  field:abilities.vfxLayers[].attachTo
unit	Workspace tests (vitest, coverage beacons on)	2026-09-08T17:42:30.5306359Z             25/25    100.0%  field:abilities.effects[]#knockback.from
unit	Workspace tests (vitest, coverage beacons on)	2026-09-08T17:42:30.5306855Z             26/26    100.0%  field:abilities.effects[]#dot.damageType
unit	Workspace tests (vitest, coverage beacons on)	2026-09-08T17:42:30.5307230Z             26/91     28.6%  field:augments.modifiers
unit	Workspace tests (vitest, coverage beacons on)	2026-09-08T17:42:30.5307714Z             26/26    100.0%  field:vfx#vfx@1.emitter#ring.fill
unit	Workspace tests (vitest, coverage beacons on)	2026-09-08T17:42:30.5308235Z             26/26    100.0%  field:vfx#vfx@1.emitter#ring.spread
unit	Workspace tests (vitest, coverage beacons on)	2026-09-08T17:42:30.5308779Z             26/26    100.0%  field:vfx#vfx@1.emitter#ring.thickness
unit	Workspace tests (vitest, coverage beacons on)	2026-09-08T17:42:30.5309453Z             27/33     81.8%  field:abilities.effects[]#championForm.durationSec
unit	Workspace tests (vitest, coverage beacons on)	2026-09-08T17:42:30.5310063Z             27/90     30.0%  field:abilities.effects[]#spawnModelFx.distance
unit	Workspace tests (vitest, coverage beacons on)	2026-09-08T17:42:30.5310656Z             28/184    15.2%  field:abilities.effects[]#applyBuff.permanent
unit	Workspace tests (vitest, coverage beacons on)	2026-09-08T17:42:30.5311376Z             28/39     71.8%  field:abilities.effects[]#restore.applyTo
unit	Workspace tests (vitest, coverage beacons on)	2026-09-08T17:42:30.5311939Z             28/28    100.0%  field:abilities.effects[]#screenShake.applyTo
unit	Workspace tests (vitest, coverage beacons on)	2026-09-08T17:42:30.5312553Z             28/90     31.1%  field:abilities.effects[]#spawnModelFx.arriveSoundKey
unit	Workspace tests (vitest, coverage beacons on)	2026-09-08T17:42:30.5313059Z             28/77     36.4%  field:items.passive[].internalCooldown
unit	Workspace tests (vitest, coverage beacons on)	2026-09-08T17:42:30.5313631Z             29/39     74.4%  field:abilities.effects[]#restore.healthPct
unit	Workspace tests (vitest, coverage beacons on)	2026-09-08T17:42:30.5314383Z             29/71     40.8%  field:champions.abilities.*.passive
unit	Workspace tests (vitest, coverage beacons on)	2026-09-08T17:42:30.5314938Z             30/184    16.3%  field:abilities.effects[]#applyBuff.dispellable
unit	Workspace tests (vitest, coverage beacons on)	2026-09-08T17:42:30.5315438Z             30/48     62.5%  field:abilities.effects[]#delayed.count
unit	Workspace tests (vitest, coverage beacons on)	2026-09-08T17:42:30.5316021Z             30/48     62.5%  field:abilities.effects[]#delayed.intervalSec
unit	Workspace tests (vitest, coverage beacons on)	2026-09-08T17:42:30.5316642Z             31/171    18.1%  field:abilities.effects[]#applyBuff.hooks[].victim
unit	Workspace tests (vitest, coverage beacons on)	2026-09-08T17:42:30.5317163Z             31/71     43.7%  field:champions.abilities.*.radius
unit	Workspace tests (vitest, coverage beacons on)	2026-09-08T17:42:30.5317661Z             31/71     43.7%  field:champions.attackDamagePoint
unit	Workspace tests (vitest, coverage beacons on)	2026-09-08T17:42:30.5318054Z             31/77     40.3%  field:items.passive[].key
unit	Workspace tests (vitest, coverage beacons on)	2026-09-08T17:42:30.5318584Z             32/184    17.4%  field:abilities.effects[]#applyBuff.statusId
unit	Workspace tests (vitest, coverage beacons on)	2026-09-08T17:42:30.5319058Z             33/90     36.7%  field:abilities.effects[]#spawnModelFx.tint
unit	Workspace tests (vitest, coverage beacons on)	2026-09-08T17:42:30.5319607Z             34/90     37.8%  field:abilities.effects[]#spawnModelFx.onArrive
unit	Workspace tests (vitest, coverage beacons on)	2026-09-08T17:42:30.5319954Z             34/142    23.9%  field:items.recipe
unit	Workspace tests (vitest, coverage beacons on)	2026-09-08T17:42:30.5320342Z             34/34    100.0%  field:items.recipe.book
unit	Workspace tests (vitest, coverage beacons on)	2026-09-08T17:42:30.5320910Z             35/184    19.0%  field:abilities.effects[]#applyBuff.polarity
unit	Workspace tests (vitest, coverage beacons on)	2026-09-08T17:42:30.5321546Z             36/171    21.1%  field:abilities.effects[]#applyBuff.hooks[].condition
unit	Workspace tests (vitest, coverage beacons on)	2026-09-08T17:42:30.5322119Z             36/90     40.0%  field:abilities.effects[]#damageArea.onHitTargets
unit	Workspace tests (vitest, coverage beacons on)	2026-09-08T17:42:30.5322888Z             36/40     90.0%  field:abilities.effects[]#damageLine.aim
unit	Workspace tests (vitest, coverage beacons on)	2026-09-08T17:42:30.5323424Z             36/40     90.0%  field:abilities.effects[]#damageLine.fromCaster
unit	Workspace tests (vitest, coverage beacons on)	2026-09-08T17:42:30.5324304Z             36/40     90.0%  field:champions.transform.triggerAbility.durationSec
unit	Workspace tests (vitest, coverage beacons on)	2026-09-08T17:42:30.5324899Z             38/90     42.2%  field:abilities.effects[]#spawnModelFx.clip
unit	Workspace tests (vitest, coverage beacons on)	2026-09-08T17:42:30.5325368Z             38/71     53.5%  field:champions.abilities.*.sfxKey
unit	Workspace tests (vitest, coverage beacons on)	2026-09-08T17:42:30.5325959Z             38/40     95.0%  field:champions.transform.triggerAbility.cooldownSec
unit	Workspace tests (vitest, coverage beacons on)	2026-09-08T17:42:30.5326473Z             39/90     43.3%  field:abilities.effects[]#spawnModelFx.lifeSec
unit	Workspace tests (vitest, coverage beacons on)	2026-09-08T17:42:30.5327015Z             40/40    100.0%  field:abilities.effects[]#damageLine.damageType
unit	Workspace tests (vitest, coverage beacons on)	2026-09-08T17:42:30.5327514Z             40/44     90.9%  field:ability-templates.params{}.values
unit	Workspace tests (vitest, coverage beacons on)	2026-09-08T17:42:30.5327931Z             40/71     56.3%  field:champions.transform
unit	Workspace tests (vitest, coverage beacons on)	2026-09-08T17:42:30.5328546Z             40/40    100.0%  field:champions.transform.alternateUnitRawcode
unit	Workspace tests (vitest, coverage beacons on)	2026-09-08T17:42:30.5329079Z             40/40    100.0%  field:champions.transform.counterpartId
unit	Workspace tests (vitest, coverage beacons on)	2026-09-08T17:42:30.5329670Z             40/40    100.0%  field:champions.transform.normalUnitRawcode
unit	Workspace tests (vitest, coverage beacons on)	2026-09-08T17:42:30.5330227Z             40/40    100.0%  field:champions.transform.triggerAbility
unit	Workspace tests (vitest, coverage beacons on)	2026-09-08T17:42:30.5335996Z             40/40    100.0%  field:champions.transform.triggerAbility.name
unit	Workspace tests (vitest, coverage beacons on)	2026-09-08T17:42:30.5336611Z             41/44     93.2%  field:ability-templates.params{}.optional
unit	Workspace tests (vitest, coverage beacons on)	2026-09-08T17:42:30.5337031Z             41/91     45.1%  field:augments.eligibility
unit	Workspace tests (vitest, coverage beacons on)	2026-09-08T17:42:30.5337471Z             41/77     53.2%  field:items.passive[].target
unit	Workspace tests (vitest, coverage beacons on)	2026-09-08T17:42:30.5338129Z             42/171    24.6%  field:abilities.effects[]#applyBuff.hooks[].chance
unit	Workspace tests (vitest, coverage beacons on)	2026-09-08T17:42:30.5338690Z             42/131    32.1%  field:abilities.passive.ranks[].modifiers
unit	Workspace tests (vitest, coverage beacons on)	2026-09-08T17:42:30.5339377Z             43/94     45.7%  field:abilities.hitFeel.camKick
unit	Workspace tests (vitest, coverage beacons on)	2026-09-08T17:42:30.5339855Z             43/94     45.7%  field:abilities.hitFeel.flashColor
unit	Workspace tests (vitest, coverage beacons on)	2026-09-08T17:42:30.5340249Z             43/94     45.7%  field:abilities.hitFeel.flashMs
unit	Workspace tests (vitest, coverage beacons on)	2026-09-08T17:42:30.5340700Z             43/94     45.7%  field:abilities.hitFeel.hitstunTicks
unit	Workspace tests (vitest, coverage beacons on)	2026-09-08T17:42:30.5341142Z             43/94     45.7%  field:abilities.hitFeel.shakeStyle
unit	Workspace tests (vitest, coverage beacons on)	2026-09-08T17:42:30.5341610Z             43/94     45.7%  field:abilities.hitFeel.sparkKind
unit	Workspace tests (vitest, coverage beacons on)	2026-09-08T17:42:30.5342091Z             43/44     97.7%  field:ability-templates.params{}.max
unit	Workspace tests (vitest, coverage beacons on)	2026-09-08T17:42:30.5342544Z             43/44     97.7%  field:ability-templates.params{}.min
unit	Workspace tests (vitest, coverage beacons on)	2026-09-08T17:42:30.5343026Z             43/44     97.7%  field:ability-templates.params{}.unit
unit	Workspace tests (vitest, coverage beacons on)	2026-09-08T17:42:30.5343520Z             43/71     60.6%  field:champions.abilities.*.radiusTier
unit	Workspace tests (vitest, coverage beacons on)	2026-09-08T17:42:30.5344293Z             44/184    23.9%  field:abilities.effects[]#applyBuff.applyTo
unit	Workspace tests (vitest, coverage beacons on)	2026-09-08T17:42:30.5344897Z             44/184    23.9%  field:abilities.effects[]#applyBuff.maxStacks
unit	Workspace tests (vitest, coverage beacons on)	2026-09-08T17:42:30.5345404Z             44/44    100.0%  field:ability-templates.params{}.default
unit	Workspace tests (vitest, coverage beacons on)	2026-09-08T17:42:30.5345951Z             46/184    25.0%  field:abilities.effects[]#applyBuff.stackKey
unit	Workspace tests (vitest, coverage beacons on)	2026-09-08T17:42:30.5346445Z             48/71     67.6%  field:champions.abilities.*.template
unit	Workspace tests (vitest, coverage beacons on)	2026-09-08T17:42:30.5347222Z             49/370    13.2%  field:abilities.effects[]#chainLightning.amount.damageTierPerRank
unit	Workspace tests (vitest, coverage beacons on)	2026-09-08T17:42:30.5347678Z             49/71     69.0%  field:champions.msGrowthTier
unit	Workspace tests (vitest, coverage beacons on)	2026-09-08T17:42:30.5348035Z             49/71     69.0%  field:champions.origin
unit	Workspace tests (vitest, coverage beacons on)	2026-09-08T17:42:30.5348384Z             49/71     69.0%  field:champions.pitch
unit	Workspace tests (vitest, coverage beacons on)	2026-09-08T17:42:30.5348772Z             49/71     69.0%  field:champions.playstyle
unit	Workspace tests (vitest, coverage beacons on)	2026-09-08T17:42:30.5349194Z             51/51    100.0%  field:status-effects.description
unit	Workspace tests (vitest, coverage beacons on)	2026-09-08T17:42:30.5349613Z             51/51    100.0%  field:status-effects.polarity
unit	Workspace tests (vitest, coverage beacons on)	2026-09-08T17:42:30.5350257Z             51/51    100.0%  field:status-effects.tags
unit	Workspace tests (vitest, coverage beacons on)	2026-09-08T17:42:30.5350907Z             54/164    32.9%  field:abilities.effects[]#applyStatus.moveSpeedMult
unit	Workspace tests (vitest, coverage beacons on)	2026-09-08T17:42:30.5351497Z             56/90     62.2%  field:abilities.effects[]#damageArea.includeOrigin
unit	Workspace tests (vitest, coverage beacons on)	2026-09-08T17:42:30.5352047Z             56/90     62.2%  field:abilities.effects[]#spawnModelFx.soundKey
unit	Workspace tests (vitest, coverage beacons on)	2026-09-08T17:42:30.5352406Z             57/421    13.5%  field:abilities.radius
unit	Workspace tests (vitest, coverage beacons on)	2026-09-08T17:42:30.5352764Z             57/629     9.1%  field:vfx#vfx@1.ambient
unit	Workspace tests (vitest, coverage beacons on)	2026-09-08T17:42:30.5353294Z             58/164    35.4%  field:abilities.effects[]#applyStatus.stun
unit	Workspace tests (vitest, coverage beacons on)	2026-09-08T17:42:30.5353754Z             60/91     65.9%  field:augments.selectionSlot
unit	Workspace tests (vitest, coverage beacons on)	2026-09-08T17:42:30.5354596Z             60/67     89.6%  field:vfx#ribbon@1.anchorBone
unit	Workspace tests (vitest, coverage beacons on)	2026-09-08T17:42:30.5355020Z             63/71     88.7%  field:champions.description
unit	Workspace tests (vitest, coverage beacons on)	2026-09-08T17:42:30.5355385Z             64/91     70.3%  field:augments.hooks
unit	Workspace tests (vitest, coverage beacons on)	2026-09-08T17:42:30.5355938Z             65/71     91.5%  field:champions.abilities.*.manaCostTier
unit	Workspace tests (vitest, coverage beacons on)	2026-09-08T17:42:30.5356375Z             65/67     97.0%  field:vfx#ribbon@1.texture
unit	Workspace tests (vitest, coverage beacons on)	2026-09-08T17:42:30.5356898Z             66/71     93.0%  field:champions.abilities.*.rangeTier
unit	Workspace tests (vitest, coverage beacons on)	2026-09-08T17:42:30.5357453Z             67/90     74.4%  field:abilities.effects[]#spawnModelFx.scale
unit	Workspace tests (vitest, coverage beacons on)	2026-09-08T17:42:30.5357921Z             68/71     95.8%  field:champions.abilities.*.cooldownTier
unit	Workspace tests (vitest, coverage beacons on)	2026-09-08T17:42:30.5358313Z             68/71     95.8%  field:champions.exAbility
unit	Workspace tests (vitest, coverage beacons on)	2026-09-08T17:42:30.5358785Z             68/71     95.8%  field:champions.passiveAbility
unit	Workspace tests (vitest, coverage beacons on)	2026-09-08T17:42:30.5359240Z             69/421    16.4%  field:abilities.innateKind
unit	Workspace tests (vitest, coverage beacons on)	2026-09-08T17:42:30.5359802Z             69/71     97.2%  field:champions.abilities.*.description
unit	Workspace tests (vitest, coverage beacons on)	2026-09-08T17:42:30.5360332Z             70/71     98.6%  field:champions.abilities.*.castTimeSec
unit	Workspace tests (vitest, coverage beacons on)	2026-09-08T17:42:30.5360837Z             71/94     75.5%  field:abilities.hitFeel.knockbackMag
unit	Workspace tests (vitest, coverage beacons on)	2026-09-08T17:42:30.5361525Z             71/71    100.0%  field:champions.abilities.*.icon
unit	Workspace tests (vitest, coverage beacons on)	2026-09-08T17:42:30.5362034Z             71/71    100.0%  field:champions.abilities.*.provenance
unit	Workspace tests (vitest, coverage beacons on)	2026-09-08T17:42:30.5362543Z             71/71    100.0%  field:champions.abilities.*.targetsEnemies
unit	Workspace tests (vitest, coverage beacons on)	2026-09-08T17:42:30.5362965Z             71/71    100.0%  field:champions.abilities.*.vfxKey
unit	Workspace tests (vitest, coverage beacons on)	2026-09-08T17:42:30.5363324Z             71/71    100.0%  field:champions.attributes
unit	Workspace tests (vitest, coverage beacons on)	2026-09-08T17:42:30.5363709Z             71/71    100.0%  field:champions.hitFeel
unit	Workspace tests (vitest, coverage beacons on)	2026-09-08T17:42:30.5364279Z             71/71    100.0%  field:champions.icon
unit	Workspace tests (vitest, coverage beacons on)	2026-09-08T17:42:30.5364701Z             72/421    17.1%  field:abilities.sfxKey
unit	Workspace tests (vitest, coverage beacons on)	2026-09-08T17:42:30.5365379Z             77/171    45.0%  field:abilities.effects[]#applyBuff.hooks[].internalCooldown
unit	Workspace tests (vitest, coverage beacons on)	2026-09-08T17:42:30.5365744Z             77/142    54.2%  field:items.passive
unit	Workspace tests (vitest, coverage beacons on)	2026-09-08T17:42:30.5366164Z             78/152    51.3%  field:models.attachPoints
unit	Workspace tests (vitest, coverage beacons on)	2026-09-08T17:42:30.5366740Z             80/90     88.9%  field:abilities.effects[]#damageArea.radiusTier
unit	Workspace tests (vitest, coverage beacons on)	2026-09-08T17:42:30.5367214Z             80/421    19.0%  field:abilities.radiusTier
unit	Workspace tests (vitest, coverage beacons on)	2026-09-08T17:42:30.5367613Z             85/142    59.9%  field:items.modifiers
unit	Workspace tests (vitest, coverage beacons on)	2026-09-08T17:42:30.5368188Z             86/90     95.6%  field:abilities.effects[]#spawnModelFx.modelKey
unit	Workspace tests (vitest, coverage beacons on)	2026-09-08T17:42:30.5368770Z             86/86    100.0%  field:abilities.effects[]#spawnVfx.at
unit	Workspace tests (vitest, coverage beacons on)	2026-09-08T17:42:30.5369231Z             86/86    100.0%  field:items.modifiers[].value
unit	Workspace tests (vitest, coverage beacons on)	2026-09-08T17:42:30.5369848Z             87/90     96.7%  field:abilities.effects[]#spawnModelFx.preset
unit	Workspace tests (vitest, coverage beacons on)	2026-09-08T17:42:30.5370461Z             89/90     98.9%  field:abilities.effects[]#damageArea.damageType
unit	Workspace tests (vitest, coverage beacons on)	2026-09-08T17:42:30.5370882Z             90/142    63.4%  field:items.authoringNote
unit	Workspace tests (vitest, coverage beacons on)	2026-09-08T17:42:30.5371253Z             91/91    100.0%  field:augments.icon
unit	Workspace tests (vitest, coverage beacons on)	2026-09-08T17:42:30.5371768Z             92/131    70.2%  field:abilities.passive.ranks[].hooks
unit	Workspace tests (vitest, coverage beacons on)	2026-09-08T17:42:30.5372273Z             94/94    100.0%  field:abilities.hitFeel.hitstopTicks
unit	Workspace tests (vitest, coverage beacons on)	2026-09-08T17:42:30.5373012Z             94/94    100.0%  field:abilities.hitFeel.shakeMag
unit	Workspace tests (vitest, coverage beacons on)	2026-09-08T17:42:30.5373625Z            100/370    27.0%  field:abilities.effects[]#chainLightning.amount.flat
unit	Workspace tests (vitest, coverage beacons on)	2026-09-08T17:42:30.5374195Z            102/421    24.2%  field:abilities.passive
unit	Workspace tests (vitest, coverage beacons on)	2026-09-08T17:42:30.5374579Z            131/131   100.0%  field:abilities.passive.name
unit	Workspace tests (vitest, coverage beacons on)	2026-09-08T17:42:30.5374935Z            137/142    96.5%  field:items.description
unit	Workspace tests (vitest, coverage beacons on)	2026-09-08T17:42:30.5375281Z            142/142   100.0%  field:items.craftRole
unit	Workspace tests (vitest, coverage beacons on)	2026-09-08T17:42:30.5375594Z            142/142   100.0%  field:items.icon
unit	Workspace tests (vitest, coverage beacons on)	2026-09-08T17:42:30.5376140Z            147/171    86.0%  field:abilities.effects[]#applyBuff.hooks[].target
unit	Workspace tests (vitest, coverage beacons on)	2026-09-08T17:42:30.5376657Z            167/184    90.8%  field:abilities.effects[]#applyBuff.duration
unit	Workspace tests (vitest, coverage beacons on)	2026-09-08T17:42:30.5377083Z            170/629    27.0%  field:vfx#vfx@1.anchorBone
unit	Workspace tests (vitest, coverage beacons on)	2026-09-08T17:42:30.5377472Z            182/421    43.2%  field:abilities.rangeTier
unit	Workspace tests (vitest, coverage beacons on)	2026-09-08T17:42:30.5377930Z            192/421    45.6%  field:abilities.manaCostTier
unit	Workspace tests (vitest, coverage beacons on)	2026-09-08T17:42:30.5378606Z            205/370    55.4%  field:abilities.effects[]#chainLightning.amount.damageTier
unit	Workspace tests (vitest, coverage beacons on)	2026-09-08T17:42:30.5379020Z            212/421    50.4%  field:abilities.template
unit	Workspace tests (vitest, coverage beacons on)	2026-09-08T17:42:30.5379427Z            215/629    34.2%  field:vfx#vfx@1.stretched
unit	Workspace tests (vitest, coverage beacons on)	2026-09-08T17:42:30.5379852Z            215/629    34.2%  field:vfx#vfx@1.tailLength
unit	Workspace tests (vitest, coverage beacons on)	2026-09-08T17:42:30.5380486Z            229/233    98.3%  field:abilities.effects[]#applyBuff.modifiers[].value
unit	Workspace tests (vitest, coverage beacons on)	2026-09-08T17:42:30.5381055Z            258/258   100.0%  field:abilities.effects[]#damage.damageType
unit	Workspace tests (vitest, coverage beacons on)	2026-09-08T17:42:30.5381505Z            265/421    62.9%  field:abilities.targetsEnemies
unit	Workspace tests (vitest, coverage beacons on)	2026-09-08T17:42:30.5381882Z            280/629    44.5%  field:vfx#vfx@1.burstCount
unit	Workspace tests (vitest, coverage beacons on)	2026-09-08T17:42:30.5382235Z            288/629    45.8%  field:vfx#vfx@1.gravityY
unit	Workspace tests (vitest, coverage beacons on)	2026-09-08T17:42:30.5382890Z            289/370    78.1%  field:abilities.effects[]#chainLightning.amount.ratios
unit	Workspace tests (vitest, coverage beacons on)	2026-09-08T17:42:30.5383564Z            334/421    79.3%  field:abilities.cooldownTier
unit	Workspace tests (vitest, coverage beacons on)	2026-09-08T17:42:30.5384176Z            336/421    79.8%  field:abilities.castTimeSec
unit	Workspace tests (vitest, coverage beacons on)	2026-09-08T17:42:30.5384625Z            349/629    55.5%  field:vfx#vfx@1.rate
unit	Workspace tests (vitest, coverage beacons on)	2026-09-08T17:42:30.5384991Z            385/421    91.4%  field:abilities.vfxKey
unit	Workspace tests (vitest, coverage beacons on)	2026-09-08T17:42:30.5385364Z            413/421    98.1%  field:abilities.description
unit	Workspace tests (vitest, coverage beacons on)	2026-09-08T17:42:30.5385681Z            421/421   100.0%  field:abilities.icon
unit	Workspace tests (vitest, coverage beacons on)	2026-09-08T17:42:30.5386067Z            421/421   100.0%  field:abilities.provenance
unit	Workspace tests (vitest, coverage beacons on)	2026-09-08T17:42:30.5386423Z            593/629    94.3%  field:vfx#vfx@1.speed
unit	Workspace tests (vitest, coverage beacons on)	2026-09-08T17:42:30.5386811Z            627/629    99.7%  field:vfx#vfx@1.sizeStops
unit	Workspace tests (vitest, coverage beacons on)	2026-09-08T17:42:30.5387192Z            629/629   100.0%  field:vfx#vfx@1.colorStops
unit	Workspace tests (vitest, coverage beacons on)	2026-09-08T17:42:30.5387581Z            629/629   100.0%  field:vfx#vfx@1.texture
unit	Workspace tests (vitest, coverage beacons on)	2026-09-08T17:42:30.5387599Z 
unit	Workspace tests (vitest, coverage beacons on)	2026-09-08T17:42:30.5388138Z   ── enum (1988 reachable, 1057 at ZERO) ──
unit	Workspace tests (vitest, coverage beacons on)	2026-09-08T17:42:30.5388809Z     ZERO     0/10      0.0%  enum:abilities.augment.targets[].ops[].op=modifierValue
unit	Workspace tests (vitest, coverage beacons on)	2026-09-08T17:42:30.5389316Z     ZERO     0/10      0.0%  enum:abilities.augment.targets[].ops[].op=thresholdPct
unit	Workspace tests (vitest, coverage beacons on)	2026-09-08T17:42:30.5389698Z     ZERO     0/2       0.0%  enum:abilities.castTimeTier=中
unit	Workspace tests (vitest, coverage beacons on)	2026-09-08T17:42:30.5390074Z     ZERO     0/2       0.0%  enum:abilities.castTimeTier=大
unit	Workspace tests (vitest, coverage beacons on)	2026-09-08T17:42:30.5390488Z     ZERO     0/2       0.0%  enum:abilities.castTimeTier=極大
unit	Workspace tests (vitest, coverage beacons on)	2026-09-08T17:42:30.5390893Z     ZERO     0/2       0.0%  enum:abilities.castTimeTier=極小
unit	Workspace tests (vitest, coverage beacons on)	2026-09-08T17:42:30.5391312Z     ZERO     0/6       0.0%  enum:abilities.cooldownShape=範圍
unit	Workspace tests (vitest, coverage beacons on)	2026-09-08T17:42:30.5391712Z     ZERO     0/6       0.0%  enum:abilities.cooldownShape=變身
unit	Workspace tests (vitest, coverage beacons on)	2026-09-08T17:42:30.5392206Z     ZERO     0/2       0.0%  enum:abilities.effects[]#applyBuff.block.lethalBasis=hp
unit	Workspace tests (vitest, coverage beacons on)	2026-09-08T17:42:30.5392722Z     ZERO     0/28      0.0%  enum:abilities.effects[]#applyBuff.condition|0|1|0.op=!=
unit	Workspace tests (vitest, coverage beacons on)	2026-09-08T17:42:30.5393444Z     ZERO     0/28      0.0%  enum:abilities.effects[]#applyBuff.condition|0|1|0.op===
unit	Workspace tests (vitest, coverage beacons on)	2026-09-08T17:42:30.5394167Z     ZERO     0/26      0.0%  enum:abilities.effects[]#applyBuff.condition|0|1|1.stat=agi
unit	Workspace tests (vitest, coverage beacons on)	2026-09-08T17:42:30.5394792Z     ZERO     0/26      0.0%  enum:abilities.effects[]#applyBuff.condition|0|1|1.stat=armor
unit	Workspace tests (vitest, coverage beacons on)	2026-09-08T17:42:30.5395296Z     ZERO     0/26      0.0%  enum:abilities.effects[]#applyBuff.condition|0|1|1.stat=attackSpeed
unit	Workspace tests (vitest, coverage beacons on)	2026-09-08T17:42:30.5395815Z     ZERO     0/26      0.0%  enum:abilities.effects[]#applyBuff.condition|0|1|1.stat=int
unit	Workspace tests (vitest, coverage beacons on)	2026-09-08T17:42:30.5396398Z     ZERO     0/26      0.0%  enum:abilities.effects[]#applyBuff.condition|0|1|1.stat=magicResist
unit	Workspace tests (vitest, coverage beacons on)	2026-09-08T17:42:30.5396974Z     ZERO     0/26      0.0%  enum:abilities.effects[]#applyBuff.condition|0|1|1.stat=moveSpeed
unit	Workspace tests (vitest, coverage beacons on)	2026-09-08T17:42:30.5397485Z     ZERO     0/26      0.0%  enum:abilities.effects[]#applyBuff.condition|0|1|1.stat=str
unit	Workspace tests (vitest, coverage beacons on)	2026-09-08T17:42:30.5398010Z     ZERO     0/3       0.0%  enum:abilities.effects[]#applyBuff.condition|0|2.is=guardian
unit	Workspace tests (vitest, coverage beacons on)	2026-09-08T17:42:30.5398462Z     ZERO     0/3       0.0%  enum:abilities.effects[]#applyBuff.condition|0|2.is=mob
unit	Workspace tests (vitest, coverage beacons on)	2026-09-08T17:42:30.5398967Z     ZERO     0/3       0.0%  enum:abilities.effects[]#applyBuff.condition|0|2.is=summon
unit	Workspace tests (vitest, coverage beacons on)	2026-09-08T17:42:30.5399470Z     ZERO     0/7       0.0%  enum:abilities.effects[]#applyBuff.condition|0|5|1.slot=E
unit	Workspace tests (vitest, coverage beacons on)	2026-09-08T17:42:30.5399978Z     ZERO     0/7       0.0%  enum:abilities.effects[]#applyBuff.condition|0|5|1.slot=PASSIVE
unit	Workspace tests (vitest, coverage beacons on)	2026-09-08T17:42:30.5400430Z     ZERO     0/7       0.0%  enum:abilities.effects[]#applyBuff.condition|0|5|1.slot=R
unit	Workspace tests (vitest, coverage beacons on)	2026-09-08T17:42:30.5400826Z     ZERO     0/7       0.0%  enum:abilities.effects[]#applyBuff.condition|0|5|1.slot=W
unit	Workspace tests (vitest, coverage beacons on)	2026-09-08T17:42:30.5401238Z     ZERO     0/8       0.0%  enum:abilities.effects[]#applyBuff.condition|0|8.slot=E
unit	Workspace tests (vitest, coverage beacons on)	2026-09-08T17:42:30.5401712Z     ZERO     0/8       0.0%  enum:abilities.effects[]#applyBuff.condition|0|8.slot=PASSIVE
unit	Workspace tests (vitest, coverage beacons on)	2026-09-08T17:42:30.5402371Z     ZERO     0/8       0.0%  enum:abilities.effects[]#applyBuff.condition|0|8.slot=R
unit	Workspace tests (vitest, coverage beacons on)	2026-09-08T17:42:30.5402869Z     ZERO     0/8       0.0%  enum:abilities.effects[]#applyBuff.condition|0|8.slot=W
unit	Workspace tests (vitest, coverage beacons on)	2026-09-08T17:42:30.5403381Z     ZERO     0/13      0.0%  enum:abilities.effects[]#applyBuff.condition|0|9.form=base
unit	Workspace tests (vitest, coverage beacons on)	2026-09-08T17:42:30.5403936Z     ZERO     0/1       0.0%  enum:abilities.effects[]#applyBuff.critStrike.empowers=everyCrit
unit	Workspace tests (vitest, coverage beacons on)	2026-09-08T17:42:30.5404728Z     ZERO     0/1       0.0%  enum:abilities.effects[]#applyBuff.critStrike.lifestealMode=add
unit	Workspace tests (vitest, coverage beacons on)	2026-09-08T17:42:30.5405360Z     ZERO     0/4       0.0%  enum:abilities.effects[]#applyBuff.damageTypeOverride.impactType=converted
unit	Workspace tests (vitest, coverage beacons on)	2026-09-08T17:42:30.5405885Z     ZERO     0/7       0.0%  enum:abilities.effects[]#applyBuff.damageTypeOverride.scope=all
unit	Workspace tests (vitest, coverage beacons on)	2026-09-08T17:42:30.5406396Z     ZERO     0/1       0.0%  enum:abilities.effects[]#applyBuff.deathWard.beneficiary=team
unit	Workspace tests (vitest, coverage beacons on)	2026-09-08T17:42:30.5406848Z     ZERO     0/1       0.0%  enum:abilities.effects[]#applyBuff.deathWard.stacking=add
unit	Workspace tests (vitest, coverage beacons on)	2026-09-08T17:42:30.5407405Z     ZERO     0/2       0.0%  enum:abilities.effects[]#applyBuff.exclusiveOnExisting=reject
unit	Workspace tests (vitest, coverage beacons on)	2026-09-08T17:42:30.5407965Z     ZERO     0/1       0.0%  enum:abilities.effects[]#applyBuff.hooks[].chanceFrom.attr=int
unit	Workspace tests (vitest, coverage beacons on)	2026-09-08T17:42:30.5408487Z     ZERO     0/1       0.0%  enum:abilities.effects[]#applyBuff.hooks[].chanceFrom.attr=str
unit	Workspace tests (vitest, coverage beacons on)	2026-09-08T17:42:30.5408971Z     ZERO     0/1       0.0%  enum:abilities.effects[]#applyBuff.hooks[].chanceFrom.basis=base
unit	Workspace tests (vitest, coverage beacons on)	2026-09-08T17:42:30.5409396Z     ZERO     0/2       0.0%  enum:abilities.effects[]#applyBuff.hooks[].critSource=any
unit	Workspace tests (vitest, coverage beacons on)	2026-09-08T17:42:30.5409834Z     ZERO     0/3       0.0%  enum:abilities.effects[]#applyBuff.hooks[].damageCrit=any
unit	Workspace tests (vitest, coverage beacons on)	2026-09-08T17:42:30.5410299Z     ZERO     0/3       0.0%  enum:abilities.effects[]#applyBuff.hooks[].damageCrit=nonCrit
unit	Workspace tests (vitest, coverage beacons on)	2026-09-08T17:42:30.5410792Z     ZERO     0/9       0.0%  enum:abilities.effects[]#applyBuff.hooks[].damageSource=any
unit	Workspace tests (vitest, coverage beacons on)	2026-09-08T17:42:30.5411333Z     ZERO     0/9       0.0%  enum:abilities.effects[]#applyBuff.hooks[].damageSource=nonBasic
unit	Workspace tests (vitest, coverage beacons on)	2026-09-08T17:42:30.5412068Z     ZERO     0/9       0.0%  enum:abilities.effects[]#applyBuff.hooks[].damageSource=other
unit	Workspace tests (vitest, coverage beacons on)	2026-09-08T17:42:30.5412559Z     ZERO     0/6       0.0%  enum:abilities.effects[]#applyBuff.hooks[].damageType=any
unit	Workspace tests (vitest, coverage beacons on)	2026-09-08T17:42:30.5413087Z     ZERO     0/6       0.0%  enum:abilities.effects[]#applyBuff.hooks[].damageType=physical
unit	Workspace tests (vitest, coverage beacons on)	2026-09-08T17:42:30.5413614Z     ZERO     0/6       0.0%  enum:abilities.effects[]#applyBuff.hooks[].damageType=true
unit	Workspace tests (vitest, coverage beacons on)	2026-09-08T17:42:30.5414425Z     ZERO     0/2       0.0%  enum:abilities.effects[]#applyBuff.hooks[].internalCooldownScope=source
unit	Workspace tests (vitest, coverage beacons on)	2026-09-08T17:42:30.5414941Z     ZERO     0/246     0.0%  enum:abilities.effects[]#applyBuff.hooks[].on=onBoundaryTouch
unit	Workspace tests (vitest, coverage beacons on)	2026-09-08T17:42:30.5415493Z     ZERO     0/246     0.0%  enum:abilities.effects[]#applyBuff.hooks[].on=onCrowdControlApplied
unit	Workspace tests (vitest, coverage beacons on)	2026-09-08T17:42:30.5416045Z     ZERO     0/246     0.0%  enum:abilities.effects[]#applyBuff.hooks[].on=onGuardianDown
unit	Workspace tests (vitest, coverage beacons on)	2026-09-08T17:42:30.5416550Z     ZERO     0/246     0.0%  enum:abilities.effects[]#applyBuff.hooks[].on=onHeal
unit	Workspace tests (vitest, coverage beacons on)	2026-09-08T17:42:30.5417093Z     ZERO     0/246     0.0%  enum:abilities.effects[]#applyBuff.hooks[].on=onLethalDamage
unit	Workspace tests (vitest, coverage beacons on)	2026-09-08T17:42:30.5417632Z     ZERO     0/246     0.0%  enum:abilities.effects[]#applyBuff.hooks[].on=onProjectileExpire
unit	Workspace tests (vitest, coverage beacons on)	2026-09-08T17:42:30.5418131Z     ZERO     0/246     0.0%  enum:abilities.effects[]#applyBuff.hooks[].on=onRoundEnd
unit	Workspace tests (vitest, coverage beacons on)	2026-09-08T17:42:30.5418624Z     ZERO     0/246     0.0%  enum:abilities.effects[]#applyBuff.hooks[].on=onRoundStart
unit	Workspace tests (vitest, coverage beacons on)	2026-09-08T17:42:30.5419164Z     ZERO     0/246     0.0%  enum:abilities.effects[]#applyBuff.hooks[].on=onShieldBroken
unit	Workspace tests (vitest, coverage beacons on)	2026-09-08T17:42:30.5419713Z     ZERO     0/246     0.0%  enum:abilities.effects[]#applyBuff.hooks[].on=onShieldGained
unit	Workspace tests (vitest, coverage beacons on)	2026-09-08T17:42:30.5420249Z     ZERO     0/246     0.0%  enum:abilities.effects[]#applyBuff.hooks[].on=onUltimateHit
unit	Workspace tests (vitest, coverage beacons on)	2026-09-08T17:42:30.5420734Z     ZERO     0/3       0.0%  enum:abilities.effects[]#applyBuff.hooks[].onConsumed=stop
unit	Workspace tests (vitest, coverage beacons on)	2026-09-08T17:42:30.5421447Z     ZERO     0/2       0.0%  enum:abilities.effects[]#applyBuff.hooks[].reflectedDamageSource=any
unit	Workspace tests (vitest, coverage beacons on)	2026-09-08T17:42:30.5421959Z     ZERO     0/2       0.0%  enum:abilities.effects[]#applyBuff.hooks[].reflectedDamageSource=basic
unit	Workspace tests (vitest, coverage beacons on)	2026-09-08T17:42:30.5422543Z     ZERO     0/2       0.0%  enum:abilities.effects[]#applyBuff.hooks[].reflectedDamageSource=nonBasic
unit	Workspace tests (vitest, coverage beacons on)	2026-09-08T17:42:30.5423115Z     ZERO     0/2       0.0%  enum:abilities.effects[]#applyBuff.hooks[].reflectedDamageSource=other
unit	Workspace tests (vitest, coverage beacons on)	2026-09-08T17:42:30.5423687Z     ZERO     0/2       0.0%  enum:abilities.effects[]#applyBuff.hooks[].reflectedDamageType=any
unit	Workspace tests (vitest, coverage beacons on)	2026-09-08T17:42:30.5424511Z     ZERO     0/2       0.0%  enum:abilities.effects[]#applyBuff.hooks[].reflectedDamageType=physical
unit	Workspace tests (vitest, coverage beacons on)	2026-09-08T17:42:30.5425124Z     ZERO     0/2       0.0%  enum:abilities.effects[]#applyBuff.hooks[].reflectedDamageType=true
unit	Workspace tests (vitest, coverage beacons on)	2026-09-08T17:42:30.5425702Z     ZERO     0/44      0.0%  enum:abilities.effects[]#applyBuff.hooks[].victim=allyChampion
unit	Workspace tests (vitest, coverage beacons on)	2026-09-08T17:42:30.5426262Z     ZERO     0/1       0.0%  enum:abilities.effects[]#applyBuff.modifiers[].fromResource=hp
unit	Workspace tests (vitest, coverage beacons on)	2026-09-08T17:42:30.5427053Z     ZERO     0/21      0.0%  enum:abilities.effects[]#applyBuff.modifiers[].msBonusTier=極大
unit	Workspace tests (vitest, coverage beacons on)	2026-09-08T17:42:30.5427554Z     ZERO     0/1       0.0%  enum:abilities.effects[]#applyBuff.penetration.scope=ability
unit	Workspace tests (vitest, coverage beacons on)	2026-09-08T17:42:30.5428007Z     ZERO     0/1       0.0%  enum:abilities.effects[]#applyBuff.penetration.scope=all
unit	Workspace tests (vitest, coverage beacons on)	2026-09-08T17:42:30.5428431Z     ZERO     0/24      0.0%  enum:abilities.effects[]#blink.applyTo=target
unit	Workspace tests (vitest, coverage beacons on)	2026-09-08T17:42:30.5428867Z     ZERO     0/24      0.0%  enum:abilities.effects[]#blink.shape=circle
unit	Workspace tests (vitest, coverage beacons on)	2026-09-08T17:42:30.5429268Z     ZERO     0/24      0.0%  enum:abilities.effects[]#blink.to=caster
unit	Workspace tests (vitest, coverage beacons on)	2026-09-08T17:42:30.5429735Z     ZERO     0/1       0.0%  enum:abilities.effects[]#carry.onCarrierDeath=drop
unit	Workspace tests (vitest, coverage beacons on)	2026-09-08T17:42:30.5430147Z     ZERO     0/1       0.0%  enum:abilities.effects[]#carry.shape=single
unit	Workspace tests (vitest, coverage beacons on)	2026-09-08T17:42:30.5430807Z     ZERO     0/1       0.0%  enum:abilities.effects[]#carry.side=enemies
unit	Workspace tests (vitest, coverage beacons on)	2026-09-08T17:42:30.5431424Z     ZERO     0/1       0.0%  enum:abilities.effects[]#chainLightning.amount.attrRatios[].attr=agi
unit	Workspace tests (vitest, coverage beacons on)	2026-09-08T17:42:30.5432022Z     ZERO     0/1       0.0%  enum:abilities.effects[]#chainLightning.amount.attrRatios[].attr=int
unit	Workspace tests (vitest, coverage beacons on)	2026-09-08T17:42:30.5432629Z     ZERO     0/1       0.0%  enum:abilities.effects[]#chainLightning.amount.attrRatios[].basis=base
unit	Workspace tests (vitest, coverage beacons on)	2026-09-08T17:42:30.5433392Z     ZERO     0/49      0.0%  enum:abilities.effects[]#chainLightning.amount.damageTierPerRank[]=極大
unit	Workspace tests (vitest, coverage beacons on)	2026-09-08T17:42:30.5434116Z     ZERO     0/2       0.0%  enum:abilities.effects[]#chainLightning.amount.slotRankRatios[].slot=EX
unit	Workspace tests (vitest, coverage beacons on)	2026-09-08T17:42:30.5434808Z     ZERO     0/2       0.0%  enum:abilities.effects[]#chainLightning.amount.slotRankRatios[].slot=PASSIVE
unit	Workspace tests (vitest, coverage beacons on)	2026-09-08T17:42:30.5435384Z     ZERO     0/2       0.0%  enum:abilities.effects[]#chainLightning.amount.slotRankRatios[].slot=R
unit	Workspace tests (vitest, coverage beacons on)	2026-09-08T17:42:30.5436040Z     ZERO     0/4       0.0%  enum:abilities.effects[]#chainLightning.centre=target
unit	Workspace tests (vitest, coverage beacons on)	2026-09-08T17:42:30.5436512Z     ZERO     0/4       0.0%  enum:abilities.effects[]#chainLightning.shape=single
unit	Workspace tests (vitest, coverage beacons on)	2026-09-08T17:42:30.5436932Z     ZERO     0/33      0.0%  enum:abilities.effects[]#championForm.to=base
unit	Workspace tests (vitest, coverage beacons on)	2026-09-08T17:42:30.5437365Z     ZERO     0/2       0.0%  enum:abilities.effects[]#comboStrikes.shape=circle
unit	Workspace tests (vitest, coverage beacons on)	2026-09-08T17:42:30.5437942Z     ZERO     0/2       0.0%  enum:abilities.effects[]#comboStrikes.strikeReposition.who=victim
unit	Workspace tests (vitest, coverage beacons on)	2026-09-08T17:42:30.5438400Z     ZERO     0/1       0.0%  enum:abilities.effects[]#convertTeam.shape=circle
unit	Workspace tests (vitest, coverage beacons on)	2026-09-08T17:42:30.5438870Z     ZERO     0/1       0.0%  enum:abilities.effects[]#convertTeam.until=duration
unit	Workspace tests (vitest, coverage beacons on)	2026-09-08T17:42:30.5439348Z     ZERO     0/1       0.0%  enum:abilities.effects[]#convertTeam.until=roundEnd
unit	Workspace tests (vitest, coverage beacons on)	2026-09-08T17:42:30.5439824Z     ZERO     0/1       0.0%  enum:abilities.effects[]#cycleBuff.applyTo=target
unit	Workspace tests (vitest, coverage beacons on)	2026-09-08T17:42:30.5440538Z     ZERO     0/1       0.0%  enum:abilities.effects[]#damage.refund.basis=mitigated
unit	Workspace tests (vitest, coverage beacons on)	2026-09-08T17:42:30.5441101Z     ZERO     0/11      0.0%  enum:abilities.effects[]#dash.distanceTier=中
unit	Workspace tests (vitest, coverage beacons on)	2026-09-08T17:42:30.5441577Z     ZERO     0/11      0.0%  enum:abilities.effects[]#dash.distanceTier=小
unit	Workspace tests (vitest, coverage beacons on)	2026-09-08T17:42:30.5441983Z     ZERO     0/2       0.0%  enum:abilities.effects[]#delayed.advance.dir=target
unit	Workspace tests (vitest, coverage beacons on)	2026-09-08T17:42:30.5442365Z     ZERO     0/8       0.0%  enum:abilities.effects[]#delayed.anchor=point
unit	Workspace tests (vitest, coverage beacons on)	2026-09-08T17:42:30.5442804Z     ZERO     0/2       0.0%  enum:abilities.effects[]#delayed.strikeReposition.who=caster
unit	Workspace tests (vitest, coverage beacons on)	2026-09-08T17:42:30.5443176Z     ZERO     0/2       0.0%  enum:abilities.effects[]#devour.side=allies
unit	Workspace tests (vitest, coverage beacons on)	2026-09-08T17:42:30.5443602Z     ZERO     0/5       0.0%  enum:abilities.effects[]#dispel.order=oldest
unit	Workspace tests (vitest, coverage beacons on)	2026-09-08T17:42:30.5444243Z     ZERO     0/18      0.0%  enum:abilities.effects[]#dispel.polarity=any
unit	Workspace tests (vitest, coverage beacons on)	2026-09-08T17:42:30.5444711Z     ZERO     0/2       0.0%  enum:abilities.effects[]#dot.resourcePctPhase=onApply
unit	Workspace tests (vitest, coverage beacons on)	2026-09-08T17:42:30.5445117Z     ZERO     0/23      0.0%  enum:abilities.effects[]#dot.stacking=stack
unit	Workspace tests (vitest, coverage beacons on)	2026-09-08T17:42:30.5445611Z     ZERO     0/4       0.0%  enum:abilities.effects[]#eventValueConversion.basis=mitigated
unit	Workspace tests (vitest, coverage beacons on)	2026-09-08T17:42:30.5446027Z     ZERO     0/4       0.0%  enum:abilities.effects[]#eventValueConversion.basis=raw
unit	Workspace tests (vitest, coverage beacons on)	2026-09-08T17:42:30.5446468Z     ZERO     0/5       0.0%  enum:abilities.effects[]#eventValueConversion.shape=circle
unit	Workspace tests (vitest, coverage beacons on)	2026-09-08T17:42:30.5447046Z     ZERO     0/5       0.0%  enum:abilities.effects[]#eventValueConversion.source=targetCurrentHealth
unit	Workspace tests (vitest, coverage beacons on)	2026-09-08T17:42:30.5447512Z     ZERO     0/5       0.0%  enum:abilities.effects[]#eventValueConversion.who=target
unit	Workspace tests (vitest, coverage beacons on)	2026-09-08T17:42:30.5447927Z     ZERO     0/2       0.0%  enum:abilities.effects[]#extendBuff.shape=circle
unit	Workspace tests (vitest, coverage beacons on)	2026-09-08T17:42:30.5448363Z     ZERO     0/2       0.0%  enum:abilities.effects[]#extendBuff.who=target
unit	Workspace tests (vitest, coverage beacons on)	2026-09-08T17:42:30.5448792Z     ZERO     0/2       0.0%  enum:abilities.effects[]#floatingText.driftFrom=world
unit	Workspace tests (vitest, coverage beacons on)	2026-09-08T17:42:30.5449504Z     ZERO     0/16      0.0%  enum:abilities.effects[]#floatingText.shape=circle
unit	Workspace tests (vitest, coverage beacons on)	2026-09-08T17:42:30.5449965Z     ZERO     0/2       0.0%  enum:abilities.effects[]#grantAttribute.store=champion
unit	Workspace tests (vitest, coverage beacons on)	2026-09-08T17:42:30.5450393Z     ZERO     0/4       0.0%  enum:abilities.effects[]#grantGold.to=target
unit	Workspace tests (vitest, coverage beacons on)	2026-09-08T17:42:30.5450779Z     ZERO     0/1       0.0%  enum:abilities.effects[]#grantXp.to=target
unit	Workspace tests (vitest, coverage beacons on)	2026-09-08T17:42:30.5451213Z     ZERO     0/21      0.0%  enum:abilities.effects[]#invulnerable.applyTo=target
unit	Workspace tests (vitest, coverage beacons on)	2026-09-08T17:42:30.5451717Z     ZERO     0/21      0.0%  enum:abilities.effects[]#invulnerable.blocksDamage=magic
unit	Workspace tests (vitest, coverage beacons on)	2026-09-08T17:42:30.5452239Z     ZERO     0/21      0.0%  enum:abilities.effects[]#invulnerable.blocksDamage=physical
unit	Workspace tests (vitest, coverage beacons on)	2026-09-08T17:42:30.5452683Z     ZERO     0/2       0.0%  enum:abilities.effects[]#knockback.applyTo=self
unit	Workspace tests (vitest, coverage beacons on)	2026-09-08T17:42:30.5453120Z     ZERO     0/25      0.0%  enum:abilities.effects[]#knockback.from=facing
unit	Workspace tests (vitest, coverage beacons on)	2026-09-08T17:42:30.5453563Z     ZERO     0/1       0.0%  enum:abilities.effects[]#manaBarrier.shape=circle
unit	Workspace tests (vitest, coverage beacons on)	2026-09-08T17:42:30.5453946Z     ZERO     0/1       0.0%  enum:abilities.effects[]#manaBarrier.who=target
unit	Workspace tests (vitest, coverage beacons on)	2026-09-08T17:42:30.5454566Z     ZERO     0/2       0.0%  enum:abilities.effects[]#modifyCooldown.basis=base
unit	Workspace tests (vitest, coverage beacons on)	2026-09-08T17:42:30.5455126Z     ZERO     0/1       0.0%  enum:abilities.effects[]#modifyCooldown.hookScope=allSources
unit	Workspace tests (vitest, coverage beacons on)	2026-09-08T17:42:30.5455644Z     ZERO     0/17      0.0%  enum:abilities.effects[]#modifyCooldown.mode=reduceFlat
unit	Workspace tests (vitest, coverage beacons on)	2026-09-08T17:42:30.5456139Z     ZERO     0/17      0.0%  enum:abilities.effects[]#modifyCooldown.shape=circle
unit	Workspace tests (vitest, coverage beacons on)	2026-09-08T17:42:30.5456673Z     ZERO     0/1       0.0%  enum:abilities.effects[]#modifyCooldown.target=abilitySlot
unit	Workspace tests (vitest, coverage beacons on)	2026-09-08T17:42:30.5457127Z     ZERO     0/17      0.0%  enum:abilities.effects[]#modifyCooldown.who=target
unit	Workspace tests (vitest, coverage beacons on)	2026-09-08T17:42:30.5457584Z     ZERO     0/8       0.0%  enum:abilities.effects[]#proxyCast.payCosts=mana
unit	Workspace tests (vitest, coverage beacons on)	2026-09-08T17:42:30.5458087Z     ZERO     0/8       0.0%  enum:abilities.effects[]#proxyCast.payCosts=manaAndCooldown
unit	Workspace tests (vitest, coverage beacons on)	2026-09-08T17:42:30.5458747Z     ZERO     0/5       0.0%  enum:abilities.effects[]#proxyCast.rankMode=fixed
unit	Workspace tests (vitest, coverage beacons on)	2026-09-08T17:42:30.5464743Z     ZERO     0/8       0.0%  enum:abilities.effects[]#proxyCast.shape=circle
unit	Workspace tests (vitest, coverage beacons on)	2026-09-08T17:42:30.5465633Z     ZERO     0/10      0.0%  enum:abilities.effects[]#randomArea.who=target
unit	Workspace tests (vitest, coverage beacons on)	2026-09-08T17:42:30.5466086Z     ZERO     0/4       0.0%  enum:abilities.effects[]#revive.side=any
unit	Workspace tests (vitest, coverage beacons on)	2026-09-08T17:42:30.5466578Z     ZERO     0/4       0.0%  enum:abilities.effects[]#revive.teamCharge=requireAndSpend
unit	Workspace tests (vitest, coverage beacons on)	2026-09-08T17:42:30.5467047Z     ZERO     0/9       0.0%  enum:abilities.effects[]#screenFlash.shape=circle
unit	Workspace tests (vitest, coverage beacons on)	2026-09-08T17:42:30.5467498Z     ZERO     0/28      0.0%  enum:abilities.effects[]#screenShake.applyTo=self
unit	Workspace tests (vitest, coverage beacons on)	2026-09-08T17:42:30.5468075Z     ZERO     0/28      0.0%  enum:abilities.effects[]#screenShake.applyTo=victim
unit	Workspace tests (vitest, coverage beacons on)	2026-09-08T17:42:30.5468551Z     ZERO     0/6       0.0%  enum:abilities.effects[]#shield.absorbs=physical
unit	Workspace tests (vitest, coverage beacons on)	2026-09-08T17:42:30.5469013Z     ZERO     0/6       0.0%  enum:abilities.effects[]#shield.absorbs=true
unit	Workspace tests (vitest, coverage beacons on)	2026-09-08T17:42:30.5469473Z     ZERO     0/2       0.0%  enum:abilities.effects[]#shieldBreak.order=oldest
unit	Workspace tests (vitest, coverage beacons on)	2026-09-08T17:42:30.5469913Z     ZERO     0/2       0.0%  enum:abilities.effects[]#shieldBreak.shape=circle
unit	Workspace tests (vitest, coverage beacons on)	2026-09-08T17:42:30.5470349Z     ZERO     0/23      0.0%  enum:abilities.effects[]#spawnModelFx.anchor=bone
unit	Workspace tests (vitest, coverage beacons on)	2026-09-08T17:42:30.5470799Z     ZERO     0/23      0.0%  enum:abilities.effects[]#spawnModelFx.anchor=point
unit	Workspace tests (vitest, coverage beacons on)	2026-09-08T17:42:30.5471187Z     ZERO     0/14      0.0%  enum:abilities.effects[]#spawnModelFx.path=radial
unit	Workspace tests (vitest, coverage beacons on)	2026-09-08T17:42:30.5471580Z     ZERO     0/14      0.0%  enum:abilities.effects[]#spawnModelFx.path=static
unit	Workspace tests (vitest, coverage beacons on)	2026-09-08T17:42:30.5471999Z     ZERO     0/90      0.0%  enum:abilities.effects[]#spawnModelFx.shape=circle
unit	Workspace tests (vitest, coverage beacons on)	2026-09-08T17:42:30.5472462Z     ZERO     0/4       0.0%  enum:abilities.effects[]#spawnModelFx.touchSide=allies
unit	Workspace tests (vitest, coverage beacons on)	2026-09-08T17:42:30.5472914Z     ZERO     0/12      0.0%  enum:abilities.effects[]#spawnVfx.boneOn=caster
unit	Workspace tests (vitest, coverage beacons on)	2026-09-08T17:42:30.5473494Z     ZERO     0/4       0.0%  enum:abilities.effects[]#summon.at=self
unit	Workspace tests (vitest, coverage beacons on)	2026-09-08T17:42:30.5473883Z     ZERO     0/4       0.0%  enum:abilities.effects[]#summon.at=target
unit	Workspace tests (vitest, coverage beacons on)	2026-09-08T17:42:30.5474516Z     ZERO     0/7       0.0%  enum:abilities.effects[]#summon.body=champion
unit	Workspace tests (vitest, coverage beacons on)	2026-09-08T17:42:30.5474930Z     ZERO     0/3       0.0%  enum:abilities.effects[]#summon.formation=line
unit	Workspace tests (vitest, coverage beacons on)	2026-09-08T17:42:30.5475367Z     ZERO     0/3       0.0%  enum:abilities.effects[]#summon.formation=scatter
unit	Workspace tests (vitest, coverage beacons on)	2026-09-08T17:42:30.5475817Z     ZERO     0/5       0.0%  enum:abilities.effects[]#summon.onOwnerDeath=persist
unit	Workspace tests (vitest, coverage beacons on)	2026-09-08T17:42:30.5476245Z     ZERO     0/4       0.0%  enum:abilities.effects[]#summon.team=neutral
unit	Workspace tests (vitest, coverage beacons on)	2026-09-08T17:42:30.5476719Z     ZERO     0/1       0.0%  enum:abilities.effects[]#swapResource.resource=mana
unit	Workspace tests (vitest, coverage beacons on)	2026-09-08T17:42:30.5477153Z     ZERO     0/1       0.0%  enum:abilities.effects[]#swapResource.shape=circle
unit	Workspace tests (vitest, coverage beacons on)	2026-09-08T17:42:30.5477573Z     ZERO     0/1       0.0%  enum:abilities.effects[]#taunt.forcedTarget=caster
unit	Workspace tests (vitest, coverage beacons on)	2026-09-08T17:42:30.5477969Z     ZERO     0/1       0.0%  enum:abilities.effects[]#taunt.side=enemies
unit	Workspace tests (vitest, coverage beacons on)	2026-09-08T17:42:30.5478600Z     ZERO     0/4       0.0%  enum:abilities.effects[]#weightedBranch.branches[].weightFrom.attr=int
unit	Workspace tests (vitest, coverage beacons on)	2026-09-08T17:42:30.5479195Z     ZERO     0/4       0.0%  enum:abilities.effects[]#weightedBranch.branches[].weightFrom.attr=str
unit	Workspace tests (vitest, coverage beacons on)	2026-09-08T17:42:30.5479583Z     ZERO     0/43      0.0%  enum:abilities.hitFeel.sparkKind=counter
unit	Workspace tests (vitest, coverage beacons on)	2026-09-08T17:42:30.5479916Z     ZERO     0/43      0.0%  enum:abilities.hitFeel.sparkKind=hit
unit	Workspace tests (vitest, coverage beacons on)	2026-09-08T17:42:30.5480282Z     ZERO     0/2       0.0%  enum:abilities.innateActivePassive=skip
unit	Workspace tests (vitest, coverage beacons on)	2026-09-08T17:42:30.5480611Z     ZERO     0/2       0.0%  enum:abilities.interruptOn=none
unit	Workspace tests (vitest, coverage beacons on)	2026-09-08T17:42:30.5481181Z     ZERO     0/257     0.0%  enum:abilities.manaCostTier=極大
unit	Workspace tests (vitest, coverage beacons on)	2026-09-08T17:42:30.5481606Z     ZERO     0/2       0.0%  enum:abilities.marks[].lethal.restoreMode=clamp
unit	Workspace tests (vitest, coverage beacons on)	2026-09-08T17:42:30.5482188Z     ZERO     0/3       0.0%  enum:abilities.marks[].resetOn=never
unit	Workspace tests (vitest, coverage beacons on)	2026-09-08T17:42:30.5482648Z     ZERO     0/9       0.0%  enum:abilities.passive.ranks[].auras[].affects=all
unit	Workspace tests (vitest, coverage beacons on)	2026-09-08T17:42:30.5483154Z     ZERO     0/1       0.0%  enum:abilities.passive.ranks[].auras[].scaleByNearby.count=all
unit	Workspace tests (vitest, coverage beacons on)	2026-09-08T17:42:30.5483728Z     ZERO     0/1       0.0%  enum:abilities.passive.ranks[].auras[].scaleByNearby.count=enemy
unit	Workspace tests (vitest, coverage beacons on)	2026-09-08T17:42:30.5484362Z     ZERO     0/10      0.0%  enum:abilities.passive.ranks[].whileForm=any
unit	Workspace tests (vitest, coverage beacons on)	2026-09-08T17:42:30.5484818Z     ZERO     0/10      0.0%  enum:abilities.passive.ranks[].whileForm=base
unit	Workspace tests (vitest, coverage beacons on)	2026-09-08T17:42:30.5485209Z     ZERO     0/492     0.0%  enum:abilities.provenance=editor-json
unit	Workspace tests (vitest, coverage beacons on)	2026-09-08T17:42:30.5485585Z     ZERO     0/492     0.0%  enum:abilities.provenance=jass-verified
unit	Workspace tests (vitest, coverage beacons on)	2026-09-08T17:42:30.5485929Z     ZERO     0/492     0.0%  enum:abilities.provenance=w3x-tooltip
unit	Workspace tests (vitest, coverage beacons on)	2026-09-08T17:42:30.5486310Z     ZERO     0/2       0.0%  enum:abilities.toggle.upkeepCadence=none
unit	Workspace tests (vitest, coverage beacons on)	2026-09-08T17:42:30.5486720Z     ZERO     0/2       0.0%  enum:abilities.toggle.upkeepCadence=perSecond
unit	Workspace tests (vitest, coverage beacons on)	2026-09-08T17:42:30.5487100Z     ZERO     0/24      0.0%  enum:abilities.vfxLayers[].attachTo=caster
unit	Workspace tests (vitest, coverage beacons on)	2026-09-08T17:42:30.5487479Z     ZERO     0/16      0.0%  enum:arenas.backdrop.layers[].profile=waves
unit	Workspace tests (vitest, coverage beacons on)	2026-09-08T17:42:30.5487836Z     ZERO     0/20      0.0%  enum:arenas.scenery.lighting.wave=none
unit	Workspace tests (vitest, coverage beacons on)	2026-09-08T17:42:30.5488197Z     ZERO     0/1       0.0%  enum:arenas.zones[].gateHolds[].mode=close
unit	Workspace tests (vitest, coverage beacons on)	2026-09-08T17:42:30.5488581Z     ZERO     0/7       0.0%  enum:arenas.zones[].interactions[].kind=channel
unit	Workspace tests (vitest, coverage beacons on)	2026-09-08T17:42:30.5488992Z     ZERO     0/1       0.0%  enum:augments.eligibility.onlyAttackType=melee
unit	Workspace tests (vitest, coverage beacons on)	2026-09-08T17:42:30.5489481Z     ZERO     0/49      0.0%  enum:champions.msGrowthTier=中
unit	Workspace tests (vitest, coverage beacons on)	2026-09-08T17:42:30.5489866Z     ZERO     0/49      0.0%  enum:champions.msGrowthTier=大
unit	Workspace tests (vitest, coverage beacons on)	2026-09-08T17:42:30.5490234Z     ZERO     0/49      0.0%  enum:champions.msGrowthTier=小
unit	Workspace tests (vitest, coverage beacons on)	2026-09-08T17:42:30.5490915Z     ZERO     0/49      0.0%  enum:champions.msGrowthTier=極大
unit	Workspace tests (vitest, coverage beacons on)	2026-09-08T17:42:30.5491407Z     ZERO     0/1       0.0%  enum:config#config.ambient-vfx@1.bindings{}[].whileToggle=E
unit	Workspace tests (vitest, coverage beacons on)	2026-09-08T17:42:30.5491915Z     ZERO     0/1       0.0%  enum:config#config.ambient-vfx@1.bindings{}[].whileToggle=EX
unit	Workspace tests (vitest, coverage beacons on)	2026-09-08T17:42:30.5492485Z     ZERO     0/1       0.0%  enum:config#config.ambient-vfx@1.bindings{}[].whileToggle=PASSIVE
unit	Workspace tests (vitest, coverage beacons on)	2026-09-08T17:42:30.5493030Z     ZERO     0/1       0.0%  enum:config#config.ambient-vfx@1.bindings{}[].whileToggle=Q
unit	Workspace tests (vitest, coverage beacons on)	2026-09-08T17:42:30.5493512Z     ZERO     0/1       0.0%  enum:config#config.ambient-vfx@1.bindings{}[].whileToggle=R
unit	Workspace tests (vitest, coverage beacons on)	2026-09-08T17:42:30.5494237Z     ZERO     0/1       0.0%  enum:config#config.ap-damage-scaling@1.apRatioMode=replace
unit	Workspace tests (vitest, coverage beacons on)	2026-09-08T17:42:30.5494696Z     ZERO     0/1       0.0%  enum:config#config.ap-damage-scaling@1.scope=all
unit	Workspace tests (vitest, coverage beacons on)	2026-09-08T17:42:30.5495115Z     ZERO     0/1       0.0%  enum:config#config.ap-damage-scaling@1.scope=basic
unit	Workspace tests (vitest, coverage beacons on)	2026-09-08T17:42:30.5495603Z     ZERO     0/1       0.0%  enum:config#config.arena-rules@1.augmentTiers[].limitScope=team
unit	Workspace tests (vitest, coverage beacons on)	2026-09-08T17:42:30.5496045Z     ZERO     0/1       0.0%  enum:config#config.arena-rules@1.augmentTiers[].table=silver
unit	Workspace tests (vitest, coverage beacons on)	2026-09-08T17:42:30.5496491Z     ZERO     0/1       0.0%  enum:config#config.arena-rules@1.draftConflict=alternate
unit	Workspace tests (vitest, coverage beacons on)	2026-09-08T17:42:30.5496938Z     ZERO     0/1       0.0%  enum:config#config.arena-rules@1.draftConflict=both
unit	Workspace tests (vitest, coverage beacons on)	2026-09-08T17:42:30.5497405Z     ZERO     0/1       0.0%  enum:config#config.arena-rules@1.draftConflict=grail-wins
unit	Workspace tests (vitest, coverage beacons on)	2026-09-08T17:42:30.5497853Z     ZERO     0/1       0.0%  enum:config#config.arena-rules@1.draftConflict=weapon-wins
unit	Workspace tests (vitest, coverage beacons on)	2026-09-08T17:42:30.5498363Z     ZERO     0/1       0.0%  enum:config#config.arena-rules@1.grailDraft.legacyPool=include
unit	Workspace tests (vitest, coverage beacons on)	2026-09-08T17:42:30.5498943Z     ZERO     0/1       0.0%  enum:config#config.arena-rules@1.itemDraft.shortPoolMode=duplicate
unit	Workspace tests (vitest, coverage beacons on)	2026-09-08T17:42:30.5499494Z     ZERO     0/1       0.0%  enum:config#config.arena-rules@1.itemDraft.shortPoolMode=fallback
unit	Workspace tests (vitest, coverage beacons on)	2026-09-08T17:42:30.5500269Z     ZERO     0/1       0.0%  enum:config#config.arena-rules@1.mobWaves.boss.championSource=inherit
unit	Workspace tests (vitest, coverage beacons on)	2026-09-08T17:42:30.5500785Z     ZERO     0/1       0.0%  enum:config#config.arena-rules@1.mobWaves.boss.healthBarAnchor=bottom
unit	Workspace tests (vitest, coverage beacons on)	2026-09-08T17:42:30.5501284Z     ZERO     0/1       0.0%  enum:config#config.arena-rules@1.mobWaves.boss.healthBarReveal=sighted
unit	Workspace tests (vitest, coverage beacons on)	2026-09-08T17:42:30.5501799Z     ZERO     0/1       0.0%  enum:config#config.arena-rules@1.mobWaves.boss.heroLevelSource=fixed
unit	Workspace tests (vitest, coverage beacons on)	2026-09-08T17:42:30.5502411Z     ZERO     0/1       0.0%  enum:config#config.arena-rules@1.mobWaves.boss.heroLevelSource=matchHighest
unit	Workspace tests (vitest, coverage beacons on)	2026-09-08T17:42:30.5502967Z     ZERO     0/1       0.0%  enum:config#config.arena-rules@1.mobWaves.boss.heroLevelSource=round
unit	Workspace tests (vitest, coverage beacons on)	2026-09-08T17:42:30.5503638Z     ZERO     0/1       0.0%  enum:config#config.arena-rules@1.mobWaves.boss.king.learnRankMode=fixed
unit	Workspace tests (vitest, coverage beacons on)	2026-09-08T17:42:30.5504458Z     ZERO     0/1       0.0%  enum:config#config.arena-rules@1.mobWaves.boss.king.targetPreference=nearest
unit	Workspace tests (vitest, coverage beacons on)	2026-09-08T17:42:30.5505051Z     ZERO     0/1       0.0%  enum:config#config.arena-rules@1.mobWaves.boss.lastHitMode=weight
unit	Workspace tests (vitest, coverage beacons on)	2026-09-08T17:42:30.5505638Z     ZERO     0/1       0.0%  enum:config#config.arena-rules@1.mobWaves.boss.maxPerRoundScope=match
unit	Workspace tests (vitest, coverage beacons on)	2026-09-08T17:42:30.5506148Z     ZERO     0/1       0.0%  enum:config#config.arena-rules@1.mobWaves.roundHoldMobKinds=any
unit	Workspace tests (vitest, coverage beacons on)	2026-09-08T17:42:30.5506798Z     ZERO     0/1       0.0%  enum:config#config.arena-rules@1.mobWaves.roundHoldMobKinds=bossAndSpecial
unit	Workspace tests (vitest, coverage beacons on)	2026-09-08T17:42:30.5507370Z     ZERO     0/1       0.0%  enum:config#config.arena-rules@1.mobWaves.roundHoldMobKinds=none
unit	Workspace tests (vitest, coverage beacons on)	2026-09-08T17:42:30.5507938Z     ZERO     0/1       0.0%  enum:config#config.arena-rules@1.mobWaves.special.lastHitMode=weight
unit	Workspace tests (vitest, coverage beacons on)	2026-09-08T17:42:30.5508503Z     ZERO     0/1       0.0%  enum:config#config.arena-rules@1.mobWaves.special.settlementMode=off
unit	Workspace tests (vitest, coverage beacons on)	2026-09-08T17:42:30.5509053Z     ZERO     0/1       0.0%  enum:config#config.arena-rules@1.mobWaves.special.settlementMode=toast
unit	Workspace tests (vitest, coverage beacons on)	2026-09-08T17:42:30.5509682Z     ZERO     0/1       0.0%  enum:config#config.audio-map@1.rankUpAudience=all
unit	Workspace tests (vitest, coverage beacons on)	2026-09-08T17:42:30.5510176Z     ZERO     0/1       0.0%  enum:config#config.audio-mix@1.voice.roundEndMachineVoice=fallback
unit	Workspace tests (vitest, coverage beacons on)	2026-09-08T17:42:30.5510650Z     ZERO     0/1       0.0%  enum:config#config.audio-mix@1.voice.roundEndMachineVoice=on
unit	Workspace tests (vitest, coverage beacons on)	2026-09-08T17:42:30.5511544Z     ZERO     0/1       0.0%  enum:config#config.authoring-rules@1.proportionality.minDamageTier.單體.中=大
unit	Workspace tests (vitest, coverage beacons on)	2026-09-08T17:42:30.5512284Z     ZERO     0/1       0.0%  enum:config#config.authoring-rules@1.proportionality.minDamageTier.單體.中=小
unit	Workspace tests (vitest, coverage beacons on)	2026-09-08T17:42:30.5512998Z     ZERO     0/1       0.0%  enum:config#config.authoring-rules@1.proportionality.minDamageTier.單體.中=極大
unit	Workspace tests (vitest, coverage beacons on)	2026-09-08T17:42:30.5513729Z     ZERO     0/1       0.0%  enum:config#config.authoring-rules@1.proportionality.minDamageTier.單體.中=極小
unit	Workspace tests (vitest, coverage beacons on)	2026-09-08T17:42:30.5514610Z     ZERO     0/1       0.0%  enum:config#config.authoring-rules@1.proportionality.minDamageTier.單體.大=中
unit	Workspace tests (vitest, coverage beacons on)	2026-09-08T17:42:30.5515367Z     ZERO     0/1       0.0%  enum:config#config.authoring-rules@1.proportionality.minDamageTier.單體.大=小
unit	Workspace tests (vitest, coverage beacons on)	2026-09-08T17:42:30.5516034Z     ZERO     0/1       0.0%  enum:config#config.authoring-rules@1.proportionality.minDamageTier.單體.大=極大
unit	Workspace tests (vitest, coverage beacons on)	2026-09-08T17:42:30.5516683Z     ZERO     0/1       0.0%  enum:config#config.authoring-rules@1.proportionality.minDamageTier.單體.大=極小
unit	Workspace tests (vitest, coverage beacons on)	2026-09-08T17:42:30.5517381Z     ZERO     0/1       0.0%  enum:config#config.authoring-rules@1.proportionality.minDamageTier.單體.小=中
unit	Workspace tests (vitest, coverage beacons on)	2026-09-08T17:42:30.5518122Z     ZERO     0/1       0.0%  enum:config#config.authoring-rules@1.proportionality.minDamageTier.單體.小=大
unit	Workspace tests (vitest, coverage beacons on)	2026-09-08T17:42:30.5518826Z     ZERO     0/1       0.0%  enum:config#config.authoring-rules@1.proportionality.minDamageTier.單體.小=極大
unit	Workspace tests (vitest, coverage beacons on)	2026-09-08T17:42:30.5519573Z     ZERO     0/1       0.0%  enum:config#config.authoring-rules@1.proportionality.minDamageTier.單體.小=極小
unit	Workspace tests (vitest, coverage beacons on)	2026-09-08T17:42:30.5520336Z     ZERO     0/1       0.0%  enum:config#config.authoring-rules@1.proportionality.minDamageTier.單體.極大=中
unit	Workspace tests (vitest, coverage beacons on)	2026-09-08T17:42:30.5521415Z     ZERO     0/1       0.0%  enum:config#config.authoring-rules@1.proportionality.minDamageTier.單體.極大=大
unit	Workspace tests (vitest, coverage beacons on)	2026-09-08T17:42:30.5522166Z     ZERO     0/1       0.0%  enum:config#config.authoring-rules@1.proportionality.minDamageTier.單體.極大=小
unit	Workspace tests (vitest, coverage beacons on)	2026-09-08T17:42:30.5523064Z     ZERO     0/1       0.0%  enum:config#config.authoring-rules@1.proportionality.minDamageTier.單體.極大=極小
unit	Workspace tests (vitest, coverage beacons on)	2026-09-08T17:42:30.5523883Z     ZERO     0/1       0.0%  enum:config#config.authoring-rules@1.proportionality.minDamageTier.單體.極小=中
unit	Workspace tests (vitest, coverage beacons on)	2026-09-08T17:42:30.5524845Z     ZERO     0/1       0.0%  enum:config#config.authoring-rules@1.proportionality.minDamageTier.單體.極小=大
unit	Workspace tests (vitest, coverage beacons on)	2026-09-08T17:42:30.5525583Z     ZERO     0/1       0.0%  enum:config#config.authoring-rules@1.proportionality.minDamageTier.單體.極小=小
unit	Workspace tests (vitest, coverage beacons on)	2026-09-08T17:42:30.5526282Z     ZERO     0/1       0.0%  enum:config#config.authoring-rules@1.proportionality.minDamageTier.單體.極小=極大
unit	Workspace tests (vitest, coverage beacons on)	2026-09-08T17:42:30.5526825Z     ZERO     0/1       0.0%  enum:config#config.authoring-rules@1.proportionality.minDamageTier.範圍.中=大
unit	Workspace tests (vitest, coverage beacons on)	2026-09-08T17:42:30.5527299Z     ZERO     0/1       0.0%  enum:config#config.authoring-rules@1.proportionality.minDamageTier.範圍.中=小
unit	Workspace tests (vitest, coverage beacons on)	2026-09-08T17:42:30.5527773Z     ZERO     0/1       0.0%  enum:config#config.authoring-rules@1.proportionality.minDamageTier.範圍.中=極大
unit	Workspace tests (vitest, coverage beacons on)	2026-09-08T17:42:30.5528250Z     ZERO     0/1       0.0%  enum:config#config.authoring-rules@1.proportionality.minDamageTier.範圍.中=極小
unit	Workspace tests (vitest, coverage beacons on)	2026-09-08T17:42:30.5528721Z     ZERO     0/1       0.0%  enum:config#config.authoring-rules@1.proportionality.minDamageTier.範圍.大=中
unit	Workspace tests (vitest, coverage beacons on)	2026-09-08T17:42:30.5529189Z     ZERO     0/1       0.0%  enum:config#config.authoring-rules@1.proportionality.minDamageTier.範圍.大=小
unit	Workspace tests (vitest, coverage beacons on)	2026-09-08T17:42:30.5529667Z     ZERO     0/1       0.0%  enum:config#config.authoring-rules@1.proportionality.minDamageTier.範圍.大=極大
unit	Workspace tests (vitest, coverage beacons on)	2026-09-08T17:42:30.5530146Z     ZERO     0/1       0.0%  enum:config#config.authoring-rules@1.proportionality.minDamageTier.範圍.大=極小
unit	Workspace tests (vitest, coverage beacons on)	2026-09-08T17:42:30.5530782Z     ZERO     0/1       0.0%  enum:config#config.authoring-rules@1.proportionality.minDamageTier.範圍.小=大
unit	Workspace tests (vitest, coverage beacons on)	2026-09-08T17:42:30.5531260Z     ZERO     0/1       0.0%  enum:config#config.authoring-rules@1.proportionality.minDamageTier.範圍.小=小
unit	Workspace tests (vitest, coverage beacons on)	2026-09-08T17:42:30.5531739Z     ZERO     0/1       0.0%  enum:config#config.authoring-rules@1.proportionality.minDamageTier.範圍.小=極大
unit	Workspace tests (vitest, coverage beacons on)	2026-09-08T17:42:30.5532204Z     ZERO     0/1       0.0%  enum:config#config.authoring-rules@1.proportionality.minDamageTier.範圍.小=極小
unit	Workspace tests (vitest, coverage beacons on)	2026-09-08T17:42:30.5532684Z     ZERO     0/1       0.0%  enum:config#config.authoring-rules@1.proportionality.minDamageTier.範圍.極大=中
unit	Workspace tests (vitest, coverage beacons on)	2026-09-08T17:42:30.5533162Z     ZERO     0/1       0.0%  enum:config#config.authoring-rules@1.proportionality.minDamageTier.範圍.極大=大
unit	Workspace tests (vitest, coverage beacons on)	2026-09-08T17:42:30.5533637Z     ZERO     0/1       0.0%  enum:config#config.authoring-rules@1.proportionality.minDamageTier.範圍.極大=小
unit	Workspace tests (vitest, coverage beacons on)	2026-09-08T17:42:30.5534404Z     ZERO     0/1       0.0%  enum:config#config.authoring-rules@1.proportionality.minDamageTier.範圍.極大=極小
unit	Workspace tests (vitest, coverage beacons on)	2026-09-08T17:42:30.5535134Z     ZERO     0/1       0.0%  enum:config#config.authoring-rules@1.proportionality.minDamageTier.範圍.極小=中
unit	Workspace tests (vitest, coverage beacons on)	2026-09-08T17:42:30.5535843Z     ZERO     0/1       0.0%  enum:config#config.authoring-rules@1.proportionality.minDamageTier.範圍.極小=大
unit	Workspace tests (vitest, coverage beacons on)	2026-09-08T17:42:30.5536575Z     ZERO     0/1       0.0%  enum:config#config.authoring-rules@1.proportionality.minDamageTier.範圍.極小=極大
unit	Workspace tests (vitest, coverage beacons on)	2026-09-08T17:42:30.5537308Z     ZERO     0/1       0.0%  enum:config#config.authoring-rules@1.proportionality.minDamageTier.範圍.極小=極小
unit	Workspace tests (vitest, coverage beacons on)	2026-09-08T17:42:30.5538081Z     ZERO     0/1       0.0%  enum:config#config.authoring-rules@1.proportionality.minDamageTier.變身.中=中
unit	Workspace tests (vitest, coverage beacons on)	2026-09-08T17:42:30.5538779Z     ZERO     0/1       0.0%  enum:config#config.authoring-rules@1.proportionality.minDamageTier.變身.中=大
unit	Workspace tests (vitest, coverage beacons on)	2026-09-08T17:42:30.5539476Z     ZERO     0/1       0.0%  enum:config#config.authoring-rules@1.proportionality.minDamageTier.變身.中=小
unit	Workspace tests (vitest, coverage beacons on)	2026-09-08T17:42:30.5540243Z     ZERO     0/1       0.0%  enum:config#config.authoring-rules@1.proportionality.minDamageTier.變身.中=極大
unit	Workspace tests (vitest, coverage beacons on)	2026-09-08T17:42:30.5541222Z     ZERO     0/1       0.0%  enum:config#config.authoring-rules@1.proportionality.minDamageTier.變身.大=中
unit	Workspace tests (vitest, coverage beacons on)	2026-09-08T17:42:30.5541909Z     ZERO     0/1       0.0%  enum:config#config.authoring-rules@1.proportionality.minDamageTier.變身.大=大
unit	Workspace tests (vitest, coverage beacons on)	2026-09-08T17:42:30.5542685Z     ZERO     0/1       0.0%  enum:config#config.authoring-rules@1.proportionality.minDamageTier.變身.大=小
unit	Workspace tests (vitest, coverage beacons on)	2026-09-08T17:42:30.5543462Z     ZERO     0/1       0.0%  enum:config#config.authoring-rules@1.proportionality.minDamageTier.變身.大=極大
unit	Workspace tests (vitest, coverage beacons on)	2026-09-08T17:42:30.5544344Z     ZERO     0/1       0.0%  enum:config#config.authoring-rules@1.proportionality.minDamageTier.變身.小=中
unit	Workspace tests (vitest, coverage beacons on)	2026-09-08T17:42:30.5545092Z     ZERO     0/1       0.0%  enum:config#config.authoring-rules@1.proportionality.minDamageTier.變身.小=大
unit	Workspace tests (vitest, coverage beacons on)	2026-09-08T17:42:30.5545794Z     ZERO     0/1       0.0%  enum:config#config.authoring-rules@1.proportionality.minDamageTier.變身.小=小
unit	Workspace tests (vitest, coverage beacons on)	2026-09-08T17:42:30.5546483Z     ZERO     0/1       0.0%  enum:config#config.authoring-rules@1.proportionality.minDamageTier.變身.小=極大
unit	Workspace tests (vitest, coverage beacons on)	2026-09-08T17:42:30.5547145Z     ZERO     0/1       0.0%  enum:config#config.authoring-rules@1.proportionality.minDamageTier.變身.極大=中
unit	Workspace tests (vitest, coverage beacons on)	2026-09-08T17:42:30.5547841Z     ZERO     0/1       0.0%  enum:config#config.authoring-rules@1.proportionality.minDamageTier.變身.極大=大
unit	Workspace tests (vitest, coverage beacons on)	2026-09-08T17:42:30.5548564Z     ZERO     0/1       0.0%  enum:config#config.authoring-rules@1.proportionality.minDamageTier.變身.極大=小
unit	Workspace tests (vitest, coverage beacons on)	2026-09-08T17:42:30.5549349Z     ZERO     0/1       0.0%  enum:config#config.authoring-rules@1.proportionality.minDamageTier.變身.極大=極大
unit	Workspace tests (vitest, coverage beacons on)	2026-09-08T17:42:30.5550085Z     ZERO     0/1       0.0%  enum:config#config.authoring-rules@1.proportionality.minDamageTier.變身.極小=中
unit	Workspace tests (vitest, coverage beacons on)	2026-09-08T17:42:30.5550831Z     ZERO     0/1       0.0%  enum:config#config.authoring-rules@1.proportionality.minDamageTier.變身.極小=大
unit	Workspace tests (vitest, coverage beacons on)	2026-09-08T17:42:30.5551574Z     ZERO     0/1       0.0%  enum:config#config.authoring-rules@1.proportionality.minDamageTier.變身.極小=小
unit	Workspace tests (vitest, coverage beacons on)	2026-09-08T17:42:30.5552661Z     ZERO     0/1       0.0%  enum:config#config.authoring-rules@1.proportionality.minDamageTier.變身.極小=極大
unit	Workspace tests (vitest, coverage beacons on)	2026-09-08T17:42:30.5553248Z     ZERO     0/1       0.0%  enum:config#config.authoring-rules@1.proportionality.model=aimRisk
unit	Workspace tests (vitest, coverage beacons on)	2026-09-08T17:42:30.5553826Z     ZERO     0/1       0.0%  enum:config#config.authoring-rules@1.proportionality.model=custom
unit	Workspace tests (vitest, coverage beacons on)	2026-09-08T17:42:30.5554583Z     ZERO     0/1       0.0%  enum:config#config.authoring-rules@1.proportionality.model=ownerCell
unit	Workspace tests (vitest, coverage beacons on)	2026-09-08T17:42:30.5554958Z     ZERO     0/1       0.0%  enum:config#config.berserk@1.trigger=off
unit	Workspace tests (vitest, coverage beacons on)	2026-09-08T17:42:30.5555316Z     ZERO     0/1       0.0%  enum:config#config.block@1.stacking=best
unit	Workspace tests (vitest, coverage beacons on)	2026-09-08T17:42:30.5555764Z     ZERO     0/1       0.0%  enum:config#config.cast-time@1.comboWindowFrom=resolve
unit	Workspace tests (vitest, coverage beacons on)	2026-09-08T17:42:30.5556183Z     ZERO     0/1       0.0%  enum:config#config.content-load@1.policy=fail-closed
unit	Workspace tests (vitest, coverage beacons on)	2026-09-08T17:42:30.5556690Z     ZERO     0/1       0.0%  enum:config#config.controller-scheme@1.schemes{}.bindings.*=none
unit	Workspace tests (vitest, coverage beacons on)	2026-09-08T17:42:30.5557086Z     ZERO     0/1       0.0%  enum:config#config.crit@1.stackMode=add
unit	Workspace tests (vitest, coverage beacons on)	2026-09-08T17:42:30.5557458Z     ZERO     0/1       0.0%  enum:config#config.crit@1.stackMode=max
unit	Workspace tests (vitest, coverage beacons on)	2026-09-08T17:42:30.5557936Z     ZERO     0/1       0.0%  enum:config#config.damage-colors@1.blockFlashMode=damage
unit	Workspace tests (vitest, coverage beacons on)	2026-09-08T17:42:30.5558406Z     ZERO     0/1       0.0%  enum:config#config.damage-colors@1.blockFlashMode=none
unit	Workspace tests (vitest, coverage beacons on)	2026-09-08T17:42:30.5558853Z     ZERO     0/1       0.0%  enum:config#config.damage-colors@1.outline.mode=off
unit	Workspace tests (vitest, coverage beacons on)	2026-09-08T17:42:30.5559296Z     ZERO     0/1       0.0%  enum:config#config.damage-colors@1.outline.mode=taken
unit	Workspace tests (vitest, coverage beacons on)	2026-09-08T17:42:30.5559742Z     ZERO     0/1       0.0%  enum:config#config.damage-colors@1.textAxis=relation
unit	Workspace tests (vitest, coverage beacons on)	2026-09-08T17:42:30.5560329Z     ZERO     0/1       0.0%  enum:config#config.damage-rules@1.defaultAbilityDamageType=physical
unit	Workspace tests (vitest, coverage beacons on)	2026-09-08T17:42:30.5560853Z     ZERO     0/1       0.0%  enum:config#config.damage-rules@1.defaultAbilityDamageType=true
unit	Workspace tests (vitest, coverage beacons on)	2026-09-08T17:42:30.5561513Z     ZERO     0/1       0.0%  enum:config#config.dispel@1.defaultOrder=oldest
unit	Workspace tests (vitest, coverage beacons on)	2026-09-08T17:42:30.5562068Z     ZERO     0/1       0.0%  enum:config#config.displacement-tiers@1.wallBlock.blink=allow
unit	Workspace tests (vitest, coverage beacons on)	2026-09-08T17:42:30.5562589Z     ZERO     0/1       0.0%  enum:config#config.displacement-tiers@1.wallBlock.blink=cancel
unit	Workspace tests (vitest, coverage beacons on)	2026-09-08T17:42:30.5563061Z     ZERO     0/1       0.0%  enum:config#config.displacement-tiers@1.wallBlock.leap=allow
unit	Workspace tests (vitest, coverage beacons on)	2026-09-08T17:42:30.5563528Z     ZERO     0/1       0.0%  enum:config#config.displacement-tiers@1.wallBlock.leap=cancel
unit	Workspace tests (vitest, coverage beacons on)	2026-09-08T17:42:30.5564150Z     ZERO     0/1       0.0%  enum:config#config.gore@1.championStyles{}=off
unit	Workspace tests (vitest, coverage beacons on)	2026-09-08T17:42:30.5564553Z     ZERO     0/1       0.0%  enum:config#config.gore@1.style=off
unit	Workspace tests (vitest, coverage beacons on)	2026-09-08T17:42:30.5564944Z     ZERO     0/1       0.0%  enum:config#config.gore@1.style=stylized
unit	Workspace tests (vitest, coverage beacons on)	2026-09-08T17:42:30.5565491Z     ZERO     0/1       0.0%  enum:config#config.hud-layout@1.goldLevelTouchLayout=column
unit	Workspace tests (vitest, coverage beacons on)	2026-09-08T17:42:30.5565995Z     ZERO     0/1       0.0%  enum:config#config.hud-layout@1.heroPortrait=base-form
unit	Workspace tests (vitest, coverage beacons on)	2026-09-08T17:42:30.5566437Z     ZERO     0/1       0.0%  enum:config#config.hud-layout@1.heroPortrait=none
unit	Workspace tests (vitest, coverage beacons on)	2026-09-08T17:42:30.5566979Z     ZERO     0/1       0.0%  enum:config#config.lobby-layout@1.alreadyFriendMode=hide-row
unit	Workspace tests (vitest, coverage beacons on)	2026-09-08T17:42:30.5567444Z     ZERO     0/1       0.0%  enum:config#config.lobby-layout@1.friendSort=name
unit	Workspace tests (vitest, coverage beacons on)	2026-09-08T17:42:30.5568000Z     ZERO     0/1       0.0%  enum:config#config.lobby-layout@1.nemesisSort=bane
unit	Workspace tests (vitest, coverage beacons on)	2026-09-08T17:42:30.5568525Z     ZERO     0/1       0.0%  enum:config#config.lobby-layout@1.nemesisSort=rivalry
unit	Workspace tests (vitest, coverage beacons on)	2026-09-08T17:42:30.5568969Z     ZERO     0/1       0.0%  enum:config#config.lobby-rally@1.joinMode=opt-in
unit	Workspace tests (vitest, coverage beacons on)	2026-09-08T17:42:30.5569434Z     ZERO     0/1       0.0%  enum:config#config.map-report@1.maps[].issues[].kind=hard
unit	Workspace tests (vitest, coverage beacons on)	2026-09-08T17:42:30.5569929Z     ZERO     0/1       0.0%  enum:config#config.map-report@1.maps[].issues[].severity=error
unit	Workspace tests (vitest, coverage beacons on)	2026-09-08T17:42:30.5570639Z     ZERO     0/1       0.0%  enum:config#config.map-report@1.maps[].issues[].severity=off
unit	Workspace tests (vitest, coverage beacons on)	2026-09-08T17:42:30.5571084Z     ZERO     0/1       0.0%  enum:config#config.map-spec@1.severity.chokepoints=error
unit	Workspace tests (vitest, coverage beacons on)	2026-09-08T17:42:30.5571499Z     ZERO     0/1       0.0%  enum:config#config.map-spec@1.severity.chokepoints=off
unit	Workspace tests (vitest, coverage beacons on)	2026-09-08T17:42:30.5571925Z     ZERO     0/1       0.0%  enum:config#config.map-spec@1.severity.deadEnds=error
unit	Workspace tests (vitest, coverage beacons on)	2026-09-08T17:42:30.5572355Z     ZERO     0/1       0.0%  enum:config#config.map-spec@1.severity.deadEnds=off
unit	Workspace tests (vitest, coverage beacons on)	2026-09-08T17:42:30.5572810Z     ZERO     0/1       0.0%  enum:config#config.map-spec@1.severity.interactions=error
unit	Workspace tests (vitest, coverage beacons on)	2026-09-08T17:42:30.5573272Z     ZERO     0/1       0.0%  enum:config#config.map-spec@1.severity.interactions=off
unit	Workspace tests (vitest, coverage beacons on)	2026-09-08T17:42:30.5573745Z     ZERO     0/1       0.0%  enum:config#config.map-spec@1.severity.loops=error
unit	Workspace tests (vitest, coverage beacons on)	2026-09-08T17:42:30.5574380Z     ZERO     0/1       0.0%  enum:config#config.map-spec@1.severity.loops=off
unit	Workspace tests (vitest, coverage beacons on)	2026-09-08T17:42:30.5574865Z     ZERO     0/1       0.0%  enum:config#config.map-spec@1.severity.shortcuts=error
unit	Workspace tests (vitest, coverage beacons on)	2026-09-08T17:42:30.5575285Z     ZERO     0/1       0.0%  enum:config#config.map-spec@1.severity.shortcuts=off
unit	Workspace tests (vitest, coverage beacons on)	2026-09-08T17:42:30.5575765Z     ZERO     0/1       0.0%  enum:config#config.map-spec@1.severity.traversal=error
unit	Workspace tests (vitest, coverage beacons on)	2026-09-08T17:42:30.5576243Z     ZERO     0/1       0.0%  enum:config#config.map-spec@1.severity.traversal=off
unit	Workspace tests (vitest, coverage beacons on)	2026-09-08T17:42:30.5576713Z     ZERO     0/1       0.0%  enum:config#config.model-lod@1.adaptiveCostMode=work
unit	Workspace tests (vitest, coverage beacons on)	2026-09-08T17:42:30.5577268Z     ZERO     0/1       0.0%  enum:config#config.model-lod@1.platformPolicy.phone=supported
unit	Workspace tests (vitest, coverage beacons on)	2026-09-08T17:42:30.5577704Z     ZERO     0/1       0.0%  enum:config#config.model-lod@1.presetTiers.auto=mid
unit	Workspace tests (vitest, coverage beacons on)	2026-09-08T17:42:30.5578156Z     ZERO     0/1       0.0%  enum:config#config.model-lod@1.presetTiers.auto=small
unit	Workspace tests (vitest, coverage beacons on)	2026-09-08T17:42:30.5578589Z     ZERO     0/1       0.0%  enum:config#config.model-lod@1.presetTiers.high=mid
unit	Workspace tests (vitest, coverage beacons on)	2026-09-08T17:42:30.5579250Z     ZERO     0/1       0.0%  enum:config#config.model-lod@1.presetTiers.high=small
unit	Workspace tests (vitest, coverage beacons on)	2026-09-08T17:42:30.5579643Z     ZERO     0/1       0.0%  enum:config#config.model-lod@1.presetTiers.low=high
unit	Workspace tests (vitest, coverage beacons on)	2026-09-08T17:42:30.5580051Z     ZERO     0/1       0.0%  enum:config#config.model-lod@1.presetTiers.low=mid
unit	Workspace tests (vitest, coverage beacons on)	2026-09-08T17:42:30.5580490Z     ZERO     0/1       0.0%  enum:config#config.model-lod@1.presetTiers.medium=high
unit	Workspace tests (vitest, coverage beacons on)	2026-09-08T17:42:30.5580946Z     ZERO     0/1       0.0%  enum:config#config.model-lod@1.presetTiers.medium=small
unit	Workspace tests (vitest, coverage beacons on)	2026-09-08T17:42:30.5581508Z     ZERO     0/1       0.0%  enum:config#config.per-level-bonus@1.perLevel{}.appliesTo=nonPrimary
unit	Workspace tests (vitest, coverage beacons on)	2026-09-08T17:42:30.5582056Z     ZERO     0/1       0.0%  enum:config#config.per-level-bonus@1.perLevel{}.appliesTo=primary
unit	Workspace tests (vitest, coverage beacons on)	2026-09-08T17:42:30.5582491Z     ZERO     0/1       0.0%  enum:config#config.regen@1.drainFloorMode=clamp
unit	Workspace tests (vitest, coverage beacons on)	2026-09-08T17:42:30.5582892Z     ZERO     0/1       0.0%  enum:config#config.regen@1.pctMode=add
unit	Workspace tests (vitest, coverage beacons on)	2026-09-08T17:42:30.5583347Z     ZERO     0/1       0.0%  enum:config#config.screen-fx@1.reducedMotionMode=ignore
unit	Workspace tests (vitest, coverage beacons on)	2026-09-08T17:42:30.5583790Z     ZERO     0/1       0.0%  enum:config#config.screen-fx@1.reducedMotionMode=off
unit	Workspace tests (vitest, coverage beacons on)	2026-09-08T17:42:30.5584600Z     ZERO     0/1       0.0%  enum:config#config.shield@1.absorbOrder=generalFirst
unit	Workspace tests (vitest, coverage beacons on)	2026-09-08T17:42:30.5585061Z     ZERO     0/1       0.0%  enum:config#config.shield@1.absorbOrder=insertionOrder
unit	Workspace tests (vitest, coverage beacons on)	2026-09-08T17:42:30.5585631Z     ZERO     0/1       0.0%  enum:config#config.shield@1.spellWardBlocksWholeCast=status-only
unit	Workspace tests (vitest, coverage beacons on)	2026-09-08T17:42:30.5586139Z     ZERO     0/1       0.0%  enum:config#config.skill-normalize@1.damageColumnBasis=total
unit	Workspace tests (vitest, coverage beacons on)	2026-09-08T17:42:30.5586635Z     ZERO     0/1       0.0%  enum:config#config.skill-normalize@1.damageLeafScope=all-leaves
unit	Workspace tests (vitest, coverage beacons on)	2026-09-08T17:42:30.5587136Z     ZERO     0/1       0.0%  enum:config#config.skill-normalize@1.radiusColumnBasis=max-coverage
unit	Workspace tests (vitest, coverage beacons on)	2026-09-08T17:42:30.5587564Z     ZERO     0/1       0.0%  enum:config#config.skill-normalize@1.snapPolicy=down
unit	Workspace tests (vitest, coverage beacons on)	2026-09-08T17:42:30.5588240Z     ZERO     0/1       0.0%  enum:config#config.skill-normalize@1.snapPolicy=up
unit	Workspace tests (vitest, coverage beacons on)	2026-09-08T17:42:30.5588704Z     ZERO     0/1       0.0%  enum:config#config.speed-growth-tiers@1.ladder=B
unit	Workspace tests (vitest, coverage beacons on)	2026-09-08T17:42:30.5589449Z     ZERO     0/1       0.0%  enum:config#config.stat-normalization@1.byArchetype.ad.fighter=大
unit	Workspace tests (vitest, coverage beacons on)	2026-09-08T17:42:30.5590094Z     ZERO     0/1       0.0%  enum:config#config.stat-normalization@1.byArchetype.ad.fighter=小
unit	Workspace tests (vitest, coverage beacons on)	2026-09-08T17:42:30.5590747Z     ZERO     0/1       0.0%  enum:config#config.stat-normalization@1.byArchetype.ad.fighter=極大
unit	Workspace tests (vitest, coverage beacons on)	2026-09-08T17:42:30.5591409Z     ZERO     0/1       0.0%  enum:config#config.stat-normalization@1.byArchetype.ad.fighter=極小
unit	Workspace tests (vitest, coverage beacons on)	2026-09-08T17:42:30.5592038Z     ZERO     0/1       0.0%  enum:config#config.stat-normalization@1.byArchetype.ad.mage=大
unit	Workspace tests (vitest, coverage beacons on)	2026-09-08T17:42:30.5592630Z     ZERO     0/1       0.0%  enum:config#config.stat-normalization@1.byArchetype.ad.mage=小
unit	Workspace tests (vitest, coverage beacons on)	2026-09-08T17:42:30.5593255Z     ZERO     0/1       0.0%  enum:config#config.stat-normalization@1.byArchetype.ad.mage=極大
unit	Workspace tests (vitest, coverage beacons on)	2026-09-08T17:42:30.5593935Z     ZERO     0/1       0.0%  enum:config#config.stat-normalization@1.byArchetype.ad.mage=極小
unit	Workspace tests (vitest, coverage beacons on)	2026-09-08T17:42:30.5594790Z     ZERO     0/1       0.0%  enum:config#config.stat-normalization@1.byArchetype.ad.marksman=大
unit	Workspace tests (vitest, coverage beacons on)	2026-09-08T17:42:30.5595384Z     ZERO     0/1       0.0%  enum:config#config.stat-normalization@1.byArchetype.ad.marksman=小
unit	Workspace tests (vitest, coverage beacons on)	2026-09-08T17:42:30.5596049Z     ZERO     0/1       0.0%  enum:config#config.stat-normalization@1.byArchetype.ad.marksman=極大
unit	Workspace tests (vitest, coverage beacons on)	2026-09-08T17:42:30.5596721Z     ZERO     0/1       0.0%  enum:config#config.stat-normalization@1.byArchetype.ad.marksman=極小
unit	Workspace tests (vitest, coverage beacons on)	2026-09-08T17:42:30.5597327Z     ZERO     0/1       0.0%  enum:config#config.stat-normalization@1.byArchetype.ad.tank=大
unit	Workspace tests (vitest, coverage beacons on)	2026-09-08T17:42:30.5597947Z     ZERO     0/1       0.0%  enum:config#config.stat-normalization@1.byArchetype.ad.tank=小
unit	Workspace tests (vitest, coverage beacons on)	2026-09-08T17:42:30.5598556Z     ZERO     0/1       0.0%  enum:config#config.stat-normalization@1.byArchetype.ad.tank=極大
unit	Workspace tests (vitest, coverage beacons on)	2026-09-08T17:42:30.5599456Z     ZERO     0/1       0.0%  enum:config#config.stat-normalization@1.byArchetype.ad.tank=極小
unit	Workspace tests (vitest, coverage beacons on)	2026-09-08T17:42:30.5600035Z     ZERO     0/1       0.0%  enum:config#config.stat-normalization@1.byArchetype.ap.fighter=大
unit	Workspace tests (vitest, coverage beacons on)	2026-09-08T17:42:30.5600568Z     ZERO     0/1       0.0%  enum:config#config.stat-normalization@1.byArchetype.ap.fighter=小
unit	Workspace tests (vitest, coverage beacons on)	2026-09-08T17:42:30.5601228Z     ZERO     0/1       0.0%  enum:config#config.stat-normalization@1.byArchetype.ap.fighter=極大
unit	Workspace tests (vitest, coverage beacons on)	2026-09-08T17:42:30.5601836Z     ZERO     0/1       0.0%  enum:config#config.stat-normalization@1.byArchetype.ap.fighter=極小
unit	Workspace tests (vitest, coverage beacons on)	2026-09-08T17:42:30.5602453Z     ZERO     0/1       0.0%  enum:config#config.stat-normalization@1.byArchetype.ap.mage=大
unit	Workspace tests (vitest, coverage beacons on)	2026-09-08T17:42:30.5603013Z     ZERO     0/1       0.0%  enum:config#config.stat-normalization@1.byArchetype.ap.mage=小
unit	Workspace tests (vitest, coverage beacons on)	2026-09-08T17:42:30.5603631Z     ZERO     0/1       0.0%  enum:config#config.stat-normalization@1.byArchetype.ap.mage=極大
unit	Workspace tests (vitest, coverage beacons on)	2026-09-08T17:42:30.5604470Z     ZERO     0/1       0.0%  enum:config#config.stat-normalization@1.byArchetype.ap.mage=極小
unit	Workspace tests (vitest, coverage beacons on)	2026-09-08T17:42:30.5605091Z     ZERO     0/1       0.0%  enum:config#config.stat-normalization@1.byArchetype.ap.marksman=大
unit	Workspace tests (vitest, coverage beacons on)	2026-09-08T17:42:30.5605727Z     ZERO     0/1       0.0%  enum:config#config.stat-normalization@1.byArchetype.ap.marksman=小
unit	Workspace tests (vitest, coverage beacons on)	2026-09-08T17:42:30.5606390Z     ZERO     0/1       0.0%  enum:config#config.stat-normalization@1.byArchetype.ap.marksman=極大
unit	Workspace tests (vitest, coverage beacons on)	2026-09-08T17:42:30.5607061Z     ZERO     0/1       0.0%  enum:config#config.stat-normalization@1.byArchetype.ap.marksman=極小
unit	Workspace tests (vitest, coverage beacons on)	2026-09-08T17:42:30.5607595Z     ZERO     0/1       0.0%  enum:config#config.stat-normalization@1.byArchetype.ap.tank=大
unit	Workspace tests (vitest, coverage beacons on)	2026-09-08T17:42:30.5608085Z     ZERO     0/1       0.0%  enum:config#config.stat-normalization@1.byArchetype.ap.tank=小
unit	Workspace tests (vitest, coverage beacons on)	2026-09-08T17:42:30.5608696Z     ZERO     0/1       0.0%  enum:config#config.stat-normalization@1.byArchetype.ap.tank=極大
unit	Workspace tests (vitest, coverage beacons on)	2026-09-08T17:42:30.5609326Z     ZERO     0/1       0.0%  enum:config#config.stat-normalization@1.byArchetype.ap.tank=極小
unit	Workspace tests (vitest, coverage beacons on)	2026-09-08T17:42:30.5610203Z     ZERO     0/1       0.0%  enum:config#config.stat-normalization@1.byArchetype.armor.fighter=大
unit	Workspace tests (vitest, coverage beacons on)	2026-09-08T17:42:30.5610794Z     ZERO     0/1       0.0%  enum:config#config.stat-normalization@1.byArchetype.armor.fighter=小
unit	Workspace tests (vitest, coverage beacons on)	2026-09-08T17:42:30.5611414Z     ZERO     0/1       0.0%  enum:config#config.stat-normalization@1.byArchetype.armor.fighter=極大
unit	Workspace tests (vitest, coverage beacons on)	2026-09-08T17:42:30.5612042Z     ZERO     0/1       0.0%  enum:config#config.stat-normalization@1.byArchetype.armor.fighter=極小
unit	Workspace tests (vitest, coverage beacons on)	2026-09-08T17:42:30.5612614Z     ZERO     0/1       0.0%  enum:config#config.stat-normalization@1.byArchetype.armor.mage=中
unit	Workspace tests (vitest, coverage beacons on)	2026-09-08T17:42:30.5613244Z     ZERO     0/1       0.0%  enum:config#config.stat-normalization@1.byArchetype.armor.mage=大
unit	Workspace tests (vitest, coverage beacons on)	2026-09-08T17:42:30.5613921Z     ZERO     0/1       0.0%  enum:config#config.stat-normalization@1.byArchetype.armor.mage=極大
unit	Workspace tests (vitest, coverage beacons on)	2026-09-08T17:42:30.5614762Z     ZERO     0/1       0.0%  enum:config#config.stat-normalization@1.byArchetype.armor.mage=極小
unit	Workspace tests (vitest, coverage beacons on)	2026-09-08T17:42:30.5615448Z     ZERO     0/1       0.0%  enum:config#config.stat-normalization@1.byArchetype.armor.marksman=中
unit	Workspace tests (vitest, coverage beacons on)	2026-09-08T17:42:30.5616111Z     ZERO     0/1       0.0%  enum:config#config.stat-normalization@1.byArchetype.armor.marksman=大
unit	Workspace tests (vitest, coverage beacons on)	2026-09-08T17:42:30.5616848Z     ZERO     0/1       0.0%  enum:config#config.stat-normalization@1.byArchetype.armor.marksman=極大
unit	Workspace tests (vitest, coverage beacons on)	2026-09-08T17:42:30.5617563Z     ZERO     0/1       0.0%  enum:config#config.stat-normalization@1.byArchetype.armor.marksman=極小
unit	Workspace tests (vitest, coverage beacons on)	2026-09-08T17:42:30.5618117Z     ZERO     0/1       0.0%  enum:config#config.stat-normalization@1.byArchetype.armor.tank=中
unit	Workspace tests (vitest, coverage beacons on)	2026-09-08T17:42:30.5618664Z     ZERO     0/1       0.0%  enum:config#config.stat-normalization@1.byArchetype.armor.tank=小
unit	Workspace tests (vitest, coverage beacons on)	2026-09-08T17:42:30.5619360Z     ZERO     0/1       0.0%  enum:config#config.stat-normalization@1.byArchetype.armor.tank=極大
unit	Workspace tests (vitest, coverage beacons on)	2026-09-08T17:42:30.5620051Z     ZERO     0/1       0.0%  enum:config#config.stat-normalization@1.byArchetype.armor.tank=極小
unit	Workspace tests (vitest, coverage beacons on)	2026-09-08T17:42:30.5620975Z     ZERO     0/1       0.0%  enum:config#config.stat-normalization@1.byArchetype.as.fighter=大
unit	Workspace tests (vitest, coverage beacons on)	2026-09-08T17:42:30.5621597Z     ZERO     0/1       0.0%  enum:config#config.stat-normalization@1.byArchetype.as.fighter=小
unit	Workspace tests (vitest, coverage beacons on)	2026-09-08T17:42:30.5622228Z     ZERO     0/1       0.0%  enum:config#config.stat-normalization@1.byArchetype.as.fighter=極大
unit	Workspace tests (vitest, coverage beacons on)	2026-09-08T17:42:30.5622869Z     ZERO     0/1       0.0%  enum:config#config.stat-normalization@1.byArchetype.as.fighter=極小
unit	Workspace tests (vitest, coverage beacons on)	2026-09-08T17:42:30.5623461Z     ZERO     0/1       0.0%  enum:config#config.stat-normalization@1.byArchetype.as.mage=大
unit	Workspace tests (vitest, coverage beacons on)	2026-09-08T17:42:30.5624152Z     ZERO     0/1       0.0%  enum:config#config.stat-normalization@1.byArchetype.as.mage=小
unit	Workspace tests (vitest, coverage beacons on)	2026-09-08T17:42:30.5624748Z     ZERO     0/1       0.0%  enum:config#config.stat-normalization@1.byArchetype.as.mage=極大
unit	Workspace tests (vitest, coverage beacons on)	2026-09-08T17:42:30.5625359Z     ZERO     0/1       0.0%  enum:config#config.stat-normalization@1.byArchetype.as.mage=極小
unit	Workspace tests (vitest, coverage beacons on)	2026-09-08T17:42:30.5625984Z     ZERO     0/1       0.0%  enum:config#config.stat-normalization@1.byArchetype.as.marksman=大
unit	Workspace tests (vitest, coverage beacons on)	2026-09-08T17:42:30.5626796Z     ZERO     0/1       0.0%  enum:config#config.stat-normalization@1.byArchetype.as.marksman=小
unit	Workspace tests (vitest, coverage beacons on)	2026-09-08T17:42:30.5627445Z     ZERO     0/1       0.0%  enum:config#config.stat-normalization@1.byArchetype.as.marksman=極大
unit	Workspace tests (vitest, coverage beacons on)	2026-09-08T17:42:30.5628136Z     ZERO     0/1       0.0%  enum:config#config.stat-normalization@1.byArchetype.as.marksman=極小
unit	Workspace tests (vitest, coverage beacons on)	2026-09-08T17:42:30.5628723Z     ZERO     0/1       0.0%  enum:config#config.stat-normalization@1.byArchetype.as.tank=大
unit	Workspace tests (vitest, coverage beacons on)	2026-09-08T17:42:30.5629348Z     ZERO     0/1       0.0%  enum:config#config.stat-normalization@1.byArchetype.as.tank=小
unit	Workspace tests (vitest, coverage beacons on)	2026-09-08T17:42:30.5630022Z     ZERO     0/1       0.0%  enum:config#config.stat-normalization@1.byArchetype.as.tank=極大
unit	Workspace tests (vitest, coverage beacons on)	2026-09-08T17:42:30.5630637Z     ZERO     0/1       0.0%  enum:config#config.stat-normalization@1.byArchetype.as.tank=極小
unit	Workspace tests (vitest, coverage beacons on)	2026-09-08T17:42:30.5631258Z     ZERO     0/1       0.0%  enum:config#config.stat-normalization@1.byArchetype.healthRegen.fighter=大
unit	Workspace tests (vitest, coverage beacons on)	2026-09-08T17:42:30.5631902Z     ZERO     0/1       0.0%  enum:config#config.stat-normalization@1.byArchetype.healthRegen.fighter=小
unit	Workspace tests (vitest, coverage beacons on)	2026-09-08T17:42:30.5632604Z     ZERO     0/1       0.0%  enum:config#config.stat-normalization@1.byArchetype.healthRegen.fighter=極大
unit	Workspace tests (vitest, coverage beacons on)	2026-09-08T17:42:30.5633308Z     ZERO     0/1       0.0%  enum:config#config.stat-normalization@1.byArchetype.healthRegen.fighter=極小
unit	Workspace tests (vitest, coverage beacons on)	2026-09-08T17:42:30.5634263Z     ZERO     0/1       0.0%  enum:config#config.stat-normalization@1.byArchetype.healthRegen.mage=大
unit	Workspace tests (vitest, coverage beacons on)	2026-09-08T17:42:30.5634955Z     ZERO     0/1       0.0%  enum:config#config.stat-normalization@1.byArchetype.healthRegen.mage=小
unit	Workspace tests (vitest, coverage beacons on)	2026-09-08T17:42:30.5635625Z     ZERO     0/1       0.0%  enum:config#config.stat-normalization@1.byArchetype.healthRegen.mage=極大
unit	Workspace tests (vitest, coverage beacons on)	2026-09-08T17:42:30.5636371Z     ZERO     0/1       0.0%  enum:config#config.stat-normalization@1.byArchetype.healthRegen.mage=極小
unit	Workspace tests (vitest, coverage beacons on)	2026-09-08T17:42:30.5637046Z     ZERO     0/1       0.0%  enum:config#config.stat-normalization@1.byArchetype.healthRegen.marksman=大
unit	Workspace tests (vitest, coverage beacons on)	2026-09-08T17:42:30.5637994Z     ZERO     0/1       0.0%  enum:config#config.stat-normalization@1.byArchetype.healthRegen.marksman=小
unit	Workspace tests (vitest, coverage beacons on)	2026-09-08T17:42:30.5638753Z     ZERO     0/1       0.0%  enum:config#config.stat-normalization@1.byArchetype.healthRegen.marksman=極大
unit	Workspace tests (vitest, coverage beacons on)	2026-09-08T17:42:30.5639509Z     ZERO     0/1       0.0%  enum:config#config.stat-normalization@1.byArchetype.healthRegen.marksman=極小
unit	Workspace tests (vitest, coverage beacons on)	2026-09-08T17:42:30.5640123Z     ZERO     0/1       0.0%  enum:config#config.stat-normalization@1.byArchetype.healthRegen.tank=大
unit	Workspace tests (vitest, coverage beacons on)	2026-09-08T17:42:30.5640714Z     ZERO     0/1       0.0%  enum:config#config.stat-normalization@1.byArchetype.healthRegen.tank=小
unit	Workspace tests (vitest, coverage beacons on)	2026-09-08T17:42:30.5641429Z     ZERO     0/1       0.0%  enum:config#config.stat-normalization@1.byArchetype.healthRegen.tank=極大
unit	Workspace tests (vitest, coverage beacons on)	2026-09-08T17:42:30.5642110Z     ZERO     0/1       0.0%  enum:config#config.stat-normalization@1.byArchetype.healthRegen.tank=極小
unit	Workspace tests (vitest, coverage beacons on)	2026-09-08T17:42:30.5642714Z     ZERO     0/1       0.0%  enum:config#config.stat-normalization@1.byArchetype.manaRegen.fighter=大
unit	Workspace tests (vitest, coverage beacons on)	2026-09-08T17:42:30.5643410Z     ZERO     0/1       0.0%  enum:config#config.stat-normalization@1.byArchetype.manaRegen.fighter=小
unit	Workspace tests (vitest, coverage beacons on)	2026-09-08T17:42:30.5644374Z     ZERO     0/1       0.0%  enum:config#config.stat-normalization@1.byArchetype.manaRegen.fighter=極大
unit	Workspace tests (vitest, coverage beacons on)	2026-09-08T17:42:30.5645187Z     ZERO     0/1       0.0%  enum:config#config.stat-normalization@1.byArchetype.manaRegen.fighter=極小
unit	Workspace tests (vitest, coverage beacons on)	2026-09-08T17:42:30.5645875Z     ZERO     0/1       0.0%  enum:config#config.stat-normalization@1.byArchetype.manaRegen.mage=大
unit	Workspace tests (vitest, coverage beacons on)	2026-09-08T17:42:30.5646547Z     ZERO     0/1       0.0%  enum:config#config.stat-normalization@1.byArchetype.manaRegen.mage=小
unit	Workspace tests (vitest, coverage beacons on)	2026-09-08T17:42:30.5647272Z     ZERO     0/1       0.0%  enum:config#config.stat-normalization@1.byArchetype.manaRegen.mage=極大
unit	Workspace tests (vitest, coverage beacons on)	2026-09-08T17:42:30.5647990Z     ZERO     0/1       0.0%  enum:config#config.stat-normalization@1.byArchetype.manaRegen.mage=極小
unit	Workspace tests (vitest, coverage beacons on)	2026-09-08T17:42:30.5648680Z     ZERO     0/1       0.0%  enum:config#config.stat-normalization@1.byArchetype.manaRegen.marksman=大
unit	Workspace tests (vitest, coverage beacons on)	2026-09-08T17:42:30.5649591Z     ZERO     0/1       0.0%  enum:config#config.stat-normalization@1.byArchetype.manaRegen.marksman=小
unit	Workspace tests (vitest, coverage beacons on)	2026-09-08T17:42:30.5650266Z     ZERO     0/1       0.0%  enum:config#config.stat-normalization@1.byArchetype.manaRegen.marksman=極大
unit	Workspace tests (vitest, coverage beacons on)	2026-09-08T17:42:30.5650924Z     ZERO     0/1       0.0%  enum:config#config.stat-normalization@1.byArchetype.manaRegen.marksman=極小
unit	Workspace tests (vitest, coverage beacons on)	2026-09-08T17:42:30.5651595Z     ZERO     0/1       0.0%  enum:config#config.stat-normalization@1.byArchetype.manaRegen.tank=大
unit	Workspace tests (vitest, coverage beacons on)	2026-09-08T17:42:30.5652256Z     ZERO     0/1       0.0%  enum:config#config.stat-normalization@1.byArchetype.manaRegen.tank=小
unit	Workspace tests (vitest, coverage beacons on)	2026-09-08T17:42:30.5652984Z     ZERO     0/1       0.0%  enum:config#config.stat-normalization@1.byArchetype.manaRegen.tank=極大
unit	Workspace tests (vitest, coverage beacons on)	2026-09-08T17:42:30.5653720Z     ZERO     0/1       0.0%  enum:config#config.stat-normalization@1.byArchetype.manaRegen.tank=極小
unit	Workspace tests (vitest, coverage beacons on)	2026-09-08T17:42:30.5654525Z     ZERO     0/1       0.0%  enum:config#config.stat-normalization@1.byArchetype.maxHealth.fighter=大
unit	Workspace tests (vitest, coverage beacons on)	2026-09-08T17:42:30.5655179Z     ZERO     0/1       0.0%  enum:config#config.stat-normalization@1.byArchetype.maxHealth.fighter=小
unit	Workspace tests (vitest, coverage beacons on)	2026-09-08T17:42:30.5655895Z     ZERO     0/1       0.0%  enum:config#config.stat-normalization@1.byArchetype.maxHealth.fighter=極大
unit	Workspace tests (vitest, coverage beacons on)	2026-09-08T17:42:30.5656622Z     ZERO     0/1       0.0%  enum:config#config.stat-normalization@1.byArchetype.maxHealth.fighter=極小
unit	Workspace tests (vitest, coverage beacons on)	2026-09-08T17:42:30.5657223Z     ZERO     0/1       0.0%  enum:config#config.stat-normalization@1.byArchetype.maxHealth.mage=大
unit	Workspace tests (vitest, coverage beacons on)	2026-09-08T17:42:30.5657841Z     ZERO     0/1       0.0%  enum:config#config.stat-normalization@1.byArchetype.maxHealth.mage=小
unit	Workspace tests (vitest, coverage beacons on)	2026-09-08T17:42:30.5658547Z     ZERO     0/1       0.0%  enum:config#config.stat-normalization@1.byArchetype.maxHealth.mage=極大
unit	Workspace tests (vitest, coverage beacons on)	2026-09-08T17:42:30.5659268Z     ZERO     0/1       0.0%  enum:config#config.stat-normalization@1.byArchetype.maxHealth.mage=極小
unit	Workspace tests (vitest, coverage beacons on)	2026-09-08T17:42:30.5660230Z     ZERO     0/1       0.0%  enum:config#config.stat-normalization@1.byArchetype.maxHealth.marksman=大
unit	Workspace tests (vitest, coverage beacons on)	2026-09-08T17:42:30.5660923Z     ZERO     0/1       0.0%  enum:config#config.stat-normalization@1.byArchetype.maxHealth.marksman=小
unit	Workspace tests (vitest, coverage beacons on)	2026-09-08T17:42:30.5661705Z     ZERO     0/1       0.0%  enum:config#config.stat-normalization@1.byArchetype.maxHealth.marksman=極大
unit	Workspace tests (vitest, coverage beacons on)	2026-09-08T17:42:30.5662496Z     ZERO     0/1       0.0%  enum:config#config.stat-normalization@1.byArchetype.maxHealth.marksman=極小
unit	Workspace tests (vitest, coverage beacons on)	2026-09-08T17:42:30.5663179Z     ZERO     0/1       0.0%  enum:config#config.stat-normalization@1.byArchetype.maxHealth.tank=大
unit	Workspace tests (vitest, coverage beacons on)	2026-09-08T17:42:30.5663833Z     ZERO     0/1       0.0%  enum:config#config.stat-normalization@1.byArchetype.maxHealth.tank=小
unit	Workspace tests (vitest, coverage beacons on)	2026-09-08T17:42:30.5664885Z     ZERO     0/1       0.0%  enum:config#config.stat-normalization@1.byArchetype.maxHealth.tank=極大
unit	Workspace tests (vitest, coverage beacons on)	2026-09-08T17:42:30.5665657Z     ZERO     0/1       0.0%  enum:config#config.stat-normalization@1.byArchetype.maxHealth.tank=極小
unit	Workspace tests (vitest, coverage beacons on)	2026-09-08T17:42:30.5666367Z     ZERO     0/1       0.0%  enum:config#config.stat-normalization@1.byArchetype.maxMana.fighter=大
unit	Workspace tests (vitest, coverage beacons on)	2026-09-08T17:42:30.5667051Z     ZERO     0/1       0.0%  enum:config#config.stat-normalization@1.byArchetype.maxMana.fighter=小
unit	Workspace tests (vitest, coverage beacons on)	2026-09-08T17:42:30.5667883Z     ZERO     0/1       0.0%  enum:config#config.stat-normalization@1.byArchetype.maxMana.fighter=極大
unit	Workspace tests (vitest, coverage beacons on)	2026-09-08T17:42:30.5668667Z     ZERO     0/1       0.0%  enum:config#config.stat-normalization@1.byArchetype.maxMana.fighter=極小
unit	Workspace tests (vitest, coverage beacons on)	2026-09-08T17:42:30.5669341Z     ZERO     0/1       0.0%  enum:config#config.stat-normalization@1.byArchetype.maxMana.mage=大
unit	Workspace tests (vitest, coverage beacons on)	2026-09-08T17:42:30.5669953Z     ZERO     0/1       0.0%  enum:config#config.stat-normalization@1.byArchetype.maxMana.mage=小
unit	Workspace tests (vitest, coverage beacons on)	2026-09-08T17:42:30.5670480Z     ZERO     0/1       0.0%  enum:config#config.stat-normalization@1.byArchetype.maxMana.mage=極大
unit	Workspace tests (vitest, coverage beacons on)	2026-09-08T17:42:30.5671065Z     ZERO     0/1       0.0%  enum:config#config.stat-normalization@1.byArchetype.maxMana.mage=極小
unit	Workspace tests (vitest, coverage beacons on)	2026-09-08T17:42:30.5671922Z     ZERO     0/1       0.0%  enum:config#config.stat-normalization@1.byArchetype.maxMana.marksman=大
unit	Workspace tests (vitest, coverage beacons on)	2026-09-08T17:42:30.5672519Z     ZERO     0/1       0.0%  enum:config#config.stat-normalization@1.byArchetype.maxMana.marksman=小
unit	Workspace tests (vitest, coverage beacons on)	2026-09-08T17:42:30.5673189Z     ZERO     0/1       0.0%  enum:config#config.stat-normalization@1.byArchetype.maxMana.marksman=極大
unit	Workspace tests (vitest, coverage beacons on)	2026-09-08T17:42:30.5674241Z     ZERO     0/1       0.0%  enum:config#config.stat-normalization@1.byArchetype.maxMana.marksman=極小
unit	Workspace tests (vitest, coverage beacons on)	2026-09-08T17:42:30.5674882Z     ZERO     0/1       0.0%  enum:config#config.stat-normalization@1.byArchetype.maxMana.tank=大
unit	Workspace tests (vitest, coverage beacons on)	2026-09-08T17:42:30.5675514Z     ZERO     0/1       0.0%  enum:config#config.stat-normalization@1.byArchetype.maxMana.tank=小
unit	Workspace tests (vitest, coverage beacons on)	2026-09-08T17:42:30.5676224Z     ZERO     0/1       0.0%  enum:config#config.stat-normalization@1.byArchetype.maxMana.tank=極大
unit	Workspace tests (vitest, coverage beacons on)	2026-09-08T17:42:30.5676927Z     ZERO     0/1       0.0%  enum:config#config.stat-normalization@1.byArchetype.maxMana.tank=極小
unit	Workspace tests (vitest, coverage beacons on)	2026-09-08T17:42:30.5677542Z     ZERO     0/1       0.0%  enum:config#config.stat-normalization@1.byArchetype.mr.fighter=大
unit	Workspace tests (vitest, coverage beacons on)	2026-09-08T17:42:30.5678110Z     ZERO     0/1       0.0%  enum:config#config.stat-normalization@1.byArchetype.mr.fighter=小
unit	Workspace tests (vitest, coverage beacons on)	2026-09-08T17:42:30.5678779Z     ZERO     0/1       0.0%  enum:config#config.stat-normalization@1.byArchetype.mr.fighter=極大
unit	Workspace tests (vitest, coverage beacons on)	2026-09-08T17:42:30.5679402Z     ZERO     0/1       0.0%  enum:config#config.stat-normalization@1.byArchetype.mr.fighter=極小
unit	Workspace tests (vitest, coverage beacons on)	2026-09-08T17:42:30.5679968Z     ZERO     0/1       0.0%  enum:config#config.stat-normalization@1.byArchetype.mr.mage=中
unit	Workspace tests (vitest, coverage beacons on)	2026-09-08T17:42:30.5680580Z     ZERO     0/1       0.0%  enum:config#config.stat-normalization@1.byArchetype.mr.mage=小
unit	Workspace tests (vitest, coverage beacons on)	2026-09-08T17:42:30.5681229Z     ZERO     0/1       0.0%  enum:config#config.stat-normalization@1.byArchetype.mr.mage=極大
unit	Workspace tests (vitest, coverage beacons on)	2026-09-08T17:42:30.5681812Z     ZERO     0/1       0.0%  enum:config#config.stat-normalization@1.byArchetype.mr.mage=極小
unit	Workspace tests (vitest, coverage beacons on)	2026-09-08T17:42:30.5682338Z     ZERO     0/1       0.0%  enum:config#config.stat-normalization@1.byArchetype.mr.marksman=中
unit	Workspace tests (vitest, coverage beacons on)	2026-09-08T17:42:30.5683145Z     ZERO     0/1       0.0%  enum:config#config.stat-normalization@1.byArchetype.mr.marksman=大
unit	Workspace tests (vitest, coverage beacons on)	2026-09-08T17:42:30.5683808Z     ZERO     0/1       0.0%  enum:config#config.stat-normalization@1.byArchetype.mr.marksman=極大
unit	Workspace tests (vitest, coverage beacons on)	2026-09-08T17:42:30.5684656Z     ZERO     0/1       0.0%  enum:config#config.stat-normalization@1.byArchetype.mr.marksman=極小
unit	Workspace tests (vitest, coverage beacons on)	2026-09-08T17:42:30.5685283Z     ZERO     0/1       0.0%  enum:config#config.stat-normalization@1.byArchetype.mr.tank=中
unit	Workspace tests (vitest, coverage beacons on)	2026-09-08T17:42:30.5685889Z     ZERO     0/1       0.0%  enum:config#config.stat-normalization@1.byArchetype.mr.tank=大
unit	Workspace tests (vitest, coverage beacons on)	2026-09-08T17:42:30.5686541Z     ZERO     0/1       0.0%  enum:config#config.stat-normalization@1.byArchetype.mr.tank=極大
unit	Workspace tests (vitest, coverage beacons on)	2026-09-08T17:42:30.5687138Z     ZERO     0/1       0.0%  enum:config#config.stat-normalization@1.byArchetype.mr.tank=極小
unit	Workspace tests (vitest, coverage beacons on)	2026-09-08T17:42:30.5687788Z     ZERO     0/1       0.0%  enum:config#config.stat-normalization@1.byArchetype.ms.fighter=中
unit	Workspace tests (vitest, coverage beacons on)	2026-09-08T17:42:30.5688453Z     ZERO     0/1       0.0%  enum:config#config.stat-normalization@1.byArchetype.ms.fighter=小
unit	Workspace tests (vitest, coverage beacons on)	2026-09-08T17:42:30.5689124Z     ZERO     0/1       0.0%  enum:config#config.stat-normalization@1.byArchetype.ms.fighter=極大
unit	Workspace tests (vitest, coverage beacons on)	2026-09-08T17:42:30.5689781Z     ZERO     0/1       0.0%  enum:config#config.stat-normalization@1.byArchetype.ms.fighter=極小
unit	Workspace tests (vitest, coverage beacons on)	2026-09-08T17:42:30.5690359Z     ZERO     0/1       0.0%  enum:config#config.stat-normalization@1.byArchetype.ms.mage=中
unit	Workspace tests (vitest, coverage beacons on)	2026-09-08T17:42:30.5690907Z     ZERO     0/1       0.0%  enum:config#config.stat-normalization@1.byArchetype.ms.mage=大
unit	Workspace tests (vitest, coverage beacons on)	2026-09-08T17:42:30.5691476Z     ZERO     0/1       0.0%  enum:config#config.stat-normalization@1.byArchetype.ms.mage=極大
unit	Workspace tests (vitest, coverage beacons on)	2026-09-08T17:42:30.5692040Z     ZERO     0/1       0.0%  enum:config#config.stat-normalization@1.byArchetype.ms.mage=極小
unit	Workspace tests (vitest, coverage beacons on)	2026-09-08T17:42:30.5692667Z     ZERO     0/1       0.0%  enum:config#config.stat-normalization@1.byArchetype.ms.marksman=大
unit	Workspace tests (vitest, coverage beacons on)	2026-09-08T17:42:30.5693222Z     ZERO     0/1       0.0%  enum:config#config.stat-normalization@1.byArchetype.ms.marksman=小
unit	Workspace tests (vitest, coverage beacons on)	2026-09-08T17:42:30.5694304Z     ZERO     0/1       0.0%  enum:config#config.stat-normalization@1.byArchetype.ms.marksman=極大
unit	Workspace tests (vitest, coverage beacons on)	2026-09-08T17:42:30.5695017Z     ZERO     0/1       0.0%  enum:config#config.stat-normalization@1.byArchetype.ms.marksman=極小
unit	Workspace tests (vitest, coverage beacons on)	2026-09-08T17:42:30.5695567Z     ZERO     0/1       0.0%  enum:config#config.stat-normalization@1.byArchetype.ms.tank=中
unit	Workspace tests (vitest, coverage beacons on)	2026-09-08T17:42:30.5696168Z     ZERO     0/1       0.0%  enum:config#config.stat-normalization@1.byArchetype.ms.tank=大
unit	Workspace tests (vitest, coverage beacons on)	2026-09-08T17:42:30.5696796Z     ZERO     0/1       0.0%  enum:config#config.stat-normalization@1.byArchetype.ms.tank=極大
unit	Workspace tests (vitest, coverage beacons on)	2026-09-08T17:42:30.5697445Z     ZERO     0/1       0.0%  enum:config#config.stat-normalization@1.byArchetype.ms.tank=極小
unit	Workspace tests (vitest, coverage beacons on)	2026-09-08T17:42:30.5698057Z     ZERO     0/1       0.0%  enum:config#config.stat-normalization@1.byArchetype.range.fighter=大
unit	Workspace tests (vitest, coverage beacons on)	2026-09-08T17:42:30.5698641Z     ZERO     0/1       0.0%  enum:config#config.stat-normalization@1.byArchetype.range.fighter=小
unit	Workspace tests (vitest, coverage beacons on)	2026-09-08T17:42:30.5699270Z     ZERO     0/1       0.0%  enum:config#config.stat-normalization@1.byArchetype.range.fighter=極大
unit	Workspace tests (vitest, coverage beacons on)	2026-09-08T17:42:30.5699898Z     ZERO     0/1       0.0%  enum:config#config.stat-normalization@1.byArchetype.range.fighter=極小
unit	Workspace tests (vitest, coverage beacons on)	2026-09-08T17:42:30.5700457Z     ZERO     0/1       0.0%  enum:config#config.stat-normalization@1.byArchetype.range.mage=大
unit	Workspace tests (vitest, coverage beacons on)	2026-09-08T17:42:30.5701044Z     ZERO     0/1       0.0%  enum:config#config.stat-normalization@1.byArchetype.range.mage=小
unit	Workspace tests (vitest, coverage beacons on)	2026-09-08T17:42:30.5701702Z     ZERO     0/1       0.0%  enum:config#config.stat-normalization@1.byArchetype.range.mage=極大
unit	Workspace tests (vitest, coverage beacons on)	2026-09-08T17:42:30.5702328Z     ZERO     0/1       0.0%  enum:config#config.stat-normalization@1.byArchetype.range.mage=極小
unit	Workspace tests (vitest, coverage beacons on)	2026-09-08T17:42:30.5702958Z     ZERO     0/1       0.0%  enum:config#config.stat-normalization@1.byArchetype.range.marksman=中
unit	Workspace tests (vitest, coverage beacons on)	2026-09-08T17:42:30.5703587Z     ZERO     0/1       0.0%  enum:config#config.stat-normalization@1.byArchetype.range.marksman=小
unit	Workspace tests (vitest, coverage beacons on)	2026-09-08T17:42:30.5704909Z     ZERO     0/1       0.0%  enum:config#config.stat-normalization@1.byArchetype.range.marksman=極大
unit	Workspace tests (vitest, coverage beacons on)	2026-09-08T17:42:30.5705690Z     ZERO     0/1       0.0%  enum:config#config.stat-normalization@1.byArchetype.range.marksman=極小
unit	Workspace tests (vitest, coverage beacons on)	2026-09-08T17:42:30.5706315Z     ZERO     0/1       0.0%  enum:config#config.stat-normalization@1.byArchetype.range.tank=大
unit	Workspace tests (vitest, coverage beacons on)	2026-09-08T17:42:30.5706919Z     ZERO     0/1       0.0%  enum:config#config.stat-normalization@1.byArchetype.range.tank=小
unit	Workspace tests (vitest, coverage beacons on)	2026-09-08T17:42:30.5707547Z     ZERO     0/1       0.0%  enum:config#config.stat-normalization@1.byArchetype.range.tank=極大
unit	Workspace tests (vitest, coverage beacons on)	2026-09-08T17:42:30.5708190Z     ZERO     0/1       0.0%  enum:config#config.stat-normalization@1.byArchetype.range.tank=極小
unit	Workspace tests (vitest, coverage beacons on)	2026-09-08T17:42:30.5708809Z     ZERO     0/1       0.0%  enum:config#config.stat-normalization@1.byOrigin.ad.坦克=中
unit	Workspace tests (vitest, coverage beacons on)	2026-09-08T17:42:30.5709398Z     ZERO     0/1       0.0%  enum:config#config.stat-normalization@1.byOrigin.ad.坦克=大
unit	Workspace tests (vitest, coverage beacons on)	2026-09-08T17:42:30.5710025Z     ZERO     0/1       0.0%  enum:config#config.stat-normalization@1.byOrigin.ad.坦克=極大
unit	Workspace tests (vitest, coverage beacons on)	2026-09-08T17:42:30.5710610Z     ZERO     0/1       0.0%  enum:config#config.stat-normalization@1.byOrigin.ad.坦克=極小
unit	Workspace tests (vitest, coverage beacons on)	2026-09-08T17:42:30.5711142Z     ZERO     0/1       0.0%  enum:config#config.stat-normalization@1.byOrigin.ad.射手=中
unit	Workspace tests (vitest, coverage beacons on)	2026-09-08T17:42:30.5711689Z     ZERO     0/1       0.0%  enum:config#config.stat-normalization@1.byOrigin.ad.射手=大
unit	Workspace tests (vitest, coverage beacons on)	2026-09-08T17:42:30.5712242Z     ZERO     0/1       0.0%  enum:config#config.stat-normalization@1.byOrigin.ad.射手=小
unit	Workspace tests (vitest, coverage beacons on)	2026-09-08T17:42:30.5712790Z     ZERO     0/1       0.0%  enum:config#config.stat-normalization@1.byOrigin.ad.射手=極小
unit	Workspace tests (vitest, coverage beacons on)	2026-09-08T17:42:30.5713409Z     ZERO     0/1       0.0%  enum:config#config.stat-normalization@1.byOrigin.ad.法刺=中
unit	Workspace tests (vitest, coverage beacons on)	2026-09-08T17:42:30.5714326Z     ZERO     0/1       0.0%  enum:config#config.stat-normalization@1.byOrigin.ad.法刺=大
unit	Workspace tests (vitest, coverage beacons on)	2026-09-08T17:42:30.5714977Z     ZERO     0/1       0.0%  enum:config#config.stat-normalization@1.byOrigin.ad.法刺=小
unit	Workspace tests (vitest, coverage beacons on)	2026-09-08T17:42:30.5715811Z     ZERO     0/1       0.0%  enum:config#config.stat-normalization@1.byOrigin.ad.法刺=極大
unit	Workspace tests (vitest, coverage beacons on)	2026-09-08T17:42:30.5716412Z     ZERO     0/1       0.0%  enum:config#config.stat-normalization@1.byOrigin.ad.法師=中
unit	Workspace tests (vitest, coverage beacons on)	2026-09-08T17:42:30.5716982Z     ZERO     0/1       0.0%  enum:config#config.stat-normalization@1.byOrigin.ad.法師=大
unit	Workspace tests (vitest, coverage beacons on)	2026-09-08T17:42:30.5717518Z     ZERO     0/1       0.0%  enum:config#config.stat-normalization@1.byOrigin.ad.法師=極大
unit	Workspace tests (vitest, coverage beacons on)	2026-09-08T17:42:30.5718121Z     ZERO     0/1       0.0%  enum:config#config.stat-normalization@1.byOrigin.ad.法師=極小
unit	Workspace tests (vitest, coverage beacons on)	2026-09-08T17:42:30.5718745Z     ZERO     0/1       0.0%  enum:config#config.stat-normalization@1.byOrigin.ad.法鬥=中
unit	Workspace tests (vitest, coverage beacons on)	2026-09-08T17:42:30.5719365Z     ZERO     0/1       0.0%  enum:config#config.stat-normalization@1.byOrigin.ad.法鬥=小
unit	Workspace tests (vitest, coverage beacons on)	2026-09-08T17:42:30.5719994Z     ZERO     0/1       0.0%  enum:config#config.stat-normalization@1.byOrigin.ad.法鬥=極大
unit	Workspace tests (vitest, coverage beacons on)	2026-09-08T17:42:30.5720613Z     ZERO     0/1       0.0%  enum:config#config.stat-normalization@1.byOrigin.ad.法鬥=極小
unit	Workspace tests (vitest, coverage beacons on)	2026-09-08T17:42:30.5721239Z     ZERO     0/1       0.0%  enum:config#config.stat-normalization@1.byOrigin.ad.狂戰=中
unit	Workspace tests (vitest, coverage beacons on)	2026-09-08T17:42:30.5721837Z     ZERO     0/1       0.0%  enum:config#config.stat-normalization@1.byOrigin.ad.狂戰=小
unit	Workspace tests (vitest, coverage beacons on)	2026-09-08T17:42:30.5722413Z     ZERO     0/1       0.0%  enum:config#config.stat-normalization@1.byOrigin.ad.狂戰=極大
unit	Workspace tests (vitest, coverage beacons on)	2026-09-08T17:42:30.5723023Z     ZERO     0/1       0.0%  enum:config#config.stat-normalization@1.byOrigin.ad.狂戰=極小
unit	Workspace tests (vitest, coverage beacons on)	2026-09-08T17:42:30.5723581Z     ZERO     0/1       0.0%  enum:config#config.stat-normalization@1.byOrigin.ad.砲手=中
unit	Workspace tests (vitest, coverage beacons on)	2026-09-08T17:42:30.5733490Z     ZERO     0/1       0.0%  enum:config#config.stat-normalization@1.byOrigin.ad.砲手=大
unit	Workspace tests (vitest, coverage beacons on)	2026-09-08T17:42:30.5734590Z     ZERO     0/1       0.0%  enum:config#config.stat-normalization@1.byOrigin.ad.砲手=小
unit	Workspace tests (vitest, coverage beacons on)	2026-09-08T17:42:30.5735288Z     ZERO     0/1       0.0%  enum:config#config.stat-normalization@1.byOrigin.ad.砲手=極小
unit	Workspace tests (vitest, coverage beacons on)	2026-09-08T17:42:30.5735957Z     ZERO     0/1       0.0%  enum:config#config.stat-normalization@1.byOrigin.ad.硬輔=中
unit	Workspace tests (vitest, coverage beacons on)	2026-09-08T17:42:30.5736883Z     ZERO     0/1       0.0%  enum:config#config.stat-normalization@1.byOrigin.ad.硬輔=大
unit	Workspace tests (vitest, coverage beacons on)	2026-09-08T17:42:30.5737463Z     ZERO     0/1       0.0%  enum:config#config.stat-normalization@1.byOrigin.ad.硬輔=極大
unit	Workspace tests (vitest, coverage beacons on)	2026-09-08T17:42:30.5738027Z     ZERO     0/1       0.0%  enum:config#config.stat-normalization@1.byOrigin.ad.硬輔=極小
unit	Workspace tests (vitest, coverage beacons on)	2026-09-08T17:42:30.5738661Z     ZERO     0/1       0.0%  enum:config#config.stat-normalization@1.byOrigin.ad.軟輔=中
unit	Workspace tests (vitest, coverage beacons on)	2026-09-08T17:42:30.5739267Z     ZERO     0/1       0.0%  enum:config#config.stat-normalization@1.byOrigin.ad.軟輔=大
unit	Workspace tests (vitest, coverage beacons on)	2026-09-08T17:42:30.5739895Z     ZERO     0/1       0.0%  enum:config#config.stat-normalization@1.byOrigin.ad.軟輔=極大
unit	Workspace tests (vitest, coverage beacons on)	2026-09-08T17:42:30.5740513Z     ZERO     0/1       0.0%  enum:config#config.stat-normalization@1.byOrigin.ad.軟輔=極小
unit	Workspace tests (vitest, coverage beacons on)	2026-09-08T17:42:30.5741107Z     ZERO     0/1       0.0%  enum:config#config.stat-normalization@1.byOrigin.ad.鬥士=中
unit	Workspace tests (vitest, coverage beacons on)	2026-09-08T17:42:30.5741693Z     ZERO     0/1       0.0%  enum:config#config.stat-normalization@1.byOrigin.ad.鬥士=小
unit	Workspace tests (vitest, coverage beacons on)	2026-09-08T17:42:30.5742296Z     ZERO     0/1       0.0%  enum:config#config.stat-normalization@1.byOrigin.ad.鬥士=極大
unit	Workspace tests (vitest, coverage beacons on)	2026-09-08T17:42:30.5742856Z     ZERO     0/1       0.0%  enum:config#config.stat-normalization@1.byOrigin.ad.鬥士=極小
unit	Workspace tests (vitest, coverage beacons on)	2026-09-08T17:42:30.5743390Z     ZERO     0/1       0.0%  enum:config#config.stat-normalization@1.byOrigin.ap.坦克=中
unit	Workspace tests (vitest, coverage beacons on)	2026-09-08T17:42:30.5744340Z     ZERO     0/1       0.0%  enum:config#config.stat-normalization@1.byOrigin.ap.坦克=大
unit	Workspace tests (vitest, coverage beacons on)	2026-09-08T17:42:30.5745024Z     ZERO     0/1       0.0%  enum:config#config.stat-normalization@1.byOrigin.ap.坦克=極大
unit	Workspace tests (vitest, coverage beacons on)	2026-09-08T17:42:30.5745664Z     ZERO     0/1       0.0%  enum:config#config.stat-normalization@1.byOrigin.ap.坦克=極小
unit	Workspace tests (vitest, coverage beacons on)	2026-09-08T17:42:30.5746289Z     ZERO     0/1       0.0%  enum:config#config.stat-normalization@1.byOrigin.ap.射手=中
unit	Workspace tests (vitest, coverage beacons on)	2026-09-08T17:42:30.5746884Z     ZERO     0/1       0.0%  enum:config#config.stat-normalization@1.byOrigin.ap.射手=大
unit	Workspace tests (vitest, coverage beacons on)	2026-09-08T17:42:30.5747484Z     ZERO     0/1       0.0%  enum:config#config.stat-normalization@1.byOrigin.ap.射手=小
unit	Workspace tests (vitest, coverage beacons on)	2026-09-08T17:42:30.5748306Z     ZERO     0/1       0.0%  enum:config#config.stat-normalization@1.byOrigin.ap.射手=極大
unit	Workspace tests (vitest, coverage beacons on)	2026-09-08T17:42:30.5748834Z     ZERO     0/1       0.0%  enum:config#config.stat-normalization@1.byOrigin.ap.法刺=中
unit	Workspace tests (vitest, coverage beacons on)	2026-09-08T17:42:30.5749463Z     ZERO     0/1       0.0%  enum:config#config.stat-normalization@1.byOrigin.ap.法刺=大
unit	Workspace tests (vitest, coverage beacons on)	2026-09-08T17:42:30.5750024Z     ZERO     0/1       0.0%  enum:config#config.stat-normalization@1.byOrigin.ap.法刺=小
unit	Workspace tests (vitest, coverage beacons on)	2026-09-08T17:42:30.5750606Z     ZERO     0/1       0.0%  enum:config#config.stat-normalization@1.byOrigin.ap.法刺=極小
unit	Workspace tests (vitest, coverage beacons on)	2026-09-08T17:42:30.5751237Z     ZERO     0/1       0.0%  enum:config#config.stat-normalization@1.byOrigin.ap.法師=中
unit	Workspace tests (vitest, coverage beacons on)	2026-09-08T17:42:30.5751869Z     ZERO     0/1       0.0%  enum:config#config.stat-normalization@1.byOrigin.ap.法師=小
unit	Workspace tests (vitest, coverage beacons on)	2026-09-08T17:42:30.5752503Z     ZERO     0/1       0.0%  enum:config#config.stat-normalization@1.byOrigin.ap.法師=極大
unit	Workspace tests (vitest, coverage beacons on)	2026-09-08T17:42:30.5753139Z     ZERO     0/1       0.0%  enum:config#config.stat-normalization@1.byOrigin.ap.法師=極小
unit	Workspace tests (vitest, coverage beacons on)	2026-09-08T17:42:30.5753773Z     ZERO     0/1       0.0%  enum:config#config.stat-normalization@1.byOrigin.ap.法鬥=中
unit	Workspace tests (vitest, coverage beacons on)	2026-09-08T17:42:30.5754507Z     ZERO     0/1       0.0%  enum:config#config.stat-normalization@1.byOrigin.ap.法鬥=小
unit	Workspace tests (vitest, coverage beacons on)	2026-09-08T17:42:30.5755074Z     ZERO     0/1       0.0%  enum:config#config.stat-normalization@1.byOrigin.ap.法鬥=極大
unit	Workspace tests (vitest, coverage beacons on)	2026-09-08T17:42:30.5755622Z     ZERO     0/1       0.0%  enum:config#config.stat-normalization@1.byOrigin.ap.法鬥=極小
unit	Workspace tests (vitest, coverage beacons on)	2026-09-08T17:42:30.5756177Z     ZERO     0/1       0.0%  enum:config#config.stat-normalization@1.byOrigin.ap.狂戰=中
unit	Workspace tests (vitest, coverage beacons on)	2026-09-08T17:42:30.5756757Z     ZERO     0/1       0.0%  enum:config#config.stat-normalization@1.byOrigin.ap.狂戰=大
unit	Workspace tests (vitest, coverage beacons on)	2026-09-08T17:42:30.5757383Z     ZERO     0/1       0.0%  enum:config#config.stat-normalization@1.byOrigin.ap.狂戰=極大
unit	Workspace tests (vitest, coverage beacons on)	2026-09-08T17:42:30.5757985Z     ZERO     0/1       0.0%  enum:config#config.stat-normalization@1.byOrigin.ap.狂戰=極小
unit	Workspace tests (vitest, coverage beacons on)	2026-09-08T17:42:30.5758787Z     ZERO     0/1       0.0%  enum:config#config.stat-normalization@1.byOrigin.ap.砲手=中
unit	Workspace tests (vitest, coverage beacons on)	2026-09-08T17:42:30.5759378Z     ZERO     0/1       0.0%  enum:config#config.stat-normalization@1.byOrigin.ap.砲手=大
unit	Workspace tests (vitest, coverage beacons on)	2026-09-08T17:42:30.5759951Z     ZERO     0/1       0.0%  enum:config#config.stat-normalization@1.byOrigin.ap.砲手=極大
unit	Workspace tests (vitest, coverage beacons on)	2026-09-08T17:42:30.5760535Z     ZERO     0/1       0.0%  enum:config#config.stat-normalization@1.byOrigin.ap.砲手=極小
unit	Workspace tests (vitest, coverage beacons on)	2026-09-08T17:42:30.5761089Z     ZERO     0/1       0.0%  enum:config#config.stat-normalization@1.byOrigin.ap.硬輔=中
unit	Workspace tests (vitest, coverage beacons on)	2026-09-08T17:42:30.5761630Z     ZERO     0/1       0.0%  enum:config#config.stat-normalization@1.byOrigin.ap.硬輔=小
unit	Workspace tests (vitest, coverage beacons on)	2026-09-08T17:42:30.5762242Z     ZERO     0/1       0.0%  enum:config#config.stat-normalization@1.byOrigin.ap.硬輔=極大
unit	Workspace tests (vitest, coverage beacons on)	2026-09-08T17:42:30.5762867Z     ZERO     0/1       0.0%  enum:config#config.stat-normalization@1.byOrigin.ap.硬輔=極小
unit	Workspace tests (vitest, coverage beacons on)	2026-09-08T17:42:30.5763494Z     ZERO     0/1       0.0%  enum:config#config.stat-normalization@1.byOrigin.ap.軟輔=中
unit	Workspace tests (vitest, coverage beacons on)	2026-09-08T17:42:30.5764353Z     ZERO     0/1       0.0%  enum:config#config.stat-normalization@1.byOrigin.ap.軟輔=小
unit	Workspace tests (vitest, coverage beacons on)	2026-09-08T17:42:30.5764996Z     ZERO     0/1       0.0%  enum:config#config.stat-normalization@1.byOrigin.ap.軟輔=極大
unit	Workspace tests (vitest, coverage beacons on)	2026-09-08T17:42:30.5765581Z     ZERO     0/1       0.0%  enum:config#config.stat-normalization@1.byOrigin.ap.軟輔=極小
unit	Workspace tests (vitest, coverage beacons on)	2026-09-08T17:42:30.5766183Z     ZERO     0/1       0.0%  enum:config#config.stat-normalization@1.byOrigin.ap.鬥士=中
unit	Workspace tests (vitest, coverage beacons on)	2026-09-08T17:42:30.5766760Z     ZERO     0/1       0.0%  enum:config#config.stat-normalization@1.byOrigin.ap.鬥士=大
unit	Workspace tests (vitest, coverage beacons on)	2026-09-08T17:42:30.5767398Z     ZERO     0/1       0.0%  enum:config#config.stat-normalization@1.byOrigin.ap.鬥士=極大
unit	Workspace tests (vitest, coverage beacons on)	2026-09-08T17:42:30.5767966Z     ZERO     0/1       0.0%  enum:config#config.stat-normalization@1.byOrigin.ap.鬥士=極小
unit	Workspace tests (vitest, coverage beacons on)	2026-09-08T17:42:30.5768615Z     ZERO     0/1       0.0%  enum:config#config.stat-normalization@1.byOrigin.armor.坦克=中
unit	Workspace tests (vitest, coverage beacons on)	2026-09-08T17:42:30.5769276Z     ZERO     0/1       0.0%  enum:config#config.stat-normalization@1.byOrigin.armor.坦克=大
unit	Workspace tests (vitest, coverage beacons on)	2026-09-08T17:42:30.5770164Z     ZERO     0/1       0.0%  enum:config#config.stat-normalization@1.byOrigin.armor.坦克=小
unit	Workspace tests (vitest, coverage beacons on)	2026-09-08T17:42:30.5770844Z     ZERO     0/1       0.0%  enum:config#config.stat-normalization@1.byOrigin.armor.坦克=極小
unit	Workspace tests (vitest, coverage beacons on)	2026-09-08T17:42:30.5771493Z     ZERO     0/1       0.0%  enum:config#config.stat-normalization@1.byOrigin.armor.射手=中
unit	Workspace tests (vitest, coverage beacons on)	2026-09-08T17:42:30.5772138Z     ZERO     0/1       0.0%  enum:config#config.stat-normalization@1.byOrigin.armor.射手=大
unit	Workspace tests (vitest, coverage beacons on)	2026-09-08T17:42:30.5772762Z     ZERO     0/1       0.0%  enum:config#config.stat-normalization@1.byOrigin.armor.射手=小
unit	Workspace tests (vitest, coverage beacons on)	2026-09-08T17:42:30.5773400Z     ZERO     0/1       0.0%  enum:config#config.stat-normalization@1.byOrigin.armor.射手=極大
unit	Workspace tests (vitest, coverage beacons on)	2026-09-08T17:42:30.5774129Z     ZERO     0/1       0.0%  enum:config#config.stat-normalization@1.byOrigin.armor.法刺=中
unit	Workspace tests (vitest, coverage beacons on)	2026-09-08T17:42:30.5774781Z     ZERO     0/1       0.0%  enum:config#config.stat-normalization@1.byOrigin.armor.法刺=大
unit	Workspace tests (vitest, coverage beacons on)	2026-09-08T17:42:30.5775412Z     ZERO     0/1       0.0%  enum:config#config.stat-normalization@1.byOrigin.armor.法刺=小
unit	Workspace tests (vitest, coverage beacons on)	2026-09-08T17:42:30.5776023Z     ZERO     0/1       0.0%  enum:config#config.stat-normalization@1.byOrigin.armor.法刺=極大
unit	Workspace tests (vitest, coverage beacons on)	2026-09-08T17:42:30.5776623Z     ZERO     0/1       0.0%  enum:config#config.stat-normalization@1.byOrigin.armor.法師=中
unit	Workspace tests (vitest, coverage beacons on)	2026-09-08T17:42:30.5777218Z     ZERO     0/1       0.0%  enum:config#config.stat-normalization@1.byOrigin.armor.法師=大
unit	Workspace tests (vitest, coverage beacons on)	2026-09-08T17:42:30.5777760Z     ZERO     0/1       0.0%  enum:config#config.stat-normalization@1.byOrigin.armor.法師=極大
unit	Workspace tests (vitest, coverage beacons on)	2026-09-08T17:42:30.5778306Z     ZERO     0/1       0.0%  enum:config#config.stat-normalization@1.byOrigin.armor.法師=極小
unit	Workspace tests (vitest, coverage beacons on)	2026-09-08T17:42:30.5778876Z     ZERO     0/1       0.0%  enum:config#config.stat-normalization@1.byOrigin.armor.法鬥=中
unit	Workspace tests (vitest, coverage beacons on)	2026-09-08T17:42:30.5779478Z     ZERO     0/1       0.0%  enum:config#config.stat-normalization@1.byOrigin.armor.法鬥=大
unit	Workspace tests (vitest, coverage beacons on)	2026-09-08T17:42:30.5780044Z     ZERO     0/1       0.0%  enum:config#config.stat-normalization@1.byOrigin.armor.法鬥=極大
unit	Workspace tests (vitest, coverage beacons on)	2026-09-08T17:42:30.5780942Z     ZERO     0/1       0.0%  enum:config#config.stat-normalization@1.byOrigin.armor.法鬥=極小
unit	Workspace tests (vitest, coverage beacons on)	2026-09-08T17:42:30.5781559Z     ZERO     0/1       0.0%  enum:config#config.stat-normalization@1.byOrigin.armor.狂戰=中
unit	Workspace tests (vitest, coverage beacons on)	2026-09-08T17:42:30.5782146Z     ZERO     0/1       0.0%  enum:config#config.stat-normalization@1.byOrigin.armor.狂戰=大
unit	Workspace tests (vitest, coverage beacons on)	2026-09-08T17:42:30.5782747Z     ZERO     0/1       0.0%  enum:config#config.stat-normalization@1.byOrigin.armor.狂戰=極大
unit	Workspace tests (vitest, coverage beacons on)	2026-09-08T17:42:30.5783364Z     ZERO     0/1       0.0%  enum:config#config.stat-normalization@1.byOrigin.armor.狂戰=極小
unit	Workspace tests (vitest, coverage beacons on)	2026-09-08T17:42:30.5784261Z     ZERO     0/1       0.0%  enum:config#config.stat-normalization@1.byOrigin.armor.砲手=中
unit	Workspace tests (vitest, coverage beacons on)	2026-09-08T17:42:30.5784906Z     ZERO     0/1       0.0%  enum:config#config.stat-normalization@1.byOrigin.armor.砲手=大
unit	Workspace tests (vitest, coverage beacons on)	2026-09-08T17:42:30.5785543Z     ZERO     0/1       0.0%  enum:config#config.stat-normalization@1.byOrigin.armor.砲手=小
unit	Workspace tests (vitest, coverage beacons on)	2026-09-08T17:42:30.5786160Z     ZERO     0/1       0.0%  enum:config#config.stat-normalization@1.byOrigin.armor.砲手=極大
unit	Workspace tests (vitest, coverage beacons on)	2026-09-08T17:42:30.5786999Z     ZERO     0/1       0.0%  enum:config#config.stat-normalization@1.byOrigin.armor.硬輔=中
unit	Workspace tests (vitest, coverage beacons on)	2026-09-08T17:42:30.5787662Z     ZERO     0/1       0.0%  enum:config#config.stat-normalization@1.byOrigin.armor.硬輔=小
unit	Workspace tests (vitest, coverage beacons on)	2026-09-08T17:42:30.5788307Z     ZERO     0/1       0.0%  enum:config#config.stat-normalization@1.byOrigin.armor.硬輔=極大
unit	Workspace tests (vitest, coverage beacons on)	2026-09-08T17:42:30.5788940Z     ZERO     0/1       0.0%  enum:config#config.stat-normalization@1.byOrigin.armor.硬輔=極小
unit	Workspace tests (vitest, coverage beacons on)	2026-09-08T17:42:30.5789543Z     ZERO     0/1       0.0%  enum:config#config.stat-normalization@1.byOrigin.armor.軟輔=中
unit	Workspace tests (vitest, coverage beacons on)	2026-09-08T17:42:30.5790182Z     ZERO     0/1       0.0%  enum:config#config.stat-normalization@1.byOrigin.armor.軟輔=大
unit	Workspace tests (vitest, coverage beacons on)	2026-09-08T17:42:30.5790843Z     ZERO     0/1       0.0%  enum:config#config.stat-normalization@1.byOrigin.armor.軟輔=極大
unit	Workspace tests (vitest, coverage beacons on)	2026-09-08T17:42:30.5791453Z     ZERO     0/1       0.0%  enum:config#config.stat-normalization@1.byOrigin.armor.軟輔=極小
unit	Workspace tests (vitest, coverage beacons on)	2026-09-08T17:42:30.5791985Z     ZERO     0/1       0.0%  enum:config#config.stat-normalization@1.byOrigin.armor.鬥士=大
unit	Workspace tests (vitest, coverage beacons on)	2026-09-08T17:42:30.5792562Z     ZERO     0/1       0.0%  enum:config#config.stat-normalization@1.byOrigin.armor.鬥士=小
unit	Workspace tests (vitest, coverage beacons on)	2026-09-08T17:42:30.5793128Z     ZERO     0/1       0.0%  enum:config#config.stat-normalization@1.byOrigin.armor.鬥士=極大
unit	Workspace tests (vitest, coverage beacons on)	2026-09-08T17:42:30.5793728Z     ZERO     0/1       0.0%  enum:config#config.stat-normalization@1.byOrigin.armor.鬥士=極小
unit	Workspace tests (vitest, coverage beacons on)	2026-09-08T17:42:30.5794526Z     ZERO     0/1       0.0%  enum:config#config.stat-normalization@1.byOrigin.as.坦克=中
unit	Workspace tests (vitest, coverage beacons on)	2026-09-08T17:42:30.5795132Z     ZERO     0/1       0.0%  enum:config#config.stat-normalization@1.byOrigin.as.坦克=大
unit	Workspace tests (vitest, coverage beacons on)	2026-09-08T17:42:30.5795734Z     ZERO     0/1       0.0%  enum:config#config.stat-normalization@1.byOrigin.as.坦克=極大
unit	Workspace tests (vitest, coverage beacons on)	2026-09-08T17:42:30.5796299Z     ZERO     0/1       0.0%  enum:config#config.stat-normalization@1.byOrigin.as.坦克=極小
unit	Workspace tests (vitest, coverage beacons on)	2026-09-08T17:42:30.5797053Z     ZERO     0/1       0.0%  enum:config#config.stat-normalization@1.byOrigin.as.射手=中
unit	Workspace tests (vitest, coverage beacons on)	2026-09-08T17:42:30.5797636Z     ZERO     0/1       0.0%  enum:config#config.stat-normalization@1.byOrigin.as.射手=小
unit	Workspace tests (vitest, coverage beacons on)	2026-09-08T17:42:30.5798498Z     ZERO     0/1       0.0%  enum:config#config.stat-normalization@1.byOrigin.as.射手=極大
unit	Workspace tests (vitest, coverage beacons on)	2026-09-08T17:42:30.5799074Z     ZERO     0/1       0.0%  enum:config#config.stat-normalization@1.byOrigin.as.射手=極小
unit	Workspace tests (vitest, coverage beacons on)	2026-09-08T17:42:30.5799615Z     ZERO     0/1       0.0%  enum:config#config.stat-normalization@1.byOrigin.as.法刺=中
unit	Workspace tests (vitest, coverage beacons on)	2026-09-08T17:42:30.5800128Z     ZERO     0/1       0.0%  enum:config#config.stat-normalization@1.byOrigin.as.法刺=大
unit	Workspace tests (vitest, coverage beacons on)	2026-09-08T17:42:30.5800676Z     ZERO     0/1       0.0%  enum:config#config.stat-normalization@1.byOrigin.as.法刺=小
unit	Workspace tests (vitest, coverage beacons on)	2026-09-08T17:42:30.5801200Z     ZERO     0/1       0.0%  enum:config#config.stat-normalization@1.byOrigin.as.法刺=極大
unit	Workspace tests (vitest, coverage beacons on)	2026-09-08T17:42:30.5801772Z     ZERO     0/1       0.0%  enum:config#config.stat-normalization@1.byOrigin.as.法師=中
unit	Workspace tests (vitest, coverage beacons on)	2026-09-08T17:42:30.5802326Z     ZERO     0/1       0.0%  enum:config#config.stat-normalization@1.byOrigin.as.法師=大
unit	Workspace tests (vitest, coverage beacons on)	2026-09-08T17:42:30.5802948Z     ZERO     0/1       0.0%  enum:config#config.stat-normalization@1.byOrigin.as.法師=極大
unit	Workspace tests (vitest, coverage beacons on)	2026-09-08T17:42:30.5803516Z     ZERO     0/1       0.0%  enum:config#config.stat-normalization@1.byOrigin.as.法師=極小
unit	Workspace tests (vitest, coverage beacons on)	2026-09-08T17:42:30.5804335Z     ZERO     0/1       0.0%  enum:config#config.stat-normalization@1.byOrigin.as.法鬥=中
unit	Workspace tests (vitest, coverage beacons on)	2026-09-08T17:42:30.5804931Z     ZERO     0/1       0.0%  enum:config#config.stat-normalization@1.byOrigin.as.法鬥=大
unit	Workspace tests (vitest, coverage beacons on)	2026-09-08T17:42:30.5805479Z     ZERO     0/1       0.0%  enum:config#config.stat-normalization@1.byOrigin.as.法鬥=極大
unit	Workspace tests (vitest, coverage beacons on)	2026-09-08T17:42:30.5806117Z     ZERO     0/1       0.0%  enum:config#config.stat-normalization@1.byOrigin.as.法鬥=極小
unit	Workspace tests (vitest, coverage beacons on)	2026-09-08T17:42:30.5806705Z     ZERO     0/1       0.0%  enum:config#config.stat-normalization@1.byOrigin.as.狂戰=中
unit	Workspace tests (vitest, coverage beacons on)	2026-09-08T17:42:30.5807283Z     ZERO     0/1       0.0%  enum:config#config.stat-normalization@1.byOrigin.as.狂戰=大
unit	Workspace tests (vitest, coverage beacons on)	2026-09-08T17:42:30.5807849Z     ZERO     0/1       0.0%  enum:config#config.stat-normalization@1.byOrigin.as.狂戰=小
unit	Workspace tests (vitest, coverage beacons on)	2026-09-08T17:42:30.5808625Z     ZERO     0/1       0.0%  enum:config#config.stat-normalization@1.byOrigin.as.狂戰=極小
unit	Workspace tests (vitest, coverage beacons on)	2026-09-08T17:42:30.5809159Z     ZERO     0/1       0.0%  enum:config#config.stat-normalization@1.byOrigin.as.砲手=中
unit	Workspace tests (vitest, coverage beacons on)	2026-09-08T17:42:30.5809684Z     ZERO     0/1       0.0%  enum:config#config.stat-normalization@1.byOrigin.as.砲手=大
unit	Workspace tests (vitest, coverage beacons on)	2026-09-08T17:42:30.5810217Z     ZERO     0/1       0.0%  enum:config#config.stat-normalization@1.byOrigin.as.砲手=極大
unit	Workspace tests (vitest, coverage beacons on)	2026-09-08T17:42:30.5810792Z     ZERO     0/1       0.0%  enum:config#config.stat-normalization@1.byOrigin.as.砲手=極小
unit	Workspace tests (vitest, coverage beacons on)	2026-09-08T17:42:30.5811351Z     ZERO     0/1       0.0%  enum:config#config.stat-normalization@1.byOrigin.as.硬輔=中
unit	Workspace tests (vitest, coverage beacons on)	2026-09-08T17:42:30.5811905Z     ZERO     0/1       0.0%  enum:config#config.stat-normalization@1.byOrigin.as.硬輔=大
unit	Workspace tests (vitest, coverage beacons on)	2026-09-08T17:42:30.5812528Z     ZERO     0/1       0.0%  enum:config#config.stat-normalization@1.byOrigin.as.硬輔=極大
unit	Workspace tests (vitest, coverage beacons on)	2026-09-08T17:42:30.5813103Z     ZERO     0/1       0.0%  enum:config#config.stat-normalization@1.byOrigin.as.硬輔=極小
unit	Workspace tests (vitest, coverage beacons on)	2026-09-08T17:42:30.5813675Z     ZERO     0/1       0.0%  enum:config#config.stat-normalization@1.byOrigin.as.軟輔=中
unit	Workspace tests (vitest, coverage beacons on)	2026-09-08T17:42:30.5814480Z     ZERO     0/1       0.0%  enum:config#config.stat-normalization@1.byOrigin.as.軟輔=大
unit	Workspace tests (vitest, coverage beacons on)	2026-09-08T17:42:30.5815121Z     ZERO     0/1       0.0%  enum:config#config.stat-normalization@1.byOrigin.as.軟輔=極大
unit	Workspace tests (vitest, coverage beacons on)	2026-09-08T17:42:30.5815675Z     ZERO     0/1       0.0%  enum:config#config.stat-normalization@1.byOrigin.as.軟輔=極小
unit	Workspace tests (vitest, coverage beacons on)	2026-09-08T17:42:30.5816210Z     ZERO     0/1       0.0%  enum:config#config.stat-normalization@1.byOrigin.as.鬥士=大
unit	Workspace tests (vitest, coverage beacons on)	2026-09-08T17:42:30.5816789Z     ZERO     0/1       0.0%  enum:config#config.stat-normalization@1.byOrigin.as.鬥士=小
unit	Workspace tests (vitest, coverage beacons on)	2026-09-08T17:42:30.5817386Z     ZERO     0/1       0.0%  enum:config#config.stat-normalization@1.byOrigin.as.鬥士=極大
unit	Workspace tests (vitest, coverage beacons on)	2026-09-08T17:42:30.5817943Z     ZERO     0/1       0.0%  enum:config#config.stat-normalization@1.byOrigin.as.鬥士=極小
unit	Workspace tests (vitest, coverage beacons on)	2026-09-08T17:42:30.5818566Z     ZERO     0/1       0.0%  enum:config#config.stat-normalization@1.byOrigin.healthRegen.坦克=中
unit	Workspace tests (vitest, coverage beacons on)	2026-09-08T17:42:30.5819425Z     ZERO     0/1       0.0%  enum:config#config.stat-normalization@1.byOrigin.healthRegen.坦克=小
unit	Workspace tests (vitest, coverage beacons on)	2026-09-08T17:42:30.5820040Z     ZERO     0/1       0.0%  enum:config#config.stat-normalization@1.byOrigin.healthRegen.坦克=極大
unit	Workspace tests (vitest, coverage beacons on)	2026-09-08T17:42:30.5820682Z     ZERO     0/1       0.0%  enum:config#config.stat-normalization@1.byOrigin.healthRegen.坦克=極小
unit	Workspace tests (vitest, coverage beacons on)	2026-09-08T17:42:30.5821337Z     ZERO     0/1       0.0%  enum:config#config.stat-normalization@1.byOrigin.healthRegen.射手=中
unit	Workspace tests (vitest, coverage beacons on)	2026-09-08T17:42:30.5821980Z     ZERO     0/1       0.0%  enum:config#config.stat-normalization@1.byOrigin.healthRegen.射手=大
unit	Workspace tests (vitest, coverage beacons on)	2026-09-08T17:42:30.5822633Z     ZERO     0/1       0.0%  enum:config#config.stat-normalization@1.byOrigin.healthRegen.射手=極大
unit	Workspace tests (vitest, coverage beacons on)	2026-09-08T17:42:30.5827898Z     ZERO     0/1       0.0%  enum:config#config.stat-normalization@1.byOrigin.healthRegen.射手=極小
unit	Workspace tests (vitest, coverage beacons on)	2026-09-08T17:42:30.5828655Z     ZERO     0/1       0.0%  enum:config#config.stat-normalization@1.byOrigin.healthRegen.法刺=中
unit	Workspace tests (vitest, coverage beacons on)	2026-09-08T17:42:30.5829284Z     ZERO     0/1       0.0%  enum:config#config.stat-normalization@1.byOrigin.healthRegen.法刺=大
unit	Workspace tests (vitest, coverage beacons on)	2026-09-08T17:42:30.5829905Z     ZERO     0/1       0.0%  enum:config#config.stat-normalization@1.byOrigin.healthRegen.法刺=極大
unit	Workspace tests (vitest, coverage beacons on)	2026-09-08T17:42:30.5830607Z     ZERO     0/1       0.0%  enum:config#config.stat-normalization@1.byOrigin.healthRegen.法刺=極小
unit	Workspace tests (vitest, coverage beacons on)	2026-09-08T17:42:30.5831264Z     ZERO     0/1       0.0%  enum:config#config.stat-normalization@1.byOrigin.healthRegen.法師=大
unit	Workspace tests (vitest, coverage beacons on)	2026-09-08T17:42:30.5831890Z     ZERO     0/1       0.0%  enum:config#config.stat-normalization@1.byOrigin.healthRegen.法師=小
unit	Workspace tests (vitest, coverage beacons on)	2026-09-08T17:42:30.5832495Z     ZERO     0/1       0.0%  enum:config#config.stat-normalization@1.byOrigin.healthRegen.法師=極大
unit	Workspace tests (vitest, coverage beacons on)	2026-09-08T17:42:30.5833060Z     ZERO     0/1       0.0%  enum:config#config.stat-normalization@1.byOrigin.healthRegen.法師=極小
unit	Workspace tests (vitest, coverage beacons on)	2026-09-08T17:42:30.5833670Z     ZERO     0/1       0.0%  enum:config#config.stat-normalization@1.byOrigin.healthRegen.法鬥=大
unit	Workspace tests (vitest, coverage beacons on)	2026-09-08T17:42:30.5834842Z     ZERO     0/1       0.0%  enum:config#config.stat-normalization@1.byOrigin.healthRegen.法鬥=小
unit	Workspace tests (vitest, coverage beacons on)	2026-09-08T17:42:30.5835514Z     ZERO     0/1       0.0%  enum:config#config.stat-normalization@1.byOrigin.healthRegen.法鬥=極大
unit	Workspace tests (vitest, coverage beacons on)	2026-09-08T17:42:30.5836158Z     ZERO     0/1       0.0%  enum:config#config.stat-normalization@1.byOrigin.healthRegen.法鬥=極小
unit	Workspace tests (vitest, coverage beacons on)	2026-09-08T17:42:30.5836844Z     ZERO     0/1       0.0%  enum:config#config.stat-normalization@1.byOrigin.healthRegen.狂戰=中
unit	Workspace tests (vitest, coverage beacons on)	2026-09-08T17:42:30.5837510Z     ZERO     0/1       0.0%  enum:config#config.stat-normalization@1.byOrigin.healthRegen.狂戰=大
unit	Workspace tests (vitest, coverage beacons on)	2026-09-08T17:42:30.5838175Z     ZERO     0/1       0.0%  enum:config#config.stat-normalization@1.byOrigin.healthRegen.狂戰=小
unit	Workspace tests (vitest, coverage beacons on)	2026-09-08T17:42:30.5838841Z     ZERO     0/1       0.0%  enum:config#config.stat-normalization@1.byOrigin.healthRegen.狂戰=極小
unit	Workspace tests (vitest, coverage beacons on)	2026-09-08T17:42:30.5839429Z     ZERO     0/1       0.0%  enum:config#config.stat-normalization@1.byOrigin.healthRegen.砲手=中
unit	Workspace tests (vitest, coverage beacons on)	2026-09-08T17:42:30.5840030Z     ZERO     0/1       0.0%  enum:config#config.stat-normalization@1.byOrigin.healthRegen.砲手=大
unit	Workspace tests (vitest, coverage beacons on)	2026-09-08T17:42:30.5840741Z     ZERO     0/1       0.0%  enum:config#config.stat-normalization@1.byOrigin.healthRegen.砲手=極大
unit	Workspace tests (vitest, coverage beacons on)	2026-09-08T17:42:30.5841426Z     ZERO     0/1       0.0%  enum:config#config.stat-normalization@1.byOrigin.healthRegen.砲手=極小
unit	Workspace tests (vitest, coverage beacons on)	2026-09-08T17:42:30.5842087Z     ZERO     0/1       0.0%  enum:config#config.stat-normalization@1.byOrigin.healthRegen.硬輔=中
unit	Workspace tests (vitest, coverage beacons on)	2026-09-08T17:42:30.5842751Z     ZERO     0/1       0.0%  enum:config#config.stat-normalization@1.byOrigin.healthRegen.硬輔=大
unit	Workspace tests (vitest, coverage beacons on)	2026-09-08T17:42:30.5843396Z     ZERO     0/1       0.0%  enum:config#config.stat-normalization@1.byOrigin.healthRegen.硬輔=極大
unit	Workspace tests (vitest, coverage beacons on)	2026-09-08T17:42:30.5844307Z     ZERO     0/1       0.0%  enum:config#config.stat-normalization@1.byOrigin.healthRegen.硬輔=極小
unit	Workspace tests (vitest, coverage beacons on)	2026-09-08T17:42:30.5844982Z     ZERO     0/1       0.0%  enum:config#config.stat-normalization@1.byOrigin.healthRegen.軟輔=中
unit	Workspace tests (vitest, coverage beacons on)	2026-09-08T17:42:30.5845662Z     ZERO     0/1       0.0%  enum:config#config.stat-normalization@1.byOrigin.healthRegen.軟輔=小
unit	Workspace tests (vitest, coverage beacons on)	2026-09-08T17:42:30.5846525Z     ZERO     0/1       0.0%  enum:config#config.stat-normalization@1.byOrigin.healthRegen.軟輔=極大
unit	Workspace tests (vitest, coverage beacons on)	2026-09-08T17:42:30.5847103Z     ZERO     0/1       0.0%  enum:config#config.stat-normalization@1.byOrigin.healthRegen.軟輔=極小
unit	Workspace tests (vitest, coverage beacons on)	2026-09-08T17:42:30.5847693Z     ZERO     0/1       0.0%  enum:config#config.stat-normalization@1.byOrigin.healthRegen.鬥士=中
unit	Workspace tests (vitest, coverage beacons on)	2026-09-08T17:42:30.5848310Z     ZERO     0/1       0.0%  enum:config#config.stat-normalization@1.byOrigin.healthRegen.鬥士=小
unit	Workspace tests (vitest, coverage beacons on)	2026-09-08T17:42:30.5848914Z     ZERO     0/1       0.0%  enum:config#config.stat-normalization@1.byOrigin.healthRegen.鬥士=極大
unit	Workspace tests (vitest, coverage beacons on)	2026-09-08T17:42:30.5849583Z     ZERO     0/1       0.0%  enum:config#config.stat-normalization@1.byOrigin.healthRegen.鬥士=極小
unit	Workspace tests (vitest, coverage beacons on)	2026-09-08T17:42:30.5850259Z     ZERO     0/1       0.0%  enum:config#config.stat-normalization@1.byOrigin.manaRegen.坦克=中
unit	Workspace tests (vitest, coverage beacons on)	2026-09-08T17:42:30.5850883Z     ZERO     0/1       0.0%  enum:config#config.stat-normalization@1.byOrigin.manaRegen.坦克=大
unit	Workspace tests (vitest, coverage beacons on)	2026-09-08T17:42:30.5851491Z     ZERO     0/1       0.0%  enum:config#config.stat-normalization@1.byOrigin.manaRegen.坦克=小
unit	Workspace tests (vitest, coverage beacons on)	2026-09-08T17:42:30.5852044Z     ZERO     0/1       0.0%  enum:config#config.stat-normalization@1.byOrigin.manaRegen.坦克=極大
unit	Workspace tests (vitest, coverage beacons on)	2026-09-08T17:42:30.5852627Z     ZERO     0/1       0.0%  enum:config#config.stat-normalization@1.byOrigin.manaRegen.射手=大
unit	Workspace tests (vitest, coverage beacons on)	2026-09-08T17:42:30.5853237Z     ZERO     0/1       0.0%  enum:config#config.stat-normalization@1.byOrigin.manaRegen.射手=小
unit	Workspace tests (vitest, coverage beacons on)	2026-09-08T17:42:30.5853853Z     ZERO     0/1       0.0%  enum:config#config.stat-normalization@1.byOrigin.manaRegen.射手=極大
unit	Workspace tests (vitest, coverage beacons on)	2026-09-08T17:42:30.5854695Z     ZERO     0/1       0.0%  enum:config#config.stat-normalization@1.byOrigin.manaRegen.射手=極小
unit	Workspace tests (vitest, coverage beacons on)	2026-09-08T17:42:30.5855318Z     ZERO     0/1       0.0%  enum:config#config.stat-normalization@1.byOrigin.manaRegen.法刺=中
unit	Workspace tests (vitest, coverage beacons on)	2026-09-08T17:42:30.5855919Z     ZERO     0/1       0.0%  enum:config#config.stat-normalization@1.byOrigin.manaRegen.法刺=大
unit	Workspace tests (vitest, coverage beacons on)	2026-09-08T17:42:30.5856580Z     ZERO     0/1       0.0%  enum:config#config.stat-normalization@1.byOrigin.manaRegen.法刺=極大
unit	Workspace tests (vitest, coverage beacons on)	2026-09-08T17:42:30.5857428Z     ZERO     0/1       0.0%  enum:config#config.stat-normalization@1.byOrigin.manaRegen.法刺=極小
unit	Workspace tests (vitest, coverage beacons on)	2026-09-08T17:42:30.5858014Z     ZERO     0/1       0.0%  enum:config#config.stat-normalization@1.byOrigin.manaRegen.法師=大
unit	Workspace tests (vitest, coverage beacons on)	2026-09-08T17:42:30.5858674Z     ZERO     0/1       0.0%  enum:config#config.stat-normalization@1.byOrigin.manaRegen.法師=小
unit	Workspace tests (vitest, coverage beacons on)	2026-09-08T17:42:30.5859325Z     ZERO     0/1       0.0%  enum:config#config.stat-normalization@1.byOrigin.manaRegen.法師=極大
unit	Workspace tests (vitest, coverage beacons on)	2026-09-08T17:42:30.5859959Z     ZERO     0/1       0.0%  enum:config#config.stat-normalization@1.byOrigin.manaRegen.法師=極小
unit	Workspace tests (vitest, coverage beacons on)	2026-09-08T17:42:30.5860570Z     ZERO     0/1       0.0%  enum:config#config.stat-normalization@1.byOrigin.manaRegen.法鬥=大
unit	Workspace tests (vitest, coverage beacons on)	2026-09-08T17:42:30.5861209Z     ZERO     0/1       0.0%  enum:config#config.stat-normalization@1.byOrigin.manaRegen.法鬥=小
unit	Workspace tests (vitest, coverage beacons on)	2026-09-08T17:42:30.5861797Z     ZERO     0/1       0.0%  enum:config#config.stat-normalization@1.byOrigin.manaRegen.法鬥=極大
unit	Workspace tests (vitest, coverage beacons on)	2026-09-08T17:42:30.5862369Z     ZERO     0/1       0.0%  enum:config#config.stat-normalization@1.byOrigin.manaRegen.法鬥=極小
unit	Workspace tests (vitest, coverage beacons on)	2026-09-08T17:42:30.5862942Z     ZERO     0/1       0.0%  enum:config#config.stat-normalization@1.byOrigin.manaRegen.狂戰=中
unit	Workspace tests (vitest, coverage beacons on)	2026-09-08T17:42:30.5863583Z     ZERO     0/1       0.0%  enum:config#config.stat-normalization@1.byOrigin.manaRegen.狂戰=大
unit	Workspace tests (vitest, coverage beacons on)	2026-09-08T17:42:30.5864377Z     ZERO     0/1       0.0%  enum:config#config.stat-normalization@1.byOrigin.manaRegen.狂戰=小
unit	Workspace tests (vitest, coverage beacons on)	2026-09-08T17:42:30.5865060Z     ZERO     0/1       0.0%  enum:config#config.stat-normalization@1.byOrigin.manaRegen.狂戰=極大
unit	Workspace tests (vitest, coverage beacons on)	2026-09-08T17:42:30.5865684Z     ZERO     0/1       0.0%  enum:config#config.stat-normalization@1.byOrigin.manaRegen.砲手=中
unit	Workspace tests (vitest, coverage beacons on)	2026-09-08T17:42:30.5866341Z     ZERO     0/1       0.0%  enum:config#config.stat-normalization@1.byOrigin.manaRegen.砲手=大
unit	Workspace tests (vitest, coverage beacons on)	2026-09-08T17:42:30.5867070Z     ZERO     0/1       0.0%  enum:config#config.stat-normalization@1.byOrigin.manaRegen.砲手=極大
unit	Workspace tests (vitest, coverage beacons on)	2026-09-08T17:42:30.5867885Z     ZERO     0/1       0.0%  enum:config#config.stat-normalization@1.byOrigin.manaRegen.砲手=極小
unit	Workspace tests (vitest, coverage beacons on)	2026-09-08T17:42:30.5868512Z     ZERO     0/1       0.0%  enum:config#config.stat-normalization@1.byOrigin.manaRegen.硬輔=中
unit	Workspace tests (vitest, coverage beacons on)	2026-09-08T17:42:30.5869168Z     ZERO     0/1       0.0%  enum:config#config.stat-normalization@1.byOrigin.manaRegen.硬輔=大
unit	Workspace tests (vitest, coverage beacons on)	2026-09-08T17:42:30.5869826Z     ZERO     0/1       0.0%  enum:config#config.stat-normalization@1.byOrigin.manaRegen.硬輔=極大
unit	Workspace tests (vitest, coverage beacons on)	2026-09-08T17:42:30.5870476Z     ZERO     0/1       0.0%  enum:config#config.stat-normalization@1.byOrigin.manaRegen.硬輔=極小
unit	Workspace tests (vitest, coverage beacons on)	2026-09-08T17:42:30.5871421Z     ZERO     0/1       0.0%  enum:config#config.stat-normalization@1.byOrigin.manaRegen.軟輔=中
unit	Workspace tests (vitest, coverage beacons on)	2026-09-08T17:42:30.5872081Z     ZERO     0/1       0.0%  enum:config#config.stat-normalization@1.byOrigin.manaRegen.軟輔=小
unit	Workspace tests (vitest, coverage beacons on)	2026-09-08T17:42:30.5872769Z     ZERO     0/1       0.0%  enum:config#config.stat-normalization@1.byOrigin.manaRegen.軟輔=極大
unit	Workspace tests (vitest, coverage beacons on)	2026-09-08T17:42:30.5873745Z     ZERO     0/1       0.0%  enum:config#config.stat-normalization@1.byOrigin.manaRegen.軟輔=極小
unit	Workspace tests (vitest, coverage beacons on)	2026-09-08T17:42:30.5874871Z     ZERO     0/1       0.0%  enum:config#config.stat-normalization@1.byOrigin.manaRegen.鬥士=大
unit	Workspace tests (vitest, coverage beacons on)	2026-09-08T17:42:30.5875851Z     ZERO     0/1       0.0%  enum:config#config.stat-normalization@1.byOrigin.manaRegen.鬥士=小
unit	Workspace tests (vitest, coverage beacons on)	2026-09-08T17:42:30.5876783Z     ZERO     0/1       0.0%  enum:config#config.stat-normalization@1.byOrigin.manaRegen.鬥士=極大
unit	Workspace tests (vitest, coverage beacons on)	2026-09-08T17:42:30.5877891Z     ZERO     0/1       0.0%  enum:config#config.stat-normalization@1.byOrigin.manaRegen.鬥士=極小
unit	Workspace tests (vitest, coverage beacons on)	2026-09-08T17:42:30.5878676Z     ZERO     0/1       0.0%  enum:config#config.stat-normalization@1.byOrigin.maxHealth.坦克=中
unit	Workspace tests (vitest, coverage beacons on)	2026-09-08T17:42:30.5879587Z     ZERO     0/1       0.0%  enum:config#config.stat-normalization@1.byOrigin.maxHealth.坦克=小
unit	Workspace tests (vitest, coverage beacons on)	2026-09-08T17:42:30.5880430Z     ZERO     0/1       0.0%  enum:config#config.stat-normalization@1.byOrigin.maxHealth.坦克=極大
unit	Workspace tests (vitest, coverage beacons on)	2026-09-08T17:42:30.5881273Z     ZERO     0/1       0.0%  enum:config#config.stat-normalization@1.byOrigin.maxHealth.坦克=極小
unit	Workspace tests (vitest, coverage beacons on)	2026-09-08T17:42:30.5882571Z     ZERO     0/1       0.0%  enum:config#config.stat-normalization@1.byOrigin.maxHealth.射手=中
unit	Workspace tests (vitest, coverage beacons on)	2026-09-08T17:42:30.5883608Z     ZERO     0/1       0.0%  enum:config#config.stat-normalization@1.byOrigin.maxHealth.射手=大
unit	Workspace tests (vitest, coverage beacons on)	2026-09-08T17:42:30.5884606Z     ZERO     0/1       0.0%  enum:config#config.stat-normalization@1.byOrigin.maxHealth.射手=極大
unit	Workspace tests (vitest, coverage beacons on)	2026-09-08T17:42:30.5885933Z     ZERO     0/1       0.0%  enum:config#config.stat-normalization@1.byOrigin.maxHealth.射手=極小
unit	Workspace tests (vitest, coverage beacons on)	2026-09-08T17:42:30.5886892Z     ZERO     0/1       0.0%  enum:config#config.stat-normalization@1.byOrigin.maxHealth.法刺=中
unit	Workspace tests (vitest, coverage beacons on)	2026-09-08T17:42:30.5887573Z     ZERO     0/1       0.0%  enum:config#config.stat-normalization@1.byOrigin.maxHealth.法刺=大
unit	Workspace tests (vitest, coverage beacons on)	2026-09-08T17:42:30.5888259Z     ZERO     0/1       0.0%  enum:config#config.stat-normalization@1.byOrigin.maxHealth.法刺=小
unit	Workspace tests (vitest, coverage beacons on)	2026-09-08T17:42:30.5888817Z     ZERO     0/1       0.0%  enum:config#config.stat-normalization@1.byOrigin.maxHealth.法刺=極大
unit	Workspace tests (vitest, coverage beacons on)	2026-09-08T17:42:30.5889793Z     ZERO     0/1       0.0%  enum:config#config.stat-normalization@1.byOrigin.maxHealth.法師=大
unit	Workspace tests (vitest, coverage beacons on)	2026-09-08T17:42:30.5890697Z     ZERO     0/1       0.0%  enum:config#config.stat-normalization@1.byOrigin.maxHealth.法師=小
unit	Workspace tests (vitest, coverage beacons on)	2026-09-08T17:42:30.5891578Z     ZERO     0/1       0.0%  enum:config#config.stat-normalization@1.byOrigin.maxHealth.法師=極大
unit	Workspace tests (vitest, coverage beacons on)	2026-09-08T17:42:30.5892178Z     ZERO     0/1       0.0%  enum:config#config.stat-normalization@1.byOrigin.maxHealth.法師=極小
unit	Workspace tests (vitest, coverage beacons on)	2026-09-08T17:42:30.5892770Z     ZERO     0/1       0.0%  enum:config#config.stat-normalization@1.byOrigin.maxHealth.法鬥=大
unit	Workspace tests (vitest, coverage beacons on)	2026-09-08T17:42:30.5893398Z     ZERO     0/1       0.0%  enum:config#config.stat-normalization@1.byOrigin.maxHealth.法鬥=小
unit	Workspace tests (vitest, coverage beacons on)	2026-09-08T17:42:30.5894221Z     ZERO     0/1       0.0%  enum:config#config.stat-normalization@1.byOrigin.maxHealth.法鬥=極大
unit	Workspace tests (vitest, coverage beacons on)	2026-09-08T17:42:30.5894889Z     ZERO     0/1       0.0%  enum:config#config.stat-normalization@1.byOrigin.maxHealth.法鬥=極小
unit	Workspace tests (vitest, coverage beacons on)	2026-09-08T17:42:30.5895517Z     ZERO     0/1       0.0%  enum:config#config.stat-normalization@1.byOrigin.maxHealth.狂戰=中
unit	Workspace tests (vitest, coverage beacons on)	2026-09-08T17:42:30.5896107Z     ZERO     0/1       0.0%  enum:config#config.stat-normalization@1.byOrigin.maxHealth.狂戰=大
unit	Workspace tests (vitest, coverage beacons on)	2026-09-08T17:42:30.5896650Z     ZERO     0/1       0.0%  enum:config#config.stat-normalization@1.byOrigin.maxHealth.狂戰=極大
unit	Workspace tests (vitest, coverage beacons on)	2026-09-08T17:42:30.5897287Z     ZERO     0/1       0.0%  enum:config#config.stat-normalization@1.byOrigin.maxHealth.狂戰=極小
unit	Workspace tests (vitest, coverage beacons on)	2026-09-08T17:42:30.5897932Z     ZERO     0/1       0.0%  enum:config#config.stat-normalization@1.byOrigin.maxHealth.砲手=中
unit	Workspace tests (vitest, coverage beacons on)	2026-09-08T17:42:30.5898576Z     ZERO     0/1       0.0%  enum:config#config.stat-normalization@1.byOrigin.maxHealth.砲手=大
unit	Workspace tests (vitest, coverage beacons on)	2026-09-08T17:42:30.5899187Z     ZERO     0/1       0.0%  enum:config#config.stat-normalization@1.byOrigin.maxHealth.砲手=小
unit	Workspace tests (vitest, coverage beacons on)	2026-09-08T17:42:30.5899804Z     ZERO     0/1       0.0%  enum:config#config.stat-normalization@1.byOrigin.maxHealth.砲手=極大
unit	Workspace tests (vitest, coverage beacons on)	2026-09-08T17:42:30.5900419Z     ZERO     0/1       0.0%  enum:config#config.stat-normalization@1.byOrigin.maxHealth.硬輔=中
unit	Workspace tests (vitest, coverage beacons on)	2026-09-08T17:42:30.5901244Z     ZERO     0/1       0.0%  enum:config#config.stat-normalization@1.byOrigin.maxHealth.硬輔=小
unit	Workspace tests (vitest, coverage beacons on)	2026-09-08T17:42:30.5901891Z     ZERO     0/1       0.0%  enum:config#config.stat-normalization@1.byOrigin.maxHealth.硬輔=極大
unit	Workspace tests (vitest, coverage beacons on)	2026-09-08T17:42:30.5902480Z     ZERO     0/1       0.0%  enum:config#config.stat-normalization@1.byOrigin.maxHealth.硬輔=極小
unit	Workspace tests (vitest, coverage beacons on)	2026-09-08T17:42:30.5903035Z     ZERO     0/1       0.0%  enum:config#config.stat-normalization@1.byOrigin.maxHealth.軟輔=中
unit	Workspace tests (vitest, coverage beacons on)	2026-09-08T17:42:30.5903629Z     ZERO     0/1       0.0%  enum:config#config.stat-normalization@1.byOrigin.maxHealth.軟輔=大
unit	Workspace tests (vitest, coverage beacons on)	2026-09-08T17:42:30.5915736Z     ZERO     0/1       0.0%  enum:config#config.stat-normalization@1.byOrigin.maxHealth.軟輔=極大
unit	Workspace tests (vitest, coverage beacons on)	2026-09-08T17:42:30.5916498Z     ZERO     0/1       0.0%  enum:config#config.stat-normalization@1.byOrigin.maxHealth.軟輔=極小
unit	Workspace tests (vitest, coverage beacons on)	2026-09-08T17:42:30.5917073Z     ZERO     0/1       0.0%  enum:config#config.stat-normalization@1.byOrigin.maxHealth.鬥士=大
unit	Workspace tests (vitest, coverage beacons on)	2026-09-08T17:42:30.5917709Z     ZERO     0/1       0.0%  enum:config#config.stat-normalization@1.byOrigin.maxHealth.鬥士=小
unit	Workspace tests (vitest, coverage beacons on)	2026-09-08T17:42:30.5918318Z     ZERO     0/1       0.0%  enum:config#config.stat-normalization@1.byOrigin.maxHealth.鬥士=極大
unit	Workspace tests (vitest, coverage beacons on)	2026-09-08T17:42:30.5918905Z     ZERO     0/1       0.0%  enum:config#config.stat-normalization@1.byOrigin.maxHealth.鬥士=極小
unit	Workspace tests (vitest, coverage beacons on)	2026-09-08T17:42:30.5919546Z     ZERO     0/1       0.0%  enum:config#config.stat-normalization@1.byOrigin.maxMana.坦克=中
unit	Workspace tests (vitest, coverage beacons on)	2026-09-08T17:42:30.5920135Z     ZERO     0/1       0.0%  enum:config#config.stat-normalization@1.byOrigin.maxMana.坦克=大
unit	Workspace tests (vitest, coverage beacons on)	2026-09-08T17:42:30.5920684Z     ZERO     0/1       0.0%  enum:config#config.stat-normalization@1.byOrigin.maxMana.坦克=小
unit	Workspace tests (vitest, coverage beacons on)	2026-09-08T17:42:30.5921336Z     ZERO     0/1       0.0%  enum:config#config.stat-normalization@1.byOrigin.maxMana.坦克=極大
unit	Workspace tests (vitest, coverage beacons on)	2026-09-08T17:42:30.5921949Z     ZERO     0/1       0.0%  enum:config#config.stat-normalization@1.byOrigin.maxMana.射手=大
unit	Workspace tests (vitest, coverage beacons on)	2026-09-08T17:42:30.5922545Z     ZERO     0/1       0.0%  enum:config#config.stat-normalization@1.byOrigin.maxMana.射手=小
unit	Workspace tests (vitest, coverage beacons on)	2026-09-08T17:42:30.5923547Z     ZERO     0/1       0.0%  enum:config#config.stat-normalization@1.byOrigin.maxMana.射手=極大
unit	Workspace tests (vitest, coverage beacons on)	2026-09-08T17:42:30.5924329Z     ZERO     0/1       0.0%  enum:config#config.stat-normalization@1.byOrigin.maxMana.射手=極小
unit	Workspace tests (vitest, coverage beacons on)	2026-09-08T17:42:30.5924882Z     ZERO     0/1       0.0%  enum:config#config.stat-normalization@1.byOrigin.maxMana.法刺=中
unit	Workspace tests (vitest, coverage beacons on)	2026-09-08T17:42:30.5925440Z     ZERO     0/1       0.0%  enum:config#config.stat-normalization@1.byOrigin.maxMana.法刺=大
unit	Workspace tests (vitest, coverage beacons on)	2026-09-08T17:42:30.5933331Z     ZERO     0/1       0.0%  enum:config#config.stat-normalization@1.byOrigin.maxMana.法刺=極大
unit	Workspace tests (vitest, coverage beacons on)	2026-09-08T17:42:30.5934179Z     ZERO     0/1       0.0%  enum:config#config.stat-normalization@1.byOrigin.maxMana.法刺=極小
unit	Workspace tests (vitest, coverage beacons on)	2026-09-08T17:42:30.5934768Z     ZERO     0/1       0.0%  enum:config#config.stat-normalization@1.byOrigin.maxMana.法師=大
unit	Workspace tests (vitest, coverage beacons on)	2026-09-08T17:42:30.5935353Z     ZERO     0/1       0.0%  enum:config#config.stat-normalization@1.byOrigin.maxMana.法師=小
unit	Workspace tests (vitest, coverage beacons on)	2026-09-08T17:42:30.5936021Z     ZERO     0/1       0.0%  enum:config#config.stat-normalization@1.byOrigin.maxMana.法師=極大
unit	Workspace tests (vitest, coverage beacons on)	2026-09-08T17:42:30.5936660Z     ZERO     0/1       0.0%  enum:config#config.stat-normalization@1.byOrigin.maxMana.法師=極小
unit	Workspace tests (vitest, coverage beacons on)	2026-09-08T17:42:30.5937274Z     ZERO     0/1       0.0%  enum:config#config.stat-normalization@1.byOrigin.maxMana.法鬥=大
unit	Workspace tests (vitest, coverage beacons on)	2026-09-08T17:42:30.5937896Z     ZERO     0/1       0.0%  enum:config#config.stat-normalization@1.byOrigin.maxMana.法鬥=小
unit	Workspace tests (vitest, coverage beacons on)	2026-09-08T17:42:30.5938525Z     ZERO     0/1       0.0%  enum:config#config.stat-normalization@1.byOrigin.maxMana.法鬥=極大
unit	Workspace tests (vitest, coverage beacons on)	2026-09-08T17:42:30.5939102Z     ZERO     0/1       0.0%  enum:config#config.stat-normalization@1.byOrigin.maxMana.法鬥=極小
unit	Workspace tests (vitest, coverage beacons on)	2026-09-08T17:42:30.5939623Z     ZERO     0/1       0.0%  enum:config#config.stat-normalization@1.byOrigin.maxMana.狂戰=中
unit	Workspace tests (vitest, coverage beacons on)	2026-09-08T17:42:30.5940162Z     ZERO     0/1       0.0%  enum:config#config.stat-normalization@1.byOrigin.maxMana.狂戰=大
unit	Workspace tests (vitest, coverage beacons on)	2026-09-08T17:42:30.5940687Z     ZERO     0/1       0.0%  enum:config#config.stat-normalization@1.byOrigin.maxMana.狂戰=小
unit	Workspace tests (vitest, coverage beacons on)	2026-09-08T17:42:30.5941515Z     ZERO     0/1       0.0%  enum:config#config.stat-normalization@1.byOrigin.maxMana.狂戰=極大
unit	Workspace tests (vitest, coverage beacons on)	2026-09-08T17:42:30.5942111Z     ZERO     0/1       0.0%  enum:config#config.stat-normalization@1.byOrigin.maxMana.砲手=中
unit	Workspace tests (vitest, coverage beacons on)	2026-09-08T17:42:30.5945140Z     ZERO     0/1       0.0%  enum:config#config.stat-normalization@1.byOrigin.maxMana.砲手=大
unit	Workspace tests (vitest, coverage beacons on)	2026-09-08T17:42:30.5945799Z     ZERO     0/1       0.0%  enum:config#config.stat-normalization@1.byOrigin.maxMana.砲手=極大
unit	Workspace tests (vitest, coverage beacons on)	2026-09-08T17:42:30.5946367Z     ZERO     0/1       0.0%  enum:config#config.stat-normalization@1.byOrigin.maxMana.砲手=極小
unit	Workspace tests (vitest, coverage beacons on)	2026-09-08T17:42:30.5946931Z     ZERO     0/1       0.0%  enum:config#config.stat-normalization@1.byOrigin.maxMana.硬輔=中
unit	Workspace tests (vitest, coverage beacons on)	2026-09-08T17:42:30.5947572Z     ZERO     0/1       0.0%  enum:config#config.stat-normalization@1.byOrigin.maxMana.硬輔=大
unit	Workspace tests (vitest, coverage beacons on)	2026-09-08T17:42:30.5948215Z     ZERO     0/1       0.0%  enum:config#config.stat-normalization@1.byOrigin.maxMana.硬輔=極大
unit	Workspace tests (vitest, coverage beacons on)	2026-09-08T17:42:30.5948899Z     ZERO     0/1       0.0%  enum:config#config.stat-normalization@1.byOrigin.maxMana.硬輔=極小
unit	Workspace tests (vitest, coverage beacons on)	2026-09-08T17:42:30.5949511Z     ZERO     0/1       0.0%  enum:config#config.stat-normalization@1.byOrigin.maxMana.軟輔=中
unit	Workspace tests (vitest, coverage beacons on)	2026-09-08T17:42:30.5950105Z     ZERO     0/1       0.0%  enum:config#config.stat-normalization@1.byOrigin.maxMana.軟輔=大
unit	Workspace tests (vitest, coverage beacons on)	2026-09-08T17:42:30.5950692Z     ZERO     0/1       0.0%  enum:config#config.stat-normalization@1.byOrigin.maxMana.軟輔=極大
unit	Workspace tests (vitest, coverage beacons on)	2026-09-08T17:42:30.5951310Z     ZERO     0/1       0.0%  enum:config#config.stat-normalization@1.byOrigin.maxMana.軟輔=極小
unit	Workspace tests (vitest, coverage beacons on)	2026-09-08T17:42:30.5951874Z     ZERO     0/1       0.0%  enum:config#config.stat-normalization@1.byOrigin.maxMana.鬥士=大
unit	Workspace tests (vitest, coverage beacons on)	2026-09-08T17:42:30.5952492Z     ZERO     0/1       0.0%  enum:config#config.stat-normalization@1.byOrigin.maxMana.鬥士=小
unit	Workspace tests (vitest, coverage beacons on)	2026-09-08T17:42:30.5953054Z     ZERO     0/1       0.0%  enum:config#config.stat-normalization@1.byOrigin.maxMana.鬥士=極大
unit	Workspace tests (vitest, coverage beacons on)	2026-09-08T17:42:30.5953547Z     ZERO     0/1       0.0%  enum:config#config.stat-normalization@1.byOrigin.maxMana.鬥士=極小
unit	Workspace tests (vitest, coverage beacons on)	2026-09-08T17:42:30.5954533Z     ZERO     0/1       0.0%  enum:config#config.stat-normalization@1.byOrigin.mr.坦克=中
unit	Workspace tests (vitest, coverage beacons on)	2026-09-08T17:42:30.5972144Z     ZERO     0/1       0.0%  enum:config#config.stat-normalization@1.byOrigin.mr.坦克=大
unit	Workspace tests (vitest, coverage beacons on)	2026-09-08T17:42:30.5973018Z     ZERO     0/1       0.0%  enum:config#config.stat-normalization@1.byOrigin.mr.坦克=小
unit	Workspace tests (vitest, coverage beacons on)	2026-09-08T17:42:30.5973591Z     ZERO     0/1       0.0%  enum:config#config.stat-normalization@1.byOrigin.mr.坦克=極小
unit	Workspace tests (vitest, coverage beacons on)	2026-09-08T17:42:30.5974321Z     ZERO     0/1       0.0%  enum:config#config.stat-normalization@1.byOrigin.mr.射手=中
unit	Workspace tests (vitest, coverage beacons on)	2026-09-08T17:42:30.5974877Z     ZERO     0/1       0.0%  enum:config#config.stat-normalization@1.byOrigin.mr.射手=大
unit	Workspace tests (vitest, coverage beacons on)	2026-09-08T17:42:30.5975409Z     ZERO     0/1       0.0%  enum:config#config.stat-normalization@1.byOrigin.mr.射手=小
unit	Workspace tests (vitest, coverage beacons on)	2026-09-08T17:42:30.5975976Z     ZERO     0/1       0.0%  enum:config#config.stat-normalization@1.byOrigin.mr.射手=極大
unit	Workspace tests (vitest, coverage beacons on)	2026-09-08T17:42:30.5976510Z     ZERO     0/1       0.0%  enum:config#config.stat-normalization@1.byOrigin.mr.法刺=中
unit	Workspace tests (vitest, coverage beacons on)	2026-09-08T17:42:30.5977095Z     ZERO     0/1       0.0%  enum:config#config.stat-normalization@1.byOrigin.mr.法刺=大
unit	Workspace tests (vitest, coverage beacons on)	2026-09-08T17:42:30.5977610Z     ZERO     0/1       0.0%  enum:config#config.stat-normalization@1.byOrigin.mr.法刺=小
unit	Workspace tests (vitest, coverage beacons on)	2026-09-08T17:42:30.5978204Z     ZERO     0/1       0.0%  enum:config#config.stat-normalization@1.byOrigin.mr.法刺=極大
unit	Workspace tests (vitest, coverage beacons on)	2026-09-08T17:42:30.5978725Z     ZERO     0/1       0.0%  enum:config#config.stat-normalization@1.byOrigin.mr.法師=中
unit	Workspace tests (vitest, coverage beacons on)	2026-09-08T17:42:30.5979258Z     ZERO     0/1       0.0%  enum:config#config.stat-normalization@1.byOrigin.mr.法師=大
unit	Workspace tests (vitest, coverage beacons on)	2026-09-08T17:42:30.5979850Z     ZERO     0/1       0.0%  enum:config#config.stat-normalization@1.byOrigin.mr.法師=極大
unit	Workspace tests (vitest, coverage beacons on)	2026-09-08T17:42:30.5980416Z     ZERO     0/1       0.0%  enum:config#config.stat-normalization@1.byOrigin.mr.法師=極小
unit	Workspace tests (vitest, coverage beacons on)	2026-09-08T17:42:30.5980962Z     ZERO     0/1       0.0%  enum:config#config.stat-normalization@1.byOrigin.mr.法鬥=中
unit	Workspace tests (vitest, coverage beacons on)	2026-09-08T17:42:30.5981511Z     ZERO     0/1       0.0%  enum:config#config.stat-normalization@1.byOrigin.mr.法鬥=大
unit	Workspace tests (vitest, coverage beacons on)	2026-09-08T17:42:30.5982381Z     ZERO     0/1       0.0%  enum:config#config.stat-normalization@1.byOrigin.mr.法鬥=極大
unit	Workspace tests (vitest, coverage beacons on)	2026-09-08T17:42:30.5982971Z     ZERO     0/1       0.0%  enum:config#config.stat-normalization@1.byOrigin.mr.法鬥=極小
unit	Workspace tests (vitest, coverage beacons on)	2026-09-08T17:42:30.5983496Z     ZERO     0/1       0.0%  enum:config#config.stat-normalization@1.byOrigin.mr.狂戰=中
unit	Workspace tests (vitest, coverage beacons on)	2026-09-08T17:42:30.5984379Z     ZERO     0/1       0.0%  enum:config#config.stat-normalization@1.byOrigin.mr.狂戰=大
unit	Workspace tests (vitest, coverage beacons on)	2026-09-08T17:42:30.5984946Z     ZERO     0/1       0.0%  enum:config#config.stat-normalization@1.byOrigin.mr.狂戰=極大
unit	Workspace tests (vitest, coverage beacons on)	2026-09-08T17:42:30.5985473Z     ZERO     0/1       0.0%  enum:config#config.stat-normalization@1.byOrigin.mr.狂戰=極小
unit	Workspace tests (vitest, coverage beacons on)	2026-09-08T17:42:30.5986028Z     ZERO     0/1       0.0%  enum:config#config.stat-normalization@1.byOrigin.mr.砲手=中
unit	Workspace tests (vitest, coverage beacons on)	2026-09-08T17:42:30.5986575Z     ZERO     0/1       0.0%  enum:config#config.stat-normalization@1.byOrigin.mr.砲手=大
unit	Workspace tests (vitest, coverage beacons on)	2026-09-08T17:42:30.5987155Z     ZERO     0/1       0.0%  enum:config#config.stat-normalization@1.byOrigin.mr.砲手=小
unit	Workspace tests (vitest, coverage beacons on)	2026-09-08T17:42:30.5987731Z     ZERO     0/1       0.0%  enum:config#config.stat-normalization@1.byOrigin.mr.砲手=極大
unit	Workspace tests (vitest, coverage beacons on)	2026-09-08T17:42:30.5988293Z     ZERO     0/1       0.0%  enum:config#config.stat-normalization@1.byOrigin.mr.硬輔=中
unit	Workspace tests (vitest, coverage beacons on)	2026-09-08T17:42:30.5988802Z     ZERO     0/1       0.0%  enum:config#config.stat-normalization@1.byOrigin.mr.硬輔=小
unit	Workspace tests (vitest, coverage beacons on)	2026-09-08T17:42:30.5989393Z     ZERO     0/1       0.0%  enum:config#config.stat-normalization@1.byOrigin.mr.硬輔=極大
unit	Workspace tests (vitest, coverage beacons on)	2026-09-08T17:42:30.5989969Z     ZERO     0/1       0.0%  enum:config#config.stat-normalization@1.byOrigin.mr.硬輔=極小
unit	Workspace tests (vitest, coverage beacons on)	2026-09-08T17:42:30.5990497Z     ZERO     0/1       0.0%  enum:config#config.stat-normalization@1.byOrigin.mr.軟輔=中
unit	Workspace tests (vitest, coverage beacons on)	2026-09-08T17:42:30.5991043Z     ZERO     0/1       0.0%  enum:config#config.stat-normalization@1.byOrigin.mr.軟輔=大
unit	Workspace tests (vitest, coverage beacons on)	2026-09-08T17:42:30.5991548Z     ZERO     0/1       0.0%  enum:config#config.stat-normalization@1.byOrigin.mr.軟輔=極大
unit	Workspace tests (vitest, coverage beacons on)	2026-09-08T17:42:30.5992340Z     ZERO     0/1       0.0%  enum:config#config.stat-normalization@1.byOrigin.mr.軟輔=極小
unit	Workspace tests (vitest, coverage beacons on)	2026-09-08T17:42:30.5992876Z     ZERO     0/1       0.0%  enum:config#config.stat-normalization@1.byOrigin.mr.鬥士=大
unit	Workspace tests (vitest, coverage beacons on)	2026-09-08T17:42:30.5993439Z     ZERO     0/1       0.0%  enum:config#config.stat-normalization@1.byOrigin.mr.鬥士=小
unit	Workspace tests (vitest, coverage beacons on)	2026-09-08T17:42:30.5994690Z     ZERO     0/1       0.0%  enum:config#config.stat-normalization@1.byOrigin.mr.鬥士=極大
unit	Workspace tests (vitest, coverage beacons on)	2026-09-08T17:42:30.5995375Z     ZERO     0/1       0.0%  enum:config#config.stat-normalization@1.byOrigin.mr.鬥士=極小
unit	Workspace tests (vitest, coverage beacons on)	2026-09-08T17:42:30.5995963Z     ZERO     0/1       0.0%  enum:config#config.stat-normalization@1.byOrigin.ms.坦克=中
unit	Workspace tests (vitest, coverage beacons on)	2026-09-08T17:42:30.5996498Z     ZERO     0/1       0.0%  enum:config#config.stat-normalization@1.byOrigin.ms.坦克=大
unit	Workspace tests (vitest, coverage beacons on)	2026-09-08T17:42:30.5997118Z     ZERO     0/1       0.0%  enum:config#config.stat-normalization@1.byOrigin.ms.坦克=極大
unit	Workspace tests (vitest, coverage beacons on)	2026-09-08T17:42:30.5997768Z     ZERO     0/1       0.0%  enum:config#config.stat-normalization@1.byOrigin.ms.坦克=極小
unit	Workspace tests (vitest, coverage beacons on)	2026-09-08T17:42:30.5998378Z     ZERO     0/1       0.0%  enum:config#config.stat-normalization@1.byOrigin.ms.射手=大
unit	Workspace tests (vitest, coverage beacons on)	2026-09-08T17:42:30.5998935Z     ZERO     0/1       0.0%  enum:config#config.stat-normalization@1.byOrigin.ms.射手=小
unit	Workspace tests (vitest, coverage beacons on)	2026-09-08T17:42:30.5999511Z     ZERO     0/1       0.0%  enum:config#config.stat-normalization@1.byOrigin.ms.射手=極大
unit	Workspace tests (vitest, coverage beacons on)	2026-09-08T17:42:30.6000053Z     ZERO     0/1       0.0%  enum:config#config.stat-normalization@1.byOrigin.ms.射手=極小
unit	Workspace tests (vitest, coverage beacons on)	2026-09-08T17:42:30.6000633Z     ZERO     0/1       0.0%  enum:config#config.stat-normalization@1.byOrigin.ms.法刺=中
unit	Workspace tests (vitest, coverage beacons on)	2026-09-08T17:42:30.6001149Z     ZERO     0/1       0.0%  enum:config#config.stat-normalization@1.byOrigin.ms.法刺=小
unit	Workspace tests (vitest, coverage beacons on)	2026-09-08T17:42:30.6001635Z     ZERO     0/1       0.0%  enum:config#config.stat-normalization@1.byOrigin.ms.法刺=極大
unit	Workspace tests (vitest, coverage beacons on)	2026-09-08T17:42:30.6002152Z     ZERO     0/1       0.0%  enum:config#config.stat-normalization@1.byOrigin.ms.法刺=極小
unit	Workspace tests (vitest, coverage beacons on)	2026-09-08T17:42:30.6002672Z     ZERO     0/1       0.0%  enum:config#config.stat-normalization@1.byOrigin.ms.法師=大
unit	Workspace tests (vitest, coverage beacons on)	2026-09-08T17:42:30.6003476Z     ZERO     0/1       0.0%  enum:config#config.stat-normalization@1.byOrigin.ms.法師=小
unit	Workspace tests (vitest, coverage beacons on)	2026-09-08T17:42:30.6004231Z     ZERO     0/1       0.0%  enum:config#config.stat-normalization@1.byOrigin.ms.法師=極大
unit	Workspace tests (vitest, coverage beacons on)	2026-09-08T17:42:30.6004817Z     ZERO     0/1       0.0%  enum:config#config.stat-normalization@1.byOrigin.ms.法師=極小
unit	Workspace tests (vitest, coverage beacons on)	2026-09-08T17:42:30.6005404Z     ZERO     0/1       0.0%  enum:config#config.stat-normalization@1.byOrigin.ms.法鬥=中
unit	Workspace tests (vitest, coverage beacons on)	2026-09-08T17:42:30.6006011Z     ZERO     0/1       0.0%  enum:config#config.stat-normalization@1.byOrigin.ms.法鬥=大
unit	Workspace tests (vitest, coverage beacons on)	2026-09-08T17:42:30.6006584Z     ZERO     0/1       0.0%  enum:config#config.stat-normalization@1.byOrigin.ms.法鬥=極大
unit	Workspace tests (vitest, coverage beacons on)	2026-09-08T17:42:30.6007139Z     ZERO     0/1       0.0%  enum:config#config.stat-normalization@1.byOrigin.ms.法鬥=極小
unit	Workspace tests (vitest, coverage beacons on)	2026-09-08T17:42:30.6007734Z     ZERO     0/1       0.0%  enum:config#config.stat-normalization@1.byOrigin.ms.狂戰=中
unit	Workspace tests (vitest, coverage beacons on)	2026-09-08T17:42:30.6008321Z     ZERO     0/1       0.0%  enum:config#config.stat-normalization@1.byOrigin.ms.狂戰=小
unit	Workspace tests (vitest, coverage beacons on)	2026-09-08T17:42:30.6008932Z     ZERO     0/1       0.0%  enum:config#config.stat-normalization@1.byOrigin.ms.狂戰=極大
unit	Workspace tests (vitest, coverage beacons on)	2026-09-08T17:42:30.6009497Z     ZERO     0/1       0.0%  enum:config#config.stat-normalization@1.byOrigin.ms.狂戰=極小
unit	Workspace tests (vitest, coverage beacons on)	2026-09-08T17:42:30.6010097Z     ZERO     0/1       0.0%  enum:config#config.stat-normalization@1.byOrigin.ms.砲手=中
unit	Workspace tests (vitest, coverage beacons on)	2026-09-08T17:42:30.6010694Z     ZERO     0/1       0.0%  enum:config#config.stat-normalization@1.byOrigin.ms.砲手=小
unit	Workspace tests (vitest, coverage beacons on)	2026-09-08T17:42:30.6011257Z     ZERO     0/1       0.0%  enum:config#config.stat-normalization@1.byOrigin.ms.砲手=極大
unit	Workspace tests (vitest, coverage beacons on)	2026-09-08T17:42:30.6011759Z     ZERO     0/1       0.0%  enum:config#config.stat-normalization@1.byOrigin.ms.砲手=極小
unit	Workspace tests (vitest, coverage beacons on)	2026-09-08T17:42:30.6012264Z     ZERO     0/1       0.0%  enum:config#config.stat-normalization@1.byOrigin.ms.硬輔=中
unit	Workspace tests (vitest, coverage beacons on)	2026-09-08T17:42:30.6012793Z     ZERO     0/1       0.0%  enum:config#config.stat-normalization@1.byOrigin.ms.硬輔=大
unit	Workspace tests (vitest, coverage beacons on)	2026-09-08T17:42:30.6013339Z     ZERO     0/1       0.0%  enum:config#config.stat-normalization@1.byOrigin.ms.硬輔=極大
unit	Workspace tests (vitest, coverage beacons on)	2026-09-08T17:42:30.6014953Z     ZERO     0/1       0.0%  enum:config#config.stat-normalization@1.byOrigin.ms.硬輔=極小
unit	Workspace tests (vitest, coverage beacons on)	2026-09-08T17:42:30.6015573Z     ZERO     0/1       0.0%  enum:config#config.stat-normalization@1.byOrigin.ms.軟輔=中
unit	Workspace tests (vitest, coverage beacons on)	2026-09-08T17:42:30.6016120Z     ZERO     0/1       0.0%  enum:config#config.stat-normalization@1.byOrigin.ms.軟輔=大
unit	Workspace tests (vitest, coverage beacons on)	2026-09-08T17:42:30.6016711Z     ZERO     0/1       0.0%  enum:config#config.stat-normalization@1.byOrigin.ms.軟輔=極大
unit	Workspace tests (vitest, coverage beacons on)	2026-09-08T17:42:30.6017283Z     ZERO     0/1       0.0%  enum:config#config.stat-normalization@1.byOrigin.ms.軟輔=極小
unit	Workspace tests (vitest, coverage beacons on)	2026-09-08T17:42:30.6017866Z     ZERO     0/1       0.0%  enum:config#config.stat-normalization@1.byOrigin.ms.鬥士=大
unit	Workspace tests (vitest, coverage beacons on)	2026-09-08T17:42:30.6018404Z     ZERO     0/1       0.0%  enum:config#config.stat-normalization@1.byOrigin.ms.鬥士=小
unit	Workspace tests (vitest, coverage beacons on)	2026-09-08T17:42:30.6018936Z     ZERO     0/1       0.0%  enum:config#config.stat-normalization@1.byOrigin.ms.鬥士=極大
unit	Workspace tests (vitest, coverage beacons on)	2026-09-08T17:42:30.6019467Z     ZERO     0/1       0.0%  enum:config#config.stat-normalization@1.byOrigin.ms.鬥士=極小
unit	Workspace tests (vitest, coverage beacons on)	2026-09-08T17:42:30.6027760Z     ZERO     0/1       0.0%  enum:config#config.stat-normalization@1.byOrigin.range.坦克=中
unit	Workspace tests (vitest, coverage beacons on)	2026-09-08T17:42:30.6028501Z     ZERO     0/1       0.0%  enum:config#config.stat-normalization@1.byOrigin.range.坦克=大
unit	Workspace tests (vitest, coverage beacons on)	2026-09-08T17:42:30.6029121Z     ZERO     0/1       0.0%  enum:config#config.stat-normalization@1.byOrigin.range.坦克=極大
unit	Workspace tests (vitest, coverage beacons on)	2026-09-08T17:42:30.6029734Z     ZERO     0/1       0.0%  enum:config#config.stat-normalization@1.byOrigin.range.坦克=極小
unit	Workspace tests (vitest, coverage beacons on)	2026-09-08T17:42:30.6030380Z     ZERO     0/1       0.0%  enum:config#config.stat-normalization@1.byOrigin.range.射手=大
unit	Workspace tests (vitest, coverage beacons on)	2026-09-08T17:42:30.6030992Z     ZERO     0/1       0.0%  enum:config#config.stat-normalization@1.byOrigin.range.射手=小
unit	Workspace tests (vitest, coverage beacons on)	2026-09-08T17:42:30.6031630Z     ZERO     0/1       0.0%  enum:config#config.stat-normalization@1.byOrigin.range.射手=極大
unit	Workspace tests (vitest, coverage beacons on)	2026-09-08T17:42:30.6032190Z     ZERO     0/1       0.0%  enum:config#config.stat-normalization@1.byOrigin.range.射手=極小
unit	Workspace tests (vitest, coverage beacons on)	2026-09-08T17:42:30.6032745Z     ZERO     0/1       0.0%  enum:config#config.stat-normalization@1.byOrigin.range.法刺=中
unit	Workspace tests (vitest, coverage beacons on)	2026-09-08T17:42:30.6033273Z     ZERO     0/1       0.0%  enum:config#config.stat-normalization@1.byOrigin.range.法刺=大
unit	Workspace tests (vitest, coverage beacons on)	2026-09-08T17:42:30.6033835Z     ZERO     0/1       0.0%  enum:config#config.stat-normalization@1.byOrigin.range.法刺=極大
unit	Workspace tests (vitest, coverage beacons on)	2026-09-08T17:42:30.6034664Z     ZERO     0/1       0.0%  enum:config#config.stat-normalization@1.byOrigin.range.法刺=極小
unit	Workspace tests (vitest, coverage beacons on)	2026-09-08T17:42:30.6035262Z     ZERO     0/1       0.0%  enum:config#config.stat-normalization@1.byOrigin.range.法師=大
unit	Workspace tests (vitest, coverage beacons on)	2026-09-08T17:42:30.6035823Z     ZERO     0/1       0.0%  enum:config#config.stat-normalization@1.byOrigin.range.法師=小
unit	Workspace tests (vitest, coverage beacons on)	2026-09-08T17:42:30.6036404Z     ZERO     0/1       0.0%  enum:config#config.stat-normalization@1.byOrigin.range.法師=極大
unit	Workspace tests (vitest, coverage beacons on)	2026-09-08T17:42:30.6036987Z     ZERO     0/1       0.0%  enum:config#config.stat-normalization@1.byOrigin.range.法師=極小
unit	Workspace tests (vitest, coverage beacons on)	2026-09-08T17:42:30.6037606Z     ZERO     0/1       0.0%  enum:config#config.stat-normalization@1.byOrigin.range.法鬥=大
unit	Workspace tests (vitest, coverage beacons on)	2026-09-08T17:42:30.6038446Z     ZERO     0/1       0.0%  enum:config#config.stat-normalization@1.byOrigin.range.法鬥=小
unit	Workspace tests (vitest, coverage beacons on)	2026-09-08T17:42:30.6039042Z     ZERO     0/1       0.0%  enum:config#config.stat-normalization@1.byOrigin.range.法鬥=極大
unit	Workspace tests (vitest, coverage beacons on)	2026-09-08T17:42:30.6039650Z     ZERO     0/1       0.0%  enum:config#config.stat-normalization@1.byOrigin.range.法鬥=極小
unit	Workspace tests (vitest, coverage beacons on)	2026-09-08T17:42:30.6040198Z     ZERO     0/1       0.0%  enum:config#config.stat-normalization@1.byOrigin.range.狂戰=中
unit	Workspace tests (vitest, coverage beacons on)	2026-09-08T17:42:30.6040707Z     ZERO     0/1       0.0%  enum:config#config.stat-normalization@1.byOrigin.range.狂戰=大
unit	Workspace tests (vitest, coverage beacons on)	2026-09-08T17:42:30.6041257Z     ZERO     0/1       0.0%  enum:config#config.stat-normalization@1.byOrigin.range.狂戰=極大
unit	Workspace tests (vitest, coverage beacons on)	2026-09-08T17:42:30.6041832Z     ZERO     0/1       0.0%  enum:config#config.stat-normalization@1.byOrigin.range.狂戰=極小
unit	Workspace tests (vitest, coverage beacons on)	2026-09-08T17:42:30.6042394Z     ZERO     0/1       0.0%  enum:config#config.stat-normalization@1.byOrigin.range.砲手=中
unit	Workspace tests (vitest, coverage beacons on)	2026-09-08T17:42:30.6042977Z     ZERO     0/1       0.0%  enum:config#config.stat-normalization@1.byOrigin.range.砲手=大
unit	Workspace tests (vitest, coverage beacons on)	2026-09-08T17:42:30.6043578Z     ZERO     0/1       0.0%  enum:config#config.stat-normalization@1.byOrigin.range.砲手=小
unit	Workspace tests (vitest, coverage beacons on)	2026-09-08T17:42:30.6044379Z     ZERO     0/1       0.0%  enum:config#config.stat-normalization@1.byOrigin.range.砲手=極小
unit	Workspace tests (vitest, coverage beacons on)	2026-09-08T17:42:30.6044960Z     ZERO     0/1       0.0%  enum:config#config.stat-normalization@1.byOrigin.range.硬輔=大
unit	Workspace tests (vitest, coverage beacons on)	2026-09-08T17:42:30.6045550Z     ZERO     0/1       0.0%  enum:config#config.stat-normalization@1.byOrigin.range.硬輔=小
unit	Workspace tests (vitest, coverage beacons on)	2026-09-08T17:42:30.6046143Z     ZERO     0/1       0.0%  enum:config#config.stat-normalization@1.byOrigin.range.硬輔=極大
unit	Workspace tests (vitest, coverage beacons on)	2026-09-08T17:42:30.6046738Z     ZERO     0/1       0.0%  enum:config#config.stat-normalization@1.byOrigin.range.硬輔=極小
unit	Workspace tests (vitest, coverage beacons on)	2026-09-08T17:42:30.6047304Z     ZERO     0/1       0.0%  enum:config#config.stat-normalization@1.byOrigin.range.軟輔=大
unit	Workspace tests (vitest, coverage beacons on)	2026-09-08T17:42:30.6047806Z     ZERO     0/1       0.0%  enum:config#config.stat-normalization@1.byOrigin.range.軟輔=小
unit	Workspace tests (vitest, coverage beacons on)	2026-09-08T17:42:30.6048620Z     ZERO     0/1       0.0%  enum:config#config.stat-normalization@1.byOrigin.range.軟輔=極大
unit	Workspace tests (vitest, coverage beacons on)	2026-09-08T17:42:30.6049237Z     ZERO     0/1       0.0%  enum:config#config.stat-normalization@1.byOrigin.range.軟輔=極小
unit	Workspace tests (vitest, coverage beacons on)	2026-09-08T17:42:30.6049823Z     ZERO     0/1       0.0%  enum:config#config.stat-normalization@1.byOrigin.range.鬥士=大
unit	Workspace tests (vitest, coverage beacons on)	2026-09-08T17:42:30.6050344Z     ZERO     0/1       0.0%  enum:config#config.stat-normalization@1.byOrigin.range.鬥士=小
unit	Workspace tests (vitest, coverage beacons on)	2026-09-08T17:42:30.6050926Z     ZERO     0/1       0.0%  enum:config#config.stat-normalization@1.byOrigin.range.鬥士=極大
unit	Workspace tests (vitest, coverage beacons on)	2026-09-08T17:42:30.6051554Z     ZERO     0/1       0.0%  enum:config#config.stat-normalization@1.byOrigin.range.鬥士=極小
unit	Workspace tests (vitest, coverage beacons on)	2026-09-08T17:42:30.6052044Z     ZERO     0/1       0.0%  enum:config#config.stat-normalization@1.channel.ad=baseStats
unit	Workspace tests (vitest, coverage beacons on)	2026-09-08T17:42:30.6052522Z     ZERO     0/1       0.0%  enum:config#config.stat-normalization@1.channel.ap=baseStats
unit	Workspace tests (vitest, coverage beacons on)	2026-09-08T17:42:30.6053007Z     ZERO     0/1       0.0%  enum:config#config.stat-normalization@1.channel.armor=baseStats
unit	Workspace tests (vitest, coverage beacons on)	2026-09-08T17:42:30.6053491Z     ZERO     0/1       0.0%  enum:config#config.stat-normalization@1.channel.as=baseStats
unit	Workspace tests (vitest, coverage beacons on)	2026-09-08T17:42:30.6055744Z     ZERO     0/1       0.0%  enum:config#config.stat-normalization@1.channel.healthRegen=baseStats
unit	Workspace tests (vitest, coverage beacons on)	2026-09-08T17:42:30.6056370Z     ZERO     0/1       0.0%  enum:config#config.stat-normalization@1.channel.manaRegen=baseStats
unit	Workspace tests (vitest, coverage beacons on)	2026-09-08T17:42:30.6056919Z     ZERO     0/1       0.0%  enum:config#config.stat-normalization@1.channel.maxHealth=baseStats
unit	Workspace tests (vitest, coverage beacons on)	2026-09-08T17:42:30.6057493Z     ZERO     0/1       0.0%  enum:config#config.stat-normalization@1.channel.maxMana=baseStats
unit	Workspace tests (vitest, coverage beacons on)	2026-09-08T17:42:30.6057981Z     ZERO     0/1       0.0%  enum:config#config.stat-normalization@1.channel.mr=baseStats
unit	Workspace tests (vitest, coverage beacons on)	2026-09-08T17:42:30.6058436Z     ZERO     0/1       0.0%  enum:config#config.stat-normalization@1.channel.ms=growth
unit	Workspace tests (vitest, coverage beacons on)	2026-09-08T17:42:30.6058892Z     ZERO     0/1       0.0%  enum:config#config.stat-normalization@1.channel.range=growth
unit	Workspace tests (vitest, coverage beacons on)	2026-09-08T17:42:30.6059567Z     ZERO     0/1       0.0%  enum:config#config.stat-normalization@1.mode=legacy
unit	Workspace tests (vitest, coverage beacons on)	2026-09-08T17:42:30.6060328Z     ZERO     0/1       0.0%  enum:config#config.stat-normalization@1.scaleByOrigin.range.坦克=ranged
unit	Workspace tests (vitest, coverage beacons on)	2026-09-08T17:42:30.6060959Z     ZERO     0/1       0.0%  enum:config#config.stat-normalization@1.scaleByOrigin.range.射手=melee
unit	Workspace tests (vitest, coverage beacons on)	2026-09-08T17:42:30.6061602Z     ZERO     0/1       0.0%  enum:config#config.stat-normalization@1.scaleByOrigin.range.法刺=ranged
unit	Workspace tests (vitest, coverage beacons on)	2026-09-08T17:42:30.6062202Z     ZERO     0/1       0.0%  enum:config#config.stat-normalization@1.scaleByOrigin.range.法師=melee
unit	Workspace tests (vitest, coverage beacons on)	2026-09-08T17:42:30.6062821Z     ZERO     0/1       0.0%  enum:config#config.stat-normalization@1.scaleByOrigin.range.法鬥=ranged
unit	Workspace tests (vitest, coverage beacons on)	2026-09-08T17:42:30.6063516Z     ZERO     0/1       0.0%  enum:config#config.stat-normalization@1.scaleByOrigin.range.狂戰=ranged
unit	Workspace tests (vitest, coverage beacons on)	2026-09-08T17:42:30.6064454Z     ZERO     0/1       0.0%  enum:config#config.stat-normalization@1.scaleByOrigin.range.砲手=melee
unit	Workspace tests (vitest, coverage beacons on)	2026-09-08T17:42:30.6065182Z     ZERO     0/1       0.0%  enum:config#config.stat-normalization@1.scaleByOrigin.range.硬輔=ranged
unit	Workspace tests (vitest, coverage beacons on)	2026-09-08T17:42:30.6065818Z     ZERO     0/1       0.0%  enum:config#config.stat-normalization@1.scaleByOrigin.range.軟輔=melee
unit	Workspace tests (vitest, coverage beacons on)	2026-09-08T17:42:30.6066417Z     ZERO     0/1       0.0%  enum:config#config.stat-normalization@1.scaleByOrigin.range.鬥士=ranged
unit	Workspace tests (vitest, coverage beacons on)	2026-09-08T17:42:30.6066988Z     ZERO     0/1       0.0%  enum:config#config.store@1.randomPickOwnership=whitelist
unit	Workspace tests (vitest, coverage beacons on)	2026-09-08T17:42:30.6067384Z     ZERO     0/1       0.0%  enum:config#config.taunt@1.capOrder=id
unit	Workspace tests (vitest, coverage beacons on)	2026-09-08T17:42:30.6067802Z     ZERO     0/1       0.0%  enum:config#config.taunt@1.capOrder=lowestHp
unit	Workspace tests (vitest, coverage beacons on)	2026-09-08T17:42:30.6068224Z     ZERO     0/1       0.0%  enum:config#config.taunt@1.conflictMode=longest
unit	Workspace tests (vitest, coverage beacons on)	2026-09-08T17:42:30.6068670Z     ZERO     0/1       0.0%  enum:config#config.taunt@1.mobTauntMode=nearestFirst
unit	Workspace tests (vitest, coverage beacons on)	2026-09-08T17:42:30.6069122Z     ZERO     0/1       0.0%  enum:config#config.taunt@1.priority=aboveThreatOnly
unit	Workspace tests (vitest, coverage beacons on)	2026-09-08T17:42:30.6069735Z     ZERO     0/1       0.0%  enum:config#config.ugc@1.publishMode=next-match
unit	Workspace tests (vitest, coverage beacons on)	2026-09-08T17:42:30.6070250Z     ZERO     0/1       0.0%  enum:config#config.ui-cues@1.coinThrowButtonMode=grey-when-poor
unit	Workspace tests (vitest, coverage beacons on)	2026-09-08T17:42:30.6070688Z     ZERO     0/1       0.0%  enum:config#config.ui-cues@1.telegraphGroundShape=circle
unit	Workspace tests (vitest, coverage beacons on)	2026-09-08T17:42:30.6071223Z     ZERO     0/1       0.0%  enum:config#config.unsafe-textures@1.textures[].status=quarantined
unit	Workspace tests (vitest, coverage beacons on)	2026-09-08T17:42:30.6071702Z     ZERO     0/1       0.0%  enum:config#config.valhalla-sandbox@1.movementLock=input
unit	Workspace tests (vitest, coverage beacons on)	2026-09-08T17:42:30.6072207Z     ZERO     0/1       0.0%  enum:config#config.vfx-ability-art@1.bindings{}.prim.size=lg
unit	Workspace tests (vitest, coverage beacons on)	2026-09-08T17:42:30.6072687Z     ZERO     0/1       0.0%  enum:config#config.vfx-ability-art@1.bindings{}.prim.size=md
unit	Workspace tests (vitest, coverage beacons on)	2026-09-08T17:42:30.6073086Z     ZERO     0/1       0.0%  enum:config#config.vfx-cleanup@1.roundPurgeMode=off
unit	Workspace tests (vitest, coverage beacons on)	2026-09-08T17:42:30.6073511Z     ZERO     0/1       0.0%  enum:config#config.vfx-cleanup@1.roundPurgeMode=soft
unit	Workspace tests (vitest, coverage beacons on)	2026-09-08T17:42:30.6074152Z     ZERO     0/1       0.0%  enum:config#config.vfx-cleanup@1.vfxHardCapScope=managed
unit	Workspace tests (vitest, coverage beacons on)	2026-09-08T17:42:30.6074619Z     ZERO     0/1       0.0%  enum:config#config.vfx-cleanup@1.vfxHardCapScope=off
unit	Workspace tests (vitest, coverage beacons on)	2026-09-08T17:42:30.6075639Z     ZERO     0/1       0.0%  enum:config#config.vfx-families@1.castHeightSource=family
unit	Workspace tests (vitest, coverage beacons on)	2026-09-08T17:42:30.6076126Z     ZERO     0/1       0.0%  enum:config#config.vfx-families@1.castHeightSource=flat
unit	Workspace tests (vitest, coverage beacons on)	2026-09-08T17:42:30.6076631Z     ZERO     0/1       0.0%  enum:config#config.vfx-families@1.families{}.groundDecal=dirt
unit	Workspace tests (vitest, coverage beacons on)	2026-09-08T17:42:30.6104747Z     ZERO     0/1       0.0%  enum:config#config.vfx-families@1.families{}.groundDecal=none
unit	Workspace tests (vitest, coverage beacons on)	2026-09-08T17:42:30.6105327Z     ZERO     0/1       0.0%  enum:config#config.vfx-families@1.families{}.groundDecal=scorch
unit	Workspace tests (vitest, coverage beacons on)	2026-09-08T17:42:30.6105843Z     ZERO     0/2       0.0%  enum:config#config.vfx-families@1.families{}.primitive=summon
unit	Workspace tests (vitest, coverage beacons on)	2026-09-08T17:42:30.6106315Z     ZERO     0/1       0.0%  enum:config#config.victory-podium@1.clipBronze=celebrate
unit	Workspace tests (vitest, coverage beacons on)	2026-09-08T17:42:30.6107000Z     ZERO     0/1       0.0%  enum:config#config.victory-podium@1.clipBronze=death
unit	Workspace tests (vitest, coverage beacons on)	2026-09-08T17:42:30.6107460Z     ZERO     0/1       0.0%  enum:config#config.victory-podium@1.clipGold=death
unit	Workspace tests (vitest, coverage beacons on)	2026-09-08T17:42:30.6107910Z     ZERO     0/1       0.0%  enum:config#config.victory-podium@1.clipGold=idle
unit	Workspace tests (vitest, coverage beacons on)	2026-09-08T17:42:30.6108370Z     ZERO     0/1       0.0%  enum:config#config.victory-podium@1.clipSilver=celebrate
unit	Workspace tests (vitest, coverage beacons on)	2026-09-08T17:42:30.6108757Z     ZERO     0/1       0.0%  enum:config#config.victory-podium@1.clipSilver=death
unit	Workspace tests (vitest, coverage beacons on)	2026-09-08T17:42:30.6109179Z     ZERO     0/1       0.0%  enum:config#config.victory-podium@1.podiumFill=opponents
unit	Workspace tests (vitest, coverage beacons on)	2026-09-08T17:42:30.6109595Z     ZERO     0/1       0.0%  enum:config#config.victory-podium@1.podiumLayout=rank
unit	Workspace tests (vitest, coverage beacons on)	2026-09-08T17:42:30.6110037Z     ZERO     0/1       0.0%  enum:config#config.victory-podium@1.podiumLayout=soloWinner
unit	Workspace tests (vitest, coverage beacons on)	2026-09-08T17:42:30.6110470Z     ZERO     0/1       0.0%  enum:config#config.victory-podium@1.podiumScope=allFought
unit	Workspace tests (vitest, coverage beacons on)	2026-09-08T17:42:30.6110977Z     ZERO     0/1       0.0%  enum:config#config.victory-podium@1.podiumZoneSource=spectated
unit	Workspace tests (vitest, coverage beacons on)	2026-09-08T17:42:30.6111472Z     ZERO     0/1       0.0%  enum:config#config.victory-podium@1.roundWinLine=quote
unit	Workspace tests (vitest, coverage beacons on)	2026-09-08T17:42:30.6111898Z     ZERO     0/1       0.0%  enum:config#config.victory-podium@1.roundWinLine=taunt
unit	Workspace tests (vitest, coverage beacons on)	2026-09-08T17:42:30.6112306Z     ZERO     0/1       0.0%  enum:config#config.wounds@1.stackMode=multiply
unit	Workspace tests (vitest, coverage beacons on)	2026-09-08T17:42:30.6112609Z     ZERO     0/142     0.0%  enum:items.craftRole=direct
unit	Workspace tests (vitest, coverage beacons on)	2026-09-08T17:42:30.6112937Z     ZERO     0/142     0.0%  enum:items.craftRole=token
unit	Workspace tests (vitest, coverage beacons on)	2026-09-08T17:42:30.6113360Z     ZERO     0/2       0.0%  enum:items.modifiers[].requires.primaryStat=AGI
unit	Workspace tests (vitest, coverage beacons on)	2026-09-08T17:42:30.6113648Z     ZERO     0/7       0.0%  enum:maps.gimmick.kind=none
unit	Workspace tests (vitest, coverage beacons on)	2026-09-08T17:42:30.6113925Z     ZERO     0/7       0.0%  enum:maps.groundStyle=sand
unit	Workspace tests (vitest, coverage beacons on)	2026-09-08T17:42:30.6114490Z     ZERO     0/7       0.0%  enum:maps.interactions[].kind=channel
unit	Workspace tests (vitest, coverage beacons on)	2026-09-08T17:42:30.6114986Z     ZERO     0/7       0.0%  enum:models.fxLongAxis=z
unit	Workspace tests (vitest, coverage beacons on)	2026-09-08T17:42:30.6115366Z     ZERO     0/3       0.0%  enum:vfx#vfx@1.orient.yawFrom=world
unit	Workspace tests (vitest, coverage beacons on)	2026-09-08T17:42:30.6115828Z     ZERO     0/10      0.0%  enum:vfx-scripts.segments[]|1#anim.on=projectileHit
unit	Workspace tests (vitest, coverage beacons on)	2026-09-08T17:42:30.6116277Z     ZERO     0/10      0.0%  enum:vfx-scripts.segments[]|1#anim.on=projectileSpawn
unit	Workspace tests (vitest, coverage beacons on)	2026-09-08T17:42:30.6116728Z     ZERO     0/10      0.0%  enum:vfx-scripts.segments[]|1#anim.on=reflectSuccess
unit	Workspace tests (vitest, coverage beacons on)	2026-09-08T17:42:30.6117141Z     ZERO     0/3       0.0%  enum:vfx-scripts.segments[]|1#anim.pulse=attack
unit	Workspace tests (vitest, coverage beacons on)	2026-09-08T17:42:30.6117566Z     ZERO     0/3       0.0%  enum:vfx-scripts.segments[]|1#anim.pulse=dodge
unit	Workspace tests (vitest, coverage beacons on)	2026-09-08T17:42:30.6118002Z     ZERO     0/3       0.0%  enum:vfx-scripts.segments[]|1#anim.pulse=guard
unit	Workspace tests (vitest, coverage beacons on)	2026-09-08T17:42:30.6118461Z     ZERO     0/3       0.0%  enum:vfx-scripts.segments[]|1#floatingText.at=caster
unit	Workspace tests (vitest, coverage beacons on)	2026-09-08T17:42:30.6118866Z     ZERO     0/2       0.0%  enum:vfx-scripts.segments[]|1#hideBody.at=target
unit	Workspace tests (vitest, coverage beacons on)	2026-09-08T17:42:30.6119271Z     ZERO     0/9       0.0%  enum:vfx-scripts.segments[]|1#modelFx.path=forward
unit	Workspace tests (vitest, coverage beacons on)	2026-09-08T17:42:30.6119613Z     ZERO     0/9       0.0%  enum:vfx-scripts.segments[]|1#modelFx.path=orbit
unit	Workspace tests (vitest, coverage beacons on)	2026-09-08T17:42:30.6119989Z     ZERO     0/9       0.0%  enum:vfx-scripts.segments[]|1#modelFx.path=radial
unit	Workspace tests (vitest, coverage beacons on)	2026-09-08T17:42:30.6120409Z     ZERO     0/9       0.0%  enum:vfx-scripts.segments[]|1#modelFx.path=toTarget
unit	Workspace tests (vitest, coverage beacons on)	2026-09-08T17:42:30.6120982Z              1/10     10.0%  enum:abilities.augment.targets[].ops[].mode=set
unit	Workspace tests (vitest, coverage beacons on)	2026-09-08T17:42:30.6121616Z              1/10     10.0%  enum:abilities.augment.targets[].ops[].op=durationSec
unit	Workspace tests (vitest, coverage beacons on)	2026-09-08T17:42:30.6122281Z              1/10     10.0%  enum:abilities.augment.targets[].ops[].op=procChance
unit	Workspace tests (vitest, coverage beacons on)	2026-09-08T17:42:30.6122908Z              1/26      3.8%  enum:abilities.effects[]#applyBuff.condition|0|1|1.stat=ap
unit	Workspace tests (vitest, coverage beacons on)	2026-09-08T17:42:30.6123608Z              1/26      3.8%  enum:abilities.effects[]#applyBuff.condition|0|1|1.stat=level
unit	Workspace tests (vitest, coverage beacons on)	2026-09-08T17:42:30.6124917Z              1/3      33.3%  enum:abilities.effects[]#applyBuff.condition|0|2.is=mobBoss
unit	Workspace tests (vitest, coverage beacons on)	2026-09-08T17:42:30.6125670Z              1/3      33.3%  enum:abilities.effects[]#applyBuff.condition|0|2.is=mobSpecial
unit	Workspace tests (vitest, coverage beacons on)	2026-09-08T17:42:30.6126326Z              1/7      14.3%  enum:abilities.effects[]#applyBuff.condition|0|5|1.slot=Q
unit	Workspace tests (vitest, coverage beacons on)	2026-09-08T17:42:30.6126923Z              1/8      12.5%  enum:abilities.effects[]#applyBuff.condition|0|8.slot=Q
unit	Workspace tests (vitest, coverage beacons on)	2026-09-08T17:42:30.6127724Z              1/1     100.0%  enum:abilities.effects[]#applyBuff.critStrike.empowers=ownProcOnly
unit	Workspace tests (vitest, coverage beacons on)	2026-09-08T17:42:30.6128431Z              1/1     100.0%  enum:abilities.effects[]#applyBuff.critStrike.lifestealMode=replace
unit	Workspace tests (vitest, coverage beacons on)	2026-09-08T17:42:30.6129312Z              1/3      33.3%  enum:abilities.effects[]#applyBuff.damageTypeOverride.applyAt=beforeGates
unit	Workspace tests (vitest, coverage beacons on)	2026-09-08T17:42:30.6130077Z              1/7      14.3%  enum:abilities.effects[]#applyBuff.damageTypeOverride.becomes=magic
unit	Workspace tests (vitest, coverage beacons on)	2026-09-08T17:42:30.6130889Z              1/7      14.3%  enum:abilities.effects[]#applyBuff.damageTypeOverride.becomes=physical
unit	Workspace tests (vitest, coverage beacons on)	2026-09-08T17:42:30.6131681Z              1/1     100.0%  enum:abilities.effects[]#applyBuff.deathWard.beneficiary=owner
unit	Workspace tests (vitest, coverage beacons on)	2026-09-08T17:42:30.6132338Z              1/1     100.0%  enum:abilities.effects[]#applyBuff.deathWard.stacking=max
unit	Workspace tests (vitest, coverage beacons on)	2026-09-08T17:42:30.6132991Z              1/37      2.7%  enum:abilities.effects[]#applyBuff.hooks[].abilitySlot=PASSIVE
unit	Workspace tests (vitest, coverage beacons on)	2026-09-08T17:42:30.6133618Z              1/1     100.0%  enum:abilities.effects[]#applyBuff.hooks[].chanceFrom.attr=agi
unit	Workspace tests (vitest, coverage beacons on)	2026-09-08T17:42:30.6134489Z              1/1     100.0%  enum:abilities.effects[]#applyBuff.hooks[].chanceFrom.basis=total
unit	Workspace tests (vitest, coverage beacons on)	2026-09-08T17:42:30.6135173Z              1/246     0.4%  enum:abilities.effects[]#applyBuff.hooks[].on=onAllyDamaged
unit	Workspace tests (vitest, coverage beacons on)	2026-09-08T17:42:30.6136287Z              1/246     0.4%  enum:abilities.effects[]#applyBuff.hooks[].on=onBossSpawn
unit	Workspace tests (vitest, coverage beacons on)	2026-09-08T17:42:30.6137539Z              1/246     0.4%  enum:abilities.effects[]#applyBuff.hooks[].on=onCrowdControlReceived
unit	Workspace tests (vitest, coverage beacons on)	2026-09-08T17:42:30.6138971Z              1/246     0.4%  enum:abilities.effects[]#applyBuff.hooks[].on=onDashOrBlink
unit	Workspace tests (vitest, coverage beacons on)	2026-09-08T17:42:30.6140750Z              1/246     0.4%  enum:abilities.effects[]#applyBuff.hooks[].on=onFireRingIgnite
unit	Workspace tests (vitest, coverage beacons on)	2026-09-08T17:42:30.6141925Z              1/246     0.4%  enum:abilities.effects[]#applyBuff.hooks[].on=onOverheal
unit	Workspace tests (vitest, coverage beacons on)	2026-09-08T17:42:30.6143008Z              1/246     0.4%  enum:abilities.effects[]#applyBuff.hooks[].on=onUltimateCast
unit	Workspace tests (vitest, coverage beacons on)	2026-09-08T17:42:30.6144261Z              1/3      33.3%  enum:abilities.effects[]#applyBuff.maxStat.basis=final
unit	Workspace tests (vitest, coverage beacons on)	2026-09-08T17:42:30.6145336Z              1/553     0.2%  enum:abilities.effects[]#applyBuff.maxStat.stat=maxHitPctMaxHp
unit	Workspace tests (vitest, coverage beacons on)	2026-09-08T17:42:30.6146565Z              1/553     0.2%  enum:abilities.effects[]#applyBuff.maxStat.stat=unavoidablePct
unit	Workspace tests (vitest, coverage beacons on)	2026-09-08T17:42:30.6147734Z              1/1     100.0%  enum:abilities.effects[]#applyBuff.modifiers[].fromResource=mp
unit	Workspace tests (vitest, coverage beacons on)	2026-09-08T17:42:30.6148824Z              1/1     100.0%  enum:abilities.effects[]#applyBuff.penetration.scope=basic
unit	Workspace tests (vitest, coverage beacons on)	2026-09-08T17:42:30.6149890Z              1/14      7.1%  enum:abilities.effects[]#applyBuff.permanentScope=match
unit	Workspace tests (vitest, coverage beacons on)	2026-09-08T17:42:30.6150985Z              1/2      50.0%  enum:abilities.effects[]#applyStatus.refresh=extend
unit	Workspace tests (vitest, coverage beacons on)	2026-09-08T17:42:30.6152007Z              1/2      50.0%  enum:abilities.effects[]#applyStatus.refresh=keep
unit	Workspace tests (vitest, coverage beacons on)	2026-09-08T17:42:30.6153043Z              1/1     100.0%  enum:abilities.effects[]#carry.onCarrierDeath=release
unit	Workspace tests (vitest, coverage beacons on)	2026-09-08T17:42:30.6154449Z              1/1     100.0%  enum:abilities.effects[]#carry.shape=circle
unit	Workspace tests (vitest, coverage beacons on)	2026-09-08T17:42:30.6155336Z              1/1     100.0%  enum:abilities.effects[]#carry.side=allies
unit	Workspace tests (vitest, coverage beacons on)	2026-09-08T17:42:30.6156407Z              1/1     100.0%  enum:abilities.effects[]#chainLightning.amount.attrRatios[].attr=str
unit	Workspace tests (vitest, coverage beacons on)	2026-09-08T17:42:30.6157672Z              1/1     100.0%  enum:abilities.effects[]#chainLightning.amount.attrRatios[].basis=total
unit	Workspace tests (vitest, coverage beacons on)	2026-09-08T17:42:30.6158862Z              1/5      20.0%  enum:abilities.effects[]#chainLightning.onHitTargetsMode=batch
unit	Workspace tests (vitest, coverage beacons on)	2026-09-08T17:42:30.6160099Z              1/1     100.0%  enum:abilities.effects[]#convertTeam.shape=single
unit	Workspace tests (vitest, coverage beacons on)	2026-09-08T17:42:30.6161026Z              1/1     100.0%  enum:abilities.effects[]#convertTeam.until=death
unit	Workspace tests (vitest, coverage beacons on)	2026-09-08T17:42:30.6161939Z              1/1     100.0%  enum:abilities.effects[]#cycleBuff.applyTo=self
unit	Workspace tests (vitest, coverage beacons on)	2026-09-08T17:42:30.6162909Z              1/1     100.0%  enum:abilities.effects[]#damage.refund.basis=hpLost
unit	Workspace tests (vitest, coverage beacons on)	2026-09-08T17:42:30.6163897Z              1/2      50.0%  enum:abilities.effects[]#damage.refund.resource=health
unit	Workspace tests (vitest, coverage beacons on)	2026-09-08T17:42:30.6165135Z              1/2      50.0%  enum:abilities.effects[]#damage.refund.resource=mana
unit	Workspace tests (vitest, coverage beacons on)	2026-09-08T17:42:30.6166207Z              1/26      3.8%  enum:abilities.effects[]#damage.resourcePct.basis=missing
unit	Workspace tests (vitest, coverage beacons on)	2026-09-08T17:42:30.6167385Z              1/3      33.3%  enum:abilities.effects[]#damage.resourcePct.scale=points
unit	Workspace tests (vitest, coverage beacons on)	2026-09-08T17:42:30.6168340Z              1/14      7.1%  enum:abilities.effects[]#delayed.targetMode=frozen
unit	Workspace tests (vitest, coverage beacons on)	2026-09-08T17:42:30.6169278Z              1/7      14.3%  enum:abilities.effects[]#devour.victim=champion
unit	Workspace tests (vitest, coverage beacons on)	2026-09-08T17:42:30.6170162Z              1/23      4.3%  enum:abilities.effects[]#dot.stacking=independent
unit	Workspace tests (vitest, coverage beacons on)	2026-09-08T17:42:30.6171154Z              1/5      20.0%  enum:abilities.effects[]#eventValueConversion.to=health
unit	Workspace tests (vitest, coverage beacons on)	2026-09-08T17:42:30.6172051Z              1/1     100.0%  enum:abilities.effects[]#grantXp.to=self
unit	Workspace tests (vitest, coverage beacons on)	2026-09-08T17:42:30.6172977Z              1/1     100.0%  enum:abilities.effects[]#manaBarrier.shape=single
unit	Workspace tests (vitest, coverage beacons on)	2026-09-08T17:42:30.6173893Z              1/1     100.0%  enum:abilities.effects[]#manaBarrier.who=self
unit	Workspace tests (vitest, coverage beacons on)	2026-09-08T17:42:30.6175017Z              1/1     100.0%  enum:abilities.effects[]#modifyCooldown.hookScope=originSource
unit	Workspace tests (vitest, coverage beacons on)	2026-09-08T17:42:30.6176161Z              1/1     100.0%  enum:abilities.effects[]#modifyCooldown.target=hookInternalCooldown
unit	Workspace tests (vitest, coverage beacons on)	2026-09-08T17:42:30.6177208Z              1/1     100.0%  enum:abilities.effects[]#swapResource.resource=health
unit	Workspace tests (vitest, coverage beacons on)	2026-09-08T17:42:30.6178354Z              1/1     100.0%  enum:abilities.effects[]#swapResource.shape=single
unit	Workspace tests (vitest, coverage beacons on)	2026-09-08T17:42:30.6179254Z              1/1     100.0%  enum:abilities.effects[]#taunt.forcedTarget=target
unit	Workspace tests (vitest, coverage beacons on)	2026-09-08T17:42:30.6180178Z              1/1     100.0%  enum:abilities.effects[]#taunt.side=allies
unit	Workspace tests (vitest, coverage beacons on)	2026-09-08T17:42:30.6180881Z              1/3      33.3%  enum:abilities.marks[].resetOn=match
unit	Workspace tests (vitest, coverage beacons on)	2026-09-08T17:42:30.6181661Z              1/1     100.0%  enum:abilities.passive.ranks[].auras[].scaleByNearby.count=ally
unit	Workspace tests (vitest, coverage beacons on)	2026-09-08T17:42:30.6182644Z              1/48      2.1%  enum:ability-templates.params{}.type=buffPerRank
unit	Workspace tests (vitest, coverage beacons on)	2026-09-08T17:42:30.6183382Z              1/48      2.1%  enum:ability-templates.params{}.type=condition
unit	Workspace tests (vitest, coverage beacons on)	2026-09-08T17:42:30.6184249Z              1/48      2.1%  enum:ability-templates.params{}.type=effects
unit	Workspace tests (vitest, coverage beacons on)	2026-09-08T17:42:30.6185004Z              1/48      2.1%  enum:ability-templates.params{}.type=hooks
unit	Workspace tests (vitest, coverage beacons on)	2026-09-08T17:42:30.6185751Z              1/48      2.1%  enum:ability-templates.params{}.type=spawnVfx
unit	Workspace tests (vitest, coverage beacons on)	2026-09-08T17:42:30.6186547Z              1/13      7.7%  enum:arenas.groundStyle=obsidian
unit	Workspace tests (vitest, coverage beacons on)	2026-09-08T17:42:30.6187178Z              1/13      7.7%  enum:arenas.groundStyle=sand
unit	Workspace tests (vitest, coverage beacons on)	2026-09-08T17:42:30.6187848Z              1/13      7.7%  enum:arenas.groundStyle=tatami
unit	Workspace tests (vitest, coverage beacons on)	2026-09-08T17:42:30.6188467Z              1/13      7.7%  enum:arenas.groundStyle=wood
unit	Workspace tests (vitest, coverage beacons on)	2026-09-08T17:42:30.6189201Z              1/20      5.0%  enum:arenas.scenery.props[].facing=fixed
unit	Workspace tests (vitest, coverage beacons on)	2026-09-08T17:42:30.6189923Z              1/1     100.0%  enum:arenas.zones[].gateHolds[].mode=open
unit	Workspace tests (vitest, coverage beacons on)	2026-09-08T17:42:30.6190711Z              1/7      14.3%  enum:arenas.zones[].interactions[].kind=toggleGate
unit	Workspace tests (vitest, coverage beacons on)	2026-09-08T17:42:30.6191535Z              1/19      5.3%  enum:augments.eligibility.excludeSelfMechanic[]=burn
unit	Workspace tests (vitest, coverage beacons on)	2026-09-08T17:42:30.6192480Z              1/19      5.3%  enum:augments.eligibility.excludeSelfMechanic[]=flight
unit	Workspace tests (vitest, coverage beacons on)	2026-09-08T17:42:30.6193451Z              1/19      5.3%  enum:augments.eligibility.excludeSelfMechanic[]=shield
unit	Workspace tests (vitest, coverage beacons on)	2026-09-08T17:42:30.6194877Z              1/1     100.0%  enum:augments.eligibility.onlyAttackType=ranged
unit	Workspace tests (vitest, coverage beacons on)	2026-09-08T17:42:30.6195856Z              1/9      11.1%  enum:augments.eligibility.requiresModeFeature[]=boss
unit	Workspace tests (vitest, coverage beacons on)	2026-09-08T17:42:30.6196860Z              1/9      11.1%  enum:augments.eligibility.requiresModeFeature[]=fireRing
unit	Workspace tests (vitest, coverage beacons on)	2026-09-08T17:42:30.6197845Z              1/9      11.1%  enum:augments.eligibility.requiresModeFeature[]=mobs
unit	Workspace tests (vitest, coverage beacons on)	2026-09-08T17:42:30.6198962Z              1/9      11.1%  enum:augments.eligibility.requiresModeFeature[]=neutralObjects
unit	Workspace tests (vitest, coverage beacons on)	2026-09-08T17:42:30.6200012Z              1/49      2.0%  enum:champions.origin=砲手
unit	Workspace tests (vitest, coverage beacons on)	2026-09-08T17:42:30.6200952Z              1/1     100.0%  enum:config#config.ambient-vfx@1.bindings{}[].whileToggle=W
unit	Workspace tests (vitest, coverage beacons on)	2026-09-08T17:42:30.6201952Z              1/1     100.0%  enum:config#config.ap-damage-scaling@1.apRatioMode=stack
unit	Workspace tests (vitest, coverage beacons on)	2026-09-08T17:42:30.6202913Z              1/1     100.0%  enum:config#config.ap-damage-scaling@1.scope=ability
unit	Workspace tests (vitest, coverage beacons on)	2026-09-08T17:42:30.6204148Z              1/1     100.0%  enum:config#config.arena-rules@1.augmentTiers[].limitScope=champion
unit	Workspace tests (vitest, coverage beacons on)	2026-09-08T17:42:30.6205338Z              1/1     100.0%  enum:config#config.arena-rules@1.augmentTiers[].table=gold
unit	Workspace tests (vitest, coverage beacons on)	2026-09-08T17:42:30.6206497Z              1/1     100.0%  enum:config#config.arena-rules@1.augmentTiers[].table=prismatic
unit	Workspace tests (vitest, coverage beacons on)	2026-09-08T17:42:30.6207572Z              1/1     100.0%  enum:config#config.arena-rules@1.draftConflict=round-roll
unit	Workspace tests (vitest, coverage beacons on)	2026-09-08T17:42:30.6208671Z              1/1     100.0%  enum:config#config.arena-rules@1.grailDraft.legacyPool=exclude
unit	Workspace tests (vitest, coverage beacons on)	2026-09-08T17:42:30.6209796Z              1/1     100.0%  enum:config#config.arena-rules@1.itemDraft.shortPoolMode=short
unit	Workspace tests (vitest, coverage beacons on)	2026-09-08T17:42:30.6210968Z              1/1     100.0%  enum:config#config.arena-rules@1.mobWaves.boss.championSource=fixed
unit	Workspace tests (vitest, coverage beacons on)	2026-09-08T17:42:30.6212176Z              1/1     100.0%  enum:config#config.arena-rules@1.mobWaves.boss.championSource=random
unit	Workspace tests (vitest, coverage beacons on)	2026-09-08T17:42:30.6213423Z              1/1     100.0%  enum:config#config.arena-rules@1.mobWaves.boss.healthBarAnchor=top
unit	Workspace tests (vitest, coverage beacons on)	2026-09-08T17:42:30.6215178Z              1/1     100.0%  enum:config#config.arena-rules@1.mobWaves.boss.healthBarReveal=summon
unit	Workspace tests (vitest, coverage beacons on)	2026-09-08T17:42:30.6216458Z              1/1     100.0%  enum:config#config.arena-rules@1.mobWaves.boss.heroLevelSource=curve
unit	Workspace tests (vitest, coverage beacons on)	2026-09-08T17:42:30.6217739Z              1/1     100.0%  enum:config#config.arena-rules@1.mobWaves.boss.king.learnRankMode=max
unit	Workspace tests (vitest, coverage beacons on)	2026-09-08T17:42:30.6219097Z              1/1     100.0%  enum:config#config.arena-rules@1.mobWaves.boss.king.targetPreference=players
unit	Workspace tests (vitest, coverage beacons on)	2026-09-08T17:42:30.6220426Z              1/1     100.0%  enum:config#config.arena-rules@1.mobWaves.boss.lastHitMode=bonus
unit	Workspace tests (vitest, coverage beacons on)	2026-09-08T17:42:30.6221664Z              1/1     100.0%  enum:config#config.arena-rules@1.mobWaves.boss.maxPerRoundScope=zone
unit	Workspace tests (vitest, coverage beacons on)	2026-09-08T17:42:30.6222873Z              1/1     100.0%  enum:config#config.arena-rules@1.mobWaves.roundHoldMobKinds=boss
unit	Workspace tests (vitest, coverage beacons on)	2026-09-08T17:42:30.6224274Z              1/1     100.0%  enum:config#config.arena-rules@1.mobWaves.special.lastHitMode=bonus
unit	Workspace tests (vitest, coverage beacons on)	2026-09-08T17:42:30.6225385Z              1/1     100.0%  enum:config#config.arena-rules@1.mobWaves.special.settlementMode=panel
unit	Workspace tests (vitest, coverage beacons on)	2026-09-08T17:42:30.6226645Z              1/1     100.0%  enum:config#config.arena-rules@1.round11.waveTable.events[].kind=bombardment
unit	Workspace tests (vitest, coverage beacons on)	2026-09-08T17:42:30.6228067Z              1/1     100.0%  enum:config#config.arena-rules@1.round11.waveTable.events[].kind=boss
unit	Workspace tests (vitest, coverage beacons on)	2026-09-08T17:42:30.6229338Z              1/1     100.0%  enum:config#config.arena-rules@1.round11.waveTable.events[].kind=normal
unit	Workspace tests (vitest, coverage beacons on)	2026-09-08T17:42:30.6230533Z              1/1     100.0%  enum:config#config.arena-rules@1.round11.waveTable.events[].kind=reviveCircle
unit	Workspace tests (vitest, coverage beacons on)	2026-09-08T17:42:30.6231718Z              1/1     100.0%  enum:config#config.arena-rules@1.round11.waveTable.events[].kind=special
unit	Workspace tests (vitest, coverage beacons on)	2026-09-08T17:42:30.6232720Z              1/1     100.0%  enum:config#config.audio-map@1.rankUpAudience=self
unit	Workspace tests (vitest, coverage beacons on)	2026-09-08T17:42:30.6233736Z              1/1     100.0%  enum:config#config.audio-mix@1.voice.roundEndMachineVoice=off
unit	Workspace tests (vitest, coverage beacons on)	2026-09-08T17:42:30.6235614Z              1/1     100.0%  enum:config#config.authoring-rules@1.proportionality.minDamageTier.單體.中=中
unit	Workspace tests (vitest, coverage beacons on)	2026-09-08T17:42:30.6237098Z              1/1     100.0%  enum:config#config.authoring-rules@1.proportionality.minDamageTier.單體.大=大
unit	Workspace tests (vitest, coverage beacons on)	2026-09-08T17:42:30.6238485Z              1/1     100.0%  enum:config#config.authoring-rules@1.proportionality.minDamageTier.單體.小=小
unit	Workspace tests (vitest, coverage beacons on)	2026-09-08T17:42:30.6240029Z              1/1     100.0%  enum:config#config.authoring-rules@1.proportionality.minDamageTier.單體.極大=極大
unit	Workspace tests (vitest, coverage beacons on)	2026-09-08T17:42:30.6241551Z              1/1     100.0%  enum:config#config.authoring-rules@1.proportionality.minDamageTier.單體.極小=極小
unit	Workspace tests (vitest, coverage beacons on)	2026-09-08T17:42:30.6243056Z              1/1     100.0%  enum:config#config.authoring-rules@1.proportionality.minDamageTier.範圍.中=中
unit	Workspace tests (vitest, coverage beacons on)	2026-09-08T17:42:30.6244875Z              1/1     100.0%  enum:config#config.authoring-rules@1.proportionality.minDamageTier.範圍.大=大
unit	Workspace tests (vitest, coverage beacons on)	2026-09-08T17:42:30.6246454Z              1/1     100.0%  enum:config#config.authoring-rules@1.proportionality.minDamageTier.範圍.小=中
unit	Workspace tests (vitest, coverage beacons on)	2026-09-08T17:42:30.6248237Z              1/1     100.0%  enum:config#config.authoring-rules@1.proportionality.minDamageTier.範圍.極大=極大
unit	Workspace tests (vitest, coverage beacons on)	2026-09-08T17:42:30.6249944Z              1/1     100.0%  enum:config#config.authoring-rules@1.proportionality.minDamageTier.範圍.極小=小
unit	Workspace tests (vitest, coverage beacons on)	2026-09-08T17:42:30.6251615Z              1/1     100.0%  enum:config#config.authoring-rules@1.proportionality.minDamageTier.變身.中=極小
unit	Workspace tests (vitest, coverage beacons on)	2026-09-08T17:42:30.6253110Z              1/1     100.0%  enum:config#config.authoring-rules@1.proportionality.minDamageTier.變身.大=極小
unit	Workspace tests (vitest, coverage beacons on)	2026-09-08T17:42:30.6254860Z              1/1     100.0%  enum:config#config.authoring-rules@1.proportionality.minDamageTier.變身.小=極小
unit	Workspace tests (vitest, coverage beacons on)	2026-09-08T17:42:30.6256424Z              1/1     100.0%  enum:config#config.authoring-rules@1.proportionality.minDamageTier.變身.極大=極小
unit	Workspace tests (vitest, coverage beacons on)	2026-09-08T17:42:30.6257937Z              1/1     100.0%  enum:config#config.authoring-rules@1.proportionality.minDamageTier.變身.極小=極小
unit	Workspace tests (vitest, coverage beacons on)	2026-09-08T17:42:30.6259618Z              1/1     100.0%  enum:config#config.authoring-rules@1.proportionality.model=formula
unit	Workspace tests (vitest, coverage beacons on)	2026-09-08T17:42:30.6260827Z              1/1     100.0%  enum:config#config.berserk@1.trigger=berserkGrantors
unit	Workspace tests (vitest, coverage beacons on)	2026-09-08T17:42:30.6261877Z              1/1     100.0%  enum:config#config.block@1.stacking=independent
unit	Workspace tests (vitest, coverage beacons on)	2026-09-08T17:42:30.6262990Z              1/1     100.0%  enum:config#config.boss-intro@1.dropOrder[]=description
unit	Workspace tests (vitest, coverage beacons on)	2026-09-08T17:42:30.6264357Z              1/1     100.0%  enum:config#config.boss-intro@1.dropOrder[]=tips
unit	Workspace tests (vitest, coverage beacons on)	2026-09-08T17:42:30.6265454Z              1/1     100.0%  enum:config#config.boss-intro@1.dropOrder[]=weaknesses
unit	Workspace tests (vitest, coverage beacons on)	2026-09-08T17:42:30.6266704Z              1/1     100.0%  enum:config#config.cast-time@1.comboWindowFrom=commit
unit	Workspace tests (vitest, coverage beacons on)	2026-09-08T17:42:30.6268121Z              1/1     100.0%  enum:config#config.champion-voices@1.champions{}.source=map-quip
unit	Workspace tests (vitest, coverage beacons on)	2026-09-08T17:42:30.6269433Z              1/1     100.0%  enum:config#config.champion-voices@1.champions{}.source=none
unit	Workspace tests (vitest, coverage beacons on)	2026-09-08T17:42:30.6270788Z              1/1     100.0%  enum:config#config.combo-strikes@1.families[].ownerKind=ability
unit	Workspace tests (vitest, coverage beacons on)	2026-09-08T17:42:30.6271874Z              1/1     100.0%  enum:config#config.combo-strikes@1.families[].ownerKind=item
unit	Workspace tests (vitest, coverage beacons on)	2026-09-08T17:42:30.6273000Z              1/1     100.0%  enum:config#config.combo-strikes@1.families[].ownerKind=map-mechanic
unit	Workspace tests (vitest, coverage beacons on)	2026-09-08T17:42:30.6274298Z              1/1     100.0%  enum:config#config.combo-strikes@1.families[].ownerKind=orphan
unit	Workspace tests (vitest, coverage beacons on)	2026-09-08T17:42:30.6275397Z              1/1     100.0%  enum:config#config.combo-strikes@1.families[].ownerKind=unit
unit	Workspace tests (vitest, coverage beacons on)	2026-09-08T17:42:30.6276486Z              1/1     100.0%  enum:config#config.combo-strikes@1.families[].rhythm=literal-waits
unit	Workspace tests (vitest, coverage beacons on)	2026-09-08T17:42:30.6277699Z              1/1     100.0%  enum:config#config.combo-strikes@1.families[].rhythm=loop-count-only
unit	Workspace tests (vitest, coverage beacons on)	2026-09-08T17:42:30.6278902Z              1/1     100.0%  enum:config#config.combo-strikes@1.families[].rhythm=loop-expr
unit	Workspace tests (vitest, coverage beacons on)	2026-09-08T17:42:30.6280001Z              1/1     100.0%  enum:config#config.combo-strikes@1.families[].shape=loop
unit	Workspace tests (vitest, coverage beacons on)	2026-09-08T17:42:30.6281354Z              1/1     100.0%  enum:config#config.combo-strikes@1.families[].shape=per-step
unit	Workspace tests (vitest, coverage beacons on)	2026-09-08T17:42:30.6282408Z              1/1     100.0%  enum:config#config.combo-strikes@1.families[].shape=tail
unit	Workspace tests (vitest, coverage beacons on)	2026-09-08T17:42:30.6283353Z              1/1     100.0%  enum:config#config.content-load@1.policy=quarantine
unit	Workspace tests (vitest, coverage beacons on)	2026-09-08T17:42:30.6284956Z              1/1     100.0%  enum:config#config.controller-scheme@1.schemes{}.aim.manualScoring=legacy-nearest-enemy
unit	Workspace tests (vitest, coverage beacons on)	2026-09-08T17:42:30.6286478Z              1/1     100.0%  enum:config#config.controller-scheme@1.schemes{}.aim.manualScoring=weighted
unit	Workspace tests (vitest, coverage beacons on)	2026-09-08T17:42:30.6287799Z              1/1     100.0%  enum:config#config.controller-scheme@1.schemes{}.bindings.*=ability:E
unit	Workspace tests (vitest, coverage beacons on)	2026-09-08T17:42:30.6289140Z              1/1     100.0%  enum:config#config.controller-scheme@1.schemes{}.bindings.*=ability:EX
unit	Workspace tests (vitest, coverage beacons on)	2026-09-08T17:42:30.6290473Z              1/1     100.0%  enum:config#config.controller-scheme@1.schemes{}.bindings.*=ability:PASSIVE
unit	Workspace tests (vitest, coverage beacons on)	2026-09-08T17:42:30.6291804Z              1/1     100.0%  enum:config#config.controller-scheme@1.schemes{}.bindings.*=ability:Q
unit	Workspace tests (vitest, coverage beacons on)	2026-09-08T17:42:30.6293141Z              1/1     100.0%  enum:config#config.controller-scheme@1.schemes{}.bindings.*=ability:R
unit	Workspace tests (vitest, coverage beacons on)	2026-09-08T17:42:30.6294616Z              1/1     100.0%  enum:config#config.controller-scheme@1.schemes{}.bindings.*=ability:W
unit	Workspace tests (vitest, coverage beacons on)	2026-09-08T17:42:30.6295801Z              1/1     100.0%  enum:config#config.controller-scheme@1.schemes{}.bindings.*=attackMove
unit	Workspace tests (vitest, coverage beacons on)	2026-09-08T17:42:30.6297057Z              1/1     100.0%  enum:config#config.controller-scheme@1.schemes{}.bindings.*=basicAttack
unit	Workspace tests (vitest, coverage beacons on)	2026-09-08T17:42:30.6298438Z              1/1     100.0%  enum:config#config.controller-scheme@1.schemes{}.bindings.*=cameraFollowToggle
unit	Workspace tests (vitest, coverage beacons on)	2026-09-08T17:42:30.6299711Z              1/1     100.0%  enum:config#config.controller-scheme@1.schemes{}.bindings.*=cameraZoomStep
unit	Workspace tests (vitest, coverage beacons on)	2026-09-08T17:42:30.6300937Z              1/1     100.0%  enum:config#config.controller-scheme@1.schemes{}.bindings.*=pvpFocus
unit	Workspace tests (vitest, coverage beacons on)	2026-09-08T17:42:30.6302172Z              1/1     100.0%  enum:config#config.crit@1.stackMode=multiply
unit	Workspace tests (vitest, coverage beacons on)	2026-09-08T17:42:30.6303214Z              1/1     100.0%  enum:config#config.damage-colors@1.blockFlashMode=steel
unit	Workspace tests (vitest, coverage beacons on)	2026-09-08T17:42:30.6304566Z              1/1     100.0%  enum:config#config.damage-colors@1.outline.mode=incoming
unit	Workspace tests (vitest, coverage beacons on)	2026-09-08T17:42:30.6305662Z              1/1     100.0%  enum:config#config.damage-colors@1.textAxis=damageType
unit	Workspace tests (vitest, coverage beacons on)	2026-09-08T17:42:30.6306846Z              1/1     100.0%  enum:config#config.damage-rules@1.defaultAbilityDamageType=magic
unit	Workspace tests (vitest, coverage beacons on)	2026-09-08T17:42:30.6307957Z              1/1     100.0%  enum:config#config.dispel@1.defaultOrder=newest
unit	Workspace tests (vitest, coverage beacons on)	2026-09-08T17:42:30.6309106Z              1/1     100.0%  enum:config#config.displacement-tiers@1.wallBlock.blink=clamp
unit	Workspace tests (vitest, coverage beacons on)	2026-09-08T17:42:30.6310330Z              1/1     100.0%  enum:config#config.displacement-tiers@1.wallBlock.leap=clamp
unit	Workspace tests (vitest, coverage beacons on)	2026-09-08T17:42:30.6311517Z              1/1     100.0%  enum:config#config.gore@1.championStyles{}=stylized
unit	Workspace tests (vitest, coverage beacons on)	2026-09-08T17:42:30.6312519Z              1/1     100.0%  enum:config#config.gore@1.style=blood
unit	Workspace tests (vitest, coverage beacons on)	2026-09-08T17:42:30.6313669Z              1/1     100.0%  enum:config#config.hud-layout@1.goldLevelTouchLayout=strip
unit	Workspace tests (vitest, coverage beacons on)	2026-09-08T17:42:30.6315015Z              1/1     100.0%  enum:config#config.hud-layout@1.heroPortrait=current-form
unit	Workspace tests (vitest, coverage beacons on)	2026-09-08T17:42:30.6316112Z              1/1     100.0%  enum:config#config.item-card@1.markers{}=active
unit	Workspace tests (vitest, coverage beacons on)	2026-09-08T17:42:30.6317105Z              1/1     100.0%  enum:config#config.item-card@1.markers{}=debuff
unit	Workspace tests (vitest, coverage beacons on)	2026-09-08T17:42:30.6318154Z              1/1     100.0%  enum:config#config.item-card@1.markers{}=passive
unit	Workspace tests (vitest, coverage beacons on)	2026-09-08T17:42:30.6319148Z              1/1     100.0%  enum:config#config.item-card@1.markers{}=stat
unit	Workspace tests (vitest, coverage beacons on)	2026-09-08T17:42:30.6320328Z              1/1     100.0%  enum:config#config.lobby-layout@1.alreadyFriendMode=greyed-button
unit	Workspace tests (vitest, coverage beacons on)	2026-09-08T17:42:30.6321539Z              1/1     100.0%  enum:config#config.lobby-layout@1.friendSort=online-first
unit	Workspace tests (vitest, coverage beacons on)	2026-09-08T17:42:30.6323003Z              1/1     100.0%  enum:config#config.lobby-layout@1.nemesisSort=played
unit	Workspace tests (vitest, coverage beacons on)	2026-09-08T17:42:30.6324301Z              1/1     100.0%  enum:config#config.lobby-layout@1.splitOrder[]=friends
unit	Workspace tests (vitest, coverage beacons on)	2026-09-08T17:42:30.6325361Z              1/1     100.0%  enum:config#config.lobby-layout@1.splitOrder[]=leaderboard
unit	Workspace tests (vitest, coverage beacons on)	2026-09-08T17:42:30.6326444Z              1/1     100.0%  enum:config#config.lobby-layout@1.splitOrder[]=nemesis
unit	Workspace tests (vitest, coverage beacons on)	2026-09-08T17:42:30.6327417Z              1/1     100.0%  enum:config#config.lobby-layout@1.splitOrder[]=online
unit	Workspace tests (vitest, coverage beacons on)	2026-09-08T17:42:30.6328353Z              1/1     100.0%  enum:config#config.lobby-layout@1.stackOrder[]=friends
unit	Workspace tests (vitest, coverage beacons on)	2026-09-08T17:42:30.6329391Z              1/1     100.0%  enum:config#config.lobby-layout@1.stackOrder[]=leaderboard
unit	Workspace tests (vitest, coverage beacons on)	2026-09-08T17:42:30.6330448Z              1/1     100.0%  enum:config#config.lobby-layout@1.stackOrder[]=nemesis
unit	Workspace tests (vitest, coverage beacons on)	2026-09-08T17:42:30.6331468Z              1/1     100.0%  enum:config#config.lobby-layout@1.stackOrder[]=online
unit	Workspace tests (vitest, coverage beacons on)	2026-09-08T17:42:30.6332506Z              1/1     100.0%  enum:config#config.lobby-rally@1.joinMode=opt-out
unit	Workspace tests (vitest, coverage beacons on)	2026-09-08T17:42:30.6333560Z              1/1     100.0%  enum:config#config.map-report@1.maps[].issues[].kind=soft
unit	Workspace tests (vitest, coverage beacons on)	2026-09-08T17:42:30.6341128Z              1/1     100.0%  enum:config#config.map-report@1.maps[].issues[].severity=warn
unit	Workspace tests (vitest, coverage beacons on)	2026-09-08T17:42:30.6342341Z              1/1     100.0%  enum:config#config.map-spec@1.severity.chokepoints=warn
unit	Workspace tests (vitest, coverage beacons on)	2026-09-08T17:42:30.6343301Z              1/1     100.0%  enum:config#config.map-spec@1.severity.deadEnds=warn
unit	Workspace tests (vitest, coverage beacons on)	2026-09-08T17:42:30.6344529Z              1/1     100.0%  enum:config#config.map-spec@1.severity.interactions=warn
unit	Workspace tests (vitest, coverage beacons on)	2026-09-08T17:42:30.6345623Z              1/1     100.0%  enum:config#config.map-spec@1.severity.loops=warn
unit	Workspace tests (vitest, coverage beacons on)	2026-09-08T17:42:30.6346753Z              1/1     100.0%  enum:config#config.map-spec@1.severity.shortcuts=warn
unit	Workspace tests (vitest, coverage beacons on)	2026-09-08T17:42:30.6347808Z              1/1     100.0%  enum:config#config.map-spec@1.severity.traversal=warn
unit	Workspace tests (vitest, coverage beacons on)	2026-09-08T17:42:30.6349106Z              1/1     100.0%  enum:config#config.model-lod@1.adaptiveCostMode=frame
unit	Workspace tests (vitest, coverage beacons on)	2026-09-08T17:42:30.6350331Z              1/1     100.0%  enum:config#config.model-lod@1.platformPolicy.phone=unsupported
unit	Workspace tests (vitest, coverage beacons on)	2026-09-08T17:42:30.6351541Z              1/1     100.0%  enum:config#config.model-lod@1.presetTiers.auto=high
unit	Workspace tests (vitest, coverage beacons on)	2026-09-08T17:42:30.6352639Z              1/1     100.0%  enum:config#config.model-lod@1.presetTiers.high=high
unit	Workspace tests (vitest, coverage beacons on)	2026-09-08T17:42:30.6353763Z              1/1     100.0%  enum:config#config.model-lod@1.presetTiers.low=small
unit	Workspace tests (vitest, coverage beacons on)	2026-09-08T17:42:30.6355062Z              1/1     100.0%  enum:config#config.model-lod@1.presetTiers.medium=mid
unit	Workspace tests (vitest, coverage beacons on)	2026-09-08T17:42:30.6356307Z              1/1     100.0%  enum:config#config.per-level-bonus@1.perLevel{}.appliesTo=all
unit	Workspace tests (vitest, coverage beacons on)	2026-09-08T17:42:30.6357453Z              1/1     100.0%  enum:config#config.regen@1.drainFloorMode=stop
unit	Workspace tests (vitest, coverage beacons on)	2026-09-08T17:42:30.6358461Z              1/1     100.0%  enum:config#config.regen@1.pctMode=replace
unit	Workspace tests (vitest, coverage beacons on)	2026-09-08T17:42:30.6359592Z              1/1     100.0%  enum:config#config.screen-fx@1.reducedMotionMode=weaken
unit	Workspace tests (vitest, coverage beacons on)	2026-09-08T17:42:30.6360708Z              1/1     100.0%  enum:config#config.shield@1.absorbOrder=specificFirst
unit	Workspace tests (vitest, coverage beacons on)	2026-09-08T17:42:30.6361861Z              1/1     100.0%  enum:config#config.shield@1.spellWardBlocksWholeCast=whole
unit	Workspace tests (vitest, coverage beacons on)	2026-09-08T17:42:30.6362921Z              1/1     100.0%  enum:config#config.skill-normalize@1.damageColumnBasis=leaf
unit	Workspace tests (vitest, coverage beacons on)	2026-09-08T17:42:30.6364174Z              1/1     100.0%  enum:config#config.skill-normalize@1.damageLeafScope=cast-amount
unit	Workspace tests (vitest, coverage beacons on)	2026-09-08T17:42:30.6365306Z              1/1     100.0%  enum:config#config.skill-normalize@1.radiusColumnBasis=authored-node
unit	Workspace tests (vitest, coverage beacons on)	2026-09-08T17:42:30.6366368Z              1/1     100.0%  enum:config#config.skill-normalize@1.snapPolicy=nearest
unit	Workspace tests (vitest, coverage beacons on)	2026-09-08T17:42:30.6367476Z              1/1     100.0%  enum:config#config.speed-growth-tiers@1.ladder=A
unit	Workspace tests (vitest, coverage beacons on)	2026-09-08T17:42:30.6368460Z              1/1     100.0%  enum:config#config.stat-normalization@1.appliesTo[]=ad
unit	Workspace tests (vitest, coverage beacons on)	2026-09-08T17:42:30.6369795Z              1/1     100.0%  enum:config#config.stat-normalization@1.appliesTo[]=ap
unit	Workspace tests (vitest, coverage beacons on)	2026-09-08T17:42:30.6370837Z              1/1     100.0%  enum:config#config.stat-normalization@1.appliesTo[]=armor
unit	Workspace tests (vitest, coverage beacons on)	2026-09-08T17:42:30.6371921Z              1/1     100.0%  enum:config#config.stat-normalization@1.appliesTo[]=as
unit	Workspace tests (vitest, coverage beacons on)	2026-09-08T17:42:30.6372942Z              1/1     100.0%  enum:config#config.stat-normalization@1.appliesTo[]=healthRegen
unit	Workspace tests (vitest, coverage beacons on)	2026-09-08T17:42:30.6374138Z              1/1     100.0%  enum:config#config.stat-normalization@1.appliesTo[]=manaRegen
unit	Workspace tests (vitest, coverage beacons on)	2026-09-08T17:42:30.6375302Z              1/1     100.0%  enum:config#config.stat-normalization@1.appliesTo[]=maxHealth
unit	Workspace tests (vitest, coverage beacons on)	2026-09-08T17:42:30.6376361Z              1/1     100.0%  enum:config#config.stat-normalization@1.appliesTo[]=maxMana
unit	Workspace tests (vitest, coverage beacons on)	2026-09-08T17:42:30.6377364Z              1/1     100.0%  enum:config#config.stat-normalization@1.appliesTo[]=mr
unit	Workspace tests (vitest, coverage beacons on)	2026-09-08T17:42:30.6378343Z              1/1     100.0%  enum:config#config.stat-normalization@1.appliesTo[]=ms
unit	Workspace tests (vitest, coverage beacons on)	2026-09-08T17:42:30.6379395Z              1/1     100.0%  enum:config#config.stat-normalization@1.appliesTo[]=range
unit	Workspace tests (vitest, coverage beacons on)	2026-09-08T17:42:30.6380581Z              1/1     100.0%  enum:config#config.stat-normalization@1.byArchetype.ad.fighter=中
unit	Workspace tests (vitest, coverage beacons on)	2026-09-08T17:42:30.6381773Z              1/1     100.0%  enum:config#config.stat-normalization@1.byArchetype.ad.mage=中
unit	Workspace tests (vitest, coverage beacons on)	2026-09-08T17:42:30.6382976Z              1/1     100.0%  enum:config#config.stat-normalization@1.byArchetype.ad.marksman=中
unit	Workspace tests (vitest, coverage beacons on)	2026-09-08T17:42:30.6384342Z              1/1     100.0%  enum:config#config.stat-normalization@1.byArchetype.ad.tank=中
unit	Workspace tests (vitest, coverage beacons on)	2026-09-08T17:42:30.6385643Z              1/1     100.0%  enum:config#config.stat-normalization@1.byArchetype.ap.fighter=中
unit	Workspace tests (vitest, coverage beacons on)	2026-09-08T17:42:30.6386893Z              1/1     100.0%  enum:config#config.stat-normalization@1.byArchetype.ap.mage=中
unit	Workspace tests (vitest, coverage beacons on)	2026-09-08T17:42:30.6388142Z              1/1     100.0%  enum:config#config.stat-normalization@1.byArchetype.ap.marksman=中
unit	Workspace tests (vitest, coverage beacons on)	2026-09-08T17:42:30.6389618Z              1/1     100.0%  enum:config#config.stat-normalization@1.byArchetype.ap.tank=中
unit	Workspace tests (vitest, coverage beacons on)	2026-09-08T17:42:30.6390974Z              1/1     100.0%  enum:config#config.stat-normalization@1.byArchetype.armor.fighter=中
unit	Workspace tests (vitest, coverage beacons on)	2026-09-08T17:42:30.6392291Z              1/1     100.0%  enum:config#config.stat-normalization@1.byArchetype.armor.mage=小
unit	Workspace tests (vitest, coverage beacons on)	2026-09-08T17:42:30.6393594Z              1/1     100.0%  enum:config#config.stat-normalization@1.byArchetype.armor.marksman=小
unit	Workspace tests (vitest, coverage beacons on)	2026-09-08T17:42:30.6395066Z              1/1     100.0%  enum:config#config.stat-normalization@1.byArchetype.armor.tank=大
unit	Workspace tests (vitest, coverage beacons on)	2026-09-08T17:42:30.6396360Z              1/1     100.0%  enum:config#config.stat-normalization@1.byArchetype.as.fighter=中
unit	Workspace tests (vitest, coverage beacons on)	2026-09-08T17:42:30.6397562Z              1/1     100.0%  enum:config#config.stat-normalization@1.byArchetype.as.mage=中
unit	Workspace tests (vitest, coverage beacons on)	2026-09-08T17:42:30.6398669Z              1/1     100.0%  enum:config#config.stat-normalization@1.byArchetype.as.marksman=中
unit	Workspace tests (vitest, coverage beacons on)	2026-09-08T17:42:30.6399813Z              1/1     100.0%  enum:config#config.stat-normalization@1.byArchetype.as.tank=中
unit	Workspace tests (vitest, coverage beacons on)	2026-09-08T17:42:30.6401125Z              1/1     100.0%  enum:config#config.stat-normalization@1.byArchetype.healthRegen.fighter=中
unit	Workspace tests (vitest, coverage beacons on)	2026-09-08T17:42:30.6402496Z              1/1     100.0%  enum:config#config.stat-normalization@1.byArchetype.healthRegen.mage=中
unit	Workspace tests (vitest, coverage beacons on)	2026-09-08T17:42:30.6403772Z              1/1     100.0%  enum:config#config.stat-normalization@1.byArchetype.healthRegen.marksman=中
unit	Workspace tests (vitest, coverage beacons on)	2026-09-08T17:42:30.6405263Z              1/1     100.0%  enum:config#config.stat-normalization@1.byArchetype.healthRegen.tank=中
unit	Workspace tests (vitest, coverage beacons on)	2026-09-08T17:42:30.6406585Z              1/1     100.0%  enum:config#config.stat-normalization@1.byArchetype.manaRegen.fighter=中
unit	Workspace tests (vitest, coverage beacons on)	2026-09-08T17:42:30.6407922Z              1/1     100.0%  enum:config#config.stat-normalization@1.byArchetype.manaRegen.mage=中
unit	Workspace tests (vitest, coverage beacons on)	2026-09-08T17:42:30.6409237Z              1/1     100.0%  enum:config#config.stat-normalization@1.byArchetype.manaRegen.marksman=中
unit	Workspace tests (vitest, coverage beacons on)	2026-09-08T17:42:30.6410503Z              1/1     100.0%  enum:config#config.stat-normalization@1.byArchetype.manaRegen.tank=中
unit	Workspace tests (vitest, coverage beacons on)	2026-09-08T17:42:30.6412042Z              1/1     100.0%  enum:config#config.stat-normalization@1.byArchetype.maxHealth.fighter=中
unit	Workspace tests (vitest, coverage beacons on)	2026-09-08T17:42:30.6413481Z              1/1     100.0%  enum:config#config.stat-normalization@1.byArchetype.maxHealth.mage=中
unit	Workspace tests (vitest, coverage beacons on)	2026-09-08T17:42:30.6415064Z              1/1     100.0%  enum:config#config.stat-normalization@1.byArchetype.maxHealth.marksman=中
unit	Workspace tests (vitest, coverage beacons on)	2026-09-08T17:42:30.6416484Z              1/1     100.0%  enum:config#config.stat-normalization@1.byArchetype.maxHealth.tank=中
unit	Workspace tests (vitest, coverage beacons on)	2026-09-08T17:42:30.6417883Z              1/1     100.0%  enum:config#config.stat-normalization@1.byArchetype.maxMana.fighter=中
unit	Workspace tests (vitest, coverage beacons on)	2026-09-08T17:42:30.6419141Z              1/1     100.0%  enum:config#config.stat-normalization@1.byArchetype.maxMana.mage=中
unit	Workspace tests (vitest, coverage beacons on)	2026-09-08T17:42:30.6420578Z              1/1     100.0%  enum:config#config.stat-normalization@1.byArchetype.maxMana.marksman=中
unit	Workspace tests (vitest, coverage beacons on)	2026-09-08T17:42:30.6421975Z              1/1     100.0%  enum:config#config.stat-normalization@1.byArchetype.maxMana.tank=中
unit	Workspace tests (vitest, coverage beacons on)	2026-09-08T17:42:30.6423292Z              1/1     100.0%  enum:config#config.stat-normalization@1.byArchetype.mr.fighter=中
unit	Workspace tests (vitest, coverage beacons on)	2026-09-08T17:42:30.6424741Z              1/1     100.0%  enum:config#config.stat-normalization@1.byArchetype.mr.mage=大
unit	Workspace tests (vitest, coverage beacons on)	2026-09-08T17:42:30.6425899Z              1/1     100.0%  enum:config#config.stat-normalization@1.byArchetype.mr.marksman=小
unit	Workspace tests (vitest, coverage beacons on)	2026-09-08T17:42:30.6427129Z              1/1     100.0%  enum:config#config.stat-normalization@1.byArchetype.mr.tank=小
unit	Workspace tests (vitest, coverage beacons on)	2026-09-08T17:42:30.6428360Z              1/1     100.0%  enum:config#config.stat-normalization@1.byArchetype.ms.fighter=大
unit	Workspace tests (vitest, coverage beacons on)	2026-09-08T17:42:30.6429554Z              1/1     100.0%  enum:config#config.stat-normalization@1.byArchetype.ms.mage=小
unit	Workspace tests (vitest, coverage beacons on)	2026-09-08T17:42:30.6430762Z              1/1     100.0%  enum:config#config.stat-normalization@1.byArchetype.ms.marksman=中
unit	Workspace tests (vitest, coverage beacons on)	2026-09-08T17:42:30.6431869Z              1/1     100.0%  enum:config#config.stat-normalization@1.byArchetype.ms.tank=小
unit	Workspace tests (vitest, coverage beacons on)	2026-09-08T17:42:30.6433448Z              1/1     100.0%  enum:config#config.stat-normalization@1.byArchetype.range.fighter=中
unit	Workspace tests (vitest, coverage beacons on)	2026-09-08T17:42:30.6435009Z              1/1     100.0%  enum:config#config.stat-normalization@1.byArchetype.range.mage=中
unit	Workspace tests (vitest, coverage beacons on)	2026-09-08T17:42:30.6437871Z              1/1     100.0%  enum:config#config.stat-normalization@1.byArchetype.range.marksman=大
unit	Workspace tests (vitest, coverage beacons on)	2026-09-08T17:42:30.6439280Z              1/1     100.0%  enum:config#config.stat-normalization@1.byArchetype.range.tank=中
unit	Workspace tests (vitest, coverage beacons on)	2026-09-08T17:42:30.6440560Z              1/1     100.0%  enum:config#config.stat-normalization@1.byOrigin.ad.坦克=小
unit	Workspace tests (vitest, coverage beacons on)	2026-09-08T17:42:30.6441778Z              1/1     100.0%  enum:config#config.stat-normalization@1.byOrigin.ad.射手=極大
unit	Workspace tests (vitest, coverage beacons on)	2026-09-08T17:42:30.6442924Z              1/1     100.0%  enum:config#config.stat-normalization@1.byOrigin.ad.法刺=極小
unit	Workspace tests (vitest, coverage beacons on)	2026-09-08T17:42:30.6444191Z              1/1     100.0%  enum:config#config.stat-normalization@1.byOrigin.ad.法師=小
unit	Workspace tests (vitest, coverage beacons on)	2026-09-08T17:42:30.6445409Z              1/1     100.0%  enum:config#config.stat-normalization@1.byOrigin.ad.法鬥=大
unit	Workspace tests (vitest, coverage beacons on)	2026-09-08T17:42:30.6446579Z              1/1     100.0%  enum:config#config.stat-normalization@1.byOrigin.ad.狂戰=大
unit	Workspace tests (vitest, coverage beacons on)	2026-09-08T17:42:30.6447813Z              1/1     100.0%  enum:config#config.stat-normalization@1.byOrigin.ad.砲手=極大
unit	Workspace tests (vitest, coverage beacons on)	2026-09-08T17:42:30.6449001Z              1/1     100.0%  enum:config#config.stat-normalization@1.byOrigin.ad.硬輔=小
unit	Workspace tests (vitest, coverage beacons on)	2026-09-08T17:42:30.6450172Z              1/1     100.0%  enum:config#config.stat-normalization@1.byOrigin.ad.軟輔=小
unit	Workspace tests (vitest, coverage beacons on)	2026-09-08T17:42:30.6451443Z              1/1     100.0%  enum:config#config.stat-normalization@1.byOrigin.ad.鬥士=大
unit	Workspace tests (vitest, coverage beacons on)	2026-09-08T17:42:30.6452697Z              1/1     100.0%  enum:config#config.stat-normalization@1.byOrigin.ap.坦克=小
unit	Workspace tests (vitest, coverage beacons on)	2026-09-08T17:42:30.6453937Z              1/1     100.0%  enum:config#config.stat-normalization@1.byOrigin.ap.射手=極小
unit	Workspace tests (vitest, coverage beacons on)	2026-09-08T17:42:30.6455235Z              1/1     100.0%  enum:config#config.stat-normalization@1.byOrigin.ap.法刺=極大
unit	Workspace tests (vitest, coverage beacons on)	2026-09-08T17:42:30.6457072Z              1/1     100.0%  enum:config#config.stat-normalization@1.byOrigin.ap.法師=大
unit	Workspace tests (vitest, coverage beacons on)	2026-09-08T17:42:30.6458198Z              1/1     100.0%  enum:config#config.stat-normalization@1.byOrigin.ap.法鬥=大
unit	Workspace tests (vitest, coverage beacons on)	2026-09-08T17:42:30.6459356Z              1/1     100.0%  enum:config#config.stat-normalization@1.byOrigin.ap.狂戰=小
unit	Workspace tests (vitest, coverage beacons on)	2026-09-08T17:42:30.6460481Z              1/1     100.0%  enum:config#config.stat-normalization@1.byOrigin.ap.砲手=小
unit	Workspace tests (vitest, coverage beacons on)	2026-09-08T17:42:30.6461600Z              1/1     100.0%  enum:config#config.stat-normalization@1.byOrigin.ap.硬輔=大
unit	Workspace tests (vitest, coverage beacons on)	2026-09-08T17:42:30.6462825Z              1/1     100.0%  enum:config#config.stat-normalization@1.byOrigin.ap.軟輔=大
unit	Workspace tests (vitest, coverage beacons on)	2026-09-08T17:42:30.6464269Z              1/1     100.0%  enum:config#config.stat-normalization@1.byOrigin.ap.鬥士=小
unit	Workspace tests (vitest, coverage beacons on)	2026-09-08T17:42:30.6465419Z              1/1     100.0%  enum:config#config.stat-normalization@1.byOrigin.armor.坦克=極大
unit	Workspace tests (vitest, coverage beacons on)	2026-09-08T17:42:30.6466745Z              1/1     100.0%  enum:config#config.stat-normalization@1.byOrigin.armor.射手=極小
unit	Workspace tests (vitest, coverage beacons on)	2026-09-08T17:42:30.6468010Z              1/1     100.0%  enum:config#config.stat-normalization@1.byOrigin.armor.法刺=極小
unit	Workspace tests (vitest, coverage beacons on)	2026-09-08T17:42:30.6469114Z              1/1     100.0%  enum:config#config.stat-normalization@1.byOrigin.armor.法師=小
unit	Workspace tests (vitest, coverage beacons on)	2026-09-08T17:42:30.6470290Z              1/1     100.0%  enum:config#config.stat-normalization@1.byOrigin.armor.法鬥=小
unit	Workspace tests (vitest, coverage beacons on)	2026-09-08T17:42:30.6471484Z              1/1     100.0%  enum:config#config.stat-normalization@1.byOrigin.armor.狂戰=小
unit	Workspace tests (vitest, coverage beacons on)	2026-09-08T17:42:30.6472690Z              1/1     100.0%  enum:config#config.stat-normalization@1.byOrigin.armor.砲手=極小
unit	Workspace tests (vitest, coverage beacons on)	2026-09-08T17:42:30.6473881Z              1/1     100.0%  enum:config#config.stat-normalization@1.byOrigin.armor.硬輔=大
unit	Workspace tests (vitest, coverage beacons on)	2026-09-08T17:42:30.6475327Z              1/1     100.0%  enum:config#config.stat-normalization@1.byOrigin.armor.軟輔=小
unit	Workspace tests (vitest, coverage beacons on)	2026-09-08T17:42:30.6476416Z              1/1     100.0%  enum:config#config.stat-normalization@1.byOrigin.armor.鬥士=中
unit	Workspace tests (vitest, coverage beacons on)	2026-09-08T17:42:30.6484958Z              1/1     100.0%  enum:config#config.stat-normalization@1.byOrigin.as.坦克=小
unit	Workspace tests (vitest, coverage beacons on)	2026-09-08T17:42:30.6486740Z              1/1     100.0%  enum:config#config.stat-normalization@1.byOrigin.as.射手=大
unit	Workspace tests (vitest, coverage beacons on)	2026-09-08T17:42:30.6488050Z              1/1     100.0%  enum:config#config.stat-normalization@1.byOrigin.as.法刺=極小
unit	Workspace tests (vitest, coverage beacons on)	2026-09-08T17:42:30.6489336Z              1/1     100.0%  enum:config#config.stat-normalization@1.byOrigin.as.法師=小
unit	Workspace tests (vitest, coverage beacons on)	2026-09-08T17:42:30.6490574Z              1/1     100.0%  enum:config#config.stat-normalization@1.byOrigin.as.法鬥=小
unit	Workspace tests (vitest, coverage beacons on)	2026-09-08T17:42:30.6491793Z              1/1     100.0%  enum:config#config.stat-normalization@1.byOrigin.as.狂戰=極大
unit	Workspace tests (vitest, coverage beacons on)	2026-09-08T17:42:30.6493002Z              1/1     100.0%  enum:config#config.stat-normalization@1.byOrigin.as.砲手=小
unit	Workspace tests (vitest, coverage beacons on)	2026-09-08T17:42:30.6494307Z              1/1     100.0%  enum:config#config.stat-normalization@1.byOrigin.as.硬輔=小
unit	Workspace tests (vitest, coverage beacons on)	2026-09-08T17:42:30.6495503Z              1/1     100.0%  enum:config#config.stat-normalization@1.byOrigin.as.軟輔=小
unit	Workspace tests (vitest, coverage beacons on)	2026-09-08T17:42:30.6496706Z              1/1     100.0%  enum:config#config.stat-normalization@1.byOrigin.as.鬥士=中
unit	Workspace tests (vitest, coverage beacons on)	2026-09-08T17:42:30.6497958Z              1/1     100.0%  enum:config#config.stat-normalization@1.byOrigin.healthRegen.坦克=大
unit	Workspace tests (vitest, coverage beacons on)	2026-09-08T17:42:30.6499138Z              1/1     100.0%  enum:config#config.stat-normalization@1.byOrigin.healthRegen.射手=小
unit	Workspace tests (vitest, coverage beacons on)	2026-09-08T17:42:30.6500502Z              1/1     100.0%  enum:config#config.stat-normalization@1.byOrigin.healthRegen.法刺=小
unit	Workspace tests (vitest, coverage beacons on)	2026-09-08T17:42:30.6501731Z              1/1     100.0%  enum:config#config.stat-normalization@1.byOrigin.healthRegen.法師=中
unit	Workspace tests (vitest, coverage beacons on)	2026-09-08T17:42:30.6503019Z              1/1     100.0%  enum:config#config.stat-normalization@1.byOrigin.healthRegen.法鬥=中
unit	Workspace tests (vitest, coverage beacons on)	2026-09-08T17:42:30.6504551Z              1/1     100.0%  enum:config#config.stat-normalization@1.byOrigin.healthRegen.狂戰=極大
unit	Workspace tests (vitest, coverage beacons on)	2026-09-08T17:42:30.6505851Z              1/1     100.0%  enum:config#config.stat-normalization@1.byOrigin.healthRegen.砲手=小
unit	Workspace tests (vitest, coverage beacons on)	2026-09-08T17:42:30.6507046Z              1/1     100.0%  enum:config#config.stat-normalization@1.byOrigin.healthRegen.硬輔=小
unit	Workspace tests (vitest, coverage beacons on)	2026-09-08T17:42:30.6508648Z              1/1     100.0%  enum:config#config.stat-normalization@1.byOrigin.healthRegen.軟輔=大
unit	Workspace tests (vitest, coverage beacons on)	2026-09-08T17:42:30.6510034Z              1/1     100.0%  enum:config#config.stat-normalization@1.byOrigin.healthRegen.鬥士=大
unit	Workspace tests (vitest, coverage beacons on)	2026-09-08T17:42:30.6511350Z              1/1     100.0%  enum:config#config.stat-normalization@1.byOrigin.manaRegen.坦克=極小
unit	Workspace tests (vitest, coverage beacons on)	2026-09-08T17:42:30.6512737Z              1/1     100.0%  enum:config#config.stat-normalization@1.byOrigin.manaRegen.射手=中
unit	Workspace tests (vitest, coverage beacons on)	2026-09-08T17:42:30.6514211Z              1/1     100.0%  enum:config#config.stat-normalization@1.byOrigin.manaRegen.法刺=小
unit	Workspace tests (vitest, coverage beacons on)	2026-09-08T17:42:30.6515550Z              1/1     100.0%  enum:config#config.stat-normalization@1.byOrigin.manaRegen.法師=中
unit	Workspace tests (vitest, coverage beacons on)	2026-09-08T17:42:30.6516923Z              1/1     100.0%  enum:config#config.stat-normalization@1.byOrigin.manaRegen.法鬥=中
unit	Workspace tests (vitest, coverage beacons on)	2026-09-08T17:42:30.6518130Z              1/1     100.0%  enum:config#config.stat-normalization@1.byOrigin.manaRegen.狂戰=極小
unit	Workspace tests (vitest, coverage beacons on)	2026-09-08T17:42:30.6519440Z              1/1     100.0%  enum:config#config.stat-normalization@1.byOrigin.manaRegen.砲手=小
unit	Workspace tests (vitest, coverage beacons on)	2026-09-08T17:42:30.6520766Z              1/1     100.0%  enum:config#config.stat-normalization@1.byOrigin.manaRegen.硬輔=小
unit	Workspace tests (vitest, coverage beacons on)	2026-09-08T17:42:30.6522125Z              1/1     100.0%  enum:config#config.stat-normalization@1.byOrigin.manaRegen.軟輔=大
unit	Workspace tests (vitest, coverage beacons on)	2026-09-08T17:42:30.6523426Z              1/1     100.0%  enum:config#config.stat-normalization@1.byOrigin.manaRegen.鬥士=中
unit	Workspace tests (vitest, coverage beacons on)	2026-09-08T17:42:30.6524917Z              1/1     100.0%  enum:config#config.stat-normalization@1.byOrigin.maxHealth.坦克=大
unit	Workspace tests (vitest, coverage beacons on)	2026-09-08T17:42:30.6526227Z              1/1     100.0%  enum:config#config.stat-normalization@1.byOrigin.maxHealth.射手=小
unit	Workspace tests (vitest, coverage beacons on)	2026-09-08T17:42:30.6527590Z              1/1     100.0%  enum:config#config.stat-normalization@1.byOrigin.maxHealth.法刺=極小
unit	Workspace tests (vitest, coverage beacons on)	2026-09-08T17:42:30.6528928Z              1/1     100.0%  enum:config#config.stat-normalization@1.byOrigin.maxHealth.法師=中
unit	Workspace tests (vitest, coverage beacons on)	2026-09-08T17:42:30.6530102Z              1/1     100.0%  enum:config#config.stat-normalization@1.byOrigin.maxHealth.法鬥=中
unit	Workspace tests (vitest, coverage beacons on)	2026-09-08T17:42:30.6531718Z              1/1     100.0%  enum:config#config.stat-normalization@1.byOrigin.maxHealth.狂戰=小
unit	Workspace tests (vitest, coverage beacons on)	2026-09-08T17:42:30.6532998Z              1/1     100.0%  enum:config#config.stat-normalization@1.byOrigin.maxHealth.砲手=極小
unit	Workspace tests (vitest, coverage beacons on)	2026-09-08T17:42:30.6534625Z              1/1     100.0%  enum:config#config.stat-normalization@1.byOrigin.maxHealth.硬輔=大
unit	Workspace tests (vitest, coverage beacons on)	2026-09-08T17:42:30.6535924Z              1/1     100.0%  enum:config#config.stat-normalization@1.byOrigin.maxHealth.軟輔=小
unit	Workspace tests (vitest, coverage beacons on)	2026-09-08T17:42:30.6537320Z              1/1     100.0%  enum:config#config.stat-normalization@1.byOrigin.maxHealth.鬥士=中
unit	Workspace tests (vitest, coverage beacons on)	2026-09-08T17:42:30.6538670Z              1/1     100.0%  enum:config#config.stat-normalization@1.byOrigin.maxMana.坦克=極小
unit	Workspace tests (vitest, coverage beacons on)	2026-09-08T17:42:30.6539979Z              1/1     100.0%  enum:config#config.stat-normalization@1.byOrigin.maxMana.射手=中
unit	Workspace tests (vitest, coverage beacons on)	2026-09-08T17:42:30.6541325Z              1/1     100.0%  enum:config#config.stat-normalization@1.byOrigin.maxMana.法刺=小
unit	Workspace tests (vitest, coverage beacons on)	2026-09-08T17:42:30.6542810Z              1/1     100.0%  enum:config#config.stat-normalization@1.byOrigin.maxMana.法師=中
unit	Workspace tests (vitest, coverage beacons on)	2026-09-08T17:42:30.6543766Z              1/1     100.0%  enum:config#config.stat-normalization@1.byOrigin.maxMana.法鬥=中
unit	Workspace tests (vitest, coverage beacons on)	2026-09-08T17:42:30.6544897Z              1/1     100.0%  enum:config#config.stat-normalization@1.byOrigin.maxMana.狂戰=極小
unit	Workspace tests (vitest, coverage beacons on)	2026-09-08T17:42:30.6545738Z              1/1     100.0%  enum:config#config.stat-normalization@1.byOrigin.maxMana.砲手=小
unit	Workspace tests (vitest, coverage beacons on)	2026-09-08T17:42:30.6546542Z              1/1     100.0%  enum:config#config.stat-normalization@1.byOrigin.maxMana.硬輔=小
unit	Workspace tests (vitest, coverage beacons on)	2026-09-08T17:42:30.6547361Z              1/1     100.0%  enum:config#config.stat-normalization@1.byOrigin.maxMana.軟輔=小
unit	Workspace tests (vitest, coverage beacons on)	2026-09-08T17:42:30.6548166Z              1/1     100.0%  enum:config#config.stat-normalization@1.byOrigin.maxMana.鬥士=中
unit	Workspace tests (vitest, coverage beacons on)	2026-09-08T17:42:30.6549072Z              1/1     100.0%  enum:config#config.stat-normalization@1.byOrigin.mr.坦克=極大
unit	Workspace tests (vitest, coverage beacons on)	2026-09-08T17:42:30.6550171Z              1/1     100.0%  enum:config#config.stat-normalization@1.byOrigin.mr.射手=極小
unit	Workspace tests (vitest, coverage beacons on)	2026-09-08T17:42:30.6551187Z              1/1     100.0%  enum:config#config.stat-normalization@1.byOrigin.mr.法刺=極小
unit	Workspace tests (vitest, coverage beacons on)	2026-09-08T17:42:30.6552294Z              1/1     100.0%  enum:config#config.stat-normalization@1.byOrigin.mr.法師=小
unit	Workspace tests (vitest, coverage beacons on)	2026-09-08T17:42:30.6553469Z              1/1     100.0%  enum:config#config.stat-normalization@1.byOrigin.mr.法鬥=小
unit	Workspace tests (vitest, coverage beacons on)	2026-09-08T17:42:30.6555078Z              1/1     100.0%  enum:config#config.stat-normalization@1.byOrigin.mr.狂戰=小
unit	Workspace tests (vitest, coverage beacons on)	2026-09-08T17:42:30.6556542Z              1/1     100.0%  enum:config#config.stat-normalization@1.byOrigin.mr.砲手=極小
unit	Workspace tests (vitest, coverage beacons on)	2026-09-08T17:42:30.6558032Z              1/1     100.0%  enum:config#config.stat-normalization@1.byOrigin.mr.硬輔=大
unit	Workspace tests (vitest, coverage beacons on)	2026-09-08T17:42:30.6559419Z              1/1     100.0%  enum:config#config.stat-normalization@1.byOrigin.mr.軟輔=小
unit	Workspace tests (vitest, coverage beacons on)	2026-09-08T17:42:30.6560511Z              1/1     100.0%  enum:config#config.stat-normalization@1.byOrigin.mr.鬥士=中
unit	Workspace tests (vitest, coverage beacons on)	2026-09-08T17:42:30.6561528Z              1/1     100.0%  enum:config#config.stat-normalization@1.byOrigin.ms.坦克=小
unit	Workspace tests (vitest, coverage beacons on)	2026-09-08T17:42:30.6563066Z              1/1     100.0%  enum:config#config.stat-normalization@1.byOrigin.ms.射手=中
unit	Workspace tests (vitest, coverage beacons on)	2026-09-08T17:42:30.6564375Z              1/1     100.0%  enum:config#config.stat-normalization@1.byOrigin.ms.法刺=大
unit	Workspace tests (vitest, coverage beacons on)	2026-09-08T17:42:30.6565565Z              1/1     100.0%  enum:config#config.stat-normalization@1.byOrigin.ms.法師=中
unit	Workspace tests (vitest, coverage beacons on)	2026-09-08T17:42:30.6566759Z              1/1     100.0%  enum:config#config.stat-normalization@1.byOrigin.ms.法鬥=小
unit	Workspace tests (vitest, coverage beacons on)	2026-09-08T17:42:30.6567899Z              1/1     100.0%  enum:config#config.stat-normalization@1.byOrigin.ms.狂戰=大
unit	Workspace tests (vitest, coverage beacons on)	2026-09-08T17:42:30.6569010Z              1/1     100.0%  enum:config#config.stat-normalization@1.byOrigin.ms.砲手=大
unit	Workspace tests (vitest, coverage beacons on)	2026-09-08T17:42:30.6570144Z              1/1     100.0%  enum:config#config.stat-normalization@1.byOrigin.ms.硬輔=小
unit	Workspace tests (vitest, coverage beacons on)	2026-09-08T17:42:30.6571254Z              1/1     100.0%  enum:config#config.stat-normalization@1.byOrigin.ms.軟輔=小
unit	Workspace tests (vitest, coverage beacons on)	2026-09-08T17:42:30.6572375Z              1/1     100.0%  enum:config#config.stat-normalization@1.byOrigin.ms.鬥士=中
unit	Workspace tests (vitest, coverage beacons on)	2026-09-08T17:42:30.6573583Z              1/1     100.0%  enum:config#config.stat-normalization@1.byOrigin.range.坦克=小
unit	Workspace tests (vitest, coverage beacons on)	2026-09-08T17:42:30.6574949Z              1/1     100.0%  enum:config#config.stat-normalization@1.byOrigin.range.射手=中
unit	Workspace tests (vitest, coverage beacons on)	2026-09-08T17:42:30.6576132Z              1/1     100.0%  enum:config#config.stat-normalization@1.byOrigin.range.法刺=小
unit	Workspace tests (vitest, coverage beacons on)	2026-09-08T17:42:30.6577306Z              1/1     100.0%  enum:config#config.stat-normalization@1.byOrigin.range.法師=中
unit	Workspace tests (vitest, coverage beacons on)	2026-09-08T17:42:30.6578428Z              1/1     100.0%  enum:config#config.stat-normalization@1.byOrigin.range.法鬥=中
unit	Workspace tests (vitest, coverage beacons on)	2026-09-08T17:42:30.6579566Z              1/1     100.0%  enum:config#config.stat-normalization@1.byOrigin.range.狂戰=小
unit	Workspace tests (vitest, coverage beacons on)	2026-09-08T17:42:30.6580681Z              1/1     100.0%  enum:config#config.stat-normalization@1.byOrigin.range.砲手=極大
unit	Workspace tests (vitest, coverage beacons on)	2026-09-08T17:42:30.6581837Z              1/1     100.0%  enum:config#config.stat-normalization@1.byOrigin.range.硬輔=中
unit	Workspace tests (vitest, coverage beacons on)	2026-09-08T17:42:30.6583184Z              1/1     100.0%  enum:config#config.stat-normalization@1.byOrigin.range.軟輔=中
unit	Workspace tests (vitest, coverage beacons on)	2026-09-08T17:42:30.6584495Z              1/1     100.0%  enum:config#config.stat-normalization@1.byOrigin.range.鬥士=中
unit	Workspace tests (vitest, coverage beacons on)	2026-09-08T17:42:30.6585523Z              1/1     100.0%  enum:config#config.stat-normalization@1.channel.ad=growth
unit	Workspace tests (vitest, coverage beacons on)	2026-09-08T17:42:30.6586542Z              1/1     100.0%  enum:config#config.stat-normalization@1.channel.ap=growth
unit	Workspace tests (vitest, coverage beacons on)	2026-09-08T17:42:30.6587589Z              1/1     100.0%  enum:config#config.stat-normalization@1.channel.armor=growth
unit	Workspace tests (vitest, coverage beacons on)	2026-09-08T17:42:30.6588645Z              1/1     100.0%  enum:config#config.stat-normalization@1.channel.as=growth
unit	Workspace tests (vitest, coverage beacons on)	2026-09-08T17:42:30.6589771Z              1/1     100.0%  enum:config#config.stat-normalization@1.channel.healthRegen=growth
unit	Workspace tests (vitest, coverage beacons on)	2026-09-08T17:42:30.6591108Z              1/1     100.0%  enum:config#config.stat-normalization@1.channel.manaRegen=growth
unit	Workspace tests (vitest, coverage beacons on)	2026-09-08T17:42:30.6592441Z              1/1     100.0%  enum:config#config.stat-normalization@1.channel.maxHealth=growth
unit	Workspace tests (vitest, coverage beacons on)	2026-09-08T17:42:30.6593775Z              1/1     100.0%  enum:config#config.stat-normalization@1.channel.maxMana=growth
unit	Workspace tests (vitest, coverage beacons on)	2026-09-08T17:42:30.6595168Z              1/1     100.0%  enum:config#config.stat-normalization@1.channel.mr=growth
unit	Workspace tests (vitest, coverage beacons on)	2026-09-08T17:42:30.6596421Z              1/1     100.0%  enum:config#config.stat-normalization@1.channel.ms=baseStats
unit	Workspace tests (vitest, coverage beacons on)	2026-09-08T17:42:30.6597695Z              1/1     100.0%  enum:config#config.stat-normalization@1.channel.range=baseStats
unit	Workspace tests (vitest, coverage beacons on)	2026-09-08T17:42:30.6598917Z              1/1     100.0%  enum:config#config.stat-normalization@1.mode=normalized
unit	Workspace tests (vitest, coverage beacons on)	2026-09-08T17:42:30.6600417Z              1/1     100.0%  enum:config#config.stat-normalization@1.scaleByOrigin.range.坦克=melee
unit	Workspace tests (vitest, coverage beacons on)	2026-09-08T17:42:30.6601991Z              1/1     100.0%  enum:config#config.stat-normalization@1.scaleByOrigin.range.射手=ranged
unit	Workspace tests (vitest, coverage beacons on)	2026-09-08T17:42:30.6603494Z              1/1     100.0%  enum:config#config.stat-normalization@1.scaleByOrigin.range.法刺=melee
unit	Workspace tests (vitest, coverage beacons on)	2026-09-08T17:42:30.6605265Z              1/1     100.0%  enum:config#config.stat-normalization@1.scaleByOrigin.range.法師=ranged
unit	Workspace tests (vitest, coverage beacons on)	2026-09-08T17:42:30.6606720Z              1/1     100.0%  enum:config#config.stat-normalization@1.scaleByOrigin.range.法鬥=melee
unit	Workspace tests (vitest, coverage beacons on)	2026-09-08T17:42:30.6665402Z              1/1     100.0%  enum:config#config.stat-normalization@1.scaleByOrigin.range.狂戰=melee
unit	Workspace tests (vitest, coverage beacons on)	2026-09-08T17:42:30.6667087Z              1/1     100.0%  enum:config#config.stat-normalization@1.scaleByOrigin.range.砲手=ranged
unit	Workspace tests (vitest, coverage beacons on)	2026-09-08T17:42:30.6668622Z              1/1     100.0%  enum:config#config.stat-normalization@1.scaleByOrigin.range.硬輔=melee
unit	Workspace tests (vitest, coverage beacons on)	2026-09-08T17:42:30.6670111Z              1/1     100.0%  enum:config#config.stat-normalization@1.scaleByOrigin.range.軟輔=ranged
unit	Workspace tests (vitest, coverage beacons on)	2026-09-08T17:42:30.6671553Z              1/1     100.0%  enum:config#config.stat-normalization@1.scaleByOrigin.range.鬥士=melee
unit	Workspace tests (vitest, coverage beacons on)	2026-09-08T17:42:30.6672757Z              1/1     100.0%  enum:config#config.store@1.randomPickOwnership=block
unit	Workspace tests (vitest, coverage beacons on)	2026-09-08T17:42:30.6673853Z              1/1     100.0%  enum:config#config.taunt@1.capOrder=nearest
unit	Workspace tests (vitest, coverage beacons on)	2026-09-08T17:42:30.6674997Z              1/1     100.0%  enum:config#config.taunt@1.conflictMode=newest
unit	Workspace tests (vitest, coverage beacons on)	2026-09-08T17:42:30.6676044Z              1/1     100.0%  enum:config#config.taunt@1.mobTauntMode=replace
unit	Workspace tests (vitest, coverage beacons on)	2026-09-08T17:42:30.6677038Z              1/1     100.0%  enum:config#config.taunt@1.priority=absolute
unit	Workspace tests (vitest, coverage beacons on)	2026-09-08T17:42:30.6678043Z              1/1     100.0%  enum:config#config.ugc@1.publishMode=immediate
unit	Workspace tests (vitest, coverage beacons on)	2026-09-08T17:42:30.6679234Z              1/1     100.0%  enum:config#config.ui-cues@1.coinThrowButtonMode=always-enabled
unit	Workspace tests (vitest, coverage beacons on)	2026-09-08T17:42:30.6680411Z              1/1     100.0%  enum:config#config.ui-cues@1.telegraphGroundShape=line
unit	Workspace tests (vitest, coverage beacons on)	2026-09-08T17:42:30.6681574Z              1/1     100.0%  enum:config#config.unit-tints@1.units{}.source=slk-inherited
unit	Workspace tests (vitest, coverage beacons on)	2026-09-08T17:42:30.6682840Z              1/1     100.0%  enum:config#config.unit-tints@1.units{}.source=w3u-base-inherited
unit	Workspace tests (vitest, coverage beacons on)	2026-09-08T17:42:30.6684168Z              1/1     100.0%  enum:config#config.unit-tints@1.units{}.source=w3u-static
unit	Workspace tests (vitest, coverage beacons on)	2026-09-08T17:42:30.6685772Z              1/1     100.0%  enum:config#config.unsafe-textures@1.textures[].safeBlendModes[]=additive
unit	Workspace tests (vitest, coverage beacons on)	2026-09-08T17:42:30.6687153Z              1/1     100.0%  enum:config#config.unsafe-textures@1.textures[].safeBlendModes[]=alpha
unit	Workspace tests (vitest, coverage beacons on)	2026-09-08T17:42:30.6688564Z              1/1     100.0%  enum:config#config.unsafe-textures@1.textures[].safeBlendModes[]=alphaKey
unit	Workspace tests (vitest, coverage beacons on)	2026-09-08T17:42:30.6689964Z              1/1     100.0%  enum:config#config.unsafe-textures@1.textures[].safeBlendModes[]=modulate
unit	Workspace tests (vitest, coverage beacons on)	2026-09-08T17:42:30.6691235Z              1/1     100.0%  enum:config#config.unsafe-textures@1.textures[].status=safe
unit	Workspace tests (vitest, coverage beacons on)	2026-09-08T17:42:30.6692455Z              1/1     100.0%  enum:config#config.valhalla-sandbox@1.movementLock=anchor
unit	Workspace tests (vitest, coverage beacons on)	2026-09-08T17:42:30.6693884Z              1/1     100.0%  enum:config#config.vfx-ability-art@1.bindings{}.family.paramSource=model
unit	Workspace tests (vitest, coverage beacons on)	2026-09-08T17:42:30.6695518Z              1/1     100.0%  enum:config#config.vfx-ability-art@1.bindings{}.family.paramSource=ref
unit	Workspace tests (vitest, coverage beacons on)	2026-09-08T17:42:30.6697107Z              1/1     100.0%  enum:config#config.vfx-ability-art@1.bindings{}.family.provenance=jass-literal
unit	Workspace tests (vitest, coverage beacons on)	2026-09-08T17:42:30.6698688Z              1/1     100.0%  enum:config#config.vfx-ability-art@1.bindings{}.family.provenance=jass-spawn
unit	Workspace tests (vitest, coverage beacons on)	2026-09-08T17:42:30.6700330Z              1/1     100.0%  enum:config#config.vfx-ability-art@1.bindings{}.family.provenance=stock-inherited
unit	Workspace tests (vitest, coverage beacons on)	2026-09-08T17:42:30.6701948Z              1/1     100.0%  enum:config#config.vfx-ability-art@1.bindings{}.family.provenance=w3a-override
unit	Workspace tests (vitest, coverage beacons on)	2026-09-08T17:42:30.6703535Z              1/1     100.0%  enum:config#config.vfx-ability-art@1.bindings{}.family.provenance=w3h-override
unit	Workspace tests (vitest, coverage beacons on)	2026-09-08T17:42:30.6705098Z              1/1     100.0%  enum:config#config.vfx-ability-art@1.bindings{}.prim.size=sm
unit	Workspace tests (vitest, coverage beacons on)	2026-09-08T17:42:30.6706633Z              1/1     100.0%  enum:config#config.vfx-ability-art@1.bindings{}.promoted.provenance=jass-literal
unit	Workspace tests (vitest, coverage beacons on)	2026-09-08T17:42:30.6708438Z              1/1     100.0%  enum:config#config.vfx-ability-art@1.bindings{}.promoted.provenance=w3a-override
unit	Workspace tests (vitest, coverage beacons on)	2026-09-08T17:42:30.6710083Z              1/1     100.0%  enum:config#config.vfx-ability-art@1.bindings{}.promoted.provenance=w3h-override
unit	Workspace tests (vitest, coverage beacons on)	2026-09-08T17:42:30.6711402Z              1/1     100.0%  enum:config#config.vfx-cleanup@1.roundPurgeMode=full
unit	Workspace tests (vitest, coverage beacons on)	2026-09-08T17:42:30.6712603Z              1/1     100.0%  enum:config#config.vfx-cleanup@1.vfxHardCapScope=scene
unit	Workspace tests (vitest, coverage beacons on)	2026-09-08T17:42:30.6713832Z              1/2      50.0%  enum:config#config.vfx-families@1.abilities{}.family=blood
unit	Workspace tests (vitest, coverage beacons on)	2026-09-08T17:42:30.6715296Z              1/2      50.0%  enum:config#config.vfx-families@1.abilities{}.family=missile
unit	Workspace tests (vitest, coverage beacons on)	2026-09-08T17:42:30.6716567Z              1/2      50.0%  enum:config#config.vfx-families@1.abilities{}.family=portal
unit	Workspace tests (vitest, coverage beacons on)	2026-09-08T17:42:30.6717850Z              1/2      50.0%  enum:config#config.vfx-families@1.abilities{}.family=starfall
unit	Workspace tests (vitest, coverage beacons on)	2026-09-08T17:42:30.6719105Z              1/1     100.0%  enum:config#config.vfx-families@1.castHeightSource=ground
unit	Workspace tests (vitest, coverage beacons on)	2026-09-08T17:42:30.6720325Z              1/2      50.0%  enum:config#config.vfx-families@1.families{}.element=ice
unit	Workspace tests (vitest, coverage beacons on)	2026-09-08T17:42:30.6721464Z              1/2      50.0%  enum:config#config.vfx-families@1.families{}.element=ki
unit	Workspace tests (vitest, coverage beacons on)	2026-09-08T17:42:30.6722657Z              1/2      50.0%  enum:config#config.vfx-families@1.families{}.element=nature
unit	Workspace tests (vitest, coverage beacons on)	2026-09-08T17:42:30.6723903Z              1/2      50.0%  enum:config#config.vfx-families@1.families{}.element=physical
unit	Workspace tests (vitest, coverage beacons on)	2026-09-08T17:42:30.6725343Z              1/2      50.0%  enum:config#config.vfx-families@1.families{}.element=sound
unit	Workspace tests (vitest, coverage beacons on)	2026-09-08T17:42:30.6726613Z              1/1     100.0%  enum:config#config.vfx-families@1.families{}.groundDecal=crack
unit	Workspace tests (vitest, coverage beacons on)	2026-09-08T17:42:30.6727884Z              1/2      50.0%  enum:config#config.vfx-families@1.families{}.primitive=column
unit	Workspace tests (vitest, coverage beacons on)	2026-09-08T17:42:30.6729124Z              1/2      50.0%  enum:config#config.vfx-families@1.families{}.primitive=fall
unit	Workspace tests (vitest, coverage beacons on)	2026-09-08T17:42:30.6730509Z              1/2      50.0%  enum:config#config.vfx-families@1.families{}.primitive=slash
unit	Workspace tests (vitest, coverage beacons on)	2026-09-08T17:42:30.6731704Z              1/1     100.0%  enum:config#config.victory-podium@1.clipBronze=idle
unit	Workspace tests (vitest, coverage beacons on)	2026-09-08T17:42:30.6733592Z              1/1     100.0%  enum:config#config.victory-podium@1.clipGold=celebrate
unit	Workspace tests (vitest, coverage beacons on)	2026-09-08T17:42:30.6734936Z              1/1     100.0%  enum:config#config.victory-podium@1.clipSilver=idle
unit	Workspace tests (vitest, coverage beacons on)	2026-09-08T17:42:30.6736054Z              1/1     100.0%  enum:config#config.victory-podium@1.podiumFill=shrink
unit	Workspace tests (vitest, coverage beacons on)	2026-09-08T17:42:30.6737258Z              1/1     100.0%  enum:config#config.victory-podium@1.podiumLayout=centreFirst
unit	Workspace tests (vitest, coverage beacons on)	2026-09-08T17:42:30.6738448Z              1/1     100.0%  enum:config#config.victory-podium@1.podiumScope=winnerTeam
unit	Workspace tests (vitest, coverage beacons on)	2026-09-08T17:42:30.6739697Z              1/1     100.0%  enum:config#config.victory-podium@1.podiumZoneSource=localSeat
unit	Workspace tests (vitest, coverage beacons on)	2026-09-08T17:42:30.6740857Z              1/1     100.0%  enum:config#config.victory-podium@1.roundWinLine=both
unit	Workspace tests (vitest, coverage beacons on)	2026-09-08T17:42:30.6742000Z              1/1     100.0%  enum:config#config.victory-taunts@1.matchWin[].langs[]=en
unit	Workspace tests (vitest, coverage beacons on)	2026-09-08T17:42:30.6743157Z              1/1     100.0%  enum:config#config.victory-taunts@1.matchWin[].langs[]=ja
unit	Workspace tests (vitest, coverage beacons on)	2026-09-08T17:42:30.6744440Z              1/1     100.0%  enum:config#config.victory-taunts@1.matchWin[].langs[]=zh
unit	Workspace tests (vitest, coverage beacons on)	2026-09-08T17:42:30.6745480Z              1/1     100.0%  enum:config#config.weather@1.arenas{}=clear
unit	Workspace tests (vitest, coverage beacons on)	2026-09-08T17:42:30.6746436Z              1/1     100.0%  enum:config#config.weather@1.arenas{}=fog
unit	Workspace tests (vitest, coverage beacons on)	2026-09-08T17:42:30.6747451Z              1/1     100.0%  enum:config#config.weather@1.arenas{}=indoor-damp
unit	Workspace tests (vitest, coverage beacons on)	2026-09-08T17:42:30.6748503Z              1/1     100.0%  enum:config#config.weather@1.arenas{}=indoor-dry
unit	Workspace tests (vitest, coverage beacons on)	2026-09-08T17:42:30.6749472Z              1/1     100.0%  enum:config#config.weather@1.arenas{}=rain
unit	Workspace tests (vitest, coverage beacons on)	2026-09-08T17:42:30.6750581Z              1/1     100.0%  enum:config#config.weather@1.arenas{}=storm
unit	Workspace tests (vitest, coverage beacons on)	2026-09-08T17:42:30.6751567Z              1/1     100.0%  enum:config#config.wounds@1.stackMode=max
unit	Workspace tests (vitest, coverage beacons on)	2026-09-08T17:42:30.6752728Z              1/4      25.0%  enum:items.modifiers[].requires.onMismatch=reduced
unit	Workspace tests (vitest, coverage beacons on)	2026-09-08T17:42:30.6753756Z              1/2      50.0%  enum:items.modifiers[].requires.primaryStat=INT
unit	Workspace tests (vitest, coverage beacons on)	2026-09-08T17:42:30.6754892Z              1/2      50.0%  enum:items.modifiers[].requires.primaryStat=STR
unit	Workspace tests (vitest, coverage beacons on)	2026-09-08T17:42:30.6755835Z              1/7      14.3%  enum:items.requiresAttackType=ranged
unit	Workspace tests (vitest, coverage beacons on)	2026-09-08T17:42:30.6756660Z              1/7      14.3%  enum:maps.groundStyle=dirt
unit	Workspace tests (vitest, coverage beacons on)	2026-09-08T17:42:30.6757467Z              1/7      14.3%  enum:maps.groundStyle=grass
unit	Workspace tests (vitest, coverage beacons on)	2026-09-08T17:42:30.6758285Z              1/7      14.3%  enum:maps.groundStyle=obsidian
unit	Workspace tests (vitest, coverage beacons on)	2026-09-08T17:42:30.6759096Z              1/7      14.3%  enum:maps.groundStyle=tatami
unit	Workspace tests (vitest, coverage beacons on)	2026-09-08T17:42:30.6759876Z              1/7      14.3%  enum:maps.groundStyle=wood
unit	Workspace tests (vitest, coverage beacons on)	2026-09-08T17:42:30.6760764Z              1/7      14.3%  enum:maps.interactions[].kind=toggleGate
unit	Workspace tests (vitest, coverage beacons on)	2026-09-08T17:42:30.6761598Z              1/7      14.3%  enum:maps.template=ARENA_RING
unit	Workspace tests (vitest, coverage beacons on)	2026-09-08T17:42:30.6762430Z              1/7      14.3%  enum:maps.template=CROSS_RING
unit	Workspace tests (vitest, coverage beacons on)	2026-09-08T17:42:30.6763354Z              1/3      33.3%  enum:vfx-scripts.segments[]|1#anim.at=caster
unit	Workspace tests (vitest, coverage beacons on)	2026-09-08T17:42:30.6764449Z              1/3      33.3%  enum:vfx-scripts.segments[]|1#anim.pulse=cast
unit	Workspace tests (vitest, coverage beacons on)	2026-09-08T17:42:30.6765354Z              2/2     100.0%  enum:abilities.castTimeTier=小
unit	Workspace tests (vitest, coverage beacons on)	2026-09-08T17:42:30.6766375Z              2/2     100.0%  enum:abilities.effects[]#applyBuff.block.lethalBasis=hpAndShields
unit	Workspace tests (vitest, coverage beacons on)	2026-09-08T17:42:30.6767587Z              2/3      66.7%  enum:abilities.effects[]#applyBuff.condition|0|2.is=champion
unit	Workspace tests (vitest, coverage beacons on)	2026-09-08T17:42:30.6768913Z              2/3      66.7%  enum:abilities.effects[]#applyBuff.damageTypeOverride.applyAt=afterGates
unit	Workspace tests (vitest, coverage beacons on)	2026-09-08T17:42:30.6814368Z              2/2     100.0%  enum:abilities.effects[]#applyBuff.exclusiveOnExisting=replace
unit	Workspace tests (vitest, coverage beacons on)	2026-09-08T17:42:30.6815819Z              2/2     100.0%  enum:abilities.effects[]#applyBuff.hooks[].consumeOn=fire
unit	Workspace tests (vitest, coverage beacons on)	2026-09-08T17:42:30.6817308Z              2/2     100.0%  enum:abilities.effects[]#applyBuff.hooks[].critSource=thisSource
unit	Workspace tests (vitest, coverage beacons on)	2026-09-08T17:42:30.6818559Z              2/9      22.2%  enum:abilities.effects[]#applyBuff.hooks[].damageSource=ability
unit	Workspace tests (vitest, coverage beacons on)	2026-09-08T17:42:30.6820010Z              2/2     100.0%  enum:abilities.effects[]#applyBuff.hooks[].internalCooldownScope=perAbilitySlot
unit	Workspace tests (vitest, coverage beacons on)	2026-09-08T17:42:30.6821281Z              2/246     0.8%  enum:abilities.effects[]#applyBuff.hooks[].on=onDeath
unit	Workspace tests (vitest, coverage beacons on)	2026-09-08T17:42:30.6822398Z              2/246     0.8%  enum:abilities.effects[]#applyBuff.hooks[].on=onRevive
unit	Workspace tests (vitest, coverage beacons on)	2026-09-08T17:42:30.6823602Z              2/246     0.8%  enum:abilities.effects[]#applyBuff.hooks[].on=onStatCapReached
unit	Workspace tests (vitest, coverage beacons on)	2026-09-08T17:42:30.6824943Z              2/246     0.8%  enum:abilities.effects[]#applyBuff.hooks[].on=onStunned
unit	Workspace tests (vitest, coverage beacons on)	2026-09-08T17:42:30.6826267Z              2/2     100.0%  enum:abilities.effects[]#applyBuff.hooks[].reflectedDamageSource=ability
unit	Workspace tests (vitest, coverage beacons on)	2026-09-08T17:42:30.6827624Z              2/2     100.0%  enum:abilities.effects[]#applyBuff.hooks[].reflectedDamageType=magic
unit	Workspace tests (vitest, coverage beacons on)	2026-09-08T17:42:30.6828833Z              2/44      4.5%  enum:abilities.effects[]#applyBuff.hooks[].victim=mob
unit	Workspace tests (vitest, coverage beacons on)	2026-09-08T17:42:30.6829989Z              2/3      66.7%  enum:abilities.effects[]#applyBuff.maxStat.basis=thisSource
unit	Workspace tests (vitest, coverage beacons on)	2026-09-08T17:42:30.6831266Z              2/553     0.4%  enum:abilities.effects[]#applyBuff.maxStat.stat=cooldownDrainRate
unit	Workspace tests (vitest, coverage beacons on)	2026-09-08T17:42:30.6832675Z              2/21      9.5%  enum:abilities.effects[]#applyBuff.modifiers[].msBonusTier=中
unit	Workspace tests (vitest, coverage beacons on)	2026-09-08T17:42:30.6833912Z              2/305     0.7%  enum:abilities.effects[]#applyBuff.modifiers[].op=capRaisePct
unit	Workspace tests (vitest, coverage beacons on)	2026-09-08T17:42:30.6835169Z              2/24      8.3%  enum:abilities.effects[]#blink.to=markedUnit
unit	Workspace tests (vitest, coverage beacons on)	2026-09-08T17:42:30.6836476Z              2/202     1.0%  enum:abilities.effects[]#chainLightning.amount.damageTier=極大
unit	Workspace tests (vitest, coverage beacons on)	2026-09-08T17:42:30.6837826Z              2/2     100.0%  enum:abilities.effects[]#chainLightning.amount.slotRankRatios[].slot=E
unit	Workspace tests (vitest, coverage beacons on)	2026-09-08T17:42:30.6839422Z              2/2     100.0%  enum:abilities.effects[]#chainLightning.amount.slotRankRatios[].slot=Q
unit	Workspace tests (vitest, coverage beacons on)	2026-09-08T17:42:30.6840766Z              2/2     100.0%  enum:abilities.effects[]#chainLightning.amount.slotRankRatios[].slot=W
unit	Workspace tests (vitest, coverage beacons on)	2026-09-08T17:42:30.6842040Z              2/4      50.0%  enum:abilities.effects[]#chainLightning.centre=caster
unit	Workspace tests (vitest, coverage beacons on)	2026-09-08T17:42:30.6843149Z              2/4      50.0%  enum:abilities.effects[]#chainLightning.centre=point
unit	Workspace tests (vitest, coverage beacons on)	2026-09-08T17:42:30.6874689Z              2/2     100.0%  enum:abilities.effects[]#comboStrikes.shape=single
unit	Workspace tests (vitest, coverage beacons on)	2026-09-08T17:42:30.6876025Z              2/2     100.0%  enum:abilities.effects[]#comboStrikes.strikeReposition.who=caster
unit	Workspace tests (vitest, coverage beacons on)	2026-09-08T17:42:30.6877169Z              2/3      66.7%  enum:abilities.effects[]#damage.resourcePct.scale=ratio
unit	Workspace tests (vitest, coverage beacons on)	2026-09-08T17:42:30.6878352Z              2/11     18.2%  enum:abilities.effects[]#dash.distanceTier=大
unit	Workspace tests (vitest, coverage beacons on)	2026-09-08T17:42:30.6879358Z              2/2     100.0%  enum:abilities.effects[]#delayed.advance.dir=facing
unit	Workspace tests (vitest, coverage beacons on)	2026-09-08T17:42:30.6880495Z              2/2     100.0%  enum:abilities.effects[]#delayed.strikeReposition.who=victim
unit	Workspace tests (vitest, coverage beacons on)	2026-09-08T17:42:30.6881600Z              2/7      28.6%  enum:abilities.effects[]#devour.shape=circle
unit	Workspace tests (vitest, coverage beacons on)	2026-09-08T17:42:30.6882587Z              2/2     100.0%  enum:abilities.effects[]#devour.side=enemies
unit	Workspace tests (vitest, coverage beacons on)	2026-09-08T17:42:30.6883530Z              2/6      33.3%  enum:abilities.effects[]#dispel.side=allies
unit	Workspace tests (vitest, coverage beacons on)	2026-09-08T17:42:30.6884686Z              2/2     100.0%  enum:abilities.effects[]#dot.resourcePctPhase=onTick
unit	Workspace tests (vitest, coverage beacons on)	2026-09-08T17:42:30.6885738Z              2/2     100.0%  enum:abilities.effects[]#extendBuff.shape=single
unit	Workspace tests (vitest, coverage beacons on)	2026-09-08T17:42:30.6886704Z              2/2     100.0%  enum:abilities.effects[]#extendBuff.who=self
unit	Workspace tests (vitest, coverage beacons on)	2026-09-08T17:42:30.6887817Z              2/2     100.0%  enum:abilities.effects[]#floatingText.driftFrom=casterFacing
unit	Workspace tests (vitest, coverage beacons on)	2026-09-08T17:42:30.6888952Z              2/5      40.0%  enum:abilities.effects[]#grantAttribute.mode=pctOfCurrent
unit	Workspace tests (vitest, coverage beacons on)	2026-09-08T17:42:30.6890292Z              2/2     100.0%  enum:abilities.effects[]#grantAttribute.store=source
unit	Workspace tests (vitest, coverage beacons on)	2026-09-08T17:42:30.6891336Z              2/2     100.0%  enum:abilities.effects[]#knockback.applyTo=target
unit	Workspace tests (vitest, coverage beacons on)	2026-09-08T17:42:30.6892314Z              2/12     16.7%  enum:abilities.effects[]#leap.applyTo=target
unit	Workspace tests (vitest, coverage beacons on)	2026-09-08T17:42:30.6892888Z              2/12     16.7%  enum:abilities.effects[]#leap.mode=inPlace
unit	Workspace tests (vitest, coverage beacons on)	2026-09-08T17:42:30.6893591Z              2/2     100.0%  enum:abilities.effects[]#modifyCooldown.basis=remaining
unit	Workspace tests (vitest, coverage beacons on)	2026-09-08T17:42:30.6894391Z              2/6      33.3%  enum:abilities.effects[]#proxyCast.targetMode=inherit
unit	Workspace tests (vitest, coverage beacons on)	2026-09-08T17:42:30.6895030Z              2/28      7.1%  enum:abilities.effects[]#restore.applyTo=target
unit	Workspace tests (vitest, coverage beacons on)	2026-09-08T17:42:30.6895623Z              2/6      33.3%  enum:abilities.effects[]#shield.absorbs=all
unit	Workspace tests (vitest, coverage beacons on)	2026-09-08T17:42:30.6896264Z              2/2     100.0%  enum:abilities.effects[]#shieldBreak.order=newest
unit	Workspace tests (vitest, coverage beacons on)	2026-09-08T17:42:30.6896898Z              2/2     100.0%  enum:abilities.effects[]#shieldBreak.shape=single
unit	Workspace tests (vitest, coverage beacons on)	2026-09-08T17:42:30.6897518Z              2/14     14.3%  enum:abilities.effects[]#spawnModelFx.path=fan
unit	Workspace tests (vitest, coverage beacons on)	2026-09-08T17:42:30.6898171Z              2/14     14.3%  enum:abilities.effects[]#spawnModelFx.path=toTarget
unit	Workspace tests (vitest, coverage beacons on)	2026-09-08T17:42:30.6898830Z              2/5      40.0%  enum:abilities.effects[]#weightedBranch.side=enemies
unit	Workspace tests (vitest, coverage beacons on)	2026-09-08T17:42:30.6899388Z              2/43      4.7%  enum:abilities.hitFeel.sparkKind=block
unit	Workspace tests (vitest, coverage beacons on)	2026-09-08T17:42:30.6899965Z              2/2     100.0%  enum:abilities.innateActivePassive=attach
unit	Workspace tests (vitest, coverage beacons on)	2026-09-08T17:42:30.6900473Z              2/2     100.0%  enum:abilities.interruptOn=damage
unit	Workspace tests (vitest, coverage beacons on)	2026-09-08T17:42:30.6901112Z              2/2     100.0%  enum:abilities.marks[].lethal.restoreMode=restore
unit	Workspace tests (vitest, coverage beacons on)	2026-09-08T17:42:30.6901643Z              2/3      66.7%  enum:abilities.marks[].resetOn=round
unit	Workspace tests (vitest, coverage beacons on)	2026-09-08T17:42:30.6902255Z              2/2     100.0%  enum:abilities.toggle.upkeepCadence=perAttack
unit	Workspace tests (vitest, coverage beacons on)	2026-09-08T17:42:30.6902816Z              2/48      4.2%  enum:ability-templates.params{}.type=dot
unit	Workspace tests (vitest, coverage beacons on)	2026-09-08T17:42:30.6903580Z              2/16     12.5%  enum:arenas.backdrop.layers[].profile=lightning
unit	Workspace tests (vitest, coverage beacons on)	2026-09-08T17:42:30.6906083Z              2/16     12.5%  enum:arenas.backdrop.layers[].profile=sakura
unit	Workspace tests (vitest, coverage beacons on)	2026-09-08T17:42:30.6906496Z              2/13     15.4%  enum:arenas.groundStyle=dirt
unit	Workspace tests (vitest, coverage beacons on)	2026-09-08T17:42:30.6906929Z              2/13     15.4%  enum:arenas.groundStyle=grass
unit	Workspace tests (vitest, coverage beacons on)	2026-09-08T17:42:30.6907518Z              2/9      22.2%  enum:augments.eligibility.requiresModeFeature[]=revive
unit	Workspace tests (vitest, coverage beacons on)	2026-09-08T17:42:30.6908062Z              2/49      4.1%  enum:champions.origin=射手
unit	Workspace tests (vitest, coverage beacons on)	2026-09-08T17:42:30.6908541Z              2/49      4.1%  enum:champions.origin=硬輔
unit	Workspace tests (vitest, coverage beacons on)	2026-09-08T17:42:30.6909171Z              2/2     100.0%  enum:config#config.vfx-families@1.abilities{}.family=blink
unit	Workspace tests (vitest, coverage beacons on)	2026-09-08T17:42:30.6909868Z              2/2     100.0%  enum:config#config.vfx-families@1.abilities{}.family=boltStrike
unit	Workspace tests (vitest, coverage beacons on)	2026-09-08T17:42:30.6910519Z              2/2     100.0%  enum:config#config.vfx-families@1.abilities{}.family=breath
unit	Workspace tests (vitest, coverage beacons on)	2026-09-08T17:42:30.6911172Z              2/2     100.0%  enum:config#config.vfx-families@1.abilities{}.family=burst
unit	Workspace tests (vitest, coverage beacons on)	2026-09-08T17:42:30.6911800Z              2/2     100.0%  enum:config#config.vfx-families@1.abilities{}.family=cloud
unit	Workspace tests (vitest, coverage beacons on)	2026-09-08T17:42:30.6912654Z              2/2     100.0%  enum:config#config.vfx-families@1.abilities{}.family=dissipate
unit	Workspace tests (vitest, coverage beacons on)	2026-09-08T17:42:30.6913482Z              2/2     100.0%  enum:config#config.vfx-families@1.abilities{}.family=flamePillar
unit	Workspace tests (vitest, coverage beacons on)	2026-09-08T17:42:30.6914491Z              2/2     100.0%  enum:config#config.vfx-families@1.abilities{}.family=groundDust
unit	Workspace tests (vitest, coverage beacons on)	2026-09-08T17:42:30.6915165Z              2/2     100.0%  enum:config#config.vfx-families@1.abilities{}.family=levelUp
unit	Workspace tests (vitest, coverage beacons on)	2026-09-08T17:42:30.6915840Z              2/2     100.0%  enum:config#config.vfx-families@1.abilities{}.family=lightColumn
unit	Workspace tests (vitest, coverage beacons on)	2026-09-08T17:42:30.6916451Z              2/2     100.0%  enum:config#config.vfx-families@1.abilities{}.family=mark
unit	Workspace tests (vitest, coverage beacons on)	2026-09-08T17:42:30.6917138Z              2/2     100.0%  enum:config#config.vfx-families@1.abilities{}.family=mirrorImage
unit	Workspace tests (vitest, coverage beacons on)	2026-09-08T17:42:30.6918006Z              2/2     100.0%  enum:config#config.vfx-families@1.abilities{}.family=resurrect
unit	Workspace tests (vitest, coverage beacons on)	2026-09-08T17:42:30.6918642Z              2/2     100.0%  enum:config#config.vfx-families@1.abilities{}.family=shine
unit	Workspace tests (vitest, coverage beacons on)	2026-09-08T17:42:30.6919365Z              2/2     100.0%  enum:config#config.vfx-families@1.abilities{}.family=shockwaveRing
unit	Workspace tests (vitest, coverage beacons on)	2026-09-08T17:42:30.6919997Z              2/2     100.0%  enum:config#config.vfx-families@1.abilities{}.family=tornado
unit	Workspace tests (vitest, coverage beacons on)	2026-09-08T17:42:30.6920699Z              2/2     100.0%  enum:config#config.vfx-families@1.abilities{}.family=uncategorised
unit	Workspace tests (vitest, coverage beacons on)	2026-09-08T17:42:30.6921350Z              2/2     100.0%  enum:config#config.vfx-families@1.families{}.element=arcane
unit	Workspace tests (vitest, coverage beacons on)	2026-09-08T17:42:30.6921982Z              2/2     100.0%  enum:config#config.vfx-families@1.families{}.element=blood
unit	Workspace tests (vitest, coverage beacons on)	2026-09-08T17:42:30.6922603Z              2/2     100.0%  enum:config#config.vfx-families@1.families{}.element=earth
unit	Workspace tests (vitest, coverage beacons on)	2026-09-08T17:42:30.6923255Z              2/2     100.0%  enum:config#config.vfx-families@1.families{}.element=fire
unit	Workspace tests (vitest, coverage beacons on)	2026-09-08T17:42:30.6923849Z              2/2     100.0%  enum:config#config.vfx-families@1.families{}.element=holy
unit	Workspace tests (vitest, coverage beacons on)	2026-09-08T17:42:30.6924669Z              2/2     100.0%  enum:config#config.vfx-families@1.families{}.element=lightning
unit	Workspace tests (vitest, coverage beacons on)	2026-09-08T17:42:30.6925307Z              2/2     100.0%  enum:config#config.vfx-families@1.families{}.element=void
unit	Workspace tests (vitest, coverage beacons on)	2026-09-08T17:42:30.6925925Z              2/2     100.0%  enum:config#config.vfx-families@1.families{}.element=wind
unit	Workspace tests (vitest, coverage beacons on)	2026-09-08T17:42:30.6926580Z              2/2     100.0%  enum:config#config.vfx-families@1.families{}.primitive=beam
unit	Workspace tests (vitest, coverage beacons on)	2026-09-08T17:42:30.6927275Z              2/2     100.0%  enum:config#config.vfx-families@1.families{}.primitive=bolt
unit	Workspace tests (vitest, coverage beacons on)	2026-09-08T17:42:30.6927951Z              2/2     100.0%  enum:config#config.vfx-families@1.families{}.primitive=dash
unit	Workspace tests (vitest, coverage beacons on)	2026-09-08T17:42:30.6928706Z              2/2     100.0%  enum:config#config.vfx-families@1.families{}.primitive=explosion
unit	Workspace tests (vitest, coverage beacons on)	2026-09-08T17:42:30.6929577Z              2/2     100.0%  enum:config#config.vfx-families@1.families{}.primitive=nova
unit	Workspace tests (vitest, coverage beacons on)	2026-09-08T17:42:30.6930302Z              2/2     100.0%  enum:config#config.vfx-families@1.families{}.primitive=pulse
unit	Workspace tests (vitest, coverage beacons on)	2026-09-08T17:42:30.6931015Z              2/2     100.0%  enum:config#config.vfx-families@1.families{}.primitive=shockwave
unit	Workspace tests (vitest, coverage beacons on)	2026-09-08T17:42:30.6931763Z              2/2     100.0%  enum:config#config.vfx-families@1.families{}.primitive=swarm
unit	Workspace tests (vitest, coverage beacons on)	2026-09-08T17:42:30.6932540Z              2/2     100.0%  enum:config#config.vfx-families@1.families{}.primitive=tornado
unit	Workspace tests (vitest, coverage beacons on)	2026-09-08T17:42:30.6933042Z              2/142     1.4%  enum:items.craftRole=service
unit	Workspace tests (vitest, coverage beacons on)	2026-09-08T17:42:30.6933717Z              2/4      50.0%  enum:items.modifiers[].requires.attackType=ranged
unit	Workspace tests (vitest, coverage beacons on)	2026-09-08T17:42:30.6934488Z              2/7      28.6%  enum:maps.groundStyle=stone
unit	Workspace tests (vitest, coverage beacons on)	2026-09-08T17:42:30.6934999Z              2/7      28.6%  enum:maps.template=DOUBLE_LOOP
unit	Workspace tests (vitest, coverage beacons on)	2026-09-08T17:42:30.6935460Z              2/7      28.6%  enum:models.fxLongAxis=x
unit	Workspace tests (vitest, coverage beacons on)	2026-09-08T17:42:30.6936120Z              2/2     100.0%  enum:vfx-scripts.segments[]|1#hideBody.at=caster
unit	Workspace tests (vitest, coverage beacons on)	2026-09-08T17:42:30.6936866Z              3/26     11.5%  enum:abilities.effects[]#applyBuff.condition|0|1|1.stat=ad
unit	Workspace tests (vitest, coverage beacons on)	2026-09-08T17:42:30.6937716Z              3/7      42.9%  enum:abilities.effects[]#applyBuff.damageTypeOverride.scope=ability
unit	Workspace tests (vitest, coverage beacons on)	2026-09-08T17:42:30.6938455Z              3/3     100.0%  enum:abilities.effects[]#applyBuff.hooks[].damageCrit=crit
unit	Workspace tests (vitest, coverage beacons on)	2026-09-08T17:42:30.6939289Z              3/3     100.0%  enum:abilities.effects[]#applyBuff.hooks[].onConsumed=detachSource
unit	Workspace tests (vitest, coverage beacons on)	2026-09-08T17:42:30.6940028Z              3/553     0.5%  enum:abilities.effects[]#applyBuff.maxStat.stat=spellVamp
unit	Workspace tests (vitest, coverage beacons on)	2026-09-08T17:42:30.6940701Z              3/13     23.1%  enum:abilities.effects[]#applyStatus.applyTo=target
unit	Workspace tests (vitest, coverage beacons on)	2026-09-08T17:42:30.6941364Z              3/6      50.0%  enum:abilities.effects[]#damage.hpPct.basis=current
unit	Workspace tests (vitest, coverage beacons on)	2026-09-08T17:42:30.6942110Z              3/6      50.0%  enum:abilities.effects[]#damage.hpPct.basis=max
unit	Workspace tests (vitest, coverage beacons on)	2026-09-08T17:42:30.6942883Z              3/11     27.3%  enum:abilities.effects[]#dash.distanceTier=極小
unit	Workspace tests (vitest, coverage beacons on)	2026-09-08T17:42:30.6943489Z              3/5      60.0%  enum:abilities.effects[]#grantAttribute.mode=flat
unit	Workspace tests (vitest, coverage beacons on)	2026-09-08T17:42:30.6944435Z              3/21     14.3%  enum:abilities.effects[]#invulnerable.blocksDamage=none
unit	Workspace tests (vitest, coverage beacons on)	2026-09-08T17:42:30.6945067Z              3/25     12.0%  enum:abilities.effects[]#knockback.from=pull
unit	Workspace tests (vitest, coverage beacons on)	2026-09-08T17:42:30.6945713Z              3/7      42.9%  enum:abilities.effects[]#spendMana.applyTo=target
unit	Workspace tests (vitest, coverage beacons on)	2026-09-08T17:42:30.6946346Z              3/3     100.0%  enum:abilities.effects[]#summon.formation=ring
unit	Workspace tests (vitest, coverage beacons on)	2026-09-08T17:42:30.6947017Z              3/5      60.0%  enum:abilities.effects[]#weightedBranch.side=allies
unit	Workspace tests (vitest, coverage beacons on)	2026-09-08T17:42:30.6947682Z              3/9      33.3%  enum:abilities.passive.ranks[].auras[].affects=ally
unit	Workspace tests (vitest, coverage beacons on)	2026-09-08T17:42:30.6948250Z              3/48      6.3%  enum:ability-templates.params{}.type=statModifiers
unit	Workspace tests (vitest, coverage beacons on)	2026-09-08T17:42:30.6948827Z              3/43      7.0%  enum:ability-templates.params{}.unit=wc3h
unit	Workspace tests (vitest, coverage beacons on)	2026-09-08T17:42:30.6949420Z              3/16     18.8%  enum:arenas.backdrop.layers[].profile=peaks
unit	Workspace tests (vitest, coverage beacons on)	2026-09-08T17:42:30.6949990Z              3/20     15.0%  enum:arenas.scenery.lighting.wave=flicker
unit	Workspace tests (vitest, coverage beacons on)	2026-09-08T17:42:30.6950560Z              3/20     15.0%  enum:arenas.scenery.lighting.wave=storm
unit	Workspace tests (vitest, coverage beacons on)	2026-09-08T17:42:30.6951241Z              3/9      33.3%  enum:augments.eligibility.requiresModeFeature[]=team
unit	Workspace tests (vitest, coverage beacons on)	2026-09-08T17:42:30.6951829Z              3/71      4.2%  enum:champions.attributes.source=authored
unit	Workspace tests (vitest, coverage beacons on)	2026-09-08T17:42:30.6952485Z              3/4      75.0%  enum:items.modifiers[].requires.attackType=melee
unit	Workspace tests (vitest, coverage beacons on)	2026-09-08T17:42:30.6953119Z              3/4      75.0%  enum:items.modifiers[].requires.onMismatch=block
unit	Workspace tests (vitest, coverage beacons on)	2026-09-08T17:42:30.6953636Z              3/7      42.9%  enum:maps.template=CENTRAL_RING
unit	Workspace tests (vitest, coverage beacons on)	2026-09-08T17:42:30.6954316Z              3/696     0.4%  enum:vfx#ribbon@1.blendMode=alphaKey
unit	Workspace tests (vitest, coverage beacons on)	2026-09-08T17:42:30.6954944Z              3/3     100.0%  enum:vfx#vfx@1.orient.yawFrom=aim
unit	Workspace tests (vitest, coverage beacons on)	2026-09-08T17:42:30.6955474Z              3/3     100.0%  enum:vfx-scripts.segments[]|1#anim.at=target
unit	Workspace tests (vitest, coverage beacons on)	2026-09-08T17:42:30.6956003Z              3/10     30.0%  enum:vfx-scripts.segments[]|1#anim.on=strike
unit	Workspace tests (vitest, coverage beacons on)	2026-09-08T17:42:30.6956623Z              3/3     100.0%  enum:vfx-scripts.segments[]|1#anim.pulse=hurt
unit	Workspace tests (vitest, coverage beacons on)	2026-09-08T17:42:30.6957343Z              3/3     100.0%  enum:vfx-scripts.segments[]|1#floatingText.at=target
unit	Workspace tests (vitest, coverage beacons on)	2026-09-08T17:42:30.6957851Z              4/492     0.8%  enum:abilities.castType=dash
unit	Workspace tests (vitest, coverage beacons on)	2026-09-08T17:42:30.6958708Z              4/22     18.2%  enum:abilities.effects[]#applyBuff.condition|0|1|0.mode=absolute
unit	Workspace tests (vitest, coverage beacons on)	2026-09-08T17:42:30.6959661Z              4/4     100.0%  enum:abilities.effects[]#applyBuff.damageTypeOverride.impactType=original
unit	Workspace tests (vitest, coverage beacons on)	2026-09-08T17:42:30.6960495Z              4/7      57.1%  enum:abilities.effects[]#applyBuff.damageTypeOverride.scope=basic
unit	Workspace tests (vitest, coverage beacons on)	2026-09-08T17:42:30.6961240Z              4/37     10.8%  enum:abilities.effects[]#applyBuff.hooks[].abilitySlot=EX
unit	Workspace tests (vitest, coverage beacons on)	2026-09-08T17:42:30.6961907Z              4/186     2.2%  enum:abilities.effects[]#applyBuff.hooks[].target=allies
unit	Workspace tests (vitest, coverage beacons on)	2026-09-08T17:42:30.6962757Z              4/202     2.0%  enum:abilities.effects[]#chainLightning.amount.damageTier=中
unit	Workspace tests (vitest, coverage beacons on)	2026-09-08T17:42:30.6963632Z              4/5      80.0%  enum:abilities.effects[]#chainLightning.onHitTargetsMode=perTarget
unit	Workspace tests (vitest, coverage beacons on)	2026-09-08T17:42:30.6964471Z              4/4     100.0%  enum:abilities.effects[]#chainLightning.shape=circle
unit	Workspace tests (vitest, coverage beacons on)	2026-09-08T17:42:30.6965102Z              4/13     30.8%  enum:abilities.effects[]#delayed.side=allies
unit	Workspace tests (vitest, coverage beacons on)	2026-09-08T17:42:30.6965730Z              4/6      66.7%  enum:abilities.effects[]#dispel.side=enemies
unit	Workspace tests (vitest, coverage beacons on)	2026-09-08T17:42:30.6966516Z              4/4     100.0%  enum:abilities.effects[]#eventValueConversion.basis=hpLost
unit	Workspace tests (vitest, coverage beacons on)	2026-09-08T17:42:30.6967342Z              4/5      80.0%  enum:abilities.effects[]#eventValueConversion.to=mana
unit	Workspace tests (vitest, coverage beacons on)	2026-09-08T17:42:30.6968125Z              4/16     25.0%  enum:abilities.effects[]#floatingText.applyTo=victim
unit	Workspace tests (vitest, coverage beacons on)	2026-09-08T17:42:30.6968681Z              4/4     100.0%  enum:abilities.effects[]#grantGold.to=self
unit	Workspace tests (vitest, coverage beacons on)	2026-09-08T17:42:30.6969335Z              4/17     23.5%  enum:abilities.effects[]#modifyCooldown.mode=reduce
unit	Workspace tests (vitest, coverage beacons on)	2026-09-08T17:42:30.6970045Z              4/6      66.7%  enum:abilities.effects[]#proxyCast.targetMode=reresolve
unit	Workspace tests (vitest, coverage beacons on)	2026-09-08T17:42:30.6970655Z              4/4     100.0%  enum:abilities.effects[]#revive.side=ally
unit	Workspace tests (vitest, coverage beacons on)	2026-09-08T17:42:30.6971333Z              4/4     100.0%  enum:abilities.effects[]#revive.teamCharge=ignore
unit	Workspace tests (vitest, coverage beacons on)	2026-09-08T17:42:30.6972020Z              4/28     14.3%  enum:abilities.effects[]#screenShake.applyTo=nearby
unit	Workspace tests (vitest, coverage beacons on)	2026-09-08T17:42:30.6972697Z              4/28     14.3%  enum:abilities.effects[]#screenShake.shape=circle
unit	Workspace tests (vitest, coverage beacons on)	2026-09-08T17:42:30.6973331Z              4/6      66.7%  enum:abilities.effects[]#shield.absorbs=magic
unit	Workspace tests (vitest, coverage beacons on)	2026-09-08T17:42:30.6974129Z              4/14     28.6%  enum:abilities.effects[]#spawnModelFx.path=forward
unit	Workspace tests (vitest, coverage beacons on)	2026-09-08T17:42:30.6974825Z              4/4     100.0%  enum:abilities.effects[]#spawnModelFx.touchSide=enemies
unit	Workspace tests (vitest, coverage beacons on)	2026-09-08T17:42:30.6975427Z              4/7      57.1%  enum:abilities.effects[]#spendMana.applyTo=self
unit	Workspace tests (vitest, coverage beacons on)	2026-09-08T17:42:30.6975971Z              4/4     100.0%  enum:abilities.effects[]#summon.at=point
unit	Workspace tests (vitest, coverage beacons on)	2026-09-08T17:42:30.6976532Z              4/4     100.0%  enum:abilities.effects[]#summon.team=owner
unit	Workspace tests (vitest, coverage beacons on)	2026-09-08T17:42:30.6977420Z              4/4     100.0%  enum:abilities.effects[]#weightedBranch.branches[].weightFrom.attr=agi
unit	Workspace tests (vitest, coverage beacons on)	2026-09-08T17:42:30.6977977Z              4/43      9.3%  enum:abilities.hitFeel.sparkKind=ice
unit	Workspace tests (vitest, coverage beacons on)	2026-09-08T17:42:30.6978619Z              4/16     25.0%  enum:arenas.backdrop.layers[].profile=pagoda
unit	Workspace tests (vitest, coverage beacons on)	2026-09-08T17:42:30.6979431Z              4/16     25.0%  enum:arenas.backdrop.layers[].profile=torii
unit	Workspace tests (vitest, coverage beacons on)	2026-09-08T17:42:30.6992029Z              4/49      8.2%  enum:champions.origin=坦克
unit	Workspace tests (vitest, coverage beacons on)	2026-09-08T17:42:30.6992723Z              4/49      8.2%  enum:champions.origin=法刺
unit	Workspace tests (vitest, coverage beacons on)	2026-09-08T17:42:30.6993524Z              4/49      8.2%  enum:champions.origin=狂戰
unit	Workspace tests (vitest, coverage beacons on)	2026-09-08T17:42:30.6994267Z              4/49      8.2%  enum:champions.origin=軟輔
unit	Workspace tests (vitest, coverage beacons on)	2026-09-08T17:42:30.6994847Z              4/4     100.0%  enum:vfx-scripts.yields[]=caster.castFx
unit	Workspace tests (vitest, coverage beacons on)	2026-09-08T17:42:30.6995537Z              5/28     17.9%  enum:abilities.effects[]#applyBuff.condition|0|1|0.op=>
unit	Workspace tests (vitest, coverage beacons on)	2026-09-08T17:42:30.6996322Z              5/7      71.4%  enum:abilities.effects[]#applyBuff.damageTypeOverride.becomes=true
unit	Workspace tests (vitest, coverage beacons on)	2026-09-08T17:42:30.6997074Z              5/246     2.0%  enum:abilities.effects[]#applyBuff.hooks[].on=onAllyDeath
unit	Workspace tests (vitest, coverage beacons on)	2026-09-08T17:42:30.6997888Z              5/246     2.0%  enum:abilities.effects[]#applyBuff.hooks[].on=onStatusApplied
unit	Workspace tests (vitest, coverage beacons on)	2026-09-08T17:42:30.6998611Z              5/100     5.0%  enum:abilities.effects[]#blink.radiusTier=極大
unit	Workspace tests (vitest, coverage beacons on)	2026-09-08T17:42:30.6999222Z              5/7      71.4%  enum:abilities.effects[]#devour.shape=single
unit	Workspace tests (vitest, coverage beacons on)	2026-09-08T17:42:30.6999836Z              5/5     100.0%  enum:abilities.effects[]#dispel.order=newest
unit	Workspace tests (vitest, coverage beacons on)	2026-09-08T17:42:30.7000603Z              5/5     100.0%  enum:abilities.effects[]#eventValueConversion.shape=single
unit	Workspace tests (vitest, coverage beacons on)	2026-09-08T17:42:30.7001372Z              5/5     100.0%  enum:abilities.effects[]#eventValueConversion.source=incomingDamage
unit	Workspace tests (vitest, coverage beacons on)	2026-09-08T17:42:30.7002023Z              5/5     100.0%  enum:abilities.effects[]#eventValueConversion.who=self
unit	Workspace tests (vitest, coverage beacons on)	2026-09-08T17:42:30.7002596Z              5/7      71.4%  enum:abilities.effects[]#grantAttribute.attr=str
unit	Workspace tests (vitest, coverage beacons on)	2026-09-08T17:42:30.7003307Z              5/5     100.0%  enum:abilities.effects[]#proxyCast.rankMode=casterRank
unit	Workspace tests (vitest, coverage beacons on)	2026-09-08T17:42:30.7004089Z              5/9      55.6%  enum:abilities.effects[]#screenFlash.applyTo=all
unit	Workspace tests (vitest, coverage beacons on)	2026-09-08T17:42:30.7004804Z              5/5     100.0%  enum:abilities.effects[]#summon.onOwnerDeath=despawn
unit	Workspace tests (vitest, coverage beacons on)	2026-09-08T17:42:30.7005479Z              5/12     41.7%  enum:abilities.effects[]#weightedBranch.shape=circle
unit	Workspace tests (vitest, coverage beacons on)	2026-09-08T17:42:30.7006057Z              5/123     4.1%  enum:abilities.radiusTier=極大
unit	Workspace tests (vitest, coverage beacons on)	2026-09-08T17:42:30.7006892Z              5/16     31.3%  enum:arenas.backdrop.layers[].profile=shards
unit	Workspace tests (vitest, coverage beacons on)	2026-09-08T17:42:30.7007394Z              5/13     38.5%  enum:arenas.groundStyle=stone
unit	Workspace tests (vitest, coverage beacons on)	2026-09-08T17:42:30.7007922Z              5/7      71.4%  enum:maps.regions[].role=platform
unit	Workspace tests (vitest, coverage beacons on)	2026-09-08T17:42:30.7008377Z              5/7      71.4%  enum:models.fxLongAxis=y
unit	Workspace tests (vitest, coverage beacons on)	2026-09-08T17:42:30.7008875Z              5/21     23.8%  enum:projectiles.meshShape=orb
unit	Workspace tests (vitest, coverage beacons on)	2026-09-08T17:42:30.7009424Z              5/10     50.0%  enum:vfx-scripts.segments[]|1#anim.on=castEffect
unit	Workspace tests (vitest, coverage beacons on)	2026-09-08T17:42:30.7009997Z              5/10     50.0%  enum:vfx-scripts.segments[]|1#anim.on=castStart
unit	Workspace tests (vitest, coverage beacons on)	2026-09-08T17:42:30.7010557Z              6/6     100.0%  enum:abilities.cooldownShape=單體
unit	Workspace tests (vitest, coverage beacons on)	2026-09-08T17:42:30.7011308Z              6/28     21.4%  enum:abilities.effects[]#applyBuff.condition|0|1|0.op=<
unit	Workspace tests (vitest, coverage beacons on)	2026-09-08T17:42:30.7012077Z              6/26     23.1%  enum:abilities.effects[]#applyBuff.condition|0|1|0.stat=mp
unit	Workspace tests (vitest, coverage beacons on)	2026-09-08T17:42:30.7012856Z              6/6     100.0%  enum:abilities.effects[]#applyBuff.hooks[].damageType=magic
unit	Workspace tests (vitest, coverage beacons on)	2026-09-08T17:42:30.7013599Z              6/44     13.6%  enum:abilities.effects[]#applyBuff.hooks[].victim=any
unit	Workspace tests (vitest, coverage beacons on)	2026-09-08T17:42:30.7044444Z              6/21     28.6%  enum:abilities.effects[]#applyBuff.modifiers[].msBonusTier=大
unit	Workspace tests (vitest, coverage beacons on)	2026-09-08T17:42:30.7045301Z              6/33     18.2%  enum:abilities.effects[]#championForm.to=toggle
unit	Workspace tests (vitest, coverage beacons on)	2026-09-08T17:42:30.7046145Z              6/26     23.1%  enum:abilities.effects[]#damage.resourcePct.resource=mana
unit	Workspace tests (vitest, coverage beacons on)	2026-09-08T17:42:30.7046891Z              6/11     54.5%  enum:abilities.effects[]#dash.distanceTier=極大
unit	Workspace tests (vitest, coverage beacons on)	2026-09-08T17:42:30.7047450Z              6/18     33.3%  enum:abilities.effects[]#dash.mode=toPoint
unit	Workspace tests (vitest, coverage beacons on)	2026-09-08T17:42:30.7048233Z              6/7      85.7%  enum:abilities.effects[]#devour.victim=any
unit	Workspace tests (vitest, coverage beacons on)	2026-09-08T17:42:30.7048928Z              6/22     27.3%  enum:abilities.effects[]#dispel.shape=circle
unit	Workspace tests (vitest, coverage beacons on)	2026-09-08T17:42:30.7049627Z              6/7      85.7%  enum:abilities.effects[]#grantAttribute.attr=agi
unit	Workspace tests (vitest, coverage beacons on)	2026-09-08T17:42:30.7050558Z              6/7      85.7%  enum:abilities.effects[]#grantAttribute.attr=int
unit	Workspace tests (vitest, coverage beacons on)	2026-09-08T17:42:30.7051267Z              6/9      66.7%  enum:abilities.effects[]#screenFlash.applyTo=self
unit	Workspace tests (vitest, coverage beacons on)	2026-09-08T17:42:30.7051911Z              6/9      66.7%  enum:abilities.effects[]#screenFlash.applyTo=victim
unit	Workspace tests (vitest, coverage beacons on)	2026-09-08T17:42:30.7052556Z              6/9      66.7%  enum:abilities.passive.ranks[].auras[].affects=enemy
unit	Workspace tests (vitest, coverage beacons on)	2026-09-08T17:42:30.7053126Z              6/16     37.5%  enum:arenas.backdrop.layers[].profile=towers
unit	Workspace tests (vitest, coverage beacons on)	2026-09-08T17:42:30.7053699Z              6/20     30.0%  enum:arenas.scenery.lighting.wave=breathe
unit	Workspace tests (vitest, coverage beacons on)	2026-09-08T17:42:30.7054535Z              6/19     31.6%  enum:augments.eligibility.excludeSelfMechanic[]=evasion
unit	Workspace tests (vitest, coverage beacons on)	2026-09-08T17:42:30.7055265Z              6/19     31.6%  enum:augments.eligibility.excludeSelfMechanic[]=reflect
unit	Workspace tests (vitest, coverage beacons on)	2026-09-08T17:42:30.7055924Z              6/9      66.7%  enum:augments.eligibility.requiresAbilitySlots[]=E
unit	Workspace tests (vitest, coverage beacons on)	2026-09-08T17:42:30.7056608Z              6/9      66.7%  enum:augments.eligibility.requiresAbilitySlots[]=Q
unit	Workspace tests (vitest, coverage beacons on)	2026-09-08T17:42:30.7057270Z              6/9      66.7%  enum:augments.eligibility.requiresAbilitySlots[]=W
unit	Workspace tests (vitest, coverage beacons on)	2026-09-08T17:42:30.7057875Z              6/49     12.2%  enum:champions.origin=法師
unit	Workspace tests (vitest, coverage beacons on)	2026-09-08T17:42:30.7058360Z              6/142     4.2%  enum:items.craftRole=quest
unit	Workspace tests (vitest, coverage beacons on)	2026-09-08T17:42:30.7058897Z              6/7      85.7%  enum:items.requiresAttackType=melee
unit	Workspace tests (vitest, coverage beacons on)	2026-09-08T17:42:30.7059403Z              6/7      85.7%  enum:maps.regions[].role=outer
unit	Workspace tests (vitest, coverage beacons on)	2026-09-08T17:42:30.7060154Z              7/7     100.0%  enum:abilities.effects[]#applyBuff.condition|0|5|1.slot=EX
unit	Workspace tests (vitest, coverage beacons on)	2026-09-08T17:42:30.7060843Z              7/9      77.8%  enum:abilities.effects[]#applyBuff.hooks[].damageSource=basic
unit	Workspace tests (vitest, coverage beacons on)	2026-09-08T17:42:30.7061636Z              7/246     2.8%  enum:abilities.effects[]#applyBuff.hooks[].on=onDamageDealt
unit	Workspace tests (vitest, coverage beacons on)	2026-09-08T17:42:30.7062293Z              7/44     15.9%  enum:abilities.effects[]#applyBuff.hooks[].victim=enemy
unit	Workspace tests (vitest, coverage beacons on)	2026-09-08T17:42:30.7063400Z              7/21     33.3%  enum:abilities.effects[]#applyBuff.modifiers[].msBonusTier=極小
unit	Workspace tests (vitest, coverage beacons on)	2026-09-08T17:42:30.7094413Z              7/18     38.9%  enum:abilities.effects[]#dispel.polarity=buff
unit	Workspace tests (vitest, coverage beacons on)	2026-09-08T17:42:30.7095322Z              7/23     30.4%  enum:abilities.effects[]#spawnModelFx.anchor=target
unit	Workspace tests (vitest, coverage beacons on)	2026-09-08T17:42:30.7096001Z              7/7     100.0%  enum:abilities.effects[]#summon.body=self
unit	Workspace tests (vitest, coverage beacons on)	2026-09-08T17:42:30.7096781Z              7/12     58.3%  enum:abilities.effects[]#weightedBranch.shape=single
unit	Workspace tests (vitest, coverage beacons on)	2026-09-08T17:42:30.7097493Z              7/48     14.6%  enum:ability-templates.params{}.type=applyStatus
unit	Workspace tests (vitest, coverage beacons on)	2026-09-08T17:42:30.7098048Z              7/48     14.6%  enum:ability-templates.params{}.type=rgb
unit	Workspace tests (vitest, coverage beacons on)	2026-09-08T17:42:30.7098669Z              7/7     100.0%  enum:arenas.zones[].interactions[].kind=capture
unit	Workspace tests (vitest, coverage beacons on)	2026-09-08T17:42:30.7099273Z              7/7     100.0%  enum:arenas.zones[].interactions[].kind=pickup
unit	Workspace tests (vitest, coverage beacons on)	2026-09-08T17:42:30.7099851Z              7/7     100.0%  enum:maps.gimmick.kind=routeSwap
unit	Workspace tests (vitest, coverage beacons on)	2026-09-08T17:42:30.7100502Z              7/7     100.0%  enum:maps.interactions[].kind=capture
unit	Workspace tests (vitest, coverage beacons on)	2026-09-08T17:42:30.7101075Z              7/7     100.0%  enum:maps.interactions[].kind=pickup
unit	Workspace tests (vitest, coverage beacons on)	2026-09-08T17:42:30.7101621Z              7/7     100.0%  enum:maps.regions[].role=corridor
unit	Workspace tests (vitest, coverage beacons on)	2026-09-08T17:42:30.7102125Z              7/7     100.0%  enum:maps.regions[].role=court
unit	Workspace tests (vitest, coverage beacons on)	2026-09-08T17:42:30.7102655Z              7/7     100.0%  enum:maps.regions[].role=landmark
unit	Workspace tests (vitest, coverage beacons on)	2026-09-08T17:42:30.7103197Z              7/21     33.3%  enum:projectiles.meshShape=shard
unit	Workspace tests (vitest, coverage beacons on)	2026-09-08T17:42:30.7103887Z              8/58     13.8%  enum:abilities.effects[]#applyBuff.applyTo=target
unit	Workspace tests (vitest, coverage beacons on)	2026-09-08T17:42:30.7104672Z              8/28     28.6%  enum:abilities.effects[]#applyBuff.condition|0|1|0.op=>=
unit	Workspace tests (vitest, coverage beacons on)	2026-09-08T17:42:30.7105359Z              8/8     100.0%  enum:abilities.effects[]#applyBuff.condition|0|8.slot=EX
unit	Workspace tests (vitest, coverage beacons on)	2026-09-08T17:42:30.7106076Z              8/44     18.2%  enum:abilities.effects[]#applyBuff.hooks[].victim=champion
unit	Workspace tests (vitest, coverage beacons on)	2026-09-08T17:42:30.7107227Z              8/553     1.4%  enum:abilities.effects[]#applyBuff.maxStat.stat=outputDamagePct
unit	Workspace tests (vitest, coverage beacons on)	2026-09-08T17:42:30.7108077Z              8/553     1.4%  enum:abilities.effects[]#applyBuff.maxStat.stat=outputHealingPct
unit	Workspace tests (vitest, coverage beacons on)	2026-09-08T17:42:30.7108914Z              8/553     1.4%  enum:abilities.effects[]#applyBuff.maxStat.stat=outputShieldPct
unit	Workspace tests (vitest, coverage beacons on)	2026-09-08T17:42:30.7109854Z              8/21     38.1%  enum:abilities.effects[]#applyBuff.modifiers[].msBonusTier=小
unit	Workspace tests (vitest, coverage beacons on)	2026-09-08T17:42:30.7110642Z              8/305     2.6%  enum:abilities.effects[]#applyBuff.modifiers[].op=percentOf
unit	Workspace tests (vitest, coverage beacons on)	2026-09-08T17:42:30.7111495Z              8/49     16.3%  enum:abilities.effects[]#chainLightning.amount.damageTierPerRank[]=大
unit	Workspace tests (vitest, coverage beacons on)	2026-09-08T17:42:30.7112140Z              8/8     100.0%  enum:abilities.effects[]#delayed.anchor=caster
unit	Workspace tests (vitest, coverage beacons on)	2026-09-08T17:42:30.7112808Z              8/8     100.0%  enum:abilities.effects[]#proxyCast.payCosts=none
unit	Workspace tests (vitest, coverage beacons on)	2026-09-08T17:42:30.7113476Z              8/8     100.0%  enum:abilities.effects[]#proxyCast.shape=single
unit	Workspace tests (vitest, coverage beacons on)	2026-09-08T17:42:30.7114271Z              8/16     50.0%  enum:arenas.backdrop.layers[].profile=cloudSea
unit	Workspace tests (vitest, coverage beacons on)	2026-09-08T17:42:30.7114885Z              8/20     40.0%  enum:arenas.scenery.lighting.wave=sweep
unit	Workspace tests (vitest, coverage beacons on)	2026-09-08T17:42:30.7115998Z              8/9      88.9%  enum:augments.eligibility.requiresAbilitySlots[]=R
unit	Workspace tests (vitest, coverage beacons on)	2026-09-08T17:42:30.7117143Z              9/10     90.0%  enum:abilities.augment.targets[].ops[].mode=add
unit	Workspace tests (vitest, coverage beacons on)	2026-09-08T17:42:30.7118372Z              9/10     90.0%  enum:abilities.augment.targets[].ops[].op=damageCoeffAp
unit	Workspace tests (vitest, coverage beacons on)	2026-09-08T17:42:30.7119673Z              9/305     3.0%  enum:abilities.effects[]#applyBuff.modifiers[].op=capRaise
unit	Workspace tests (vitest, coverage beacons on)	2026-09-08T17:42:30.7120960Z              9/26     34.6%  enum:abilities.effects[]#damage.resourcePct.subject=self
unit	Workspace tests (vitest, coverage beacons on)	2026-09-08T17:42:30.7122120Z              9/13     69.2%  enum:abilities.effects[]#delayed.side=enemies
unit	Workspace tests (vitest, coverage beacons on)	2026-09-08T17:42:30.7123366Z              9/9     100.0%  enum:abilities.effects[]#screenFlash.shape=single
unit	Workspace tests (vitest, coverage beacons on)	2026-09-08T17:42:30.7138682Z              9/257     3.5%  enum:abilities.manaCostTier=大
unit	Workspace tests (vitest, coverage beacons on)	2026-09-08T17:42:30.7139392Z              9/49     18.4%  enum:champions.origin=法鬥
unit	Workspace tests (vitest, coverage beacons on)	2026-09-08T17:42:30.7139932Z              9/21     42.9%  enum:projectiles.meshShape=bolt
unit	Workspace tests (vitest, coverage beacons on)	2026-09-08T17:42:30.7140637Z              9/9     100.0%  enum:vfx-scripts.segments[]|1#modelFx.path=static
unit	Workspace tests (vitest, coverage beacons on)	2026-09-08T17:42:30.7141368Z             10/246     4.1%  enum:abilities.effects[]#applyBuff.hooks[].on=onEvade
unit	Workspace tests (vitest, coverage beacons on)	2026-09-08T17:42:30.7142034Z             10/35     28.6%  enum:abilities.effects[]#applyBuff.polarity=buff
unit	Workspace tests (vitest, coverage beacons on)	2026-09-08T17:42:30.7142632Z             10/13     76.9%  enum:abilities.effects[]#applyStatus.applyTo=self
unit	Workspace tests (vitest, coverage beacons on)	2026-09-08T17:42:30.7143249Z             10/36     27.8%  enum:abilities.effects[]#damageLine.aim=facing
unit	Workspace tests (vitest, coverage beacons on)	2026-09-08T17:42:30.7143844Z             10/12     83.3%  enum:abilities.effects[]#leap.applyTo=self
unit	Workspace tests (vitest, coverage beacons on)	2026-09-08T17:42:30.7144586Z             10/12     83.3%  enum:abilities.effects[]#leap.mode=toPoint
unit	Workspace tests (vitest, coverage beacons on)	2026-09-08T17:42:30.7145251Z             10/10    100.0%  enum:abilities.effects[]#randomArea.who=self
unit	Workspace tests (vitest, coverage beacons on)	2026-09-08T17:42:30.7145959Z             10/10    100.0%  enum:abilities.passive.ranks[].whileForm=alternate
unit	Workspace tests (vitest, coverage beacons on)	2026-09-08T17:42:30.7146776Z             10/19     52.6%  enum:augments.eligibility.excludeSelfMechanic[]=abilityDamage
unit	Workspace tests (vitest, coverage beacons on)	2026-09-08T17:42:30.7147243Z             10/60     16.7%  enum:augments.selectionSlot=generic
unit	Workspace tests (vitest, coverage beacons on)	2026-09-08T17:42:30.7147777Z             10/10    100.0%  enum:vfx-scripts.schema=vfx-script@1
unit	Workspace tests (vitest, coverage beacons on)	2026-09-08T17:42:30.7148362Z             11/24     45.8%  enum:abilities.effects[]#blink.to=point
unit	Workspace tests (vitest, coverage beacons on)	2026-09-08T17:42:30.7149015Z             11/18     61.1%  enum:abilities.effects[]#dispel.polarity=debuff
unit	Workspace tests (vitest, coverage beacons on)	2026-09-08T17:42:30.7149563Z             11/54     20.4%  enum:ability-templates.status=draft
unit	Workspace tests (vitest, coverage beacons on)	2026-09-08T17:42:30.7150286Z             12/28     42.9%  enum:abilities.effects[]#applyBuff.condition|0|1|0.op=<=
unit	Workspace tests (vitest, coverage beacons on)	2026-09-08T17:42:30.7151047Z             12/305     3.9%  enum:abilities.effects[]#applyBuff.modifiers[].op=override
unit	Workspace tests (vitest, coverage beacons on)	2026-09-08T17:42:30.7151878Z             12/24     50.0%  enum:abilities.effects[]#blink.to=targetUnit
unit	Workspace tests (vitest, coverage beacons on)	2026-09-08T17:42:30.7152601Z             12/26     46.2%  enum:abilities.effects[]#damage.resourcePct.basis=current
unit	Workspace tests (vitest, coverage beacons on)	2026-09-08T17:42:30.7153137Z             12/18     66.7%  enum:abilities.effects[]#dash.mode=forward
unit	Workspace tests (vitest, coverage beacons on)	2026-09-08T17:42:30.7153793Z             12/16     75.0%  enum:abilities.effects[]#floatingText.applyTo=self
unit	Workspace tests (vitest, coverage beacons on)	2026-09-08T17:42:30.7154569Z             12/14     85.7%  enum:abilities.effects[]#spawnModelFx.path=orbit
unit	Workspace tests (vitest, coverage beacons on)	2026-09-08T17:42:30.7155228Z             12/12    100.0%  enum:abilities.effects[]#spawnVfx.boneOn=victim
unit	Workspace tests (vitest, coverage beacons on)	2026-09-08T17:42:30.7155847Z             12/43     27.9%  enum:abilities.hitFeel.shakeStyle=directional
unit	Workspace tests (vitest, coverage beacons on)	2026-09-08T17:42:30.7156415Z             12/43     27.9%  enum:abilities.hitFeel.sparkKind=magic
unit	Workspace tests (vitest, coverage beacons on)	2026-09-08T17:42:30.7157019Z             12/43     27.9%  enum:ability-templates.params{}.unit=count
unit	Workspace tests (vitest, coverage beacons on)	2026-09-08T17:42:30.7157821Z             13/13    100.0%  enum:abilities.effects[]#applyBuff.condition|0|9.form=alternate
unit	Workspace tests (vitest, coverage beacons on)	2026-09-08T17:42:30.7158522Z             13/14     92.9%  enum:abilities.effects[]#applyBuff.permanentScope=round
unit	Workspace tests (vitest, coverage beacons on)	2026-09-08T17:42:30.7159210Z             13/26     50.0%  enum:abilities.effects[]#damage.resourcePct.basis=max
unit	Workspace tests (vitest, coverage beacons on)	2026-09-08T17:42:30.7159916Z             13/48     27.1%  enum:abilities.effects[]#delayed.shape=circle
unit	Workspace tests (vitest, coverage beacons on)	2026-09-08T17:42:30.7160622Z             13/14     92.9%  enum:abilities.effects[]#delayed.targetMode=reresolve
unit	Workspace tests (vitest, coverage beacons on)	2026-09-08T17:42:30.7161287Z             13/17     76.5%  enum:abilities.effects[]#modifyCooldown.mode=reset
unit	Workspace tests (vitest, coverage beacons on)	2026-09-08T17:42:30.7161879Z             13/49     26.5%  enum:champions.origin=鬥士
unit	Workspace tests (vitest, coverage beacons on)	2026-09-08T17:42:30.7162480Z             14/248     5.6%  enum:abilities.rangeTier=極小
unit	Workspace tests (vitest, coverage beacons on)	2026-09-08T17:42:30.7163026Z             14/696     2.0%  enum:vfx#ribbon@1.blendMode=modulate
unit	Workspace tests (vitest, coverage beacons on)	2026-09-08T17:42:30.7163561Z             15/93     16.1%  enum:abilities.effects[]#spawnVfx.at=bone
unit	Workspace tests (vitest, coverage beacons on)	2026-09-08T17:42:30.7185860Z             16/26     61.5%  enum:abilities.effects[]#applyBuff.condition|0|1|0.stat=hp
unit	Workspace tests (vitest, coverage beacons on)	2026-09-08T17:42:30.7186903Z             16/16    100.0%  enum:abilities.effects[]#floatingText.shape=single
unit	Workspace tests (vitest, coverage beacons on)	2026-09-08T17:42:30.7187535Z             16/93     17.2%  enum:abilities.effects[]#spawnVfx.at=target
unit	Workspace tests (vitest, coverage beacons on)	2026-09-08T17:42:30.7188148Z             16/248     6.5%  enum:abilities.rangeTier=小
unit	Workspace tests (vitest, coverage beacons on)	2026-09-08T17:42:30.7188765Z             16/43     37.2%  enum:ability-templates.params{}.unit=ratio
unit	Workspace tests (vitest, coverage beacons on)	2026-09-08T17:42:30.7189370Z             16/16    100.0%  enum:arenas.backdrop.layers[].profile=flat
unit	Workspace tests (vitest, coverage beacons on)	2026-09-08T17:42:30.7189867Z             16/142    11.3%  enum:items.craftRole=component
unit	Workspace tests (vitest, coverage beacons on)	2026-09-08T17:42:30.7190675Z             17/246     6.9%  enum:abilities.effects[]#applyBuff.hooks[].on=onReflectSuccess
unit	Workspace tests (vitest, coverage beacons on)	2026-09-08T17:42:30.7191330Z             17/17    100.0%  enum:abilities.effects[]#modifyCooldown.shape=single
unit	Workspace tests (vitest, coverage beacons on)	2026-09-08T17:42:30.7191911Z             17/17    100.0%  enum:abilities.effects[]#modifyCooldown.who=self
unit	Workspace tests (vitest, coverage beacons on)	2026-09-08T17:42:30.7192656Z             18/22     81.8%  enum:abilities.effects[]#applyBuff.condition|0|1|0.mode=percent
unit	Workspace tests (vitest, coverage beacons on)	2026-09-08T17:42:30.7193338Z             18/37     48.6%  enum:abilities.effects[]#applyBuff.hooks[].abilitySlot=R
unit	Workspace tests (vitest, coverage beacons on)	2026-09-08T17:42:30.7194129Z             18/100    18.0%  enum:abilities.effects[]#blink.radiusTier=大
unit	Workspace tests (vitest, coverage beacons on)	2026-09-08T17:42:30.7194879Z             18/26     69.2%  enum:abilities.effects[]#damage.resourcePct.subject=target
unit	Workspace tests (vitest, coverage beacons on)	2026-09-08T17:42:30.7195478Z             18/22     81.8%  enum:abilities.effects[]#dispel.shape=single
unit	Workspace tests (vitest, coverage beacons on)	2026-09-08T17:42:30.7196173Z             18/21     85.7%  enum:abilities.effects[]#invulnerable.blocksDamage=all
unit	Workspace tests (vitest, coverage beacons on)	2026-09-08T17:42:30.7196754Z             18/43     41.9%  enum:ability-templates.params{}.unit=wc3u
unit	Workspace tests (vitest, coverage beacons on)	2026-09-08T17:42:30.7197275Z             18/51     35.3%  enum:status-effects.polarity=buff
unit	Workspace tests (vitest, coverage beacons on)	2026-09-08T17:42:30.7197899Z             19/100    19.0%  enum:abilities.effects[]#blink.radiusTier=極小
unit	Workspace tests (vitest, coverage beacons on)	2026-09-08T17:42:30.7198489Z             19/23     82.6%  enum:abilities.effects[]#spawnModelFx.anchor=self
unit	Workspace tests (vitest, coverage beacons on)	2026-09-08T17:42:30.7199118Z             19/123    15.4%  enum:abilities.radiusTier=大
unit	Workspace tests (vitest, coverage beacons on)	2026-09-08T17:42:30.7199655Z             19/20     95.0%  enum:arenas.scenery.props[].facing=faceIn
unit	Workspace tests (vitest, coverage beacons on)	2026-09-08T17:42:30.7200212Z             19/71     26.8%  enum:champions.attributes.primary=INT
unit	Workspace tests (vitest, coverage beacons on)	2026-09-08T17:42:30.7201051Z             20/202     9.9%  enum:abilities.effects[]#chainLightning.amount.damageTier=大
unit	Workspace tests (vitest, coverage beacons on)	2026-09-08T17:42:30.7201817Z             20/26     76.9%  enum:abilities.effects[]#damage.resourcePct.resource=health
unit	Workspace tests (vitest, coverage beacons on)	2026-09-08T17:42:30.7202395Z             20/123    16.3%  enum:abilities.radiusTier=極小
unit	Workspace tests (vitest, coverage beacons on)	2026-09-08T17:42:30.7202996Z             20/20    100.0%  enum:arenas.scenery.props[].facing=random
unit	Workspace tests (vitest, coverage beacons on)	2026-09-08T17:42:30.7203508Z             20/71     28.2%  enum:champions.attackType=ranged
unit	Workspace tests (vitest, coverage beacons on)	2026-09-08T17:42:30.7204219Z             20/40     50.0%  enum:champions.transform.role=alternate
unit	Workspace tests (vitest, coverage beacons on)	2026-09-08T17:42:30.7204724Z             20/40     50.0%  enum:champions.transform.role=base
unit	Workspace tests (vitest, coverage beacons on)	2026-09-08T17:42:30.7205396Z             21/37     56.8%  enum:abilities.effects[]#applyBuff.hooks[].abilitySlot=E
unit	Workspace tests (vitest, coverage beacons on)	2026-09-08T17:42:30.7206057Z             21/21    100.0%  enum:abilities.effects[]#invulnerable.applyTo=self
unit	Workspace tests (vitest, coverage beacons on)	2026-09-08T17:42:30.7206585Z             21/123    17.1%  enum:abilities.radiusTier=小
unit	Workspace tests (vitest, coverage beacons on)	2026-09-08T17:42:30.7207305Z             22/37     59.5%  enum:abilities.effects[]#applyBuff.hooks[].abilitySlot=Q
unit	Workspace tests (vitest, coverage beacons on)	2026-09-08T17:42:30.7208046Z             22/246     8.9%  enum:abilities.effects[]#applyBuff.hooks[].on=onInterval
unit	Workspace tests (vitest, coverage beacons on)	2026-09-08T17:42:30.7208758Z             22/246     8.9%  enum:abilities.effects[]#applyBuff.hooks[].on=onKill
unit	Workspace tests (vitest, coverage beacons on)	2026-09-08T17:42:30.7209697Z             22/49     44.9%  enum:abilities.effects[]#chainLightning.amount.damageTierPerRank[]=中
unit	Workspace tests (vitest, coverage beacons on)	2026-09-08T17:42:30.7210320Z             22/23     95.7%  enum:abilities.effects[]#dot.stacking=refresh
unit	Workspace tests (vitest, coverage beacons on)	2026-09-08T17:42:30.7210863Z             22/48     45.8%  enum:ability-templates.params{}.type=docRef
unit	Workspace tests (vitest, coverage beacons on)	2026-09-08T17:42:30.7211423Z             22/48     45.8%  enum:ability-templates.params{}.type=scaling
unit	Workspace tests (vitest, coverage beacons on)	2026-09-08T17:42:30.7212270Z             24/246     9.8%  enum:abilities.effects[]#applyBuff.hooks[].on=onAbilityCast
unit	Workspace tests (vitest, coverage beacons on)	2026-09-08T17:42:30.7213009Z             24/246     9.8%  enum:abilities.effects[]#applyBuff.hooks[].on=onAbilityHit
unit	Workspace tests (vitest, coverage beacons on)	2026-09-08T17:42:30.7213805Z             24/44     54.5%  enum:abilities.effects[]#applyBuff.hooks[].victim=enemyChampion
unit	Workspace tests (vitest, coverage beacons on)	2026-09-08T17:42:30.7249965Z             24/553     4.3%  enum:abilities.effects[]#applyBuff.maxStat.stat=evasion
unit	Workspace tests (vitest, coverage beacons on)	2026-09-08T17:42:30.7250594Z             24/24    100.0%  enum:abilities.effects[]#blink.applyTo=self
unit	Workspace tests (vitest, coverage beacons on)	2026-09-08T17:42:30.7251193Z             24/24    100.0%  enum:abilities.effects[]#blink.shape=single
unit	Workspace tests (vitest, coverage beacons on)	2026-09-08T17:42:30.7251760Z             24/25     96.0%  enum:abilities.effects[]#knockback.from=caster
unit	Workspace tests (vitest, coverage beacons on)	2026-09-08T17:42:30.7252345Z             24/28     85.7%  enum:abilities.effects[]#screenShake.applyTo=all
unit	Workspace tests (vitest, coverage beacons on)	2026-09-08T17:42:30.7252902Z             24/28     85.7%  enum:abilities.effects[]#screenShake.shape=single
unit	Workspace tests (vitest, coverage beacons on)	2026-09-08T17:42:30.7253529Z             24/24    100.0%  enum:abilities.vfxLayers[].attachTo=point
unit	Workspace tests (vitest, coverage beacons on)	2026-09-08T17:42:30.7254311Z             24/71     33.8%  enum:champions.attributes.primary=STR
unit	Workspace tests (vitest, coverage beacons on)	2026-09-08T17:42:30.7255001Z             25/35     71.4%  enum:abilities.effects[]#applyBuff.polarity=debuff
unit	Workspace tests (vitest, coverage beacons on)	2026-09-08T17:42:30.7255575Z             25/43     58.1%  enum:abilities.hitFeel.sparkKind=heavy
unit	Workspace tests (vitest, coverage beacons on)	2026-09-08T17:42:30.7256128Z             25/60     41.7%  enum:augments.selectionSlot=pivot
unit	Workspace tests (vitest, coverage beacons on)	2026-09-08T17:42:30.7256677Z             25/60     41.7%  enum:augments.selectionSlot=synergy
unit	Workspace tests (vitest, coverage beacons on)	2026-09-08T17:42:30.7257417Z             26/37     70.3%  enum:abilities.effects[]#applyBuff.hooks[].abilitySlot=W
unit	Workspace tests (vitest, coverage beacons on)	2026-09-08T17:42:30.7258049Z             26/36     72.2%  enum:abilities.effects[]#damageLine.aim=target
unit	Workspace tests (vitest, coverage beacons on)	2026-09-08T17:42:30.7258674Z             27/33     81.8%  enum:abilities.effects[]#championForm.to=alternate
unit	Workspace tests (vitest, coverage beacons on)	2026-09-08T17:42:30.7259245Z             27/28     96.4%  enum:abilities.effects[]#restore.applyTo=self
unit	Workspace tests (vitest, coverage beacons on)	2026-09-08T17:42:30.7260002Z             27/93     29.0%  enum:abilities.effects[]#spawnVfx.at=self
unit	Workspace tests (vitest, coverage beacons on)	2026-09-08T17:42:30.7260447Z             27/92     29.3%  enum:augments.tier=silver
unit	Workspace tests (vitest, coverage beacons on)	2026-09-08T17:42:30.7261176Z             28/359     7.8%  enum:abilities.effects[]#chainLightning.damageType=true
unit	Workspace tests (vitest, coverage beacons on)	2026-09-08T17:42:30.7274846Z             28/71     39.4%  enum:champions.attributes.primary=AGI
unit	Workspace tests (vitest, coverage beacons on)	2026-09-08T17:42:30.7275353Z             29/92     31.5%  enum:augments.tier=gold
unit	Workspace tests (vitest, coverage beacons on)	2026-09-08T17:42:30.7276460Z             30/49     61.2%  enum:abilities.effects[]#chainLightning.amount.damageTierPerRank[]=極小
unit	Workspace tests (vitest, coverage beacons on)	2026-09-08T17:42:30.7277371Z             31/202    15.3%  enum:abilities.effects[]#chainLightning.amount.damageTier=極小
unit	Workspace tests (vitest, coverage beacons on)	2026-09-08T17:42:30.7278085Z             33/100    33.0%  enum:abilities.effects[]#blink.radiusTier=小
unit	Workspace tests (vitest, coverage beacons on)	2026-09-08T17:42:30.7278697Z             33/43     76.7%  enum:abilities.hitFeel.shakeStyle=omni
unit	Workspace tests (vitest, coverage beacons on)	2026-09-08T17:42:30.7279276Z             33/51     64.7%  enum:status-effects.polarity=debuff
unit	Workspace tests (vitest, coverage beacons on)	2026-09-08T17:42:30.7279993Z             34/100    34.0%  enum:abilities.effects[]#blink.radiusTier=中
unit	Workspace tests (vitest, coverage beacons on)	2026-09-08T17:42:30.7280504Z             34/69     49.3%  enum:abilities.innateKind=active
unit	Workspace tests (vitest, coverage beacons on)	2026-09-08T17:42:30.7281080Z             35/48     72.9%  enum:abilities.effects[]#delayed.shape=single
unit	Workspace tests (vitest, coverage beacons on)	2026-09-08T17:42:30.7281588Z             35/69     50.7%  enum:abilities.innateKind=passive
unit	Workspace tests (vitest, coverage beacons on)	2026-09-08T17:42:30.7282336Z             37/305    12.1%  enum:abilities.effects[]#applyBuff.modifiers[].op=pctMult
unit	Workspace tests (vitest, coverage beacons on)	2026-09-08T17:42:30.7282885Z             37/248    14.9%  enum:abilities.rangeTier=中
unit	Workspace tests (vitest, coverage beacons on)	2026-09-08T17:42:30.7283343Z             38/92     41.3%  enum:augments.tier=prismatic
unit	Workspace tests (vitest, coverage beacons on)	2026-09-08T17:42:30.7283901Z             41/48     85.4%  enum:ability-templates.params{}.type=enum
unit	Workspace tests (vitest, coverage beacons on)	2026-09-08T17:42:30.7284792Z             42/246    17.1%  enum:abilities.effects[]#applyBuff.hooks[].on=onDamageTaken
unit	Workspace tests (vitest, coverage beacons on)	2026-09-08T17:42:30.7285224Z             42/142    29.6%  enum:items.craftRole=final
unit	Workspace tests (vitest, coverage beacons on)	2026-09-08T17:42:30.7285740Z             43/43    100.0%  enum:ability-templates.params{}.unit=s
unit	Workspace tests (vitest, coverage beacons on)	2026-09-08T17:42:30.7286512Z             43/54     79.6%  enum:ability-templates.status=enabled
unit	Workspace tests (vitest, coverage beacons on)	2026-09-08T17:42:30.7287041Z             47/48     97.9%  enum:ability-templates.params{}.type=number
unit	Workspace tests (vitest, coverage beacons on)	2026-09-08T17:42:30.7287761Z             49/107    45.8%  enum:abilities.effects[]#applyBuff.condition|0|1|0.subject=target
unit	Workspace tests (vitest, coverage beacons on)	2026-09-08T17:42:30.7288657Z             49/49    100.0%  enum:abilities.effects[]#chainLightning.amount.damageTierPerRank[]=小
unit	Workspace tests (vitest, coverage beacons on)	2026-09-08T17:42:30.7289214Z             49/257    19.1%  enum:abilities.manaCostTier=中
unit	Workspace tests (vitest, coverage beacons on)	2026-09-08T17:42:30.7289814Z             49/49    100.0%  enum:champions.msGrowthTier=極小
unit	Workspace tests (vitest, coverage beacons on)	2026-09-08T17:42:30.7290312Z             51/71     71.8%  enum:champions.attackType=melee
unit	Workspace tests (vitest, coverage beacons on)	2026-09-08T17:42:30.7290838Z             52/492    10.6%  enum:abilities.castType=skillshot
unit	Workspace tests (vitest, coverage beacons on)	2026-09-08T17:42:30.7291487Z             52/58     89.7%  enum:abilities.effects[]#applyBuff.applyTo=self
unit	Workspace tests (vitest, coverage beacons on)	2026-09-08T17:42:30.7292083Z             55/93     59.1%  enum:abilities.effects[]#spawnVfx.at=point
unit	Workspace tests (vitest, coverage beacons on)	2026-09-08T17:42:30.7292617Z             63/248    25.4%  enum:abilities.rangeTier=大
unit	Workspace tests (vitest, coverage beacons on)	2026-09-08T17:42:30.7293128Z             63/696     9.1%  enum:vfx#ribbon@1.blendMode=alpha
unit	Workspace tests (vitest, coverage beacons on)	2026-09-08T17:42:30.7293568Z             68/492    13.8%  enum:abilities.slot=EX
unit	Workspace tests (vitest, coverage beacons on)	2026-09-08T17:42:30.7294243Z             68/71     95.8%  enum:champions.attributes.source=w3x
unit	Workspace tests (vitest, coverage beacons on)	2026-09-08T17:42:30.7294857Z             69/492    14.0%  enum:abilities.slot=PASSIVE
unit	Workspace tests (vitest, coverage beacons on)	2026-09-08T17:42:30.7295627Z             70/107    65.4%  enum:abilities.effects[]#applyBuff.condition|0|1|0.subject=self
unit	Workspace tests (vitest, coverage beacons on)	2026-09-08T17:42:30.7296095Z             71/72     98.6%  enum:champions.skillOrder[]=R
unit	Workspace tests (vitest, coverage beacons on)	2026-09-08T17:42:30.7296638Z             72/123    58.5%  enum:abilities.radiusTier=中
unit	Workspace tests (vitest, coverage beacons on)	2026-09-08T17:42:30.7297104Z             72/72    100.0%  enum:champions.skillOrder[]=E
unit	Workspace tests (vitest, coverage beacons on)	2026-09-08T17:42:30.7297566Z             72/72    100.0%  enum:champions.skillOrder[]=Q
unit	Workspace tests (vitest, coverage beacons on)	2026-09-08T17:42:30.7298017Z             72/72    100.0%  enum:champions.skillOrder[]=W
unit	Workspace tests (vitest, coverage beacons on)	2026-09-08T17:42:30.7298763Z             74/402    18.4%  enum:abilities.cooldownTier=大
unit	Workspace tests (vitest, coverage beacons on)	2026-09-08T17:42:30.7299476Z             76/553    13.7%  enum:abilities.effects[]#applyBuff.maxStat.stat=range
unit	Workspace tests (vitest, coverage beacons on)	2026-09-08T17:42:30.7299939Z             76/142    53.5%  enum:items.craftRole=none
unit	Workspace tests (vitest, coverage beacons on)	2026-09-08T17:42:30.7300449Z             78/402    19.4%  enum:abilities.cooldownTier=小
unit	Workspace tests (vitest, coverage beacons on)	2026-09-08T17:42:30.7301128Z             78/553    14.1%  enum:abilities.effects[]#applyBuff.maxStat.stat=cdr
unit	Workspace tests (vitest, coverage beacons on)	2026-09-08T17:42:30.7301827Z             79/186    42.5%  enum:abilities.effects[]#applyBuff.hooks[].target=event
unit	Workspace tests (vitest, coverage beacons on)	2026-09-08T17:42:30.7302562Z             82/553    14.8%  enum:abilities.effects[]#applyBuff.maxStat.stat=critDamage
unit	Workspace tests (vitest, coverage beacons on)	2026-09-08T17:42:30.7303278Z             84/553    15.2%  enum:abilities.effects[]#applyBuff.maxStat.stat=critChance
unit	Workspace tests (vitest, coverage beacons on)	2026-09-08T17:42:30.7304198Z             89/553    16.1%  enum:abilities.effects[]#applyBuff.maxStat.stat=lifesteal
unit	Workspace tests (vitest, coverage beacons on)	2026-09-08T17:42:30.7394960Z             89/553    16.1%  enum:abilities.effects[]#applyBuff.maxStat.stat=manaRegen
unit	Workspace tests (vitest, coverage beacons on)	2026-09-08T17:42:30.7395706Z             89/553    16.1%  enum:abilities.effects[]#applyBuff.maxStat.stat=mr
unit	Workspace tests (vitest, coverage beacons on)	2026-09-08T17:42:30.7396390Z             90/553    16.3%  enum:abilities.effects[]#applyBuff.maxStat.stat=healthRegen
unit	Workspace tests (vitest, coverage beacons on)	2026-09-08T17:42:30.7397022Z             90/90    100.0%  enum:abilities.effects[]#spawnModelFx.shape=single
unit	Workspace tests (vitest, coverage beacons on)	2026-09-08T17:42:30.7397693Z             92/402    22.9%  enum:abilities.cooldownTier=極小
unit	Workspace tests (vitest, coverage beacons on)	2026-09-08T17:42:30.7398410Z            100/359    27.9%  enum:abilities.effects[]#chainLightning.damageType=physical
unit	Workspace tests (vitest, coverage beacons on)	2026-09-08T17:42:30.7398932Z            106/402    26.4%  enum:abilities.cooldownTier=中
unit	Workspace tests (vitest, coverage beacons on)	2026-09-08T17:42:30.7399451Z            106/492    21.5%  enum:abilities.provenance=owner-spec
unit	Workspace tests (vitest, coverage beacons on)	2026-09-08T17:42:30.7400107Z            107/553    19.3%  enum:abilities.effects[]#applyBuff.maxStat.stat=maxMana
unit	Workspace tests (vitest, coverage beacons on)	2026-09-08T17:42:30.7400794Z            109/246    44.3%  enum:abilities.effects[]#applyBuff.hooks[].on=onBasicAttack
unit	Workspace tests (vitest, coverage beacons on)	2026-09-08T17:42:30.7401586Z            110/553    19.9%  enum:abilities.effects[]#applyBuff.maxStat.stat=ms
unit	Workspace tests (vitest, coverage beacons on)	2026-09-08T17:42:30.7402185Z            112/553    20.3%  enum:abilities.effects[]#applyBuff.maxStat.stat=armor
unit	Workspace tests (vitest, coverage beacons on)	2026-09-08T17:42:30.7402844Z            116/553    21.0%  enum:abilities.effects[]#applyBuff.maxStat.stat=maxHealth
unit	Workspace tests (vitest, coverage beacons on)	2026-09-08T17:42:30.7403311Z            119/492    24.2%  enum:abilities.castType=ground
unit	Workspace tests (vitest, coverage beacons on)	2026-09-08T17:42:30.7454251Z            120/186    64.5%  enum:abilities.effects[]#applyBuff.hooks[].target=self
unit	Workspace tests (vitest, coverage beacons on)	2026-09-08T17:42:30.7455040Z            123/257    47.9%  enum:abilities.manaCostTier=小
unit	Workspace tests (vitest, coverage beacons on)	2026-09-08T17:42:30.7455633Z            134/257    52.1%  enum:abilities.manaCostTier=極小
unit	Workspace tests (vitest, coverage beacons on)	2026-09-08T17:42:30.7456276Z            141/553    25.5%  enum:abilities.effects[]#applyBuff.maxStat.stat=as
unit	Workspace tests (vitest, coverage beacons on)	2026-09-08T17:42:30.7456647Z            142/492    28.9%  enum:abilities.slot=E
unit	Workspace tests (vitest, coverage beacons on)	2026-09-08T17:42:30.7457006Z            142/492    28.9%  enum:abilities.slot=Q
unit	Workspace tests (vitest, coverage beacons on)	2026-09-08T17:42:30.7457349Z            142/492    28.9%  enum:abilities.slot=R
unit	Workspace tests (vitest, coverage beacons on)	2026-09-08T17:42:30.7457756Z            142/492    28.9%  enum:abilities.slot=W
unit	Workspace tests (vitest, coverage beacons on)	2026-09-08T17:42:30.7458433Z            148/305    48.5%  enum:abilities.effects[]#applyBuff.modifiers[].op=pctAdd
unit	Workspace tests (vitest, coverage beacons on)	2026-09-08T17:42:30.7458890Z            149/492    30.3%  enum:abilities.castType=targeted
unit	Workspace tests (vitest, coverage beacons on)	2026-09-08T17:42:30.7459689Z            155/202    76.7%  enum:abilities.effects[]#chainLightning.amount.damageTier=小
unit	Workspace tests (vitest, coverage beacons on)	2026-09-08T17:42:30.7460200Z            157/248    63.3%  enum:abilities.rangeTier=極大
unit	Workspace tests (vitest, coverage beacons on)	2026-09-08T17:42:30.7460724Z            172/402    42.8%  enum:abilities.cooldownTier=極大
unit	Workspace tests (vitest, coverage beacons on)	2026-09-08T17:42:30.7461365Z            186/305    61.0%  enum:abilities.effects[]#applyBuff.modifiers[].op=flat
unit	Workspace tests (vitest, coverage beacons on)	2026-09-08T17:42:30.7461972Z            216/553    39.1%  enum:abilities.effects[]#applyBuff.maxStat.stat=ad
unit	Workspace tests (vitest, coverage beacons on)	2026-09-08T17:42:30.7462603Z            266/359    74.1%  enum:abilities.effects[]#chainLightning.damageType=magic
unit	Workspace tests (vitest, coverage beacons on)	2026-09-08T17:42:30.7463050Z            269/492    54.7%  enum:abilities.castType=self
unit	Workspace tests (vitest, coverage beacons on)	2026-09-08T17:42:30.7463708Z            280/629    44.5%  enum:vfx#vfx@1.mode=burst
unit	Workspace tests (vitest, coverage beacons on)	2026-09-08T17:42:30.7464571Z            282/553    51.0%  enum:abilities.effects[]#applyBuff.maxStat.stat=ap
unit	Workspace tests (vitest, coverage beacons on)	2026-09-08T17:42:30.7465034Z            349/629    55.5%  enum:vfx#vfx@1.mode=continuous
unit	Workspace tests (vitest, coverage beacons on)	2026-09-08T17:42:30.7465539Z            386/492    78.5%  enum:abilities.provenance=w3x-import
unit	Workspace tests (vitest, coverage beacons on)	2026-09-08T17:42:30.7466044Z            616/696    88.5%  enum:vfx#ribbon@1.blendMode=additive
unit	Workspace tests (vitest, coverage beacons on)	2026-09-08T17:42:30.7466060Z 
unit	Workspace tests (vitest, coverage beacons on)	2026-09-08T17:42:30.7466436Z   ── variant (171 reachable, 7 at ZERO) ──
unit	Workspace tests (vitest, coverage beacons on)	2026-09-08T17:42:30.7466955Z     ZERO     0/593     0.0%  variant:abilities.effects[]#consumeStatus
unit	Workspace tests (vitest, coverage beacons on)	2026-09-08T17:42:30.7467370Z     ZERO     0/593     0.0%  variant:abilities.effects[]#evasion
unit	Workspace tests (vitest, coverage beacons on)	2026-09-08T17:42:30.7467758Z     ZERO     0/593     0.0%  variant:abilities.effects[]#pull
unit	Workspace tests (vitest, coverage beacons on)	2026-09-08T17:42:30.7468166Z     ZERO     0/593     0.0%  variant:abilities.effects[]#spendHealth
unit	Workspace tests (vitest, coverage beacons on)	2026-09-08T17:42:30.7468530Z     ZERO     0/7       0.0%  variant:arenas.zones[].bounds#disc
unit	Workspace tests (vitest, coverage beacons on)	2026-09-08T17:42:30.7468977Z     ZERO     0/10      0.0%  variant:vfx-scripts.segments[]|1#bodyMove
unit	Workspace tests (vitest, coverage beacons on)	2026-09-08T17:42:30.7481812Z     ZERO     0/10      0.0%  variant:vfx-scripts.segments[]|1#screenFlash
unit	Workspace tests (vitest, coverage beacons on)	2026-09-08T17:42:30.7482170Z              1/593     0.2%  variant:abilities.effects[]#carry
unit	Workspace tests (vitest, coverage beacons on)	2026-09-08T17:42:30.7482519Z              1/593     0.2%  variant:abilities.effects[]#convertTeam
unit	Workspace tests (vitest, coverage beacons on)	2026-09-08T17:42:30.7482844Z              1/593     0.2%  variant:abilities.effects[]#cycleBuff
unit	Workspace tests (vitest, coverage beacons on)	2026-09-08T17:42:30.7483158Z              1/593     0.2%  variant:abilities.effects[]#grantXp
unit	Workspace tests (vitest, coverage beacons on)	2026-09-08T17:42:30.7483487Z              1/593     0.2%  variant:abilities.effects[]#manaBarrier
unit	Workspace tests (vitest, coverage beacons on)	2026-09-08T17:42:30.7483816Z              1/593     0.2%  variant:abilities.effects[]#swapResource
unit	Workspace tests (vitest, coverage beacons on)	2026-09-08T17:42:30.7484548Z              1/13      7.7%  variant:arenas.zones[].obstacles[]#segment
unit	Workspace tests (vitest, coverage beacons on)	2026-09-08T17:42:30.7485150Z              1/101     1.0%  variant:config#config.ability-vfx-bindings@1
unit	Workspace tests (vitest, coverage beacons on)	2026-09-08T17:42:30.7485894Z              1/101     1.0%  variant:config#config.admin-friend@1
unit	Workspace tests (vitest, coverage beacons on)	2026-09-08T17:42:30.7486413Z              1/101     1.0%  variant:config#config.ambient-vfx@1
unit	Workspace tests (vitest, coverage beacons on)	2026-09-08T17:42:30.7486922Z              1/101     1.0%  variant:config#config.aoe-tiers@1
unit	Workspace tests (vitest, coverage beacons on)	2026-09-08T17:42:30.7487497Z              1/101     1.0%  variant:config#config.ap-coefficient@1
unit	Workspace tests (vitest, coverage beacons on)	2026-09-08T17:42:30.7488085Z              1/101     1.0%  variant:config#config.ap-damage-scaling@1
unit	Workspace tests (vitest, coverage beacons on)	2026-09-08T17:42:30.7488630Z              1/101     1.0%  variant:config#config.arena-pool@1
unit	Workspace tests (vitest, coverage beacons on)	2026-09-08T17:42:30.7489172Z              1/101     1.0%  variant:config#config.arena-rules@1
unit	Workspace tests (vitest, coverage beacons on)	2026-09-08T17:42:30.7489692Z              1/101     1.0%  variant:config#config.audio-map@1
unit	Workspace tests (vitest, coverage beacons on)	2026-09-08T17:42:30.7490208Z              1/101     1.0%  variant:config#config.audio-mix@1
unit	Workspace tests (vitest, coverage beacons on)	2026-09-08T17:42:30.7490776Z              1/101     1.0%  variant:config#config.augment-filter@1
unit	Workspace tests (vitest, coverage beacons on)	2026-09-08T17:42:30.7491362Z              1/101     1.0%  variant:config#config.authoring-rules@1
unit	Workspace tests (vitest, coverage beacons on)	2026-09-08T17:42:30.7491903Z              1/101     1.0%  variant:config#config.base-bonus@1
unit	Workspace tests (vitest, coverage beacons on)	2026-09-08T17:42:30.7492395Z              1/101     1.0%  variant:config#config.berserk@1
unit	Workspace tests (vitest, coverage beacons on)	2026-09-08T17:42:30.7492832Z              1/101     1.0%  variant:config#config.block@1
unit	Workspace tests (vitest, coverage beacons on)	2026-09-08T17:42:30.7493339Z              1/101     1.0%  variant:config#config.body-scale@1
unit	Workspace tests (vitest, coverage beacons on)	2026-09-08T17:42:30.7493839Z              1/101     1.0%  variant:config#config.boss-intro@1
unit	Workspace tests (vitest, coverage beacons on)	2026-09-08T17:42:30.7494887Z              1/101     1.0%  variant:config#config.camera@1
unit	Workspace tests (vitest, coverage beacons on)	2026-09-08T17:42:30.7495423Z              1/101     1.0%  variant:config#config.cast-approach@1
unit	Workspace tests (vitest, coverage beacons on)	2026-09-08T17:42:30.7495955Z              1/101     1.0%  variant:config#config.cast-time-tiers@1
unit	Workspace tests (vitest, coverage beacons on)	2026-09-08T17:42:30.7496478Z              1/101     1.0%  variant:config#config.cast-time@1
unit	Workspace tests (vitest, coverage beacons on)	2026-09-08T17:42:30.7497054Z              1/101     1.0%  variant:config#config.champion-voices@1
unit	Workspace tests (vitest, coverage beacons on)	2026-09-08T17:42:30.7497561Z              1/101     1.0%  variant:config#config.combat-env@1
unit	Workspace tests (vitest, coverage beacons on)	2026-09-08T17:42:30.7498258Z              1/101     1.0%  variant:config#config.combat-feel@1
unit	Workspace tests (vitest, coverage beacons on)	2026-09-08T17:42:30.7498787Z              1/101     1.0%  variant:config#config.combo-strikes@1
unit	Workspace tests (vitest, coverage beacons on)	2026-09-08T17:42:30.7499307Z              1/101     1.0%  variant:config#config.content-load@1
unit	Workspace tests (vitest, coverage beacons on)	2026-09-08T17:42:30.7499847Z              1/101     1.0%  variant:config#config.controller-scheme@1
unit	Workspace tests (vitest, coverage beacons on)	2026-09-08T17:42:30.7500333Z              1/101     1.0%  variant:config#config.cooldown-rules@1
unit	Workspace tests (vitest, coverage beacons on)	2026-09-08T17:42:30.7500819Z              1/101     1.0%  variant:config#config.cooldown-tiers@1
unit	Workspace tests (vitest, coverage beacons on)	2026-09-08T17:42:30.7501264Z              1/101     1.0%  variant:config#config.crit@1
unit	Workspace tests (vitest, coverage beacons on)	2026-09-08T17:42:30.7501810Z              1/101     1.0%  variant:config#config.damage-colors@1
unit	Workspace tests (vitest, coverage beacons on)	2026-09-08T17:42:30.7502341Z              1/101     1.0%  variant:config#config.damage-rules@1
unit	Workspace tests (vitest, coverage beacons on)	2026-09-08T17:42:30.7502930Z              1/101     1.0%  variant:config#config.damage-tier-exemptions@1
unit	Workspace tests (vitest, coverage beacons on)	2026-09-08T17:42:30.7503437Z              1/101     1.0%  variant:config#config.damage-tiers@1
unit	Workspace tests (vitest, coverage beacons on)	2026-09-08T17:42:30.7503889Z              1/101     1.0%  variant:config#config.dispel@1
unit	Workspace tests (vitest, coverage beacons on)	2026-09-08T17:42:30.7504668Z              1/101     1.0%  variant:config#config.displacement-tiers@1
unit	Workspace tests (vitest, coverage beacons on)	2026-09-08T17:42:30.7505172Z              1/101     1.0%  variant:config#config.feel-fx@1
unit	Workspace tests (vitest, coverage beacons on)	2026-09-08T17:42:30.7505701Z              1/101     1.0%  variant:config#config.form-visuals@1
unit	Workspace tests (vitest, coverage beacons on)	2026-09-08T17:42:30.7506209Z              1/101     1.0%  variant:config#config.gamepad@1
unit	Workspace tests (vitest, coverage beacons on)	2026-09-08T17:42:30.7506686Z              1/101     1.0%  variant:config#config.gore@1
unit	Workspace tests (vitest, coverage beacons on)	2026-09-08T17:42:30.7507209Z              1/101     1.0%  variant:config#config.hud-layout@1
unit	Workspace tests (vitest, coverage beacons on)	2026-09-08T17:42:30.7507733Z              1/101     1.0%  variant:config#config.icon-plan@1
unit	Workspace tests (vitest, coverage beacons on)	2026-09-08T17:42:30.7508222Z              1/101     1.0%  variant:config#config.icon-style@1
unit	Workspace tests (vitest, coverage beacons on)	2026-09-08T17:42:30.7508697Z              1/101     1.0%  variant:config#config.icon-upload@1
unit	Workspace tests (vitest, coverage beacons on)	2026-09-08T17:42:30.7509141Z              1/101     1.0%  variant:config#config.item-card@1
unit	Workspace tests (vitest, coverage beacons on)	2026-09-08T17:42:30.7509891Z              1/101     1.0%  variant:config#config.lobby-layout@1
unit	Workspace tests (vitest, coverage beacons on)	2026-09-08T17:42:30.7510369Z              1/101     1.0%  variant:config#config.lobby-rally@1
unit	Workspace tests (vitest, coverage beacons on)	2026-09-08T17:42:30.7510850Z              1/101     1.0%  variant:config#config.mana-economy@1
unit	Workspace tests (vitest, coverage beacons on)	2026-09-08T17:42:30.7511334Z              1/101     1.0%  variant:config#config.mana-tiers@1
unit	Workspace tests (vitest, coverage beacons on)	2026-09-08T17:42:30.7511811Z              1/101     1.0%  variant:config#config.map-report@1
unit	Workspace tests (vitest, coverage beacons on)	2026-09-08T17:42:30.7512273Z              1/101     1.0%  variant:config#config.map-spec@1
unit	Workspace tests (vitest, coverage beacons on)	2026-09-08T17:42:30.7512732Z              1/101     1.0%  variant:config#config.mitigation@1
unit	Workspace tests (vitest, coverage beacons on)	2026-09-08T17:42:30.7513207Z              1/101     1.0%  variant:config#config.model-lod@1
unit	Workspace tests (vitest, coverage beacons on)	2026-09-08T17:42:30.7513769Z              1/101     1.0%  variant:config#config.move-speed-tiers@1
unit	Workspace tests (vitest, coverage beacons on)	2026-09-08T17:42:30.7514538Z              1/101     1.0%  variant:config#config.new-hero-checks@1
unit	Workspace tests (vitest, coverage beacons on)	2026-09-08T17:42:30.7515145Z              1/101     1.0%  variant:config#config.one-shot-clamp@1
unit	Workspace tests (vitest, coverage beacons on)	2026-09-08T17:42:30.7515697Z              1/101     1.0%  variant:config#config.origin-routes@1
unit	Workspace tests (vitest, coverage beacons on)	2026-09-08T17:42:30.7516229Z              1/101     1.0%  variant:config#config.owner-knobs@1
unit	Workspace tests (vitest, coverage beacons on)	2026-09-08T17:42:30.7516772Z              1/101     1.0%  variant:config#config.per-level-bonus@1
unit	Workspace tests (vitest, coverage beacons on)	2026-09-08T17:42:30.7517268Z              1/101     1.0%  variant:config#config.practice@1
unit	Workspace tests (vitest, coverage beacons on)	2026-09-08T17:42:30.7517801Z              1/101     1.0%  variant:config#config.range-guide@1
unit	Workspace tests (vitest, coverage beacons on)	2026-09-08T17:42:30.7518325Z              1/101     1.0%  variant:config#config.range-tiers@1
unit	Workspace tests (vitest, coverage beacons on)	2026-09-08T17:42:30.7518837Z              1/101     1.0%  variant:config#config.rank-growth@1
unit	Workspace tests (vitest, coverage beacons on)	2026-09-08T17:42:30.7519334Z              1/101     1.0%  variant:config#config.ranking@1
unit	Workspace tests (vitest, coverage beacons on)	2026-09-08T17:42:30.7519805Z              1/101     1.0%  variant:config#config.regen@1
unit	Workspace tests (vitest, coverage beacons on)	2026-09-08T17:42:30.7520330Z              1/101     1.0%  variant:config#config.replay@1
unit	Workspace tests (vitest, coverage beacons on)	2026-09-08T17:42:30.7520905Z              1/101     1.0%  variant:config#config.review-tuning@1
unit	Workspace tests (vitest, coverage beacons on)	2026-09-08T17:42:30.7521635Z              1/101     1.0%  variant:config#config.roster@1
unit	Workspace tests (vitest, coverage beacons on)	2026-09-08T17:42:30.7522203Z              1/101     1.0%  variant:config#config.round-grade@1
unit	Workspace tests (vitest, coverage beacons on)	2026-09-08T17:42:30.7522729Z              1/101     1.0%  variant:config#config.screen-fx@1
unit	Workspace tests (vitest, coverage beacons on)	2026-09-08T17:42:30.7523251Z              1/101     1.0%  variant:config#config.shield@1
unit	Workspace tests (vitest, coverage beacons on)	2026-09-08T17:42:30.7523856Z              1/101     1.0%  variant:config#config.skill-normalize@1
unit	Workspace tests (vitest, coverage beacons on)	2026-09-08T17:42:30.7524734Z              1/101     1.0%  variant:config#config.speed-growth-tiers@1
unit	Workspace tests (vitest, coverage beacons on)	2026-09-08T17:42:30.7525187Z              1/101     1.0%  variant:config#config.stat-caps@1
unit	Workspace tests (vitest, coverage beacons on)	2026-09-08T17:42:30.7525773Z              1/101     1.0%  variant:config#config.stat-normalization@1
unit	Workspace tests (vitest, coverage beacons on)	2026-09-08T17:42:30.7526285Z              1/101     1.0%  variant:config#config.stealth@1
unit	Workspace tests (vitest, coverage beacons on)	2026-09-08T17:42:30.7526755Z              1/101     1.0%  variant:config#config.store@1
unit	Workspace tests (vitest, coverage beacons on)	2026-09-08T17:42:30.7527236Z              1/101     1.0%  variant:config#config.taunt@1
unit	Workspace tests (vitest, coverage beacons on)	2026-09-08T17:42:30.7527774Z              1/101     1.0%  variant:config#config.toggle-ability@1
unit	Workspace tests (vitest, coverage beacons on)	2026-09-08T17:42:30.7528184Z              1/101     1.0%  variant:config#config.ugc@1
unit	Workspace tests (vitest, coverage beacons on)	2026-09-08T17:42:30.7528684Z              1/101     1.0%  variant:config#config.ui-cues@1
unit	Workspace tests (vitest, coverage beacons on)	2026-09-08T17:42:30.7529198Z              1/101     1.0%  variant:config#config.ui-lexicon@1
unit	Workspace tests (vitest, coverage beacons on)	2026-09-08T17:42:30.7529720Z              1/101     1.0%  variant:config#config.unit-tints@1
unit	Workspace tests (vitest, coverage beacons on)	2026-09-08T17:42:30.7530337Z              1/101     1.0%  variant:config#config.unsafe-textures@1
unit	Workspace tests (vitest, coverage beacons on)	2026-09-08T17:42:30.7530955Z              1/101     1.0%  variant:config#config.valhalla-sandbox@1
unit	Workspace tests (vitest, coverage beacons on)	2026-09-08T17:42:30.7531498Z              1/101     1.0%  variant:config#config.vfx-ability-art@1
unit	Workspace tests (vitest, coverage beacons on)	2026-09-08T17:42:30.7532030Z              1/101     1.0%  variant:config#config.vfx-budget@1
unit	Workspace tests (vitest, coverage beacons on)	2026-09-08T17:42:30.7532568Z              1/101     1.0%  variant:config#config.vfx-cleanup@1
unit	Workspace tests (vitest, coverage beacons on)	2026-09-08T17:42:30.7533115Z              1/101     1.0%  variant:config#config.vfx-families@1
unit	Workspace tests (vitest, coverage beacons on)	2026-09-08T17:42:30.7533812Z              1/101     1.0%  variant:config#config.vfx-scripts@1
unit	Workspace tests (vitest, coverage beacons on)	2026-09-08T17:42:30.7534494Z              1/101     1.0%  variant:config#config.victory-fx@1
unit	Workspace tests (vitest, coverage beacons on)	2026-09-08T17:42:30.7535085Z              1/101     1.0%  variant:config#config.victory-podium@1
unit	Workspace tests (vitest, coverage beacons on)	2026-09-08T17:42:30.7535637Z              1/101     1.0%  variant:config#config.victory-taunts@1
unit	Workspace tests (vitest, coverage beacons on)	2026-09-08T17:42:30.7536147Z              1/101     1.0%  variant:config#config.voxel-barcodes@1
unit	Workspace tests (vitest, coverage beacons on)	2026-09-08T17:42:30.7536771Z              1/101     1.0%  variant:config#config.voxel-bodies@1
unit	Workspace tests (vitest, coverage beacons on)	2026-09-08T17:42:30.7537313Z              1/101     1.0%  variant:config#config.voxel-look@1
unit	Workspace tests (vitest, coverage beacons on)	2026-09-08T17:42:30.7537958Z              1/101     1.0%  variant:config#config.weakness@1
unit	Workspace tests (vitest, coverage beacons on)	2026-09-08T17:42:30.7538577Z              1/101     1.0%  variant:config#config.weather@1
unit	Workspace tests (vitest, coverage beacons on)	2026-09-08T17:42:30.7539147Z              1/101     1.0%  variant:config#config.world-cues@1
unit	Workspace tests (vitest, coverage beacons on)	2026-09-08T17:42:30.7539751Z              1/101     1.0%  variant:config#config.wounds@1
unit	Workspace tests (vitest, coverage beacons on)	2026-09-08T17:42:30.7540287Z              1/101     1.0%  variant:config#config@1
unit	Workspace tests (vitest, coverage beacons on)	2026-09-08T17:42:30.7541042Z              2/593     0.3%  variant:abilities.effects[]#comboStrikes
unit	Workspace tests (vitest, coverage beacons on)	2026-09-08T17:42:30.7541711Z              2/593     0.3%  variant:abilities.effects[]#extendBuff
unit	Workspace tests (vitest, coverage beacons on)	2026-09-08T17:42:30.7542385Z              2/593     0.3%  variant:abilities.effects[]#shieldBreak
unit	Workspace tests (vitest, coverage beacons on)	2026-09-08T17:42:30.7543044Z              2/10     20.0%  variant:vfx-scripts.segments[]|1#hideBody
unit	Workspace tests (vitest, coverage beacons on)	2026-09-08T17:42:30.7543597Z              2/10     20.0%  variant:vfx-scripts.segments[]|1#sound
unit	Workspace tests (vitest, coverage beacons on)	2026-09-08T17:42:30.7544310Z              3/10     30.0%  variant:vfx-scripts.segments[]|1#anim
unit	Workspace tests (vitest, coverage beacons on)	2026-09-08T17:42:30.7544941Z              3/10     30.0%  variant:vfx-scripts.segments[]|1#floatingText
unit	Workspace tests (vitest, coverage beacons on)	2026-09-08T17:42:30.7545411Z              4/593     0.7%  variant:abilities.effects[]#chainLightning
unit	Workspace tests (vitest, coverage beacons on)	2026-09-08T17:42:30.7545789Z              4/593     0.7%  variant:abilities.effects[]#grantGold
unit	Workspace tests (vitest, coverage beacons on)	2026-09-08T17:42:30.7546312Z              4/593     0.7%  variant:abilities.effects[]#taunt
unit	Workspace tests (vitest, coverage beacons on)	2026-09-08T17:42:30.7546821Z              4/10     40.0%  variant:vfx-scripts.segments[]|1#screenShake
unit	Workspace tests (vitest, coverage beacons on)	2026-09-08T17:42:30.7547471Z              5/593     0.8%  variant:abilities.effects[]#eventValueConversion
unit	Workspace tests (vitest, coverage beacons on)	2026-09-08T17:42:30.7548008Z              5/593     0.8%  variant:abilities.effects[]#revive
unit	Workspace tests (vitest, coverage beacons on)	2026-09-08T17:42:30.7548550Z              6/13     46.2%  variant:arenas.zones[].obstacles[]#circle
unit	Workspace tests (vitest, coverage beacons on)	2026-09-08T17:42:30.7548953Z              6/702     0.9%  variant:vfx#attachment@1
unit	Workspace tests (vitest, coverage beacons on)	2026-09-08T17:42:30.7549457Z              7/593     1.2%  variant:abilities.effects[]#devour
unit	Workspace tests (vitest, coverage beacons on)	2026-09-08T17:42:30.7550029Z              7/593     1.2%  variant:abilities.effects[]#grantAttribute
unit	Workspace tests (vitest, coverage beacons on)	2026-09-08T17:42:30.7550550Z              7/593     1.2%  variant:abilities.effects[]#summon
unit	Workspace tests (vitest, coverage beacons on)	2026-09-08T17:42:30.7551173Z              7/7     100.0%  variant:arenas.zones[].bounds#rect
unit	Workspace tests (vitest, coverage beacons on)	2026-09-08T17:42:30.7551841Z              7/13     53.8%  variant:arenas.zones[].obstacles[]#box
unit	Workspace tests (vitest, coverage beacons on)	2026-09-08T17:42:30.7552466Z              7/629     1.1%  variant:vfx#vfx@1.emitter#point
unit	Workspace tests (vitest, coverage beacons on)	2026-09-08T17:42:30.7553072Z              7/10     70.0%  variant:vfx-scripts.segments[]|1#vfx
unit	Workspace tests (vitest, coverage beacons on)	2026-09-08T17:42:30.7553607Z              8/593     1.3%  variant:abilities.effects[]#proxyCast
unit	Workspace tests (vitest, coverage beacons on)	2026-09-08T17:42:30.7554307Z              9/593     1.5%  variant:abilities.effects[]#screenFlash
unit	Workspace tests (vitest, coverage beacons on)	2026-09-08T17:42:30.7554852Z              9/593     1.5%  variant:abilities.effects[]#spendMana
unit	Workspace tests (vitest, coverage beacons on)	2026-09-08T17:42:30.7555441Z              9/10     90.0%  variant:vfx-scripts.segments[]|1#modelFx
unit	Workspace tests (vitest, coverage beacons on)	2026-09-08T17:42:30.7555976Z             10/593     1.7%  variant:abilities.effects[]#randomArea
unit	Workspace tests (vitest, coverage beacons on)	2026-09-08T17:42:30.7556472Z             12/593     2.0%  variant:abilities.effects[]#leap
unit	Workspace tests (vitest, coverage beacons on)	2026-09-08T17:42:30.7557038Z             12/593     2.0%  variant:abilities.effects[]#weightedBranch
unit	Workspace tests (vitest, coverage beacons on)	2026-09-08T17:42:30.7557558Z             13/593     2.2%  variant:abilities.effects[]#heal
unit	Workspace tests (vitest, coverage beacons on)	2026-09-08T17:42:30.7558337Z             16/593     2.7%  variant:abilities.effects[]#floatingText
unit	Workspace tests (vitest, coverage beacons on)	2026-09-08T17:42:30.7558991Z             17/593     2.9%  variant:abilities.effects[]#modifyCooldown
unit	Workspace tests (vitest, coverage beacons on)	2026-09-08T17:42:30.7559531Z             17/593     2.9%  variant:abilities.effects[]#shield
unit	Workspace tests (vitest, coverage beacons on)	2026-09-08T17:42:30.7560066Z             18/593     3.0%  variant:abilities.effects[]#dash
unit	Workspace tests (vitest, coverage beacons on)	2026-09-08T17:42:30.7560625Z             21/593     3.5%  variant:abilities.effects[]#invulnerable
unit	Workspace tests (vitest, coverage beacons on)	2026-09-08T17:42:30.7561137Z             22/593     3.7%  variant:abilities.effects[]#dispel
unit	Workspace tests (vitest, coverage beacons on)	2026-09-08T17:42:30.7561838Z             23/593     3.9%  variant:abilities.effects[]#spawnProjectile
unit	Workspace tests (vitest, coverage beacons on)	2026-09-08T17:42:30.7562429Z             24/593     4.0%  variant:abilities.effects[]#blink
unit	Workspace tests (vitest, coverage beacons on)	2026-09-08T17:42:30.7562953Z             26/629     4.1%  variant:vfx#vfx@1.emitter#ring
unit	Workspace tests (vitest, coverage beacons on)	2026-09-08T17:42:30.7563534Z             27/593     4.6%  variant:abilities.effects[]#knockback
unit	Workspace tests (vitest, coverage beacons on)	2026-09-08T17:42:30.7564180Z             28/593     4.7%  variant:abilities.effects[]#dot
unit	Workspace tests (vitest, coverage beacons on)	2026-09-08T17:42:30.7564855Z             28/593     4.7%  variant:abilities.effects[]#screenShake
unit	Workspace tests (vitest, coverage beacons on)	2026-09-08T17:42:30.7565512Z             33/593     5.6%  variant:abilities.effects[]#championForm
unit	Workspace tests (vitest, coverage beacons on)	2026-09-08T17:42:30.7566081Z             39/593     6.6%  variant:abilities.effects[]#restore
unit	Workspace tests (vitest, coverage beacons on)	2026-09-08T17:42:30.7566646Z             40/593     6.7%  variant:abilities.effects[]#damageLine
unit	Workspace tests (vitest, coverage beacons on)	2026-09-08T17:42:30.7567261Z             50/593     8.4%  variant:abilities.effects[]#delayed
unit	Workspace tests (vitest, coverage beacons on)	2026-09-08T17:42:30.7567700Z             67/702     9.5%  variant:vfx#ribbon@1
unit	Workspace tests (vitest, coverage beacons on)	2026-09-08T17:42:30.7568273Z             87/593    14.7%  variant:abilities.effects[]#spawnVfx
unit	Workspace tests (vitest, coverage beacons on)	2026-09-08T17:42:30.7568771Z             90/593    15.2%  variant:abilities.effects[]#spawnModelFx
unit	Workspace tests (vitest, coverage beacons on)	2026-09-08T17:42:30.7569227Z             92/593    15.5%  variant:abilities.effects[]#damageArea
unit	Workspace tests (vitest, coverage beacons on)	2026-09-08T17:42:30.7569622Z            115/629    18.3%  variant:vfx#vfx@1.emitter#sphere
unit	Workspace tests (vitest, coverage beacons on)	2026-09-08T17:42:30.7570125Z            164/593    27.7%  variant:abilities.effects[]#applyStatus
unit	Workspace tests (vitest, coverage beacons on)	2026-09-08T17:42:30.7570738Z            184/593    31.0%  variant:abilities.effects[]#applyBuff
unit	Workspace tests (vitest, coverage beacons on)	2026-09-08T17:42:30.7571178Z            258/593    43.5%  variant:abilities.effects[]#damage
unit	Workspace tests (vitest, coverage beacons on)	2026-09-08T17:42:30.7571603Z            481/629    76.5%  variant:vfx#vfx@1.emitter#cone
unit	Workspace tests (vitest, coverage beacons on)	2026-09-08T17:42:30.7571939Z            629/702    89.6%  variant:vfx#vfx@1
unit	Workspace tests (vitest, coverage beacons on)	2026-09-08T17:42:30.7571960Z 
unit	Workspace tests (vitest, coverage beacons on)	2026-09-08T17:42:30.7572365Z   ── tag (9 reachable, 1 at ZERO) ──
unit	Workspace tests (vitest, coverage beacons on)	2026-09-08T17:42:30.7572670Z     ZERO     0/71      0.0%  tag:weaponClass=gun
unit	Workspace tests (vitest, coverage beacons on)	2026-09-08T17:42:30.7573044Z              4/71      5.6%  tag:weaponClass=bow
unit	Workspace tests (vitest, coverage beacons on)	2026-09-08T17:42:30.7573486Z              4/71      5.6%  tag:weaponClass=greatsword
unit	Workspace tests (vitest, coverage beacons on)	2026-09-08T17:42:30.7573869Z              4/71      5.6%  tag:weaponClass=thrown
unit	Workspace tests (vitest, coverage beacons on)	2026-09-08T17:42:30.7574638Z              5/71      7.0%  tag:weaponClass=claw
unit	Workspace tests (vitest, coverage beacons on)	2026-09-08T17:42:30.7575016Z             12/71     16.9%  tag:weaponClass=fist
unit	Workspace tests (vitest, coverage beacons on)	2026-09-08T17:42:30.7575352Z             12/71     16.9%  tag:weaponClass=sword
unit	Workspace tests (vitest, coverage beacons on)	2026-09-08T17:42:30.7575674Z             13/71     18.3%  tag:weaponClass=katana
unit	Workspace tests (vitest, coverage beacons on)	2026-09-08T17:42:30.7575983Z             17/71     23.9%  tag:weaponClass=magic
unit	Workspace tests (vitest, coverage beacons on)	2026-09-08T17:42:30.7576000Z 
unit	Workspace tests (vitest, coverage beacons on)	2026-09-08T17:42:30.7576021Z 
unit	Workspace tests (vitest, coverage beacons on)	2026-09-08T17:42:30.7576551Z   ══════════════════════════════════════════════════════════════════════════
unit	Workspace tests (vitest, coverage beacons on)	2026-09-08T17:42:30.7577092Z   KNOWN DEAD MECHANISMS — 33 registered features that never happen in a match.
unit	Workspace tests (vitest, coverage beacons on)	2026-09-08T17:42:30.7577531Z   These are ACCEPTED FAILURES, not passing checks. They print every run on purpose.
unit	Workspace tests (vitest, coverage beacons on)	2026-09-08T17:42:30.7577962Z   ══════════════════════════════════════════════════════════════════════════
unit	Workspace tests (vitest, coverage beacons on)	2026-09-08T17:42:30.7578440Z    • field:abilities.effects[]#applyBuff.modifiers[].fromResource
unit	Workspace tests (vitest, coverage beacons on)	2026-09-08T17:42:30.7581790Z      同一個欄位落在共用的 zStatModifierFields 上,所以普查會在道具與技能 applyBuff 兩個節點各看到一次。道具那一側**已經採用**(光魔杖 godie-i027 就是它存在的理由);技能這一側是零,而且零是誠實的 —— 樹上還沒有任何一個 buff 想要一條會隨資源縮水的屬性項。分開兩份 schema 只為了讓其中一邊閉嘴,會讓「percentOf 一定要有來源」這條規則變成兩份(見 schema/common.ts 檔頭對這一點的警告)。機制在 sim/stats/resourceStats.ts。 ⚠️ ⭐ 2026-09-01 改判 `landing` → `debt`（30 天到期，閘要求「⛔ 一個新欄位不可以永遠是新的」）：⭐ 這三格的零**不是一次沒做完的遷移**，是「**這一側今天沒有客戶**」——而道具那一側**早就採用了**（機制因此不在零）。⛔ 把它們留在 `landing` 等於承諾一個**沒有人在做**的遷移，⭐ 而 `debt` 是誠實的那個字。
unit	Workspace tests (vitest, coverage beacons on)	2026-09-08T17:42:30.7582357Z    • field:champions.abilities.*.augment
unit	Workspace tests (vitest, coverage beacons on)	2026-09-08T17:42:30.7584773Z      同上,而且是**鏡像側**:同步方向永遠 standalone→embedded,所以它結構上不可能早於 field:abilities.augment 有採用。兩格要一起刪。 ⚠️ ⭐ 2026-09-08 改判 `landing` → `debt`（30 天到期，閘要求「⛔ 一個新欄位不可以永遠是新的」）：⭐ 這一格的零是**結構性的**（鏡射方向永遠 standalone→embedded，而內嵌側只放 Q/W/E/R）⇒ ⛔ 它**不會**因為時間過去就被採用，`landing` 是一句到期的承諾。⭐ `debt` 是誠實的字：它每一輪都出現在橫幅上，⛔ 而不是假裝有一次遷移正在進行。
unit	Workspace tests (vitest, coverage beacons on)	2026-09-08T17:42:30.7585132Z    • field:champions.abilities.*.marks
unit	Workspace tests (vitest, coverage beacons on)	2026-09-08T17:42:30.7589821Z      具名標記（十二道試煉／風王結界／縮地）剛上架。standalone 那一半已經有使用者（`abilities.marks` = 1/696，`godie-hapm.passive`），紅的是 **champion 文件裡的內嵌鏡像**。⚠️ 這一格的零採用是**結構性的、預期永遠成立的**，不是「還沒有人用」：champion doc 的 `abilities` 只內嵌 Q/W/E/R，PASSIVE 與 EX 走 `passiveAbility`/`exAbility` 兩個字串參照（見 `content/champions/godie-hapm.json`）。而標記天生屬於天生技那一族 —— 它是「這個英雄整場帶著的東西」。所以要讓這一格自然變綠，需要的是一支把標記掛在 Q/W/E/R 上的技能（完全合法，例如「Q 命中累積層數，滿 5 層強化 R」），而不是把十二道試煉搬進鏡像。⛔ 若三十天後仍是 0，正確的處置是問「Q/W/E/R 標記到底該不該存在」，不是延長這筆豁免。 ⚠️ ⭐ 2026-09-08 改判 `landing` → `debt`（30 天到期，閘要求「⛔ 一個新欄位不可以永遠是新的」）：⭐ 這一格的零是**結構性的**（鏡射方向永遠 standalone→embedded，而內嵌側只放 Q/W/E/R）⇒ ⛔ 它**不會**因為時間過去就被採用，`landing` 是一句到期的承諾。⭐ `debt` 是誠實的字：它每一輪都出現在橫幅上，⛔ 而不是假裝有一次遷移正在進行。
unit	Workspace tests (vitest, coverage beacons on)	2026-09-08T17:42:30.7590380Z    • field:items.auras[].lingerSec
unit	Workspace tests (vitest, coverage beacons on)	2026-09-08T17:42:30.7592428Z      WC3's aura buff-tail. There is NO number to port — `Dur`/`HeroDur` is 0 on all 32 stock aura rows (see zAuraDef.lingerSec), so an authored value is a design choice or the anti-flicker knob. The three item auras shipped today are all pure in/out, which is the intended resting state.
unit	Workspace tests (vitest, coverage beacons on)	2026-09-08T17:42:30.7592755Z    • field:abilities.passive.ranks[].auras[].lingerSec
unit	Workspace tests (vitest, coverage beacons on)	2026-09-08T17:42:30.7595586Z      MEASURED, there is no number to port: `Dur1`/`HeroDur1` is 0 on all 32 stock aura rows AND on both imported auras (`A0GM`, `A0ID`). WC3's tail is ENGINE behaviour; authoring one would be inventing content. If we ever want it, it is uniform across every aura and belongs in a 後台-tunable default, not per-doc.
unit	Workspace tests (vitest, coverage beacons on)	2026-09-08T17:42:30.7596263Z    • enum:abilities.passive.ranks[].auras[].affects=all
unit	Workspace tests (vitest, coverage beacons on)	2026-09-08T17:42:30.7599220Z      A DECISION, not a migration. No teamless unit can receive an aura under any value of `affects` (`world.stats.set` is called only in spawnChampion.ts / auraCarrier.ts), and 0 of the 86 aura-derived map abilities target friend and enemy together. Either author the first friend-and-foe aura or DELETE the member together with `AuraAffects` and the `affects === "all"` early-return in `affectsTarget`.
unit	Workspace tests (vitest, coverage beacons on)	2026-09-08T17:42:30.7599663Z    • enum:abilities.effects[]#invulnerable.applyTo=target
unit	Workspace tests (vitest, coverage beacons on)	2026-09-08T17:42:30.7603406Z      Has REAL JASS provenance — war3map.j:51731 (52-02 蹂躪編年史) and :52065 (52-002 射殺百頭) both add 'Avul' to the spell TARGET — plus the AoE form 29-03 有功夫無懦夫「統統進入無敵狀態」. Not bound yet because in the source the victim's Avul is a mechanic shield removed (:51835) before the ability's own damage lands; porting it literally would make the skill refuse its own damage. Needs an owner decision (fidelity vs. the simpler self-window), which is why the 30-day clock is the right pressure here.
unit	Workspace tests (vitest, coverage beacons on)	2026-09-08T17:42:30.7604133Z    • enum:abilities.effects[]#invulnerable.blocksDamage=physical
unit	Workspace tests (vitest, coverage beacons on)	2026-09-08T17:42:30.7605695Z      No 物理免疫-only ability is known in this map; the enum member exists for symmetry. If this is still empty when the grace expires, the honest outcome is `debt` or removing the member.
unit	Workspace tests (vitest, coverage beacons on)	2026-09-08T17:42:30.7606115Z    • enum:abilities.effects[]#championForm.to=base
unit	Workspace tests (vitest, coverage beacons on)	2026-09-08T17:42:30.7611018Z      `to: "base"` is a MANUAL cancel — 'drop the form now, before it expires'. No w3x ability asks for one: all 26 metamorphoses either time out on `ahdu` or are toggles, and the automatic reverts (expiry, death, combat end) go through `revertToBaseForm` in ChampionFormSystem, not through an authored effect. It is exercised by championFormContent.test.ts on all 26 pairs, so the direction works; what is missing is a DESIGN decision that some hero should be able to cancel early. Resolve by authoring it on that hero, or reclassify to "runtime-authored" once the owner rules that no hero ever will.
unit	Workspace tests (vitest, coverage beacons on)	2026-09-08T17:42:30.7611675Z    • enum:abilities.effects[]#shield.absorbs=physical
unit	Workspace tests (vitest, coverage beacons on)	2026-09-08T17:42:30.7617057Z      the sim honours it (sim/effects/shieldAbsorb.test.ts drives a real step for every member) but NO shipped doc is a physical-only barrier: the map's three shield spells are 破法對咒 (magic, now authored), 守護之光 「阻擋任何傷害」 and 機警 「可抵擋90%傷害」, both genuinely all-type. The member exists because the enum mirrors `DamageType` — the seam's stated reason (sim/effects/effect.ts) — not because content asked. Kept `debt` rather than `landing` so it stays in the banner instead of expiring into silence; delete this entry when a physical-only barrier is imported, or narrow the enum to `"all" | "magic"` if owner rules none ever will be.
unit	Workspace tests (vitest, coverage beacons on)	2026-09-08T17:42:30.7617484Z    • enum:abilities.effects[]#shield.absorbs=true
unit	Workspace tests (vitest, coverage beacons on)	2026-09-08T17:42:30.7619663Z      same story as the physical member, one step further: a true-damage-absorbing pool would also eat the arena fire ring (#270 made the burn true damage), which is a balance decision nobody has made. Live in the sim, unused by content, deliberately visible here until it is either authored or removed.
unit	Workspace tests (vitest, coverage beacons on)	2026-09-08T17:42:30.7619916Z    • field:models.voxel
unit	Workspace tests (vitest, coverage beacons on)	2026-09-08T17:42:30.7629115Z      task #229's 鑄形工坊 studio authors this block and task #226's `pnpm voxel:gen` consumes it; the field is the seam BETWEEN the two, so it lands with the schema and is populated when the first generated model doc is written (the studio's own save, or #226's five archetype docs). Zero adoption today is correct — no generated model exists yet — and NOT permanent: `packages/shared/src/voxel/doc.test.ts` proves a populated doc validates, so the only thing missing is a saved character. Delete this entry the moment one lands. ⚠️ 2026-08-26: re-filed from `landing` to `debt` — the 30-day grace expired and no generated model doc has been written since 2026-07-26. Nothing about the seam changed; what changed is the honesty of the label: `landing` promised imminent adoption and that promise is a month old. `debt` keeps it visible in the banner every run instead of expiring into silence.
unit	Workspace tests (vitest, coverage beacons on)	2026-09-08T17:42:30.7630264Z    • field:champions.baseAttackTime
unit	Workspace tests (vitest, coverage beacons on)	2026-09-08T17:42:30.7633020Z      task #144 (per-champion w3x movement/attack speed) is still pending, so all 113 champions use BasicAttackSystem.ts:173's `?? 1.0` and every hero attacks at the same base cadence — the w3x per-hero values were never imported.
unit	Workspace tests (vitest, coverage beacons on)	2026-09-08T17:42:30.7633612Z    • field:items.passive[].damageType
unit	Workspace tests (vitest, coverage beacons on)	2026-09-08T17:42:30.7635610Z      ⏳ 2026-09-05 —— landing 到期（31 天）⇒ 誠實改成 debt。⭐ 遷移沒有發生，而**理由沒有變**：天堂之劍仍然是這一格最接近的第一個採用者，卡住它的與 `damageCrit` 是同一件事（缺「治療觸發這一發的 X%」原語）。⛔ 不再續一次 landing —— 那會讓寬限變成一個可以無限展期的東西，而它存在的意義正好相反。（原文）同上,道具那一面的同一格。天堂之劍正是一件道具,所以它會是這一格的第一個採用者。
unit	Workspace tests (vitest, coverage beacons on)	2026-09-08T17:42:30.7635905Z    • field:items.passive[].damageCrit
unit	Workspace tests (vitest, coverage beacons on)	2026-09-08T17:42:30.7638059Z      ⏳ 2026-09-05 —— landing 到期（31 天）⇒ 誠實改成 debt。⭐ 缺的原語仍然是「治療觸發這一發的 X%」（`heal` 只吃 zScaling，對稱的 `damage.incoming` 那一半還沒有）。⛔ 不續 landing。（原文）道具那一面的【暴擊時】。這四格裡它是最接近被採用的一格 —— 天堂之劍 godie-i01n 是一件道具,它的文案「暴擊時吸血回復100%傷害」就是這一格的第一個消費者,卡住它的是缺一個「治療觸發這一發的 X%」原語(`heal` 只吃 zScaling,對稱的 `damage.incomingPct` 是傷害不是治療)。
unit	Workspace tests (vitest, coverage beacons on)	2026-09-08T17:42:30.7638341Z    • enum:items.craftRole=direct
unit	Workspace tests (vitest, coverage beacons on)	2026-09-08T17:42:30.7639970Z      extract_item_roles.py recovers 7 roles from the map triggers and assigned `direct` to nothing across 214 items. Either the extractor never emits it (a recovery gap worth checking against the JASS) or the role is redundant and should leave the enum.
unit	Workspace tests (vitest, coverage beacons on)	2026-09-08T17:42:30.7640357Z    • field:abilities.template|0.cards[].version
unit	Workspace tests (vitest, coverage beacons on)	2026-09-08T17:42:30.7643120Z      the §5 breaking-migration hook. zAbilityTemplateCard accepts it, but NOTHING reads it — normalizeTemplateBinding/expandStack never branch on a card version, so a doc that set it would be inert (the same shape as the onLevelUp hook above). Resolve by implementing version-aware re-expansion or by deleting the member — do not 'adopt' it.
unit	Workspace tests (vitest, coverage beacons on)	2026-09-08T17:42:30.7643753Z    • variant:abilities.effects[]#evasion
unit	Workspace tests (vitest, coverage beacons on)	2026-09-08T17:42:30.7650544Z      GH#289 lane P5 landed the MECHANISM (sim/effects/evasion.ts + the DECISION-5 ability channel in combat/evasion.ts); the content half is a separate lane and content/ is a single-threaded domain this session. NOT 'nobody needs it' — the source map has named abilities waiting: the timed-dodge shape is 12-00 感應意脈 (+20% 迴避), 74-00 JENOVA (15%), 92-00 憂鬱的眼神 (18%). Note the STAT half is already adopted (13 content files author `stat: evasion` on 3 champion docs, 8 ability docs and the phantom-step augment), so what is unadopted is specifically the TIMED-GRANT effect variant, not the evasion axis. Resolve by porting one of those three onto an `evasion` effect with an explicit durationSec; the 30-day expiry is the reminder, because 'the primitive landed, the content did not' is exactly the S8 this census exists to catch.
unit	Workspace tests (vitest, coverage beacons on)	2026-09-08T17:42:30.7651285Z    • enum:abilities.effects[]#applyBuff.condition|0|1|0.op=!=
unit	Workspace tests (vitest, coverage beacons on)	2026-09-08T17:42:30.7653202Z      比較運算子,鑄技工坊 ConditionEditor 的下拉選單成員之一(apps/editor/src/forge/ConditionEditor.tsx)。出貨的條件卡都是門檻式(`<=` / `>`),沒有一張需要相等比較。第一個自然的採用者是「等級剛好 N」或「層數 == 上限」這種整數比較 —— 目前沒有這種卡。若 30 天後仍是 0,誠實的結論是這兩個成員該從 zCondition 拿掉,而不是硬編一張卡去餵它。
unit	Workspace tests (vitest, coverage beacons on)	2026-09-08T17:42:30.7653695Z    • enum:abilities.effects[]#applyBuff.condition|0|1|0.op===
unit	Workspace tests (vitest, coverage beacons on)	2026-09-08T17:42:30.7654371Z      同上。相等比較在整數軸(level / 層數)才有意義,而條件目前唯一被授權的整數軸是 level,還沒有卡用它。
unit	Workspace tests (vitest, coverage beacons on)	2026-09-08T17:42:30.7654894Z    • enum:abilities.effects[]#applyBuff.condition|0|1|1.stat=agi
unit	Workspace tests (vitest, coverage beacons on)	2026-09-08T17:42:30.7655517Z      同 stat=ad。三圍軸(str/agi/int)在 #248 之後才真的活起來(三圍→AD/攻速/AP),條件讀它是下一步而不是這一步。
unit	Workspace tests (vitest, coverage beacons on)	2026-09-08T17:42:30.7656035Z    • enum:abilities.effects[]#applyBuff.condition|0|1|1.stat=armor
unit	Workspace tests (vitest, coverage beacons on)	2026-09-08T17:42:30.7657152Z      條件的防禦軸。同一條 `stat` 分支,已由 hp 證明會動。防禦門檻的自然客戶是穿透類:「對防禦高於 N 的目標改走真實傷害」—— 這正是 owner 2026-07-30 講的「>=< 某個常數或某個數值條件」在坦克向上的讀法,所以是 landing 不是 debt。
unit	Workspace tests (vitest, coverage beacons on)	2026-09-08T17:42:30.7657693Z    • enum:abilities.effects[]#applyBuff.condition|0|1|1.stat=attackSpeed
unit	Workspace tests (vitest, coverage beacons on)	2026-09-08T17:42:30.7658483Z      條件的攻速軸。同一條 `stat` 分支。自然客戶是攻速流的「攻速達上限後把溢出換成傷害」—— 要等 #286(攻速解鎖上限 10.0)落地才有意義,所以它排在那張票後面。
unit	Workspace tests (vitest, coverage beacons on)	2026-09-08T17:42:30.7658969Z    • enum:abilities.effects[]#applyBuff.condition|0|1|1.stat=int
unit	Workspace tests (vitest, coverage beacons on)	2026-09-08T17:42:30.7659799Z      條件的智力軸。三圍(str/agi/int)在 #248 之後才真的活起來(三圍→AD/攻速/AP),而條件讀三圍是再下一步:今天所有「智力達 X」的敘述都寫在描述文字裡,沒有一支變成可判定的門檻。
unit	Workspace tests (vitest, coverage beacons on)	2026-09-08T17:42:30.7660336Z    • enum:abilities.effects[]#applyBuff.condition|0|1|1.stat=magicResist
unit	Workspace tests (vitest, coverage beacons on)	2026-09-08T17:42:30.7660861Z      條件的魔抗軸。同 armor,兩者在 w3x 的敘述裡幾乎總是成對出現(「防禦或魔抗高於 N」),所以它們會同時被採用或同時留在 0。
unit	Workspace tests (vitest, coverage beacons on)	2026-09-08T17:42:30.7661355Z    • enum:abilities.effects[]#applyBuff.condition|0|1|1.stat=moveSpeed
unit	Workspace tests (vitest, coverage beacons on)	2026-09-08T17:42:30.7661961Z      條件的移速軸。同一條 `stat` 分支。自然客戶是追擊類的「目標移速低於 N 時追加傷害」(配合減速),w3x 有這個家族但今天都只做了減速那一半。
unit	Workspace tests (vitest, coverage beacons on)	2026-09-08T17:42:30.7662418Z    • enum:abilities.effects[]#applyBuff.condition|0|1|1.stat=str
unit	Workspace tests (vitest, coverage beacons on)	2026-09-08T17:42:30.7662978Z      條件的力量軸。同 int:三圍在 #248 之後才活,而條件讀三圍還沒有任何一張卡。力量門檻的自然客戶是「力量高於 N 時擊退距離加倍」這種近戰卡。
unit	Workspace tests (vitest, coverage beacons on)	2026-09-08T17:42:30.7663784Z    • enum:abilities.effects[]#applyBuff.hooks[].damageSource=nonBasic
unit	Workspace tests (vitest, coverage beacons on)	2026-09-08T17:42:30.7667452Z      「只吃**非**普攻的那一發」。`"basic"` 出貨當天就有客戶(反射之盾 godie-i03m 的「反彈普通攻擊傷害 200%」),反向的還沒有。自然的第一個客戶是 w3x 的**法術**反傷/吸收家族(魔法護盾一類:普攻照打、技能才反彈),GGD 今天把那一族全部做成 `shield` 或 `invulnerable.blocksDamage`,沒有一支走 onDamageTaken 的封包過濾。30 天後仍為 0 的話,要問的是「那一族該不該改用這條路」,不是把這一條續期。 ⚠️ ⭐ 2026-09-01 改判 `landing` → `debt`（30 天到期，閘要求「⛔ 一個新欄位不可以永遠是新的」）：⭐ 這三格的零**不是一次沒做完的遷移**，是「**這一側今天沒有客戶**」——而道具那一側**早就採用了**（機制因此不在零）。⛔ 把它們留在 `landing` 等於承諾一個**沒有人在做**的遷移，⭐ 而 `debt` 是誠實的那個字。
unit	Workspace tests (vitest, coverage beacons on)	2026-09-08T17:42:30.7667899Z    • enum:abilities.passive.ranks[].whileForm=base
unit	Workspace tests (vitest, coverage beacons on)	2026-09-08T17:42:30.7668920Z      「只有本體形態才生效」的天生技。第三個成員裡唯一沒有客戶的一個:出貨的變身天生技都是「變身後才有」(alternate),還沒有一支是「變身後就失去」。w3x 裡這種存在(本體的被動在 Emeu 那半邊沒有被登記),所以這是待補的內容不是多餘的成員。
unit	Workspace tests (vitest, coverage beacons on)	2026-09-08T17:42:30.7669262Z    • field:champions.healthRegenPctOfMax
unit	Workspace tests (vitest, coverage beacons on)	2026-09-08T17:42:30.7671894Z      8/1 做的「每秒回最大生命的 N%」機制還活著、還可調、還有行為守衛(`sim/berserkerPctRegen.test.ts` 用手寫夾具跑真世界),但 8/2 之後**沒有任何一位出貨英雄填它**。留著而不是刪掉是刻意的:owner 在 24 小時內把這件事翻過一次面,下一次翻回來時它必須是「英雄卡上填一個數字」,不是一次 schema 改動 + rebuild + 部署(CLAUDE.md 第一守則)。⚠️ 這條豁免說的是「今天 0 筆是對的」,不是「這個機制不用測」——`berserkerPctRegen.test.ts` 另有一條掃全 119 份英雄卡的守衛釘住「真的沒有人填」,所以第一位採用者出現的那一天,那一條會紅,而**這條豁免就該被刪掉**。
unit	Workspace tests (vitest, coverage beacons on)	2026-09-08T17:42:30.7672693Z    • field:abilities.effects[]#applyStatus.breakOnDamage
unit	Workspace tests (vitest, coverage beacons on)	2026-09-08T17:42:30.7675465Z      ⏳ 2026-09-05 —— landing 到期（31 天）⇒ 誠實改成 debt。⭐ 機制與守衛都在（`sim/statusBreak.ts` ＋ 跑真傷害管線的測試），零採用是因為**樹上今天沒有任何一支睡眠系技能** —— 那是內容的事實，⛔ 不是機制的缺口。（原文）C4【睡眠】的閘 ——「受傷即提早解除**這一筆**」。引擎在 `sim/statusBreak.ts`,呼叫點在 `combat/damage.ts` 的傷害落地處,守衛 `sim/statusBreak.test.ts` 跑真的傷害管線。零採用是因為樹上今天沒有任何一支技能是睡眠系 —— 那是一個內容決定。第一支睡眠技能上架的那天,這條豁免就該被刪掉。
unit	Workspace tests (vitest, coverage beacons on)	2026-09-08T17:42:30.7675946Z    • field:abilities.effects[]#applyStatus.breakOnDamageMin
unit	Workspace tests (vitest, coverage beacons on)	2026-09-08T17:42:30.7677875Z      ⏳ 2026-09-05 —— landing 到期（31 天）⇒ 誠實改成 debt。⭐ 與 `breakOnDamage` 同一批；省略 = 0 = WC3 沉睡的語意，所以**零採用正是它該有的樣子**。（原文）睡眠的打醒門檻。省略 = 0 = 任何傷害都醒(WC3 沉睡的語意),所以**零採用正是** 它該有的樣子。它存在的理由是第 3 回合之後場上到處是 DoT:一個「被燃燒每 tick 3 點打醒」的睡眠等於沒有睡眠,而那是設計決定不是常數。與 `breakOnDamage` 同一批。
unit	Workspace tests (vitest, coverage beacons on)	2026-09-08T17:42:30.7678674Z    • enum:abilities.effects[]#applyBuff.hooks[].on=onGuardianDown
unit	Workspace tests (vitest, coverage beacons on)	2026-09-08T17:42:30.7680425Z      ⏳ 2026-09-06 —— landing 到期（31 天）⇒ 誠實改成 debt（閘要求「一個新欄位不可以永遠是新的」）。⭐ 這一側今天沒有內容客戶：沒有任何一支技能在守衛塔倒下時要觸發什麼，⛔ 不是一次沒做完的遷移。守衛塔倒下(世界廣播)。⚠️ 打倒守衛塔**不發 `onKill`**(獎勵由 GuardianSystem 自己付),所以在這個成員之前,「塔倒了」在內容側完全接不到。⭐ 它同時是 GH#263(拆塔即勝)的掛載點。
unit	Workspace tests (vitest, coverage beacons on)	2026-09-08T17:42:30.7680456Z 
unit	Workspace tests (vitest, coverage beacons on)	2026-09-08T17:42:30.7680474Z 
unit	Workspace tests (vitest, coverage beacons on)	2026-09-08T17:42:30.7681246Z  ^[[32m✓^[[39m src/content/fieldAdoption.test.ts ^[[2m(^[[22m^[[2m9 tests^[[22m^[[2m)^[[22m^[[33m 5572^[[2mms^[[22m^[[39m
unit	Workspace tests (vitest, coverage beacons on)	2026-09-08T17:42:30.7682736Z    ^[[33m^[[2m✓^[[22m^[[39m field adoption census (recipe S8: mechanism shipped, content 0)^[[2m > ^[[22mthe census is deterministic — same store, same rows, same order ^[[33m2221^[[2mms^[[22m^[[39m
unit	Workspace tests (vitest, coverage beacons on)	2026-09-08T17:42:31.0011537Z  ^[[32m✓^[[39m src/sim/effects/hookVocabulary.test.ts ^[[2m(^[[22m^[[2m25 tests^[[22m^[[2m)^[[22m^[[90m 209^[[2mms^[[22m^[[39m
unit	Workspace tests (vitest, coverage beacons on)	2026-09-08T17:42:31.6746383Z  ^[[32m✓^[[39m src/content/templates/proxyBarrage.test.ts ^[[2m(^[[22m^[[2m16 tests^[[22m^[[2m)^[[22m^[[90m 105^[[2mms^[[22m^[[39m
unit	Workspace tests (vitest, coverage beacons on)	2026-09-08T17:42:31.7054901Z  ^[[32m✓^[[39m src/content/championFormGoku.test.ts ^[[2m(^[[22m^[[2m13 tests^[[22m^[[2m)^[[22m^[[33m 694^[[2mms^[[22m^[[39m
unit	Workspace tests (vitest, coverage beacons on)	2026-09-08T17:42:32.1523058Z  ^[[32m✓^[[39m src/content/championAttributes.test.ts ^[[2m(^[[22m^[[2m12 tests^[[22m^[[2m)^[[22m^[[90m 194^[[2mms^[[22m^[[39m
unit	Workspace tests (vitest, coverage beacons on)	2026-09-08T17:42:32.8886646Z  ^[[32m✓^[[39m src/sim/economy/capUnlockContent.test.ts ^[[2m(^[[22m^[[2m12 tests^[[22m^[[2m)^[[22m^[[33m 2210^[[2mms^[[22m^[[39m
unit	Workspace tests (vitest, coverage beacons on)	2026-09-08T17:42:33.2265137Z  ^[[32m✓^[[39m src/content/abilityScaling.test.ts ^[[2m(^[[22m^[[2m5 tests^[[22m^[[2m)^[[22m^[[90m 175^[[2mms^[[22m^[[39m
unit	Workspace tests (vitest, coverage beacons on)	2026-09-08T17:42:33.4886426Z  ^[[32m✓^[[39m src/content/championNamesJa.test.ts ^[[2m(^[[22m^[[2m11 tests^[[22m^[[2m)^[[22m^[[90m 203^[[2mms^[[22m^[[39m
unit	Workspace tests (vitest, coverage beacons on)	2026-09-08T17:42:34.4726815Z  ^[[32m✓^[[39m src/sim/alchemyShieldShipped.test.ts ^[[2m(^[[22m^[[2m9 tests^[[22m^[[2m)^[[22m^[[33m 677^[[2mms^[[22m^[[39m
unit	Workspace tests (vitest, coverage beacons on)	2026-09-08T17:42:35.1414350Z  ^[[32m✓^[[39m src/sim/fireRing.test.ts ^[[2m(^[[22m^[[2m19 tests^[[22m^[[2m)^[[22m^[[90m 134^[[2mms^[[22m^[[39m
unit	Workspace tests (vitest, coverage beacons on)	2026-09-08T17:42:36.0636526Z  ^[[32m✓^[[39m src/sim/mobBossNoClip.test.ts ^[[2m(^[[22m^[[2m19 tests^[[22m^[[2m)^[[22m^[[90m 240^[[2mms^[[22m^[[39m
unit	Workspace tests (vitest, coverage beacons on)	2026-09-08T17:42:36.2718050Z  ^[[32m✓^[[39m src/sim/content/requirement.test.ts ^[[2m(^[[22m^[[2m19 tests^[[22m^[[2m)^[[22m^[[33m 2898^[[2mms^[[22m^[[39m
unit	Workspace tests (vitest, coverage beacons on)	2026-09-08T17:42:36.7428477Z  ^[[32m✓^[[39m src/sim/mobs.heroLevelSource.test.ts ^[[2m(^[[22m^[[2m15 tests^[[22m^[[2m)^[[22m^[[90m 38^[[2mms^[[22m^[[39m
unit	Workspace tests (vitest, coverage beacons on)	2026-09-08T17:42:37.3719318Z  ^[[32m✓^[[39m src/sim/innatePassive.test.ts ^[[2m(^[[22m^[[2m10 tests^[[22m^[[2m)^[[22m^[[33m 2484^[[2mms^[[22m^[[39m
unit	Workspace tests (vitest, coverage beacons on)	2026-09-08T17:42:37.6736098Z  ^[[32m✓^[[39m src/sim/taunt.test.ts ^[[2m(^[[22m^[[2m22 tests^[[22m^[[2m)^[[22m^[[90m 117^[[2mms^[[22m^[[39m
unit	Workspace tests (vitest, coverage beacons on)	2026-09-08T17:42:38.1728693Z  ^[[32m✓^[[39m src/sim/revive.test.ts ^[[2m(^[[22m^[[2m20 tests^[[22m^[[2m)^[[22m^[[90m 172^[[2mms^[[22m^[[39m
unit	Workspace tests (vitest, coverage beacons on)	2026-09-08T17:42:38.9634466Z  ^[[32m✓^[[39m src/content/templates/paramsSchema.test.ts ^[[2m(^[[22m^[[2m11 tests^[[22m^[[2m)^[[22m^[[33m 526^[[2mms^[[22m^[[39m
unit	Workspace tests (vitest, coverage beacons on)	2026-09-08T17:42:39.0024138Z  ^[[32m✓^[[39m src/sim/stealth.test.ts ^[[2m(^[[22m^[[2m20 tests^[[22m^[[2m)^[[22m^[[90m 194^[[2mms^[[22m^[[39m
unit	Workspace tests (vitest, coverage beacons on)	2026-09-08T17:42:39.5746322Z  ^[[32m✓^[[39m src/sim/effects/summon.test.ts ^[[2m(^[[22m^[[2m22 tests^[[22m^[[2m)^[[22m^[[33m 418^[[2mms^[[22m^[[39m
unit	Workspace tests (vitest, coverage beacons on)	2026-09-08T17:42:40.4880419Z  ^[[32m✓^[[39m src/sim/hartJassFidelity.test.ts ^[[2m(^[[22m^[[2m23 tests^[[22m^[[2m)^[[22m^[[33m 2651^[[2mms^[[22m^[[39m
unit	Workspace tests (vitest, coverage beacons on)	2026-09-08T17:42:40.5256899Z  ^[[32m✓^[[39m src/content/templates/teleportLockCombo.test.ts ^[[2m(^[[22m^[[2m17 tests^[[22m^[[2m)^[[22m^[[90m 285^[[2mms^[[22m^[[39m
unit	Workspace tests (vitest, coverage beacons on)	2026-09-08T17:42:41.1698546Z  ^[[32m✓^[[39m src/sim/attackStandstill.test.ts ^[[2m(^[[22m^[[2m11 tests^[[22m^[[2m)^[[22m^[[33m 433^[[2mms^[[22m^[[39m
unit	Workspace tests (vitest, coverage beacons on)	2026-09-08T17:42:41.6915336Z  ^[[32m✓^[[39m src/ops/guardProseNamesTheGenerator.test.ts ^[[2m(^[[22m^[[2m5 tests^[[22m^[[2m)^[[22m^[[90m 5^[[2mms^[[22m^[[39m
unit	Workspace tests (vitest, coverage beacons on)	2026-09-08T17:42:41.8902087Z  ^[[32m✓^[[39m src/sim/recovery.test.ts ^[[2m(^[[22m^[[2m29 tests^[[22m^[[2m)^[[22m^[[90m 181^[[2mms^[[22m^[[39m
unit	Workspace tests (vitest, coverage beacons on)	2026-09-08T17:42:42.3257105Z  ^[[32m✓^[[39m src/ops/acceptanceN2.test.ts ^[[2m(^[[22m^[[2m8 tests^[[22m^[[2m)^[[22m^[[90m 79^[[2mms^[[22m^[[39m
unit	Workspace tests (vitest, coverage beacons on)	2026-09-08T17:42:43.0117807Z  ^[[32m✓^[[39m src/sim/moonComboChain.test.ts ^[[2m(^[[22m^[[2m8 tests^[[22m^[[2m)^[[22m^[[33m 2468^[[2mms^[[22m^[[39m
unit	Workspace tests (vitest, coverage beacons on)	2026-09-08T17:42:43.2646011Z  ^[[32m✓^[[39m src/sim/combatEnv.test.ts ^[[2m(^[[22m^[[2m32 tests^[[22m^[[2m)^[[22m^[[33m 314^[[2mms^[[22m^[[39m
unit	Workspace tests (vitest, coverage beacons on)	2026-09-08T17:42:43.3670762Z  ^[[32m✓^[[39m src/sim/mobs.randomChampion.test.ts ^[[2m(^[[22m^[[2m22 tests^[[22m^[[2m)^[[22m^[[90m 44^[[2mms^[[22m^[[39m
unit	Workspace tests (vitest, coverage beacons on)	2026-09-08T17:42:44.5436310Z  ^[[32m✓^[[39m src/content/apCoefficient.test.ts ^[[2m(^[[22m^[[2m12 tests^[[22m^[[2m)^[[22m^[[90m 128^[[2mms^[[22m^[[39m
unit	Workspace tests (vitest, coverage beacons on)	2026-09-08T17:42:44.5832159Z  ^[[32m✓^[[39m src/sim/stats/matchLedger.test.ts ^[[2m(^[[22m^[[2m28 tests^[[22m^[[2m)^[[22m^[[90m 29^[[2mms^[[22m^[[39m
unit	Workspace tests (vitest, coverage beacons on)	2026-09-08T17:42:45.2985970Z  ^[[32m✓^[[39m src/sim/effects/damageArea.test.ts ^[[2m(^[[22m^[[2m19 tests^[[22m^[[2m)^[[22m^[[33m 1319^[[2mms^[[22m^[[39m
unit	Workspace tests (vitest, coverage beacons on)	2026-09-08T17:42:45.3205786Z  ^[[32m✓^[[39m src/sim/innatePassivePayloads.test.ts ^[[2m(^[[22m^[[2m8 tests^[[22m^[[2m)^[[22m^[[33m 787^[[2mms^[[22m^[[39m
unit	Workspace tests (vitest, coverage beacons on)	2026-09-08T17:42:46.6867283Z  ^[[32m✓^[[39m src/sim/mobs.heroDerived.test.ts ^[[2m(^[[22m^[[2m11 tests^[[22m^[[2m)^[[22m^[[90m 16^[[2mms^[[22m^[[39m
unit	Workspace tests (vitest, coverage beacons on)	2026-09-08T17:42:46.6995917Z  ^[[32m✓^[[39m src/content/invulnerableBinding.test.ts ^[[2m(^[[22m^[[2m23 tests^[[22m^[[2m)^[[22m^[[90m 132^[[2mms^[[22m^[[39m
unit	Workspace tests (vitest, coverage beacons on)	2026-09-08T17:42:47.0821794Z  ^[[32m✓^[[39m src/sim/fireRingBurnCurve.test.ts ^[[2m(^[[22m^[[2m11 tests^[[22m^[[2m)^[[22m^[[33m 976^[[2mms^[[22m^[[39m
unit	Workspace tests (vitest, coverage beacons on)	2026-09-08T17:42:47.0847310Z    ^[[33m^[[2m✓^[[22m^[[39m the burn really does escalate with SECONDS SINCE IGNITION^[[2m > ^[[22mshipped: a champion parked outside really dies inside the round, and the burn ESCALATES while he does ^[[33m402^[[2mms^[[22m^[[39m
unit	Workspace tests (vitest, coverage beacons on)	2026-09-08T17:42:47.1650488Z  ^[[32m✓^[[39m src/ops/hostDeployScript.test.ts ^[[2m(^[[22m^[[2m14 tests^[[22m^[[2m)^[[22m^[[90m 21^[[2mms^[[22m^[[39m
unit	Workspace tests (vitest, coverage beacons on)	2026-09-08T17:42:47.5892186Z  ^[[32m✓^[[39m src/sim/fireRingTwoStage.test.ts ^[[2m(^[[22m^[[2m19 tests^[[22m^[[2m)^[[22m^[[33m 1491^[[2mms^[[22m^[[39m
unit	Workspace tests (vitest, coverage beacons on)	2026-09-08T17:42:47.5894538Z    ^[[33m^[[2m✓^[[22m^[[39m firering-two-stage — 時間軸（真 world、真 tick、量半徑）^[[2m > ^[[22m60 秒前不縮 · 60→80 在縮 · 80→90 一格都不動 · 90 之後又縮 · 110 到 0 ^[[33m885^[[2mms^[[22m^[[39m
unit	Workspace tests (vitest, coverage beacons on)	2026-09-08T17:42:47.9618286Z  ^[[32m✓^[[39m src/content/voxelSkin/barcode.test.ts ^[[2m(^[[22m^[[2m34 tests^[[22m^[[2m)^[[22m^[[90m 36^[[2mms^[[22m^[[39m
unit	Workspace tests (vitest, coverage beacons on)	2026-09-08T17:42:48.3973636Z  ^[[32m✓^[[39m src/sim/effects/effectRegistry.test.ts ^[[2m(^[[22m^[[2m13 tests^[[22m^[[2m)^[[22m^[[90m 22^[[2mms^[[22m^[[39m
unit	Workspace tests (vitest, coverage beacons on)	2026-09-08T17:42:49.5994859Z  ^[[32m✓^[[39m src/sim/systems/GuardianSystem.test.ts ^[[2m(^[[22m^[[2m22 tests^[[22m^[[2m)^[[22m^[[90m 89^[[2mms^[[22m^[[39m
unit	Workspace tests (vitest, coverage beacons on)	2026-09-08T17:42:49.6866016Z  ^[[32m✓^[[39m src/sim/combat/hitFeel.test.ts ^[[2m(^[[22m^[[2m16 tests^[[22m^[[2m)^[[22m^[[90m 81^[[2mms^[[22m^[[39m
unit	Workspace tests (vitest, coverage beacons on)	2026-09-08T17:42:50.1374811Z  ^[[32m✓^[[39m src/content/loader.test.ts ^[[2m(^[[22m^[[2m4 tests^[[22m^[[2m)^[[22m^[[33m 1810^[[2mms^[[22m^[[39m
unit	Workspace tests (vitest, coverage beacons on)	2026-09-08T17:42:50.1895703Z  ^[[32m✓^[[39m src/sim/roundHardCap.test.ts ^[[2m(^[[22m^[[2m11 tests^[[22m^[[2m)^[[22m^[[33m 1519^[[2mms^[[22m^[[39m
unit	Workspace tests (vitest, coverage beacons on)	2026-09-08T17:42:50.1925692Z    ^[[33m^[[2m✓^[[22m^[[39m round-hard-cap — 不管什麼條件，回合到上限一定開始收場^[[2m > ^[[22m火圈在硬上限那一刻一定開始收 —— 四隻殭屍王都推不動它 ^[[33m561^[[2mms^[[22m^[[39m
unit	Workspace tests (vitest, coverage beacons on)	2026-09-08T17:42:50.1927717Z    ^[[33m^[[2m✓^[[22m^[[39m round-hard-cap — 不管什麼條件，回合到上限一定開始收場^[[2m > ^[[22m回合真的結束：`isCombatTimeUp` 在硬底線上限那一刻翻真，不管幾隻王 ^[[33m320^[[2mms^[[22m^[[39m
unit	Workspace tests (vitest, coverage beacons on)	2026-09-08T17:42:50.1929291Z    ^[[33m^[[2m✓^[[22m^[[39m round-hard-cap — 開場就違規的設定^[[2m > ^[[22m夾過之後火圈一定收得完 —— 硬上限不會製造「圈還在縮就結束」的回合 ^[[33m316^[[2mms^[[22m^[[39m
unit	Workspace tests (vitest, coverage beacons on)	2026-09-08T17:42:50.9718895Z  ^[[32m✓^[[39m src/sim/championForm.test.ts ^[[2m(^[[22m^[[2m15 tests^[[22m^[[2m)^[[22m^[[90m 79^[[2mms^[[22m^[[39m
unit	Workspace tests (vitest, coverage beacons on)	2026-09-08T17:42:51.4442643Z  ^[[32m✓^[[39m src/sim/auraCarrier.test.ts ^[[2m(^[[22m^[[2m11 tests^[[22m^[[2m)^[[22m^[[33m 460^[[2mms^[[22m^[[39m
unit	Workspace tests (vitest, coverage beacons on)	2026-09-08T17:42:51.4478982Z    ^[[33m^[[2m✓^[[22m^[[39m 虛擬蝗蟲群 — a form-scoped aura, carried by a dummy the player never meets^[[2m > ^[[22mis DETERMINISTIC: two runs of the same seed agree tick by tick ^[[33m400^[[2mms^[[22m^[[39m
unit	Workspace tests (vitest, coverage beacons on)	2026-09-08T17:42:51.9546993Z  ^[[32m✓^[[39m src/content/legendaryOwnerRulings.test.ts ^[[2m(^[[22m^[[2m12 tests^[[22m^[[2m)^[[22m^[[90m 207^[[2mms^[[22m^[[39m
unit	Workspace tests (vitest, coverage beacons on)	2026-09-08T17:42:53.0645883Z  ^[[32m✓^[[39m src/sim/effects/knockback.test.ts ^[[2m(^[[22m^[[2m18 tests^[[22m^[[2m)^[[22m^[[90m 97^[[2mms^[[22m^[[39m
unit	Workspace tests (vitest, coverage beacons on)	2026-09-08T17:42:53.3910290Z  ^[[32m✓^[[39m src/sim/summonTargeting.test.ts ^[[2m(^[[22m^[[2m13 tests^[[22m^[[2m)^[[22m^[[33m 734^[[2mms^[[22m^[[39m
unit	Workspace tests (vitest, coverage beacons on)	2026-09-08T17:42:53.3912298Z    ^[[33m^[[2m✓^[[22m^[[39m 召喚物 決策點: 火圈 + 賞金 (gh289-summon)^[[2m > ^[[22m`bountyGold` pays the killer; the default pays nobody ^[[33m328^[[2mms^[[22m^[[39m
unit	Workspace tests (vitest, coverage beacons on)	2026-09-08T17:42:54.4756042Z  ^[[32m✓^[[39m src/sim/systems/MobSystem.fireRing.test.ts ^[[2m(^[[22m^[[2m8 tests^[[22m^[[2m)^[[22m^[[90m 169^[[2mms^[[22m^[[39m
unit	Workspace tests (vitest, coverage beacons on)	2026-09-08T17:42:54.7256015Z  ^[[32m✓^[[39m src/content/vfxDocsBirthVisibility.test.ts ^[[2m(^[[22m^[[2m7 tests^[[22m^[[2m)^[[22m^[[33m 713^[[2mms^[[22m^[[39m
unit	Workspace tests (vitest, coverage beacons on)	2026-09-08T17:42:54.7258260Z    ^[[33m^[[2m✓^[[22m^[[39m 👁 vfx 出貨態掃描：每份文件要有可能畫出一個像素^[[2m > ^[[22m⛔ 出貨的每一份 vfx@1 / ribbon@1 都要有可能畫出一個像素（真缺陷已列名） ^[[33m635^[[2mms^[[22m^[[39m
unit	Workspace tests (vitest, coverage beacons on)	2026-09-08T17:42:57.7099590Z  ^[[32m✓^[[39m src/content/heroForge/communityRefinements/azazel.test.ts ^[[2m(^[[22m^[[2m27 tests^[[22m^[[2m)^[[22m^[[33m 4986^[[2mms^[[22m^[[39m
unit	Workspace tests (vitest, coverage beacons on)	2026-09-08T17:42:57.7146538Z    ^[[33m^[[2m✓^[[22m^[[39m Azazel authored six-slot refinement^[[2m > ^[[22msingle-slot preparation is explicit; the actual kit earns its own EX resources ^[[33m3440^[[2mms^[[22m^[[39m
unit	Workspace tests (vitest, coverage beacons on)	2026-09-08T17:42:57.7149104Z    ^[[33m^[[2m✓^[[22m^[[39m Azazel authored six-slot refinement^[[2m > ^[[22mprecasts the real R for EX preview, preserving expiry, life payment and resource failure ^[[33m1007^[[2mms^[[22m^[[39m
unit	Workspace tests (vitest, coverage beacons on)	2026-09-08T17:42:57.7176352Z    ^[[33m^[[2m✓^[[22m^[[39m Azazel authored six-slot refinement^[[2m > ^[[22mpackages kit-declared statuses but still rejects unknown status and visual dependencies ^[[33m339^[[2mms^[[22m^[[39m
unit	Workspace tests (vitest, coverage beacons on)	2026-09-08T17:42:58.7818529Z  ^[[32m✓^[[39m src/content/abilityProse.test.ts ^[[2m(^[[22m^[[2m8 tests^[[22m^[[2m)^[[22m^[[33m 2433^[[2mms^[[22m^[[39m
unit	Workspace tests (vitest, coverage beacons on)	2026-09-08T17:42:59.6111622Z  ^[[32m✓^[[39m src/content/icons.test.ts ^[[2m(^[[22m^[[2m7 tests^[[22m^[[2m)^[[22m^[[33m 980^[[2mms^[[22m^[[39m
unit	Workspace tests (vitest, coverage beacons on)	2026-09-08T17:42:59.6120699Z    ^[[33m^[[2m✓^[[22m^[[39m w3x original icons (icons)^[[2m > ^[[22mevery doc carrying an icon still parses as its strict schema (icon-schema-valid) ^[[33m588^[[2mms^[[22m^[[39m
unit	Workspace tests (vitest, coverage beacons on)	2026-09-08T17:43:00.1919793Z  ^[[32m✓^[[39m src/content/templates/orbitProxy.test.ts ^[[2m(^[[22m^[[2m10 tests^[[22m^[[2m)^[[22m^[[90m 208^[[2mms^[[22m^[[39m
unit	Workspace tests (vitest, coverage beacons on)	2026-09-08T17:43:00.9791743Z  ^[[32m✓^[[39m src/content/skillCostTiers.test.ts ^[[2m(^[[22m^[[2m16 tests^[[22m^[[2m)^[[22m^[[90m 34^[[2mms^[[22m^[[39m
unit	Workspace tests (vitest, coverage beacons on)	2026-09-08T17:43:02.2346119Z  ^[[32m✓^[[39m src/sim/economy/itemSets.test.ts ^[[2m(^[[22m^[[2m23 tests^[[22m^[[2m)^[[22m^[[90m 43^[[2mms^[[22m^[[39m
unit	Workspace tests (vitest, coverage beacons on)	2026-09-08T17:43:02.4125983Z  ^[[32m✓^[[39m src/sim/itemAttributes.test.ts ^[[2m(^[[22m^[[2m14 tests^[[22m^[[2m)^[[22m^[[33m 865^[[2mms^[[22m^[[39m
unit	Workspace tests (vitest, coverage beacons on)	2026-09-08T17:43:04.9931256Z  ^[[32m✓^[[39m src/sim/championFormContent.test.ts ^[[2m(^[[22m^[[2m1 test^[[22m^[[2m)^[[22m^[[33m 1166^[[2mms^[[22m^[[39m
unit	Workspace tests (vitest, coverage beacons on)	2026-09-08T17:43:05.1365927Z  ^[[32m✓^[[39m src/sim/bossRoundExtension.test.ts ^[[2m(^[[22m^[[2m12 tests^[[22m^[[2m)^[[22m^[[33m 1429^[[2mms^[[22m^[[39m
unit	Workspace tests (vitest, coverage beacons on)	2026-09-08T17:43:05.1376967Z    ^[[33m^[[2m✓^[[22m^[[39m 殭屍王被召喚 → 兩個截止時間都真的延後 (boss-round-extension)^[[2m > ^[[22mdelays the ring's ACTUAL ignition by 180 s — read off the radius, not the config ^[[33m345^[[2mms^[[22m^[[39m
unit	Workspace tests (vitest, coverage beacons on)	2026-09-08T17:43:05.1387147Z    ^[[33m^[[2m✓^[[22m^[[39m 殭屍王被召喚 → 兩個截止時間都真的延後 (boss-round-extension)^[[2m > ^[[22mpushes the ACTUAL combat deadline out by 180 s — read off isCombatTimeUp ^[[33m674^[[2mms^[[22m^[[39m
unit	Workspace tests (vitest, coverage beacons on)	2026-09-08T17:43:06.2397023Z  ^[[32m✓^[[39m src/content/templates/chargePush.test.ts ^[[2m(^[[22m^[[2m11 tests^[[22m^[[2m)^[[22m^[[90m 62^[[2mms^[[22m^[[39m
unit	Workspace tests (vitest, coverage beacons on)	2026-09-08T17:43:07.5085630Z  ^[[32m✓^[[39m src/sim/championFormToggle.test.ts ^[[2m(^[[22m^[[2m5 tests^[[22m^[[2m)^[[22m^[[33m 939^[[2mms^[[22m^[[39m
unit	Workspace tests (vitest, coverage beacons on)	2026-09-08T17:43:07.7379154Z ^[[90mstdout^[[2m | src/sim/autoAttackWhileMovingCensus.test.ts^[[2m > ^[[22m^[[2mGH#216 移動指令期間會不會攻擊 —— 全角色矩陣^[[2m > ^[[22m^[[2m每一位英雄,四個情境,規則關/開各跑一次
unit	Workspace tests (vitest, coverage beacons on)	2026-09-08T17:43:07.7409006Z ^[[22m^[[39mchampions=71 melee=51 ranged=20
unit	Workspace tests (vitest, coverage beacons on)	2026-09-08T17:43:07.7412645Z [inReach] 規則關 → 0 命中: 0/71 = 0.0%   (近戰 0 / 遠程 0)   規則開 → 0 命中: 0/71 = 0.0%
unit	Workspace tests (vitest, coverage beacons on)	2026-09-08T17:43:07.7413825Z [approach] 規則關 → 0 命中: 71/71 = 100.0%   (近戰 51 / 遠程 20)   規則開 → 0 命中: 0/71 = 0.0%
unit	Workspace tests (vitest, coverage beacons on)	2026-09-08T17:43:07.7415145Z [far] 規則關 → 0 命中: 71/71 = 100.0%   (近戰 51 / 遠程 20)   規則開 → 0 命中: 0/71 = 0.0%
unit	Workspace tests (vitest, coverage beacons on)	2026-09-08T17:43:07.7415829Z [idle] 對照組 0 命中: 規則關 0 · 規則開 0
unit	Workspace tests (vitest, coverage beacons on)	2026-09-08T17:43:07.7416492Z id | 名稱 | 類型 | 射程 | 索敵 | idle | inReach | approach | far
unit	Workspace tests (vitest, coverage beacons on)	2026-09-08T17:43:07.7417327Z godie-e001 | 蟬在叫人壞掉 - 龍宮禮奈 | melee | 1.30 | 6.00 | 6→6 | 6→6 | 0→7 | 0→10
unit	Workspace tests (vitest, coverage beacons on)	2026-09-08T17:43:07.7418148Z godie-e002 | 亞瑟王 - Saber | melee | 1.30 | 6.00 | 6→6 | 6→6 | 0→7 | 0→9
unit	Workspace tests (vitest, coverage beacons on)	2026-09-08T17:43:07.7418945Z godie-e007 | 龍之子 - 天地志狼 | ranged | 1.30 | 6.00 | 7→7 | 7→7 | 0→8 | 0→10
unit	Workspace tests (vitest, coverage beacons on)	2026-09-08T17:43:07.7419858Z godie-e008 | 火霧戰士 - 夏娜 | melee | 1.30 | 6.00 | 6→6 | 6→6 | 0→6 | 0→7
unit	Workspace tests (vitest, coverage beacons on)	2026-09-08T17:43:07.7420631Z godie-e00l | 亞瑟王 - Saber | melee | 1.30 | 6.00 | 6→6 | 6→6 | 0→7 | 0→9
unit	Workspace tests (vitest, coverage beacons on)	2026-09-08T17:43:07.7421433Z godie-e00n | 蟬在叫人壞掉 - 龍宮禮奈 | melee | 1.30 | 6.00 | 8→8 | 8→8 | 0→8 | 0→12
unit	Workspace tests (vitest, coverage beacons on)	2026-09-08T17:43:07.7422279Z godie-e00r | 最終泛用人型決戰兵器 - 初號機 | melee | 1.30 | 6.00 | 6→6 | 6→6 | 0→7 | 0→10
unit	Workspace tests (vitest, coverage beacons on)	2026-09-08T17:43:07.7423433Z godie-e00s | 白木老樹精 - 白木卡迪那 | ranged | 1.30 | 6.00 | 6→6 | 6→6 | 0→7 | 0→9
unit	Workspace tests (vitest, coverage beacons on)	2026-09-08T17:43:07.7424481Z godie-e00w | 神鳴流劍士 - 櫻綻剎那 | melee | 1.30 | 6.00 | 6→6 | 6→6 | 0→7 | 0→10
unit	Workspace tests (vitest, coverage beacons on)	2026-09-08T17:43:07.7425440Z godie-e00x | 神鳴流劍士 - 櫻綻剎那 | melee | 1.30 | 6.00 | 6→6 | 6→6 | 0→7 | 0→10
unit	Workspace tests (vitest, coverage beacons on)	2026-09-08T17:43:07.7426347Z godie-e010 | 白木老樹精 - 白木卡迪那 | ranged | 1.30 | 6.00 | 6→6 | 6→6 | 0→0 | 0→0
unit	Workspace tests (vitest, coverage beacons on)	2026-09-08T17:43:07.7427215Z godie-edem | 寫輪眼復仇者 - 宇智波佐助 | melee | 1.30 | 6.00 | 6→6 | 6→6 | 0→7 | 0→10
unit	Workspace tests (vitest, coverage beacons on)	2026-09-08T17:43:07.7428080Z godie-efur | 揍敵客大家長 - 揍敵客桀諾 | melee | 1.30 | 6.00 | 6→6 | 6→6 | 0→7 | 0→10
unit	Workspace tests (vitest, coverage beacons on)	2026-09-08T17:43:07.7428962Z godie-emfr | 魔法老師 - 涅吉。史普林。菲爾德 | ranged | 1.30 | 6.00 | 6→6 | 6→6 | 0→7 | 0→10
unit	Workspace tests (vitest, coverage beacons on)	2026-09-08T17:43:07.7429793Z godie-emns | 奇樂 - 夜神月 | ranged | 4.92 | 6.00 | 6→6 | 6→6 | 0→8 | 0→10
unit	Workspace tests (vitest, coverage beacons on)	2026-09-08T17:43:07.7430747Z godie-etyr | 治癒系公主 - 木乃香 | ranged | 4.92 | 6.00 | 6→6 | 6→6 | 0→7 | 0→9
unit	Workspace tests (vitest, coverage beacons on)	2026-09-08T17:43:07.7431578Z godie-ewar | 龍之子 - 天地志狼 | melee | 1.30 | 6.00 | 7→7 | 7→7 | 0→8 | 0→11
unit	Workspace tests (vitest, coverage beacons on)	2026-09-08T17:43:07.7432430Z godie-h00l | 時空勇者 - 林克 | melee | 1.30 | 6.00 | 6→6 | 6→6 | 0→7 | 0→10
unit	Workspace tests (vitest, coverage beacons on)	2026-09-08T17:43:07.7433449Z godie-h01n | 開外掛的死神 - 黑崎一護 | melee | 1.30 | 6.00 | 5→5 | 5→5 | 0→6 | 0→8
unit	Workspace tests (vitest, coverage beacons on)	2026-09-08T17:43:07.7434468Z godie-h01o | 外掛開很大的死神 - 黑崎一護 | melee | 1.30 | 6.00 | 9→9 | 9→9 | 0→11 | 0→15
unit	Workspace tests (vitest, coverage beacons on)	2026-09-08T17:43:07.7435331Z godie-h01u | 亂世癿王者 - 呂布奉先 | melee | 1.30 | 6.00 | 6→6 | 6→6 | 0→7 | 0→10
unit	Workspace tests (vitest, coverage beacons on)	2026-09-08T17:43:07.7436165Z godie-h020 | 黑魔導士 - 莉娜因巴斯 | ranged | 4.92 | 6.00 | 6→6 | 6→6 | 0→7 | 0→10
unit	Workspace tests (vitest, coverage beacons on)	2026-09-08T17:43:07.7436996Z godie-h02k | 國寶級的畜生 - 熊貓 | melee | 1.30 | 6.00 | 6→6 | 3→6 | 0→7 | 0→9
unit	Workspace tests (vitest, coverage beacons on)	2026-09-08T17:43:07.7437858Z godie-h02r | 種子神奇寶貝 - 妙蛙花 | melee | 4.92 | 6.00 | 10→10 | 10→10 | 0→12 | 0→17
unit	Workspace tests (vitest, coverage beacons on)	2026-09-08T17:43:07.7438717Z godie-h02u | 看似憂鬱的神獸 - 草泥馬 | melee | 1.30 | 6.00 | 6→6 | 6→6 | 0→8 | 0→10
unit	Workspace tests (vitest, coverage beacons on)	2026-09-08T17:43:07.7439576Z godie-h02v | 看似憂鬱的神獸 - 草泥馬 | melee | 1.30 | 6.00 | 6→6 | 6→6 | 0→8 | 0→10
unit	Workspace tests (vitest, coverage beacons on)	2026-09-08T17:43:07.7440600Z godie-hapm | 海克力斯 - Berserker | melee | 1.30 | 6.00 | 6→6 | 6→6 | 0→6 | 0→7
unit	Workspace tests (vitest, coverage beacons on)	2026-09-08T17:43:07.7441544Z godie-hart | 最終幻想 - 克勞德 | melee | 1.30 | 6.00 | 5→5 | 5→5 | 0→7 | 0→10
unit	Workspace tests (vitest, coverage beacons on)	2026-09-08T17:43:07.7442427Z godie-hgam | 種子神奇寶貝 - 妙蛙種子 | melee | 4.92 | 6.00 | 6→6 | 6→6 | 0→8 | 0→10
unit	Workspace tests (vitest, coverage beacons on)	2026-09-08T17:43:07.7443304Z godie-hjai | 黑魔導士 - 莉娜因巴斯 | ranged | 4.92 | 6.00 | 6→6 | 6→6 | 0→7 | 0→10
unit	Workspace tests (vitest, coverage beacons on)	2026-09-08T17:43:07.7444323Z godie-hpb1 | 獸矛傳承使 - 蒼月潮 | melee | 1.30 | 6.00 | 6→6 | 6→6 | 0→6 | 0→8
unit	Workspace tests (vitest, coverage beacons on)	2026-09-08T17:43:07.7445232Z godie-huth | 超級普烏 - 魔人普烏 | melee | 1.30 | 6.00 | 6→6 | 6→6 | 0→6 | 0→7
unit	Workspace tests (vitest, coverage beacons on)	2026-09-08T17:43:07.7446214Z godie-hvsh | 梅杜莎 - Rider | melee | 1.30 | 6.00 | 6→6 | 6→6 | 0→7 | 0→9
unit	Workspace tests (vitest, coverage beacons on)	2026-09-08T17:43:07.7447203Z godie-hvwd | 除魔巫女 - 桔梗 | ranged | 4.92 | 6.00 | 6→6 | 6→6 | 0→8 | 0→11
unit	Workspace tests (vitest, coverage beacons on)	2026-09-08T17:43:07.7448341Z godie-n003 | 黑暗福音 - 依文潔琳 | ranged | 4.92 | 6.00 | 6→6 | 6→6 | 0→7 | 0→10
unit	Workspace tests (vitest, coverage beacons on)	2026-09-08T17:43:07.7449279Z godie-n00b | 小叮噹 - 哆拉A夢 | melee | 4.92 | 6.00 | 6→6 | 6→6 | 0→7 | 0→10
unit	Workspace tests (vitest, coverage beacons on)	2026-09-08T17:43:07.7450290Z godie-n00p | 妖狐藏馬 - 南野秀一 | ranged | 4.92 | 6.00 | 6→6 | 6→6 | 0→8 | 0→10
unit	Workspace tests (vitest, coverage beacons on)	2026-09-08T17:43:07.7451534Z godie-n01c | 傳說的龍騎士 - 勇者小呆 | melee | 1.30 | 6.00 | 8→8 | 8→8 | 0→9 | 0→12
unit	Workspace tests (vitest, coverage beacons on)	2026-09-08T17:43:07.7452537Z godie-n01g | 黑暗福音 - 依文潔琳 | ranged | 4.92 | 6.00 | 6→6 | 6→6 | 0→7 | 0→10
unit	Workspace tests (vitest, coverage beacons on)	2026-09-08T17:43:07.7453542Z godie-nbbc | 傳說的龍騎士 - 勇者小呆 | melee | 1.30 | 6.00 | 6→6 | 6→6 | 0→7 | 0→10
unit	Workspace tests (vitest, coverage beacons on)	2026-09-08T17:43:07.7454758Z godie-nsjs | 妖狐藏馬 - 南野秀一 | melee | 4.92 | 6.00 | 6→6 | 6→6 | 0→8 | 0→11
unit	Workspace tests (vitest, coverage beacons on)	2026-09-08T17:43:07.7455791Z godie-o00k | 傲嬌電氣老鼠 - 皮卡娘 | ranged | 1.30 | 6.00 | 6→6 | 6→6 | 0→6 | 0→7
unit	Workspace tests (vitest, coverage beacons on)	2026-09-08T17:43:07.7456818Z godie-o00l | 獸神官 - 傑洛士 | ranged | 1.30 | 6.00 | 6→6 | 6→6 | 0→7 | 0→10
unit	Workspace tests (vitest, coverage beacons on)	2026-09-08T17:43:07.7457819Z godie-o00x | 超級賽亞人 - 悟空 | melee | 1.30 | 6.00 | 8→8 | 8→8 | 0→8 | 0→12
unit	Workspace tests (vitest, coverage beacons on)	2026-09-08T17:43:07.7458834Z godie-o02l | 神騎寶貝 - 皮卡丘 | melee | 4.92 | 6.00 | 8→8 | 8→8 | 0→10 | 0→14
unit	Workspace tests (vitest, coverage beacons on)	2026-09-08T17:43:07.7459828Z godie-o02p | 夢幻之星 - 初音 | melee | 4.92 | 6.00 | 6→6 | 6→6 | 0→7 | 0→10
unit	Workspace tests (vitest, coverage beacons on)	2026-09-08T17:43:07.7460825Z godie-o030 | 電車癡漢 - 臭作 | ranged | 6.40 | 6.40 | 7→7 | 7→7 | 0→9 | 0→12
unit	Workspace tests (vitest, coverage beacons on)	2026-09-08T17:43:07.7461815Z godie-ofar | 神奇寶貝兒 - 皮卡丘 | ranged | 4.92 | 6.00 | 6→6 | 6→6 | 0→7 | 0→10
unit	Workspace tests (vitest, coverage beacons on)	2026-09-08T17:43:07.7462996Z godie-ogld | 美白大法師 - 黑人牙膏 | ranged | 7.20 | 7.20 | 5→5 | 5→5 | 0→6 | 0→8
unit	Workspace tests (vitest, coverage beacons on)	2026-09-08T17:43:07.7464118Z godie-ogrh | 賽亞人 - 悟空 | melee | 1.30 | 6.00 | 6→6 | 6→6 | 0→7 | 0→10
unit	Workspace tests (vitest, coverage beacons on)	2026-09-08T17:43:07.7465004Z godie-orkn | 電車癡漢 - 臭作 | ranged | 4.92 | 6.00 | 6→6 | 6→6 | 0→8 | 0→10
unit	Workspace tests (vitest, coverage beacons on)	2026-09-08T17:43:07.7465842Z godie-osam | 犬妖 - 殺生丸 | melee | 1.30 | 6.00 | 6→6 | 6→6 | 0→7 | 0→10
unit	Workspace tests (vitest, coverage beacons on)	2026-09-08T17:43:07.7466785Z godie-u00h | 鬼畜紅王 - 鬼畜狂刀KYO | melee | 1.30 | 6.00 | 6→6 | 6→6 | 0→7 | 0→9
unit	Workspace tests (vitest, coverage beacons on)	2026-09-08T17:43:07.7467729Z godie-u00j | 神性的流失 - 賽菲洛斯 | melee | 1.30 | 6.00 | 7→7 | 7→7 | 0→8 | 0→10
unit	Workspace tests (vitest, coverage beacons on)	2026-09-08T17:43:07.7468696Z godie-u00k | 邪惡意念集合體 - 死之王 | ranged | 1.30 | 6.00 | 6→6 | 6→6 | 0→7 | 0→9
unit	Workspace tests (vitest, coverage beacons on)	2026-09-08T17:43:07.7469646Z godie-u00l | 北斗之鼠 - 拳四郎 | melee | 1.30 | 6.00 | 8→8 | 8→8 | 0→8 | 0→11
unit	Workspace tests (vitest, coverage beacons on)	2026-09-08T17:43:07.7470567Z godie-u00n | 草帽小子 - 蒙其.D.魯夫 | melee | 1.30 | 6.00 | 6→6 | 6→6 | 0→6 | 0→7
unit	Workspace tests (vitest, coverage beacons on)	2026-09-08T17:43:07.7471552Z godie-u00o | 草帽小子 - 蒙其.D.魯夫 | melee | 1.30 | 6.00 | 6→6 | 6→6 | 0→6 | 0→7
unit	Workspace tests (vitest, coverage beacons on)	2026-09-08T17:43:07.7472618Z godie-u00v | 黑手黨老大 - 基廉列克 | melee | 1.30 | 6.00 | 4→4 | 4→4 | 0→4 | 0→5
unit	Workspace tests (vitest, coverage beacons on)	2026-09-08T17:43:07.7473653Z godie-u010 | 邪眼師 - 飛影 | melee | 1.30 | 6.00 | 6→6 | 6→6 | 0→7 | 0→10
unit	Workspace tests (vitest, coverage beacons on)	2026-09-08T17:43:07.7474870Z godie-u01u | 三刀流劍士 - 索隆 | melee | 1.30 | 6.00 | 6→6 | 6→6 | 0→6 | 0→7
unit	Workspace tests (vitest, coverage beacons on)	2026-09-08T17:43:07.7475851Z godie-u034 | 職業獵人 - 傑 富力士 | melee | 1.30 | 6.00 | 6→6 | 6→6 | 0→7 | 0→11
unit	Workspace tests (vitest, coverage beacons on)	2026-09-08T17:43:07.7476844Z godie-ubal | 魔界霸主 - 巴恩大魔王 | melee | 5.22 | 6.00 | 6→6 | 6→6 | 0→7 | 0→10
unit	Workspace tests (vitest, coverage beacons on)	2026-09-08T17:43:07.7477838Z godie-ucrl | 職業獵人 - 傑 富力士 | melee | 1.30 | 6.00 | 4→4 | 4→4 | 0→4 | 0→5
unit	Workspace tests (vitest, coverage beacons on)	2026-09-08T17:43:07.7478817Z godie-udea | 至尊學長 - 飛鼠先生 | melee | 1.30 | 6.00 | 6→6 | 6→6 | 0→7 | 0→10
unit	Workspace tests (vitest, coverage beacons on)	2026-09-08T17:43:07.7479802Z godie-udre | 三刀流劍士 - 索隆 | melee | 1.30 | 6.00 | 6→6 | 6→6 | 0→6 | 0→7
unit	Workspace tests (vitest, coverage beacons on)	2026-09-08T17:43:07.7480792Z godie-umal | 北斗神拳掌門人 - 拳四郎 | melee | 1.30 | 6.00 | 6→6 | 6→6 | 0→6 | 0→7
unit	Workspace tests (vitest, coverage beacons on)	2026-09-08T17:43:07.7481770Z godie-uvng | 邪眼師 - 飛影 | melee | 1.30 | 6.00 | 6→6 | 6→6 | 0→7 | 0→10
unit	Workspace tests (vitest, coverage beacons on)	2026-09-08T17:43:07.7483130Z godie-zombiex | 聖杯黑泥醬 - 喪標麥可 | melee | 1.30 | 6.00 | 6→6 | 6→6 | 0→7 | 0→10
unit	Workspace tests (vitest, coverage beacons on)	2026-09-08T17:43:07.7484332Z sela | Sela, the Ember Sage | ranged | 1.30 | 6.00 | 6→6 | 6→6 | 0→7 | 0→9
unit	Workspace tests (vitest, coverage beacons on)	2026-09-08T17:43:07.7485180Z thorne | Thorne, the Bramble Knight | melee | 1.30 | 6.00 | 6→6 | 6→6 | 0→7 | 0→9
unit	Workspace tests (vitest, coverage beacons on)	2026-09-08T17:43:07.7485637Z 
unit	Workspace tests (vitest, coverage beacons on)	2026-09-08T17:43:07.7486459Z  ^[[32m✓^[[39m src/sim/autoAttackWhileMovingCensus.test.ts ^[[2m(^[[22m^[[2m2 tests^[[22m^[[2m)^[[22m^[[33m 11842^[[2mms^[[22m^[[39m
unit	Workspace tests (vitest, coverage beacons on)	2026-09-08T17:43:07.7487745Z    ^[[33m^[[2m✓^[[22m^[[39m GH#216 移動指令期間會不會攻擊 —— 全角色矩陣^[[2m > ^[[22m每一位英雄,四個情境,規則關/開各跑一次 ^[[33m9943^[[2mms^[[22m^[[39m
unit	Workspace tests (vitest, coverage beacons on)	2026-09-08T17:43:07.7488796Z  ^[[32m✓^[[39m src/content/audioAssets.test.ts ^[[2m(^[[22m^[[2m13 tests^[[22m^[[2m)^[[22m^[[90m 172^[[2mms^[[22m^[[39m
unit	Workspace tests (vitest, coverage beacons on)	2026-09-08T17:43:08.7106008Z  ^[[32m✓^[[39m src/sim/effects/dispel.test.ts ^[[2m(^[[22m^[[2m12 tests^[[22m^[[2m)^[[22m^[[90m 72^[[2mms^[[22m^[[39m
unit	Workspace tests (vitest, coverage beacons on)	2026-09-08T17:43:09.8566375Z  ^[[32m✓^[[39m src/sim/economy/statPath.test.ts ^[[2m(^[[22m^[[2m20 tests^[[22m^[[2m)^[[22m^[[90m 82^[[2mms^[[22m^[[39m
unit	Workspace tests (vitest, coverage beacons on)	2026-09-08T17:43:10.1403004Z  ^[[32m✓^[[39m src/sim/bodyScaleRange.test.ts ^[[2m(^[[22m^[[2m24 tests^[[22m^[[2m)^[[22m^[[33m 875^[[2mms^[[22m^[[39m
unit	Workspace tests (vitest, coverage beacons on)	2026-09-08T17:43:10.2343334Z  ^[[32m✓^[[39m src/sim/mobs.everyArena.test.ts ^[[2m(^[[22m^[[2m4 tests^[[22m^[[2m)^[[22m^[[33m 18991^[[2mms^[[22m^[[39m
unit	Workspace tests (vitest, coverage beacons on)	2026-09-08T17:43:10.2344795Z    ^[[33m^[[2m✓^[[22m^[[39m 殭屍波 · 每一張出貨場地（含 rect 新圖）^[[2m > ^[[22m⭐ 每一張都生得出殭屍，而且每一隻都落在可玩範圍內 ^[[33m978^[[2mms^[[22m^[[39m
unit	Workspace tests (vitest, coverage beacons on)	2026-09-08T17:43:10.2345921Z    ^[[33m^[[2m✓^[[22m^[[39m 殭屍波 · 生成點與英雄走得通（⛔ 不靠旗標放水）^[[2m > ^[[22m⭐ 每一張出貨場地 × 每區 × 每種身體：六個英雄出生點與每個方向的生成點都在同一塊 ^[[33m13716^[[2mms^[[22m^[[39m
unit	Workspace tests (vitest, coverage beacons on)	2026-09-08T17:43:10.2347159Z    ^[[33m^[[2m✓^[[22m^[[39m 場地通道淨空（⛔ 門檻從 config × mobProfile 推導）^[[2m > ^[[22m⭐ 把身體吹胖到 minClearance/2 之後，每一張出貨場地的主幹都還是一塊 ^[[33m4202^[[2mms^[[22m^[[39m
unit	Workspace tests (vitest, coverage beacons on)	2026-09-08T17:43:10.3566192Z  ^[[32m✓^[[39m src/sim/stats/roundGrade.test.ts ^[[2m(^[[22m^[[2m28 tests^[[22m^[[2m)^[[22m^[[90m 24^[[2mms^[[22m^[[39m
unit	Workspace tests (vitest, coverage beacons on)	2026-09-08T17:43:10.8439573Z  ^[[32m✓^[[39m src/ops/acceptanceN6.test.ts ^[[2m(^[[22m^[[2m7 tests^[[22m^[[2m)^[[22m^[[90m 14^[[2mms^[[22m^[[39m
unit	Workspace tests (vitest, coverage beacons on)	2026-09-08T17:43:11.3879845Z  ^[[32m✓^[[39m src/content/standinRoster.test.ts ^[[2m(^[[22m^[[2m7 tests^[[22m^[[2m)^[[22m^[[33m 362^[[2mms^[[22m^[[39m
unit	Workspace tests (vitest, coverage beacons on)	2026-09-08T17:43:12.7275682Z ^[[90mstderr^[[2m | src/sim/abilities/inertActives.test.ts
unit	Workspace tests (vitest, coverage beacons on)	2026-09-08T17:43:12.7354886Z ^[[22m^[[39m[content] 6 支技能的模板展開失敗，已個別降級（其餘內容照常註冊） · 技能: godie-ofar.e, godie-ofar.ex, godie-ofar.passive, godie-ofar.q, godie-ofar.r, godie-ofar.w · 找不到的模板: tpl-blink, tpl-buff-self, tpl-instant-blast, tpl-single-strike, tpl-transform · 其中 10 份降級後完全沒有效果
unit	Workspace tests (vitest, coverage beacons on)	2026-09-08T17:43:12.7356403Z 
unit	Workspace tests (vitest, coverage beacons on)	2026-09-08T17:43:12.7402862Z  ^[[32m✓^[[39m src/sim/abilities/inertActives.test.ts ^[[2m(^[[22m^[[2m8 tests^[[22m^[[2m)^[[22m^[[33m 587^[[2mms^[[22m^[[39m
unit	Workspace tests (vitest, coverage beacons on)	2026-09-08T17:43:12.7433778Z    ^[[33m^[[2m✓^[[22m^[[39m 58-02 鋼鐵尾巴 (godie-ofar.w) — 補回從沒被移植的那半個暈眩^[[2m > ^[[22m普攻觸發時受害者真的被暈住 —— 那一 tick 他連 Q 都放不出來 ^[[33m445^[[2mms^[[22m^[[39m
unit	Workspace tests (vitest, coverage beacons on)	2026-09-08T17:43:12.7875502Z  ^[[32m✓^[[39m src/sim/effects/oncePerCast.test.ts ^[[2m(^[[22m^[[2m34 tests^[[22m^[[2m)^[[22m^[[33m 525^[[2mms^[[22m^[[39m
unit	Workspace tests (vitest, coverage beacons on)	2026-09-08T17:43:12.8241890Z  ^[[32m✓^[[39m src/sim/combat/critStrike.test.ts ^[[2m(^[[22m^[[2m17 tests^[[22m^[[2m)^[[22m^[[90m 64^[[2mms^[[22m^[[39m
unit	Workspace tests (vitest, coverage beacons on)	2026-09-08T17:43:13.3473620Z  ^[[32m✓^[[39m src/content/standinCensus.test.ts ^[[2m(^[[22m^[[2m8 tests^[[22m^[[2m)^[[22m^[[90m 38^[[2mms^[[22m^[[39m
unit	Workspace tests (vitest, coverage beacons on)	2026-09-08T17:43:13.9796899Z  ^[[32m✓^[[39m src/sim/autoAttackCensus.test.ts ^[[2m(^[[22m^[[2m1 test^[[22m^[[2m)^[[22m^[[33m 4637^[[2mms^[[22m^[[39m
unit	Workspace tests (vitest, coverage beacons on)	2026-09-08T17:43:13.9798868Z    ^[[33m^[[2m✓^[[22m^[[39m auto-attack census (every champion, no orders)^[[2m > ^[[22msweeps every registered champion in both scenarios ^[[33m2461^[[2mms^[[22m^[[39m
unit	Workspace tests (vitest, coverage beacons on)	2026-09-08T17:43:14.0785188Z  ^[[32m✓^[[39m src/sim/coins.test.ts ^[[2m(^[[22m^[[2m24 tests^[[22m^[[2m)^[[22m^[[90m 62^[[2mms^[[22m^[[39m
unit	Workspace tests (vitest, coverage beacons on)	2026-09-08T17:43:14.1145560Z  ^[[32m✓^[[39m src/content/templates/stack.test.ts ^[[2m(^[[22m^[[2m22 tests^[[22m^[[2m)^[[22m^[[90m 76^[[2mms^[[22m^[[39m
unit	Workspace tests (vitest, coverage beacons on)	2026-09-08T17:43:15.1090494Z  ^[[32m✓^[[39m src/content/championFormVisibility.test.ts ^[[2m(^[[22m^[[2m5 tests^[[22m^[[2m)^[[22m^[[90m 135^[[2mms^[[22m^[[39m
unit	Workspace tests (vitest, coverage beacons on)	2026-09-08T17:43:15.3606245Z  ^[[32m✓^[[39m src/sim/economy/itemGatedModifiers.test.ts ^[[2m(^[[22m^[[2m12 tests^[[22m^[[2m)^[[22m^[[90m 24^[[2mms^[[22m^[[39m
unit	Workspace tests (vitest, coverage beacons on)	2026-09-08T17:43:16.6801305Z  ^[[32m✓^[[39m src/ops/adminFormsHandWrittenRatchet.test.ts ^[[2m(^[[22m^[[2m2 tests^[[22m^[[2m)^[[22m^[[33m 1182^[[2mms^[[22m^[[39m
unit	Workspace tests (vitest, coverage beacons on)	2026-09-08T17:43:16.6807733Z    ^[[33m^[[2m✓^[[22m^[[39m 後台表單手寫欄位棘輪^[[2m > ^[[22m⭐ 手寫欄位數只能變少 ^[[33m1175^[[2mms^[[22m^[[39m
unit	Workspace tests (vitest, coverage beacons on)	2026-09-08T17:43:17.0096395Z  ^[[32m✓^[[39m src/sim/combat/killCombo.test.ts ^[[2m(^[[22m^[[2m18 tests^[[22m^[[2m)^[[22m^[[90m 293^[[2mms^[[22m^[[39m
unit	Workspace tests (vitest, coverage beacons on)	2026-09-08T17:43:17.3675808Z  ^[[32m✓^[[39m src/content/voxelSkin/paintBarcode.test.ts ^[[2m(^[[22m^[[2m23 tests^[[22m^[[2m)^[[22m^[[90m 270^[[2mms^[[22m^[[39m
unit	Workspace tests (vitest, coverage beacons on)	2026-09-08T17:43:19.3400465Z  ^[[32m✓^[[39m src/sim/effects/itemCooldownEnv.test.ts ^[[2m(^[[22m^[[2m6 tests^[[22m^[[2m)^[[22m^[[33m 2413^[[2mms^[[22m^[[39m
unit	Workspace tests (vitest, coverage beacons on)	2026-09-08T17:43:19.3468615Z  ^[[32m✓^[[39m src/sim/combat/block.shipped.test.ts ^[[2m(^[[22m^[[2m24 tests^[[22m^[[2m)^[[22m^[[33m 853^[[2mms^[[22m^[[39m
unit	Workspace tests (vitest, coverage beacons on)	2026-09-08T17:43:19.7493858Z  ^[[32m✓^[[39m src/ops/acceptanceN1.test.ts ^[[2m(^[[22m^[[2m6 tests^[[22m^[[2m)^[[22m^[[90m 20^[[2mms^[[22m^[[39m
unit	Workspace tests (vitest, coverage beacons on)	2026-09-08T17:43:19.8065923Z  ^[[32m✓^[[39m src/content/editModel.test.ts ^[[2m(^[[22m^[[2m21 tests^[[22m^[[2m)^[[22m^[[90m 26^[[2mms^[[22m^[[39m
unit	Workspace tests (vitest, coverage beacons on)	2026-09-08T17:43:20.8701297Z  ^[[32m✓^[[39m src/ops/guardMessagesNameTheGenerator.test.ts ^[[2m(^[[22m^[[2m4 tests^[[22m^[[2m)^[[22m^[[90m 4^[[2mms^[[22m^[[39m
unit	Workspace tests (vitest, coverage beacons on)	2026-09-08T17:43:20.9816253Z  ^[[32m✓^[[39m src/sim/deathWard.test.ts ^[[2m(^[[22m^[[2m13 tests^[[22m^[[2m)^[[22m^[[90m 69^[[2mms^[[22m^[[39m
unit	Workspace tests (vitest, coverage beacons on)	2026-09-08T17:43:21.3518572Z  ^[[32m✓^[[39m src/content/standinScale.test.ts ^[[2m(^[[22m^[[2m10 tests^[[22m^[[2m)^[[22m^[[90m 11^[[2mms^[[22m^[[39m
unit	Workspace tests (vitest, coverage beacons on)	2026-09-08T17:43:21.8436089Z  ^[[32m✓^[[39m src/sim/statCapsApOpen.test.ts ^[[2m(^[[22m^[[2m10 tests^[[22m^[[2m)^[[22m^[[33m 772^[[2mms^[[22m^[[39m
unit	Workspace tests (vitest, coverage beacons on)	2026-09-08T17:43:21.9689757Z  ^[[32m✓^[[39m src/content/floatingTextDriftParity.test.ts ^[[2m(^[[22m^[[2m4 tests^[[22m^[[2m)^[[22m^[[90m 5^[[2mms^[[22m^[[39m
unit	Workspace tests (vitest, coverage beacons on)	2026-09-08T17:43:22.6668760Z  ^[[32m✓^[[39m src/sim/combat/evasion.test.ts ^[[2m(^[[22m^[[2m14 tests^[[22m^[[2m)^[[22m^[[33m 631^[[2mms^[[22m^[[39m
unit	Workspace tests (vitest, coverage beacons on)	2026-09-08T17:43:23.2316297Z  ^[[32m✓^[[39m src/content/retiredLootTables.test.ts ^[[2m(^[[22m^[[2m11 tests^[[22m^[[2m)^[[22m^[[33m 4903^[[2mms^[[22m^[[39m
unit	Workspace tests (vitest, coverage beacons on)	2026-09-08T17:43:23.2344608Z    ^[[33m^[[2m✓^[[22m^[[39m ① 出貨樹:quest-rewards 退場了,而且是**宣告**的不是漏排的^[[2m > ^[[22m退場的表被**封存**而不是刪除 —— 而且宣告仍然在 ^[[33m1015^[[2mms^[[22m^[[39m
unit	Workspace tests (vitest, coverage beacons on)	2026-09-08T17:43:23.2406190Z    ^[[33m^[[2m✓^[[22m^[[39m ② 有人把退場的表排回某回合 → 紅^[[2m > ^[[22m這條檢查掛在 `ContentLoader` 上 —— 所以 `pnpm content:build` 會擋 ^[[33m1250^[[2mms^[[22m^[[39m
unit	Workspace tests (vitest, coverage beacons on)	2026-09-08T17:43:23.2464127Z    ^[[33m^[[2m✓^[[22m^[[39m ④ 回合指到一張**不存在**的表 → 紅(以前完全沒有人檢查)^[[2m > ^[[22m`weaponLootTable` 打錯字會被參照完整性擋下,不再是「那一回合沒有卡」 ^[[33m1088^[[2mms^[[22m^[[39m
unit	Workspace tests (vitest, coverage beacons on)	2026-09-08T17:43:23.7613764Z  ^[[32m✓^[[39m src/sim/idleSeekRadius.test.ts ^[[2m(^[[22m^[[2m8 tests^[[22m^[[2m)^[[22m^[[33m 708^[[2mms^[[22m^[[39m
unit	Workspace tests (vitest, coverage beacons on)	2026-09-08T17:43:24.1586060Z  ^[[32m✓^[[39m src/content/announcerVo.test.ts ^[[2m(^[[22m^[[2m12 tests^[[22m^[[2m)^[[22m^[[90m 88^[[2mms^[[22m^[[39m
unit	Workspace tests (vitest, coverage beacons on)	2026-09-08T17:43:24.7647211Z  ^[[32m✓^[[39m src/sim/facingLock.test.ts ^[[2m(^[[22m^[[2m6 tests^[[22m^[[2m)^[[22m^[[90m 100^[[2mms^[[22m^[[39m
unit	Workspace tests (vitest, coverage beacons on)	2026-09-08T17:43:25.3036343Z  ^[[32m✓^[[39m src/content/apCoeffJudgment.test.ts ^[[2m(^[[22m^[[2m11 tests^[[22m^[[2m)^[[22m^[[90m 37^[[2mms^[[22m^[[39m
unit	Workspace tests (vitest, coverage beacons on)	2026-09-08T17:43:26.3756704Z  ^[[32m✓^[[39m src/sim/effects/lane2Kinds.test.ts ^[[2m(^[[22m^[[2m5 tests^[[22m^[[2m)^[[22m^[[90m 37^[[2mms^[[22m^[[39m
unit	Workspace tests (vitest, coverage beacons on)	2026-09-08T17:43:27.3278475Z  ^[[32m✓^[[39m src/content/import/resolvedAppearance.test.ts ^[[2m(^[[22m^[[2m9 tests^[[22m^[[2m)^[[22m^[[33m 3058^[[2mms^[[22m^[[39m
unit	Workspace tests (vitest, coverage beacons on)	2026-09-08T17:43:27.3280234Z    ^[[33m^[[2m✓^[[22m^[[39m resolved-appearance@1^[[2m > ^[[22m★★ ⭐⭐ ②′ 與**註冊表**（＝遊戲真的用的那一份）逐字一致 ^[[33m2917^[[2mms^[[22m^[[39m
unit	Workspace tests (vitest, coverage beacons on)	2026-09-08T17:43:27.6206667Z  ^[[32m✓^[[39m src/sim/combat/damageTypeOverride.shipped.test.ts ^[[2m(^[[22m^[[2m6 tests^[[22m^[[2m)^[[22m^[[33m 1258^[[2mms^[[22m^[[39m
unit	Workspace tests (vitest, coverage beacons on)	2026-09-08T17:43:27.7793289Z  ^[[32m✓^[[39m src/sim/settledZones.test.ts ^[[2m(^[[22m^[[2m10 tests^[[22m^[[2m)^[[22m^[[90m 242^[[2mms^[[22m^[[39m
unit	Workspace tests (vitest, coverage beacons on)	2026-09-08T17:43:28.3166535Z  ^[[32m✓^[[39m src/content/modelHeadGeometry.test.ts ^[[2m(^[[22m^[[2m6 tests^[[22m^[[2m)^[[22m^[[90m 244^[[2mms^[[22m^[[39m
unit	Workspace tests (vitest, coverage beacons on)	2026-09-08T17:43:28.6721684Z  ^[[32m✓^[[39m src/sim/systems/moveOrderNoAggro.test.ts ^[[2m(^[[22m^[[2m7 tests^[[22m^[[2m)^[[22m^[[90m 182^[[2mms^[[22m^[[39m
unit	Workspace tests (vitest, coverage beacons on)	2026-09-08T17:43:29.0747529Z  ^[[32m✓^[[39m src/sim/intToMagicResist.test.ts ^[[2m(^[[22m^[[2m6 tests^[[22m^[[2m)^[[22m^[[90m 40^[[2mms^[[22m^[[39m
unit	Workspace tests (vitest, coverage beacons on)	2026-09-08T17:43:29.1586792Z  ^[[32m✓^[[39m src/sim/economy/shopAttachSites.test.ts ^[[2m(^[[22m^[[2m6 tests^[[22m^[[2m)^[[22m^[[33m 6276^[[2mms^[[22m^[[39m
unit	Workspace tests (vitest, coverage beacons on)	2026-09-08T17:43:29.1657255Z    ^[[33m^[[2m✓^[[22m^[[39m every kind:"item" ModifierSource comes from economy/itemSource.ts^[[2m > ^[[22mno production file hand-builds one ^[[33m6262^[[2mms^[[22m^[[39m
unit	Workspace tests (vitest, coverage beacons on)	2026-09-08T17:43:30.2685785Z  ^[[32m✓^[[39m src/sim/healthPctDrain.test.ts ^[[2m(^[[22m^[[2m13 tests^[[22m^[[2m)^[[22m^[[33m 434^[[2mms^[[22m^[[39m
unit	Workspace tests (vitest, coverage beacons on)	2026-09-08T17:43:30.3305959Z  ^[[32m✓^[[39m src/sim/flowers.test.ts ^[[2m(^[[22m^[[2m8 tests^[[22m^[[2m)^[[22m^[[90m 92^[[2mms^[[22m^[[39m
unit	Workspace tests (vitest, coverage beacons on)	2026-09-08T17:43:30.9519911Z  ^[[32m✓^[[39m src/sim/grantAttributeMaxBasis.test.ts ^[[2m(^[[22m^[[2m3 tests^[[22m^[[2m)^[[22m^[[33m 1085^[[2mms^[[22m^[[39m
unit	Workspace tests (vitest, coverage beacons on)	2026-09-08T17:43:30.9530029Z  ^[[32m✓^[[39m src/sim/combat/pigButcher.shipped.test.ts ^[[2m(^[[22m^[[2m7 tests^[[22m^[[2m)^[[22m^[[33m 621^[[2mms^[[22m^[[39m
unit	Workspace tests (vitest, coverage beacons on)	2026-09-08T17:43:30.9532005Z    ^[[33m^[[2m✓^[[22m^[[39m ② 「無法動作」真的動不了(讀的是 sim 自己的判準,不是狀態 id)^[[2m > ^[[22ma mob eventually gets stunned — and the stun is the real action gate ^[[33m364^[[2mms^[[22m^[[39m
unit	Workspace tests (vitest, coverage beacons on)	2026-09-08T17:43:31.5777996Z  ^[[32m✓^[[39m src/ops/vfxSubtypesRatchet.test.ts ^[[2m(^[[22m^[[2m8 tests^[[22m^[[2m)^[[22m^[[90m 104^[[2mms^[[22m^[[39m
unit	Workspace tests (vitest, coverage beacons on)	2026-09-08T17:43:31.6586896Z  ^[[32m✓^[[39m src/sim/movement/wallBlockDisplacement.test.ts ^[[2m(^[[22m^[[2m3 tests^[[22m^[[2m)^[[22m^[[90m 41^[[2mms^[[22m^[[39m
unit	Workspace tests (vitest, coverage beacons on)	2026-09-08T17:43:32.7508639Z  ^[[32m✓^[[39m src/sim/systems/MobSystem.test.ts ^[[2m(^[[22m^[[2m15 tests^[[22m^[[2m)^[[22m^[[33m 318^[[2mms^[[22m^[[39m
unit	Workspace tests (vitest, coverage beacons on)	2026-09-08T17:43:32.9128316Z  ^[[32m✓^[[39m src/content/championFormsResolve.test.ts ^[[2m(^[[22m^[[2m6 tests^[[22m^[[2m)^[[22m^[[33m 815^[[2mms^[[22m^[[39m
unit	Workspace tests (vitest, coverage beacons on)	2026-09-08T17:43:33.3876902Z  ^[[32m✓^[[39m src/content/retiredCharacterModels.test.ts ^[[2m(^[[22m^[[2m7 tests^[[22m^[[2m)^[[22m^[[33m 1399^[[2mms^[[22m^[[39m
unit	Workspace tests (vitest, coverage beacons on)	2026-09-08T17:43:33.3882448Z    ^[[33m^[[2m✓^[[22m^[[39m retired KayKit Adventurers characters (#226 owner directive / #240 guard)^[[2m > ^[[22mno shipped source, content doc, manifest, LOD table or built bundle references one ^[[33m837^[[2mms^[[22m^[[39m
unit	Workspace tests (vitest, coverage beacons on)	2026-09-08T17:43:33.3885548Z    ^[[33m^[[2m✓^[[22m^[[39m retired KayKit Adventurers characters (#226 owner directive / #240 guard)^[[2m > ^[[22mthe SHIPPED credit ledger does not name the Adventurers pack (we do not distribute it) ^[[33m530^[[2mms^[[22m^[[39m
unit	Workspace tests (vitest, coverage beacons on)	2026-09-08T17:43:34.0056025Z  ^[[32m✓^[[39m src/content/apCoeffDeviation.test.ts ^[[2m(^[[22m^[[2m3 tests^[[22m^[[2m)^[[22m^[[90m 4^[[2mms^[[22m^[[39m
unit	Workspace tests (vitest, coverage beacons on)	2026-09-08T17:43:34.2225981Z  ^[[32m✓^[[39m src/ops/normalizerRuleAgreesAcrossEntrypoints.test.ts ^[[2m(^[[22m^[[2m4 tests^[[22m^[[2m)^[[22m^[[33m 2262^[[2mms^[[22m^[[39m
unit	Workspace tests (vitest, coverage beacons on)	2026-09-08T17:43:34.2236208Z    ^[[33m^[[2m✓^[[22m^[[39m 正規化器判準：五個執行點只准有一種說法（GH#1099 · lane-plan #1101）^[[2m > ^[[22m②③ 校準＋接線：只因這一格而變成產物的檔，genguard 與 hook 都要擋 ^[[33m465^[[2mms^[[22m^[[39m
unit	Workspace tests (vitest, coverage beacons on)	2026-09-08T17:43:34.2285102Z    ^[[33m^[[2m✓^[[22m^[[39m 正規化器判準：五個執行點只准有一種說法（GH#1099 · lane-plan #1101）^[[2m > ^[[22m⑤ lane-plan 的「🔒 全域鎖」逐檔等於判準的答案（GH#1101） ^[[33m1656^[[2mms^[[22m^[[39m
unit	Workspace tests (vitest, coverage beacons on)	2026-09-08T17:43:34.9676242Z  ^[[32m✓^[[39m src/content/abilityMirror.test.ts ^[[2m(^[[22m^[[2m4 tests^[[22m^[[2m)^[[22m^[[90m 121^[[2mms^[[22m^[[39m
unit	Workspace tests (vitest, coverage beacons on)	2026-09-08T17:43:35.1172562Z  ^[[32m✓^[[39m src/content/templates/expand.test.ts ^[[2m(^[[22m^[[2m18 tests^[[22m^[[2m)^[[22m^[[90m 23^[[2mms^[[22m^[[39m
unit	Workspace tests (vitest, coverage beacons on)	2026-09-08T17:43:35.4934902Z  ^[[32m✓^[[39m src/content/templateFamiliesAreAdopted.test.ts ^[[2m(^[[22m^[[2m3 tests^[[22m^[[2m)^[[22m^[[90m 168^[[2mms^[[22m^[[39m
unit	Workspace tests (vitest, coverage beacons on)	2026-09-08T17:43:35.5958482Z  ^[[32m✓^[[39m src/content/modelFxPreset.test.ts ^[[2m(^[[22m^[[2m4 tests^[[22m^[[2m)^[[22m^[[90m 118^[[2mms^[[22m^[[39m
unit	Workspace tests (vitest, coverage beacons on)	2026-09-08T17:43:36.2913487Z  ^[[32m✓^[[39m src/sim/mobBossKing.test.ts ^[[2m(^[[22m^[[2m5 tests^[[22m^[[2m)^[[22m^[[33m 2054^[[2mms^[[22m^[[39m
unit	Workspace tests (vitest, coverage beacons on)	2026-09-08T17:43:36.6966145Z  ^[[32m✓^[[39m src/content/templates/locustTemplates.test.ts ^[[2m(^[[22m^[[2m3 tests^[[22m^[[2m)^[[22m^[[90m 21^[[2mms^[[22m^[[39m
unit	Workspace tests (vitest, coverage beacons on)	2026-09-08T17:43:36.9337645Z  ^[[32m✓^[[39m src/sim/stats/sourceGrants.test.ts ^[[2m(^[[22m^[[2m6 tests^[[22m^[[2m)^[[22m^[[90m 18^[[2mms^[[22m^[[39m
unit	Workspace tests (vitest, coverage beacons on)	2026-09-08T17:43:37.3827072Z  ^[[32m✓^[[39m src/content/runtimeAlphaBackfill.test.ts ^[[2m(^[[22m^[[2m3 tests^[[22m^[[2m)^[[22m^[[90m 8^[[2mms^[[22m^[[39m
unit	Workspace tests (vitest, coverage beacons on)	2026-09-08T17:43:37.7172074Z  ^[[32m✓^[[39m src/content/championFormVisuals.test.ts ^[[2m(^[[22m^[[2m14 tests^[[22m^[[2m)^[[22m^[[90m 16^[[2mms^[[22m^[[39m
unit	Workspace tests (vitest, coverage beacons on)	2026-09-08T17:43:38.9415027Z  ^[[32m✓^[[39m src/sim/economy/draftTopUp.test.ts ^[[2m(^[[22m^[[2m8 tests^[[22m^[[2m)^[[22m^[[33m 1968^[[2mms^[[22m^[[39m
unit	Workspace tests (vitest, coverage beacons on)	2026-09-08T17:43:39.0568930Z  ^[[32m✓^[[39m src/sim/knockbackVsDamage.test.ts ^[[2m(^[[22m^[[2m6 tests^[[22m^[[2m)^[[22m^[[90m 180^[[2mms^[[22m^[[39m
unit	Workspace tests (vitest, coverage beacons on)	2026-09-08T17:43:39.5618256Z  ^[[32m✓^[[39m src/content/abilityCodeParityForms.test.ts ^[[2m(^[[22m^[[2m3 tests^[[22m^[[2m)^[[22m^[[90m 140^[[2mms^[[22m^[[39m
unit	Workspace tests (vitest, coverage beacons on)	2026-09-08T17:43:39.5838025Z  ^[[32m✓^[[39m src/sim/lichkingSet.test.ts ^[[2m(^[[22m^[[2m7 tests^[[22m^[[2m)^[[22m^[[33m 722^[[2mms^[[22m^[[39m
unit	Workspace tests (vitest, coverage beacons on)	2026-09-08T17:43:39.9435779Z  ^[[32m✓^[[39m src/sim/attributeCoefficients.test.ts ^[[2m(^[[22m^[[2m4 tests^[[22m^[[2m)^[[22m^[[90m 8^[[2mms^[[22m^[[39m
unit	Workspace tests (vitest, coverage beacons on)	2026-09-08T17:43:40.1414272Z  ^[[32m✓^[[39m src/sim/statCaps.test.ts ^[[2m(^[[22m^[[2m20 tests^[[22m^[[2m)^[[22m^[[90m 31^[[2mms^[[22m^[[39m
unit	Workspace tests (vitest, coverage beacons on)	2026-09-08T17:43:40.7777527Z  ^[[32m✓^[[39m src/ops/referencedCommandsExist.test.ts ^[[2m(^[[22m^[[2m6 tests^[[22m^[[2m)^[[22m^[[90m 18^[[2mms^[[22m^[[39m
unit	Workspace tests (vitest, coverage beacons on)	2026-09-08T17:43:40.8863068Z  ^[[32m✓^[[39m src/content/templates/templateDefaultsCast.test.ts ^[[2m(^[[22m^[[2m1 test^[[22m^[[2m)^[[22m^[[33m 2560^[[2mms^[[22m^[[39m
unit	Workspace tests (vitest, coverage beacons on)	2026-09-08T17:43:40.8865479Z    ^[[33m^[[2m✓^[[22m^[[39m 每一份 enabled 模板的預設展開，在真的 SimWorld 裡施放要有東西動（GH#1078）^[[2m > ^[[22m★ 全部 enabled：主動 PASS／被動掛上來源／純演出生得出模型 —— ⛔ 沒有一份是 no-op ^[[33m309^[[2mms^[[22m^[[39m
unit	Workspace tests (vitest, coverage beacons on)	2026-09-08T17:43:41.5236787Z  ^[[32m✓^[[39m src/ops/teamGlowCullPolicy.test.ts ^[[2m(^[[22m^[[2m8 tests^[[22m^[[2m)^[[22m^[[90m 9^[[2mms^[[22m^[[39m
unit	Workspace tests (vitest, coverage beacons on)	2026-09-08T17:43:42.8776528Z  ^[[32m✓^[[39m src/content/locustTailFamilies.test.ts ^[[2m(^[[22m^[[2m3 tests^[[22m^[[2m)^[[22m^[[90m 72^[[2mms^[[22m^[[39m
unit	Workspace tests (vitest, coverage beacons on)	2026-09-08T17:43:43.4836357Z  ^[[32m✓^[[39m src/sim/dragonSlaveSingleHit.test.ts ^[[2m(^[[22m^[[2m4 tests^[[22m^[[2m)^[[22m^[[33m 2133^[[2mms^[[22m^[[39m
unit	Workspace tests (vitest, coverage beacons on)	2026-09-08T17:43:43.5372493Z  ^[[32m✓^[[39m src/content/ex-skills.test.ts ^[[2m(^[[22m^[[2m8 tests^[[22m^[[2m)^[[22m^[[33m 1955^[[2mms^[[22m^[[39m
unit	Workspace tests (vitest, coverage beacons on)	2026-09-08T17:43:43.9093537Z  ^[[32m✓^[[39m src/content/championForms.test.ts ^[[2m(^[[22m^[[2m8 tests^[[22m^[[2m)^[[22m^[[90m 49^[[2mms^[[22m^[[39m
unit	Workspace tests (vitest, coverage beacons on)	2026-09-08T17:43:44.8016028Z  ^[[32m✓^[[39m src/content/import/assetManifest.test.ts ^[[2m(^[[22m^[[2m8 tests^[[22m^[[2m)^[[22m^[[33m 978^[[2mms^[[22m^[[39m
unit	Workspace tests (vitest, coverage beacons on)	2026-09-08T17:43:44.8056340Z    ^[[33m^[[2m✓^[[22m^[[39m P1-1 依賴閉包^[[2m > ^[[22m★★ ⭐ 每一顆 GLB 的**外部引用**都在 manifest 上（⛔ 今天是 0 個，而它會過期） ^[[33m661^[[2mms^[[22m^[[39m
unit	Workspace tests (vitest, coverage beacons on)	2026-09-08T17:43:45.1399408Z  ^[[32m✓^[[39m src/sim/atFieldBlockBerserkImmunity.test.ts ^[[2m(^[[22m^[[2m5 tests^[[22m^[[2m)^[[22m^[[33m 2795^[[2mms^[[22m^[[39m
unit	Workspace tests (vitest, coverage beacons on)	2026-09-08T17:43:45.2722208Z  ^[[32m✓^[[39m src/content/schema/abilityVfx.test.ts ^[[2m(^[[22m^[[2m20 tests^[[22m^[[2m)^[[22m^[[33m 380^[[2mms^[[22m^[[39m
unit	Workspace tests (vitest, coverage beacons on)	2026-09-08T17:43:45.2755952Z    ^[[33m^[[2m✓^[[22m^[[39m 向後相容:出貨的技能文件一份都不用改^[[2m > ^[[22m出貨的每一份 ability doc 仍然 parse 得過（新欄位是純附加） ^[[33m337^[[2mms^[[22m^[[39m
unit	Workspace tests (vitest, coverage beacons on)	2026-09-08T17:43:47.0536434Z  ^[[32m✓^[[39m src/content/vfxBricksConverge.test.ts ^[[2m(^[[22m^[[2m4 tests^[[22m^[[2m)^[[22m^[[33m 1449^[[2mms^[[22m^[[39m
unit	Workspace tests (vitest, coverage beacons on)	2026-09-08T17:43:47.0582398Z    ^[[33m^[[2m✓^[[22m^[[39m 特效有沒有收斂成積木（GH#916）^[[2m > ^[[22m⭐ 量尺先自證：掃描器真的讀得到出貨內容 ^[[33m852^[[2mms^[[22m^[[39m
unit	Workspace tests (vitest, coverage beacons on)	2026-09-08T17:43:47.0627482Z    ^[[33m^[[2m✓^[[22m^[[39m 特效有沒有收斂成積木（GH#916）^[[2m > ^[[22m★★ ⭐⭐ 每一份出貨 vfx 都要**有人播得到**，或**有一句話說明為什麼沒有** ^[[33m594^[[2mms^[[22m^[[39m
unit	Workspace tests (vitest, coverage beacons on)	2026-09-08T17:43:47.3405920Z  ^[[32m✓^[[39m src/sim/systems/FireRingSystem.test.ts ^[[2m(^[[22m^[[2m8 tests^[[22m^[[2m)^[[22m^[[33m 429^[[2mms^[[22m^[[39m
unit	Workspace tests (vitest, coverage beacons on)	2026-09-08T17:43:48.7912507Z  ^[[32m✓^[[39m src/sim/mobs.roundEndGate.test.ts ^[[2m(^[[22m^[[2m14 tests^[[22m^[[2m)^[[22m^[[90m 80^[[2mms^[[22m^[[39m
unit	Workspace tests (vitest, coverage beacons on)	2026-09-08T17:43:48.8442558Z  ^[[32m✓^[[39m src/sim/effects/consumeStatus.test.ts ^[[2m(^[[22m^[[2m24 tests^[[22m^[[2m)^[[22m^[[90m 117^[[2mms^[[22m^[[39m
unit	Workspace tests (vitest, coverage beacons on)	2026-09-08T17:43:50.4648691Z  ^[[32m✓^[[39m src/sim/combatTiming.test.ts ^[[2m(^[[22m^[[2m10 tests^[[22m^[[2m)^[[22m^[[90m 299^[[2mms^[[22m^[[39m
unit	Workspace tests (vitest, coverage beacons on)	2026-09-08T17:43:50.5406613Z  ^[[32m✓^[[39m src/content/locustQuadFamilies.test.ts ^[[2m(^[[22m^[[2m3 tests^[[22m^[[2m)^[[22m^[[90m 93^[[2mms^[[22m^[[39m
unit	Workspace tests (vitest, coverage beacons on)	2026-09-08T17:43:51.1520161Z  ^[[32m✓^[[39m src/content/periodicClaimHasMechanism.test.ts ^[[2m(^[[22m^[[2m1 test^[[22m^[[2m)^[[22m^[[90m 56^[[2mms^[[22m^[[39m
unit	Workspace tests (vitest, coverage beacons on)	2026-09-08T17:43:52.5345224Z  ^[[32m✓^[[39m src/sim/statCapsReach.test.ts ^[[2m(^[[22m^[[2m6 tests^[[22m^[[2m)^[[22m^[[90m 102^[[2mms^[[22m^[[39m
unit	Workspace tests (vitest, coverage beacons on)	2026-09-08T17:43:52.7986097Z  ^[[32m✓^[[39m src/ops/shipScriptWatchdog.test.ts ^[[2m(^[[22m^[[2m6 tests^[[22m^[[2m)^[[22m^[[33m 8824^[[2mms^[[22m^[[39m
unit	Workspace tests (vitest, coverage beacons on)	2026-09-08T17:43:52.8035800Z    ^[[33m^[[2m✓^[[22m^[[39m ship:check 看門狗（GH#858）^[[2m > ^[[22m★★ 逾時 ⇒ **會結束** · 非零離開碼 · 輸出裡指名那一支（⛔ 不可以看起來像綠燈） ^[[33m8813^[[2mms^[[22m^[[39m
unit	Workspace tests (vitest, coverage beacons on)	2026-09-08T17:43:53.0340463Z  ^[[32m✓^[[39m src/content/schema/effects/animationFxTemplate.test.ts ^[[2m(^[[22m^[[2m4 tests^[[22m^[[2m)^[[22m^[[90m 32^[[2mms^[[22m^[[39m
unit	Workspace tests (vitest, coverage beacons on)	2026-09-08T17:43:54.0857545Z  ^[[32m✓^[[39m src/sim/blackMudDevour.test.ts ^[[2m(^[[22m^[[2m10 tests^[[22m^[[2m)^[[22m^[[90m 93^[[2mms^[[22m^[[39m
unit	Workspace tests (vitest, coverage beacons on)	2026-09-08T17:43:54.4116386Z ^[[90mstdout^[[2m | src/sim/weaponClassCoverage.test.ts^[[2m > ^[[22m^[[2mweapon class coverage (recipe S8: a total function whose default is wrong)^[[2m > ^[[22m^[[2mprints the per-class census — this is the owner-facing report
unit	Workspace tests (vitest, coverage beacons on)	2026-09-08T17:43:54.4145232Z ^[[22m^[[39m
unit	Workspace tests (vitest, coverage beacons on)	2026-09-08T17:43:54.4205465Z   RANGED WEAPON CLASSES — 20 champions
unit	Workspace tests (vitest, coverage beacons on)	2026-09-08T17:43:54.4227075Z    magic       14 ranged champions
unit	Workspace tests (vitest, coverage beacons on)	2026-09-08T17:43:54.4295779Z       godie-e00s, godie-e010, godie-emfr, godie-emns, godie-h020, godie-hjai, godie-o00k, godie-o00l, godie-o030, godie-ofar, godie-ogld, godie-orkn, godie-u00k, sela
unit	Workspace tests (vitest, coverage beacons on)	2026-09-08T17:43:54.4324679Z    bow          4 ranged champions
unit	Workspace tests (vitest, coverage beacons on)	2026-09-08T17:43:54.4374903Z       godie-etyr, godie-hvwd, godie-n003, godie-n01g
unit	Workspace tests (vitest, coverage beacons on)	2026-09-08T17:43:54.4399166Z    thrown       2 ranged champions
unit	Workspace tests (vitest, coverage beacons on)	2026-09-08T17:43:54.4400703Z       godie-e007, godie-n00p
unit	Workspace tests (vitest, coverage beacons on)	2026-09-08T17:43:54.4424342Z 
unit	Workspace tests (vitest, coverage beacons on)	2026-09-08T17:43:54.4432575Z 
unit	Workspace tests (vitest, coverage beacons on)	2026-09-08T17:43:54.4434293Z  ^[[32m✓^[[39m src/sim/weaponClassCoverage.test.ts ^[[2m(^[[22m^[[2m7 tests^[[22m^[[2m)^[[22m^[[33m 2102^[[2mms^[[22m^[[39m
unit	Workspace tests (vitest, coverage beacons on)	2026-09-08T17:43:54.5125763Z  ^[[32m✓^[[39m src/content/locustPentaFamilies.test.ts ^[[2m(^[[22m^[[2m3 tests^[[22m^[[2m)^[[22m^[[90m 118^[[2mms^[[22m^[[39m
unit	Workspace tests (vitest, coverage beacons on)	2026-09-08T17:43:54.9604642Z  ^[[32m✓^[[39m src/protocol/formFlags.test.ts ^[[2m(^[[22m^[[2m12 tests^[[22m^[[2m)^[[22m^[[90m 37^[[2mms^[[22m^[[39m
unit	Workspace tests (vitest, coverage beacons on)	2026-09-08T17:43:56.0852284Z  ^[[32m✓^[[39m src/sim/berserkerPctRegen.test.ts ^[[2m(^[[22m^[[2m13 tests^[[22m^[[2m)^[[22m^[[90m 89^[[2mms^[[22m^[[39m
unit	Workspace tests (vitest, coverage beacons on)	2026-09-08T17:43:56.8090268Z  ^[[32m✓^[[39m src/content/voxelSkin/explain.test.ts ^[[2m(^[[22m^[[2m13 tests^[[22m^[[2m)^[[22m^[[90m 162^[[2mms^[[22m^[[39m
unit	Workspace tests (vitest, coverage beacons on)	2026-09-08T17:43:56.8606840Z  ^[[32m✓^[[39m src/ops/w3aTranslationGaps.test.ts ^[[2m(^[[22m^[[2m7 tests^[[22m^[[2m)^[[22m^[[33m 2375^[[2mms^[[22m^[[39m
unit	Workspace tests (vitest, coverage beacons on)	2026-09-08T17:43:56.8612014Z    ^[[33m^[[2m✓^[[22m^[[39m w3a 翻譯落差^[[2m > ^[[22m① 兩份文件與 gaps.json 仍然等於重新產生的（逐位元組） ^[[33m1319^[[2mms^[[22m^[[39m
unit	Workspace tests (vitest, coverage beacons on)	2026-09-08T17:43:56.8613599Z    ^[[33m^[[2m✓^[[22m^[[39m w3a 翻譯落差^[[2m > ^[[22m⑥ ⭐ 同一支技能,接模板前後這支普查給出同一個答案（GH#1104） ^[[33m1052^[[2mms^[[22m^[[39m
unit	Workspace tests (vitest, coverage beacons on)	2026-09-08T17:43:56.9476025Z  ^[[32m✓^[[39m src/sim/lanceGodieI01g.test.ts ^[[2m(^[[22m^[[2m8 tests^[[22m^[[2m)^[[22m^[[33m 945^[[2mms^[[22m^[[39m
unit	Workspace tests (vitest, coverage beacons on)	2026-09-08T17:43:57.4565957Z  ^[[32m✓^[[39m src/ops/codexContractNumbers.test.ts ^[[2m(^[[22m^[[2m5 tests^[[22m^[[2m)^[[22m^[[33m 325^[[2mms^[[22m^[[39m
unit	Workspace tests (vitest, coverage beacons on)	2026-09-08T17:43:57.4596062Z    ^[[33m^[[2m✓^[[22m^[[39m Codex 合約散文裡的數字^[[2m > ^[[22m🔴 三張數字表與 content/config/ 一致（真的跑 --check，⛔ 不是掃字串） ^[[33m302^[[2mms^[[22m^[[39m
unit	Workspace tests (vitest, coverage beacons on)	2026-09-08T17:43:57.5645867Z  ^[[32m✓^[[39m src/ops/ugcGateIsArmed.test.ts ^[[2m(^[[22m^[[2m5 tests^[[22m^[[2m)^[[22m^[[90m 131^[[2mms^[[22m^[[39m
unit	Workspace tests (vitest, coverage beacons on)	2026-09-08T17:43:58.1595890Z  ^[[32m✓^[[39m src/sim/systems/worldHook.test.ts ^[[2m(^[[22m^[[2m8 tests^[[22m^[[2m)^[[22m^[[90m 54^[[2mms^[[22m^[[39m
unit	Workspace tests (vitest, coverage beacons on)	2026-09-08T17:43:58.3356890Z  ^[[32m✓^[[39m src/content/schema/effects/variantMirrorsSchema.test.ts ^[[2m(^[[22m^[[2m1 test^[[22m^[[2m)^[[22m^[[90m 95^[[2mms^[[22m^[[39m
unit	Workspace tests (vitest, coverage beacons on)	2026-09-08T17:43:58.5376089Z  ^[[32m✓^[[39m src/content/modelGeosetAlpha.test.ts ^[[2m(^[[22m^[[2m16 tests^[[22m^[[2m)^[[22m^[[90m 15^[[2mms^[[22m^[[39m
unit	Workspace tests (vitest, coverage beacons on)	2026-09-08T17:43:58.9934381Z  ^[[32m✓^[[39m src/content/itemCardText.test.ts ^[[2m(^[[22m^[[2m23 tests^[[22m^[[2m)^[[22m^[[90m 14^[[2mms^[[22m^[[39m
unit	Workspace tests (vitest, coverage beacons on)	2026-09-08T17:43:59.5616302Z  ^[[32m✓^[[39m src/sim/economy/legendaryOrb.test.ts ^[[2m(^[[22m^[[2m17 tests^[[22m^[[2m)^[[22m^[[90m 29^[[2mms^[[22m^[[39m
unit	Workspace tests (vitest, coverage beacons on)	2026-09-08T17:43:59.8621274Z  ^[[32m✓^[[39m src/ops/contentApiCwebpInRuntimeStage.test.ts ^[[2m(^[[22m^[[2m4 tests^[[22m^[[2m)^[[22m^[[90m 7^[[2mms^[[22m^[[39m
unit	Workspace tests (vitest, coverage beacons on)	2026-09-08T17:44:00.0966031Z  ^[[32m✓^[[39m src/sim/clearPools.test.ts ^[[2m(^[[22m^[[2m10 tests^[[22m^[[2m)^[[22m^[[90m 45^[[2mms^[[22m^[[39m
unit	Workspace tests (vitest, coverage beacons on)	2026-09-08T17:44:00.8117676Z  ^[[32m✓^[[39m src/sim/championFormAdoption.test.ts ^[[2m(^[[22m^[[2m3 tests^[[22m^[[2m)^[[22m^[[33m 770^[[2mms^[[22m^[[39m
unit	Workspace tests (vitest, coverage beacons on)	2026-09-08T17:44:01.0375043Z  ^[[32m✓^[[39m src/sim/combat/restore.test.ts ^[[2m(^[[22m^[[2m14 tests^[[22m^[[2m)^[[22m^[[90m 42^[[2mms^[[22m^[[39m
unit	Workspace tests (vitest, coverage beacons on)	2026-09-08T17:44:01.3006270Z  ^[[32m✓^[[39m src/content/modelIdleGrounding.test.ts ^[[2m(^[[22m^[[2m56 tests^[[22m^[[2m)^[[22m^[[90m 167^[[2mms^[[22m^[[39m
unit	Workspace tests (vitest, coverage beacons on)	2026-09-08T17:44:01.7019003Z  ^[[32m✓^[[39m src/sim/mobBossBonus.test.ts ^[[2m(^[[22m^[[2m14 tests^[[22m^[[2m)^[[22m^[[90m 47^[[2mms^[[22m^[[39m
unit	Workspace tests (vitest, coverage beacons on)	2026-09-08T17:44:02.8217455Z  ^[[32m✓^[[39m src/sim/effects/authGatesWave1.test.ts ^[[2m(^[[22m^[[2m7 tests^[[22m^[[2m)^[[22m^[[90m 58^[[2mms^[[22m^[[39m
unit	Workspace tests (vitest, coverage beacons on)	2026-09-08T17:44:06.3044963Z  ^[[32m✓^[[39m src/content/skillTierLadder.test.ts ^[[2m(^[[22m^[[2m8 tests^[[22m^[[2m)^[[22m^[[33m 3815^[[2mms^[[22m^[[39m
unit	Workspace tests (vitest, coverage beacons on)	2026-09-08T17:44:06.3086173Z    ^[[33m^[[2m✓^[[22m^[[39m ④ 級距解析真的接到註冊表上（⛔ 不是掃字串）^[[2m > ^[[22m⭐ 接線：`withTiers` 真的把 rangeTier 一起走了（⛔ 這條才擋得住漏接） ^[[33m1316^[[2mms^[[22m^[[39m
unit	Workspace tests (vitest, coverage beacons on)	2026-09-08T17:44:08.0916331Z  ^[[32m✓^[[39m src/content/unsafeTextureQuarantine.test.ts ^[[2m(^[[22m^[[2m5 tests^[[22m^[[2m)^[[22m^[[33m 1264^[[2mms^[[22m^[[39m
unit	Workspace tests (vitest, coverage beacons on)	2026-09-08T17:44:08.0996338Z    ^[[33m^[[2m✓^[[22m^[[39m 不安全 VFX 貼圖的隔離契約 (content-unsafe-texture-quarantine)^[[2m > ^[[22m② usage 的四個數字當場重算都對得上（⛔ 不是一份寫死的普查） ^[[33m689^[[2mms^[[22m^[[39m
unit	Workspace tests (vitest, coverage beacons on)	2026-09-08T17:44:08.0998832Z    ^[[33m^[[2m✓^[[22m^[[39m 不安全 VFX 貼圖的隔離契約 (content-unsafe-texture-quarantine)^[[2m > ^[[22m③ ⭐ 標成 safe 的貼圖,每一份消費它的 vfx 文件都在 safeBlendModes 裡 ^[[33m522^[[2mms^[[22m^[[39m
unit	Workspace tests (vitest, coverage beacons on)	2026-09-08T17:44:08.4636423Z  ^[[32m✓^[[39m src/content/championSplitForms.test.ts ^[[2m(^[[22m^[[2m5 tests^[[22m^[[2m)^[[22m^[[90m 35^[[2mms^[[22m^[[39m
unit	Workspace tests (vitest, coverage beacons on)	2026-09-08T17:44:09.2966320Z ^[[90mstderr^[[2m | src/content/templateFailSoft.test.ts^[[2m > ^[[22m^[[2m模板展開失敗 → 只降級那一支，不炸掉整包內容^[[2m > ^[[22m^[[2m一個壞掉的模板 ref：其他英雄一隻不少，全部照常註冊
unit	Workspace tests (vitest, coverage beacons on)	2026-09-08T17:44:09.2995829Z ^[[22m^[[39m[content] 1 支技能的模板展開失敗，已個別降級（其餘內容照常註冊） · 技能: godie-e001.q · 找不到的模板: tpl-this-template-was-renamed-away · 其中 2 份降級後完全沒有效果
unit	Workspace tests (vitest, coverage beacons on)	2026-09-08T17:44:09.2996536Z 
unit	Workspace tests (vitest, coverage beacons on)	2026-09-08T17:44:09.3016049Z ^[[90mstderr^[[2m | src/content/templateFailSoft.test.ts^[[2m > ^[[22m^[[2m模板展開失敗 → 只降級那一支，不炸掉整包內容^[[2m > ^[[22m^[[2m降級的那一支：技能還在，但沒有模板效果，而且自己說得出壞掉了
unit	Workspace tests (vitest, coverage beacons on)	2026-09-08T17:44:09.3056044Z ^[[22m^[[39m[content] 1 支技能的模板展開失敗，已個別降級（其餘內容照常註冊） · 技能: godie-e001.q · 找不到的模板: tpl-this-template-was-renamed-away · 其中 2 份降級後完全沒有效果
unit	Workspace tests (vitest, coverage beacons on)	2026-09-08T17:44:09.3084448Z 
unit	Workspace tests (vitest, coverage beacons on)	2026-09-08T17:44:09.3116113Z ^[[90mstderr^[[2m | src/content/templateFailSoft.test.ts^[[2m > ^[[22m^[[2m模板展開失敗 → 只降級那一支，不炸掉整包內容^[[2m > ^[[22m^[[2m鏡像的那一份也降級（英雄槽位裡的那一份才是 sim 讀的）
unit	Workspace tests (vitest, coverage beacons on)	2026-09-08T17:44:09.3166707Z ^[[22m^[[39m[content] 1 支技能的模板展開失敗，已個別降級（其餘內容照常註冊） · 技能: godie-e001.q · 找不到的模板: tpl-this-template-was-renamed-away · 其中 2 份降級後完全沒有效果
unit	Workspace tests (vitest, coverage beacons on)	2026-09-08T17:44:09.3184391Z 
unit	Workspace tests (vitest, coverage beacons on)	2026-09-08T17:44:09.3225550Z ^[[90mstderr^[[2m | src/content/templateFailSoft.test.ts^[[2m > ^[[22m^[[2m模板展開失敗 → 只降級那一支，不炸掉整包內容^[[2m > ^[[22m^[[2m留下事後查得到的紀錄 —— 不是只有當下那一行 console
unit	Workspace tests (vitest, coverage beacons on)	2026-09-08T17:44:09.3255610Z ^[[22m^[[39m[content] 1 支技能的模板展開失敗，已個別降級（其餘內容照常註冊） · 技能: godie-e001.q · 找不到的模板: tpl-this-template-was-renamed-away · 其中 2 份降級後完全沒有效果
unit	Workspace tests (vitest, coverage beacons on)	2026-09-08T17:44:09.3264412Z 
unit	Workspace tests (vitest, coverage beacons on)	2026-09-08T17:44:09.3265960Z ^[[90mstderr^[[2m | src/content/templateFailSoft.test.ts^[[2m > ^[[22m^[[2m模板展開失敗 → 只降級那一支，不炸掉整包內容^[[2m > ^[[22m^[[2m陣列形狀的 template 綁定也不會炸掉整包（舊解析器只讀 link.ref）
unit	Workspace tests (vitest, coverage beacons on)	2026-09-08T17:44:09.3267879Z ^[[22m^[[39m[content] 1 支技能的模板展開失敗，已個別降級（其餘內容照常註冊） · 技能: godie-e001.q · 找不到的模板: tpl-this-template-was-renamed-away · 其中 1 份降級後完全沒有效果
unit	Workspace tests (vitest, coverage beacons on)	2026-09-08T17:44:09.3268704Z 
unit	Workspace tests (vitest, coverage beacons on)	2026-09-08T17:44:09.3269696Z  ^[[32m✓^[[39m src/content/templateFailSoft.test.ts ^[[2m(^[[22m^[[2m9 tests^[[22m^[[2m)^[[22m^[[33m 4974^[[2mms^[[22m^[[39m
unit	Workspace tests (vitest, coverage beacons on)	2026-09-08T17:44:09.3271266Z    ^[[33m^[[2m✓^[[22m^[[39m 模板展開失敗 → 只降級那一支，不炸掉整包內容^[[2m > ^[[22m控制組：完整內容照常註冊，一筆失敗紀錄都沒有 ^[[33m593^[[2mms^[[22m^[[39m
unit	Workspace tests (vitest, coverage beacons on)	2026-09-08T17:44:09.3272577Z    ^[[33m^[[2m✓^[[22m^[[39m 模板展開失敗 → 只降級那一支，不炸掉整包內容^[[2m > ^[[22m一個壞掉的模板 ref：其他英雄一隻不少，全部照常註冊 ^[[33m893^[[2mms^[[22m^[[39m
unit	Workspace tests (vitest, coverage beacons on)	2026-09-08T17:44:09.3273863Z    ^[[33m^[[2m✓^[[22m^[[39m 模板展開失敗 → 只降級那一支，不炸掉整包內容^[[2m > ^[[22m降級的那一支：技能還在，但沒有模板效果，而且自己說得出壞掉了 ^[[33m375^[[2mms^[[22m^[[39m
unit	Workspace tests (vitest, coverage beacons on)	2026-09-08T17:44:09.3275306Z    ^[[33m^[[2m✓^[[22m^[[39m 模板展開失敗 → 只降級那一支，不炸掉整包內容^[[2m > ^[[22m鏡像的那一份也降級（英雄槽位裡的那一份才是 sim 讀的） ^[[33m379^[[2mms^[[22m^[[39m
unit	Workspace tests (vitest, coverage beacons on)	2026-09-08T17:44:09.3276597Z    ^[[33m^[[2m✓^[[22m^[[39m 模板展開失敗 → 只降級那一支，不炸掉整包內容^[[2m > ^[[22m留下事後查得到的紀錄 —— 不是只有當下那一行 console ^[[33m326^[[2mms^[[22m^[[39m
unit	Workspace tests (vitest, coverage beacons on)	2026-09-08T17:44:09.3277851Z    ^[[33m^[[2m✓^[[22m^[[39m 模板展開失敗 → 只降級那一支，不炸掉整包內容^[[2m > ^[[22m開機日誌喊得出聲 —— 一行，指名不見的模板 ^[[33m330^[[2mms^[[22m^[[39m
unit	Workspace tests (vitest, coverage beacons on)	2026-09-08T17:44:09.3278952Z    ^[[33m^[[2m✓^[[22m^[[39m 模板展開失敗 → 只降級那一支，不炸掉整包內容^[[2m > ^[[22m控制組不吵：內容沒問題時一句話都不印 ^[[33m398^[[2mms^[[22m^[[39m
unit	Workspace tests (vitest, coverage beacons on)	2026-09-08T17:44:09.3280617Z    ^[[33m^[[2m✓^[[22m^[[39m 模板展開失敗 → 只降級那一支，不炸掉整包內容^[[2m > ^[[22m陣列形狀的 template 綁定也不會炸掉整包（舊解析器只讀 link.ref） ^[[33m379^[[2mms^[[22m^[[39m
unit	Workspace tests (vitest, coverage beacons on)	2026-09-08T17:44:09.6757831Z  ^[[32m✓^[[39m src/content/editorCapabilities.test.ts ^[[2m(^[[22m^[[2m6 tests^[[22m^[[2m)^[[22m^[[90m 182^[[2mms^[[22m^[[39m
unit	Workspace tests (vitest, coverage beacons on)	2026-09-08T17:44:10.7877055Z  ^[[32m✓^[[39m src/sim/effects/lane3Kinds.test.ts ^[[2m(^[[22m^[[2m4 tests^[[22m^[[2m)^[[22m^[[90m 73^[[2mms^[[22m^[[39m
unit	Workspace tests (vitest, coverage beacons on)	2026-09-08T17:44:11.9061752Z  ^[[32m✓^[[39m src/sim/combat/resourcePctSkipsGlobalMult.test.ts ^[[2m(^[[22m^[[2m4 tests^[[22m^[[2m)^[[22m^[[90m 97^[[2mms^[[22m^[[39m
unit	Workspace tests (vitest, coverage beacons on)	2026-09-08T17:44:12.6168578Z  ^[[32m✓^[[39m src/sim/gapBatch354.test.ts ^[[2m(^[[22m^[[2m10 tests^[[22m^[[2m)^[[22m^[[33m 1889^[[2mms^[[22m^[[39m
unit	Workspace tests (vitest, coverage beacons on)	2026-09-08T17:44:12.9740788Z  ^[[32m✓^[[39m src/sim/economy/shopUndo.test.ts ^[[2m(^[[22m^[[2m10 tests^[[22m^[[2m)^[[22m^[[90m 33^[[2mms^[[22m^[[39m
unit	Workspace tests (vitest, coverage beacons on)	2026-09-08T17:44:13.6189212Z  ^[[32m✓^[[39m src/content/statNormalization.test.ts ^[[2m(^[[22m^[[2m10 tests^[[22m^[[2m)^[[22m^[[90m 27^[[2mms^[[22m^[[39m
unit	Workspace tests (vitest, coverage beacons on)	2026-09-08T17:44:14.9406174Z  ^[[32m✓^[[39m src/sim/stats/matchStats.test.ts ^[[2m(^[[22m^[[2m12 tests^[[22m^[[2m)^[[22m^[[90m 229^[[2mms^[[22m^[[39m
unit	Workspace tests (vitest, coverage beacons on)	2026-09-08T17:44:16.1380235Z  ^[[32m✓^[[39m src/sim/stuckEscape.test.ts ^[[2m(^[[22m^[[2m5 tests^[[22m^[[2m)^[[22m^[[90m 194^[[2mms^[[22m^[[39m
unit	Workspace tests (vitest, coverage beacons on)	2026-09-08T17:44:16.3146825Z  ^[[32m✓^[[39m src/content/beamArriveVfx.test.ts ^[[2m(^[[22m^[[2m3 tests^[[22m^[[2m)^[[22m^[[33m 1958^[[2mms^[[22m^[[39m
unit	Workspace tests (vitest, coverage beacons on)	2026-09-08T17:44:16.5976295Z  ^[[32m✓^[[39m src/content/legendary49OwnerText.test.ts ^[[2m(^[[22m^[[2m3 tests^[[22m^[[2m)^[[22m^[[90m 15^[[2mms^[[22m^[[39m
unit	Workspace tests (vitest, coverage beacons on)	2026-09-08T17:44:17.0309486Z  ^[[32m✓^[[39m src/content/blockNoteTruth.test.ts ^[[2m(^[[22m^[[2m7 tests^[[22m^[[2m)^[[22m^[[90m 12^[[2mms^[[22m^[[39m
unit	Workspace tests (vitest, coverage beacons on)	2026-09-08T17:44:18.0436211Z  ^[[32m✓^[[39m src/ops/syncIoRuntimeReconcile.test.ts ^[[2m(^[[22m^[[2m5 tests^[[22m^[[2m)^[[22m^[[33m 642^[[2mms^[[22m^[[39m
unit	Workspace tests (vitest, coverage beacons on)	2026-09-08T17:44:18.0799530Z  ^[[32m✓^[[39m src/sim/SimWorld.test.ts ^[[2m(^[[22m^[[2m8 tests^[[22m^[[2m)^[[22m^[[33m 458^[[2mms^[[22m^[[39m
unit	Workspace tests (vitest, coverage beacons on)	2026-09-08T17:44:19.2580103Z  ^[[32m✓^[[39m src/sim/content/conditionDerivedStatusTag.test.ts ^[[2m(^[[22m^[[2m5 tests^[[22m^[[2m)^[[22m^[[90m 48^[[2mms^[[22m^[[39m
unit	Workspace tests (vitest, coverage beacons on)	2026-09-08T17:44:21.2206184Z  ^[[32m✓^[[39m src/sim/millenniumTreants.test.ts ^[[2m(^[[22m^[[2m1 test^[[22m^[[2m)^[[22m^[[33m 1783^[[2mms^[[22m^[[39m
unit	Workspace tests (vitest, coverage beacons on)	2026-09-08T17:44:22.3485895Z  ^[[32m✓^[[39m src/sim/effects/hookFamily.test.ts ^[[2m(^[[22m^[[2m4 tests^[[22m^[[2m)^[[22m^[[90m 26^[[2mms^[[22m^[[39m
unit	Workspace tests (vitest, coverage beacons on)	2026-09-08T17:44:22.9366203Z  ^[[32m✓^[[39m src/content/speedGrowthTiers.test.ts ^[[2m(^[[22m^[[2m2 tests^[[22m^[[2m)^[[22m^[[33m 2384^[[2mms^[[22m^[[39m
unit	Workspace tests (vitest, coverage beacons on)	2026-09-08T17:44:22.9374589Z    ^[[33m^[[2m✓^[[22m^[[39m 速度成長五級距（owner 2026-08-21）^[[2m > ^[[22m② 級別與原值不同的那一位，註冊表上跑的是**級別** —— 接縫真的接上了 ^[[33m447^[[2mms^[[22m^[[39m
unit	Workspace tests (vitest, coverage beacons on)	2026-09-08T17:44:25.5160115Z  ^[[32m✓^[[39m src/sim/displaceCueContract.test.ts ^[[2m(^[[22m^[[2m4 tests^[[22m^[[2m)^[[22m^[[33m 1892^[[2mms^[[22m^[[39m
unit	Workspace tests (vitest, coverage beacons on)	2026-09-08T17:44:26.3257391Z  ^[[32m✓^[[39m src/sim/effects/comboFinisherShowcase.test.ts ^[[2m(^[[22m^[[2m3 tests^[[22m^[[2m)^[[22m^[[33m 1942^[[2mms^[[22m^[[39m
unit	Workspace tests (vitest, coverage beacons on)	2026-09-08T17:44:26.9808216Z  ^[[32m✓^[[39m src/content/schema/hookAuthoringVocabulary.test.ts ^[[2m(^[[22m^[[2m12 tests^[[22m^[[2m)^[[22m^[[90m 26^[[2mms^[[22m^[[39m
unit	Workspace tests (vitest, coverage beacons on)	2026-09-08T17:44:28.2676315Z ^[[90mstdout^[[2m | src/sim/effects/chainLightning.test.ts^[[2m > ^[[22m^[[2mchainLightning — 逐跳有時間差、隨機挑下一個、逐跳遞減 (do-chain-lightning)^[[2m > ^[[22m^[[2m尖峰情境：改前（瞬發）vs 改後（逐跳）的每 tick 成本
unit	Workspace tests (vitest, coverage beacons on)	2026-09-08T17:44:28.2678404Z ^[[22m^[[39m[chainLightning] 60 身體 / 480 筆傷害 · 改前(瞬發) 一格 9.11ms · 改後 施放 0.21ms + 有付款的 tick 平均 0.203ms (單格最多 20 發)
unit	Workspace tests (vitest, coverage beacons on)	2026-09-08T17:44:28.2736023Z [chainLightning] 100 身體 / 480 筆傷害 · 改前(瞬發) 一格 15.82ms · 改後 施放 0.22ms + 有付款的 tick 平均 0.294ms (單格最多 20 發)
unit	Workspace tests (vitest, coverage beacons on)	2026-09-08T17:44:28.2765229Z 
unit	Workspace tests (vitest, coverage beacons on)	2026-09-08T17:44:28.2766726Z  ^[[32m✓^[[39m src/sim/effects/chainLightning.test.ts ^[[2m(^[[22m^[[2m3 tests^[[22m^[[2m)^[[22m^[[90m 272^[[2mms^[[22m^[[39m
unit	Workspace tests (vitest, coverage beacons on)	2026-09-08T17:44:28.8183165Z  ^[[32m✓^[[39m src/sim/effects/abanTwoStrike.test.ts ^[[2m(^[[22m^[[2m3 tests^[[22m^[[2m)^[[22m^[[33m 1809^[[2mms^[[22m^[[39m
unit	Workspace tests (vitest, coverage beacons on)	2026-09-08T17:44:28.8185436Z    ^[[33m^[[2m✓^[[22m^[[39m 08-04 阿邦快速劍X 是二連技（GH#843 · owner 2026-08-28）^[[2m > ^[[22m⭐ 印記還在 ⇒ 挨十倍；印記被拔掉 ⇒ 只挨基礎那一發 ^[[33m1803^[[2mms^[[22m^[[39m
unit	Workspace tests (vitest, coverage beacons on)	2026-09-08T17:44:29.7911895Z  ^[[32m✓^[[39m src/sim/chaseRange.test.ts ^[[2m(^[[22m^[[2m9 tests^[[22m^[[2m)^[[22m^[[33m 464^[[2mms^[[22m^[[39m
unit	Workspace tests (vitest, coverage beacons on)	2026-09-08T17:44:29.7920534Z    ^[[33m^[[2m✓^[[22m^[[39m chase stops at ATTACK RANGE, not body contact^[[2m > ^[[22mmelee never halts in the old dead band — every approach phase connects ^[[33m308^[[2mms^[[22m^[[39m
unit	Workspace tests (vitest, coverage beacons on)	2026-09-08T17:44:30.5707090Z  ^[[32m✓^[[39m src/content/schema/newKindShape.test.ts ^[[2m(^[[22m^[[2m3 tests^[[22m^[[2m)^[[22m^[[90m 10^[[2mms^[[22m^[[39m
unit	Workspace tests (vitest, coverage beacons on)	2026-09-08T17:44:31.2423682Z  ^[[32m✓^[[39m src/ops/laneYCommitRefHookMounted.test.ts ^[[2m(^[[22m^[[2m6 tests^[[22m^[[2m)^[[22m^[[33m 2073^[[2mms^[[22m^[[39m
unit	Workspace tests (vitest, coverage beacons on)	2026-09-08T17:44:31.2445882Z    ^[[33m^[[2m✓^[[22m^[[39m commit 訊息閘：掛上去了，而且兩個方向都對^[[2m > ^[[22m② ⭐ 該放的放得過 —— 正確寫法 · 真票號 · 不是 commit 的指令 ^[[33m913^[[2mms^[[22m^[[39m
unit	Workspace tests (vitest, coverage beacons on)	2026-09-08T17:44:31.2565984Z    ^[[33m^[[2m✓^[[22m^[[39m commit 訊息閘：掛上去了，而且兩個方向都對^[[2m > ^[[22m①⭐ 三條**安靜地**放行的路,現在擋下或出聲 ^[[33m326^[[2mms^[[22m^[[39m
unit	Workspace tests (vitest, coverage beacons on)	2026-09-08T17:44:31.2596030Z    ^[[33m^[[2m✓^[[22m^[[39m commit 訊息閘：掛上去了，而且兩個方向都對^[[2m > ^[[22m②⭐ 該放的仍然放得過 —— ⛔ 一條都不可以誤擋 ^[[33m347^[[2mms^[[22m^[[39m
unit	Workspace tests (vitest, coverage beacons on)	2026-09-08T17:44:33.6775722Z  ^[[32m✓^[[39m src/content/import/heroPackage.test.ts ^[[2m(^[[22m^[[2m18 tests^[[22m^[[2m)^[[22m^[[33m 45916^[[2mms^[[22m^[[39m
unit	Workspace tests (vitest, coverage beacons on)	2026-09-08T17:44:33.6778650Z    ^[[33m^[[2m✓^[[22m^[[39m complete hero through Main's package representation^[[2m > ^[[22mround trips a generated counterpart as owned content and rejects an existing identity collision ^[[33m4376^[[2mms^[[22m^[[39m
unit	Workspace tests (vitest, coverage beacons on)	2026-09-08T17:44:33.6781221Z    ^[[33m^[[2m✓^[[22m^[[39m complete hero through Main's package representation^[[2m > ^[[22mround trips the exact generator and processor identities alongside the full editable hero ^[[33m4816^[[2mms^[[22m^[[39m
unit	Workspace tests (vitest, coverage beacons on)	2026-09-08T17:44:33.6783747Z    ^[[33m^[[2m✓^[[22m^[[39m complete hero through Main's package representation^[[2m > ^[[22mleaves a legacy plan's unknown generator explicit while identifying its current compiler ^[[33m1242^[[2mms^[[22m^[[39m
unit	Workspace tests (vitest, coverage beacons on)	2026-09-08T17:44:33.6786447Z    ^[[33m^[[2m✓^[[22m^[[39m complete hero through Main's package representation^[[2m > ^[[22mrejects changed build provenance even with newly signed manifest hashes ^[[33m2448^[[2mms^[[22m^[[39m
unit	Workspace tests (vitest, coverage beacons on)	2026-09-08T17:44:33.6789377Z    ^[[33m^[[2m✓^[[22m^[[39m complete hero through Main's package representation^[[2m > ^[[22mrejects missing build provenance even with newly signed manifest hashes ^[[33m2422^[[2mms^[[22m^[[39m
unit	Workspace tests (vitest, coverage beacons on)	2026-09-08T17:44:33.6792009Z    ^[[33m^[[2m✓^[[22m^[[39m complete hero through Main's package representation^[[2m > ^[[22mpins a summoned champion and its appearance instead of relying on the server-only baseline ^[[33m3184^[[2mms^[[22m^[[39m
unit	Workspace tests (vitest, coverage beacons on)	2026-09-08T17:44:33.6794968Z    ^[[33m^[[2m✓^[[22m^[[39m complete hero through Main's package representation^[[2m > ^[[22mcarries original slot requirements and author notes through ZIP without turning them into verdicts ^[[33m3845^[[2mms^[[22m^[[39m
unit	Workspace tests (vitest, coverage beacons on)	2026-09-08T17:44:33.6797598Z    ^[[33m^[[2m✓^[[22m^[[39m complete hero through Main's package representation^[[2m > ^[[22mpins authored subtype calls, compiles them once and rejects missing or changed dependencies ^[[33m2798^[[2mms^[[22m^[[39m
unit	Workspace tests (vitest, coverage beacons on)	2026-09-08T17:44:33.6800205Z    ^[[33m^[[2m✓^[[22m^[[39m complete hero through Main's package representation^[[2m > ^[[22mround trips source text, repeated products, locks and six compiled slots through the existing validator ^[[33m4237^[[2mms^[[22m^[[39m
unit	Workspace tests (vitest, coverage beacons on)	2026-09-08T17:44:33.6805100Z    ^[[33m^[[2m✓^[[22m^[[39m complete hero through Main's package representation^[[2m > ^[[22mrejects runtime drift even after an attacker recomputes the outer digest ^[[33m2470^[[2mms^[[22m^[[39m
unit	Workspace tests (vitest, coverage beacons on)	2026-09-08T17:44:33.6806697Z    ^[[33m^[[2m✓^[[22m^[[39m complete hero through Main's package representation^[[2m > ^[[22mrejects dependency drift even after an attacker recomputes the outer digest ^[[33m2381^[[2mms^[[22m^[[39m
unit	Workspace tests (vitest, coverage beacons on)	2026-09-08T17:44:33.6808168Z    ^[[33m^[[2m✓^[[22m^[[39m complete hero through Main's package representation^[[2m > ^[[22mrejects root drift even after an attacker recomputes the outer digest ^[[33m2157^[[2mms^[[22m^[[39m
unit	Workspace tests (vitest, coverage beacons on)	2026-09-08T17:44:33.6809629Z    ^[[33m^[[2m✓^[[22m^[[39m complete hero through Main's package representation^[[2m > ^[[22mrejects simulation drift even after an attacker recomputes the outer digest ^[[33m2364^[[2mms^[[22m^[[39m
unit	Workspace tests (vitest, coverage beacons on)	2026-09-08T17:44:33.6811403Z    ^[[33m^[[2m✓^[[22m^[[39m complete hero through Main's package representation^[[2m > ^[[22mrejects missing drift even after an attacker recomputes the outer digest ^[[33m2317^[[2mms^[[22m^[[39m
unit	Workspace tests (vitest, coverage beacons on)	2026-09-08T17:44:33.6812874Z    ^[[33m^[[2m✓^[[22m^[[39m complete hero through Main's package representation^[[2m > ^[[22mrejects scope drift even after an attacker recomputes the outer digest ^[[33m1135^[[2mms^[[22m^[[39m
unit	Workspace tests (vitest, coverage beacons on)	2026-09-08T17:44:33.6814675Z    ^[[33m^[[2m✓^[[22m^[[39m complete hero through Main's package representation^[[2m > ^[[22mrejects manifest drift even after an attacker recomputes the outer digest ^[[33m2398^[[2mms^[[22m^[[39m
unit	Workspace tests (vitest, coverage beacons on)	2026-09-08T17:44:33.6816923Z    ^[[33m^[[2m✓^[[22m^[[39m complete hero through Main's package representation^[[2m > ^[[22mrejects changed server defaults instead of silently recompiling the approved version ^[[33m1186^[[2mms^[[22m^[[39m
unit	Workspace tests (vitest, coverage beacons on)	2026-09-08T17:44:34.4456499Z  ^[[32m✓^[[39m src/sim/tridentBuffRatio.test.ts ^[[2m(^[[22m^[[2m3 tests^[[22m^[[2m)^[[22m^[[33m 1960^[[2mms^[[22m^[[39m
unit	Workspace tests (vitest, coverage beacons on)	2026-09-08T17:44:34.6319445Z  ^[[32m✓^[[39m src/content/templates/simCapabilityDrift.test.ts ^[[2m(^[[22m^[[2m5 tests^[[22m^[[2m)^[[22m^[[90m 15^[[2mms^[[22m^[[39m
unit	Workspace tests (vitest, coverage beacons on)	2026-09-08T17:44:35.4255133Z  ^[[32m✓^[[39m src/content/periodicFieldAdoptionBlocker.test.ts ^[[2m(^[[22m^[[2m2 tests^[[22m^[[2m)^[[22m^[[90m 63^[[2mms^[[22m^[[39m
unit	Workspace tests (vitest, coverage beacons on)	2026-09-08T17:44:35.8816995Z  ^[[32m✓^[[39m src/ops/redisSnapshotBeforeShutdown.test.ts ^[[2m(^[[22m^[[2m3 tests^[[22m^[[2m)^[[22m^[[90m 58^[[2mms^[[22m^[[39m
unit	Workspace tests (vitest, coverage beacons on)	2026-09-08T17:44:36.1407156Z  ^[[32m✓^[[39m src/sim/bossAggroRank.test.ts ^[[2m(^[[22m^[[2m5 tests^[[22m^[[2m)^[[22m^[[90m 66^[[2mms^[[22m^[[39m
unit	Workspace tests (vitest, coverage beacons on)	2026-09-08T17:44:39.0199231Z  ^[[32m✓^[[39m src/content/semanticRoleMarkup.test.ts ^[[2m(^[[22m^[[2m2 tests^[[22m^[[2m)^[[22m^[[33m 1787^[[2mms^[[22m^[[39m
unit	Workspace tests (vitest, coverage beacons on)	2026-09-08T17:44:40.0725516Z  ^[[32m✓^[[39m src/content/schema/effects/modelFxStagingDuration.test.ts ^[[2m(^[[22m^[[2m1 test^[[22m^[[2m)^[[22m^[[33m 2453^[[2mms^[[22m^[[39m
unit	Workspace tests (vitest, coverage beacons on)	2026-09-08T17:44:40.4245279Z  ^[[32m✓^[[39m src/content/schema/effects/fxLongAxisVisibleGeometry.test.ts ^[[2m(^[[22m^[[2m2 tests^[[22m^[[2m)^[[22m^[[90m 17^[[2mms^[[22m^[[39m
unit	Workspace tests (vitest, coverage beacons on)	2026-09-08T17:44:40.7600254Z  ^[[32m✓^[[39m src/sim/systems/autoFarmWhileMoving.test.ts ^[[2m(^[[22m^[[2m10 tests^[[22m^[[2m)^[[22m^[[90m 135^[[2mms^[[22m^[[39m
unit	Workspace tests (vitest, coverage beacons on)	2026-09-08T17:44:41.4965358Z  ^[[32m✓^[[39m src/sim/effects/travelingWaveTerminalBurst.test.ts ^[[2m(^[[22m^[[2m1 test^[[22m^[[2m)^[[22m^[[90m 60^[[2mms^[[22m^[[39m
unit	Workspace tests (vitest, coverage beacons on)	2026-09-08T17:44:41.9146396Z  ^[[32m✓^[[39m src/sim/collision/collision.test.ts ^[[2m(^[[22m^[[2m11 tests^[[22m^[[2m)^[[22m^[[90m 59^[[2mms^[[22m^[[39m
unit	Workspace tests (vitest, coverage beacons on)	2026-09-08T17:44:42.5196089Z  ^[[32m✓^[[39m src/sim/systems/reflectHook.test.ts ^[[2m(^[[22m^[[2m4 tests^[[22m^[[2m)^[[22m^[[90m 38^[[2mms^[[22m^[[39m
unit	Workspace tests (vitest, coverage beacons on)	2026-09-08T17:44:42.8537230Z  ^[[32m✓^[[39m src/ops/releaseScript.test.ts ^[[2m(^[[22m^[[2m4 tests^[[22m^[[2m)^[[22m^[[33m 610^[[2mms^[[22m^[[39m
unit	Workspace tests (vitest, coverage beacons on)	2026-09-08T17:44:42.8566136Z    ^[[33m^[[2m✓^[[22m^[[39m 版號守衛 scripts/release.sh^[[2m > ^[[22m同一天再發一版 → 只 bump 第三段 ^[[33m364^[[2mms^[[22m^[[39m
unit	Workspace tests (vitest, coverage beacons on)	2026-09-08T17:44:43.2450177Z  ^[[32m✓^[[39m src/sim/combatFeel.test.ts ^[[2m(^[[22m^[[2m17 tests^[[22m^[[2m)^[[22m^[[90m 11^[[2mms^[[22m^[[39m
unit	Workspace tests (vitest, coverage beacons on)	2026-09-08T17:44:45.6511757Z  ^[[32m✓^[[39m src/content/castTimeProse.test.ts ^[[2m(^[[22m^[[2m3 tests^[[22m^[[2m)^[[22m^[[33m 1792^[[2mms^[[22m^[[39m
unit	Workspace tests (vitest, coverage beacons on)	2026-09-08T17:44:46.3812195Z  ^[[32m✓^[[39m src/content/templates/onAttackCondition.test.ts ^[[2m(^[[22m^[[2m8 tests^[[22m^[[2m)^[[22m^[[33m 2093^[[2mms^[[22m^[[39m
unit	Workspace tests (vitest, coverage beacons on)	2026-09-08T17:44:46.3813750Z    ^[[33m^[[2m✓^[[22m^[[39m 獸矛 —— tpl-on-attack 終於說得出自己的範本^[[2m > ^[[22m★ 1% 的英雄處決分支真的存在 —— 跑夠多刀就會中 ^[[33m1896^[[2mms^[[22m^[[39m
unit	Workspace tests (vitest, coverage beacons on)	2026-09-08T17:44:47.2266315Z  ^[[32m✓^[[39m src/content/lineSweepIsDamageLine.test.ts ^[[2m(^[[22m^[[2m4 tests^[[22m^[[2m)^[[22m^[[90m 13^[[2mms^[[22m^[[39m
unit	Workspace tests (vitest, coverage beacons on)	2026-09-08T17:44:48.3770260Z  ^[[32m✓^[[39m src/ops/shipGateScript.test.ts ^[[2m(^[[22m^[[2m8 tests^[[22m^[[2m)^[[22m^[[33m 2381^[[2mms^[[22m^[[39m
unit	Workspace tests (vitest, coverage beacons on)	2026-09-08T17:44:48.3783080Z    ^[[33m^[[2m✓^[[22m^[[39m pnpm ship:check^[[2m > ^[[22m★ 什麼旗標都不帶 ⇒ base 預設 origin/main,裁剪引擎**真的**被呼叫（2026-08-23:5 次跑閘裁剪 0 次生效） ^[[33m2294^[[2mms^[[22m^[[39m
unit	Workspace tests (vitest, coverage beacons on)	2026-09-08T17:44:50.6141855Z  ^[[32m✓^[[39m src/content/descriptionClaims.test.ts ^[[2m(^[[22m^[[2m2 tests^[[22m^[[2m)^[[22m^[[33m 2032^[[2mms^[[22m^[[39m
unit	Workspace tests (vitest, coverage beacons on)	2026-09-08T17:44:52.2896377Z  ^[[32m✓^[[39m src/content/moveSpeedTiers.test.ts ^[[2m(^[[22m^[[2m4 tests^[[22m^[[2m)^[[22m^[[33m 557^[[2mms^[[22m^[[39m
unit	Workspace tests (vitest, coverage beacons on)	2026-09-08T17:44:52.2898399Z    ^[[33m^[[2m✓^[[22m^[[39m 移速加成五級距 (#789 move-speed-bonus-tiers)^[[2m > ^[[22m② 載入時解析：註冊之後帶級別的節點 value 就是表上那個數字（技能＋道具＋增益卡） ^[[33m551^[[2mms^[[22m^[[39m
unit	Workspace tests (vitest, coverage beacons on)	2026-09-08T17:44:53.4241930Z  ^[[32m✓^[[39m src/sim/stats/resourceStats.test.ts ^[[2m(^[[22m^[[2m8 tests^[[22m^[[2m)^[[22m^[[90m 30^[[2mms^[[22m^[[39m
unit	Workspace tests (vitest, coverage beacons on)	2026-09-08T17:44:57.0326051Z  ^[[32m✓^[[39m src/sim/spellShieldWholeCast.test.ts ^[[2m(^[[22m^[[2m4 tests^[[22m^[[2m)^[[22m^[[33m 2246^[[2mms^[[22m^[[39m
unit	Workspace tests (vitest, coverage beacons on)	2026-09-08T17:44:58.8986356Z  ^[[32m✓^[[39m src/sim/auraIncludeSelf.test.ts ^[[2m(^[[22m^[[2m2 tests^[[22m^[[2m)^[[22m^[[33m 611^[[2mms^[[22m^[[39m
unit	Workspace tests (vitest, coverage beacons on)	2026-09-08T17:44:59.4494783Z  ^[[32m✓^[[39m src/content/regenOutlierOrigin.test.ts ^[[2m(^[[22m^[[2m3 tests^[[22m^[[2m)^[[22m^[[90m 4^[[2mms^[[22m^[[39m
unit	Workspace tests (vitest, coverage beacons on)	2026-09-08T17:45:01.7466148Z  ^[[32m✓^[[39m src/sim/combat/penetration.test.ts ^[[2m(^[[22m^[[2m8 tests^[[22m^[[2m)^[[22m^[[33m 984^[[2mms^[[22m^[[39m
unit	Workspace tests (vitest, coverage beacons on)	2026-09-08T17:45:03.0227960Z  ^[[32m✓^[[39m src/sim/manualTargetPriority.test.ts ^[[2m(^[[22m^[[2m4 tests^[[22m^[[2m)^[[22m^[[90m 40^[[2mms^[[22m^[[39m
unit	Workspace tests (vitest, coverage beacons on)	2026-09-08T17:45:04.2940321Z  ^[[32m✓^[[39m src/content/schema/config/configUnionCoversDirectory.test.ts ^[[2m(^[[22m^[[2m5 tests^[[22m^[[2m)^[[22m^[[90m 92^[[2mms^[[22m^[[39m
unit	Workspace tests (vitest, coverage beacons on)	2026-09-08T17:45:05.3729258Z  ^[[32m✓^[[39m src/sim/combat/lethalSave.test.ts ^[[2m(^[[22m^[[2m4 tests^[[22m^[[2m)^[[22m^[[90m 46^[[2mms^[[22m^[[39m
unit	Workspace tests (vitest, coverage beacons on)	2026-09-08T17:45:06.8276219Z  ^[[32m✓^[[39m src/content/communityRoom.test.ts ^[[2m(^[[22m^[[2m6 tests^[[22m^[[2m)^[[22m^[[33m 16851^[[2mms^[[22m^[[39m
unit	Workspace tests (vitest, coverage beacons on)	2026-09-08T17:45:06.8336366Z    ^[[33m^[[2m✓^[[22m^[[39m admits a generated counterpart with its approved work without adding a second roster choice ^[[33m2096^[[2mms^[[22m^[[39m
unit	Workspace tests (vitest, coverage beacons on)	2026-09-08T17:45:06.8365966Z    ^[[33m^[[2m✓^[[22m^[[39m loads approved heroes into an immutable match snapshot without mutating the release base ^[[33m861^[[2mms^[[22m^[[39m
unit	Workspace tests (vitest, coverage beacons on)	2026-09-08T17:45:06.8395811Z    ^[[33m^[[2m✓^[[22m^[[39m loads different versions of the same template in one room without sharing mutable definitions ^[[33m3421^[[2mms^[[22m^[[39m
unit	Workspace tests (vitest, coverage beacons on)	2026-09-08T17:45:06.8433615Z    ^[[33m^[[2m✓^[[22m^[[39m rejects stale dependencies, stale engines, duplicate works, wrong approval hashes, and missing archives ^[[33m650^[[2mms^[[22m^[[39m
unit	Workspace tests (vitest, coverage beacons on)	2026-09-08T17:45:06.8445525Z    ^[[33m^[[2m✓^[[22m^[[39m rejects a corrupted archive and a forged room manifest before installing content ^[[33m639^[[2mms^[[22m^[[39m
unit	Workspace tests (vitest, coverage beacons on)	2026-09-08T17:45:06.8448440Z    ^[[33m^[[2m✓^[[22m^[[39m loads package-local uploaded model bindings and shares identical models across approved heroes ^[[33m3982^[[2mms^[[22m^[[39m
unit	Workspace tests (vitest, coverage beacons on)	2026-09-08T17:45:07.4166104Z  ^[[32m✓^[[39m src/content/selfCastRange.test.ts ^[[2m(^[[22m^[[2m5 tests^[[22m^[[2m)^[[22m^[[90m 118^[[2mms^[[22m^[[39m
unit	Workspace tests (vitest, coverage beacons on)	2026-09-08T17:45:07.6708045Z ^[[90mstderr^[[2m | src/sim/exAbilitiesShipped.test.ts^[[2m > ^[[22m^[[2mEX 空殼守衛：出貨 JSON 施放之後玩家真的拿得到^[[2m > ^[[22m^[[2m② 20-002：反彈成功之後，攻擊者要在後續多個 tick 繼續中刀（七連斬真的落地）
unit	Workspace tests (vitest, coverage beacons on)	2026-09-08T17:45:07.6745799Z ^[[22m^[[39m[spawnModelFx] 節點缺 path（preset=tpl-locust-strike）—— 模板沒有被解析，這一發不會有任何模型。
unit	Workspace tests (vitest, coverage beacons on)	2026-09-08T17:45:07.6746761Z 
unit	Workspace tests (vitest, coverage beacons on)	2026-09-08T17:45:07.6747910Z  ^[[32m✓^[[39m src/sim/exAbilitiesShipped.test.ts ^[[2m(^[[22m^[[2m2 tests^[[22m^[[2m)^[[22m^[[33m 978^[[2mms^[[22m^[[39m
unit	Workspace tests (vitest, coverage beacons on)	2026-09-08T17:45:09.9481643Z  ^[[32m✓^[[39m src/content/voxelSkin/paint.test.ts ^[[2m(^[[22m^[[2m12 tests^[[22m^[[2m)^[[22m^[[33m 1840^[[2mms^[[22m^[[39m
unit	Workspace tests (vitest, coverage beacons on)	2026-09-08T17:45:09.9486053Z    ^[[33m^[[2m✓^[[22m^[[39m paintVoxelAtlas^[[2m > ^[[22mcovers every hair / eye / mouth / top / leg style without a hole ^[[33m1452^[[2mms^[[22m^[[39m
unit	Workspace tests (vitest, coverage beacons on)	2026-09-08T17:45:11.0156080Z  ^[[32m✓^[[39m src/sim/counterAxes.test.ts ^[[2m(^[[22m^[[2m5 tests^[[22m^[[2m)^[[22m^[[90m 58^[[2mms^[[22m^[[39m
unit	Workspace tests (vitest, coverage beacons on)	2026-09-08T17:45:11.7821831Z ⛔ 不認得的模式 'lokc' —— 只有 lock|unlock|status|doctor（別名 --doctor）。
unit	Workspace tests (vitest, coverage beacons on)	2026-09-08T17:45:11.7839998Z    ⚠️ 在此之前這裡會**靜靜跑 unlock 並 exit 0**（GH#815）。
unit	Workspace tests (vitest, coverage beacons on)	2026-09-08T17:45:11.7975974Z  ^[[32m✓^[[39m src/ops/quarantineOrphansAndEntrypoints.test.ts ^[[2m(^[[22m^[[2m5 tests^[[22m^[[2m)^[[22m^[[33m 4032^[[2mms^[[22m^[[39m
unit	Workspace tests (vitest, coverage beacons on)	2026-09-08T17:45:11.8016025Z    ^[[33m^[[2m✓^[[22m^[[39m 隔離區體檢 --doctor (quarantine-orphans-and-entrypoints)^[[2m > ^[[22m⑤ 欄位級擁有權是**量出來的**（field-io.json 過期就紅 —— GH#827） ^[[33m3764^[[2mms^[[22m^[[39m
unit	Workspace tests (vitest, coverage beacons on)	2026-09-08T17:45:12.1861082Z  ^[[32m✓^[[39m src/sim/combat/blockVfxShippedAbility.test.ts ^[[2m(^[[22m^[[2m5 tests^[[22m^[[2m)^[[22m^[[90m 58^[[2mms^[[22m^[[39m
unit	Workspace tests (vitest, coverage beacons on)	2026-09-08T17:45:14.4002021Z  ^[[32m✓^[[39m src/content/abilityMirrorSemantic.test.ts ^[[2m(^[[22m^[[2m4 tests^[[22m^[[2m)^[[22m^[[33m 1132^[[2mms^[[22m^[[39m
unit	Workspace tests (vitest, coverage beacons on)	2026-09-08T17:45:14.4004473Z    ^[[33m^[[2m✓^[[22m^[[39m ② 58-02 鋼鐵尾巴：卡面說的事真的會發生（出貨內容 · 出貨普攻路徑 · 固定種子）^[[2m > ^[[22mW 1 階：普攻依機率追加非普攻來源的傷害並把目標按住；0 階：兩者都是 0（兩個方向） ^[[33m668^[[2mms^[[22m^[[39m
unit	Workspace tests (vitest, coverage beacons on)	2026-09-08T17:45:15.4572917Z  ^[[32m✓^[[39m src/sim/bloodTemple.test.ts ^[[2m(^[[22m^[[2m2 tests^[[22m^[[2m)^[[22m^[[33m 1932^[[2mms^[[22m^[[39m
unit	Workspace tests (vitest, coverage beacons on)	2026-09-08T17:45:15.4637944Z  ^[[32m✓^[[39m src/sim/abilities/abilityAugmentCastAndScope.test.ts ^[[2m(^[[22m^[[2m3 tests^[[22m^[[2m)^[[22m^[[90m 33^[[2mms^[[22m^[[39m
unit	Workspace tests (vitest, coverage beacons on)	2026-09-08T17:45:16.6928854Z ^[[90mstderr^[[2m | src/sim/effects/avalonExFollowup.test.ts^[[2m > ^[[22m^[[2m理想鄉反彈成功 → EX 的追打（GH#974）^[[2m > ^[[22m^[[2m★★ ⭐ 方向①【EX 解鎖】反彈成功 ⇒ 追打真的排出來（20-002 的 17 段靠它）
unit	Workspace tests (vitest, coverage beacons on)	2026-09-08T17:45:16.6930995Z ^[[22m^[[39m[spawnModelFx] 節點缺 path（preset=tpl-locust-strike）—— 模板沒有被解析，這一發不會有任何模型。
unit	Workspace tests (vitest, coverage beacons on)	2026-09-08T17:45:16.6931709Z 
unit	Workspace tests (vitest, coverage beacons on)	2026-09-08T17:45:16.6933129Z ^[[90mstderr^[[2m | src/sim/effects/avalonExFollowup.test.ts^[[2m > ^[[22m^[[2m理想鄉反彈成功 → EX 的追打（GH#974）^[[2m > ^[[22m^[[2m★★ ⭐ 方向②【EX 未解鎖】⇒ ⛔ 不可以有追打（⚠️ 否則上一條對解鎖與否是瞎的）
unit	Workspace tests (vitest, coverage beacons on)	2026-09-08T17:45:16.6934718Z ^[[22m^[[39m[spawnModelFx] 節點缺 path（preset=tpl-locust-strike）—— 模板沒有被解析，這一發不會有任何模型。
unit	Workspace tests (vitest, coverage beacons on)	2026-09-08T17:45:16.6935383Z 
unit	Workspace tests (vitest, coverage beacons on)	2026-09-08T17:45:16.6936235Z  ^[[32m✓^[[39m src/sim/effects/avalonExFollowup.test.ts ^[[2m(^[[22m^[[2m2 tests^[[22m^[[2m)^[[22m^[[90m 54^[[2mms^[[22m^[[39m
unit	Workspace tests (vitest, coverage beacons on)	2026-09-08T17:45:17.1251470Z  ^[[32m✓^[[39m src/ops/regenOutlierRegister.test.ts ^[[2m(^[[22m^[[2m3 tests^[[22m^[[2m)^[[22m^[[90m 29^[[2mms^[[22m^[[39m
unit	Workspace tests (vitest, coverage beacons on)	2026-09-08T17:45:18.1226166Z  ^[[32m✓^[[39m src/content/buildIndexesValidates.test.ts ^[[2m(^[[22m^[[2m5 tests^[[22m^[[2m)^[[22m^[[33m 47253^[[2mms^[[22m^[[39m
unit	Workspace tests (vitest, coverage beacons on)	2026-09-08T17:45:18.1233750Z    ^[[33m^[[2m✓^[[22m^[[39m pnpm content:build 先驗證再寫入 (build-indexes-validates)^[[2m > ^[[22m乾淨的樹會通過 —— 沒有這一條,下面那條可能只是它永遠都失敗 ^[[33m15270^[[2mms^[[22m^[[39m
unit	Workspace tests (vitest, coverage beacons on)	2026-09-08T17:45:18.1236061Z    ^[[33m^[[2m✓^[[22m^[[39m pnpm content:build 先驗證再寫入 (build-indexes-validates)^[[2m > ^[[22m★ 超過上界的欄位讓 build 失敗,而且訊息指名那個檔與那個欄位 ^[[33m17006^[[2mms^[[22m^[[39m
unit	Workspace tests (vitest, coverage beacons on)	2026-09-08T17:45:18.1268594Z    ^[[33m^[[2m✓^[[22m^[[39m pnpm content:build 先驗證再寫入 (build-indexes-validates)^[[2m > ^[[22m★ 驗證失敗時索引與 bundle 完全沒有被改動 ^[[33m4598^[[2mms^[[22m^[[39m
unit	Workspace tests (vitest, coverage beacons on)	2026-09-08T17:45:18.1269812Z    ^[[33m^[[2m✓^[[22m^[[39m pnpm content:build 先驗證再寫入 (build-indexes-validates)^[[2m > ^[[22m★ 上架技能的 effects 空了會讓 build 失敗,而且訊息指名那一支 ^[[33m4961^[[2mms^[[22m^[[39m
unit	Workspace tests (vitest, coverage beacons on)	2026-09-08T17:45:18.1270949Z    ^[[33m^[[2m✓^[[22m^[[39m pnpm content:build 先驗證再寫入 (build-indexes-validates)^[[2m > ^[[22m★ 第一次見到的集合也要驗,失敗要指名那個檔與那個欄位,而且 bundle 不動 ^[[33m4610^[[2mms^[[22m^[[39m
unit	Workspace tests (vitest, coverage beacons on)	2026-09-08T17:45:18.1775615Z  ^[[32m✓^[[39m src/sim/effects/spendHealth.test.ts ^[[2m(^[[22m^[[2m19 tests^[[22m^[[2m)^[[22m^[[90m 62^[[2mms^[[22m^[[39m
unit	Workspace tests (vitest, coverage beacons on)	2026-09-08T17:45:18.4085587Z  ^[[32m✓^[[39m src/content/shippedBundleIsCurrent.test.ts ^[[2m(^[[22m^[[2m4 tests^[[22m^[[2m)^[[22m^[[33m 1447^[[2mms^[[22m^[[39m
unit	Workspace tests (vitest, coverage beacons on)	2026-09-08T17:45:18.4137083Z    ^[[33m^[[2m✓^[[22m^[[39m 出貨的 content/bundle.json 必須是最新的^[[2m > ^[[22m★ 每一份文件的雜湊都跟原始檔重建的結果一致（否則玩家收到舊內容） ^[[33m1268^[[2mms^[[22m^[[39m
unit	Workspace tests (vitest, coverage beacons on)	2026-09-08T17:45:19.4386224Z  ^[[32m✓^[[39m src/sim/economy/weaponTiers.test.ts ^[[2m(^[[22m^[[2m11 tests^[[22m^[[2m)^[[22m^[[90m 13^[[2mms^[[22m^[[39m
unit	Workspace tests (vitest, coverage beacons on)	2026-09-08T17:45:19.8802592Z  ^[[32m✓^[[39m src/content/championBodyScale.test.ts ^[[2m(^[[22m^[[2m5 tests^[[22m^[[2m)^[[22m^[[90m 100^[[2mms^[[22m^[[39m
unit	Workspace tests (vitest, coverage beacons on)	2026-09-08T17:45:20.2666050Z  ^[[32m✓^[[39m src/ops/presentationReceiptFresh.test.ts ^[[2m(^[[22m^[[2m6 tests^[[22m^[[2m)^[[22m^[[33m 1460^[[2mms^[[22m^[[39m
unit	Workspace tests (vitest, coverage beacons on)	2026-09-08T17:45:20.2667953Z    ^[[33m^[[2m✓^[[22m^[[39m 演出契約收據（Codex C）^[[2m > ^[[22m⭐ `--check` 是綠的（紅了不要改收據：跑 `pnpm receipt:build` 然後 git add） ^[[33m1411^[[2mms^[[22m^[[39m
unit	Workspace tests (vitest, coverage beacons on)	2026-09-08T17:45:20.4681159Z  ^[[32m✓^[[39m src/sim/mobs.schedule.test.ts ^[[2m(^[[22m^[[2m11 tests^[[22m^[[2m)^[[22m^[[33m 790^[[2mms^[[22m^[[39m
unit	Workspace tests (vitest, coverage beacons on)	2026-09-08T17:45:20.4688426Z    ^[[33m^[[2m✓^[[22m^[[39m the battlefield really fills up — and really empties (the wiring guard)^[[2m > ^[[22m5 < 7 < 9 in bodies standing, not just in numbers on a config ^[[33m644^[[2mms^[[22m^[[39m
unit	Workspace tests (vitest, coverage beacons on)	2026-09-08T17:45:21.4046201Z  ^[[32m✓^[[39m src/ops/todoDoneBeaconsHaveEmitters.test.ts ^[[2m(^[[22m^[[2m4 tests^[[22m^[[2m)^[[22m^[[90m 6^[[2mms^[[22m^[[39m
unit	Workspace tests (vitest, coverage beacons on)	2026-09-08T17:45:21.4815884Z  ^[[32m✓^[[39m src/sim/effects/travelingWaveAdvance.test.ts ^[[2m(^[[22m^[[2m1 test^[[22m^[[2m)^[[22m^[[90m 78^[[2mms^[[22m^[[39m
unit	Workspace tests (vitest, coverage beacons on)	2026-09-08T17:45:22.5956008Z  ^[[32m✓^[[39m src/sim/effects/lane1Kinds.test.ts ^[[2m(^[[22m^[[2m4 tests^[[22m^[[2m)^[[22m^[[90m 30^[[2mms^[[22m^[[39m
unit	Workspace tests (vitest, coverage beacons on)	2026-09-08T17:45:23.2116256Z  ^[[32m✓^[[39m src/sim/spellShieldOneShot.test.ts ^[[2m(^[[22m^[[2m3 tests^[[22m^[[2m)^[[22m^[[33m 1779^[[2mms^[[22m^[[39m
unit	Workspace tests (vitest, coverage beacons on)	2026-09-08T17:45:23.6506346Z  ^[[32m✓^[[39m src/sim/mobs.control.test.ts ^[[2m(^[[22m^[[2m2 tests^[[22m^[[2m)^[[22m^[[33m 1089^[[2mms^[[22m^[[39m
unit	Workspace tests (vitest, coverage beacons on)	2026-09-08T17:45:23.6526648Z    ^[[33m^[[2m✓^[[22m^[[39m 喪標麥可小怪的控場量測 (#271)^[[2m > ^[[22m第 9 場 30 秒滿載殭屍：玩家被殭屍控住 0 tick、被減速 0 tick ^[[33m906^[[2mms^[[22m^[[39m
unit	Workspace tests (vitest, coverage beacons on)	2026-09-08T17:45:23.7900304Z  ^[[32m✓^[[39m src/sim/abilities/toggle.test.ts ^[[2m(^[[22m^[[2m3 tests^[[22m^[[2m)^[[22m^[[90m 43^[[2mms^[[22m^[[39m
unit	Workspace tests (vitest, coverage beacons on)	2026-09-08T17:45:24.4587047Z  ^[[32m✓^[[39m src/sim/facingConfig.test.ts ^[[2m(^[[22m^[[2m7 tests^[[22m^[[2m)^[[22m^[[90m 45^[[2mms^[[22m^[[39m
unit	Workspace tests (vitest, coverage beacons on)	2026-09-08T17:45:24.7820571Z  ^[[32m✓^[[39m src/ops/reviewTriage.test.ts ^[[2m(^[[22m^[[2m4 tests^[[22m^[[2m)^[[22m^[[90m 16^[[2mms^[[22m^[[39m
unit	Workspace tests (vitest, coverage beacons on)	2026-09-08T17:45:24.9146601Z  ^[[32m✓^[[39m src/sim/combat/typeStreakImmunity.test.ts ^[[2m(^[[22m^[[2m5 tests^[[22m^[[2m)^[[22m^[[90m 40^[[2mms^[[22m^[[39m
unit	Workspace tests (vitest, coverage beacons on)	2026-09-08T17:45:24.9912417Z  ^[[32m✓^[[39m src/sim/mobLevelCurve.test.ts ^[[2m(^[[22m^[[2m7 tests^[[22m^[[2m)^[[22m^[[90m 8^[[2mms^[[22m^[[39m
unit	Workspace tests (vitest, coverage beacons on)	2026-09-08T17:45:25.3490604Z  ^[[32m✓^[[39m src/voxel/look.test.ts ^[[2m(^[[22m^[[2m16 tests^[[22m^[[2m)^[[22m^[[90m 61^[[2mms^[[22m^[[39m
unit	Workspace tests (vitest, coverage beacons on)	2026-09-08T17:45:25.4778855Z  ^[[32m✓^[[39m src/content/tierRawParity.test.ts ^[[2m(^[[22m^[[2m1 test^[[22m^[[2m)^[[22m^[[90m 93^[[2mms^[[22m^[[39m
unit	Workspace tests (vitest, coverage beacons on)	2026-09-08T17:45:26.0165636Z  ^[[32m✓^[[39m src/sim/cooldownFloor.test.ts ^[[2m(^[[22m^[[2m6 tests^[[22m^[[2m)^[[22m^[[90m 29^[[2mms^[[22m^[[39m
unit	Workspace tests (vitest, coverage beacons on)	2026-09-08T17:45:26.0295889Z  ^[[32m✓^[[39m src/ops/composeBindSourcesTracked.test.ts ^[[2m(^[[22m^[[2m2 tests^[[22m^[[2m)^[[22m^[[90m 233^[[2mms^[[22m^[[39m
unit	Workspace tests (vitest, coverage beacons on)	2026-09-08T17:45:28.6583010Z  ^[[32m✓^[[39m src/sim/content/bankaiFormGate.test.ts ^[[2m(^[[22m^[[2m1 test^[[22m^[[2m)^[[22m^[[33m 1880^[[2mms^[[22m^[[39m
unit	Workspace tests (vitest, coverage beacons on)	2026-09-08T17:45:29.5682007Z  ^[[32m✓^[[39m src/sim/berserkUncontrollable.test.ts ^[[2m(^[[22m^[[2m2 tests^[[22m^[[2m)^[[22m^[[33m 2098^[[2mms^[[22m^[[39m
unit	Workspace tests (vitest, coverage beacons on)	2026-09-08T17:45:29.6406146Z  ^[[32m✓^[[39m src/content/boneOnVictimContent.test.ts ^[[2m(^[[22m^[[2m2 tests^[[22m^[[2m)^[[22m^[[33m 2188^[[2mms^[[22m^[[39m
unit	Workspace tests (vitest, coverage beacons on)	2026-09-08T17:45:29.7666577Z  ^[[32m✓^[[39m src/content/templatizeEquivalence.test.ts ^[[2m(^[[22m^[[2m3 tests^[[22m^[[2m)^[[22m^[[90m 171^[[2mms^[[22m^[[39m
unit	Workspace tests (vitest, coverage beacons on)	2026-09-08T17:45:29.9597671Z  ^[[32m✓^[[39m src/sim/effects/fanRotation.test.ts ^[[2m(^[[22m^[[2m12 tests^[[22m^[[2m)^[[22m^[[90m 20^[[2mms^[[22m^[[39m
unit	Workspace tests (vitest, coverage beacons on)	2026-09-08T17:45:30.8199261Z  ^[[32m✓^[[39m src/sim/grievousWounds.test.ts ^[[2m(^[[22m^[[2m4 tests^[[22m^[[2m)^[[22m^[[90m 40^[[2mms^[[22m^[[39m
unit	Workspace tests (vitest, coverage beacons on)	2026-09-08T17:45:30.9802782Z  ^[[32m✓^[[39m src/sim/castabilityVfxOnly.test.ts ^[[2m(^[[22m^[[2m6 tests^[[22m^[[2m)^[[22m^[[90m 54^[[2mms^[[22m^[[39m
unit	Workspace tests (vitest, coverage beacons on)	2026-09-08T17:45:31.4481116Z  ^[[32m✓^[[39m src/content/import/descriptionTokens.test.ts ^[[2m(^[[22m^[[2m12 tests^[[22m^[[2m)^[[22m^[[90m 42^[[2mms^[[22m^[[39m
unit	Workspace tests (vitest, coverage beacons on)	2026-09-08T17:45:32.1574765Z  ^[[32m✓^[[39m src/content/locustCrescent.test.ts ^[[2m(^[[22m^[[2m3 tests^[[22m^[[2m)^[[22m^[[90m 21^[[2mms^[[22m^[[39m
unit	Workspace tests (vitest, coverage beacons on)	2026-09-08T17:45:33.2091865Z  ^[[32m✓^[[39m src/content/projectileElement.test.ts ^[[2m(^[[22m^[[2m5 tests^[[22m^[[2m)^[[22m^[[90m 58^[[2mms^[[22m^[[39m
unit	Workspace tests (vitest, coverage beacons on)	2026-09-08T17:45:34.4285671Z  ^[[32m✓^[[39m src/content/dragonStaging.test.ts ^[[2m(^[[22m^[[2m2 tests^[[22m^[[2m)^[[22m^[[33m 1643^[[2mms^[[22m^[[39m
unit	Workspace tests (vitest, coverage beacons on)	2026-09-08T17:45:35.4117721Z  ^[[32m✓^[[39m src/sim/effects/ccImmunityCoversMissChance.test.ts ^[[2m(^[[22m^[[2m3 tests^[[22m^[[2m)^[[22m^[[33m 782^[[2mms^[[22m^[[39m
unit	Workspace tests (vitest, coverage beacons on)	2026-09-08T17:45:35.5794905Z  ^[[32m✓^[[39m src/ops/traceSingleStep.test.ts ^[[2m(^[[22m^[[2m4 tests^[[22m^[[2m)^[[22m^[[33m 5266^[[2mms^[[22m^[[39m
unit	Workspace tests (vitest, coverage beacons on)	2026-09-08T17:45:35.5886136Z    ^[[33m^[[2m✓^[[22m^[[39m trace.mjs --script <一步> (trace-single-step, GH#1034)^[[2m > ^[[22m① 單步 ⇒ 只動那一步（聯集 ＋ 日期戳→glob），其餘步驟逐位元組不變 ^[[33m855^[[2mms^[[22m^[[39m
unit	Workspace tests (vitest, coverage beacons on)	2026-09-08T17:45:35.5910412Z    ^[[33m^[[2m✓^[[22m^[[39m trace.mjs --script <一步> (trace-single-step, GH#1034)^[[2m > ^[[22m② 量到 0 讀 ⇒ 非零離開、檔案一個位元組不動、訊息指名；--allow-empty-reads 帶理由才放行 ^[[33m408^[[2mms^[[22m^[[39m
unit	Workspace tests (vitest, coverage beacons on)	2026-09-08T17:45:35.5936518Z    ^[[33m^[[2m✓^[[22m^[[39m trace.mjs --script <一步> (trace-single-step, GH#1034)^[[2m > ^[[22m③ 沙盒陳舊＝依賴指紋（GH#1056）：只改 script（＋新來源檔）⇒ 重用且同步進去；改依賴 ⇒ 重建 ^[[33m2390^[[2mms^[[22m^[[39m
unit	Workspace tests (vitest, coverage beacons on)	2026-09-08T17:45:35.5955413Z    ^[[33m^[[2m✓^[[22m^[[39m trace.mjs --script <一步> (trace-single-step, GH#1034)^[[2m > ^[[22m④ genrun 的對帳快照對探針隱形（GH#1056）：走 genrun 的步驟，reads 只有它真的讀的、writes 不含鎖檔 ^[[33m1612^[[2mms^[[22m^[[39m
unit	Workspace tests (vitest, coverage beacons on)	2026-09-08T17:45:36.0535992Z  ^[[32m✓^[[39m src/ops/clientContentImports.test.ts ^[[2m(^[[22m^[[2m1 test^[[22m^[[2m)^[[22m^[[33m 338^[[2mms^[[22m^[[39m
unit	Workspace tests (vitest, coverage beacons on)	2026-09-08T17:45:36.0597808Z    ^[[33m^[[2m✓^[[22m^[[39m 客戶端跨界 import 進 content/ 的檔案（GH#437）^[[2m > ^[[22m每一份都在 edge 的建置脈絡裡，且沒有多餘的 COPY ^[[33m337^[[2mms^[[22m^[[39m
unit	Workspace tests (vitest, coverage beacons on)	2026-09-08T17:45:36.7318767Z  ^[[32m✓^[[39m src/sim/economy/shopAccess.test.ts ^[[2m(^[[22m^[[2m10 tests^[[22m^[[2m)^[[22m^[[90m 31^[[2mms^[[22m^[[39m
unit	Workspace tests (vitest, coverage beacons on)	2026-09-08T17:45:36.7613340Z  ^[[32m✓^[[39m src/ops/knobValueNotRestated.test.ts ^[[2m(^[[22m^[[2m2 tests^[[22m^[[2m)^[[22m^[[33m 2027^[[2mms^[[22m^[[39m
unit	Workspace tests (vitest, coverage beacons on)	2026-09-08T17:45:36.7626432Z    ^[[33m^[[2m✓^[[22m^[[39m 編輯器契約只描述原始資料^[[2m > ^[[22m⛔ docs/editor-contract 裡一處系統倍率都不可以有 ^[[33m2024^[[2mms^[[22m^[[39m
unit	Workspace tests (vitest, coverage beacons on)	2026-09-08T17:45:37.1646140Z  ^[[32m✓^[[39m src/content/import/manifestPathSegments.test.ts ^[[2m(^[[22m^[[2m3 tests^[[22m^[[2m)^[[22m^[[90m 25^[[2mms^[[22m^[[39m
unit	Workspace tests (vitest, coverage beacons on)	2026-09-08T17:45:37.3236165Z  ^[[32m✓^[[39m src/sim/effects/devour.test.ts ^[[2m(^[[22m^[[2m5 tests^[[22m^[[2m)^[[22m^[[90m 81^[[2mms^[[22m^[[39m
unit	Workspace tests (vitest, coverage beacons on)	2026-09-08T17:45:38.1462374Z  ^[[32m✓^[[39m src/content/locustTornadoElemental.test.ts ^[[2m(^[[22m^[[2m2 tests^[[22m^[[2m)^[[22m^[[90m 23^[[2mms^[[22m^[[39m
unit	Workspace tests (vitest, coverage beacons on)	2026-09-08T17:45:38.4270421Z  ^[[32m✓^[[39m src/sim/aimPriority.test.ts ^[[2m(^[[22m^[[2m8 tests^[[22m^[[2m)^[[22m^[[90m 35^[[2mms^[[22m^[[39m
unit	Workspace tests (vitest, coverage beacons on)	2026-09-08T17:45:39.4936561Z  ^[[32m✓^[[39m src/sim/systems/lolCommandDetails.test.ts ^[[2m(^[[22m^[[2m5 tests^[[22m^[[2m)^[[22m^[[90m 44^[[2mms^[[22m^[[39m
unit	Workspace tests (vitest, coverage beacons on)	2026-09-08T17:45:39.5078128Z  ^[[32m✓^[[39m src/content/dummyOrb.test.ts ^[[2m(^[[22m^[[2m4 tests^[[22m^[[2m)^[[22m^[[90m 30^[[2mms^[[22m^[[39m
unit	Workspace tests (vitest, coverage beacons on)	2026-09-08T17:45:39.8815960Z  ^[[32m✓^[[39m src/ops/laneDOCSContractSilence.test.ts ^[[2m(^[[22m^[[2m2 tests^[[22m^[[2m)^[[22m^[[90m 43^[[2mms^[[22m^[[39m
unit	Workspace tests (vitest, coverage beacons on)	2026-09-08T17:45:40.2608104Z  ^[[32m✓^[[39m src/ops/handWrittenAbilitiesRatchet.test.ts ^[[2m(^[[22m^[[2m3 tests^[[22m^[[2m)^[[22m^[[90m 10^[[2mms^[[22m^[[39m
unit	Workspace tests (vitest, coverage beacons on)	2026-09-08T17:45:40.8883127Z  ^[[32m✓^[[39m src/content/ownerGeometryRulings.test.ts ^[[2m(^[[22m^[[2m2 tests^[[22m^[[2m)^[[22m^[[33m 2109^[[2mms^[[22m^[[39m
unit	Workspace tests (vitest, coverage beacons on)	2026-09-08T17:45:40.8889315Z    ^[[33m^[[2m✓^[[22m^[[39m 產生器的 `rng` 接縫是活的（common.py SPEC_OWNED）^[[2m > ^[[22m改 hero 檔的施法距離級別，重生成的 JSON 要跟著動 ^[[33m480^[[2mms^[[22m^[[39m
unit	Workspace tests (vitest, coverage beacons on)	2026-09-08T17:45:41.5016198Z  ^[[32m✓^[[39m src/ops/w3xFilterModeContract.test.ts ^[[2m(^[[22m^[[2m8 tests^[[22m^[[2m)^[[22m^[[90m 9^[[2mms^[[22m^[[39m
unit	Workspace tests (vitest, coverage beacons on)	2026-09-08T17:45:41.5046508Z  ^[[32m✓^[[39m src/ops/visualProofScript.test.ts ^[[2m(^[[22m^[[2m3 tests^[[22m^[[2m)^[[22m^[[33m 909^[[2mms^[[22m^[[39m
unit	Workspace tests (vitest, coverage beacons on)	2026-09-08T17:45:41.5048683Z    ^[[33m^[[2m✓^[[22m^[[39m scripts/visual-proof.sh^[[2m > ^[[22m--new 蓋的 HEAD 撈得到；骨架不算證據；報告沒寫 HEAD ⇒ 大聲指名（strict 才擋） ^[[33m532^[[2mms^[[22m^[[39m
unit	Workspace tests (vitest, coverage beacons on)	2026-09-08T17:45:42.0339424Z  ^[[32m✓^[[39m src/sim/daggerGodieI039.test.ts ^[[2m(^[[22m^[[2m2 tests^[[22m^[[2m)^[[22m^[[33m 1132^[[2mms^[[22m^[[39m
unit	Workspace tests (vitest, coverage beacons on)	2026-09-08T17:45:42.0408636Z    ^[[33m^[[2m✓^[[22m^[[39m 幻之匕首 [普通攻擊時] 3%機率造成敵方 20%生命傷害^[[2m > ^[[22ma real auto-attack duel procs it, and each chunk is hpPct × the victim's CURRENT hp ^[[33m469^[[2mms^[[22m^[[39m
unit	Workspace tests (vitest, coverage beacons on)	2026-09-08T17:45:42.7089293Z  ^[[32m✓^[[39m src/sim/aimHoldCadence.test.ts ^[[2m(^[[22m^[[2m4 tests^[[22m^[[2m)^[[22m^[[90m 34^[[2mms^[[22m^[[39m
unit	Workspace tests (vitest, coverage beacons on)	2026-09-08T17:45:43.1930968Z  ^[[32m✓^[[39m src/content/schema/config/controllerScheme.test.ts ^[[2m(^[[22m^[[2m9 tests^[[22m^[[2m)^[[22m^[[90m 11^[[2mms^[[22m^[[39m
unit	Workspace tests (vitest, coverage beacons on)	2026-09-08T17:45:43.5196069Z  ^[[32m✓^[[39m src/content/remadeMechanismsLanded.test.ts ^[[2m(^[[22m^[[2m1 test^[[22m^[[2m)^[[22m^[[90m 9^[[2mms^[[22m^[[39m
unit	Workspace tests (vitest, coverage beacons on)	2026-09-08T17:45:43.5372289Z  ^[[32m✓^[[39m src/sim/content/conditionStatusTag.test.ts ^[[2m(^[[22m^[[2m5 tests^[[22m^[[2m)^[[22m^[[33m 379^[[2mms^[[22m^[[39m
unit	Workspace tests (vitest, coverage beacons on)	2026-09-08T17:45:43.5378263Z    ^[[33m^[[2m✓^[[22m^[[39m 目標身上有某一類狀態時^[[2m > ^[[22m★ ⑤ tags 是從 `status-effect@1` 文件經 `registerAll` 送進 sim 的 ^[[33m325^[[2mms^[[22m^[[39m
unit	Workspace tests (vitest, coverage beacons on)	2026-09-08T17:45:43.9440687Z  ^[[32m✓^[[39m src/ops/miniDeployStopsOnBuildFailure.test.ts ^[[2m(^[[22m^[[2m3 tests^[[22m^[[2m)^[[22m^[[90m 84^[[2mms^[[22m^[[39m
unit	Workspace tests (vitest, coverage beacons on)	2026-09-08T17:45:44.5596252Z  ^[[32m✓^[[39m src/content/animPulseSingleHome.test.ts ^[[2m(^[[22m^[[2m5 tests^[[22m^[[2m)^[[22m^[[33m 701^[[2mms^[[22m^[[39m
unit	Workspace tests (vitest, coverage beacons on)	2026-09-08T17:45:44.5612535Z    ^[[33m^[[2m✓^[[22m^[[39m 動作脈衝的詞彙表只有一個住處（GH#940）^[[2m > ^[[22m⭐ 出貨原始碼裡沒有第二份手抄的脈衝聯集 ^[[33m380^[[2mms^[[22m^[[39m
unit	Workspace tests (vitest, coverage beacons on)	2026-09-08T17:45:44.5645915Z    ^[[33m^[[2m✓^[[22m^[[39m 動作脈衝的詞彙表只有一個住處（GH#940）^[[2m > ^[[22m⭐⭐ **狀態格**那一軸也只有一個住處（2026-09-02 剛從六個收成一個） ^[[33m317^[[2mms^[[22m^[[39m
unit	Workspace tests (vitest, coverage beacons on)	2026-09-08T17:45:44.9743882Z  ^[[32m✓^[[39m src/content/displacementTiers.test.ts ^[[2m(^[[22m^[[2m6 tests^[[22m^[[2m)^[[22m^[[90m 120^[[2mms^[[22m^[[39m
unit	Workspace tests (vitest, coverage beacons on)	2026-09-08T17:45:45.2285692Z  ^[[32m✓^[[39m src/sim/effects/gonGuessPunch.test.ts ^[[2m(^[[22m^[[2m5 tests^[[22m^[[2m)^[[22m^[[33m 2191^[[2mms^[[22m^[[39m
unit	Workspace tests (vitest, coverage beacons on)	2026-09-08T17:45:45.2296096Z    ^[[33m^[[2m✓^[[22m^[[39m GH#1020 小傑 06-00 猜猜拳 —— 三個距離變體 ＋ 山形修煉的加強 ＋ 殺意的追加^[[2m > ^[[22m① 近距離 = 石頭：主目標挨打且被擊飛，遠處的旁觀者一根毛都沒掉 ^[[33m2151^[[2mms^[[22m^[[39m
unit	Workspace tests (vitest, coverage beacons on)	2026-09-08T17:45:46.2026687Z  ^[[32m✓^[[39m src/content/w3xDummyModelWiring.test.ts ^[[2m(^[[22m^[[2m2 tests^[[22m^[[2m)^[[22m^[[90m 140^[[2mms^[[22m^[[39m
unit	Workspace tests (vitest, coverage beacons on)	2026-09-08T17:45:46.3201192Z  ^[[32m✓^[[39m src/content/tierFlatExclusive.test.ts ^[[2m(^[[22m^[[2m4 tests^[[22m^[[2m)^[[22m^[[90m 11^[[2mms^[[22m^[[39m
unit	Workspace tests (vitest, coverage beacons on)	2026-09-08T17:45:46.5029523Z  ^[[32m✓^[[39m src/sim/combat/attackStickiness.test.ts ^[[2m(^[[22m^[[2m3 tests^[[22m^[[2m)^[[22m^[[33m 368^[[2mms^[[22m^[[39m
unit	Workspace tests (vitest, coverage beacons on)	2026-09-08T17:45:46.6852989Z  ^[[32m✓^[[39m src/ops/agentsMdIsHonest.test.ts ^[[2m(^[[22m^[[2m3 tests^[[22m^[[2m)^[[22m^[[90m 188^[[2mms^[[22m^[[39m
unit	Workspace tests (vitest, coverage beacons on)	2026-09-08T17:45:47.5229969Z  ^[[32m✓^[[39m src/sim/economy/offerCraftRoleGate.test.ts ^[[2m(^[[22m^[[2m3 tests^[[22m^[[2m)^[[22m^[[90m 12^[[2mms^[[22m^[[39m
unit	Workspace tests (vitest, coverage beacons on)	2026-09-08T17:45:48.5627664Z ^[[90mstderr^[[2m | src/sim/effects/avalonReflectFeedback.test.ts^[[2m > ^[[22m^[[2m#549 理想鄉反彈成功的視覺回饋^[[2m > ^[[22m^[[2m★ 只點 R（⛔ 沒有 EX）反彈成功 → 爆炸長在**被反彈者**身上、兩邊都閃、全場震
unit	Workspace tests (vitest, coverage beacons on)	2026-09-08T17:45:48.5630834Z ^[[22m^[[39m[spawnModelFx] 節點缺 path（preset=tpl-locust-strike）—— 模板沒有被解析，這一發不會有任何模型。
unit	Workspace tests (vitest, coverage beacons on)	2026-09-08T17:45:48.5634553Z 
unit	Workspace tests (vitest, coverage beacons on)	2026-09-08T17:45:48.5635915Z  ^[[32m✓^[[39m src/sim/effects/avalonReflectFeedback.test.ts ^[[2m(^[[22m^[[2m1 test^[[22m^[[2m)^[[22m^[[90m 33^[[2mms^[[22m^[[39m
unit	Workspace tests (vitest, coverage beacons on)	2026-09-08T17:45:49.5604347Z  ^[[32m✓^[[39m src/sim/effects/spawnVfx.test.ts ^[[2m(^[[22m^[[2m6 tests^[[22m^[[2m)^[[22m^[[90m 15^[[2mms^[[22m^[[39m
unit	Workspace tests (vitest, coverage beacons on)	2026-09-08T17:45:50.0826343Z  ^[[32m✓^[[39m src/sim/effects/devourPassiveIcd.test.ts ^[[2m(^[[22m^[[2m2 tests^[[22m^[[2m)^[[22m^[[33m 2006^[[2mms^[[22m^[[39m
unit	Workspace tests (vitest, coverage beacons on)	2026-09-08T17:45:50.2823624Z ^[[90mstdout^[[2m | src/ops/damageOriginBuckets.test.ts^[[2m > ^[[22m^[[2m閘③：傷害分桶涵蓋 100%（GH#1030 假前提 #4）^[[2m > ^[[22m^[[2m動態：真的對局裡每一發 damage 都落桶，Σ桶 = Σ全部，技能／普攻／被動三桶各自非空
unit	Workspace tests (vitest, coverage beacons on)	2026-09-08T17:45:50.2840219Z ^[[22m^[[39m[GH#1030 閘③] 三桶以上：{"basic":2471.641579389323,"ability":748.1814770344341,"passive":48103.97259800268}
unit	Workspace tests (vitest, coverage beacons on)	2026-09-08T17:45:50.2864784Z 
unit	Workspace tests (vitest, coverage beacons on)	2026-09-08T17:45:50.2906512Z  ^[[32m✓^[[39m src/ops/damageOriginBuckets.test.ts ^[[2m(^[[22m^[[2m2 tests^[[22m^[[2m)^[[22m^[[33m 2126^[[2mms^[[22m^[[39m
unit	Workspace tests (vitest, coverage beacons on)	2026-09-08T17:45:50.9366569Z  ^[[32m✓^[[39m src/map/backdrop.test.ts ^[[2m(^[[22m^[[2m8 tests^[[22m^[[2m)^[[22m^[[90m 156^[[2mms^[[22m^[[39m
unit	Workspace tests (vitest, coverage beacons on)	2026-09-08T17:45:52.0324983Z  ^[[32m✓^[[39m src/ops/transformRetireGate.test.ts ^[[2m(^[[22m^[[2m1 test^[[22m^[[2m)^[[22m^[[90m 93^[[2mms^[[22m^[[39m
unit	Workspace tests (vitest, coverage beacons on)	2026-09-08T17:45:52.3986148Z  ^[[32m✓^[[39m src/sim/immobileGrant.test.ts ^[[2m(^[[22m^[[2m3 tests^[[22m^[[2m)^[[22m^[[33m 738^[[2mms^[[22m^[[39m
unit	Workspace tests (vitest, coverage beacons on)	2026-09-08T17:45:52.9780421Z  ^[[32m✓^[[39m src/content/shippedModelFxAbilities.test.ts ^[[2m(^[[22m^[[2m2 tests^[[22m^[[2m)^[[22m^[[33m 1761^[[2mms^[[22m^[[39m
unit	Workspace tests (vitest, coverage beacons on)	2026-09-08T17:45:53.2946998Z ^[[90mstdout^[[2m | src/content/statusTagOpenness.test.ts^[[2m > ^[[22m^[[2m狀態 tag 的開放架構^[[2m > ^[[22m^[[2m沒有跟別的 tag 只差一個字的孤兒 tag（打錯字）；其餘孤兒列出來給人看
unit	Workspace tests (vitest, coverage beacons on)	2026-09-08T17:45:53.3028142Z ^[[22m^[[39m[status-tags] 目前獨一無二的類別 tag：combo-mark, drunk, armor-down, physical, auto-target, elemental, recall-anchor, friendly-fire, cooldown, internal-cooldown, self, internal, empower, flee, grail-wish, next-attack, projectile, magic-resist-down, magical, empowered, heal-block, channel, self-lock, toxic, frenzy, lifesteal-up, immobilize, immunity, generic, empowered-next
unit	Workspace tests (vitest, coverage beacons on)	2026-09-08T17:45:53.3039866Z 
unit	Workspace tests (vitest, coverage beacons on)	2026-09-08T17:45:53.3041178Z  ^[[32m✓^[[39m src/content/statusTagOpenness.test.ts ^[[2m(^[[22m^[[2m3 tests^[[22m^[[2m)^[[22m^[[90m 13^[[2mms^[[22m^[[39m
unit	Workspace tests (vitest, coverage beacons on)	2026-09-08T17:45:53.7956992Z  ^[[32m✓^[[39m src/content/import/validatePackage.test.ts ^[[2m(^[[22m^[[2m9 tests^[[22m^[[2m)^[[22m^[[90m 64^[[2mms^[[22m^[[39m
unit	Workspace tests (vitest, coverage beacons on)	2026-09-08T17:45:53.9249899Z  ^[[32m✓^[[39m src/ops/announceLedgerIsWritten.test.ts ^[[2m(^[[22m^[[2m2 tests^[[22m^[[2m)^[[22m^[[33m 322^[[2mms^[[22m^[[39m
unit	Workspace tests (vitest, coverage beacons on)	2026-09-08T17:45:54.2350796Z  ^[[32m✓^[[39m src/content/modelTexture.test.ts ^[[2m(^[[22m^[[2m3 tests^[[22m^[[2m)^[[22m^[[90m 17^[[2mms^[[22m^[[39m
unit	Workspace tests (vitest, coverage beacons on)	2026-09-08T17:45:55.0178446Z  ^[[32m✓^[[39m src/sim/effects/modelFxAndCues.test.ts ^[[2m(^[[22m^[[2m2 tests^[[22m^[[2m)^[[22m^[[90m 94^[[2mms^[[22m^[[39m
unit	Workspace tests (vitest, coverage beacons on)	2026-09-08T17:45:55.6660432Z  ^[[32m✓^[[39m src/content/abilityShadowing.test.ts ^[[2m(^[[22m^[[2m7 tests^[[22m^[[2m)^[[22m^[[90m 18^[[2mms^[[22m^[[39m
unit	Workspace tests (vitest, coverage beacons on)	2026-09-08T17:45:56.0303791Z  ^[[32m✓^[[39m src/sim/knockbackRoster.test.ts ^[[2m(^[[22m^[[2m2 tests^[[22m^[[2m)^[[22m^[[33m 2082^[[2mms^[[22m^[[39m
unit	Workspace tests (vitest, coverage beacons on)	2026-09-08T17:45:57.1126082Z  ^[[32m✓^[[39m src/sim/abilities/statusCost.test.ts ^[[2m(^[[22m^[[2m8 tests^[[22m^[[2m)^[[22m^[[90m 42^[[2mms^[[22m^[[39m
unit	Workspace tests (vitest, coverage beacons on)	2026-09-08T17:45:57.4888756Z ⛔ 這支腳本只量測,不寫 content。
unit	Workspace tests (vitest, coverage beacons on)	2026-09-08T17:45:57.4895532Z    要更新 pitchDeg 請跑：python3 tools/w3x-import/build_pitch.py
unit	Workspace tests (vitest, coverage beacons on)	2026-09-08T17:45:57.9823404Z  ^[[32m✓^[[39m src/sim/auraCarrierContent.test.ts ^[[2m(^[[22m^[[2m2 tests^[[22m^[[2m)^[[22m^[[33m 871^[[2mms^[[22m^[[39m
unit	Workspace tests (vitest, coverage beacons on)	2026-09-08T17:45:58.3201761Z  ^[[32m✓^[[39m src/content/weaponTierTables.test.ts ^[[2m(^[[22m^[[2m3 tests^[[22m^[[2m)^[[22m^[[90m 7^[[2mms^[[22m^[[39m
unit	Workspace tests (vitest, coverage beacons on)	2026-09-08T17:45:59.1545649Z ⛔ 這支腳本只量測,不寫 content。
unit	Workspace tests (vitest, coverage beacons on)	2026-09-08T17:45:59.1565674Z    要更新 pitchDeg 請跑：python3 tools/w3x-import/build_pitch.py
unit	Workspace tests (vitest, coverage beacons on)	2026-09-08T17:45:59.2819972Z  ^[[32m✓^[[39m src/ops/pitchDerived.test.ts ^[[2m(^[[22m^[[2m3 tests^[[22m^[[2m)^[[22m^[[33m 3947^[[2mms^[[22m^[[39m
unit	Workspace tests (vitest, coverage beacons on)	2026-09-08T17:45:59.2850644Z    ^[[33m^[[2m✓^[[22m^[[39m 仰角 pitchDeg 是推導的,而且只有一個寫入者 (GH#456)^[[2m > ^[[22m① 出貨的 pitchDeg 還等於現在重算一次的結果 ^[[33m1870^[[2mms^[[22m^[[39m
unit	Workspace tests (vitest, coverage beacons on)	2026-09-08T17:45:59.2865663Z    ^[[33m^[[2m✓^[[22m^[[39m 仰角 pitchDeg 是推導的,而且只有一個寫入者 (GH#456)^[[2m > ^[[22m② ⭐ 兩支舊腳本被要求寫 content 時拒絕,而且真的沒動到那個檔 ^[[33m1949^[[2mms^[[22m^[[39m
unit	Workspace tests (vitest, coverage beacons on)	2026-09-08T17:45:59.4216119Z  ^[[32m✓^[[39m src/sim/effects/statusBuffFamily.test.ts ^[[2m(^[[22m^[[2m3 tests^[[22m^[[2m)^[[22m^[[90m 63^[[2mms^[[22m^[[39m
unit	Workspace tests (vitest, coverage beacons on)	2026-09-08T17:45:59.6855872Z  ^[[32m✓^[[39m src/ops/playerNoteNeverEmpty.test.ts ^[[2m(^[[22m^[[2m3 tests^[[22m^[[2m)^[[22m^[[90m 96^[[2mms^[[22m^[[39m
unit	Workspace tests (vitest, coverage beacons on)	2026-09-08T17:46:01.7395077Z  ^[[32m✓^[[39m src/sim/gladiariaAlatOnAttack.test.ts ^[[2m(^[[22m^[[2m1 test^[[22m^[[2m)^[[22m^[[33m 718^[[2mms^[[22m^[[39m
unit	Workspace tests (vitest, coverage beacons on)	2026-09-08T17:46:02.1042784Z  ^[[32m✓^[[39m src/content/emptyCardClaims.test.ts ^[[2m(^[[22m^[[2m2 tests^[[22m^[[2m)^[[22m^[[90m 44^[[2mms^[[22m^[[39m
unit	Workspace tests (vitest, coverage beacons on)	2026-09-08T17:46:02.7309732Z  ^[[32m✓^[[39m src/content/castTimeShippedRegistry.test.ts ^[[2m(^[[22m^[[2m3 tests^[[22m^[[2m)^[[22m^[[33m 1926^[[2mms^[[22m^[[39m
unit	Workspace tests (vitest, coverage beacons on)	2026-09-08T17:46:03.3050833Z  ^[[32m✓^[[39m src/sim/stats/attackTypeEnvFactors.test.ts ^[[2m(^[[22m^[[2m4 tests^[[22m^[[2m)^[[22m^[[90m 13^[[2mms^[[22m^[[39m
unit	Workspace tests (vitest, coverage beacons on)	2026-09-08T17:46:04.7572266Z  ^[[32m✓^[[39m src/sim/effects/exOriginStructuralFix.test.ts ^[[2m(^[[22m^[[2m2 tests^[[22m^[[2m)^[[22m^[[90m 85^[[2mms^[[22m^[[39m
unit	Workspace tests (vitest, coverage beacons on)	2026-09-08T17:46:05.0366295Z  ^[[32m✓^[[39m src/sim/effects/hookChanceFlat.test.ts ^[[2m(^[[22m^[[2m3 tests^[[22m^[[2m)^[[22m^[[33m 824^[[2mms^[[22m^[[39m
unit	Workspace tests (vitest, coverage beacons on)	2026-09-08T17:46:05.1395659Z  ^[[32m✓^[[39m src/content/templateDefaultsHaveOrigin.test.ts ^[[2m(^[[22m^[[2m4 tests^[[22m^[[2m)^[[22m^[[90m 37^[[2mms^[[22m^[[39m
unit	Workspace tests (vitest, coverage beacons on)	2026-09-08T17:46:05.8086645Z  ^[[32m✓^[[39m src/ops/contentCacheShippedPath.test.ts ^[[2m(^[[22m^[[2m4 tests^[[22m^[[2m)^[[22m^[[33m 7365^[[2mms^[[22m^[[39m
unit	Workspace tests (vitest, coverage beacons on)	2026-09-08T17:46:05.8089153Z    ^[[33m^[[2m✓^[[22m^[[39m GH#717 出貨容器那條路^[[2m > ^[[22m① 承重：CONTENT_DIR 宣告的樹**會**進快取（在此之前它保證 miss 而且靜默） ^[[33m1416^[[2mms^[[22m^[[39m
unit	Workspace tests (vitest, coverage beacons on)	2026-09-08T17:46:05.8090889Z    ^[[33m^[[2m✓^[[22m^[[39m GH#717 出貨容器那條路^[[2m > ^[[22m② 沒有宣告過的樹仍然退回,而且**說得出來**(fail-open 沒錯,靜默才是缺陷) ^[[33m811^[[2mms^[[22m^[[39m
unit	Workspace tests (vitest, coverage beacons on)	2026-09-08T17:46:05.8092389Z    ^[[33m^[[2m✓^[[22m^[[39m GH#717 出貨容器那條路^[[2m > ^[[22m③ 真的用**出貨映像的佈局**跑一次 loadContentCached（⓶⓷ 的守衛） ^[[33m4997^[[2mms^[[22m^[[39m
unit	Workspace tests (vitest, coverage beacons on)	2026-09-08T17:46:06.2756532Z  ^[[32m✓^[[39m src/sim/movement.test.ts ^[[2m(^[[22m^[[2m4 tests^[[22m^[[2m)^[[22m^[[90m 82^[[2mms^[[22m^[[39m
unit	Workspace tests (vitest, coverage beacons on)	2026-09-08T17:46:06.8643357Z  ^[[32m✓^[[39m src/voxel/figure.test.ts ^[[2m(^[[22m^[[2m14 tests^[[22m^[[2m)^[[22m^[[90m 57^[[2mms^[[22m^[[39m
unit	Workspace tests (vitest, coverage beacons on)	2026-09-08T17:46:06.9553532Z  ^[[32m✓^[[39m src/content/heroForge/catalogMatrix.test.ts ^[[2m(^[[22m^[[2m5 tests^[[22m^[[2m | ^[[22m^[[33m1 skipped^[[39m^[[2m)^[[22m^[[33m 124448^[[2mms^[[22m^[[39m
unit	Workspace tests (vitest, coverage beacons on)	2026-09-08T17:46:06.9556312Z    ^[[33m^[[2m✓^[[22m^[[39m hero forge live catalog matrix^[[2m > ^[[22mgenerates all 10 origins across all three deterministic profiles ^[[33m5054^[[2mms^[[22m^[[39m
unit	Workspace tests (vitest, coverage beacons on)	2026-09-08T17:46:06.9559142Z    ^[[33m^[[2m✓^[[22m^[[39m hero forge live catalog matrix^[[2m > ^[[22mcompiles and executes every enabled template in its active or passive lane ^[[33m4000^[[2mms^[[22m^[[39m
unit	Workspace tests (vitest, coverage beacons on)	2026-09-08T17:46:06.9561568Z    ^[[33m^[[2m✓^[[22m^[[39m hero forge live catalog matrix^[[2m > ^[[22mexecutes every ordered pair of compatible templates with explicit last-wins ^[[33m114197^[[2mms^[[22m^[[39m
unit	Workspace tests (vitest, coverage beacons on)	2026-09-08T17:46:06.9563921Z    ^[[33m^[[2m✓^[[22m^[[39m hero forge live catalog matrix^[[2m > ^[[22mcompiles every template at the eight-card boundary, repeated and in rotating mixed stacks ^[[33m1194^[[2mms^[[22m^[[39m
unit	Workspace tests (vitest, coverage beacons on)	2026-09-08T17:46:07.3086363Z  ^[[32m✓^[[39m src/content/balanceAnchors.test.ts ^[[2m(^[[22m^[[2m3 tests^[[22m^[[2m)^[[22m^[[90m 70^[[2mms^[[22m^[[39m
unit	Workspace tests (vitest, coverage beacons on)	2026-09-08T17:46:07.3559511Z  ^[[32m✓^[[39m src/content/loaderQuarantine.test.ts ^[[2m(^[[22m^[[2m4 tests^[[22m^[[2m)^[[22m^[[90m 14^[[2mms^[[22m^[[39m
unit	Workspace tests (vitest, coverage beacons on)	2026-09-08T17:46:08.4457894Z  ^[[32m✓^[[39m src/content/locustMonsoonBolt.test.ts ^[[2m(^[[22m^[[2m2 tests^[[22m^[[2m)^[[22m^[[90m 35^[[2mms^[[22m^[[39m
unit	Workspace tests (vitest, coverage beacons on)	2026-09-08T17:46:08.4588502Z  ^[[32m✓^[[39m src/sim/economy/shop.test.ts ^[[2m(^[[22m^[[2m5 tests^[[22m^[[2m)^[[22m^[[90m 18^[[2mms^[[22m^[[39m
unit	Workspace tests (vitest, coverage beacons on)	2026-09-08T17:46:08.4658104Z  ^[[32m✓^[[39m src/content/heroForge/planControls.test.ts ^[[2m(^[[22m^[[2m26 tests^[[22m^[[2m)^[[22m^[[33m 2251^[[2mms^[[22m^[[39m
unit	Workspace tests (vitest, coverage beacons on)	2026-09-08T17:46:08.5685737Z  ^[[32m✓^[[39m src/sim/weakness.test.ts ^[[2m(^[[22m^[[2m4 tests^[[22m^[[2m)^[[22m^[[90m 96^[[2mms^[[22m^[[39m
unit	Workspace tests (vitest, coverage beacons on)	2026-09-08T17:46:09.3456415Z  ^[[32m✓^[[39m src/ops/crossheroAssetMisbind.test.ts ^[[2m(^[[22m^[[2m5 tests^[[22m^[[2m)^[[22m^[[90m 186^[[2mms^[[22m^[[39m
unit	Workspace tests (vitest, coverage beacons on)	2026-09-08T17:46:09.4798841Z  ^[[32m✓^[[39m src/ops/messageLedgerScript.test.ts ^[[2m(^[[22m^[[2m3 tests^[[22m^[[2m)^[[22m^[[33m 631^[[2mms^[[22m^[[39m
unit	Workspace tests (vitest, coverage beacons on)	2026-09-08T17:46:09.4896374Z    ^[[33m^[[2m✓^[[22m^[[39m 逐則對票 scripts/message-ledger.sh^[[2m > ^[[22m🔴 今天（進行中）漏列不擋，昨天的「⏸ 未對票」才擋 ^[[33m305^[[2mms^[[22m^[[39m
unit	Workspace tests (vitest, coverage beacons on)	2026-09-08T17:46:09.6638845Z  ^[[32m✓^[[39m src/sim/effects/casterScopedStatus.test.ts ^[[2m(^[[22m^[[2m10 tests^[[22m^[[2m)^[[22m^[[90m 60^[[2mms^[[22m^[[39m
unit	Workspace tests (vitest, coverage beacons on)	2026-09-08T17:46:09.8882576Z  ^[[32m✓^[[39m src/sim/combat/shippedBlockVfxAttaches.test.ts ^[[2m(^[[22m^[[2m3 tests^[[22m^[[2m)^[[22m^[[90m 12^[[2mms^[[22m^[[39m
unit	Workspace tests (vitest, coverage beacons on)	2026-09-08T17:46:10.0738456Z  ^[[32m✓^[[39m src/content/brickDemandCensus.test.ts ^[[2m(^[[22m^[[2m4 tests^[[22m^[[2m)^[[22m^[[90m 83^[[2mms^[[22m^[[39m
unit	Workspace tests (vitest, coverage beacons on)	2026-09-08T17:46:10.3386933Z  ^[[32m✓^[[39m src/ops/liveWriteBoundsMatchSchema.test.ts ^[[2m(^[[22m^[[2m2 tests^[[22m^[[2m)^[[22m^[[90m 254^[[2mms^[[22m^[[39m
unit	Workspace tests (vitest, coverage beacons on)	2026-09-08T17:46:10.8594391Z  ^[[32m✓^[[39m src/content/import/effectiveVfxLimitsParity.test.ts ^[[2m(^[[22m^[[2m5 tests^[[22m^[[2m)^[[22m^[[90m 26^[[2mms^[[22m^[[39m
unit	Workspace tests (vitest, coverage beacons on)	2026-09-08T17:46:11.2328482Z  ^[[32m✓^[[39m src/sim/exclusiveDisarmNegate.test.ts ^[[2m(^[[22m^[[2m3 tests^[[22m^[[2m)^[[22m^[[90m 107^[[2mms^[[22m^[[39m
unit	Workspace tests (vitest, coverage beacons on)	2026-09-08T17:46:11.2489570Z  ^[[32m✓^[[39m src/content/tierTagCoverage.test.ts ^[[2m(^[[22m^[[2m6 tests^[[22m^[[2m)^[[22m^[[90m 35^[[2mms^[[22m^[[39m
unit	Workspace tests (vitest, coverage beacons on)	2026-09-08T17:46:11.5114720Z  ^[[32m✓^[[39m src/sim/fireRingRectZone.test.ts ^[[2m(^[[22m^[[2m3 tests^[[22m^[[2m)^[[22m^[[90m 197^[[2mms^[[22m^[[39m
unit	Workspace tests (vitest, coverage beacons on)	2026-09-08T17:46:11.9143891Z  ^[[32m✓^[[39m src/ops/laneYQuarantineAgreesWithGenguard.test.ts ^[[2m(^[[22m^[[2m3 tests^[[22m^[[2m)^[[22m^[[33m 353^[[2mms^[[22m^[[39m
unit	Workspace tests (vitest, coverage beacons on)	2026-09-08T17:46:13.4605277Z  ^[[32m✓^[[39m src/content/node/assetsInContentVersion.test.ts ^[[2m(^[[22m^[[2m5 tests^[[22m^[[2m)^[[22m^[[90m 201^[[2mms^[[22m^[[39m
unit	Workspace tests (vitest, coverage beacons on)	2026-09-08T17:46:13.6766370Z  ^[[32m✓^[[39m src/content/abilityNoOpEffects.test.ts ^[[2m(^[[22m^[[2m3 tests^[[22m^[[2m)^[[22m^[[33m 1884^[[2mms^[[22m^[[39m
unit	Workspace tests (vitest, coverage beacons on)	2026-09-08T17:46:14.8947727Z  ^[[32m✓^[[39m src/content/abilityCastClaims.test.ts ^[[2m(^[[22m^[[2m2 tests^[[22m^[[2m)^[[22m^[[33m 2013^[[2mms^[[22m^[[39m
unit	Workspace tests (vitest, coverage beacons on)	2026-09-08T17:46:15.2298342Z  ^[[32m✓^[[39m src/content/vfxParticles.test.ts ^[[2m(^[[22m^[[2m5 tests^[[22m^[[2m)^[[22m^[[90m 186^[[2mms^[[22m^[[39m
unit	Workspace tests (vitest, coverage beacons on)	2026-09-08T17:46:15.3161353Z  ^[[32m✓^[[39m src/content/templatedEffectsSurvive.test.ts ^[[2m(^[[22m^[[2m5 tests^[[22m^[[2m)^[[22m^[[33m 2405^[[2mms^[[22m^[[39m
unit	Workspace tests (vitest, coverage beacons on)	2026-09-08T17:46:15.8151467Z  ^[[32m✓^[[39m src/content/negativeBuffPolarity.test.ts ^[[2m(^[[22m^[[2m4 tests^[[22m^[[2m)^[[22m^[[90m 12^[[2mms^[[22m^[[39m
unit	Workspace tests (vitest, coverage beacons on)	2026-09-08T17:46:16.1648974Z  ^[[32m✓^[[39m src/sim/effects/shieldBreak.test.ts ^[[2m(^[[22m^[[2m4 tests^[[22m^[[2m)^[[22m^[[90m 33^[[2mms^[[22m^[[39m
unit	Workspace tests (vitest, coverage beacons on)	2026-09-08T17:46:16.2823541Z  ^[[32m✓^[[39m src/content/templates/comboFinisherFamily.test.ts ^[[2m(^[[22m^[[2m5 tests^[[22m^[[2m)^[[22m^[[90m 22^[[2mms^[[22m^[[39m
unit	Workspace tests (vitest, coverage beacons on)	2026-09-08T17:46:16.7316076Z  ^[[32m✓^[[39m src/content/delistedChampions.test.ts ^[[2m(^[[22m^[[2m6 tests^[[22m^[[2m)^[[22m^[[90m 21^[[2mms^[[22m^[[39m
unit	Workspace tests (vitest, coverage beacons on)	2026-09-08T17:46:16.8890651Z  ^[[32m✓^[[39m src/content/passiveTagHonesty.test.ts ^[[2m(^[[22m^[[2m3 tests^[[22m^[[2m)^[[22m^[[33m 2084^[[2mms^[[22m^[[39m
unit	Workspace tests (vitest, coverage beacons on)	2026-09-08T17:46:17.2376452Z  ^[[2m^[[90m↓^[[39m^[[22m src/ops/noStrandedLaneCommits.test.ts ^[[2m(^[[22m^[[2m2 tests^[[22m^[[2m | ^[[22m^[[33m2 skipped^[[39m^[[2m)^[[22m
unit	Workspace tests (vitest, coverage beacons on)	2026-09-08T17:46:17.2377868Z ^[[90mstderr^[[2m | src/ops/noStrandedLaneCommits.test.ts
unit	Workspace tests (vitest, coverage beacons on)	2026-09-08T17:46:17.2390551Z ^[[22m^[[39m⚠️ noStrandedLaneCommits：這棵樹的本地分支是 [（一條都沒有 —— detached HEAD）] ⇒ lane 分支**不可能**在這裡 ⇒ ⭐ **沒驗到**（⛔ 不是「沒有擱置的 commit」）。 要驗它請在**跑過平行 lane 的工作樹**上跑。
unit	Workspace tests (vitest, coverage beacons on)	2026-09-08T17:46:17.2397794Z 
unit	Workspace tests (vitest, coverage beacons on)	2026-09-08T17:46:17.2973539Z  ^[[32m✓^[[39m src/content/beamMuzzleOffset.test.ts ^[[2m(^[[22m^[[2m3 tests^[[22m^[[2m)^[[22m^[[90m 5^[[2mms^[[22m^[[39m
unit	Workspace tests (vitest, coverage beacons on)	2026-09-08T17:46:17.4979860Z  ^[[32m✓^[[39m src/sim/perLevelBonus.test.ts ^[[2m(^[[22m^[[2m5 tests^[[22m^[[2m)^[[22m^[[90m 35^[[2mms^[[22m^[[39m
unit	Workspace tests (vitest, coverage beacons on)	2026-09-08T17:46:18.1259677Z  ^[[32m✓^[[39m src/content/mcoinStore.test.ts ^[[2m(^[[22m^[[2m2 tests^[[22m^[[2m)^[[22m^[[90m 12^[[2mms^[[22m^[[39m
unit	Workspace tests (vitest, coverage beacons on)	2026-09-08T17:46:18.3790702Z  ^[[32m✓^[[39m src/sim/damageRules.test.ts ^[[2m(^[[22m^[[2m3 tests^[[22m^[[2m)^[[22m^[[90m 41^[[2mms^[[22m^[[39m
unit	Workspace tests (vitest, coverage beacons on)	2026-09-08T17:46:18.5138810Z  ^[[32m✓^[[39m src/ops/rulingScript.test.ts ^[[2m(^[[22m^[[2m3 tests^[[22m^[[2m)^[[22m^[[33m 616^[[2mms^[[22m^[[39m
unit	Workspace tests (vitest, coverage beacons on)	2026-09-08T17:46:18.5140788Z    ^[[33m^[[2m✓^[[22m^[[39m 裁決腳本^[[2m > ^[[22mruling.sh 的列鍵＝transcript 裡那一則的時間；再跑建置器仍只有一列（且留 owner 原話） ^[[33m354^[[2mms^[[22m^[[39m
unit	Workspace tests (vitest, coverage beacons on)	2026-09-08T17:46:18.5494850Z  ^[[32m✓^[[39m src/sim/mobs.statusVsStats.test.ts ^[[2m(^[[22m^[[2m2 tests^[[22m^[[2m)^[[22m^[[90m 31^[[2mms^[[22m^[[39m
unit	Workspace tests (vitest, coverage beacons on)	2026-09-08T17:46:18.5926314Z  ^[[32m✓^[[39m src/content/perRankNotTierified.test.ts ^[[2m(^[[22m^[[2m1 test^[[22m^[[2m)^[[22m^[[90m 84^[[2mms^[[22m^[[39m
unit	Workspace tests (vitest, coverage beacons on)	2026-09-08T17:46:19.6269431Z  ^[[32m✓^[[39m src/content/exPassiveConditionJoin.test.ts ^[[2m(^[[22m^[[2m1 test^[[22m^[[2m)^[[22m^[[90m 73^[[2mms^[[22m^[[39m
unit	Workspace tests (vitest, coverage beacons on)	2026-09-08T17:46:19.6506420Z  ^[[32m✓^[[39m src/sim/mobs.status.test.ts ^[[2m(^[[22m^[[2m2 tests^[[22m^[[2m)^[[22m^[[90m 27^[[2mms^[[22m^[[39m
unit	Workspace tests (vitest, coverage beacons on)	2026-09-08T17:46:19.7677279Z  ^[[32m✓^[[39m src/sim/effects/cueNearbyAudience.test.ts ^[[2m(^[[22m^[[2m2 tests^[[22m^[[2m)^[[22m^[[90m 17^[[2mms^[[22m^[[39m
unit	Workspace tests (vitest, coverage beacons on)	2026-09-08T17:46:20.1576339Z  ^[[32m✓^[[39m src/content/stockEmittersReachable.test.ts ^[[2m(^[[22m^[[2m4 tests^[[22m^[[2m)^[[22m^[[90m 65^[[2mms^[[22m^[[39m
unit	Workspace tests (vitest, coverage beacons on)	2026-09-08T17:46:20.8486610Z  ^[[32m✓^[[39m src/sim/effects/areaVictimChain.test.ts ^[[2m(^[[22m^[[2m4 tests^[[22m^[[2m)^[[22m^[[90m 12^[[2mms^[[22m^[[39m
unit	Workspace tests (vitest, coverage beacons on)	2026-09-08T17:46:21.3196189Z  ^[[32m✓^[[39m src/sim/championFormExclusive.test.ts ^[[2m(^[[22m^[[2m2 tests^[[22m^[[2m)^[[22m^[[90m 29^[[2mms^[[22m^[[39m
unit	Workspace tests (vitest, coverage beacons on)	2026-09-08T17:46:21.3395893Z  ^[[32m✓^[[39m src/content/vfxScriptNoDoubleDraw.test.ts ^[[2m(^[[22m^[[2m2 tests^[[22m^[[2m)^[[22m^[[90m 16^[[2mms^[[22m^[[39m
unit	Workspace tests (vitest, coverage beacons on)	2026-09-08T17:46:22.0537175Z  ^[[32m✓^[[39m src/sim/content/conditionForm.test.ts ^[[2m(^[[22m^[[2m3 tests^[[22m^[[2m)^[[22m^[[33m 1920^[[2mms^[[22m^[[39m
unit	Workspace tests (vitest, coverage beacons on)	2026-09-08T17:46:22.1677764Z  ^[[32m✓^[[39m src/content/twelveTrialsGrants.test.ts ^[[2m(^[[22m^[[2m4 tests^[[22m^[[2m)^[[22m^[[33m 865^[[2mms^[[22m^[[39m
unit	Workspace tests (vitest, coverage beacons on)	2026-09-08T17:46:22.5687018Z  ^[[32m✓^[[39m src/sim/reservedStores.test.ts ^[[2m(^[[22m^[[2m5 tests^[[22m^[[2m)^[[22m^[[90m 11^[[2mms^[[22m^[[39m
unit	Workspace tests (vitest, coverage beacons on)	2026-09-08T17:46:22.9868608Z  ^[[32m✓^[[39m src/sim/stats/rating.test.ts ^[[2m(^[[22m^[[2m9 tests^[[22m^[[2m)^[[22m^[[90m 9^[[2mms^[[22m^[[39m
unit	Workspace tests (vitest, coverage beacons on)	2026-09-08T17:46:23.1794815Z  ^[[32m✓^[[39m src/content/templateStatusIsHonest.test.ts ^[[2m(^[[22m^[[2m3 tests^[[22m^[[2m)^[[22m^[[90m 35^[[2mms^[[22m^[[39m
unit	Workspace tests (vitest, coverage beacons on)	2026-09-08T17:46:23.3136000Z  ^[[32m✓^[[39m src/ops/ownerKnobs.test.ts ^[[2m(^[[22m^[[2m4 tests^[[22m^[[2m)^[[22m^[[90m 7^[[2mms^[[22m^[[39m
unit	Workspace tests (vitest, coverage beacons on)	2026-09-08T17:46:23.7329062Z  ^[[32m✓^[[39m src/sim/effects/comboAndPull.test.ts ^[[2m(^[[22m^[[2m2 tests^[[22m^[[2m)^[[22m^[[90m 54^[[2mms^[[22m^[[39m
unit	Workspace tests (vitest, coverage beacons on)	2026-09-08T17:46:25.1485128Z  ^[[32m✓^[[39m src/content/itemCardDerived.test.ts ^[[2m(^[[22m^[[2m2 tests^[[22m^[[2m)^[[22m^[[90m 53^[[2mms^[[22m^[[39m
unit	Workspace tests (vitest, coverage beacons on)	2026-09-08T17:46:26.0725112Z  ^[[32m✓^[[39m src/ops/codexVisualAdvisoryPerDocument.test.ts ^[[2m(^[[22m^[[2m3 tests^[[22m^[[2m)^[[22m^[[33m 623^[[2mms^[[22m^[[39m
unit	Workspace tests (vitest, coverage beacons on)	2026-09-08T17:46:26.3046249Z  ^[[32m✓^[[39m src/sim/economy/itemVisionFlight.test.ts ^[[2m(^[[22m^[[2m5 tests^[[22m^[[2m)^[[22m^[[33m 1495^[[2mms^[[22m^[[39m
unit	Workspace tests (vitest, coverage beacons on)	2026-09-08T17:46:26.7508626Z  ^[[32m✓^[[39m src/content/stockPre2DocsEmit.test.ts ^[[2m(^[[22m^[[2m2 tests^[[22m^[[2m)^[[22m^[[90m 10^[[2mms^[[22m^[[39m
unit	Workspace tests (vitest, coverage beacons on)	2026-09-08T17:46:27.0869630Z  ^[[32m✓^[[39m src/sim/combat/hitCapAndUnavoidable.test.ts ^[[2m(^[[22m^[[2m8 tests^[[22m^[[2m)^[[22m^[[33m 2158^[[2mms^[[22m^[[39m
unit	Workspace tests (vitest, coverage beacons on)	2026-09-08T17:46:29.6019257Z ^[[90mstdout^[[2m | src/sim/economy/obtainableItems.test.ts^[[2m > ^[[22m^[[2m閘①：拿得到的道具 = 每一條管道的聯集（GH#1030 假前提 #1）^[[2m > ^[[22m^[[2m聯集 ≠ 任何單一管道；ex-release / ex-origin 的每一件都在聯集裡
unit	Workspace tests (vitest, coverage beacons on)	2026-09-08T17:46:29.6026657Z ^[[22m^[[39m[GH#1030 閘①] 拿得到的道具 84 件（探針=godie-e001/godie-e007；shop-shelf（buyItem）=30 · legendary-orb（legendaryPool）←legendary-weapons=30 · round-2-draft←legendary-weapons=30 · round-5-draft←legendary-weapons=30 · round-10-draft←ex-release-weapons=39 · weapon-tier:ex-origin←ex-origin-weapons=15 · weapon-tier:ex-release←ex-release-weapons=39 · gacha（legacy）←round-reward=0 · quest-rewards（legacy）←quest-rewards=0）
unit	Workspace tests (vitest, coverage beacons on)	2026-09-08T17:46:29.6029693Z 
unit	Workspace tests (vitest, coverage beacons on)	2026-09-08T17:46:29.6030770Z  ^[[32m✓^[[39m src/sim/economy/obtainableItems.test.ts ^[[2m(^[[22m^[[2m2 tests^[[22m^[[2m)^[[22m^[[33m 1954^[[2mms^[[22m^[[39m
unit	Workspace tests (vitest, coverage beacons on)	2026-09-08T17:46:30.5767161Z  ^[[32m✓^[[39m src/sim/laneAAStatusImmunityShared.test.ts ^[[2m(^[[22m^[[2m2 tests^[[22m^[[2m)^[[22m^[[33m 2244^[[2mms^[[22m^[[39m
unit	Workspace tests (vitest, coverage beacons on)	2026-09-08T17:46:30.5938345Z  ^[[32m✓^[[39m src/ops/generatedArtifactsAreClockFree.test.ts ^[[2m(^[[22m^[[2m6 tests^[[22m^[[2m)^[[22m^[[33m 6892^[[2mms^[[22m^[[39m
unit	Workspace tests (vitest, coverage beacons on)	2026-09-08T17:46:30.5940413Z    ^[[33m^[[2m✓^[[22m^[[39m 進版控的產物不可以蓋時鐘^[[2m > ^[[22m🔴 editor-target-profile：連續兩次產生逐位元組相同 ^[[33m1094^[[2mms^[[22m^[[39m
unit	Workspace tests (vitest, coverage beacons on)	2026-09-08T17:46:30.5941844Z    ^[[33m^[[2m✓^[[22m^[[39m 進版控的產物不可以蓋時鐘^[[2m > ^[[22m🔴 model-budget report：真的跑兩次產生器，逐位元組相同 ^[[33m5794^[[2mms^[[22m^[[39m
unit	Workspace tests (vitest, coverage beacons on)	2026-09-08T17:46:30.6582427Z  ^[[32m✓^[[39m src/content/castTimeCoverage.test.ts ^[[2m(^[[22m^[[2m4 tests^[[22m^[[2m)^[[22m^[[33m 2210^[[2mms^[[22m^[[39m
unit	Workspace tests (vitest, coverage beacons on)	2026-09-08T17:46:30.8196414Z  ^[[32m✓^[[39m src/sim/effects/hookLedgerAbilityCrit.test.ts ^[[2m(^[[22m^[[2m2 tests^[[22m^[[2m)^[[22m^[[90m 19^[[2mms^[[22m^[[39m
unit	Workspace tests (vitest, coverage beacons on)	2026-09-08T17:46:31.8133742Z  ^[[32m✓^[[39m src/ops/vfxSurfaceInContract.test.ts ^[[2m(^[[22m^[[2m2 tests^[[22m^[[2m)^[[22m^[[90m 76^[[2mms^[[22m^[[39m
unit	Workspace tests (vitest, coverage beacons on)	2026-09-08T17:46:31.8772153Z  ^[[32m✓^[[39m src/content/periodicFieldTemplateWiring.test.ts ^[[2m(^[[22m^[[2m3 tests^[[22m^[[2m)^[[22m^[[90m 20^[[2mms^[[22m^[[39m
unit	Workspace tests (vitest, coverage beacons on)	2026-09-08T17:46:32.0190870Z  ^[[32m✓^[[39m src/ops/editorCoverageConfig.test.ts ^[[2m(^[[22m^[[2m6 tests^[[22m^[[2m)^[[22m^[[90m 12^[[2mms^[[22m^[[39m
unit	Workspace tests (vitest, coverage beacons on)	2026-09-08T17:46:32.4306450Z  ^[[32m✓^[[39m src/content/import/editorSource.test.ts ^[[2m(^[[22m^[[2m7 tests^[[22m^[[2m)^[[22m^[[90m 133^[[2mms^[[22m^[[39m
unit	Workspace tests (vitest, coverage beacons on)	2026-09-08T17:46:32.5159142Z  ^[[32m✓^[[39m src/content/import/contractIndexIsSingleHome.test.ts ^[[2m(^[[22m^[[2m6 tests^[[22m^[[2m)^[[22m^[[90m 35^[[2mms^[[22m^[[39m
unit	Workspace tests (vitest, coverage beacons on)	2026-09-08T17:46:33.8722037Z  ^[[32m✓^[[39m src/content/championVoices.test.ts ^[[2m(^[[22m^[[2m6 tests^[[22m^[[2m)^[[22m^[[90m 25^[[2mms^[[22m^[[39m
unit	Workspace tests (vitest, coverage beacons on)	2026-09-08T17:46:34.1057472Z  ^[[32m✓^[[39m src/sim/systems/transformEntryRetired.test.ts ^[[2m(^[[22m^[[2m2 tests^[[22m^[[2m)^[[22m^[[33m 2061^[[2mms^[[22m^[[39m
unit	Workspace tests (vitest, coverage beacons on)	2026-09-08T17:46:34.3176651Z  ^[[32m✓^[[39m src/content/damageTemplatesAreDerived.test.ts ^[[2m(^[[22m^[[2m2 tests^[[22m^[[2m)^[[22m^[[90m 73^[[2mms^[[22m^[[39m
unit	Workspace tests (vitest, coverage beacons on)	2026-09-08T17:46:34.5126071Z  ^[[32m✓^[[39m src/content/overlay.test.ts ^[[2m(^[[22m^[[2m6 tests^[[22m^[[2m)^[[22m^[[90m 30^[[2mms^[[22m^[[39m
unit	Workspace tests (vitest, coverage beacons on)	2026-09-08T17:46:34.7325855Z  ^[[32m✓^[[39m src/ops/bricksComplete.test.ts ^[[2m(^[[22m^[[2m3 tests^[[22m^[[2m)^[[22m^[[90m 12^[[2mms^[[22m^[[39m
unit	Workspace tests (vitest, coverage beacons on)	2026-09-08T17:46:34.8948904Z  ^[[32m✓^[[39m src/content/templateExpandedRefs.test.ts ^[[2m(^[[22m^[[2m3 tests^[[22m^[[2m)^[[22m^[[33m 1677^[[2mms^[[22m^[[39m
unit	Workspace tests (vitest, coverage beacons on)	2026-09-08T17:46:35.2785961Z  ^[[32m✓^[[39m src/ops/liveChecksumCache.test.ts ^[[2m(^[[22m^[[2m4 tests^[[22m^[[2m)^[[22m^[[90m 107^[[2mms^[[22m^[[39m
unit	Workspace tests (vitest, coverage beacons on)	2026-09-08T17:46:35.3056081Z  ^[[31m❯^[[39m src/ops/shippedEditorProfileIsCurrent.test.ts ^[[2m(^[[22m^[[2m2 tests^[[22m^[[2m | ^[[22m^[[31m1 failed^[[39m^[[2m)^[[22m^[[33m 929^[[2mms^[[22m^[[39m
unit	Workspace tests (vitest, coverage beacons on)	2026-09-08T17:46:35.3062878Z ^[[31m   ^[[31m×^[[31m 外部編輯器的遠端資料契約沒有過期^[[2m > ^[[22m⭐ 出貨的那一份逐位元組等於現在重算的 —— ⛔ 手改會在這裡紅^[[33m 923^[[2mms^[[22m^[[31m^[[39m
unit	Workspace tests (vitest, coverage beacons on)	2026-09-08T17:46:35.3085724Z ^[[31m     → 出貨的編輯器契約過期了（或有人手改）。⛔ 不要改這條測試，也不要手改那份 JSON：
unit	Workspace tests (vitest, coverage beacons on)	2026-09-08T17:46:35.3086748Z     pnpm content:build && git add content/
unit	Workspace tests (vitest, coverage beacons on)	2026-09-08T17:46:35.3088418Z ⚠️ 它是外部編輯器 pin base 的依據 —— 過期 = 對方照舊事實產內容，而他們發現不了。: expected 'eb42bfbee1d3/231236' to be '5665eedbfeff/231236' // Object.is equality^[[39m
unit	Workspace tests (vitest, coverage beacons on)	2026-09-08T17:46:35.7376087Z  ^[[32m✓^[[39m src/ops/aiPromoteGuardIsArmed.test.ts ^[[2m(^[[22m^[[2m3 tests^[[22m^[[2m)^[[22m^[[90m 61^[[2mms^[[22m^[[39m
unit	Workspace tests (vitest, coverage beacons on)	2026-09-08T17:46:35.8954948Z  ^[[32m✓^[[39m src/sim/effects/periodicFieldAnchor.test.ts ^[[2m(^[[22m^[[2m1 test^[[22m^[[2m)^[[22m^[[90m 92^[[2mms^[[22m^[[39m
unit	Workspace tests (vitest, coverage beacons on)	2026-09-08T17:46:36.6129544Z  ^[[32m✓^[[39m src/sim/economy/attrDraft.test.ts ^[[2m(^[[22m^[[2m8 tests^[[22m^[[2m)^[[22m^[[90m 149^[[2mms^[[22m^[[39m
unit	Workspace tests (vitest, coverage beacons on)	2026-09-08T17:46:36.8847684Z  ^[[32m✓^[[39m src/content/modelUpload/modelUpload.test.ts ^[[2m(^[[22m^[[2m10 tests^[[22m^[[2m)^[[22m^[[33m 829^[[2mms^[[22m^[[39m
unit	Workspace tests (vitest, coverage beacons on)	2026-09-08T17:46:36.8850081Z    ^[[33m^[[2m✓^[[22m^[[39m community GLB import boundaries^[[2m > ^[[22mbounds sizes, primitive arrays, tree depth, and sparse implicit allocations ^[[33m533^[[2mms^[[22m^[[39m
unit	Workspace tests (vitest, coverage beacons on)	2026-09-08T17:46:37.1166226Z  ^[[32m✓^[[39m src/sim/abilities/abilityAugment.test.ts ^[[2m(^[[22m^[[2m2 tests^[[22m^[[2m)^[[22m^[[90m 62^[[2mms^[[22m^[[39m
unit	Workspace tests (vitest, coverage beacons on)	2026-09-08T17:46:38.0616000Z  ^[[32m✓^[[39m src/voxel/doc.test.ts ^[[2m(^[[22m^[[2m11 tests^[[22m^[[2m)^[[22m^[[90m 43^[[2mms^[[22m^[[39m
unit	Workspace tests (vitest, coverage beacons on)	2026-09-08T17:46:39.1332517Z  ^[[32m✓^[[39m src/sim/economy/shopShelf.test.ts ^[[2m(^[[22m^[[2m7 tests^[[22m^[[2m)^[[22m^[[90m 15^[[2mms^[[22m^[[39m
unit	Workspace tests (vitest, coverage beacons on)	2026-09-08T17:46:39.7530392Z  ^[[32m✓^[[39m src/ops/appendOnlyLedgersNeverShrink.test.ts ^[[2m(^[[22m^[[2m2 tests^[[22m^[[2m)^[[22m^[[33m 2453^[[2mms^[[22m^[[39m
unit	Workspace tests (vitest, coverage beacons on)	2026-09-08T17:46:39.7535204Z    ^[[33m^[[2m✓^[[22m^[[39m 追加式帳本只能變長（2026-08-30 一天被吃掉兩次）^[[2m > ^[[22m★ 每一份帳本今天的列數 ≥ 它在 git 歷史裡的**最大**列數 ^[[33m2413^[[2mms^[[22m^[[39m
unit	Workspace tests (vitest, coverage beacons on)	2026-09-08T17:46:40.6136374Z  ^[[32m✓^[[39m src/sim/stats/statCapReached.test.ts ^[[2m(^[[22m^[[2m5 tests^[[22m^[[2m)^[[22m^[[33m 2021^[[2mms^[[22m^[[39m
unit	Workspace tests (vitest, coverage beacons on)	2026-09-08T17:46:41.2236724Z  ^[[32m✓^[[39m src/content/shippedBundleHasTrackedSources.test.ts ^[[2m(^[[22m^[[2m2 tests^[[22m^[[2m)^[[22m^[[90m 102^[[2mms^[[22m^[[39m
unit	Workspace tests (vitest, coverage beacons on)	2026-09-08T17:46:41.9260177Z  ^[[32m✓^[[39m src/sim/fireRingBurnCap.test.ts ^[[2m(^[[22m^[[2m9 tests^[[22m^[[2m)^[[22m^[[90m 13^[[2mms^[[22m^[[39m
unit	Workspace tests (vitest, coverage beacons on)	2026-09-08T17:46:42.4246180Z  ^[[32m✓^[[39m src/content/chainLightningAbilities.test.ts ^[[2m(^[[22m^[[2m2 tests^[[22m^[[2m)^[[22m^[[33m 1728^[[2mms^[[22m^[[39m
unit	Workspace tests (vitest, coverage beacons on)	2026-09-08T17:46:42.8116243Z  ^[[32m✓^[[39m src/content/voxelSkin/barcodeSeed.test.ts ^[[2m(^[[22m^[[2m16 tests^[[22m^[[2m)^[[22m^[[90m 12^[[2mms^[[22m^[[39m
unit	Workspace tests (vitest, coverage beacons on)	2026-09-08T17:46:43.2111448Z  ^[[32m✓^[[39m src/sim/systems/reflectSuccessProvenance.test.ts ^[[2m(^[[22m^[[2m2 tests^[[22m^[[2m)^[[22m^[[90m 44^[[2mms^[[22m^[[39m
unit	Workspace tests (vitest, coverage beacons on)	2026-09-08T17:46:44.4292231Z  ^[[32m✓^[[39m src/sim/effects/pullThrowCastPath.test.ts ^[[2m(^[[22m^[[2m2 tests^[[22m^[[2m)^[[22m^[[90m 61^[[2mms^[[22m^[[39m
unit	Workspace tests (vitest, coverage beacons on)	2026-09-08T17:46:44.4395688Z  ^[[32m✓^[[39m src/sim/stats/outputMult.test.ts ^[[2m(^[[22m^[[2m5 tests^[[22m^[[2m)^[[22m^[[33m 1820^[[2mms^[[22m^[[39m
unit	Workspace tests (vitest, coverage beacons on)	2026-09-08T17:46:44.8963294Z  ^[[32m✓^[[39m src/content/import/submission.test.ts ^[[2m(^[[22m^[[2m4 tests^[[22m^[[2m)^[[22m^[[90m 54^[[2mms^[[22m^[[39m
unit	Workspace tests (vitest, coverage beacons on)	2026-09-08T17:46:46.0093092Z  ^[[32m✓^[[39m src/sim/effects/capRaiseFromAbility.test.ts ^[[2m(^[[22m^[[2m2 tests^[[22m^[[2m)^[[22m^[[33m 1737^[[2mms^[[22m^[[39m
unit	Workspace tests (vitest, coverage beacons on)	2026-09-08T17:46:46.9956155Z  ^[[32m✓^[[39m src/sim/castTimeRules.test.ts ^[[2m(^[[22m^[[2m4 tests^[[22m^[[2m)^[[22m^[[90m 15^[[2mms^[[22m^[[39m
unit	Workspace tests (vitest, coverage beacons on)	2026-09-08T17:46:47.3429402Z  ^[[32m✓^[[39m src/ops/editorContractBothWays.test.ts ^[[2m(^[[22m^[[2m5 tests^[[22m^[[2m)^[[22m^[[90m 18^[[2mms^[[22m^[[39m
unit	Workspace tests (vitest, coverage beacons on)	2026-09-08T17:46:47.7716072Z  ^[[32m✓^[[39m src/content/abilityAffordableAtUnlock.test.ts ^[[2m(^[[22m^[[2m1 test^[[22m^[[2m)^[[22m^[[33m 1889^[[2mms^[[22m^[[39m
unit	Workspace tests (vitest, coverage beacons on)	2026-09-08T17:46:47.7775804Z    ^[[33m^[[2m✓^[[22m^[[39m 技能在解鎖等級付得起（GH#314）^[[2m > ^[[22m⭐ 沒有任何一格的首階 MP 超過持有者當時的魔力池 —— 超過 = 那顆鈕永遠按不下去 ^[[33m1888^[[2mms^[[22m^[[39m
unit	Workspace tests (vitest, coverage beacons on)	2026-09-08T17:46:48.1907748Z  ^[[2m^[[90m↓^[[39m^[[22m src/content/vfxRawcodeUniqueness.test.ts ^[[2m(^[[22m^[[2m1 test^[[22m^[[2m | ^[[22m^[[33m1 skipped^[[39m^[[2m)^[[22m
unit	Workspace tests (vitest, coverage beacons on)	2026-09-08T17:46:48.1931947Z ^[[90mstderr^[[2m | src/content/vfxRawcodeUniqueness.test.ts
unit	Workspace tests (vitest, coverage beacons on)	2026-09-08T17:46:48.1956205Z ^[[22m^[[39m⚠️ 沒驗到 —— vfxRawcodeUniqueness 需要 /home/runner/work/GGD/GGD/data/curation/whitelist.json(營運名單,.gitignore 掉的機器狀態),而這個環境沒有它。⭐ 這條守衛在這裡是**跳過**的,⛔ 不是通過的。
unit	Workspace tests (vitest, coverage beacons on)	2026-09-08T17:46:48.1968553Z 
unit	Workspace tests (vitest, coverage beacons on)	2026-09-08T17:46:48.2185942Z  ^[[32m✓^[[39m src/content/rankGrowthIsWired.test.ts ^[[2m(^[[22m^[[2m3 tests^[[22m^[[2m)^[[22m^[[33m 1884^[[2mms^[[22m^[[39m
unit	Workspace tests (vitest, coverage beacons on)	2026-09-08T17:46:48.5414479Z  ^[[32m✓^[[39m src/sim/effects/blink.test.ts ^[[2m(^[[22m^[[2m3 tests^[[22m^[[2m)^[[22m^[[90m 18^[[2mms^[[22m^[[39m
unit	Workspace tests (vitest, coverage beacons on)	2026-09-08T17:46:48.5846129Z  ^[[32m✓^[[39m src/ops/rollbackSwitchReaches.test.ts ^[[2m(^[[22m^[[2m3 tests^[[22m^[[2m)^[[22m^[[90m 30^[[2mms^[[22m^[[39m
unit	Workspace tests (vitest, coverage beacons on)	2026-09-08T17:46:49.7006183Z  ^[[32m✓^[[39m src/sim/effects/blinkMarkedUnit.test.ts ^[[2m(^[[22m^[[2m5 tests^[[22m^[[2m)^[[22m^[[90m 15^[[2mms^[[22m^[[39m
unit	Workspace tests (vitest, coverage beacons on)	2026-09-08T17:46:49.7943770Z  ^[[32m✓^[[39m src/sim/effects/lane2DeadKnobs.test.ts ^[[2m(^[[22m^[[2m3 tests^[[22m^[[2m)^[[22m^[[90m 34^[[2mms^[[22m^[[39m
unit	Workspace tests (vitest, coverage beacons on)	2026-09-08T17:46:50.1343186Z  ^[[32m✓^[[39m src/content/transformMoveSpeedRatio.test.ts ^[[2m(^[[22m^[[2m2 tests^[[22m^[[2m)^[[22m^[[90m 11^[[2mms^[[22m^[[39m
unit	Workspace tests (vitest, coverage beacons on)	2026-09-08T17:46:50.8926246Z  ^[[32m✓^[[39m src/sim/effects/dispelSpearOfLonginus.test.ts ^[[2m(^[[22m^[[2m2 tests^[[22m^[[2m)^[[22m^[[90m 19^[[2mms^[[22m^[[39m
unit	Workspace tests (vitest, coverage beacons on)	2026-09-08T17:46:51.4286103Z  ^[[32m✓^[[39m src/content/championRetirement.test.ts ^[[2m(^[[22m^[[2m8 tests^[[22m^[[2m)^[[22m^[[90m 8^[[2mms^[[22m^[[39m
unit	Workspace tests (vitest, coverage beacons on)	2026-09-08T17:46:54.2390598Z  ^[[32m✓^[[39m src/sim/economy/legendaryShelf.test.ts ^[[2m(^[[22m^[[2m4 tests^[[22m^[[2m)^[[22m^[[33m 1566^[[2mms^[[22m^[[39m
unit	Workspace tests (vitest, coverage beacons on)	2026-09-08T17:46:54.8067652Z  ^[[32m✓^[[39m src/ops/jassExtractionCoverage.test.ts ^[[2m(^[[22m^[[2m2 tests^[[22m^[[2m)^[[22m^[[33m 3567^[[2mms^[[22m^[[39m
unit	Workspace tests (vitest, coverage beacons on)	2026-09-08T17:46:54.8073825Z    ^[[33m^[[2m✓^[[22m^[[39m JASS 抽取涵蓋率^[[2m > ^[[22m⭐ 地圖派送的每一個技能 rawcode 都被歸到某個觸發器家族 —— 漏一個就紅 ^[[33m1203^[[2mms^[[22m^[[39m
unit	Workspace tests (vitest, coverage beacons on)	2026-09-08T17:46:54.8075678Z    ^[[33m^[[2m✓^[[22m^[[39m JASS 抽取涵蓋率^[[2m > ^[[22m⛔ 出貨的 jass-spells/ 不可以比抽取器少太多（帶戳記後升級成逐位元組比對） ^[[33m2363^[[2mms^[[22m^[[39m
unit	Workspace tests (vitest, coverage beacons on)	2026-09-08T17:46:55.4104699Z  ^[[32m✓^[[39m src/sim/rangedProjectile.test.ts ^[[2m(^[[22m^[[2m3 tests^[[22m^[[2m)^[[22m^[[90m 37^[[2mms^[[22m^[[39m
unit	Workspace tests (vitest, coverage beacons on)	2026-09-08T17:46:56.0949889Z  ^[[32m✓^[[39m src/sim/mobBossIntroWire.test.ts ^[[2m(^[[22m^[[2m4 tests^[[22m^[[2m)^[[22m^[[90m 11^[[2mms^[[22m^[[39m
unit	Workspace tests (vitest, coverage beacons on)	2026-09-08T17:46:56.4935975Z  ^[[32m✓^[[39m src/ops/contractEffectDocAnchors.test.ts ^[[2m(^[[22m^[[2m2 tests^[[22m^[[2m)^[[22m^[[90m 88^[[2mms^[[22m^[[39m
unit	Workspace tests (vitest, coverage beacons on)	2026-09-08T17:46:56.9809851Z  ^[[32m✓^[[39m src/content/missingPrimitives.test.ts ^[[2m(^[[22m^[[2m5 tests^[[22m^[[2m)^[[22m^[[90m 12^[[2mms^[[22m^[[39m
unit	Workspace tests (vitest, coverage beacons on)	2026-09-08T17:46:57.1473360Z  ^[[32m✓^[[39m src/content/templateBoundDocsNoBakedTier.test.ts ^[[2m(^[[22m^[[2m2 tests^[[22m^[[2m)^[[22m^[[33m 767^[[2mms^[[22m^[[39m
unit	Workspace tests (vitest, coverage beacons on)	2026-09-08T17:46:57.1481070Z    ^[[33m^[[2m✓^[[22m^[[39m GH#1079 —— 模板已宣告級距槽的文件，文件層不可以再烘一格零讀者的字面值^[[2m > ^[[22m① 量尺：模板不發 radius ⇒ 文件層 radius 零讀者；沒接模板的 radius 才有讀者（控制組） ^[[33m744^[[2mms^[[22m^[[39m
unit	Workspace tests (vitest, coverage beacons on)	2026-09-08T17:46:57.5046320Z  ^[[32m✓^[[39m src/content/modelBbox.test.ts ^[[2m(^[[22m^[[2m6 tests^[[22m^[[2m)^[[22m^[[90m 20^[[2mms^[[22m^[[39m
unit	Workspace tests (vitest, coverage beacons on)	2026-09-08T17:46:57.8634126Z  ^[[32m✓^[[39m src/ops/geosetFormGating.test.ts ^[[2m(^[[22m^[[2m5 tests^[[22m^[[2m)^[[22m^[[90m 23^[[2mms^[[22m^[[39m
unit	Workspace tests (vitest, coverage beacons on)	2026-09-08T17:46:57.9217451Z  ^[[32m✓^[[39m src/content/laneFMeleeWeaponTags.test.ts ^[[2m(^[[22m^[[2m2 tests^[[22m^[[2m)^[[22m^[[90m 4^[[2mms^[[22m^[[39m
unit	Workspace tests (vitest, coverage beacons on)	2026-09-08T17:46:59.0036191Z  ^[[32m✓^[[39m src/content/templates/growthChargeSubject.test.ts ^[[2m(^[[22m^[[2m2 tests^[[22m^[[2m)^[[22m^[[90m 41^[[2mms^[[22m^[[39m
unit	Workspace tests (vitest, coverage beacons on)	2026-09-08T17:46:59.0259394Z  ^[[32m✓^[[39m src/sim/effects/conditionalRatiosAreWired.test.ts ^[[2m(^[[22m^[[2m2 tests^[[22m^[[2m)^[[22m^[[90m 32^[[2mms^[[22m^[[39m
unit	Workspace tests (vitest, coverage beacons on)	2026-09-08T17:46:59.4205989Z  ^[[32m✓^[[39m src/ops/capabilityFixtureGap.test.ts ^[[2m(^[[22m^[[2m3 tests^[[22m^[[2m)^[[22m^[[90m 89^[[2mms^[[22m^[[39m
unit	Workspace tests (vitest, coverage beacons on)	2026-09-08T17:47:00.0277466Z  ^[[32m✓^[[39m src/sim/tauntReverseDirection.test.ts ^[[2m(^[[22m^[[2m2 tests^[[22m^[[2m)^[[22m^[[90m 7^[[2mms^[[22m^[[39m
unit	Workspace tests (vitest, coverage beacons on)	2026-09-08T17:47:00.8391550Z  ^[[32m✓^[[39m src/content/modelFxTextureBackdrop.test.ts ^[[2m(^[[22m^[[2m1 test^[[22m^[[2m)^[[22m^[[33m 547^[[2mms^[[22m^[[39m
unit	Workspace tests (vitest, coverage beacons on)	2026-09-08T17:47:00.8393530Z    ^[[33m^[[2m✓^[[22m^[[39m modelFx 內嵌貼圖在遊戲 ONE+ONE 下沒有底板^[[2m > ^[[22m每份被引用 modelFx 的 emissive cut-out 都把透明區 RGB 清成 additive identity ^[[33m546^[[2mms^[[22m^[[39m
unit	Workspace tests (vitest, coverage beacons on)	2026-09-08T17:47:01.1175868Z  ^[[32m✓^[[39m src/content/laneRChampionAbilitySlotIdentity.test.ts ^[[2m(^[[22m^[[2m1 test^[[22m^[[2m)^[[22m^[[90m 4^[[2mms^[[22m^[[39m
unit	Workspace tests (vitest, coverage beacons on)	2026-09-08T17:47:03.0305899Z  ^[[32m✓^[[39m src/ops/contentTreeLock.test.ts ^[[2m(^[[22m^[[2m7 tests^[[22m^[[2m)^[[22m^[[33m 3272^[[2mms^[[22m^[[39m
unit	Workspace tests (vitest, coverage beacons on)	2026-09-08T17:47:03.0428656Z    ^[[33m^[[2m✓^[[22m^[[39m 內容樹的讀寫鎖（GH#950）^[[2m > ^[[22m⭐⭐ **寫**的時候，另一個**寫**必須等（⛔ 這就是那個 race 的形狀） ^[[33m1358^[[2mms^[[22m^[[39m
unit	Workspace tests (vitest, coverage beacons on)	2026-09-08T17:47:03.0430117Z    ^[[33m^[[2m✓^[[22m^[[39m 內容樹的讀寫鎖（GH#950）^[[2m > ^[[22m⭐⭐ **寫**的時候，**讀**（`--check`）也必須等 —— ⭐ 這是假紅燈的直接成因 ^[[33m1310^[[2mms^[[22m^[[39m
unit	Workspace tests (vitest, coverage beacons on)	2026-09-08T17:47:03.0431647Z    ^[[33m^[[2m✓^[[22m^[[39m 內容樹的讀寫鎖（GH#950）^[[2m > ^[[22m⭐ 兩個**讀**可以同時（⛔ 否則 36 支 --check 會被串成一列） ^[[33m357^[[2mms^[[22m^[[39m
unit	Workspace tests (vitest, coverage beacons on)	2026-09-08T17:47:04.1569175Z  ^[[32m✓^[[39m src/content/replayPolicyShipped.test.ts ^[[2m(^[[22m^[[2m7 tests^[[22m^[[2m)^[[22m^[[90m 9^[[2mms^[[22m^[[39m
unit	Workspace tests (vitest, coverage beacons on)	2026-09-08T17:47:04.4926120Z  ^[[32m✓^[[39m src/ops/siteExportCarriesEveryDataDir.test.ts ^[[2m(^[[22m^[[2m4 tests^[[22m^[[2m)^[[22m^[[90m 6^[[2mms^[[22m^[[39m
unit	Workspace tests (vitest, coverage beacons on)	2026-09-08T17:47:05.6597769Z  ^[[32m✓^[[39m src/sim/carry.test.ts ^[[2m(^[[22m^[[2m2 tests^[[22m^[[2m)^[[22m^[[90m 34^[[2mms^[[22m^[[39m
unit	Workspace tests (vitest, coverage beacons on)	2026-09-08T17:47:07.1008873Z  ^[[32m✓^[[39m src/map/arenaSpawnRoom.test.ts ^[[2m(^[[22m^[[2m1 test^[[22m^[[2m)^[[22m^[[33m 584^[[2mms^[[22m^[[39m
unit	Workspace tests (vitest, coverage beacons on)	2026-09-08T17:47:07.1056245Z    ^[[33m^[[2m✓^[[22m^[[39m 場地生成點的活動空間（⛔ 門檻從 config × mobProfile 推導）^[[2m > ^[[22m⭐ 每一張出貨場地 × 每區 × 每種身體 × 每個方向，生出來之後都動得了 ^[[33m583^[[2mms^[[22m^[[39m
unit	Workspace tests (vitest, coverage beacons on)	2026-09-08T17:47:10.0471606Z  ^[[32m✓^[[39m src/content/runtimeImportCycles.test.ts ^[[2m(^[[22m^[[2m1 test^[[22m^[[2m)^[[22m^[[33m 1981^[[2mms^[[22m^[[39m
unit	Workspace tests (vitest, coverage beacons on)	2026-09-08T17:47:10.0486121Z    ^[[33m^[[2m✓^[[22m^[[39m GH#1098 執行期 import 迴圈^[[2m > ^[[22m★ content/** 不可以站在任何一條執行期 import 迴圈上 ^[[33m1980^[[2mms^[[22m^[[39m
unit	Workspace tests (vitest, coverage beacons on)	2026-09-08T17:47:11.1316152Z  ^[[32m✓^[[39m src/sim/mobs.identity.test.ts ^[[2m(^[[22m^[[2m5 tests^[[22m^[[2m)^[[22m^[[90m 9^[[2mms^[[22m^[[39m
unit	Workspace tests (vitest, coverage beacons on)	2026-09-08T17:47:12.1964920Z  ^[[32m✓^[[39m src/sim/abilities/castApproach.test.ts ^[[2m(^[[22m^[[2m1 test^[[22m^[[2m)^[[22m^[[90m 28^[[2mms^[[22m^[[39m
unit	Workspace tests (vitest, coverage beacons on)	2026-09-08T17:47:13.0146057Z  ^[[32m✓^[[39m src/ops/brickCensusRatchet.test.ts ^[[2m(^[[22m^[[2m5 tests^[[22m^[[2m)^[[22m^[[90m 6^[[2mms^[[22m^[[39m
unit	Workspace tests (vitest, coverage beacons on)	2026-09-08T17:47:15.0104783Z  ^[[32m✓^[[39m src/content/laneACLocustMdlFamilies.test.ts ^[[2m(^[[22m^[[2m3 tests^[[22m^[[2m)^[[22m^[[33m 1083^[[2mms^[[22m^[[39m
unit	Workspace tests (vitest, coverage beacons on)	2026-09-08T17:47:15.0109867Z    ^[[33m^[[2m✓^[[22m^[[39m MDL 家族三通道反查 (GH#688)^[[2m > ^[[22m★ ③ 08-03 龍鬥氣砲咒文真的擺出一條線（j:28838 的 10 具），⛔ 不是拉長一具 ^[[33m858^[[2mms^[[22m^[[39m
unit	Workspace tests (vitest, coverage beacons on)	2026-09-08T17:47:16.1796170Z  ^[[32m✓^[[39m src/ops/editorRoundTrip.test.ts ^[[2m(^[[22m^[[2m5 tests^[[22m^[[2m)^[[22m^[[90m 34^[[2mms^[[22m^[[39m
unit	Workspace tests (vitest, coverage beacons on)	2026-09-08T17:47:16.6247499Z  ^[[32m✓^[[39m src/ops/zipSafetyWiredWhenImporterLands.test.ts ^[[2m(^[[22m^[[2m2 tests^[[22m^[[2m)^[[22m^[[90m 66^[[2mms^[[22m^[[39m
unit	Workspace tests (vitest, coverage beacons on)	2026-09-08T17:47:21.4350641Z  ^[[32m✓^[[39m src/content/import/authoringProcessor.test.ts ^[[2m(^[[22m^[[2m5 tests^[[22m^[[2m)^[[22m^[[33m 3801^[[2mms^[[22m^[[39m
unit	Workspace tests (vitest, coverage beacons on)	2026-09-08T17:47:21.4352862Z    ^[[33m^[[2m✓^[[22m^[[39m authoringProcessor（規格 §1 runtime-direct）^[[2m > ^[[22m① ⭐ 宣告的三格逐字就是規格要的值（⛔ 不是「看起來像」） ^[[33m998^[[2mms^[[22m^[[39m
unit	Workspace tests (vitest, coverage beacons on)	2026-09-08T17:47:21.4355134Z    ^[[33m^[[2m✓^[[22m^[[39m authoringProcessor（規格 §1 runtime-direct）^[[2m > ^[[22m★★ ② ⭐ **任何一個面**動一個位元組 ⇒ 指紋要跟著動 ^[[33m2791^[[2mms^[[22m^[[39m
unit	Workspace tests (vitest, coverage beacons on)	2026-09-08T17:47:22.6401089Z  ^[[32m✓^[[39m src/content/schema.test.ts ^[[2m(^[[22m^[[2m5 tests^[[22m^[[2m)^[[22m^[[90m 19^[[2mms^[[22m^[[39m
unit	Workspace tests (vitest, coverage beacons on)	2026-09-08T17:47:24.4390398Z  ^[[32m✓^[[39m src/content/vfxTextureBackdrop.test.ts ^[[2m(^[[22m^[[2m2 tests^[[22m^[[2m)^[[22m^[[33m 35906^[[2mms^[[22m^[[39m
unit	Workspace tests (vitest, coverage beacons on)	2026-09-08T17:47:24.4408580Z    ^[[33m^[[2m✓^[[22m^[[39m VFX 貼圖背景在實際 blend mode 下必須消失^[[2m > ^[[22m每份出貨 vfx/ribbon 的真 PNG 都可解碼，而且至少 0.1% 背景不會寫入畫面 ^[[33m35900^[[2mms^[[22m^[[39m
unit	Workspace tests (vitest, coverage beacons on)	2026-09-08T17:47:24.7446057Z  ^[[32m✓^[[39m src/ops/composeLogCap.test.ts ^[[2m(^[[22m^[[2m3 tests^[[22m^[[2m)^[[22m^[[90m 7^[[2mms^[[22m^[[39m
unit	Workspace tests (vitest, coverage beacons on)	2026-09-08T17:47:25.2586222Z  ^[[32m✓^[[39m src/sim/basicAttackRiderBudget.test.ts ^[[2m(^[[22m^[[2m3 tests^[[22m^[[2m)^[[22m^[[90m 152^[[2mms^[[22m^[[39m
unit	Workspace tests (vitest, coverage beacons on)	2026-09-08T17:47:25.5960210Z  ^[[32m✓^[[39m src/sim/abilities/emfrPeriodicPulse.test.ts ^[[2m(^[[22m^[[2m1 test^[[22m^[[2m)^[[22m^[[33m 1692^[[2mms^[[22m^[[39m
unit	Workspace tests (vitest, coverage beacons on)	2026-09-08T17:47:25.7275985Z  ^[[32m✓^[[39m src/content/import/unknownFields.test.ts ^[[2m(^[[22m^[[2m9 tests^[[22m^[[2m)^[[22m^[[90m 15^[[2mms^[[22m^[[39m
unit	Workspace tests (vitest, coverage beacons on)	2026-09-08T17:47:26.7936396Z  ^[[32m✓^[[39m src/sim/combat/blockFromPassive.test.ts ^[[2m(^[[22m^[[2m1 test^[[22m^[[2m)^[[22m^[[90m 23^[[2mms^[[22m^[[39m
unit	Workspace tests (vitest, coverage beacons on)	2026-09-08T17:47:28.7194391Z  ^[[32m✓^[[39m src/sim/economy/itemAcquisition.test.ts ^[[2m(^[[22m^[[2m4 tests^[[22m^[[2m)^[[22m^[[33m 1782^[[2mms^[[22m^[[39m
unit	Workspace tests (vitest, coverage beacons on)	2026-09-08T17:47:28.8687846Z  ^[[32m✓^[[39m src/ops/coordCheck.test.ts ^[[2m(^[[22m^[[2m8 tests^[[22m^[[2m)^[[22m^[[33m 1737^[[2mms^[[22m^[[39m
unit	Workspace tests (vitest, coverage beacons on)	2026-09-08T17:47:28.8717651Z    ^[[33m^[[2m✓^[[22m^[[39m coord:check —— packet 協定的閘^[[2m > ^[[22mactually runs a new packet's repro against its declared exit code ^[[33m447^[[2mms^[[22m^[[39m
unit	Workspace tests (vitest, coverage beacons on)	2026-09-08T17:47:28.8848262Z    ^[[33m^[[2m✓^[[22m^[[39m coord:check —— packet 協定的閘^[[2m > ^[[22m⭐ 出貨的 packet 目錄全過（⛔ 沒擋過頭） ^[[33m513^[[2mms^[[22m^[[39m
unit	Workspace tests (vitest, coverage beacons on)	2026-09-08T17:47:29.9906044Z  ^[[32m✓^[[39m src/sim/combat/apDamageScaling.test.ts ^[[2m(^[[22m^[[2m3 tests^[[22m^[[2m)^[[22m^[[90m 24^[[2mms^[[22m^[[39m
unit	Workspace tests (vitest, coverage beacons on)	2026-09-08T17:47:30.9695975Z  ^[[32m✓^[[39m src/sim/statusBreak.test.ts ^[[2m(^[[22m^[[2m3 tests^[[22m^[[2m)^[[22m^[[90m 29^[[2mms^[[22m^[[39m
unit	Workspace tests (vitest, coverage beacons on)	2026-09-08T17:47:31.3076262Z  ^[[32m✓^[[39m src/sim/economy/itemMarkLethal.test.ts ^[[2m(^[[22m^[[2m1 test^[[22m^[[2m)^[[22m^[[33m 1176^[[2mms^[[22m^[[39m
unit	Workspace tests (vitest, coverage beacons on)	2026-09-08T17:47:31.6715375Z  ^[[32m✓^[[39m src/content/heroForge/communityExamples.test.ts ^[[2m(^[[22m^[[2m25 tests^[[22m^[[2m)^[[22m^[[33m 28308^[[2mms^[[22m^[[39m
unit	Workspace tests (vitest, coverage beacons on)	2026-09-08T17:47:31.6732531Z    ^[[33m^[[2m✓^[[22m^[[39m seven adapted community heroes^[[2m > ^[[22m'沃維克' survives all six slots, package simulation and immutable import ^[[33m4700^[[2mms^[[22m^[[39m
unit	Workspace tests (vitest, coverage beacons on)	2026-09-08T17:47:31.6739190Z    ^[[33m^[[2m✓^[[22m^[[39m seven adapted community heroes^[[2m > ^[[22m'卡爾瑟斯' survives all six slots, package simulation and immutable import ^[[33m4205^[[2mms^[[22m^[[39m
unit	Workspace tests (vitest, coverage beacons on)	2026-09-08T17:47:31.6741846Z    ^[[33m^[[2m✓^[[22m^[[39m seven adapted community heroes^[[2m > ^[[22m'拉克絲' survives all six slots, package simulation and immutable import ^[[33m3407^[[2mms^[[22m^[[39m
unit	Workspace tests (vitest, coverage beacons on)	2026-09-08T17:47:31.6744207Z    ^[[33m^[[2m✓^[[22m^[[39m seven adapted community heroes^[[2m > ^[[22m'犽宿' survives all six slots, package simulation and immutable import ^[[33m3423^[[2mms^[[22m^[[39m
unit	Workspace tests (vitest, coverage beacons on)	2026-09-08T17:47:31.6746137Z    ^[[33m^[[2m✓^[[22m^[[39m seven adapted community heroes^[[2m > ^[[22m'好運姐' survives all six slots, package simulation and immutable import ^[[33m3254^[[2mms^[[22m^[[39m
unit	Workspace tests (vitest, coverage beacons on)	2026-09-08T17:47:31.6748247Z    ^[[33m^[[2m✓^[[22m^[[39m seven adapted community heroes^[[2m > ^[[22m'李星' survives all six slots, package simulation and immutable import ^[[33m3512^[[2mms^[[22m^[[39m
unit	Workspace tests (vitest, coverage beacons on)	2026-09-08T17:47:31.6750007Z    ^[[33m^[[2m✓^[[22m^[[39m seven adapted community heroes^[[2m > ^[[22m'齊勒斯' survives all six slots, package simulation and immutable import ^[[33m3614^[[2mms^[[22m^[[39m
unit	Workspace tests (vitest, coverage beacons on)	2026-09-08T17:47:31.6900910Z  ^[[32m✓^[[39m src/ops/voiceSeparationBaselineFresh.test.ts ^[[2m(^[[22m^[[2m3 tests^[[22m^[[2m)^[[22m^[[90m 7^[[2mms^[[22m^[[39m
unit	Workspace tests (vitest, coverage beacons on)	2026-09-08T17:47:32.0395121Z  ^[[32m✓^[[39m src/sim/economy/draft.test.ts ^[[2m(^[[22m^[[2m4 tests^[[22m^[[2m)^[[22m^[[90m 26^[[2mms^[[22m^[[39m
unit	Workspace tests (vitest, coverage beacons on)	2026-09-08T17:47:32.0855951Z  ^[[32m✓^[[39m src/content/modelScale.test.ts ^[[2m(^[[22m^[[2m6 tests^[[22m^[[2m)^[[22m^[[90m 31^[[2mms^[[22m^[[39m
unit	Workspace tests (vitest, coverage beacons on)	2026-09-08T17:47:32.4506221Z  ^[[32m✓^[[39m src/content/voiceFormSharing.test.ts ^[[2m(^[[22m^[[2m10 tests^[[22m^[[2m)^[[22m^[[90m 25^[[2mms^[[22m^[[39m
unit	Workspace tests (vitest, coverage beacons on)	2026-09-08T17:47:32.4925983Z  ^[[32m✓^[[39m src/content/abilityPresentation.test.ts ^[[2m(^[[22m^[[2m5 tests^[[22m^[[2m)^[[22m^[[90m 57^[[2mms^[[22m^[[39m
unit	Workspace tests (vitest, coverage beacons on)	2026-09-08T17:47:33.2431943Z  ^[[32m✓^[[39m src/map/arenaSpawnLegality.test.ts ^[[2m(^[[22m^[[2m2 tests^[[22m^[[2m)^[[22m^[[33m 624^[[2mms^[[22m^[[39m
unit	Workspace tests (vitest, coverage beacons on)	2026-09-08T17:47:33.2446338Z    ^[[33m^[[2m✓^[[22m^[[39m 出生點合法性 · 每一張出貨場地 (GH#364)^[[2m > ^[[22m⭐ 沒有任何座位站在牆裡／圖外／貼著牆，點燃時全部在圈內，而且都走得到（而且走得完）火圈的口袋 ^[[33m590^[[2mms^[[22m^[[39m
unit	Workspace tests (vitest, coverage beacons on)	2026-09-08T17:47:33.5247883Z  ^[[32m✓^[[39m src/content/templates/mergeExpansionHoles.test.ts ^[[2m(^[[22m^[[2m4 tests^[[22m^[[2m)^[[22m^[[90m 28^[[2mms^[[22m^[[39m
unit	Workspace tests (vitest, coverage beacons on)	2026-09-08T17:47:33.6880843Z  ^[[32m✓^[[39m src/sim/c1c2.test.ts ^[[2m(^[[22m^[[2m2 tests^[[22m^[[2m)^[[22m^[[90m 61^[[2mms^[[22m^[[39m
unit	Workspace tests (vitest, coverage beacons on)	2026-09-08T17:47:33.9916205Z  ^[[32m✓^[[39m src/content/import/packageSchema.test.ts ^[[2m(^[[22m^[[2m9 tests^[[22m^[[2m)^[[22m^[[90m 30^[[2mms^[[22m^[[39m
unit	Workspace tests (vitest, coverage beacons on)	2026-09-08T17:47:34.1816223Z  ^[[32m✓^[[39m src/content/templateRefPinIsHonest.test.ts ^[[2m(^[[22m^[[2m2 tests^[[22m^[[2m)^[[22m^[[90m 98^[[2mms^[[22m^[[39m
unit	Workspace tests (vitest, coverage beacons on)	2026-09-08T17:47:35.4162985Z  ^[[32m✓^[[39m src/sim/baseBonusBounds.test.ts ^[[2m(^[[22m^[[2m10 tests^[[22m^[[2m)^[[22m^[[90m 12^[[2mms^[[22m^[[39m
unit	Workspace tests (vitest, coverage beacons on)	2026-09-08T17:47:35.8897286Z  ^[[32m✓^[[39m src/ops/reviewSplitHomes.test.ts ^[[2m(^[[22m^[[2m2 tests^[[22m^[[2m)^[[22m^[[90m 70^[[2mms^[[22m^[[39m
unit	Workspace tests (vitest, coverage beacons on)	2026-09-08T17:47:36.6266385Z  ^[[31m❯^[[39m src/content/import/twoProfilesAgree.test.ts ^[[2m(^[[22m^[[2m5 tests^[[22m^[[2m | ^[[22m^[[31m1 failed^[[39m^[[2m)^[[22m^[[90m 17^[[2mms^[[22m^[[39m
unit	Workspace tests (vitest, coverage beacons on)	2026-09-08T17:47:36.6277121Z ^[[31m   ^[[31m×^[[31m ⭐ §1 runtime-direct：兩份 profile 的處理器宣告必須是**同一個**^[[2m > ^[[22m★★ ⭐⭐ 兩份的**指紋逐字相同** —— ⛔ 不是「都有一個指紋」^[[90m 8^[[2mms^[[22m^[[31m^[[39m
unit	Workspace tests (vitest, coverage beacons on)	2026-09-08T17:47:36.6278481Z ^[[31m     → ⛔⛔ runtime 與靜態 profile 的處理器指紋不同 ⇒ ⭐ 對面驗哪一份都會失敗，
unit	Workspace tests (vitest, coverage beacons on)	2026-09-08T17:47:36.6284436Z    而失敗訊息看起來像「你的包過期了」——⛔ 實際上是我們兩份 receipt 在打架。
unit	Workspace tests (vitest, coverage beacons on)	2026-09-08T17:47:36.6286426Z    ⚠️ 靜態那份過期 ⇒ 跑 `pnpm content:build` 再 `git add content/`。: expected 'f8ae3104cbe5' to be '963b5a9580e8' // Object.is equality^[[39m
unit	Workspace tests (vitest, coverage beacons on)	2026-09-08T17:47:36.9116336Z  ^[[32m✓^[[39m src/content/heroForge/handoff.test.ts ^[[2m(^[[22m^[[2m3 tests^[[22m^[[2m)^[[22m^[[90m 58^[[2mms^[[22m^[[39m
unit	Workspace tests (vitest, coverage beacons on)	2026-09-08T17:47:37.3335843Z  ^[[32m✓^[[39m src/content/damageTierPerRank.test.ts ^[[2m(^[[22m^[[2m5 tests^[[22m^[[2m)^[[22m^[[90m 10^[[2mms^[[22m^[[39m
unit	Workspace tests (vitest, coverage beacons on)	2026-09-08T17:47:37.7441345Z  ^[[32m✓^[[39m src/sim/content/conditionRecentCast.test.ts ^[[2m(^[[22m^[[2m3 tests^[[22m^[[2m)^[[22m^[[90m 39^[[2mms^[[22m^[[39m
unit	Workspace tests (vitest, coverage beacons on)	2026-09-08T17:47:37.8736128Z  ^[[32m✓^[[39m src/ops/liveSaveMirrorsChampion.test.ts ^[[2m(^[[22m^[[2m3 tests^[[22m^[[2m)^[[22m^[[90m 128^[[2mms^[[22m^[[39m
unit	Workspace tests (vitest, coverage beacons on)	2026-09-08T17:47:38.0884353Z  ^[[32m✓^[[39m src/ops/composeHelmEnvParity.test.ts ^[[2m(^[[22m^[[2m3 tests^[[22m^[[2m)^[[22m^[[90m 5^[[2mms^[[22m^[[39m
unit	Workspace tests (vitest, coverage beacons on)	2026-09-08T17:47:38.1936699Z  ^[[32m✓^[[39m src/content/comboWindowClaims.test.ts ^[[2m(^[[22m^[[2m3 tests^[[22m^[[2m)^[[22m^[[90m 11^[[2mms^[[22m^[[39m
unit	Workspace tests (vitest, coverage beacons on)	2026-09-08T17:47:38.5806190Z  ^[[32m✓^[[39m src/content/normalizersKeepConditionalRatios.test.ts ^[[2m(^[[22m^[[2m3 tests^[[22m^[[2m)^[[22m^[[90m 82^[[2mms^[[22m^[[39m
unit	Workspace tests (vitest, coverage beacons on)	2026-09-08T17:47:38.7456396Z  ^[[32m✓^[[39m src/sim/abilities/augmentAndDeferred.test.ts ^[[2m(^[[22m^[[2m3 tests^[[22m^[[2m)^[[22m^[[90m 6^[[2mms^[[22m^[[39m
unit	Workspace tests (vitest, coverage beacons on)	2026-09-08T17:47:38.7815761Z  ^[[32m✓^[[39m src/ops/syncPlan.test.ts ^[[2m(^[[22m^[[2m6 tests^[[22m^[[2m)^[[22m^[[33m 63361^[[2mms^[[22m^[[39m
unit	Workspace tests (vitest, coverage beacons on)	2026-09-08T17:47:38.7845688Z    ^[[33m^[[2m✓^[[22m^[[39m skills:sync 按改動裁剪^[[2m > ^[[22m① 改一份英雄 ⇒ 每一支量到讀英雄的產生器都在計畫裡 ^[[33m1937^[[2mms^[[22m^[[39m
unit	Workspace tests (vitest, coverage beacons on)	2026-09-08T17:47:38.7905807Z    ^[[33m^[[2m✓^[[22m^[[39m skills:sync 按改動裁剪^[[2m > ^[[22m② fail-closed —— 對不到輸入表的路徑 ⇒ 全跑 ^[[33m3757^[[2mms^[[22m^[[39m
unit	Workspace tests (vitest, coverage beacons on)	2026-09-08T17:47:38.7935690Z    ^[[33m^[[2m✓^[[22m^[[39m skills:sync 按改動裁剪^[[2m > ^[[22m③ 下游閉包 —— 只改一支產生器,吃它產物的那幾支也要跑 ^[[33m1769^[[2mms^[[22m^[[39m
unit	Workspace tests (vitest, coverage beacons on)	2026-09-08T17:47:38.7949549Z    ^[[33m^[[2m✓^[[22m^[[39m skills:sync 按改動裁剪^[[2m > ^[[22m⑥ 索引的擁有者 —— 改集合裡的來源文件,寫那份 _index.json 的產生器一定在計畫裡 ^[[33m52004^[[2mms^[[22m^[[39m
unit	Workspace tests (vitest, coverage beacons on)	2026-09-08T17:47:38.7975919Z    ^[[33m^[[2m✓^[[22m^[[39m skills:sync 按改動裁剪^[[2m > ^[[22m④ 拓撲 —— contract:numbers 一定排在 content:build 後面 ^[[33m1866^[[2mms^[[22m^[[39m
unit	Workspace tests (vitest, coverage beacons on)	2026-09-08T17:47:38.8005865Z    ^[[33m^[[2m✓^[[22m^[[39m skills:sync 按改動裁剪^[[2m > ^[[22m⑤ 產生器碰不到的 root(apps/**)⇒ 只跑真的掃原始碼的那幾支 ^[[33m2026^[[2mms^[[22m^[[39m
unit	Workspace tests (vitest, coverage beacons on)	2026-09-08T17:47:39.2894679Z  ^[[32m✓^[[39m src/ops/laneREVIEWFixAnchor.test.ts ^[[2m(^[[22m^[[2m2 tests^[[22m^[[2m)^[[22m^[[33m 420^[[2mms^[[22m^[[39m
unit	Workspace tests (vitest, coverage beacons on)	2026-09-08T17:47:39.7727375Z  ^[[32m✓^[[39m src/content/stockModulateCriterionSameSource.test.ts ^[[2m(^[[22m^[[2m3 tests^[[22m^[[2m)^[[22m^[[33m 619^[[2mms^[[22m^[[39m
unit	Workspace tests (vitest, coverage beacons on)	2026-09-08T17:47:39.7733147Z    ^[[33m^[[2m✓^[[22m^[[39m 🔗 抽取器的恆等判準與判準⑤ 同源^[[2m > ^[[22m⭐ 跑真的 oracle：出貨 modulate 文件的 δ 與判準⑤ 逐位元相同 ^[[33m608^[[2mms^[[22m^[[39m
unit	Workspace tests (vitest, coverage beacons on)	2026-09-08T17:47:40.0330708Z  ^[[32m✓^[[39m src/sim/combat/blockVfxReachesWire.test.ts ^[[2m(^[[22m^[[2m3 tests^[[22m^[[2m)^[[22m^[[90m 37^[[2mms^[[22m^[[39m
unit	Workspace tests (vitest, coverage beacons on)	2026-09-08T17:47:40.1459463Z  ^[[32m✓^[[39m src/content/presentationTokenManifest.test.ts ^[[2m(^[[22m^[[2m6 tests^[[22m^[[2m)^[[22m^[[90m 15^[[2mms^[[22m^[[39m
unit	Workspace tests (vitest, coverage beacons on)	2026-09-08T17:47:40.5335864Z  ^[[32m✓^[[39m src/sim/arena.test.ts ^[[2m(^[[22m^[[2m4 tests^[[22m^[[2m)^[[22m^[[90m 52^[[2mms^[[22m^[[39m
unit	Workspace tests (vitest, coverage beacons on)	2026-09-08T17:47:40.9735934Z  ^[[32m✓^[[39m src/ops/genguardMarkerRegions.test.ts ^[[2m(^[[22m^[[2m4 tests^[[22m^[[2m)^[[22m^[[33m 477^[[2mms^[[22m^[[39m
unit	Workspace tests (vitest, coverage beacons on)	2026-09-08T17:47:41.6077760Z  ^[[32m✓^[[39m src/content/shippedDamageTiersResolve.test.ts ^[[2m(^[[22m^[[2m1 test^[[22m^[[2m)^[[22m^[[33m 464^[[2mms^[[22m^[[39m
unit	Workspace tests (vitest, coverage beacons on)	2026-09-08T17:47:41.6096587Z    ^[[33m^[[2m✓^[[22m^[[39m 傷害級距在載入時解析 (damage-tier-load-time)^[[2m > ^[[22m出貨技能只寫級別，而註冊之後 flat 就是表上那個數字 ^[[33m463^[[2mms^[[22m^[[39m
unit	Workspace tests (vitest, coverage beacons on)	2026-09-08T17:47:41.7991214Z  ^[[32m✓^[[39m src/sim/combat/oneShotClamp.test.ts ^[[2m(^[[22m^[[2m3 tests^[[22m^[[2m)^[[22m^[[90m 31^[[2mms^[[22m^[[39m
unit	Workspace tests (vitest, coverage beacons on)	2026-09-08T17:47:41.9707117Z  ^[[32m✓^[[39m src/content/abilityProvenance.test.ts ^[[2m(^[[22m^[[2m2 tests^[[22m^[[2m)^[[22m^[[90m 52^[[2mms^[[22m^[[39m
unit	Workspace tests (vitest, coverage beacons on)	2026-09-08T17:47:42.1821715Z  ^[[32m✓^[[39m src/content/declaredFieldMatchesShape.test.ts ^[[2m(^[[22m^[[2m4 tests^[[22m^[[2m)^[[22m^[[90m 7^[[2mms^[[22m^[[39m
unit	Workspace tests (vitest, coverage beacons on)	2026-09-08T17:47:42.2738885Z  ^[[32m✓^[[39m src/sim/combat/hitstopScale.test.ts ^[[2m(^[[22m^[[2m3 tests^[[22m^[[2m)^[[22m^[[90m 136^[[2mms^[[22m^[[39m
unit	Workspace tests (vitest, coverage beacons on)	2026-09-08T17:47:43.1646148Z  ^[[32m✓^[[39m src/sim/effects/grantXp.test.ts ^[[2m(^[[22m^[[2m3 tests^[[22m^[[2m)^[[22m^[[90m 6^[[2mms^[[22m^[[39m
unit	Workspace tests (vitest, coverage beacons on)	2026-09-08T17:47:43.6805954Z  ^[[32m✓^[[39m src/content/editorContractSchemaTags.test.ts ^[[2m(^[[22m^[[2m1 test^[[22m^[[2m)^[[22m^[[90m 55^[[2mms^[[22m^[[39m
unit	Workspace tests (vitest, coverage beacons on)	2026-09-08T17:47:44.2192787Z  ^[[32m✓^[[39m src/sim/content/conditionStatus.test.ts ^[[2m(^[[22m^[[2m3 tests^[[22m^[[2m)^[[22m^[[90m 41^[[2mms^[[22m^[[39m
unit	Workspace tests (vitest, coverage beacons on)	2026-09-08T17:47:44.7451927Z  ^[[32m✓^[[39m src/content/arenaCollision.test.ts ^[[2m(^[[22m^[[2m4 tests^[[22m^[[2m)^[[22m^[[90m 79^[[2mms^[[22m^[[39m
unit	Workspace tests (vitest, coverage beacons on)	2026-09-08T17:47:44.8522496Z  ^[[32m✓^[[39m src/sim/effects/conditionalRatios.test.ts ^[[2m(^[[22m^[[2m4 tests^[[22m^[[2m)^[[22m^[[90m 17^[[2mms^[[22m^[[39m
unit	Workspace tests (vitest, coverage beacons on)	2026-09-08T17:47:45.3735038Z  ^[[32m✓^[[39m src/content/reactiveHookAreaHonesty.test.ts ^[[2m(^[[22m^[[2m5 tests^[[22m^[[2m)^[[22m^[[90m 13^[[2mms^[[22m^[[39m
unit	Workspace tests (vitest, coverage beacons on)	2026-09-08T17:47:45.6956298Z  ^[[32m✓^[[39m src/sim/abilities/emfrThresholdPassive.test.ts ^[[2m(^[[22m^[[2m1 test^[[22m^[[2m)^[[22m^[[33m 2111^[[2mms^[[22m^[[39m
unit	Workspace tests (vitest, coverage beacons on)	2026-09-08T17:47:46.7395783Z  ^[[32m✓^[[39m src/sim/economy/capstoneDisadvantage.test.ts ^[[2m(^[[22m^[[2m4 tests^[[22m^[[2m)^[[22m^[[90m 13^[[2mms^[[22m^[[39m
unit	Workspace tests (vitest, coverage beacons on)	2026-09-08T17:47:47.9727996Z  ^[[32m✓^[[39m src/sim/combat/impactFeel.test.ts ^[[2m(^[[22m^[[2m2 tests^[[22m^[[2m)^[[22m^[[90m 73^[[2mms^[[22m^[[39m
unit	Workspace tests (vitest, coverage beacons on)	2026-09-08T17:47:48.5413137Z  ^[[32m✓^[[39m src/ops/attributeDerivationDocSuperseded.test.ts ^[[2m(^[[22m^[[2m1 test^[[22m^[[2m)^[[22m^[[90m 84^[[2mms^[[22m^[[39m
unit	Workspace tests (vitest, coverage beacons on)	2026-09-08T17:47:48.6896029Z  ^[[32m✓^[[39m src/ops/skillNormalizeGate.test.ts ^[[2m(^[[22m^[[2m3 tests^[[22m^[[2m)^[[22m^[[33m 15148^[[2mms^[[22m^[[39m
unit	Workspace tests (vitest, coverage beacons on)	2026-09-08T17:47:48.6898277Z    ^[[33m^[[2m✓^[[22m^[[39m 技能正規化總閘（tools/skill-normalize/gen.ts）^[[2m > ^[[22m① 出貨樹上是綠的 —— 五欄級距、說明、說明↔JSON 三件事一趟過 ^[[33m4941^[[2mms^[[22m^[[39m
unit	Workspace tests (vitest, coverage beacons on)	2026-09-08T17:47:48.6899915Z    ^[[33m^[[2m✓^[[22m^[[39m 技能正規化總閘（tools/skill-normalize/gen.ts）^[[2m > ^[[22m② ⭐ 突變：把一支技能的級別改錯（原始值不動）→ 閘必須紅並指名它 ^[[33m5125^[[2mms^[[22m^[[39m
unit	Workspace tests (vitest, coverage beacons on)	2026-09-08T17:47:48.6901453Z    ^[[33m^[[2m✓^[[22m^[[39m 技能正規化總閘（tools/skill-normalize/gen.ts）^[[2m > ^[[22m③ ⭐ 突變：把說明改回一個手打的機制數字 → 閘必須紅 ^[[33m5081^[[2mms^[[22m^[[39m
unit	Workspace tests (vitest, coverage beacons on)	2026-09-08T17:47:49.1688544Z  ^[[32m✓^[[39m src/content/standInChampionsRatchet.test.ts ^[[2m(^[[22m^[[2m3 tests^[[22m^[[2m)^[[22m^[[90m 11^[[2mms^[[22m^[[39m
unit	Workspace tests (vitest, coverage beacons on)	2026-09-08T17:47:49.3799791Z  ^[[32m✓^[[39m src/sim/effects/timedVisionGrant.test.ts ^[[2m(^[[22m^[[2m2 tests^[[22m^[[2m)^[[22m^[[33m 3080^[[2mms^[[22m^[[39m
unit	Workspace tests (vitest, coverage beacons on)	2026-09-08T17:47:49.5176232Z  ^[[32m✓^[[39m src/ops/formPairGateNeverWritesBaseline.test.ts ^[[2m(^[[22m^[[2m1 test^[[22m^[[2m)^[[22m^[[33m 3490^[[2mms^[[22m^[[39m
unit	Workspace tests (vitest, coverage beacons on)	2026-09-08T17:47:49.5198025Z    ^[[33m^[[2m✓^[[22m^[[39m 變身對子的閘不可以自己重寫基準線（GH#854）^[[2m > ^[[22m⭐ 過期的基準線 ⇒ 紅，而且那個檔一個位元組都沒被動 ^[[33m3487^[[2mms^[[22m^[[39m
unit	Workspace tests (vitest, coverage beacons on)	2026-09-08T17:47:49.7975522Z  ^[[32m✓^[[39m src/ops/glbPostprocessChain.test.ts ^[[2m(^[[22m^[[2m5 tests^[[22m^[[2m)^[[22m^[[90m 13^[[2mms^[[22m^[[39m
unit	Workspace tests (vitest, coverage beacons on)	2026-09-08T17:47:49.8861245Z  ^[[32m✓^[[39m src/content/fragmentGatedRatio.test.ts ^[[2m(^[[22m^[[2m2 tests^[[22m^[[2m)^[[22m^[[90m 7^[[2mms^[[22m^[[39m
unit	Workspace tests (vitest, coverage beacons on)	2026-09-08T17:47:49.9806458Z  ^[[32m✓^[[39m src/ops/reviewRegisterAcceptsNonVisual.test.ts ^[[2m(^[[22m^[[2m6 tests^[[22m^[[2m)^[[22m^[[90m 34^[[2mms^[[22m^[[39m
unit	Workspace tests (vitest, coverage beacons on)	2026-09-08T17:47:50.3849474Z  ^[[32m✓^[[39m src/ops/supersededTierNumbers.test.ts ^[[2m(^[[22m^[[2m1 test^[[22m^[[2m)^[[22m^[[90m 71^[[2mms^[[22m^[[39m
unit	Workspace tests (vitest, coverage beacons on)	2026-09-08T17:47:50.5501984Z  ^[[32m✓^[[39m src/content/schema/effectCondition.test.ts ^[[2m(^[[22m^[[2m2 tests^[[22m^[[2m)^[[22m^[[90m 34^[[2mms^[[22m^[[39m
unit	Workspace tests (vitest, coverage beacons on)	2026-09-08T17:47:50.6956539Z  ^[[32m✓^[[39m src/sim/effects/effectConditionGate.test.ts ^[[2m(^[[22m^[[2m5 tests^[[22m^[[2m)^[[22m^[[90m 17^[[2mms^[[22m^[[39m
unit	Workspace tests (vitest, coverage beacons on)	2026-09-08T17:47:50.8335911Z  ^[[32m✓^[[39m src/content/laneCLAIMPeriodicRegen.test.ts ^[[2m(^[[22m^[[2m1 test^[[22m^[[2m)^[[22m^[[90m 61^[[2mms^[[22m^[[39m
unit	Workspace tests (vitest, coverage beacons on)	2026-09-08T17:47:51.4226758Z  ^[[32m✓^[[39m src/content/vfxNotSpawnedTwice.test.ts ^[[2m(^[[22m^[[2m2 tests^[[22m^[[2m)^[[22m^[[90m 16^[[2mms^[[22m^[[39m
unit	Workspace tests (vitest, coverage beacons on)	2026-09-08T17:47:51.4241502Z  ^[[32m✓^[[39m src/content/apFrequencyTiers.test.ts ^[[2m(^[[22m^[[2m5 tests^[[22m^[[2m)^[[22m^[[90m 8^[[2mms^[[22m^[[39m
unit	Workspace tests (vitest, coverage beacons on)	2026-09-08T17:47:52.3126409Z  ^[[32m✓^[[39m src/ops/skillDamageRankExplicit.test.ts ^[[2m(^[[22m^[[2m3 tests^[[22m^[[2m)^[[22m^[[33m 510^[[2mms^[[22m^[[39m
unit	Workspace tests (vitest, coverage beacons on)	2026-09-08T17:47:52.3187222Z    ^[[33m^[[2m✓^[[22m^[[39m 閘②：技能傷害解析不可以假設 rank = 1（GH#1030 假前提 #2）^[[2m > ^[[22m② 每一個出貨呼叫點都傳了 rank；③ 沒有人直接讀 perRank[0] ^[[33m503^[[2mms^[[22m^[[39m
unit	Workspace tests (vitest, coverage beacons on)	2026-09-08T17:47:52.4907126Z  ^[[32m✓^[[39m src/sim/content/conditionEquipment.test.ts ^[[2m(^[[22m^[[2m4 tests^[[22m^[[2m)^[[22m^[[90m 47^[[2mms^[[22m^[[39m
unit	Workspace tests (vitest, coverage beacons on)	2026-09-08T17:47:52.8824782Z  ^[[32m✓^[[39m src/content/laneKWaveTrailFamily.test.ts ^[[2m(^[[22m^[[2m3 tests^[[22m^[[2m)^[[22m^[[90m 9^[[2mms^[[22m^[[39m
unit	Workspace tests (vitest, coverage beacons on)	2026-09-08T17:47:53.3426336Z  ^[[32m✓^[[39m src/ops/reviewFeatureVerdicts.test.ts ^[[2m(^[[22m^[[2m2 tests^[[22m^[[2m)^[[22m^[[90m 32^[[2mms^[[22m^[[39m
unit	Workspace tests (vitest, coverage beacons on)	2026-09-08T17:47:53.8696370Z  ^[[32m✓^[[39m src/ops/healthregenProvenance.test.ts ^[[2m(^[[22m^[[2m3 tests^[[22m^[[2m)^[[22m^[[90m 16^[[2mms^[[22m^[[39m
unit	Workspace tests (vitest, coverage beacons on)	2026-09-08T17:47:54.1010006Z  ^[[32m✓^[[39m src/content/selfCastDamageTargeting.test.ts ^[[2m(^[[22m^[[2m3 tests^[[22m^[[2m)^[[22m^[[33m 2643^[[2mms^[[22m^[[39m
unit	Workspace tests (vitest, coverage beacons on)	2026-09-08T17:47:54.5519069Z  ^[[32m✓^[[39m src/content/killTriggerSchema.test.ts ^[[2m(^[[22m^[[2m8 tests^[[22m^[[2m)^[[22m^[[90m 11^[[2mms^[[22m^[[39m
unit	Workspace tests (vitest, coverage beacons on)	2026-09-08T17:47:55.2056543Z  ^[[32m✓^[[39m src/content/templates/transformRoundtrip.test.ts ^[[2m(^[[22m^[[2m3 tests^[[22m^[[2m)^[[22m^[[90m 6^[[2mms^[[22m^[[39m
unit	Workspace tests (vitest, coverage beacons on)	2026-09-08T17:47:56.3552148Z  ^[[32m✓^[[39m src/sim/stats/invisibleContribution.test.ts ^[[2m(^[[22m^[[2m4 tests^[[22m^[[2m)^[[22m^[[90m 32^[[2mms^[[22m^[[39m
unit	Workspace tests (vitest, coverage beacons on)	2026-09-08T17:47:57.0981587Z  ^[[32m✓^[[39m src/ops/noAwsKeysInRepo.test.ts ^[[2m(^[[22m^[[2m3 tests^[[22m^[[2m)^[[22m^[[33m 4418^[[2mms^[[22m^[[39m
unit	Workspace tests (vitest, coverage beacons on)	2026-09-08T17:47:57.0983758Z    ^[[33m^[[2m✓^[[22m^[[39m ⛔ AWS 金鑰不可以進 repo（GH#1116）^[[2m > ^[[22m★★ ⭐ 追蹤中的每一個文字檔都沒有 AWS 金鑰 ^[[33m4415^[[2mms^[[22m^[[39m
unit	Workspace tests (vitest, coverage beacons on)	2026-09-08T17:47:57.8712998Z  ^[[32m✓^[[39m src/sim/effects/compoundStackCap.test.ts ^[[2m(^[[22m^[[2m4 tests^[[22m^[[2m)^[[22m^[[33m 1932^[[2mms^[[22m^[[39m
unit	Workspace tests (vitest, coverage beacons on)	2026-09-08T17:47:58.0996596Z  ^[[32m✓^[[39m src/content/offsetForwardIsTranslated.test.ts ^[[2m(^[[22m^[[2m4 tests^[[22m^[[2m)^[[22m^[[90m 5^[[2mms^[[22m^[[39m
unit	Workspace tests (vitest, coverage beacons on)	2026-09-08T17:47:58.6721012Z  ^[[32m✓^[[39m src/ops/backupRules.test.ts ^[[2m(^[[22m^[[2m2 tests^[[22m^[[2m)^[[22m^[[33m 447^[[2mms^[[22m^[[39m
unit	Workspace tests (vitest, coverage beacons on)	2026-09-08T17:47:58.6760443Z    ^[[33m^[[2m✓^[[22m^[[39m 覆蓋前留底 hook —— 重導目標要吃引號（GH#976）^[[2m > ^[[22m裸／雙引號／單引號都留底；已追蹤且乾淨的只記帳 ^[[33m335^[[2mms^[[22m^[[39m
unit	Workspace tests (vitest, coverage beacons on)	2026-09-08T17:47:59.3807326Z  ^[[32m✓^[[39m src/sim/effects/damageLine.test.ts ^[[2m(^[[22m^[[2m3 tests^[[22m^[[2m)^[[22m^[[90m 8^[[2mms^[[22m^[[39m
unit	Workspace tests (vitest, coverage beacons on)	2026-09-08T17:47:59.5405050Z  ^[[32m✓^[[39m src/ops/ggdAssetsScript.test.ts ^[[2m(^[[22m^[[2m4 tests^[[22m^[[2m)^[[22m^[[33m 401^[[2mms^[[22m^[[39m
unit	Workspace tests (vitest, coverage beacons on)	2026-09-08T17:48:00.1956708Z  ^[[32m✓^[[39m src/sim/abilities/passivesNeverFakeCast.test.ts ^[[2m(^[[22m^[[2m4 tests^[[22m^[[2m)^[[22m^[[90m 6^[[2mms^[[22m^[[39m
unit	Workspace tests (vitest, coverage beacons on)	2026-09-08T17:48:00.4926039Z  ^[[32m✓^[[39m src/content/abilityRadiusWithinZone.test.ts ^[[2m(^[[22m^[[2m1 test^[[22m^[[2m)^[[22m^[[33m 2677^[[2mms^[[22m^[[39m
unit	Workspace tests (vitest, coverage beacons on)	2026-09-08T17:48:00.4966114Z    ^[[33m^[[2m✓^[[22m^[[39m AoE 半徑不得超過決鬥區（GH#310）^[[2m > ^[[22m⭐ 每一支技能的引擎半徑 ≤ 最小的 zone 半徑 —— standalone 與英雄卡內嵌都算 ^[[33m2676^[[2mms^[[22m^[[39m
unit	Workspace tests (vitest, coverage beacons on)	2026-09-08T17:48:00.9346157Z  ^[[32m✓^[[39m src/ops/ledgerTableDedupe.test.ts ^[[2m(^[[22m^[[2m2 tests^[[22m^[[2m)^[[22m^[[33m 918^[[2mms^[[22m^[[39m
unit	Workspace tests (vitest, coverage beacons on)	2026-09-08T17:48:00.9420830Z    ^[[33m^[[2m✓^[[22m^[[39m scripts/ledger_table.py 同一句話只有一列^[[2m > ^[[22m建置器先插（訊息時間、未對票）→ ruling.sh 再插（執行時間、有票）⇒ 一列、票併入、時間取較早 ^[[33m707^[[2mms^[[22m^[[39m
unit	Workspace tests (vitest, coverage beacons on)	2026-09-08T17:48:01.5476255Z  ^[[32m✓^[[39m src/sim/content/conditionStacks.test.ts ^[[2m(^[[22m^[[2m3 tests^[[22m^[[2m)^[[22m^[[90m 22^[[2mms^[[22m^[[39m
unit	Workspace tests (vitest, coverage beacons on)	2026-09-08T17:48:01.5634649Z  ^[[32m✓^[[39m src/content/skillTierNames.test.ts ^[[2m(^[[22m^[[2m3 tests^[[22m^[[2m)^[[22m^[[90m 273^[[2mms^[[22m^[[39m
unit	Workspace tests (vitest, coverage beacons on)	2026-09-08T17:48:01.7916241Z  ^[[32m✓^[[39m src/sim/statusTagImmunity.test.ts ^[[2m(^[[22m^[[2m4 tests^[[22m^[[2m)^[[22m^[[90m 37^[[2mms^[[22m^[[39m
unit	Workspace tests (vitest, coverage beacons on)	2026-09-08T17:48:01.9485760Z  ^[[32m✓^[[39m src/content/formRetirementSafety.test.ts ^[[2m(^[[22m^[[2m3 tests^[[22m^[[2m)^[[22m^[[90m 18^[[2mms^[[22m^[[39m
unit	Workspace tests (vitest, coverage beacons on)	2026-09-08T17:48:02.1202704Z  ^[[32m✓^[[39m src/ops/rootVitestConfigScope.test.ts ^[[2m(^[[22m^[[2m2 tests^[[22m^[[2m)^[[22m^[[90m 14^[[2mms^[[22m^[[39m
unit	Workspace tests (vitest, coverage beacons on)	2026-09-08T17:48:02.4657025Z  ^[[32m✓^[[39m src/content/rankGrowthHonesty.test.ts ^[[2m(^[[22m^[[2m5 tests^[[22m^[[2m)^[[22m^[[90m 62^[[2mms^[[22m^[[39m
unit	Workspace tests (vitest, coverage beacons on)	2026-09-08T17:48:02.4945330Z  ^[[32m✓^[[39m src/content/blinkNotDash.test.ts ^[[2m(^[[22m^[[2m1 test^[[22m^[[2m)^[[22m^[[90m 34^[[2mms^[[22m^[[39m
unit	Workspace tests (vitest, coverage beacons on)	2026-09-08T17:48:02.9080376Z  ^[[32m✓^[[39m src/protocol/viewGatedDelivery.test.ts ^[[2m(^[[22m^[[2m2 tests^[[22m^[[2m)^[[22m^[[90m 55^[[2mms^[[22m^[[39m
unit	Workspace tests (vitest, coverage beacons on)	2026-09-08T17:48:03.5555949Z  ^[[32m✓^[[39m src/map/gateWiring.test.ts ^[[2m(^[[22m^[[2m3 tests^[[22m^[[2m)^[[22m^[[90m 138^[[2mms^[[22m^[[39m
unit	Workspace tests (vitest, coverage beacons on)	2026-09-08T17:48:03.5795920Z  ^[[32m✓^[[39m src/sim/economy/grailWishes.test.ts ^[[2m(^[[22m^[[2m3 tests^[[22m^[[2m)^[[22m^[[90m 8^[[2mms^[[22m^[[39m
unit	Workspace tests (vitest, coverage beacons on)	2026-09-08T17:48:04.0311836Z ^[[90mstderr^[[2m | src/ops/releaseNotePlayersRange.test.ts^[[2m > ^[[22m^[[2m玩家公告只撈這一版真的做了的票（GH#1021）^[[2m > ^[[22m^[[2m★ 兩個方向 ＋ 量尺自證（真的跑腳本、真的打 gh）
unit	Workspace tests (vitest, coverage beacons on)	2026-09-08T17:48:04.0346128Z ^[[22m^[[39m⚠️ 這條閘**沒有驗到** —— 腳本／gh 跑不起來。⛔ 這不是「範圍對了」。要驗：`gh auth status` 然後重跑。
unit	Workspace tests (vitest, coverage beacons on)	2026-09-08T17:48:04.0358145Z 
unit	Workspace tests (vitest, coverage beacons on)	2026-09-08T17:48:04.0422717Z  ^[[32m✓^[[39m src/ops/releaseNotePlayersRange.test.ts ^[[2m(^[[22m^[[2m1 test^[[22m^[[2m)^[[22m^[[90m 140^[[2mms^[[22m^[[39m
unit	Workspace tests (vitest, coverage beacons on)	2026-09-08T17:48:04.3742554Z  ^[[32m✓^[[39m src/ops/reviewAdminGate.test.ts ^[[2m(^[[22m^[[2m4 tests^[[22m^[[2m)^[[22m^[[90m 15^[[2mms^[[22m^[[39m
unit	Workspace tests (vitest, coverage beacons on)	2026-09-08T17:48:04.7526268Z  ^[[32m✓^[[39m src/sim/castabilitySummonChannel.test.ts ^[[2m(^[[22m^[[2m2 tests^[[22m^[[2m)^[[22m^[[90m 60^[[2mms^[[22m^[[39m
unit	Workspace tests (vitest, coverage beacons on)	2026-09-08T17:48:04.7605719Z  ^[[32m✓^[[39m src/sim/collision/spatialHashFlat.test.ts ^[[2m(^[[22m^[[2m4 tests^[[22m^[[2m)^[[22m^[[90m 30^[[2mms^[[22m^[[39m
unit	Workspace tests (vitest, coverage beacons on)	2026-09-08T17:48:05.3935549Z  ^[[32m✓^[[39m src/sim/abilities/innateAoeReachesRadius.test.ts ^[[2m(^[[22m^[[2m2 tests^[[22m^[[2m)^[[22m^[[33m 2194^[[2mms^[[22m^[[39m
unit	Workspace tests (vitest, coverage beacons on)	2026-09-08T17:48:05.4217344Z  ^[[32m✓^[[39m src/content/schema/effects/spawnModelFxBone.test.ts ^[[2m(^[[22m^[[2m4 tests^[[22m^[[2m)^[[22m^[[90m 8^[[2mms^[[22m^[[39m
unit	Workspace tests (vitest, coverage beacons on)	2026-09-08T17:48:05.7614307Z  ^[[32m✓^[[39m src/content/summonAgentTemplate.test.ts ^[[2m(^[[22m^[[2m5 tests^[[22m^[[2m)^[[22m^[[90m 14^[[2mms^[[22m^[[39m
unit	Workspace tests (vitest, coverage beacons on)	2026-09-08T17:48:05.9761236Z  ^[[32m✓^[[39m src/ops/rollbackKnobsAreReachable.test.ts ^[[2m(^[[22m^[[2m2 tests^[[22m^[[2m)^[[22m^[[90m 243^[[2mms^[[22m^[[39m
unit	Workspace tests (vitest, coverage beacons on)	2026-09-08T17:48:06.3945944Z  ^[[32m✓^[[39m src/sim/stats/survivalBonus.test.ts ^[[2m(^[[22m^[[2m8 tests^[[22m^[[2m)^[[22m^[[90m 14^[[2mms^[[22m^[[39m
unit	Workspace tests (vitest, coverage beacons on)	2026-09-08T17:48:06.6588968Z  ^[[32m✓^[[39m src/ops/gitignoreDoesNotEatSources.test.ts ^[[2m(^[[22m^[[2m2 tests^[[22m^[[2m)^[[22m^[[33m 520^[[2mms^[[22m^[[39m
unit	Workspace tests (vitest, coverage beacons on)	2026-09-08T17:48:06.6635996Z    ^[[33m^[[2m✓^[[22m^[[39m `.gitignore` 不可以吃掉原始碼（GH#1038）^[[2m > ^[[22m反方向：從實體走 —— 被 ignore 的原始碼檔 ⇒ 0 個，或在帶理由的豁免表 ^[[33m387^[[2mms^[[22m^[[39m
unit	Workspace tests (vitest, coverage beacons on)	2026-09-08T17:48:06.8186348Z  ^[[32m✓^[[39m src/versionBadge.test.ts ^[[2m(^[[22m^[[2m6 tests^[[22m^[[2m)^[[22m^[[90m 19^[[2mms^[[22m^[[39m
unit	Workspace tests (vitest, coverage beacons on)	2026-09-08T17:48:07.2966256Z  ^[[32m✓^[[39m src/ops/syncConverges.test.ts ^[[2m(^[[22m^[[2m2 tests^[[22m^[[2m)^[[22m^[[90m 13^[[2mms^[[22m^[[39m
unit	Workspace tests (vitest, coverage beacons on)	2026-09-08T17:48:07.9166341Z  ^[[32m✓^[[39m src/ops/readmeListsFresh.test.ts ^[[2m(^[[22m^[[2m2 tests^[[22m^[[2m)^[[22m^[[33m 317^[[2mms^[[22m^[[39m
unit	Workspace tests (vitest, coverage beacons on)	2026-09-08T17:48:07.9168434Z    ^[[33m^[[2m✓^[[22m^[[39m README 的產生區塊^[[2m > ^[[22m★ `--check` 是綠的（紅了不要改 README：跑 `pnpm docs:readme` 然後 git add） ^[[33m309^[[2mms^[[22m^[[39m
unit	Workspace tests (vitest, coverage beacons on)	2026-09-08T17:48:09.0618066Z  ^[[32m✓^[[39m src/sim/attackTypeGrant.test.ts ^[[2m(^[[22m^[[2m2 tests^[[22m^[[2m)^[[22m^[[90m 53^[[2mms^[[22m^[[39m
unit	Workspace tests (vitest, coverage beacons on)	2026-09-08T17:48:09.5209050Z  ^[[32m✓^[[39m src/ops/deployStampReachesShard.test.ts ^[[2m(^[[22m^[[2m2 tests^[[22m^[[2m)^[[22m^[[90m 9^[[2mms^[[22m^[[39m
unit	Workspace tests (vitest, coverage beacons on)	2026-09-08T17:48:09.7277245Z  ^[[32m✓^[[39m src/sim/effects/costlySelfBuffNotDispellable.test.ts ^[[2m(^[[22m^[[2m2 tests^[[22m^[[2m)^[[22m^[[33m 1909^[[2mms^[[22m^[[39m
unit	Workspace tests (vitest, coverage beacons on)	2026-09-08T17:48:10.1926309Z  ^[[32m✓^[[39m src/sim/stats/roundSurvival.test.ts ^[[2m(^[[22m^[[2m9 tests^[[22m^[[2m)^[[22m^[[90m 19^[[2mms^[[22m^[[39m
unit	Workspace tests (vitest, coverage beacons on)	2026-09-08T17:48:10.4609114Z  ^[[32m✓^[[39m src/sim/effects/attackerSideStacks.test.ts ^[[2m(^[[22m^[[2m2 tests^[[22m^[[2m)^[[22m^[[33m 2238^[[2mms^[[22m^[[39m
unit	Workspace tests (vitest, coverage beacons on)	2026-09-08T17:48:10.6886669Z  ^[[32m✓^[[39m src/content/abilityCodeParity.test.ts ^[[2m(^[[22m^[[2m2 tests^[[22m^[[2m)^[[22m^[[90m 42^[[2mms^[[22m^[[39m
unit	Workspace tests (vitest, coverage beacons on)	2026-09-08T17:48:10.9848182Z  ^[[32m✓^[[39m src/content/icon.test.ts ^[[2m(^[[22m^[[2m4 tests^[[22m^[[2m)^[[22m^[[90m 20^[[2mms^[[22m^[[39m
unit	Workspace tests (vitest, coverage beacons on)	2026-09-08T17:48:11.4202141Z  ^[[32m✓^[[39m src/content/championOriginCoverage.test.ts ^[[2m(^[[22m^[[2m3 tests^[[22m^[[2m)^[[22m^[[90m 44^[[2mms^[[22m^[[39m
unit	Workspace tests (vitest, coverage beacons on)	2026-09-08T17:48:11.8727160Z  ^[[32m✓^[[39m src/content/retiredItemsAbsent.test.ts ^[[2m(^[[22m^[[2m2 tests^[[22m^[[2m)^[[22m^[[90m 145^[[2mms^[[22m^[[39m
unit	Workspace tests (vitest, coverage beacons on)	2026-09-08T17:48:12.2402921Z  ^[[32m✓^[[39m src/content/wc3SoundClips.test.ts ^[[2m(^[[22m^[[2m2 tests^[[22m^[[2m)^[[22m^[[90m 11^[[2mms^[[22m^[[39m
unit	Workspace tests (vitest, coverage beacons on)	2026-09-08T17:48:12.5028145Z  ^[[32m✓^[[39m src/ops/configProseBooleanDefaults.test.ts ^[[2m(^[[22m^[[2m1 test^[[22m^[[2m)^[[22m^[[33m 1597^[[2mms^[[22m^[[39m
unit	Workspace tests (vitest, coverage beacons on)	2026-09-08T17:48:12.5033112Z    ^[[33m^[[2m✓^[[22m^[[39m 後台說明的布林出貨值^[[2m > ^[[22m⛔ 不可以宣稱一個與出貨相反的布林預設 —— 要講就寫 {{出貨值}} ^[[33m1596^[[2mms^[[22m^[[39m
unit	Workspace tests (vitest, coverage beacons on)	2026-09-08T17:48:13.1750892Z  ^[[32m✓^[[39m src/content/slowLabelMatchesMultiplier.test.ts ^[[2m(^[[22m^[[2m2 tests^[[22m^[[2m)^[[22m^[[90m 247^[[2mms^[[22m^[[39m
unit	Workspace tests (vitest, coverage beacons on)	2026-09-08T17:48:13.7270666Z  ^[[32m✓^[[39m src/sim/spellVamp.test.ts ^[[2m(^[[22m^[[2m3 tests^[[22m^[[2m)^[[22m^[[90m 54^[[2mms^[[22m^[[39m
unit	Workspace tests (vitest, coverage beacons on)	2026-09-08T17:48:14.4497666Z  ^[[32m✓^[[39m src/content/templates/drainLeechSubject.test.ts ^[[2m(^[[22m^[[2m1 test^[[22m^[[2m)^[[22m^[[90m 13^[[2mms^[[22m^[[39m
unit	Workspace tests (vitest, coverage beacons on)	2026-09-08T17:48:14.4969079Z  ^[[32m✓^[[39m src/sim/mobKillLevelOff.test.ts ^[[2m(^[[22m^[[2m4 tests^[[22m^[[2m)^[[22m^[[90m 22^[[2mms^[[22m^[[39m
unit	Workspace tests (vitest, coverage beacons on)	2026-09-08T17:48:14.9237192Z  ^[[32m✓^[[39m src/content/apCoeffWired.test.ts ^[[2m(^[[22m^[[2m1 test^[[22m^[[2m)^[[22m^[[33m 2688^[[2mms^[[22m^[[39m
unit	Workspace tests (vitest, coverage beacons on)	2026-09-08T17:48:14.9239046Z    ^[[33m^[[2m✓^[[22m^[[39m AP 係數公式在載入時生效（GH#1035）^[[2m > ^[[22m① 開關開：註冊表裡的 coeff ＝ 公式值，⛔ 不是 JSON 的字面值；② 開關關：回到字面值 ^[[33m2687^[[2mms^[[22m^[[39m
unit	Workspace tests (vitest, coverage beacons on)	2026-09-08T17:48:15.5297523Z  ^[[32m✓^[[39m src/ops/rulingRegeneratesBoards.test.ts ^[[2m(^[[22m^[[2m3 tests^[[22m^[[2m)^[[22m^[[33m 641^[[2mms^[[22m^[[39m
unit	Workspace tests (vitest, coverage beacons on)	2026-09-08T17:48:15.5345723Z  ^[[32m✓^[[39m src/sim/content/mobCountsAsChampion.test.ts ^[[2m(^[[22m^[[2m3 tests^[[22m^[[2m)^[[22m^[[90m 6^[[2mms^[[22m^[[39m
unit	Workspace tests (vitest, coverage beacons on)	2026-09-08T17:48:15.6405932Z  ^[[32m✓^[[39m src/content/vfxBindings.test.ts ^[[2m(^[[22m^[[2m4 tests^[[22m^[[2m)^[[22m^[[90m 177^[[2mms^[[22m^[[39m
unit	Workspace tests (vitest, coverage beacons on)	2026-09-08T17:48:15.9614961Z  ^[[32m✓^[[39m src/content/heroForge.test.ts ^[[2m(^[[22m^[[2m5 tests^[[22m^[[2m)^[[22m^[[90m 23^[[2mms^[[22m^[[39m
unit	Workspace tests (vitest, coverage beacons on)	2026-09-08T17:48:16.0536047Z  ^[[32m✓^[[39m src/content/round11Skeleton.test.ts ^[[2m(^[[22m^[[2m6 tests^[[22m^[[2m)^[[22m^[[90m 24^[[2mms^[[22m^[[39m
unit	Workspace tests (vitest, coverage beacons on)	2026-09-08T17:48:16.4735925Z  ^[[32m✓^[[39m src/ops/vfxFamiliesWriterOrder.test.ts ^[[2m(^[[22m^[[2m2 tests^[[22m^[[2m)^[[22m^[[90m 58^[[2mms^[[22m^[[39m
unit	Workspace tests (vitest, coverage beacons on)	2026-09-08T17:48:16.9914960Z  ^[[32m✓^[[39m src/sim/groundAoeAllySide.test.ts ^[[2m(^[[22m^[[2m2 tests^[[22m^[[2m)^[[22m^[[90m 33^[[2mms^[[22m^[[39m
unit	Workspace tests (vitest, coverage beacons on)	2026-09-08T17:48:18.2288465Z  ^[[32m✓^[[39m src/roomSettings.test.ts ^[[2m(^[[22m^[[2m3 tests^[[22m^[[2m)^[[22m^[[90m 9^[[2mms^[[22m^[[39m
unit	Workspace tests (vitest, coverage beacons on)	2026-09-08T17:48:18.2460271Z  ^[[32m✓^[[39m src/sim/content/conditionDistanceLearned.test.ts ^[[2m(^[[22m^[[2m3 tests^[[22m^[[2m)^[[22m^[[90m 47^[[2mms^[[22m^[[39m
unit	Workspace tests (vitest, coverage beacons on)	2026-09-08T17:48:18.7005522Z  ^[[32m✓^[[39m src/ops/miniDeployUntracked.test.ts ^[[2m(^[[22m^[[2m5 tests^[[22m^[[2m)^[[22m^[[90m 101^[[2mms^[[22m^[[39m
unit	Workspace tests (vitest, coverage beacons on)	2026-09-08T17:48:19.0917759Z  ^[[32m✓^[[39m src/ops/editorSurfaceIsHonest.test.ts ^[[2m(^[[22m^[[2m3 tests^[[22m^[[2m)^[[22m^[[90m 5^[[2mms^[[22m^[[39m
unit	Workspace tests (vitest, coverage beacons on)	2026-09-08T17:48:19.4466348Z  ^[[32m✓^[[39m src/ops/chidoriBuildBaseline.test.ts ^[[2m(^[[22m^[[2m4 tests^[[22m^[[2m)^[[22m^[[90m 5^[[2mms^[[22m^[[39m
unit	Workspace tests (vitest, coverage beacons on)	2026-09-08T17:48:19.5893656Z  ^[[32m✓^[[39m src/content/itemCardShipped.test.ts ^[[2m(^[[22m^[[2m5 tests^[[22m^[[2m)^[[22m^[[90m 21^[[2mms^[[22m^[[39m
unit	Workspace tests (vitest, coverage beacons on)	2026-09-08T17:48:19.9716277Z  ^[[32m✓^[[39m src/content/slotVocabularyAgrees.test.ts ^[[2m(^[[22m^[[2m3 tests^[[22m^[[2m)^[[22m^[[90m 7^[[2mms^[[22m^[[39m
unit	Workspace tests (vitest, coverage beacons on)	2026-09-08T17:48:20.3504230Z  ^[[32m✓^[[39m src/sim/abilities/innateAoeReaches.test.ts ^[[2m(^[[22m^[[2m1 test^[[22m^[[2m)^[[22m^[[33m 2365^[[2mms^[[22m^[[39m
unit	Workspace tests (vitest, coverage beacons on)	2026-09-08T17:48:20.9545963Z  ^[[32m✓^[[39m src/ops/ggdAssetsSurplus.test.ts ^[[2m(^[[22m^[[2m3 tests^[[22m^[[2m)^[[22m^[[33m 481^[[2mms^[[22m^[[39m
unit	Workspace tests (vitest, coverage beacons on)	2026-09-08T17:48:21.9800616Z  ^[[32m✓^[[39m src/sim/navRoute.test.ts ^[[2m(^[[22m^[[2m2 tests^[[22m^[[2m)^[[22m^[[90m 65^[[2mms^[[22m^[[39m
unit	Workspace tests (vitest, coverage beacons on)	2026-09-08T17:48:22.0926774Z  ^[[32m✓^[[39m src/content/transformInheritsOrigin.test.ts ^[[2m(^[[22m^[[2m2 tests^[[22m^[[2m)^[[22m^[[33m 807^[[2mms^[[22m^[[39m
unit	Workspace tests (vitest, coverage beacons on)	2026-09-08T17:48:22.5626016Z  ^[[32m✓^[[39m src/ops/cspEnforceable.test.ts ^[[2m(^[[22m^[[2m3 tests^[[22m^[[2m)^[[22m^[[90m 175^[[2mms^[[22m^[[39m
unit	Workspace tests (vitest, coverage beacons on)	2026-09-08T17:48:22.8936709Z  ^[[32m✓^[[39m src/sim/fireRingLethalSaveConfig.test.ts ^[[2m(^[[22m^[[2m2 tests^[[22m^[[2m)^[[22m^[[90m 128^[[2mms^[[22m^[[39m
unit	Workspace tests (vitest, coverage beacons on)	2026-09-08T17:48:23.3099210Z  ^[[32m✓^[[39m src/content/vfxFamilySoundIsCombat.test.ts ^[[2m(^[[22m^[[2m2 tests^[[22m^[[2m)^[[22m^[[90m 13^[[2mms^[[22m^[[39m
unit	Workspace tests (vitest, coverage beacons on)	2026-09-08T17:48:24.0626807Z  ^[[32m✓^[[39m src/content/saberWeaponDust.test.ts ^[[2m(^[[22m^[[2m2 tests^[[22m^[[2m)^[[22m^[[90m 7^[[2mms^[[22m^[[39m
unit	Workspace tests (vitest, coverage beacons on)	2026-09-08T17:48:24.6436751Z  ^[[32m✓^[[39m src/content/formAmplifyClaims.test.ts ^[[2m(^[[22m^[[2m3 tests^[[22m^[[2m)^[[22m^[[90m 20^[[2mms^[[22m^[[39m
unit	Workspace tests (vitest, coverage beacons on)	2026-09-08T17:48:24.7526211Z  ^[[32m✓^[[39m src/content/heroForge/forms.test.ts ^[[2m(^[[22m^[[2m4 tests^[[22m^[[2m)^[[22m^[[33m 807^[[2mms^[[22m^[[39m
unit	Workspace tests (vitest, coverage beacons on)	2026-09-08T17:48:25.1602531Z  ^[[32m✓^[[39m src/ops/enabledSwitchesHaveConsumers.test.ts ^[[2m(^[[22m^[[2m3 tests^[[22m^[[2m)^[[22m^[[90m 12^[[2mms^[[22m^[[39m
unit	Workspace tests (vitest, coverage beacons on)	2026-09-08T17:48:25.4652440Z  ^[[32m✓^[[39m src/sim/statCapsAreFences.test.ts ^[[2m(^[[22m^[[2m1 test^[[22m^[[2m)^[[22m^[[33m 699^[[2mms^[[22m^[[39m
unit	Workspace tests (vitest, coverage beacons on)	2026-09-08T17:48:26.3099645Z  ^[[32m✓^[[39m src/content/templates/blinkStrikeRoundtrip.test.ts ^[[2m(^[[22m^[[2m3 tests^[[22m^[[2m)^[[22m^[[90m 5^[[2mms^[[22m^[[39m
unit	Workspace tests (vitest, coverage beacons on)	2026-09-08T17:48:26.3105691Z  ^[[32m✓^[[39m src/sim/effects/blinkFixedDistance.test.ts ^[[2m(^[[22m^[[2m3 tests^[[22m^[[2m)^[[22m^[[90m 9^[[2mms^[[22m^[[39m
unit	Workspace tests (vitest, coverage beacons on)	2026-09-08T17:48:26.3143008Z  ^[[32m✓^[[39m src/content/import/effectiveVfxLimits.test.ts ^[[2m(^[[22m^[[2m4 tests^[[22m^[[2m)^[[22m^[[90m 13^[[2mms^[[22m^[[39m
unit	Workspace tests (vitest, coverage beacons on)	2026-09-08T17:48:26.6689779Z  ^[[32m✓^[[39m src/content/singleArcPrimitive.test.ts ^[[2m(^[[22m^[[2m4 tests^[[22m^[[2m)^[[22m^[[90m 14^[[2mms^[[22m^[[39m
unit	Workspace tests (vitest, coverage beacons on)	2026-09-08T17:48:26.7335928Z gh: To use GitHub CLI in a GitHub Actions workflow, set the GH_TOKEN environment variable. Example:
unit	Workspace tests (vitest, coverage beacons on)	2026-09-08T17:48:26.7357843Z   env:
unit	Workspace tests (vitest, coverage beacons on)	2026-09-08T17:48:26.7360181Z     GH_TOKEN: ${{ github.token }}
unit	Workspace tests (vitest, coverage beacons on)	2026-09-08T17:48:26.7388218Z ^[[90mstderr^[[2m | src/ops/releaseNoteHasPlayerSection.test.ts^[[2m > ^[[22m^[[2m每一個 release note 都要有玩家段落（owner 2026-08-30）^[[2m > ^[[22m^[[2m★ 最近的 release note 裡都要有一段「玩家看得到的」
unit	Workspace tests (vitest, coverage beacons on)	2026-09-08T17:48:26.7425497Z ^[[22m^[[39m⚠️ 這條閘**沒有驗到** —— `gh` 跑不起來。⛔ 這不是「全部都有玩家段落」。
unit	Workspace tests (vitest, coverage beacons on)	2026-09-08T17:48:26.7433086Z 
unit	Workspace tests (vitest, coverage beacons on)	2026-09-08T17:48:26.7434579Z  ^[[32m✓^[[39m src/ops/releaseNoteHasPlayerSection.test.ts ^[[2m(^[[22m^[[2m2 tests^[[22m^[[2m)^[[22m^[[90m 103^[[2mms^[[22m^[[39m
unit	Workspace tests (vitest, coverage beacons on)	2026-09-08T17:48:27.1516384Z  ^[[32m✓^[[39m src/ops/laneVCommitRefLint.test.ts ^[[2m(^[[22m^[[2m4 tests^[[22m^[[2m)^[[22m^[[33m 432^[[2mms^[[22m^[[39m
unit	Workspace tests (vitest, coverage beacons on)	2026-09-08T17:48:27.3021982Z  ^[[32m✓^[[39m src/ops/champNamesGeneratorRuns.test.ts ^[[2m(^[[22m^[[2m3 tests^[[22m^[[2m)^[[22m^[[90m 260^[[2mms^[[22m^[[39m
unit	Workspace tests (vitest, coverage beacons on)	2026-09-08T17:48:27.5117141Z  ^[[32m✓^[[39m src/sim/formGateReadsStatus.test.ts ^[[2m(^[[22m^[[2m2 tests^[[22m^[[2m)^[[22m^[[33m 700^[[2mms^[[22m^[[39m
unit	Workspace tests (vitest, coverage beacons on)	2026-09-08T17:48:28.6516442Z  ^[[32m✓^[[39m src/content/heroForge/presentationCatalogMatrix.test.ts ^[[2m(^[[22m^[[2m3 tests^[[22m^[[2m)^[[22m^[[33m 400^[[2mms^[[22m^[[39m
unit	Workspace tests (vitest, coverage beacons on)	2026-09-08T17:48:28.8746506Z  ^[[32m✓^[[39m src/sim/dispelRules.test.ts ^[[2m(^[[22m^[[2m4 tests^[[22m^[[2m)^[[22m^[[90m 9^[[2mms^[[22m^[[39m
unit	Workspace tests (vitest, coverage beacons on)	2026-09-08T17:48:29.0150357Z  ^[[32m✓^[[39m src/content/laneWBoneAttachRefsResolve.test.ts ^[[2m(^[[22m^[[2m3 tests^[[22m^[[2m)^[[22m^[[90m 13^[[2mms^[[22m^[[39m
unit	Workspace tests (vitest, coverage beacons on)	2026-09-08T17:48:29.4743722Z gh: To use GitHub CLI in a GitHub Actions workflow, set the GH_TOKEN environment variable. Example:
unit	Workspace tests (vitest, coverage beacons on)	2026-09-08T17:48:29.4793201Z   env:
unit	Workspace tests (vitest, coverage beacons on)	2026-09-08T17:48:29.4794878Z     GH_TOKEN: ${{ github.token }}
unit	Workspace tests (vitest, coverage beacons on)	2026-09-08T17:48:29.4798683Z ^[[90mstderr^[[2m | src/ops/everyTagHasReleaseNote.test.ts^[[2m > ^[[22m^[[2m每一個 tag 都要有 release note（owner 2026-08-30 揪到 6 個沒有）^[[2m > ^[[22m^[[2m★ 最近的每一個 tag，GitHub 上都要有 release
unit	Workspace tests (vitest, coverage beacons on)	2026-09-08T17:48:29.4807448Z ^[[22m^[[39m⚠️ 這條閘**沒有驗到** —— `gh release list` 跑不起來（沒登入／沒網路）。
unit	Workspace tests (vitest, coverage beacons on)	2026-09-08T17:48:29.4810553Z    ⛔ 這不是「全部都有 note」。要驗：`gh auth status` 然後重跑。
unit	Workspace tests (vitest, coverage beacons on)	2026-09-08T17:48:29.4811355Z 
unit	Workspace tests (vitest, coverage beacons on)	2026-09-08T17:48:29.4812316Z  ^[[32m✓^[[39m src/ops/everyTagHasReleaseNote.test.ts ^[[2m(^[[22m^[[2m2 tests^[[22m^[[2m)^[[22m^[[90m 205^[[2mms^[[22m^[[39m
unit	Workspace tests (vitest, coverage beacons on)	2026-09-08T17:48:30.2486300Z  ^[[32m✓^[[39m src/ops/editorVocabulary.test.ts ^[[2m(^[[22m^[[2m4 tests^[[22m^[[2m)^[[22m^[[90m 6^[[2mms^[[22m^[[39m
unit	Workspace tests (vitest, coverage beacons on)	2026-09-08T17:48:30.5973121Z  ^[[32m✓^[[39m src/sim/mobEliteHealthBarWire.test.ts ^[[2m(^[[22m^[[2m3 tests^[[22m^[[2m)^[[22m^[[90m 7^[[2mms^[[22m^[[39m
unit	Workspace tests (vitest, coverage beacons on)	2026-09-08T17:48:30.6496410Z  ^[[32m✓^[[39m src/ops/normalizerListIsReal.test.ts ^[[2m(^[[22m^[[2m4 tests^[[22m^[[2m)^[[22m^[[90m 10^[[2mms^[[22m^[[39m
unit	Workspace tests (vitest, coverage beacons on)	2026-09-08T17:48:31.1081708Z  ^[[32m✓^[[39m src/ops/quarantineReleasesLegitimateWriters.test.ts ^[[2m(^[[22m^[[2m2 tests^[[22m^[[2m)^[[22m^[[90m 98^[[2mms^[[22m^[[39m
unit	Workspace tests (vitest, coverage beacons on)	2026-09-08T17:48:32.0056329Z  ^[[32m✓^[[39m src/sim/effects/inferredDebuffPolarity.test.ts ^[[2m(^[[22m^[[2m5 tests^[[22m^[[2m)^[[22m^[[90m 41^[[2mms^[[22m^[[39m
unit	Workspace tests (vitest, coverage beacons on)	2026-09-08T17:48:32.1108585Z  ^[[32m✓^[[39m src/ops/stockRibbonReport.test.ts ^[[2m(^[[22m^[[2m2 tests^[[22m^[[2m)^[[22m^[[33m 550^[[2mms^[[22m^[[39m
unit	Workspace tests (vitest, coverage beacons on)	2026-09-08T17:48:32.1116744Z    ^[[33m^[[2m✓^[[22m^[[39m stock 轉換入口的 RIBB 那一半（GH#753）^[[2m > ^[[22m三個死法各自量得到，而且已知畫得出來的不會被誤殺 ^[[33m403^[[2mms^[[22m^[[39m
unit	Workspace tests (vitest, coverage beacons on)	2026-09-08T17:48:32.6216440Z  ^[[32m✓^[[39m src/content/heroForge/communityPassives.test.ts ^[[2m(^[[22m^[[2m8 tests^[[22m^[[2m)^[[22m^[[33m 1949^[[2mms^[[22m^[[39m
unit	Workspace tests (vitest, coverage beacons on)	2026-09-08T17:48:32.6218664Z    ^[[33m^[[2m✓^[[22m^[[39m warwick's adapted passive really triggers on attacks and respects its two-second cooldown ^[[33m417^[[2mms^[[22m^[[39m
unit	Workspace tests (vitest, coverage beacons on)	2026-09-08T17:48:32.6220618Z    ^[[33m^[[2m✓^[[22m^[[39m yasuo's adapted passive really triggers on attacks and respects its two-second cooldown ^[[33m346^[[2mms^[[22m^[[39m
unit	Workspace tests (vitest, coverage beacons on)	2026-09-08T17:48:33.0465623Z  ^[[32m✓^[[39m src/sim/stats/ratingRefs.test.ts ^[[2m(^[[22m^[[2m3 tests^[[22m^[[2m)^[[22m^[[90m 11^[[2mms^[[22m^[[39m
unit	Workspace tests (vitest, coverage beacons on)	2026-09-08T17:48:33.1949584Z  ^[[32m✓^[[39m src/content/heroForge/migration.test.ts ^[[2m(^[[22m^[[2m2 tests^[[22m^[[2m)^[[22m^[[90m 39^[[2mms^[[22m^[[39m
unit	Workspace tests (vitest, coverage beacons on)	2026-09-08T17:48:33.4478184Z  ^[[32m✓^[[39m src/content/editModelAppend.test.ts ^[[2m(^[[22m^[[2m8 tests^[[22m^[[2m)^[[22m^[[90m 9^[[2mms^[[22m^[[39m
unit	Workspace tests (vitest, coverage beacons on)	2026-09-08T17:48:34.5499047Z  ^[[32m✓^[[39m src/sim/effects/statusStacks.test.ts ^[[2m(^[[22m^[[2m4 tests^[[22m^[[2m)^[[22m^[[90m 12^[[2mms^[[22m^[[39m
unit	Workspace tests (vitest, coverage beacons on)	2026-09-08T17:48:35.1786300Z  ^[[32m✓^[[39m src/content/heroForge/contracts.test.ts ^[[2m(^[[22m^[[2m12 tests^[[22m^[[2m)^[[22m^[[90m 48^[[2mms^[[22m^[[39m
unit	Workspace tests (vitest, coverage beacons on)	2026-09-08T17:48:35.5805996Z  ^[[32m✓^[[39m src/sim/fullVision.test.ts ^[[2m(^[[22m^[[2m3 tests^[[22m^[[2m)^[[22m^[[90m 20^[[2mms^[[22m^[[39m
unit	Workspace tests (vitest, coverage beacons on)	2026-09-08T17:48:36.1703878Z  ^[[32m✓^[[39m src/sim/mobLevelGrantsWired.test.ts ^[[2m(^[[22m^[[2m4 tests^[[22m^[[2m)^[[22m^[[90m 5^[[2mms^[[22m^[[39m
unit	Workspace tests (vitest, coverage beacons on)	2026-09-08T17:48:36.2086268Z  ^[[32m✓^[[39m src/ops/glbRegenRatchet.test.ts ^[[2m(^[[22m^[[2m2 tests^[[22m^[[2m)^[[22m^[[90m 217^[[2mms^[[22m^[[39m
unit	Workspace tests (vitest, coverage beacons on)	2026-09-08T17:48:36.2137710Z  ^[[32m✓^[[39m src/content/heroForge/templateVersions.test.ts ^[[2m(^[[22m^[[2m3 tests^[[22m^[[2m)^[[22m^[[33m 5361^[[2mms^[[22m^[[39m
unit	Workspace tests (vitest, coverage beacons on)	2026-09-08T17:48:36.2166132Z    ^[[33m^[[2m✓^[[22m^[[39m keeps two heroes and per-instance overrides stable after a template default changes ^[[33m565^[[2mms^[[22m^[[39m
unit	Workspace tests (vitest, coverage beacons on)	2026-09-08T17:48:36.2184879Z    ^[[33m^[[2m✓^[[22m^[[39m round trips historical templates and rejects self-approved source snapshots ^[[33m4701^[[2mms^[[22m^[[39m
unit	Workspace tests (vitest, coverage beacons on)	2026-09-08T17:48:36.5180439Z  ^[[32m✓^[[39m src/content/sphereAttachSizes.test.ts ^[[2m(^[[22m^[[2m3 tests^[[22m^[[2m)^[[22m^[[90m 6^[[2mms^[[22m^[[39m
unit	Workspace tests (vitest, coverage beacons on)	2026-09-08T17:48:36.7665493Z  ^[[32m✓^[[39m src/ops/laneAGgdAssetsListing.test.ts ^[[2m(^[[22m^[[2m3 tests^[[22m^[[2m)^[[22m^[[90m 180^[[2mms^[[22m^[[39m
unit	Workspace tests (vitest, coverage beacons on)	2026-09-08T17:48:37.1566090Z  ^[[32m✓^[[39m src/content/schema/newKnobsAreLive.test.ts ^[[2m(^[[22m^[[2m2 tests^[[22m^[[2m)^[[22m^[[90m 16^[[2mms^[[22m^[[39m
unit	Workspace tests (vitest, coverage beacons on)	2026-09-08T17:48:37.5896599Z  ^[[32m✓^[[39m src/ops/cardSkillLineKeyIntegrity.test.ts ^[[2m(^[[22m^[[2m1 test^[[22m^[[2m)^[[22m^[[90m 153^[[2mms^[[22m^[[39m
unit	Workspace tests (vitest, coverage beacons on)	2026-09-08T17:48:37.6465278Z  ^[[32m✓^[[39m src/content/modelLodConfig.test.ts ^[[2m(^[[22m^[[2m6 tests^[[22m^[[2m)^[[22m^[[90m 9^[[2mms^[[22m^[[39m
unit	Workspace tests (vitest, coverage beacons on)	2026-09-08T17:48:37.7126454Z  ^[[32m✓^[[39m src/content/modelTextureAlphaMode.test.ts ^[[2m(^[[22m^[[2m1 test^[[22m^[[2m)^[[22m^[[33m 5246^[[2mms^[[22m^[[39m
unit	Workspace tests (vitest, coverage beacons on)	2026-09-08T17:48:37.7128588Z    ^[[33m^[[2m✓^[[22m^[[39m 3D model atlas alpha mode^[[2m > ^[[22m每份出貨 GLB 的透明背景都由 MASK／BLEND 消除，不會畫出方形底板 ^[[33m5245^[[2mms^[[22m^[[39m
unit	Workspace tests (vitest, coverage beacons on)	2026-09-08T17:48:37.7594697Z  ^[[32m✓^[[39m src/sim/groundAoeResolve.test.ts ^[[2m(^[[22m^[[2m3 tests^[[22m^[[2m)^[[22m^[[90m 40^[[2mms^[[22m^[[39m
unit	Workspace tests (vitest, coverage beacons on)	2026-09-08T17:48:38.0277123Z  ^[[32m✓^[[39m src/ops/clipDegradationHonest.test.ts ^[[2m(^[[22m^[[2m4 tests^[[22m^[[2m)^[[22m^[[90m 52^[[2mms^[[22m^[[39m
unit	Workspace tests (vitest, coverage beacons on)	2026-09-08T17:48:38.3216266Z  ^[[32m✓^[[39m src/ops/laneCENSUSVfxCensusFresh.test.ts ^[[2m(^[[22m^[[2m5 tests^[[22m^[[2m)^[[22m^[[90m 219^[[2mms^[[22m^[[39m
unit	Workspace tests (vitest, coverage beacons on)	2026-09-08T17:48:38.3496511Z  ^[[32m✓^[[39m src/ops/statusGateDoesNotDestroy.test.ts ^[[2m(^[[22m^[[2m3 tests^[[22m^[[2m)^[[22m^[[33m 433^[[2mms^[[22m^[[39m
unit	Workspace tests (vitest, coverage beacons on)	2026-09-08T17:48:38.7427963Z  ^[[32m✓^[[39m src/ops/contentChangeRunsContentReaders.test.ts ^[[2m(^[[22m^[[2m1 test^[[22m^[[2m)^[[22m^[[90m 39^[[2mms^[[22m^[[39m
unit	Workspace tests (vitest, coverage beacons on)	2026-09-08T17:48:39.1496190Z  ^[[32m✓^[[39m src/sim/fear.test.ts ^[[2m(^[[22m^[[2m1 test^[[22m^[[2m)^[[22m^[[90m 49^[[2mms^[[22m^[[39m
unit	Workspace tests (vitest, coverage beacons on)	2026-09-08T17:48:39.1756679Z  ^[[32m✓^[[39m src/content/templates/templateProseCurrent.test.ts ^[[2m(^[[22m^[[2m3 tests^[[22m^[[2m)^[[22m^[[90m 16^[[2mms^[[22m^[[39m
unit	Workspace tests (vitest, coverage beacons on)	2026-09-08T17:48:39.4326280Z  ^[[32m✓^[[39m src/content/championTemplateOverrides.test.ts ^[[2m(^[[22m^[[2m3 tests^[[22m^[[2m)^[[22m^[[90m 27^[[2mms^[[22m^[[39m
unit	Workspace tests (vitest, coverage beacons on)	2026-09-08T17:48:39.5816302Z  ^[[32m✓^[[39m src/voxel/texture.test.ts ^[[2m(^[[22m^[[2m12 tests^[[22m^[[2m)^[[22m^[[90m 31^[[2mms^[[22m^[[39m
unit	Workspace tests (vitest, coverage beacons on)	2026-09-08T17:48:40.0416527Z  ^[[32m✓^[[39m src/ops/acceptanceEightSingleHome.test.ts ^[[2m(^[[22m^[[2m4 tests^[[22m^[[2m)^[[22m^[[90m 8^[[2mms^[[22m^[[39m
unit	Workspace tests (vitest, coverage beacons on)	2026-09-08T17:48:40.1541232Z  ^[[32m✓^[[39m src/sim/xpMultiplierWired.test.ts ^[[2m(^[[22m^[[2m5 tests^[[22m^[[2m)^[[22m^[[90m 8^[[2mms^[[22m^[[39m
unit	Workspace tests (vitest, coverage beacons on)	2026-09-08T17:48:40.6333470Z  ^[[32m✓^[[39m src/ops/genInputCommitGate.test.ts ^[[2m(^[[22m^[[2m3 tests^[[22m^[[2m)^[[22m^[[33m 860^[[2mms^[[22m^[[39m
unit	Workspace tests (vitest, coverage beacons on)	2026-09-08T17:48:40.6376216Z    ^[[33m^[[2m✓^[[22m^[[39m 產生器輸入閘（GH#1026 ③）—— 從 sync-io.json 的 reads 推導^[[2m > ^[[22m② 產物重生成了卻沒列進 pathspec ⇒ 擋，指名要加進 commit；③ 兩者一起 ⇒ 放 ^[[33m380^[[2mms^[[22m^[[39m
unit	Workspace tests (vitest, coverage beacons on)	2026-09-08T17:48:41.2229116Z  ^[[32m✓^[[39m src/sim/systems/mobAggroIndex.test.ts ^[[2m(^[[22m^[[2m4 tests^[[22m^[[2m)^[[22m^[[90m 17^[[2mms^[[22m^[[39m
unit	Workspace tests (vitest, coverage beacons on)	2026-09-08T17:48:41.2482518Z  ^[[32m✓^[[39m src/ops/laneYTicketDupeScan.test.ts ^[[2m(^[[22m^[[2m3 tests^[[22m^[[2m)^[[22m^[[90m 144^[[2mms^[[22m^[[39m
unit	Workspace tests (vitest, coverage beacons on)	2026-09-08T17:48:41.4538690Z  ^[[32m✓^[[39m src/ops/sceneryCc0Provenance.test.ts ^[[2m(^[[22m^[[2m2 tests^[[22m^[[2m)^[[22m^[[33m 971^[[2mms^[[22m^[[39m
unit	Workspace tests (vitest, coverage beacons on)	2026-09-08T17:48:41.4540400Z    ^[[33m^[[2m✓^[[22m^[[39m scenery-cc0 下載素材的帳本^[[2m > ^[[22m⭐ 每一件都座在 y=0（讀出貨的位元組，⛔ 不是讀帳本） ^[[33m899^[[2mms^[[22m^[[39m
unit	Workspace tests (vitest, coverage beacons on)	2026-09-08T17:48:41.6777921Z  ^[[32m✓^[[39m src/content/reviewTuningHonesty.test.ts ^[[2m(^[[22m^[[2m5 tests^[[22m^[[2m)^[[22m^[[90m 10^[[2mms^[[22m^[[39m
unit	Workspace tests (vitest, coverage beacons on)	2026-09-08T17:48:41.6947712Z  ^[[32m✓^[[39m src/content/resolvedAppearanceExport.test.ts ^[[2m(^[[22m^[[2m5 tests^[[22m^[[2m)^[[22m^[[90m 8^[[2mms^[[22m^[[39m
unit	Workspace tests (vitest, coverage beacons on)	2026-09-08T17:48:41.8546520Z  ^[[32m✓^[[39m src/content/rankingShipped.test.ts ^[[2m(^[[22m^[[2m2 tests^[[22m^[[2m)^[[22m^[[90m 15^[[2mms^[[22m^[[39m
unit	Workspace tests (vitest, coverage beacons on)	2026-09-08T17:48:42.0196713Z  ^[[32m✓^[[39m src/content/treantSummon.test.ts ^[[2m(^[[22m^[[2m4 tests^[[22m^[[2m)^[[22m^[[90m 6^[[2mms^[[22m^[[39m
unit	Workspace tests (vitest, coverage beacons on)	2026-09-08T17:48:42.3790218Z  ^[[32m✓^[[39m src/ops/liveRouteDatasetNames.test.ts ^[[2m(^[[22m^[[2m3 tests^[[22m^[[2m)^[[22m^[[90m 8^[[2mms^[[22m^[[39m
unit	Workspace tests (vitest, coverage beacons on)	2026-09-08T17:48:42.7146839Z  ^[[32m✓^[[39m src/ops/tuneScript.test.ts ^[[2m(^[[22m^[[2m7 tests^[[22m^[[2m)^[[22m^[[90m 24^[[2mms^[[22m^[[39m
unit	Workspace tests (vitest, coverage beacons on)	2026-09-08T17:48:43.0199771Z  ^[[32m✓^[[39m src/sim/manaEconomyFloor.test.ts ^[[2m(^[[22m^[[2m2 tests^[[22m^[[2m)^[[22m^[[90m 153^[[2mms^[[22m^[[39m
unit	Workspace tests (vitest, coverage beacons on)	2026-09-08T17:48:43.2955770Z  ^[[32m✓^[[39m src/sim/systems/mobDeathHook.test.ts ^[[2m(^[[22m^[[2m2 tests^[[22m^[[2m)^[[22m^[[90m 35^[[2mms^[[22m^[[39m
unit	Workspace tests (vitest, coverage beacons on)	2026-09-08T17:48:43.7596553Z  ^[[32m✓^[[39m src/content/iconGenLoraSdxl.test.ts ^[[2m(^[[22m^[[2m3 tests^[[22m^[[2m)^[[22m^[[90m 6^[[2mms^[[22m^[[39m
unit	Workspace tests (vitest, coverage beacons on)	2026-09-08T17:48:43.8310142Z  ^[[32m✓^[[39m src/content/lowDamageCells.test.ts ^[[2m(^[[22m^[[2m3 tests^[[22m^[[2m)^[[22m^[[90m 15^[[2mms^[[22m^[[39m
unit	Workspace tests (vitest, coverage beacons on)	2026-09-08T17:48:44.0566177Z  ^[[32m✓^[[39m src/content/goreConfig.test.ts ^[[2m(^[[22m^[[2m4 tests^[[22m^[[2m)^[[22m^[[90m 10^[[2mms^[[22m^[[39m
unit	Workspace tests (vitest, coverage beacons on)	2026-09-08T17:48:44.1201541Z  ^[[32m✓^[[39m src/content/laneADPromotedArtIsLive.test.ts ^[[2m(^[[22m^[[2m2 tests^[[22m^[[2m)^[[22m^[[90m 5^[[2mms^[[22m^[[39m
unit	Workspace tests (vitest, coverage beacons on)	2026-09-08T17:48:44.2583071Z  ^[[32m✓^[[39m src/content/import/parseImportPackage.test.ts ^[[2m(^[[22m^[[2m3 tests^[[22m^[[2m)^[[22m^[[90m 15^[[2mms^[[22m^[[39m
unit	Workspace tests (vitest, coverage beacons on)	2026-09-08T17:48:44.5466579Z  ^[[32m✓^[[39m src/content/ambientVfxAnchorBones.test.ts ^[[2m(^[[22m^[[2m2 tests^[[22m^[[2m)^[[22m^[[90m 33^[[2mms^[[22m^[[39m
unit	Workspace tests (vitest, coverage beacons on)	2026-09-08T17:48:44.7055384Z  ^[[32m✓^[[39m src/ops/progressMarkerRoundTrips.test.ts ^[[2m(^[[22m^[[2m2 tests^[[22m^[[2m)^[[22m^[[90m 8^[[2mms^[[22m^[[39m
unit	Workspace tests (vitest, coverage beacons on)	2026-09-08T17:48:45.0158329Z  ^[[32m✓^[[39m src/ops/syncIoDeclaresWrites.test.ts ^[[2m(^[[22m^[[2m3 tests^[[22m^[[2m)^[[22m^[[90m 10^[[2mms^[[22m^[[39m
unit	Workspace tests (vitest, coverage beacons on)	2026-09-08T17:48:45.9736314Z  ^[[32m✓^[[39m src/content/templates/markStacks.test.ts ^[[2m(^[[22m^[[2m4 tests^[[22m^[[2m)^[[22m^[[90m 11^[[2mms^[[22m^[[39m
unit	Workspace tests (vitest, coverage beacons on)	2026-09-08T17:48:46.0005537Z  ^[[32m✓^[[39m src/ops/deriveCastTimesFailsLoud.test.ts ^[[2m(^[[22m^[[2m1 test^[[22m^[[2m)^[[22m^[[33m 6913^[[2mms^[[22m^[[39m
unit	Workspace tests (vitest, coverage beacons on)	2026-09-08T17:48:46.0036074Z    ^[[33m^[[2m✓^[[22m^[[39m deriveCastTimes 不可以安靜地跳過一位英雄 (GH#708)^[[2m > ^[[22m一份載不進來的英雄卡 ⇒ 非零離開並指名是誰 ^[[33m6912^[[2mms^[[22m^[[39m
unit	Workspace tests (vitest, coverage beacons on)	2026-09-08T17:48:46.4382957Z  ^[[32m✓^[[39m src/ops/arenaSpawnFailLoud.test.ts ^[[2m(^[[22m^[[2m2 tests^[[22m^[[2m)^[[22m^[[90m 12^[[2mms^[[22m^[[39m
unit	Workspace tests (vitest, coverage beacons on)	2026-09-08T17:48:46.5486296Z  ^[[32m✓^[[39m src/ops/noNulInSources.test.ts ^[[2m(^[[22m^[[2m2 tests^[[22m^[[2m)^[[22m^[[90m 239^[[2mms^[[22m^[[39m
unit	Workspace tests (vitest, coverage beacons on)	2026-09-08T17:48:47.2909350Z  ^[[32m✓^[[39m src/ops/skillAuditFresh.test.ts ^[[2m(^[[22m^[[2m2 tests^[[22m^[[2m)^[[22m^[[33m 2820^[[2mms^[[22m^[[39m
unit	Workspace tests (vitest, coverage beacons on)	2026-09-08T17:48:47.2911095Z    ^[[33m^[[2m✓^[[22m^[[39m 技能模板驗收標準與產生器同步^[[2m > ^[[22m⭐ docs/技能模板驗收標準.md 是從現在這支 audit.py 生出來的 —— 過期就紅 ^[[33m1492^[[2mms^[[22m^[[39m
unit	Workspace tests (vitest, coverage beacons on)	2026-09-08T17:48:47.2912510Z    ^[[33m^[[2m✓^[[22m^[[39m 技能模板驗收標準與產生器同步^[[2m > ^[[22m🔴 尺真的量得到東西：標本的 JASS 演出鏈**跨得過 `EnableTrigger`** ^[[33m1326^[[2mms^[[22m^[[39m
unit	Workspace tests (vitest, coverage beacons on)	2026-09-08T17:48:47.3412082Z  ^[[32m✓^[[39m src/ops/laneVParticlesRegenIsIdempotent.test.ts ^[[2m(^[[22m^[[2m1 test^[[22m^[[2m)^[[22m^[[33m 358^[[2mms^[[22m^[[39m
unit	Workspace tests (vitest, coverage beacons on)	2026-09-08T17:48:47.3415018Z    ^[[33m^[[2m✓^[[22m^[[39m GH#667 · extract_particles.py 重生成一次 ⇒ 出貨逐位元組不變^[[2m > ^[[22m★ 282 份 vfx 文件 ＋ config/ambient-vfx.json 一個位元組都沒動 ^[[33m346^[[2mms^[[22m^[[39m
unit	Workspace tests (vitest, coverage beacons on)	2026-09-08T17:48:47.5960035Z ^[[2m5:48:47 PM^[[22m ^[[33m^[[1m[vite]^[[22m^[[39m ^[[33mwarning: invalid import "./${kind}.ts". Variable imports cannot import their own directory, place imports in a separate directory or make the import filename more specific. For example: import(`./foo/${bar}.js`).^[[39m
unit	Workspace tests (vitest, coverage beacons on)	2026-09-08T17:48:47.5975017Z   Plugin: ^[[35mvite:dynamic-import-vars^[[39m
unit	Workspace tests (vitest, coverage beacons on)	2026-09-08T17:48:47.5976477Z   File: ^[[36m/home/runner/work/GGD/GGD/packages/shared/src/content/schema/effects/effectShardWiring.test.ts^[[39m
unit	Workspace tests (vitest, coverage beacons on)	2026-09-08T17:48:47.5979145Z ^[[2m5:48:47 PM^[[22m ^[[33m^[[1m[vite]^[[22m^[[39m ^[[33mwarning: invalid import "./${kind}.ts". Variable imports cannot import their own directory, place imports in a separate directory or make the import filename more specific. For example: import(`./foo/${bar}.js`).^[[39m
unit	Workspace tests (vitest, coverage beacons on)	2026-09-08T17:48:47.5981034Z   Plugin: ^[[35mvite:dynamic-import-vars^[[39m
unit	Workspace tests (vitest, coverage beacons on)	2026-09-08T17:48:47.5982260Z   File: ^[[36m/home/runner/work/GGD/GGD/packages/shared/src/content/schema/effects/effectShardWiring.test.ts^[[39m
unit	Workspace tests (vitest, coverage beacons on)	2026-09-08T17:48:47.7175274Z  ^[[32m✓^[[39m src/ops/nginxTokenScrub.test.ts ^[[2m(^[[22m^[[2m4 tests^[[22m^[[2m)^[[22m^[[90m 6^[[2mms^[[22m^[[39m
unit	Workspace tests (vitest, coverage beacons on)	2026-09-08T17:48:48.2227714Z ⛔ log 不存在：/tmp/vitest-verdict-f8a30N/missing.log —— ⭐ 上一步沒有 tee 進這個路徑（或根本沒跑到）；⛔ 沒有 log 不等於帳平
unit	Workspace tests (vitest, coverage beacons on)	2026-09-08T17:48:48.2262362Z  ^[[32m✓^[[39m src/ops/vitestVerdictCheck.test.ts ^[[2m(^[[22m^[[2m3 tests^[[22m^[[2m)^[[22m^[[90m 167^[[2mms^[[22m^[[39m
unit	Workspace tests (vitest, coverage beacons on)	2026-09-08T17:48:48.3310813Z  ^[[32m✓^[[39m src/content/schema/effects/effectShardWiring.test.ts ^[[2m(^[[22m^[[2m4 tests^[[22m^[[2m)^[[22m^[[90m 57^[[2mms^[[22m^[[39m
unit	Workspace tests (vitest, coverage beacons on)	2026-09-08T17:48:48.5784234Z  ^[[32m✓^[[39m src/content/authoring/primitives.test.ts ^[[2m(^[[22m^[[2m5 tests^[[22m^[[2m)^[[22m^[[90m 17^[[2mms^[[22m^[[39m
unit	Workspace tests (vitest, coverage beacons on)	2026-09-08T17:48:48.7996672Z  ^[[32m✓^[[39m src/ops/everyIndexHasAnOwner.test.ts ^[[2m(^[[22m^[[2m3 tests^[[22m^[[2m)^[[22m^[[90m 14^[[2mms^[[22m^[[39m
unit	Workspace tests (vitest, coverage beacons on)	2026-09-08T17:48:48.9620509Z  ^[[32m✓^[[39m src/ops/liveDatasetsAllBuild.test.ts ^[[2m(^[[22m^[[2m2 tests^[[22m^[[2m)^[[22m^[[33m 2157^[[2mms^[[22m^[[39m
unit	Workspace tests (vitest, coverage beacons on)	2026-09-08T17:48:48.9636126Z    ^[[33m^[[2m✓^[[22m^[[39m live 資料集全部 build 得起來（GH#867）^[[2m > ^[[22m每一支都跑得完，⛔ 沒有一支擲例外 ^[[33m2153^[[2mms^[[22m^[[39m
unit	Workspace tests (vitest, coverage beacons on)	2026-09-08T17:48:49.1517419Z  ^[[32m✓^[[39m src/ops/editorContractOnlyGrows.test.ts ^[[2m(^[[22m^[[2m3 tests^[[22m^[[2m)^[[22m^[[90m 4^[[2mms^[[22m^[[39m
unit	Workspace tests (vitest, coverage beacons on)	2026-09-08T17:48:49.1759030Z  ^[[32m✓^[[39m src/content/cache/contentCache.test.ts ^[[2m(^[[22m^[[2m3 tests^[[22m^[[2m)^[[22m^[[33m 3064^[[2mms^[[22m^[[39m
unit	Workspace tests (vitest, coverage beacons on)	2026-09-08T17:48:49.1789866Z    ^[[33m^[[2m✓^[[22m^[[39m 內容樹快取^[[2m > ^[[22m還原出來的 store / manifest / 隔離清單,與讀內容樹逐份相同 ^[[33m2859^[[2mms^[[22m^[[39m
unit	Workspace tests (vitest, coverage beacons on)	2026-09-08T17:48:49.6959273Z  ^[[32m✓^[[39m src/ops/codexContractFresh.test.ts ^[[2m(^[[22m^[[2m1 test^[[22m^[[2m)^[[22m^[[90m 13^[[2mms^[[22m^[[39m
unit	Workspace tests (vitest, coverage beacons on)	2026-09-08T17:48:50.1807026Z  ^[[32m✓^[[39m src/sim/economy/roundGrantRemainder.test.ts ^[[2m(^[[22m^[[2m3 tests^[[22m^[[2m)^[[22m^[[90m 10^[[2mms^[[22m^[[39m
unit	Workspace tests (vitest, coverage beacons on)	2026-09-08T17:48:50.2084230Z  ^[[32m✓^[[39m src/ops/killBountyDocSuperseded.test.ts ^[[2m(^[[22m^[[2m1 test^[[22m^[[2m)^[[22m^[[90m 4^[[2mms^[[22m^[[39m
unit	Workspace tests (vitest, coverage beacons on)	2026-09-08T17:48:50.6146195Z  ^[[32m✓^[[39m src/content/iconStylePromptHomes.test.ts ^[[2m(^[[22m^[[2m3 tests^[[22m^[[2m)^[[22m^[[90m 71^[[2mms^[[22m^[[39m
unit	Workspace tests (vitest, coverage beacons on)	2026-09-08T17:48:51.1400662Z  ^[[32m✓^[[39m src/content/schema/vfxTracks.test.ts ^[[2m(^[[22m^[[2m5 tests^[[22m^[[2m)^[[22m^[[90m 13^[[2mms^[[22m^[[39m
unit	Workspace tests (vitest, coverage beacons on)	2026-09-08T17:48:52.2246585Z  ^[[32m✓^[[39m src/sim/manaNeverNegative.test.ts ^[[2m(^[[22m^[[2m3 tests^[[22m^[[2m)^[[22m^[[90m 62^[[2mms^[[22m^[[39m
unit	Workspace tests (vitest, coverage beacons on)	2026-09-08T17:48:52.3516442Z  ^[[32m✓^[[39m src/ops/editorCoverageFresh.test.ts ^[[2m(^[[22m^[[2m2 tests^[[22m^[[2m)^[[22m^[[33m 2845^[[2mms^[[22m^[[39m
unit	Workspace tests (vitest, coverage beacons on)	2026-09-08T17:48:52.3576294Z    ^[[33m^[[2m✓^[[22m^[[39m 編輯器涵蓋率清單不可能過期（owner 2026-08-30「分工明確」）^[[2m > ^[[22m★ 清單與出貨註冊表逐位元組同步 ^[[33m2829^[[2mms^[[22m^[[39m
unit	Workspace tests (vitest, coverage beacons on)	2026-09-08T17:48:52.4635966Z  ^[[32m✓^[[39m src/sim/statusGatedPassives.test.ts ^[[2m(^[[22m^[[2m1 test^[[22m^[[2m)^[[22m^[[33m 720^[[2mms^[[22m^[[39m
unit	Workspace tests (vitest, coverage beacons on)	2026-09-08T17:48:52.8916322Z  ^[[32m✓^[[39m src/ops/liveWriteCoverage.test.ts ^[[2m(^[[22m^[[2m1 test^[[22m^[[2m)^[[22m^[[90m 117^[[2mms^[[22m^[[39m
unit	Workspace tests (vitest, coverage beacons on)	2026-09-08T17:48:52.9183234Z  ^[[32m✓^[[39m src/ops/laneAGenguardHeredoc.test.ts ^[[2m(^[[22m^[[2m3 tests^[[22m^[[2m)^[[22m^[[33m 319^[[2mms^[[22m^[[39m
unit	Workspace tests (vitest, coverage beacons on)	2026-09-08T17:48:53.5546323Z  ^[[32m✓^[[39m src/ops/skillNormalizePlan.test.ts ^[[2m(^[[22m^[[2m3 tests^[[22m^[[2m)^[[22m^[[90m 10^[[2mms^[[22m^[[39m
unit	Workspace tests (vitest, coverage beacons on)	2026-09-08T17:48:53.6824639Z  ^[[32m✓^[[39m src/content/periodicFieldContentWiring.test.ts ^[[2m(^[[22m^[[2m1 test^[[22m^[[2m)^[[22m^[[90m 40^[[2mms^[[22m^[[39m
unit	Workspace tests (vitest, coverage beacons on)	2026-09-08T17:48:53.8941072Z  ^[[32m✓^[[39m src/envTier.test.ts ^[[2m(^[[22m^[[2m46 tests^[[22m^[[2m)^[[22m^[[90m 28^[[2mms^[[22m^[[39m
unit	Workspace tests (vitest, coverage beacons on)	2026-09-08T17:48:54.3726526Z  ^[[31m❯^[[39m src/ops/everyTagAnnounced.test.ts ^[[2m(^[[22m^[[2m1 test^[[22m^[[2m | ^[[22m^[[31m1 failed^[[39m^[[2m)^[[22m^[[90m 35^[[2mms^[[22m^[[39m
unit	Workspace tests (vitest, coverage beacons on)	2026-09-08T17:48:54.3728548Z ^[[31m   ^[[31m×^[[31m 每一個版號都要有 Discord 公告（owner 2026-09-01）^[[2m > ^[[22m★ ⭐ `FROM` 之後的每一個 tag 都在公告帳本裡（⛔ 手打繞過 bmpndd.sh 就會紅）^[[90m 34^[[2mms^[[22m^[[31m^[[39m
unit	Workspace tests (vitest, coverage beacons on)	2026-09-08T17:48:54.3729913Z ^[[31m     → ⛔⛔ 這幾個版號**沒有玩家公告紀錄**：
unit	Workspace tests (vitest, coverage beacons on)	2026-09-08T17:48:54.3730356Z   · v0.41.5
unit	Workspace tests (vitest, coverage beacons on)	2026-09-08T17:48:54.3730532Z 
unit	Workspace tests (vitest, coverage beacons on)	2026-09-08T17:48:54.3730759Z ⭐ 修法只有一個：**跑那個唯一入口**
unit	Workspace tests (vitest, coverage beacons on)	2026-09-08T17:48:54.3731242Z     bash scripts/bmpndd.sh "<這一版的一句話>"
unit	Workspace tests (vitest, coverage beacons on)	2026-09-08T17:48:54.3732026Z ⛔ 不是手打 release.sh + gh release create + mini-deploy.sh —— 
unit	Workspace tests (vitest, coverage beacons on)	2026-09-08T17:48:54.3732624Z   那正是 2026-09-01 漏掉七版的做法（見本檔檔頭）。
unit	Workspace tests (vitest, coverage beacons on)	2026-09-08T17:48:54.3733759Z ⚠️ 補發：set -a; . docker/.env; set +a; bash scripts/release-note-players.sh --post: expected [ 'v0.41.5' ] to deeply equal []^[[39m
unit	Workspace tests (vitest, coverage beacons on)	2026-09-08T17:48:54.3776575Z  ^[[32m✓^[[39m src/ops/jassComboTable.test.ts ^[[2m(^[[22m^[[2m1 test^[[22m^[[2m)^[[22m^[[33m 352^[[2mms^[[22m^[[39m
unit	Workspace tests (vitest, coverage beacons on)	2026-09-08T17:48:54.3778098Z    ^[[33m^[[2m✓^[[22m^[[39m JASS 連段對照表^[[2m > ^[[22m⭐ 29 列的間隔仍然逐字等於 war3map.j —— 過期就紅 ^[[33m351^[[2mms^[[22m^[[39m
unit	Workspace tests (vitest, coverage beacons on)	2026-09-08T17:48:54.7343150Z  ^[[32m✓^[[39m src/content/attachmentScale.test.ts ^[[2m(^[[22m^[[2m1 test^[[22m^[[2m)^[[22m^[[90m 15^[[2mms^[[22m^[[39m
unit	Workspace tests (vitest, coverage beacons on)	2026-09-08T17:48:54.7455806Z  ^[[32m✓^[[39m src/content/legendaryOwnerTiers.test.ts ^[[2m(^[[22m^[[2m1 test^[[22m^[[2m)^[[22m^[[90m 21^[[2mms^[[22m^[[39m
unit	Workspace tests (vitest, coverage beacons on)	2026-09-08T17:48:54.7638021Z  ^[[32m✓^[[39m src/content/__fixtures__/shippedContent.test.ts ^[[2m(^[[22m^[[2m2 tests^[[22m^[[2m)^[[22m^[[33m 364^[[2mms^[[22m^[[39m
unit	Workspace tests (vitest, coverage beacons on)	2026-09-08T17:48:54.7647893Z    ^[[33m^[[2m✓^[[22m^[[39m 出貨內容夾具^[[2m > ^[[22m★ bundle 那條路與檔案樹那條路，每一個集合逐份相同（id·順序·內容） ^[[33m362^[[2mms^[[22m^[[39m
unit	Workspace tests (vitest, coverage beacons on)	2026-09-08T17:48:55.2476411Z  ^[[31m❯^[[39m src/ops/noMacOnlyTmpPaths.test.ts ^[[2m(^[[22m^[[2m2 tests^[[22m^[[2m | ^[[22m^[[31m1 failed^[[39m^[[2m)^[[22m^[[90m 120^[[2mms^[[22m^[[39m
unit	Workspace tests (vitest, coverage beacons on)	2026-09-08T17:48:55.2478845Z ^[[31m   ^[[31m×^[[31m scripts/ tools/：⛔ 不可以寫死 macOS 專屬的暫存路徑（GH#1003）^[[2m > ^[[22m★★ `/private/tmp` 與 `mktemp -t` 在可執行的行上零命中；豁免要還命中^[[90m 114^[[2mms^[[22m^[[31m^[[39m
unit	Workspace tests (vitest, coverage beacons on)	2026-09-08T17:48:55.2480228Z ^[[31m     → ⛔ 這幾行在 Linux 上會靜默失敗（/private 建不出來 · mktemp -t 回空字串）：
unit	Workspace tests (vitest, coverage beacons on)	2026-09-08T17:48:55.2481526Z → 路徑改成 `"${TMPDIR:-/tmp}/…"`（shell：TMPD="${TMPDIR:-/tmp}"; TMPD="${TMPD%/}"；node：os.tmpdir()），
unit	Workspace tests (vitest, coverage beacons on)	2026-09-08T17:48:55.2487688Z → mktemp 改成 `mktemp "${TMPDIR:-/tmp}/ggd-x.XXXXXX"`。: expected [ Array(1) ] to deeply equal []^[[39m
unit	Workspace tests (vitest, coverage beacons on)	2026-09-08T17:48:55.6335755Z  ^[[32m✓^[[39m src/sim/wallBlocksBasicAttack.test.ts ^[[2m(^[[22m^[[2m5 tests^[[22m^[[2m)^[[22m^[[90m 17^[[2mms^[[22m^[[39m
unit	Workspace tests (vitest, coverage beacons on)	2026-09-08T17:48:55.9046404Z  ^[[32m✓^[[39m src/content/legacyIsolation.test.ts ^[[2m(^[[22m^[[2m2 tests^[[22m^[[2m)^[[22m^[[90m 24^[[2mms^[[22m^[[39m
unit	Workspace tests (vitest, coverage beacons on)	2026-09-08T17:48:56.2808252Z  ^[[32m✓^[[39m src/content/finiteNumbers.test.ts ^[[2m(^[[22m^[[2m3 tests^[[22m^[[2m)^[[22m^[[90m 7^[[2mms^[[22m^[[39m
unit	Workspace tests (vitest, coverage beacons on)	2026-09-08T17:48:56.3407600Z  ^[[32m✓^[[39m src/content/import/sha256WireFormatRoundTrips.test.ts ^[[2m(^[[22m^[[2m4 tests^[[22m^[[2m)^[[22m^[[90m 9^[[2mms^[[22m^[[39m
unit	Workspace tests (vitest, coverage beacons on)	2026-09-08T17:48:56.6962946Z  ^[[32m✓^[[39m src/ops/codexHandoffFresh.test.ts ^[[2m(^[[22m^[[2m2 tests^[[22m^[[2m)^[[22m^[[90m 5^[[2mms^[[22m^[[39m
unit	Workspace tests (vitest, coverage beacons on)	2026-09-08T17:48:56.7145708Z ⛔ 出現 0 次，期望 1 —— **檔案沒有被改動**。
unit	Workspace tests (vitest, coverage beacons on)	2026-09-08T17:48:56.7146589Z    ⭐ 最接近的幾行（注意縮排與全形字）：
unit	Workspace tests (vitest, coverage beacons on)	2026-09-08T17:48:56.7147151Z    （一行都沒有）
unit	Workspace tests (vitest, coverage beacons on)	2026-09-08T17:48:56.7879711Z  ^[[32m✓^[[39m src/sim/systems/projectileSettledZone.test.ts ^[[2m(^[[22m^[[2m2 tests^[[22m^[[2m)^[[22m^[[90m 16^[[2mms^[[22m^[[39m
unit	Workspace tests (vitest, coverage beacons on)	2026-09-08T17:48:56.8135444Z ⛔ 出現 2 次，期望 1 —— **檔案沒有被改動**。
unit	Workspace tests (vitest, coverage beacons on)	2026-09-08T17:48:56.8136084Z    ⭐ 最接近的幾行（注意縮排與全形字）：
unit	Workspace tests (vitest, coverage beacons on)	2026-09-08T17:48:56.8136501Z    （一行都沒有）
unit	Workspace tests (vitest, coverage beacons on)	2026-09-08T17:48:56.8699257Z ⛔ 出現 0 次，期望 1 —— **檔案沒有被改動**。
unit	Workspace tests (vitest, coverage beacons on)	2026-09-08T17:48:56.8721533Z    ⭐ 最接近的幾行（注意縮排與全形字）：
unit	Workspace tests (vitest, coverage beacons on)	2026-09-08T17:48:56.8728232Z   1: if (x) {
unit	Workspace tests (vitest, coverage beacons on)	2026-09-08T17:48:56.8729510Z  ^[[32m✓^[[39m src/ops/editOrDie.test.ts ^[[2m(^[[22m^[[2m4 tests^[[22m^[[2m)^[[22m^[[90m 243^[[2mms^[[22m^[[39m
unit	Workspace tests (vitest, coverage beacons on)	2026-09-08T17:48:56.9942590Z  ^[[32m✓^[[39m src/ops/syncPrune.test.ts ^[[2m(^[[22m^[[2m4 tests^[[22m^[[2m)^[[22m^[[33m 4137^[[2mms^[[22m^[[39m
unit	Workspace tests (vitest, coverage beacons on)	2026-09-08T17:48:56.9962323Z    ^[[33m^[[2m✓^[[22m^[[39m skills:sync 裁剪^[[2m > ^[[22m② fail-closed：對不到輸入表就全跑 ^[[33m2319^[[2mms^[[22m^[[39m
unit	Workspace tests (vitest, coverage beacons on)	2026-09-08T17:48:56.9964195Z    ^[[33m^[[2m✓^[[22m^[[39m skills:sync 裁剪^[[2m > ^[[22m裁剪真的有裁到（改一行客戶端程式 ⛔ 不該跑 33 支） ^[[33m1815^[[2mms^[[22m^[[39m
unit	Workspace tests (vitest, coverage beacons on)	2026-09-08T17:48:57.1325756Z  ^[[32m✓^[[39m src/ops/deployDiagnosisNamesTheSide.test.ts ^[[2m(^[[22m^[[2m4 tests^[[22m^[[2m)^[[22m^[[90m 9^[[2mms^[[22m^[[39m
unit	Workspace tests (vitest, coverage beacons on)	2026-09-08T17:48:57.3146406Z  ^[[32m✓^[[39m src/ops/jassTemplateMapFresh.test.ts ^[[2m(^[[22m^[[2m3 tests^[[22m^[[2m)^[[22m^[[90m 110^[[2mms^[[22m^[[39m
unit	Workspace tests (vitest, coverage beacons on)	2026-09-08T17:48:57.5026163Z  ^[[32m✓^[[39m src/ops/ruleSlipLedger.test.ts ^[[2m(^[[22m^[[2m3 tests^[[22m^[[2m)^[[22m^[[90m 66^[[2mms^[[22m^[[39m
unit	Workspace tests (vitest, coverage beacons on)	2026-09-08T17:48:57.5086075Z  ^[[32m✓^[[39m src/sim/castChannelOrderSingleHome.test.ts ^[[2m(^[[22m^[[2m1 test^[[22m^[[2m)^[[22m^[[90m 8^[[2mms^[[22m^[[39m
unit	Workspace tests (vitest, coverage beacons on)	2026-09-08T17:48:57.7586326Z  ^[[32m✓^[[39m src/sim/targetingKnobs.test.ts ^[[2m(^[[22m^[[2m3 tests^[[22m^[[2m)^[[22m^[[90m 4^[[2mms^[[22m^[[39m
unit	Workspace tests (vitest, coverage beacons on)	2026-09-08T17:48:57.7895855Z  ^[[32m✓^[[39m src/ops/legacyIndexFresh.test.ts ^[[2m(^[[22m^[[2m2 tests^[[22m^[[2m)^[[22m^[[90m 133^[[2mms^[[22m^[[39m
unit	Workspace tests (vitest, coverage beacons on)	2026-09-08T17:48:57.9898125Z  ^[[32m✓^[[39m src/content/persistentVfxClientCoverage.test.ts ^[[2m(^[[22m^[[2m2 tests^[[22m^[[2m)^[[22m^[[90m 131^[[2mms^[[22m^[[39m
unit	Workspace tests (vitest, coverage beacons on)	2026-09-08T17:48:58.1609018Z  ^[[32m✓^[[39m src/sim/statCapSpace.test.ts ^[[2m(^[[22m^[[2m2 tests^[[22m^[[2m)^[[22m^[[90m 6^[[2mms^[[22m^[[39m
unit	Workspace tests (vitest, coverage beacons on)	2026-09-08T17:48:58.2234444Z  ^[[32m✓^[[39m src/content/renderAbilityText.test.ts ^[[2m(^[[22m^[[2m5 tests^[[22m^[[2m)^[[22m^[[90m 9^[[2mms^[[22m^[[39m
unit	Workspace tests (vitest, coverage beacons on)	2026-09-08T17:48:58.4785906Z  ^[[32m✓^[[39m src/content/import/jcs.test.ts ^[[2m(^[[22m^[[2m7 tests^[[22m^[[2m)^[[22m^[[90m 19^[[2mms^[[22m^[[39m
unit	Workspace tests (vitest, coverage beacons on)	2026-09-08T17:48:58.6014389Z  ^[[32m✓^[[39m src/content/import/zipSafety.test.ts ^[[2m(^[[22m^[[2m17 tests^[[22m^[[2m)^[[22m^[[90m 24^[[2mms^[[22m^[[39m
unit	Workspace tests (vitest, coverage beacons on)	2026-09-08T17:48:59.1346709Z  ^[[32m✓^[[39m src/content/import/targetProfile.test.ts ^[[2m(^[[22m^[[2m3 tests^[[22m^[[2m)^[[22m^[[90m 106^[[2mms^[[22m^[[39m
unit	Workspace tests (vitest, coverage beacons on)	2026-09-08T17:48:59.2065862Z  ^[[32m✓^[[39m src/ops/hookHeredocOpenerSingleHome.test.ts ^[[2m(^[[22m^[[2m3 tests^[[22m^[[2m)^[[22m^[[90m 200^[[2mms^[[22m^[[39m
unit	Workspace tests (vitest, coverage beacons on)	2026-09-08T17:48:59.5356976Z  ^[[32m✓^[[39m src/content/templates/modelFxAnchorBone.test.ts ^[[2m(^[[22m^[[2m3 tests^[[22m^[[2m)^[[22m^[[90m 25^[[2mms^[[22m^[[39m
unit	Workspace tests (vitest, coverage beacons on)	2026-09-08T17:48:59.5976972Z  ^[[32m✓^[[39m src/ops/ledgerWriteWorksOutsideGenrun.test.ts ^[[2m(^[[22m^[[2m1 test^[[22m^[[2m)^[[22m^[[90m 64^[[2mms^[[22m^[[39m
unit	Workspace tests (vitest, coverage beacons on)	2026-09-08T17:49:00.0777475Z  ^[[32m✓^[[39m src/ops/laneVDryRunWritesNothing.test.ts ^[[2m(^[[22m^[[2m2 tests^[[22m^[[2m)^[[22m^[[33m 510^[[2mms^[[22m^[[39m
unit	Workspace tests (vitest, coverage beacons on)	2026-09-08T17:49:00.0785446Z    ^[[33m^[[2m✓^[[22m^[[39m GH#769 · 轉檔鏈的 --dry-run 與紀錄對帳^[[2m > ^[[22m★ --dry-run 跑完，紀錄目錄與模型目錄逐位元組不變 ^[[33m349^[[2mms^[[22m^[[39m
unit	Workspace tests (vitest, coverage beacons on)	2026-09-08T17:49:00.6487492Z  ^[[32m✓^[[39m src/content/templates/pullThrowApex.test.ts ^[[2m(^[[22m^[[2m2 tests^[[22m^[[2m)^[[22m^[[90m 6^[[2mms^[[22m^[[39m
unit	Workspace tests (vitest, coverage beacons on)	2026-09-08T17:49:00.9025683Z  ^[[32m✓^[[39m src/content/heroForge/effectAuthoring.test.ts ^[[2m(^[[22m^[[2m2 tests^[[22m^[[2m)^[[22m^[[90m 148^[[2mms^[[22m^[[39m
unit	Workspace tests (vitest, coverage beacons on)	2026-09-08T17:49:01.2926814Z  ^[[32m✓^[[39m src/ops/balanceAnchorDocHonest.test.ts ^[[2m(^[[22m^[[2m2 tests^[[22m^[[2m)^[[22m^[[90m 6^[[2mms^[[22m^[[39m
unit	Workspace tests (vitest, coverage beacons on)	2026-09-08T17:49:01.5976409Z  ^[[32m✓^[[39m src/content/abilityDashProvenance.test.ts ^[[2m(^[[22m^[[2m4 tests^[[22m^[[2m)^[[22m^[[90m 6^[[2mms^[[22m^[[39m
unit	Workspace tests (vitest, coverage beacons on)	2026-09-08T17:49:01.8207838Z  ^[[32m✓^[[39m src/sim/content/conditionFacing.test.ts ^[[2m(^[[22m^[[2m15 tests^[[22m^[[2m)^[[22m^[[90m 27^[[2mms^[[22m^[[39m
unit	Workspace tests (vitest, coverage beacons on)	2026-09-08T17:49:01.9401113Z  ^[[32m✓^[[39m src/ops/cspReportCollector.test.ts ^[[2m(^[[22m^[[2m4 tests^[[22m^[[2m)^[[22m^[[90m 5^[[2mms^[[22m^[[39m
unit	Workspace tests (vitest, coverage beacons on)	2026-09-08T17:49:02.9886398Z  ^[[32m✓^[[39m src/sim/reviveRadiusHonest.test.ts ^[[2m(^[[22m^[[2m1 test^[[22m^[[2m)^[[22m^[[90m 26^[[2mms^[[22m^[[39m
unit	Workspace tests (vitest, coverage beacons on)	2026-09-08T17:49:03.0083655Z  ^[[32m✓^[[39m src/sim/economy/economyRules.test.ts ^[[2m(^[[22m^[[2m4 tests^[[22m^[[2m)^[[22m^[[90m 13^[[2mms^[[22m^[[39m
unit	Workspace tests (vitest, coverage beacons on)	2026-09-08T17:49:03.8057398Z  ^[[32m✓^[[39m src/content/abilityPressPayload.test.ts ^[[2m(^[[22m^[[2m2 tests^[[22m^[[2m)^[[22m^[[33m 2170^[[2mms^[[22m^[[39m
unit	Workspace tests (vitest, coverage beacons on)	2026-09-08T17:49:03.9012819Z  ^[[32m✓^[[39m src/ops/ticketPremiseRecheck.test.ts ^[[2m(^[[22m^[[2m4 tests^[[22m^[[2m)^[[22m^[[33m 558^[[2mms^[[22m^[[39m
unit	Workspace tests (vitest, coverage beacons on)	2026-09-08T17:49:04.1996181Z  ^[[32m✓^[[39m src/sim/collision/spatialHashStamp.test.ts ^[[2m(^[[22m^[[2m5 tests^[[22m^[[2m)^[[22m^[[90m 23^[[2mms^[[22m^[[39m
unit	Workspace tests (vitest, coverage beacons on)	2026-09-08T17:49:04.5646086Z  ^[[32m✓^[[39m src/sim/systems/worldHookGh354.test.ts ^[[2m(^[[22m^[[2m3 tests^[[22m^[[2m)^[[22m^[[90m 11^[[2mms^[[22m^[[39m
unit	Workspace tests (vitest, coverage beacons on)	2026-09-08T17:49:04.9910489Z  ^[[32m✓^[[39m src/content/vfxPromotedRefsResolve.test.ts ^[[2m(^[[22m^[[2m1 test^[[22m^[[2m)^[[22m^[[90m 25^[[2mms^[[22m^[[39m
unit	Workspace tests (vitest, coverage beacons on)	2026-09-08T17:49:05.2968454Z  ^[[32m✓^[[39m src/sim/formImmobile.test.ts ^[[2m(^[[22m^[[2m1 test^[[22m^[[2m)^[[22m^[[33m 722^[[2mms^[[22m^[[39m
unit	Workspace tests (vitest, coverage beacons on)	2026-09-08T17:49:05.6491587Z  ^[[32m✓^[[39m src/sim/reviveContestOff.test.ts ^[[2m(^[[22m^[[2m1 test^[[22m^[[2m)^[[22m^[[90m 25^[[2mms^[[22m^[[39m
unit	Workspace tests (vitest, coverage beacons on)	2026-09-08T17:49:06.1937416Z  ^[[32m✓^[[39m src/content/heroForge/presentation.test.ts ^[[2m(^[[22m^[[2m3 tests^[[22m^[[2m)^[[22m^[[90m 39^[[2mms^[[22m^[[39m
unit	Workspace tests (vitest, coverage beacons on)	2026-09-08T17:49:06.4840735Z  ^[[32m✓^[[39m src/content/aoeTiers.test.ts ^[[2m(^[[22m^[[2m5 tests^[[22m^[[2m)^[[22m^[[90m 19^[[2mms^[[22m^[[39m
unit	Workspace tests (vitest, coverage beacons on)	2026-09-08T17:49:06.5718730Z  ^[[32m✓^[[39m src/content/championCardSkillLine.test.ts ^[[2m(^[[22m^[[2m1 test^[[22m^[[2m)^[[22m^[[33m 1220^[[2mms^[[22m^[[39m
unit	Workspace tests (vitest, coverage beacons on)	2026-09-08T17:49:06.5721340Z    ^[[33m^[[2m✓^[[22m^[[39m champion 卡面的技能行^[[2m > ^[[22m⭐ 沒有接錯的槽位，而每一格改名都解釋得出來（⛔ 不對合法改名紅） ^[[33m1219^[[2mms^[[22m^[[39m
unit	Workspace tests (vitest, coverage beacons on)	2026-09-08T17:49:07.0275087Z  ^[[32m✓^[[39m src/ops/boardBackupBeforeOverwrite.test.ts ^[[2m(^[[22m^[[2m1 test^[[22m^[[2m)^[[22m^[[90m 219^[[2mms^[[22m^[[39m
unit	Workspace tests (vitest, coverage beacons on)	2026-09-08T17:49:07.6120539Z  ^[[32m✓^[[39m src/content/vfxCleanupConfig.test.ts ^[[2m(^[[22m^[[2m4 tests^[[22m^[[2m)^[[22m^[[90m 9^[[2mms^[[22m^[[39m
unit	Workspace tests (vitest, coverage beacons on)	2026-09-08T17:49:07.6372995Z  ^[[32m✓^[[39m src/ops/skillNormalizeValve.test.ts ^[[2m(^[[22m^[[2m1 test^[[22m^[[2m)^[[22m^[[33m 9084^[[2mms^[[22m^[[39m
unit	Workspace tests (vitest, coverage beacons on)	2026-09-08T17:49:07.6396250Z    ^[[33m^[[2m✓^[[22m^[[39m skill-normalize.enabled 是活的止血閥（GH#1053）^[[2m > ^[[22m同一棵壞樹：閥開 ⇒ 紅、閥關 ⇒ exit 0 並指名止血閥 ^[[33m9080^[[2mms^[[22m^[[39m
unit	Workspace tests (vitest, coverage beacons on)	2026-09-08T17:49:08.0756882Z  ^[[32m✓^[[39m src/content/schema/statusEffectTags.test.ts ^[[2m(^[[22m^[[2m2 tests^[[22m^[[2m)^[[22m^[[90m 6^[[2mms^[[22m^[[39m
unit	Workspace tests (vitest, coverage beacons on)	2026-09-08T17:49:08.1047919Z  ^[[32m✓^[[39m src/ops/styleSpecFresh.test.ts ^[[2m(^[[22m^[[2m1 test^[[22m^[[2m)^[[22m^[[90m 169^[[2mms^[[22m^[[39m
unit	Workspace tests (vitest, coverage beacons on)	2026-09-08T17:49:08.2944359Z  ^[[32m✓^[[39m src/sim/destroyClearsEntityStores.test.ts ^[[2m(^[[22m^[[2m1 test^[[22m^[[2m)^[[22m^[[90m 5^[[2mms^[[22m^[[39m
unit	Workspace tests (vitest, coverage beacons on)	2026-09-08T17:49:08.6533134Z  ^[[32m✓^[[39m src/ops/testTreeCleanCheck.test.ts ^[[2m(^[[22m^[[2m2 tests^[[22m^[[2m)^[[22m^[[90m 169^[[2mms^[[22m^[[39m
unit	Workspace tests (vitest, coverage beacons on)	2026-09-08T17:49:08.6621714Z  ^[[32m✓^[[39m src/ops/legacySpecQuarantine.test.ts ^[[2m(^[[22m^[[2m2 tests^[[22m^[[2m)^[[22m^[[90m 6^[[2mms^[[22m^[[39m
unit	Workspace tests (vitest, coverage beacons on)	2026-09-08T17:49:08.9876310Z  ^[[32m✓^[[39m src/sim/world/arenaRotation.test.ts ^[[2m(^[[22m^[[2m5 tests^[[22m^[[2m)^[[22m^[[90m 22^[[2mms^[[22m^[[39m
unit	Workspace tests (vitest, coverage beacons on)	2026-09-08T17:49:09.0066627Z  ^[[32m✓^[[39m src/content/sphereAttachmentDecisions.test.ts ^[[2m(^[[22m^[[2m3 tests^[[22m^[[2m)^[[22m^[[90m 5^[[2mms^[[22m^[[39m
unit	Workspace tests (vitest, coverage beacons on)	2026-09-08T17:49:09.0769322Z  ^[[32m✓^[[39m src/ops/ticketLint.test.ts ^[[2m(^[[22m^[[2m4 tests^[[22m^[[2m)^[[22m^[[33m 578^[[2mms^[[22m^[[39m
unit	Workspace tests (vitest, coverage beacons on)	2026-09-08T17:49:09.3726235Z  ^[[32m✓^[[39m src/content/summonBodyExists.test.ts ^[[2m(^[[22m^[[2m3 tests^[[22m^[[2m)^[[22m^[[90m 8^[[2mms^[[22m^[[39m
unit	Workspace tests (vitest, coverage beacons on)	2026-09-08T17:49:09.3841096Z  ^[[32m✓^[[39m src/sim/moveFeel.test.ts ^[[2m(^[[22m^[[2m4 tests^[[22m^[[2m)^[[22m^[[90m 7^[[2mms^[[22m^[[39m
unit	Workspace tests (vitest, coverage beacons on)	2026-09-08T17:49:09.4636336Z  ^[[32m✓^[[39m src/content/retiredTierNamesStayRetired.test.ts ^[[2m(^[[22m^[[2m2 tests^[[22m^[[2m)^[[22m^[[90m 38^[[2mms^[[22m^[[39m
unit	Workspace tests (vitest, coverage beacons on)	2026-09-08T17:49:09.5207356Z  ^[[32m✓^[[39m src/content/arenaSpawnSeats.test.ts ^[[2m(^[[22m^[[2m3 tests^[[22m^[[2m)^[[22m^[[33m 1379^[[2mms^[[22m^[[39m
unit	Workspace tests (vitest, coverage beacons on)	2026-09-08T17:49:09.5246584Z    ^[[33m^[[2m✓^[[22m^[[39m arena@1 的每一側出生點都坐得滿一隊 (GH#325)^[[2m > ^[[22m出貨的每一張場地都已經滿足它 —— 這條契約零內容改動 ^[[33m1368^[[2mms^[[22m^[[39m
unit	Workspace tests (vitest, coverage beacons on)	2026-09-08T17:49:10.0820961Z  ^[[32m✓^[[39m src/sim/map/interactionAnchors.test.ts ^[[2m(^[[22m^[[2m2 tests^[[22m^[[2m)^[[22m^[[90m 126^[[2mms^[[22m^[[39m
unit	Workspace tests (vitest, coverage beacons on)	2026-09-08T17:49:10.5373529Z  ^[[32m✓^[[39m src/content/schema/config/weatherRainRoll.test.ts ^[[2m(^[[22m^[[2m4 tests^[[22m^[[2m)^[[22m^[[90m 120^[[2mms^[[22m^[[39m
unit	Workspace tests (vitest, coverage beacons on)	2026-09-08T17:49:10.6442400Z  ^[[32m✓^[[39m src/sim/stats/heroInitialAd.test.ts ^[[2m(^[[22m^[[2m1 test^[[22m^[[2m)^[[22m^[[90m 16^[[2mms^[[22m^[[39m
unit	Workspace tests (vitest, coverage beacons on)	2026-09-08T17:49:10.7396373Z  ^[[32m✓^[[39m src/sim/markInstall.test.ts ^[[2m(^[[22m^[[2m2 tests^[[22m^[[2m)^[[22m^[[90m 18^[[2mms^[[22m^[[39m
unit	Workspace tests (vitest, coverage beacons on)	2026-09-08T17:49:10.8546314Z  ^[[32m✓^[[39m src/content/championPitch.test.ts ^[[2m(^[[22m^[[2m3 tests^[[22m^[[2m)^[[22m^[[90m 7^[[2mms^[[22m^[[39m
unit	Workspace tests (vitest, coverage beacons on)	2026-09-08T17:49:10.9793639Z  ^[[32m✓^[[39m src/ops/separationLadderIsRead.test.ts ^[[2m(^[[22m^[[2m5 tests^[[22m^[[2m)^[[22m^[[90m 5^[[2mms^[[22m^[[39m
unit	Workspace tests (vitest, coverage beacons on)	2026-09-08T17:49:11.6059358Z  ^[[32m✓^[[39m src/ops/skillRemakeJsonFresh.test.ts ^[[2m(^[[22m^[[2m1 test^[[22m^[[2m)^[[22m^[[33m 533^[[2mms^[[22m^[[39m
unit	Workspace tests (vitest, coverage beacons on)	2026-09-08T17:49:11.6105879Z    ^[[33m^[[2m✓^[[22m^[[39m 90 支重製技能的 JSON 沒有被繞過產生器改動（GH#319）^[[2m > ^[[22m⭐ 產生器 --check 必須是 0 —— ⛔ 手改會在這裡紅，不是在下次重生成時無聲消失 ^[[33m532^[[2mms^[[22m^[[39m
unit	Workspace tests (vitest, coverage beacons on)	2026-09-08T17:49:11.7686679Z  ^[[32m✓^[[39m src/ops/laneINFRAPlan.test.ts ^[[2m(^[[22m^[[2m4 tests^[[22m^[[2m)^[[22m^[[33m 492^[[2mms^[[22m^[[39m
unit	Workspace tests (vitest, coverage beacons on)	2026-09-08T17:49:12.1226212Z  ^[[32m✓^[[39m src/staleArtifacts.test.ts ^[[2m(^[[22m^[[2m1 test^[[22m^[[2m)^[[22m^[[90m 102^[[2mms^[[22m^[[39m
unit	Workspace tests (vitest, coverage beacons on)	2026-09-08T17:49:12.1586575Z  ^[[32m✓^[[39m src/ops/mdxFilterModeContract.test.ts ^[[2m(^[[22m^[[2m3 tests^[[22m^[[2m)^[[22m^[[90m 4^[[2mms^[[22m^[[39m
unit	Workspace tests (vitest, coverage beacons on)	2026-09-08T17:49:12.4436012Z  ^[[32m✓^[[39m src/content/audioMap.test.ts ^[[2m(^[[22m^[[2m3 tests^[[22m^[[2m)^[[22m^[[90m 13^[[2mms^[[22m^[[39m
unit	Workspace tests (vitest, coverage beacons on)	2026-09-08T17:49:12.8230327Z  ^[[32m✓^[[39m src/content/rangeTierAdoption.test.ts ^[[2m(^[[22m^[[2m1 test^[[22m^[[2m)^[[22m^[[90m 23^[[2mms^[[22m^[[39m
unit	Workspace tests (vitest, coverage beacons on)	2026-09-08T17:49:13.0041110Z  ^[[32m✓^[[39m src/content/modelUpload/heroModel.test.ts ^[[2m(^[[22m^[[2m3 tests^[[22m^[[2m)^[[22m^[[33m 399^[[2mms^[[22m^[[39m
unit	Workspace tests (vitest, coverage beacons on)	2026-09-08T17:49:14.0637209Z  ^[[32m✓^[[39m src/sim/abilities/berserkRules.applyTo.test.ts ^[[2m(^[[22m^[[2m2 tests^[[22m^[[2m)^[[22m^[[90m 4^[[2mms^[[22m^[[39m
unit	Workspace tests (vitest, coverage beacons on)	2026-09-08T17:49:14.5896057Z  ^[[32m✓^[[39m src/sim/combat/blockVfxAxis.test.ts ^[[2m(^[[22m^[[2m3 tests^[[22m^[[2m)^[[22m^[[90m 8^[[2mms^[[22m^[[39m
unit	Workspace tests (vitest, coverage beacons on)	2026-09-08T17:49:14.8236266Z  ^[[32m✓^[[39m src/ops/innateLegendaryDocFresh.test.ts ^[[2m(^[[22m^[[2m1 test^[[22m^[[2m)^[[22m^[[33m 2309^[[2mms^[[22m^[[39m
unit	Workspace tests (vitest, coverage beacons on)	2026-09-08T17:49:14.8288611Z    ^[[33m^[[2m✓^[[22m^[[39m 固有能力及寶具總覽與 content 同步^[[2m > ^[[22m⭐ 那份 md 是從現在這棵 content／註冊表生出來的 —— 過期就紅 ^[[33m2302^[[2mms^[[22m^[[39m
unit	Workspace tests (vitest, coverage beacons on)	2026-09-08T17:49:15.0709450Z  ^[[32m✓^[[39m src/ops/skillDescQuotesAreDialogue.test.ts ^[[2m(^[[22m^[[2m1 test^[[22m^[[2m)^[[22m^[[90m 129^[[2mms^[[22m^[[39m
unit	Workspace tests (vitest, coverage beacons on)	2026-09-08T17:49:15.2626072Z  ^[[32m✓^[[39m src/ops/laneYTraceChainParse.test.ts ^[[2m(^[[22m^[[2m3 tests^[[22m^[[2m)^[[22m^[[90m 18^[[2mms^[[22m^[[39m
unit	Workspace tests (vitest, coverage beacons on)	2026-09-08T17:49:16.5675179Z  ^[[32m✓^[[39m src/ops/mapArtCannotChangeCollision.test.ts ^[[2m(^[[22m^[[2m1 test^[[22m^[[2m)^[[22m^[[33m 393^[[2mms^[[22m^[[39m
unit	Workspace tests (vitest, coverage beacons on)	2026-09-08T17:49:16.5693602Z    ^[[33m^[[2m✓^[[22m^[[39m 美術層不可以改變碰撞（GH#324 Phase 6）^[[2m > ^[[22m⭐ 只加 landmark / background 道具 → obstacles 位元相同 ^[[33m392^[[2mms^[[22m^[[39m
unit	Workspace tests (vitest, coverage beacons on)	2026-09-08T17:49:16.6206223Z  ^[[32m✓^[[39m src/content/refs.test.ts ^[[2m(^[[22m^[[2m3 tests^[[22m^[[2m)^[[22m^[[90m 7^[[2mms^[[22m^[[39m
unit	Workspace tests (vitest, coverage beacons on)	2026-09-08T17:49:16.9660074Z  ^[[32m✓^[[39m src/sim/effects/muzzleOffset.test.ts ^[[2m(^[[22m^[[2m4 tests^[[22m^[[2m)^[[22m^[[90m 17^[[2mms^[[22m^[[39m
unit	Workspace tests (vitest, coverage beacons on)	2026-09-08T17:49:16.9967670Z  ^[[32m✓^[[39m src/ops/editorCoverageWalksNested.test.ts ^[[2m(^[[22m^[[2m4 tests^[[22m^[[2m)^[[22m^[[90m 16^[[2mms^[[22m^[[39m
unit	Workspace tests (vitest, coverage beacons on)	2026-09-08T17:49:17.2584564Z  ^[[32m✓^[[39m src/content/import/readPackageZip.test.ts ^[[2m(^[[22m^[[2m7 tests^[[22m^[[2m)^[[22m^[[33m 3027^[[2mms^[[22m^[[39m
unit	Workspace tests (vitest, coverage beacons on)	2026-09-08T17:49:17.2657644Z    ^[[33m^[[2m✓^[[22m^[[39m one package ZIP reader in Main and offline Editor^[[2m > ^[[22mrecovers full source text, runtime and exact binary assets without a server ^[[33m1598^[[2mms^[[22m^[[39m
unit	Workspace tests (vitest, coverage beacons on)	2026-09-08T17:49:17.2700604Z    ^[[33m^[[2m✓^[[22m^[[39m one package ZIP reader in Main and offline Editor^[[2m > ^[[22mrejects data drift even with a freshly computed archive CRC ^[[33m304^[[2mms^[[22m^[[39m
unit	Workspace tests (vitest, coverage beacons on)	2026-09-08T17:49:17.2729337Z    ^[[33m^[[2m✓^[[22m^[[39m one package ZIP reader in Main and offline Editor^[[2m > ^[[22mrejects semantic drift even with a freshly computed archive CRC ^[[33m345^[[2mms^[[22m^[[39m
unit	Workspace tests (vitest, coverage beacons on)	2026-09-08T17:49:17.2922126Z  ^[[32m✓^[[39m src/ops/skillSpecFresh.test.ts ^[[2m(^[[22m^[[2m1 test^[[22m^[[2m)^[[22m^[[33m 4024^[[2mms^[[22m^[[39m
unit	Workspace tests (vitest, coverage beacons on)	2026-09-08T17:49:17.2945764Z    ^[[33m^[[2m✓^[[22m^[[39m 技能規則說明與引擎同步^[[2m > ^[[22m⭐ 那份 md 是從現在這個 schema／註冊表／content 生出來的 —— 過期就紅 ^[[33m4020^[[2mms^[[22m^[[39m
unit	Workspace tests (vitest, coverage beacons on)	2026-09-08T17:49:17.3406165Z  ^[[32m✓^[[39m src/sim/map/gatesHold.test.ts ^[[2m(^[[22m^[[2m5 tests^[[22m^[[2m)^[[22m^[[90m 13^[[2mms^[[22m^[[39m
unit	Workspace tests (vitest, coverage beacons on)	2026-09-08T17:49:17.6807788Z  ^[[32m✓^[[39m src/sim/economy/shopResolution.test.ts ^[[2m(^[[22m^[[2m2 tests^[[22m^[[2m)^[[22m^[[90m 4^[[2mms^[[22m^[[39m
unit	Workspace tests (vitest, coverage beacons on)	2026-09-08T17:49:18.0605907Z  ^[[32m✓^[[39m src/ops/tempFileConvention.test.ts ^[[2m(^[[22m^[[2m2 tests^[[22m^[[2m)^[[22m^[[90m 21^[[2mms^[[22m^[[39m
unit	Workspace tests (vitest, coverage beacons on)	2026-09-08T17:49:18.5906173Z  ^[[32m✓^[[39m src/sim/content/registryContext.test.ts ^[[2m(^[[22m^[[2m2 tests^[[22m^[[2m)^[[22m^[[90m 10^[[2mms^[[22m^[[39m
unit	Workspace tests (vitest, coverage beacons on)	2026-09-08T17:49:18.7224727Z  ^[[32m✓^[[39m src/content/mapBgmCoversArenaPool.test.ts ^[[2m(^[[22m^[[2m3 tests^[[22m^[[2m)^[[22m^[[90m 6^[[2mms^[[22m^[[39m
unit	Workspace tests (vitest, coverage beacons on)	2026-09-08T17:49:19.1471512Z  ^[[32m✓^[[39m src/ops/enableAuditCallable.test.ts ^[[2m(^[[22m^[[2m3 tests^[[22m^[[2m)^[[22m^[[90m 9^[[2mms^[[22m^[[39m
unit	Workspace tests (vitest, coverage beacons on)	2026-09-08T17:49:19.1706521Z  ^[[32m✓^[[39m src/sim/systems/friendlyFirePayout.test.ts ^[[2m(^[[22m^[[2m2 tests^[[22m^[[2m)^[[22m^[[90m 31^[[2mms^[[22m^[[39m
unit	Workspace tests (vitest, coverage beacons on)	2026-09-08T17:49:19.5786074Z  ^[[32m✓^[[39m src/content/deprecatedFieldsContract.test.ts ^[[2m(^[[22m^[[2m2 tests^[[22m^[[2m)^[[22m^[[90m 10^[[2mms^[[22m^[[39m
unit	Workspace tests (vitest, coverage beacons on)	2026-09-08T17:49:20.3546299Z  ^[[32m✓^[[39m src/ops/memoryTempScript.test.ts ^[[2m(^[[22m^[[2m1 test^[[22m^[[2m)^[[22m^[[33m 867^[[2mms^[[22m^[[39m
unit	Workspace tests (vitest, coverage beacons on)	2026-09-08T17:49:20.3548352Z    ^[[33m^[[2m✓^[[22m^[[39m 保命快照 scripts/memory-temp.sh^[[2m > ^[[22m寫出一份含真實 git 狀態、且三節手填欄位都在的 memory_temp ^[[33m865^[[2mms^[[22m^[[39m
unit	Workspace tests (vitest, coverage beacons on)	2026-09-08T17:49:20.3687048Z  ^[[32m✓^[[39m src/sim/spawnLevelPoints.test.ts ^[[2m(^[[22m^[[2m2 tests^[[22m^[[2m)^[[22m^[[90m 8^[[2mms^[[22m^[[39m
unit	Workspace tests (vitest, coverage beacons on)	2026-09-08T17:49:20.5409313Z  ^[[32m✓^[[39m src/ops/skillTiersDocFresh.test.ts ^[[2m(^[[22m^[[2m1 test^[[22m^[[2m)^[[22m^[[33m 2830^[[2mms^[[22m^[[39m
unit	Workspace tests (vitest, coverage beacons on)	2026-09-08T17:49:20.5411303Z    ^[[33m^[[2m✓^[[22m^[[39m 技能級距規範與出貨設定同步^[[2m > ^[[22m⭐ 那份 md 是從現在這張級距表與註冊表生出來的 —— 過期就紅 ^[[33m2829^[[2mms^[[22m^[[39m
unit	Workspace tests (vitest, coverage beacons on)	2026-09-08T17:49:20.5468179Z  ^[[32m✓^[[39m src/sim/abilities/cooldownDrain.test.ts ^[[2m(^[[22m^[[2m6 tests^[[22m^[[2m)^[[22m^[[90m 19^[[2mms^[[22m^[[39m
unit	Workspace tests (vitest, coverage beacons on)	2026-09-08T17:49:20.7313363Z  ^[[32m✓^[[39m testkit/starterRoster.test.ts ^[[2m(^[[22m^[[2m3 tests^[[22m^[[2m)^[[22m^[[90m 9^[[2mms^[[22m^[[39m
unit	Workspace tests (vitest, coverage beacons on)	2026-09-08T17:49:20.9346651Z  ^[[32m✓^[[39m src/ops/deployTargetIsCurrent.test.ts ^[[2m(^[[22m^[[2m3 tests^[[22m^[[2m)^[[22m^[[90m 5^[[2mms^[[22m^[[39m
unit	Workspace tests (vitest, coverage beacons on)	2026-09-08T17:49:21.4236943Z  ^[[32m✓^[[39m src/ops/readmeListsIgnoreRuntimeState.test.ts ^[[2m(^[[22m^[[2m1 test^[[22m^[[2m)^[[22m^[[33m 699^[[2mms^[[22m^[[39m
unit	Workspace tests (vitest, coverage beacons on)	2026-09-08T17:49:21.4273063Z    ^[[33m^[[2m✓^[[22m^[[39m README／docs/reference 的產生器不取決於這台機器的營運狀態（GH#995）^[[2m > ^[[22m⭐ 白名單在／不在，`--check` 都是 up to date（⛔ 不再有 skip） ^[[33m698^[[2mms^[[22m^[[39m
unit	Workspace tests (vitest, coverage beacons on)	2026-09-08T17:49:21.9621972Z  ^[[32m✓^[[39m src/sim/effects/statusStackEdges.test.ts ^[[2m(^[[22m^[[2m3 tests^[[22m^[[2m)^[[22m^[[90m 10^[[2mms^[[22m^[[39m
unit	Workspace tests (vitest, coverage beacons on)	2026-09-08T17:49:22.2646117Z  ^[[32m✓^[[39m src/content/hash.test.ts ^[[2m(^[[22m^[[2m3 tests^[[22m^[[2m)^[[22m^[[90m 9^[[2mms^[[22m^[[39m
unit	Workspace tests (vitest, coverage beacons on)	2026-09-08T17:49:22.3409214Z  ^[[32m✓^[[39m src/content/compat.test.ts ^[[2m(^[[22m^[[2m1 test^[[22m^[[2m)^[[22m^[[90m 15^[[2mms^[[22m^[[39m
unit	Workspace tests (vitest, coverage beacons on)	2026-09-08T17:49:22.7416166Z  ^[[32m✓^[[39m src/content/schema/victoryPodium.test.ts ^[[2m(^[[22m^[[2m4 tests^[[22m^[[2m)^[[22m^[[90m 16^[[2mms^[[22m^[[39m
unit	Workspace tests (vitest, coverage beacons on)	2026-09-08T17:49:22.7915751Z  ^[[32m✓^[[39m src/ops/mapGroundStyleReachesArena.test.ts ^[[2m(^[[22m^[[2m3 tests^[[22m^[[2m)^[[22m^[[33m 445^[[2mms^[[22m^[[39m
unit	Workspace tests (vitest, coverage beacons on)	2026-09-08T17:49:22.9987144Z  ^[[32m✓^[[39m src/content/import/uploadedHeroModel.test.ts ^[[2m(^[[22m^[[2m1 test^[[22m^[[2m)^[[22m^[[33m 813^[[2mms^[[22m^[[39m
unit	Workspace tests (vitest, coverage beacons on)	2026-09-08T17:49:23.0026034Z    ^[[33m^[[2m✓^[[22m^[[39m compiles an uploaded body with its historical template and trusted generator provenance intact ^[[33m812^[[2mms^[[22m^[[39m
unit	Workspace tests (vitest, coverage beacons on)	2026-09-08T17:49:23.1885275Z  ^[[32m✓^[[39m src/sim/combat/apDamageCurve.test.ts ^[[2m(^[[22m^[[2m4 tests^[[22m^[[2m)^[[22m^[[90m 7^[[2mms^[[22m^[[39m
unit	Workspace tests (vitest, coverage beacons on)	2026-09-08T17:49:23.1908600Z  ^[[32m✓^[[39m src/ops/boardMdPreserved.test.ts ^[[2m(^[[22m^[[2m2 tests^[[22m^[[2m)^[[22m^[[90m 6^[[2mms^[[22m^[[39m
unit	Workspace tests (vitest, coverage beacons on)	2026-09-08T17:49:23.3782772Z  ^[[32m✓^[[39m src/ops/helmNginxInSync.test.ts ^[[2m(^[[22m^[[2m1 test^[[22m^[[2m)^[[22m^[[90m 4^[[2mms^[[22m^[[39m
unit	Workspace tests (vitest, coverage beacons on)	2026-09-08T17:49:23.4681775Z  ^[[32m✓^[[39m src/sim/combat/abilityDamageMult.test.ts ^[[2m(^[[22m^[[2m1 test^[[22m^[[2m)^[[22m^[[90m 14^[[2mms^[[22m^[[39m
unit	Workspace tests (vitest, coverage beacons on)	2026-09-08T17:49:23.5777683Z  ^[[32m✓^[[39m src/constants.test.ts ^[[2m(^[[22m^[[2m4 tests^[[22m^[[2m)^[[22m^[[90m 4^[[2mms^[[22m^[[39m
unit	Workspace tests (vitest, coverage beacons on)	2026-09-08T17:49:23.6158648Z  ^[[32m✓^[[39m src/content/schema/config/uiCues.test.ts ^[[2m(^[[22m^[[2m2 tests^[[22m^[[2m)^[[22m^[[90m 15^[[2mms^[[22m^[[39m
unit	Workspace tests (vitest, coverage beacons on)	2026-09-08T17:49:23.8519931Z  ^[[32m✓^[[39m src/ops/enableAuditRoute.test.ts ^[[2m(^[[22m^[[2m3 tests^[[22m^[[2m)^[[22m^[[90m 4^[[2mms^[[22m^[[39m
unit	Workspace tests (vitest, coverage beacons on)	2026-09-08T17:49:23.9982288Z  ^[[32m✓^[[39m src/content/laneCVfxFamiliesReferents.test.ts ^[[2m(^[[22m^[[2m1 test^[[22m^[[2m)^[[22m^[[90m 6^[[2mms^[[22m^[[39m
unit	Workspace tests (vitest, coverage beacons on)	2026-09-08T17:49:24.0563766Z  ^[[32m✓^[[39m src/content/schema/schemaImportCycle.test.ts ^[[2m(^[[22m^[[2m2 tests^[[22m^[[2m)^[[22m^[[90m 148^[[2mms^[[22m^[[39m
unit	Workspace tests (vitest, coverage beacons on)	2026-09-08T17:49:24.2385492Z  ^[[32m✓^[[39m src/map/pillarRing.test.ts ^[[2m(^[[22m^[[2m1 test^[[22m^[[2m)^[[22m^[[90m 4^[[2mms^[[22m^[[39m
unit	Workspace tests (vitest, coverage beacons on)	2026-09-08T17:49:24.3307686Z  ^[[32m✓^[[39m src/ops/skillRemakeDocsFresh.test.ts ^[[2m(^[[22m^[[2m1 test^[[22m^[[2m)^[[22m^[[33m 612^[[2mms^[[22m^[[39m
unit	Workspace tests (vitest, coverage beacons on)	2026-09-08T17:49:24.3342544Z    ^[[33m^[[2m✓^[[22m^[[39m 重製技能文件與產生器同步^[[2m > ^[[22m⭐ §13.10 與 90 支 md 都是從現在這支產生器生出來的 —— 過期就紅 ^[[33m611^[[2mms^[[22m^[[39m
unit	Workspace tests (vitest, coverage beacons on)	2026-09-08T17:49:24.7699810Z  ^[[32m✓^[[39m src/ops/shellWideCharVars.test.ts ^[[2m(^[[22m^[[2m2 tests^[[22m^[[2m)^[[22m^[[90m 14^[[2mms^[[22m^[[39m
unit	Workspace tests (vitest, coverage beacons on)	2026-09-08T17:49:24.8129789Z  ^[[32m✓^[[39m src/ops/ledgerTableEscapes.test.ts ^[[2m(^[[22m^[[2m2 tests^[[22m^[[2m)^[[22m^[[90m 186^[[2mms^[[22m^[[39m
unit	Workspace tests (vitest, coverage beacons on)	2026-09-08T17:49:25.1419950Z  ^[[32m✓^[[39m src/deployTier.test.ts ^[[2m(^[[22m^[[2m16 tests^[[22m^[[2m)^[[22m^[[90m 9^[[2mms^[[22m^[[39m
unit	Workspace tests (vitest, coverage beacons on)	2026-09-08T17:49:25.2761802Z  ^[[32m✓^[[39m src/ops/statCapsFresh.test.ts ^[[2m(^[[22m^[[2m1 test^[[22m^[[2m)^[[22m^[[33m 871^[[2mms^[[22m^[[39m
unit	Workspace tests (vitest, coverage beacons on)	2026-09-08T17:49:25.2786296Z    ^[[33m^[[2m✓^[[22m^[[39m 屬性上限與出貨內容同步^[[2m > ^[[22m⭐ 那 7 條是從現在這批英雄卡與 combat-env 推導的 —— 過期就紅 ^[[33m870^[[2mms^[[22m^[[39m
unit	Workspace tests (vitest, coverage beacons on)	2026-09-08T17:49:25.3533775Z  ^[[32m✓^[[39m src/content/schema/config/configFacadeSurface.test.ts ^[[2m(^[[22m^[[2m1 test^[[22m^[[2m)^[[22m^[[90m 3^[[2mms^[[22m^[[39m
unit	Workspace tests (vitest, coverage beacons on)	2026-09-08T17:49:25.4061606Z  ^[[32m✓^[[39m src/ops/productQuarantine.test.ts ^[[2m(^[[22m^[[2m2 tests^[[22m^[[2m)^[[22m^[[90m 281^[[2mms^[[22m^[[39m
unit	Workspace tests (vitest, coverage beacons on)	2026-09-08T17:49:25.6986079Z  ^[[32m✓^[[39m src/sim/purity.test.ts ^[[2m(^[[22m^[[2m1 test^[[22m^[[2m)^[[22m^[[90m 72^[[2mms^[[22m^[[39m
unit	Workspace tests (vitest, coverage beacons on)	2026-09-08T17:49:25.7775893Z  ^[[32m✓^[[39m src/ops/rootTestNoBail.test.ts ^[[2m(^[[22m^[[2m1 test^[[22m^[[2m)^[[22m^[[90m 4^[[2mms^[[22m^[[39m
unit	Workspace tests (vitest, coverage beacons on)	2026-09-08T17:49:25.8515977Z  ^[[32m✓^[[39m src/content/schema/mark.test.ts ^[[2m(^[[22m^[[2m3 tests^[[22m^[[2m)^[[22m^[[90m 9^[[2mms^[[22m^[[39m
unit	Workspace tests (vitest, coverage beacons on)	2026-09-08T17:49:26.6644977Z  ^[[32m✓^[[39m src/ops/askedBeforeStrict.test.ts ^[[2m(^[[22m^[[2m1 test^[[22m^[[2m)^[[22m^[[33m 509^[[2mms^[[22m^[[39m
unit	Workspace tests (vitest, coverage beacons on)	2026-09-08T17:49:26.6647317Z    ^[[33m^[[2m✓^[[22m^[[39m scripts/asked-before.sh --strict^[[2m > ^[[22m有的量得到（exit 0）、沒有的量不到（exit 1）、預設模式不變（都 0） ^[[33m508^[[2mms^[[22m^[[39m
unit	Workspace tests (vitest, coverage beacons on)	2026-09-08T17:49:26.9206218Z  ^[[32m✓^[[39m src/content/heroForge/retrieval.test.ts ^[[2m(^[[22m^[[2m1 test^[[22m^[[2m)^[[22m^[[90m 25^[[2mms^[[22m^[[39m
unit	Workspace tests (vitest, coverage beacons on)	2026-09-08T17:49:27.2315977Z  ^[[32m✓^[[39m src/content/vfxSoundKeys.test.ts ^[[2m(^[[22m^[[2m1 test^[[22m^[[2m)^[[22m^[[90m 41^[[2mms^[[22m^[[39m
unit	Workspace tests (vitest, coverage beacons on)	2026-09-08T17:49:27.3916975Z  ^[[32m✓^[[39m src/content/flowerModel.test.ts ^[[2m(^[[22m^[[2m2 tests^[[22m^[[2m)^[[22m^[[90m 12^[[2mms^[[22m^[[39m
unit	Workspace tests (vitest, coverage beacons on)	2026-09-08T17:49:27.7644188Z  ^[[32m✓^[[39m src/content/championRuntimeResolver.test.ts ^[[2m(^[[22m^[[2m1 test^[[22m^[[2m)^[[22m^[[90m 9^[[2mms^[[22m^[[39m
unit	Workspace tests (vitest, coverage beacons on)	2026-09-08T17:49:28.0266206Z  ^[[32m✓^[[39m src/sim/math/rng.test.ts ^[[2m(^[[22m^[[2m6 tests^[[22m^[[2m)^[[22m^[[33m 2348^[[2mms^[[22m^[[39m
unit	Workspace tests (vitest, coverage beacons on)	2026-09-08T17:49:28.0267962Z    ^[[33m^[[2m✓^[[22m^[[39m Rng (mulberry32)^[[2m > ^[[22mproduces floats in [0,1) ^[[33m435^[[2mms^[[22m^[[39m
unit	Workspace tests (vitest, coverage beacons on)	2026-09-08T17:49:28.0349027Z    ^[[33m^[[2m✓^[[22m^[[39m Rng (mulberry32)^[[2m > ^[[22mint(n) stays in [0,n) and is roughly uniform ^[[33m1903^[[2mms^[[22m^[[39m
unit	Workspace tests (vitest, coverage beacons on)	2026-09-08T17:49:28.0727126Z  ^[[32m✓^[[39m src/ops/sceneryGenFresh.test.ts ^[[2m(^[[22m^[[2m1 test^[[22m^[[2m)^[[22m^[[33m 1082^[[2mms^[[22m^[[39m
unit	Workspace tests (vitest, coverage beacons on)	2026-09-08T17:49:28.0742977Z    ^[[33m^[[2m✓^[[22m^[[39m 場景裝飾模型與產生器同步^[[2m > ^[[22m⭐ 出貨的 scenery .glb 是現在這張參數表生出來的 —— 過期就紅 ^[[33m1081^[[2mms^[[22m^[[39m
unit	Workspace tests (vitest, coverage beacons on)	2026-09-08T17:49:28.5000774Z  ^[[32m✓^[[39m src/content/heroForge/bodyModels.test.ts ^[[2m(^[[22m^[[2m3 tests^[[22m^[[2m)^[[22m^[[90m 7^[[2mms^[[22m^[[39m
unit	Workspace tests (vitest, coverage beacons on)	2026-09-08T17:49:28.7746448Z  ^[[32m✓^[[39m src/content/heroForge/productInstances.test.ts ^[[2m(^[[22m^[[2m1 test^[[22m^[[2m)^[[22m^[[90m 17^[[2mms^[[22m^[[39m
unit	Workspace tests (vitest, coverage beacons on)	2026-09-08T17:49:28.8075720Z  ^[[32m✓^[[39m src/content/consumeStatusContract.test.ts ^[[2m(^[[22m^[[2m4 tests^[[22m^[[2m)^[[22m^[[90m 12^[[2mms^[[22m^[[39m
unit	Workspace tests (vitest, coverage beacons on)	2026-09-08T17:49:28.8366206Z  ^[[32m✓^[[39m src/ops/grailWishesFresh.test.ts ^[[2m(^[[22m^[[2m1 test^[[22m^[[2m)^[[22m^[[90m 75^[[2mms^[[22m^[[39m
unit	Workspace tests (vitest, coverage beacons on)	2026-09-08T17:49:28.9921738Z  ^[[32m✓^[[39m src/sim/effects/reviveShipped.test.ts ^[[2m(^[[22m^[[2m1 test^[[22m^[[2m)^[[22m^[[90m 3^[[2mms^[[22m^[[39m
unit	Workspace tests (vitest, coverage beacons on)	2026-09-08T17:49:29.1486181Z  ^[[32m✓^[[39m src/sim/math/vec2.test.ts ^[[2m(^[[22m^[[2m5 tests^[[22m^[[2m)^[[22m^[[90m 6^[[2mms^[[22m^[[39m
unit	Workspace tests (vitest, coverage beacons on)	2026-09-08T17:49:29.1935870Z  ^[[32m✓^[[39m src/content/import/modelAssetSafety.test.ts ^[[2m(^[[22m^[[2m7 tests^[[22m^[[2m)^[[22m^[[90m 9^[[2mms^[[22m^[[39m
unit	Workspace tests (vitest, coverage beacons on)	2026-09-08T17:49:29.3828331Z  ^[[32m✓^[[39m src/sim/math/cosDeg.test.ts ^[[2m(^[[22m^[[2m2 tests^[[22m^[[2m)^[[22m^[[90m 23^[[2mms^[[22m^[[39m
unit	Workspace tests (vitest, coverage beacons on)	2026-09-08T17:49:29.5429471Z  ^[[32m✓^[[39m src/content/statNormalizationShipped.test.ts ^[[2m(^[[22m^[[2m1 test^[[22m^[[2m)^[[22m^[[90m 7^[[2mms^[[22m^[[39m
unit	Workspace tests (vitest, coverage beacons on)	2026-09-08T17:49:29.6010765Z  ^[[32m✓^[[39m src/content/heroForge/localAi.test.ts ^[[2m(^[[22m^[[2m1 test^[[22m^[[2m)^[[22m^[[90m 8^[[2mms^[[22m^[[39m
unit	Workspace tests (vitest, coverage beacons on)	2026-09-08T17:49:29.6404941Z  ^[[32m✓^[[39m src/content/vfxSubtypes/context.test.ts ^[[2m(^[[22m^[[2m1 test^[[22m^[[2m)^[[22m^[[90m 3^[[2mms^[[22m^[[39m
unit	Workspace tests (vitest, coverage beacons on)	2026-09-08T17:49:29.8327007Z  ^[[32m✓^[[39m src/sim/authoredOrigin.test.ts ^[[2m(^[[22m^[[2m11 tests^[[22m^[[2m)^[[22m^[[90m 5^[[2mms^[[22m^[[39m
unit	Workspace tests (vitest, coverage beacons on)	2026-09-08T17:49:29.8539893Z 
unit	Workspace tests (vitest, coverage beacons on)	2026-09-08T17:49:29.8613449Z ^[[31m⎯⎯⎯⎯⎯⎯⎯^[[1m^[[7m Failed Tests 4 ^[[27m^[[22m⎯⎯⎯⎯⎯⎯⎯^[[39m
unit	Workspace tests (vitest, coverage beacons on)	2026-09-08T17:49:29.8614307Z 
unit	Workspace tests (vitest, coverage beacons on)	2026-09-08T17:49:29.8616533Z ^[[31m^[[1m^[[7m FAIL ^[[27m^[[22m^[[39m src/ops/everyTagAnnounced.test.ts^[[2m > ^[[22m每一個版號都要有 Discord 公告（owner 2026-09-01）^[[2m > ^[[22m★ ⭐ `FROM` 之後的每一個 tag 都在公告帳本裡（⛔ 手打繞過 bmpndd.sh 就會紅）
unit	Workspace tests (vitest, coverage beacons on)	2026-09-08T17:49:29.8636335Z ^[[31m^[[1mAssertionError^[[22m: ⛔⛔ 這幾個版號**沒有玩家公告紀錄**：
unit	Workspace tests (vitest, coverage beacons on)	2026-09-08T17:49:29.8637297Z   · v0.41.5
unit	Workspace tests (vitest, coverage beacons on)	2026-09-08T17:49:29.8637627Z 
unit	Workspace tests (vitest, coverage beacons on)	2026-09-08T17:49:29.8637984Z ⭐ 修法只有一個：**跑那個唯一入口**
unit	Workspace tests (vitest, coverage beacons on)	2026-09-08T17:49:29.8638674Z     bash scripts/bmpndd.sh "<這一版的一句話>"
unit	Workspace tests (vitest, coverage beacons on)	2026-09-08T17:49:29.8639886Z ⛔ 不是手打 release.sh + gh release create + mini-deploy.sh —— 
unit	Workspace tests (vitest, coverage beacons on)	2026-09-08T17:49:29.8640712Z   那正是 2026-09-01 漏掉七版的做法（見本檔檔頭）。
unit	Workspace tests (vitest, coverage beacons on)	2026-09-08T17:49:29.8642108Z ⚠️ 補發：set -a; . docker/.env; set +a; bash scripts/release-note-players.sh --post: expected [ 'v0.41.5' ] to deeply equal []^[[39m
unit	Workspace tests (vitest, coverage beacons on)	2026-09-08T17:49:29.8642976Z 
unit	Workspace tests (vitest, coverage beacons on)	2026-09-08T17:49:29.8643290Z ^[[32m- Expected^[[39m
unit	Workspace tests (vitest, coverage beacons on)	2026-09-08T17:49:29.8643822Z ^[[31m+ Received^[[39m
unit	Workspace tests (vitest, coverage beacons on)	2026-09-08T17:49:29.8644477Z 
unit	Workspace tests (vitest, coverage beacons on)	2026-09-08T17:49:29.8644831Z ^[[32m- Array []^[[39m
unit	Workspace tests (vitest, coverage beacons on)	2026-09-08T17:49:29.8645358Z ^[[31m+ Array [^[[39m
unit	Workspace tests (vitest, coverage beacons on)	2026-09-08T17:49:29.8645875Z ^[[31m+   "v0.41.5",^[[39m
unit	Workspace tests (vitest, coverage beacons on)	2026-09-08T17:49:29.8646354Z ^[[31m+ ]^[[39m
unit	Workspace tests (vitest, coverage beacons on)	2026-09-08T17:49:29.8646635Z 
unit	Workspace tests (vitest, coverage beacons on)	2026-09-08T17:49:29.8647281Z ^[[36m ^[[2m❯^[[22m src/ops/everyTagAnnounced.test.ts:^[[2m75:7^[[22m^[[39m
unit	Workspace tests (vitest, coverage beacons on)	2026-09-08T17:49:29.8712882Z     ^[[90m 73| ^[[39m        ^[[32m"⚠️ 補發：set -a; . docker/.env; set +a; bash scripts/release-^[[39m…
unit	Workspace tests (vitest, coverage beacons on)	2026-09-08T17:49:29.8714718Z     ^[[90m 74| ^[[39m      ]^[[33m.^[[39m^[[34mjoin^[[39m(^[[32m"\n"^[[39m)^[[33m,^[[39m
unit	Workspace tests (vitest, coverage beacons on)	2026-09-08T17:49:29.8715785Z     ^[[90m 75| ^[[39m    )^[[33m.^[[39m^[[34mtoEqual^[[39m([])^[[33m;^[[39m
unit	Workspace tests (vitest, coverage beacons on)	2026-09-08T17:49:29.8716541Z     ^[[90m   | ^[[39m      ^[[31m^^[[39m
unit	Workspace tests (vitest, coverage beacons on)	2026-09-08T17:49:29.8717196Z     ^[[90m 76| ^[[39m  })^[[33m;^[[39m
unit	Workspace tests (vitest, coverage beacons on)	2026-09-08T17:49:29.8717829Z     ^[[90m 77| ^[[39m})^[[33m;^[[39m
unit	Workspace tests (vitest, coverage beacons on)	2026-09-08T17:49:29.8718235Z 
unit	Workspace tests (vitest, coverage beacons on)	2026-09-08T17:49:29.8718757Z ^[[31m^[[2m⎯⎯⎯⎯⎯⎯⎯⎯⎯⎯⎯⎯⎯⎯⎯⎯⎯⎯⎯⎯⎯⎯⎯⎯[1/4]⎯^[[22m^[[39m
unit	Workspace tests (vitest, coverage beacons on)	2026-09-08T17:49:29.8719195Z 
unit	Workspace tests (vitest, coverage beacons on)	2026-09-08T17:49:29.8720868Z ^[[31m^[[1m^[[7m FAIL ^[[27m^[[22m^[[39m src/ops/noMacOnlyTmpPaths.test.ts^[[2m > ^[[22mscripts/ tools/：⛔ 不可以寫死 macOS 專屬的暫存路徑（GH#1003）^[[2m > ^[[22m★★ `/private/tmp` 與 `mktemp -t` 在可執行的行上零命中；豁免要還命中
unit	Workspace tests (vitest, coverage beacons on)	2026-09-08T17:49:29.8722642Z ^[[31m^[[1mAssertionError^[[22m: ⛔ 這幾行在 Linux 上會靜默失敗（/private 建不出來 · mktemp -t 回空字串）：
unit	Workspace tests (vitest, coverage beacons on)	2026-09-08T17:49:29.8724134Z → 路徑改成 `"${TMPDIR:-/tmp}/…"`（shell：TMPD="${TMPDIR:-/tmp}"; TMPD="${TMPD%/}"；node：os.tmpdir()），
unit	Workspace tests (vitest, coverage beacons on)	2026-09-08T17:49:29.8725546Z → mktemp 改成 `mktemp "${TMPDIR:-/tmp}/ggd-x.XXXXXX"`。: expected [ Array(1) ] to deeply equal []^[[39m
unit	Workspace tests (vitest, coverage beacons on)	2026-09-08T17:49:29.8726558Z 
unit	Workspace tests (vitest, coverage beacons on)	2026-09-08T17:49:29.8726896Z ^[[32m- Expected^[[39m
unit	Workspace tests (vitest, coverage beacons on)	2026-09-08T17:49:29.8727431Z ^[[31m+ Received^[[39m
unit	Workspace tests (vitest, coverage beacons on)	2026-09-08T17:49:29.8727755Z 
unit	Workspace tests (vitest, coverage beacons on)	2026-09-08T17:49:29.8728055Z ^[[32m- Array []^[[39m
unit	Workspace tests (vitest, coverage beacons on)	2026-09-08T17:49:29.8728506Z ^[[31m+ Array [^[[39m
unit	Workspace tests (vitest, coverage beacons on)	2026-09-08T17:49:29.8729826Z ^[[31m+   "tools/asset-cdn/outputs/reconcile_outputs.py:7  RESEARCH=Path('/private/tmp/ggd-hero-finetune-research-delivery')",^[[39m
unit	Workspace tests (vitest, coverage beacons on)	2026-09-08T17:49:29.8730887Z ^[[31m+ ]^[[39m
unit	Workspace tests (vitest, coverage beacons on)	2026-09-08T17:49:29.8731185Z 
unit	Workspace tests (vitest, coverage beacons on)	2026-09-08T17:49:29.8731776Z ^[[36m ^[[2m❯^[[22m src/ops/noMacOnlyTmpPaths.test.ts:^[[2m60:7^[[22m^[[39m
unit	Workspace tests (vitest, coverage beacons on)	2026-09-08T17:49:29.8740101Z     ^[[90m 58| ^[[39m        ^[[32m'→ 路徑改成 `"${TMPDIR:-/tmp}/…"`（shell：TMPD="${TMPDIR:-/tmp^[[39m…
unit	Workspace tests (vitest, coverage beacons on)	2026-09-08T17:49:29.8741487Z     ^[[90m 59| ^[[39m        ^[[32m'\n→ mktemp 改成 `mktemp "${TMPDIR:-/tmp}/ggd-x.XXXXXX"`。'^[[39m^[[33m,^[[39m
unit	Workspace tests (vitest, coverage beacons on)	2026-09-08T17:49:29.8742551Z     ^[[90m 60| ^[[39m    )^[[33m.^[[39m^[[34mtoEqual^[[39m([])^[[33m;^[[39m
unit	Workspace tests (vitest, coverage beacons on)	2026-09-08T17:49:29.8743292Z     ^[[90m   | ^[[39m      ^[[31m^^[[39m
unit	Workspace tests (vitest, coverage beacons on)	2026-09-08T17:49:29.8745489Z     ^[[90m 61| ^[[39m    ^[[35mconst^[[39m stale ^[[33m=^[[39m ^[[33mObject^[[39m^[[33m.^[[39m^[[34mkeys^[[39m(^[[33mEXEMPT^[[39m)^[[33m.^[[39m^[[34mfilter^[[39m((k) ^[[33m=>^[[39m ^[[33m!^[[39mexemptHit^[[33m.^[[39m^[[34mhas^[[39m(k))^[[33m;^[[39m
unit	Workspace tests (vitest, coverage beacons on)	2026-09-08T17:49:29.8747555Z     ^[[90m 62| ^[[39m    ^[[34mexpect^[[39m(stale^[[33m,^[[39m ^[[32m"⛔ 豁免列已經不命中 —— 把它拿掉（棘輪只能變短）"^[[39m)^[[33m.^[[39m^[[34mto^[[39m…
unit	Workspace tests (vitest, coverage beacons on)	2026-09-08T17:49:29.8748236Z 
unit	Workspace tests (vitest, coverage beacons on)	2026-09-08T17:49:29.8748809Z ^[[31m^[[2m⎯⎯⎯⎯⎯⎯⎯⎯⎯⎯⎯⎯⎯⎯⎯⎯⎯⎯⎯⎯⎯⎯⎯⎯[2/4]⎯^[[22m^[[39m
unit	Workspace tests (vitest, coverage beacons on)	2026-09-08T17:49:29.8749243Z 
unit	Workspace tests (vitest, coverage beacons on)	2026-09-08T17:49:29.8750563Z ^[[31m^[[1m^[[7m FAIL ^[[27m^[[22m^[[39m src/ops/shippedEditorProfileIsCurrent.test.ts^[[2m > ^[[22m外部編輯器的遠端資料契約沒有過期^[[2m > ^[[22m⭐ 出貨的那一份逐位元組等於現在重算的 —— ⛔ 手改會在這裡紅
unit	Workspace tests (vitest, coverage beacons on)	2026-09-08T17:49:29.8752056Z ^[[31m^[[1mAssertionError^[[22m: 出貨的編輯器契約過期了（或有人手改）。⛔ 不要改這條測試，也不要手改那份 JSON：
unit	Workspace tests (vitest, coverage beacons on)	2026-09-08T17:49:29.8752908Z     pnpm content:build && git add content/
unit	Workspace tests (vitest, coverage beacons on)	2026-09-08T17:49:29.8754453Z ⚠️ 它是外部編輯器 pin base 的依據 —— 過期 = 對方照舊事實產內容，而他們發現不了。: expected 'eb42bfbee1d3/231236' to be '5665eedbfeff/231236' // Object.is equality^[[39m
unit	Workspace tests (vitest, coverage beacons on)	2026-09-08T17:49:29.8755599Z 
unit	Workspace tests (vitest, coverage beacons on)	2026-09-08T17:49:29.8756120Z Expected: ^[[32m"^[[7m5665eedbfeff^[[27m/231236"^[[39m
unit	Workspace tests (vitest, coverage beacons on)	2026-09-08T17:49:29.8756930Z Received: ^[[31m"^[[7meb42bfbee1d3^[[27m/231236"^[[39m
unit	Workspace tests (vitest, coverage beacons on)	2026-09-08T17:49:29.8757376Z 
unit	Workspace tests (vitest, coverage beacons on)	2026-09-08T17:49:29.8758113Z ^[[36m ^[[2m❯^[[22m src/ops/shippedEditorProfileIsCurrent.test.ts:^[[2m60:7^[[22m^[[39m
unit	Workspace tests (vitest, coverage beacons on)	2026-09-08T17:49:29.8763404Z     ^[[90m 58| ^[[39m        ^[[32m"    pnpm content:build && git add content/\n"^[[39m ^[[33m+^[[39m
unit	Workspace tests (vitest, coverage beacons on)	2026-09-08T17:49:29.8764867Z     ^[[90m 59| ^[[39m        ^[[32m"⚠️ 它是外部編輯器 pin base 的依據 —— 過期 = 對方照舊事實產內^[[39m…
unit	Workspace tests (vitest, coverage beacons on)	2026-09-08T17:49:29.8766756Z     ^[[90m 60| ^[[39m    )^[[33m.^[[39m^[[34mtoBe^[[39m(^[[32m`^[[39m^[[36m${^[[39m^[[34mshort^[[39m(fresh)^[[36m}^[[39m^[[32m/^[[39m^[[36m${^[[39mfresh^[[33m.^[[39mlength^[[36m}^[[39m^[[32m`^[[39m)^[[33m;^[[39m
unit	Workspace tests (vitest, coverage beacons on)	2026-09-08T17:49:29.8770462Z     ^[[90m   | ^[[39m      ^[[31m^^[[39m
unit	Workspace tests (vitest, coverage beacons on)	2026-09-08T17:49:29.8771720Z     ^[[90m 61| ^[[39m    ^[[34mexpect^[[39m(shipped)^[[33m.^[[39m^[[34mtoBe^[[39m(fresh)^[[33m;^[[39m
unit	Workspace tests (vitest, coverage beacons on)	2026-09-08T17:49:29.8772552Z     ^[[90m 62| ^[[39m
unit	Workspace tests (vitest, coverage beacons on)	2026-09-08T17:49:29.8772927Z 
unit	Workspace tests (vitest, coverage beacons on)	2026-09-08T17:49:29.8773474Z ^[[31m^[[2m⎯⎯⎯⎯⎯⎯⎯⎯⎯⎯⎯⎯⎯⎯⎯⎯⎯⎯⎯⎯⎯⎯⎯⎯[3/4]⎯^[[22m^[[39m
unit	Workspace tests (vitest, coverage beacons on)	2026-09-08T17:49:29.8773905Z 
unit	Workspace tests (vitest, coverage beacons on)	2026-09-08T17:49:29.8775622Z ^[[31m^[[1m^[[7m FAIL ^[[27m^[[22m^[[39m src/content/import/twoProfilesAgree.test.ts^[[2m > ^[[22m⭐ §1 runtime-direct：兩份 profile 的處理器宣告必須是**同一個**^[[2m > ^[[22m★★ ⭐⭐ 兩份的**指紋逐字相同** —— ⛔ 不是「都有一個指紋」
unit	Workspace tests (vitest, coverage beacons on)	2026-09-08T17:49:29.8795462Z ^[[31m^[[1mAssertionError^[[22m: ⛔⛔ runtime 與靜態 profile 的處理器指紋不同 ⇒ ⭐ 對面驗哪一份都會失敗，
unit	Workspace tests (vitest, coverage beacons on)	2026-09-08T17:49:29.8813286Z    而失敗訊息看起來像「你的包過期了」——⛔ 實際上是我們兩份 receipt 在打架。
unit	Workspace tests (vitest, coverage beacons on)	2026-09-08T17:49:29.8817390Z    ⚠️ 靜態那份過期 ⇒ 跑 `pnpm content:build` 再 `git add content/`。: expected 'f8ae3104cbe5' to be '963b5a9580e8' // Object.is equality^[[39m
unit	Workspace tests (vitest, coverage beacons on)	2026-09-08T17:49:29.8818254Z 
unit	Workspace tests (vitest, coverage beacons on)	2026-09-08T17:49:29.8818696Z Expected: ^[[32m"963b5a9580e8"^[[39m
unit	Workspace tests (vitest, coverage beacons on)	2026-09-08T17:49:29.8819399Z Received: ^[[31m"f8ae3104cbe5"^[[39m
unit	Workspace tests (vitest, coverage beacons on)	2026-09-08T17:49:29.8819877Z 
unit	Workspace tests (vitest, coverage beacons on)	2026-09-08T17:49:29.8820581Z ^[[36m ^[[2m❯^[[22m src/content/import/twoProfilesAgree.test.ts:^[[2m105:7^[[22m^[[39m
unit	Workspace tests (vitest, coverage beacons on)	2026-09-08T17:49:29.8823832Z     ^[[90m103| ^[[39m        ^[[32m"   而失敗訊息看起來像「你的包過期了」——⛔ 實際上是我們兩份 rec^[[39m…
unit	Workspace tests (vitest, coverage beacons on)	2026-09-08T17:49:29.8825538Z     ^[[90m104| ^[[39m        ^[[32m"   ⚠️ 靜態那份過期 ⇒ 跑 `pnpm content:build` 再 `git add cont^[[39m…
unit	Workspace tests (vitest, coverage beacons on)	2026-09-08T17:49:29.8826664Z     ^[[90m105| ^[[39m    )^[[33m.^[[39m^[[34mtoBe^[[39m(s^[[33m?.^[[39mfingerprint)^[[33m;^[[39m
unit	Workspace tests (vitest, coverage beacons on)	2026-09-08T17:49:29.8827408Z     ^[[90m   | ^[[39m      ^[[31m^^[[39m
unit	Workspace tests (vitest, coverage beacons on)	2026-09-08T17:49:29.8827957Z     ^[[90m106| ^[[39m  })^[[33m;^[[39m
unit	Workspace tests (vitest, coverage beacons on)	2026-09-08T17:49:29.8828431Z     ^[[90m107| ^[[39m
unit	Workspace tests (vitest, coverage beacons on)	2026-09-08T17:49:29.8828690Z 
unit	Workspace tests (vitest, coverage beacons on)	2026-09-08T17:49:29.8829095Z ^[[31m^[[2m⎯⎯⎯⎯⎯⎯⎯⎯⎯⎯⎯⎯⎯⎯⎯⎯⎯⎯⎯⎯⎯⎯⎯⎯[4/4]⎯^[[22m^[[39m
unit	Workspace tests (vitest, coverage beacons on)	2026-09-08T17:49:29.8829455Z 
unit	Workspace tests (vitest, coverage beacons on)	2026-09-08T17:49:29.8830336Z ^[[2m Test Files ^[[22m ^[[1m^[[31m4 failed^[[39m^[[22m^[[2m | ^[[22m^[[1m^[[32m900 passed^[[39m^[[22m^[[2m | ^[[22m^[[33m2 skipped^[[39m^[[90m (906)^[[39m
unit	Workspace tests (vitest, coverage beacons on)	2026-09-08T17:49:29.8852542Z ^[[2m      Tests ^[[22m ^[[1m^[[31m4 failed^[[39m^[[22m^[[2m | ^[[22m^[[1m^[[32m5523 passed^[[39m^[[22m^[[2m | ^[[22m^[[33m4 skipped^[[39m^[[90m (5531)^[[39m
unit	Workspace tests (vitest, coverage beacons on)	2026-09-08T17:49:29.8853707Z ^[[2m   Start at ^[[22m 17:41:49
unit	Workspace tests (vitest, coverage beacons on)	2026-09-08T17:49:29.8865142Z ^[[2m   Duration ^[[22m 460.17s^[[2m (transform 19.60s, setup 0ms, collect 608.68s, tests 929.03s, environment 295ms, prepare 101.09s)^[[22m
unit	Workspace tests (vitest, coverage beacons on)	2026-09-08T17:49:29.8866234Z 
unit	Workspace tests (vitest, coverage beacons on)	2026-09-08T17:49:29.8927490Z 
unit	Workspace tests (vitest, coverage beacons on)	2026-09-08T17:49:29.8989672Z ##[error]AssertionError: ⛔⛔ 這幾個版號**沒有玩家公告紀錄**：
unit	Workspace tests (vitest, coverage beacons on)	  · v0.41.5
unit	Workspace tests (vitest, coverage beacons on)	
unit	Workspace tests (vitest, coverage beacons on)	⭐ 修法只有一個：**跑那個唯一入口**
unit	Workspace tests (vitest, coverage beacons on)	    bash scripts/bmpndd.sh "<這一版的一句話>"
unit	Workspace tests (vitest, coverage beacons on)	⛔ 不是手打 release.sh + gh release create + mini-deploy.sh —— 
unit	Workspace tests (vitest, coverage beacons on)	  那正是 2026-09-01 漏掉七版的做法（見本檔檔頭）。
unit	Workspace tests (vitest, coverage beacons on)	⚠️ 補發：set -a; . docker/.env; set +a; bash scripts/release-note-players.sh --post: expected [ 'v0.41.5' ] to deeply equal []
unit	Workspace tests (vitest, coverage beacons on)	
unit	Workspace tests (vitest, coverage beacons on)	- Expected
unit	Workspace tests (vitest, coverage beacons on)	+ Received
unit	Workspace tests (vitest, coverage beacons on)	
unit	Workspace tests (vitest, coverage beacons on)	- Array []
unit	Workspace tests (vitest, coverage beacons on)	+ Array [
unit	Workspace tests (vitest, coverage beacons on)	+   "v0.41.5",
unit	Workspace tests (vitest, coverage beacons on)	+ ]
unit	Workspace tests (vitest, coverage beacons on)	
unit	Workspace tests (vitest, coverage beacons on)	 ❯ src/ops/everyTagAnnounced.test.ts:75:7
unit	Workspace tests (vitest, coverage beacons on)	
unit	Workspace tests (vitest, coverage beacons on)	
unit	Workspace tests (vitest, coverage beacons on)	2026-09-08T17:49:29.8992251Z 
unit	Workspace tests (vitest, coverage beacons on)	2026-09-08T17:49:29.8997856Z ##[error]AssertionError: ⛔ 這幾行在 Linux 上會靜默失敗（/private 建不出來 · mktemp -t 回空字串）：
unit	Workspace tests (vitest, coverage beacons on)	→ 路徑改成 `"${TMPDIR:-/tmp}/…"`（shell：TMPD="${TMPDIR:-/tmp}"; TMPD="${TMPD%/}"；node：os.tmpdir()），
unit	Workspace tests (vitest, coverage beacons on)	→ mktemp 改成 `mktemp "${TMPDIR:-/tmp}/ggd-x.XXXXXX"`。: expected [ Array(1) ] to deeply equal []
unit	Workspace tests (vitest, coverage beacons on)	
unit	Workspace tests (vitest, coverage beacons on)	- Expected
unit	Workspace tests (vitest, coverage beacons on)	+ Received
unit	Workspace tests (vitest, coverage beacons on)	
unit	Workspace tests (vitest, coverage beacons on)	- Array []
unit	Workspace tests (vitest, coverage beacons on)	+ Array [
unit	Workspace tests (vitest, coverage beacons on)	+   "tools/asset-cdn/outputs/reconcile_outputs.py:7  RESEARCH=Path('/private/tmp/ggd-hero-finetune-research-delivery')",
unit	Workspace tests (vitest, coverage beacons on)	+ ]
unit	Workspace tests (vitest, coverage beacons on)	
unit	Workspace tests (vitest, coverage beacons on)	 ❯ src/ops/noMacOnlyTmpPaths.test.ts:60:7
unit	Workspace tests (vitest, coverage beacons on)	
unit	Workspace tests (vitest, coverage beacons on)	
unit	Workspace tests (vitest, coverage beacons on)	2026-09-08T17:49:29.9000490Z 
unit	Workspace tests (vitest, coverage beacons on)	2026-09-08T17:49:29.9004924Z ##[error]AssertionError: 出貨的編輯器契約過期了（或有人手改）。⛔ 不要改這條測試，也不要手改那份 JSON：
unit	Workspace tests (vitest, coverage beacons on)	    pnpm content:build && git add content/
unit	Workspace tests (vitest, coverage beacons on)	⚠️ 它是外部編輯器 pin base 的依據 —— 過期 = 對方照舊事實產內容，而他們發現不了。: expected 'eb42bfbee1d3/231236' to be '5665eedbfeff/231236' // Object.is equality
unit	Workspace tests (vitest, coverage beacons on)	
unit	Workspace tests (vitest, coverage beacons on)	Expected: "5665eedbfeff/231236"
unit	Workspace tests (vitest, coverage beacons on)	Received: "eb42bfbee1d3/231236"
unit	Workspace tests (vitest, coverage beacons on)	
unit	Workspace tests (vitest, coverage beacons on)	 ❯ src/ops/shippedEditorProfileIsCurrent.test.ts:60:7
unit	Workspace tests (vitest, coverage beacons on)	
unit	Workspace tests (vitest, coverage beacons on)	
unit	Workspace tests (vitest, coverage beacons on)	2026-09-08T17:49:29.9007035Z 
unit	Workspace tests (vitest, coverage beacons on)	2026-09-08T17:49:29.9010511Z ##[error]AssertionError: ⛔⛔ runtime 與靜態 profile 的處理器指紋不同 ⇒ ⭐ 對面驗哪一份都會失敗，
unit	Workspace tests (vitest, coverage beacons on)	   而失敗訊息看起來像「你的包過期了」——⛔ 實際上是我們兩份 receipt 在打架。
unit	Workspace tests (vitest, coverage beacons on)	   ⚠️ 靜態那份過期 ⇒ 跑 `pnpm content:build` 再 `git add content/`。: expected 'f8ae3104cbe5' to be '963b5a9580e8' // Object.is equality
unit	Workspace tests (vitest, coverage beacons on)	
unit	Workspace tests (vitest, coverage beacons on)	Expected: "963b5a9580e8"
unit	Workspace tests (vitest, coverage beacons on)	Received: "f8ae3104cbe5"
unit	Workspace tests (vitest, coverage beacons on)	
unit	Workspace tests (vitest, coverage beacons on)	 ❯ src/content/import/twoProfilesAgree.test.ts:105:7
unit	Workspace tests (vitest, coverage beacons on)	
unit	Workspace tests (vitest, coverage beacons on)	
unit	Workspace tests (vitest, coverage beacons on)	2026-09-08T17:49:29.9727628Z /home/runner/work/GGD/GGD/packages/shared:
unit	Workspace tests (vitest, coverage beacons on)	2026-09-08T17:49:29.9729213Z  ERR_PNPM_RECURSIVE_RUN_FIRST_FAIL  @ggd/shared@0.0.0 test: `vitest run --poolOptions.forks.maxForks 4 --poolOptions.forks.minForks 1`
unit	Workspace tests (vitest, coverage beacons on)	2026-09-08T17:49:29.9730075Z Exit status 1
unit	Workspace tests (vitest, coverage beacons on)	2026-09-08T17:49:29.9732222Z ##[group]@ggd/capability-export@0.0.0 : test tools/capability-export
unit	Workspace tests (vitest, coverage beacons on)	2026-09-08T17:49:29.9826943Z 
unit	Workspace tests (vitest, coverage beacons on)	2026-09-08T17:49:29.9827973Z > @ggd/capability-export@0.0.0 test /home/runner/work/GGD/GGD/tools/capability-export
unit	Workspace tests (vitest, coverage beacons on)	2026-09-08T17:49:29.9829200Z > vitest run --poolOptions.forks.maxForks 4 --poolOptions.forks.minForks 1
unit	Workspace tests (vitest, coverage beacons on)	2026-09-08T17:49:29.9829709Z 
unit	Workspace tests (vitest, coverage beacons on)	2026-09-08T17:49:30.2342244Z ^[[33mThe CJS build of Vite's Node API is deprecated. See https://vite.dev/guide/troubleshooting.html#vite-cjs-node-api-deprecated for more details.^[[39m
unit	Workspace tests (vitest, coverage beacons on)	2026-09-08T17:49:30.2668636Z 
unit	Workspace tests (vitest, coverage beacons on)	2026-09-08T17:49:30.2670044Z ^[[1m^[[7m^[[36m RUN ^[[39m^[[27m^[[22m ^[[36mv2.1.9 ^[[39m^[[90m/home/runner/work/GGD/GGD/tools/capability-export^[[39m
unit	Workspace tests (vitest, coverage beacons on)	2026-09-08T17:49:30.2670897Z 
unit	Workspace tests (vitest, coverage beacons on)	2026-09-08T17:49:38.3219502Z  ^[[32m✓^[[39m export.test.ts ^[[2m(^[[22m^[[2m7 tests^[[22m^[[2m)^[[22m^[[33m 7817^[[2mms^[[22m^[[39m
unit	Workspace tests (vitest, coverage beacons on)	2026-09-08T17:49:38.3220789Z    ^[[33m^[[2m✓^[[22m^[[39m 能力清單匯出 (capability-export)^[[2m > ^[[22m交付物不存在時 --check 就回非零 —— 缺席也是一種過期 ^[[33m858^[[2mms^[[22m^[[39m
unit	Workspace tests (vitest, coverage beacons on)	2026-09-08T17:49:38.3221745Z    ^[[33m^[[2m✓^[[22m^[[39m 能力清單匯出 (capability-export)^[[2m > ^[[22m匯出之後 --check 是綠的 —— 沒有這條,下一條可能只是它永遠都紅 ^[[33m1706^[[2mms^[[22m^[[39m
unit	Workspace tests (vitest, coverage beacons on)	2026-09-08T17:49:38.3222642Z    ^[[33m^[[2m✓^[[22m^[[39m 能力清單匯出 (capability-export)^[[2m > ^[[22m★ 交付物過期時 --check 回非零,而且訊息指名那個檔 ^[[33m1689^[[2mms^[[22m^[[39m
unit	Workspace tests (vitest, coverage beacons on)	2026-09-08T17:49:38.3223539Z    ^[[33m^[[2m✓^[[22m^[[39m 能力清單匯出 (capability-export)^[[2m > ^[[22m★ 出貨的那一份（repo 預設路徑）必須是最新的 —— 這就是 CI 閘 ^[[33m848^[[2mms^[[22m^[[39m
unit	Workspace tests (vitest, coverage beacons on)	2026-09-08T17:49:38.3224782Z    ^[[33m^[[2m✓^[[22m^[[39m 能力清單匯出 (capability-export)^[[2m > ^[[22m⭐ #467 交件形狀那一節不可以被刪掉 —— --check 對「整節消失」是綠的 ^[[33m2696^[[2mms^[[22m^[[39m
unit	Workspace tests (vitest, coverage beacons on)	2026-09-08T17:49:38.3368068Z 
unit	Workspace tests (vitest, coverage beacons on)	2026-09-08T17:49:38.3376595Z ^[[2m Test Files ^[[22m ^[[1m^[[32m1 passed^[[39m^[[22m^[[90m (1)^[[39m
unit	Workspace tests (vitest, coverage beacons on)	2026-09-08T17:49:38.3392955Z ^[[2m      Tests ^[[22m ^[[1m^[[32m7 passed^[[39m^[[22m^[[90m (7)^[[39m
unit	Workspace tests (vitest, coverage beacons on)	2026-09-08T17:49:38.3395265Z ^[[2m   Start at ^[[22m 17:49:30
unit	Workspace tests (vitest, coverage beacons on)	2026-09-08T17:49:38.3396513Z ^[[2m   Duration ^[[22m 8.07s^[[2m (transform 1.98s, setup 0ms, collect 42ms, tests 7.82s, environment 0ms, prepare 55ms)^[[22m
unit	Workspace tests (vitest, coverage beacons on)	2026-09-08T17:49:38.3397157Z 
unit	Workspace tests (vitest, coverage beacons on)	2026-09-08T17:49:38.3673472Z ##[error]Process completed with exit code 1.
